mtllib material.mtl
usemtl mtl_LINK1
v -0.03799999 0.04275000 0.06999999
v -0.03799999 0.01475001 0.06999999
v -0.03748173 0.01475001 0.07625460
v -0.03748173 0.04275000 0.07625460
v -0.03594107 0.01475001 0.08233856
v -0.03594107 0.04275000 0.08233856
v -0.03342003 0.01475001 0.08808600
v -0.03342003 0.04275000 0.08808600
v -0.02998734 0.01475001 0.09334009
v -0.02998734 0.04275000 0.09334009
v -0.02573669 0.01475001 0.09795751
v -0.02573669 0.04275000 0.09795751
v -0.02078402 0.01475001 0.10181233
v -0.02078402 0.04275000 0.10181233
v -0.01526445 0.01475001 0.10479938
v -0.01526445 0.04275000 0.10479938
v -0.00932843 0.01475001 0.10683721
v -0.00932843 0.04275000 0.10683721
v -0.00313801 0.01475001 0.10787021
v -0.00313801 0.04275000 0.10787021
v 0.00313800 0.01475001 0.10787021
v 0.00313800 0.04275000 0.10787021
v 0.00932842 0.01475001 0.10683721
v 0.00932842 0.04275000 0.10683721
v 0.01526445 0.01475001 0.10479938
v 0.01526445 0.04275000 0.10479938
v 0.02078402 0.01475001 0.10181233
v 0.02078402 0.04275000 0.10181233
v 0.02573669 0.01475001 0.09795751
v 0.02573669 0.04275000 0.09795751
v 0.02998733 0.01475001 0.09334009
v 0.02998733 0.04275000 0.09334009
v 0.03341999 0.01475001 0.08808600
v 0.03341999 0.04275000 0.08808600
v 0.03594106 0.01475001 0.08233856
v 0.03594106 0.04275000 0.08233856
v 0.03748172 0.01475001 0.07625460
v 0.03748172 0.04275000 0.07625460
v 0.03799998 0.01475001 0.06999999
v 0.03799998 0.04275000 0.06999999
v 0.03700000 0.01375000 0.06999999
v 0.03649535 0.01375000 0.07609000
v 0.03499522 0.01375000 0.08201387
v 0.03254053 0.01375000 0.08761006
v 0.02919823 0.01375000 0.09272587
v 0.02505940 0.01375000 0.09722178
v 0.02023708 0.01375000 0.10097515
v 0.01486271 0.01375000 0.10388362
v 0.00908297 0.01375000 0.10586780
v 0.00305545 0.01375000 0.10687362
v -0.00305546 0.01375000 0.10687362
v -0.00908298 0.01375000 0.10586780
v -0.01486272 0.01375000 0.10388362
v -0.02023709 0.01375000 0.10097515
v -0.02505941 0.01375000 0.09722178
v -0.02919817 0.01375000 0.09272587
v -0.03254050 0.01375000 0.08761006
v -0.03499526 0.01375000 0.08201387
v -0.03621614 0.01375000 0.07757565
v -0.03649539 0.01375000 0.07609000
v -0.03700000 0.01375000 0.06999999
v 0.02505940 0.04375000 0.09722178
v -0.03700000 0.04375000 0.06999999
v -0.03649539 0.04375000 0.07609000
v -0.03499526 0.04375000 0.08201387
v -0.03254050 0.04375000 0.08761006
v -0.03016323 0.04375000 0.09142848
v -0.02919817 0.04375000 0.09272587
v -0.02505941 0.04375000 0.09722178
v -0.02144236 0.04375000 0.10015338
v -0.02023709 0.04375000 0.10097515
v -0.01486272 0.04375000 0.10388362
v -0.00908298 0.04375000 0.10586780
v -0.00305546 0.04375000 0.10687362
v 0.00305545 0.04375000 0.10687362
v 0.00908297 0.04375000 0.10586780
v 0.01486271 0.04375000 0.10388362
v 0.02023708 0.04375000 0.10097515
v 0.02144235 0.04375000 0.10015338
v 0.03254053 0.04375000 0.08761006
v 0.03016322 0.04375000 0.09142848
v 0.02919823 0.04375000 0.09272587
v 0.03499522 0.04375000 0.08201387
v 0.03649535 0.04375000 0.07609000
v 0.03800001 0.04275000 0.06999999
v 0.03700000 0.04375000 0.06999999
v 0.03525000 0.01375000 0.06999999
v 0.03525000 0.01675000 0.06999999
v 0.03508255 0.01375000 0.06937500
v 0.03508255 0.01675000 0.06937500
v 0.03462499 0.01375000 0.06891748
v 0.03462499 0.01675000 0.06891748
v 0.03400001 0.01375000 0.06874999
v 0.03400001 0.01675000 0.06874999
v 0.03337499 0.01375000 0.06891748
v 0.03337499 0.01675000 0.06891748
v 0.03291747 0.01375000 0.06937500
v 0.03291747 0.01675000 0.06937500
v 0.03275001 0.01375000 0.06999999
v 0.03275001 0.01675000 0.06999999
v -0.01574999 0.01375000 0.04055514
v -0.01574999 0.01675000 0.04055514
v -0.01591748 0.01375000 0.03993013
v -0.01591748 0.01675000 0.03993013
v -0.01637501 0.01375000 0.03947260
v -0.01637501 0.01675000 0.03947260
v -0.01700002 0.01375000 0.03930514
v -0.01700002 0.01675000 0.03930514
v -0.01762498 0.01375000 0.03947260
v -0.01762498 0.01675000 0.03947260
v -0.01808250 0.01375000 0.03993013
v -0.01808250 0.01675000 0.03993013
v -0.01824999 0.01375000 0.04055514
v -0.01824999 0.01675000 0.04055514
v -0.01574999 0.01375000 0.09944486
v -0.01574999 0.01675000 0.09944486
v -0.01591748 0.01375000 0.09881987
v -0.01591748 0.01675000 0.09881987
v -0.01637501 0.01375000 0.09836232
v -0.01637501 0.01675000 0.09836232
v -0.01700002 0.01375000 0.09819486
v -0.01700002 0.01675000 0.09819486
v -0.01762498 0.01375000 0.09836232
v -0.01762498 0.01675000 0.09836232
v -0.01808250 0.01375000 0.09881987
v -0.01808250 0.01675000 0.09881987
v -0.01824999 0.01375000 0.09944486
v -0.01824999 0.01675000 0.09944486
v -0.03275001 0.01375000 0.06999999
v -0.03275001 0.01675000 0.06999999
v -0.03291744 0.01375000 0.06937500
v -0.03291744 0.01675000 0.06937500
v -0.03337503 0.01375000 0.06891748
v -0.03337503 0.01675000 0.06891748
v -0.03399998 0.01375000 0.06874999
v -0.03399998 0.01675000 0.06874999
v -0.03462500 0.01375000 0.06891748
v -0.03462500 0.01675000 0.06891748
v -0.03508252 0.01375000 0.06937500
v -0.03508252 0.01675000 0.06937500
v -0.03525001 0.01375000 0.06999999
v -0.03525001 0.01675000 0.06999999
v 0.01824998 0.01375000 0.04055514
v 0.01824998 0.01675000 0.04055514
v 0.01808256 0.01375000 0.03993013
v 0.01808256 0.01675000 0.03993013
v 0.01762497 0.01375000 0.03947260
v 0.01762497 0.01675000 0.03947260
v 0.01700002 0.01375000 0.03930514
v 0.01700002 0.01675000 0.03930514
v 0.01637500 0.01375000 0.03947260
v 0.01637500 0.01675000 0.03947260
v 0.01591748 0.01375000 0.03993013
v 0.01591748 0.01675000 0.03993013
v 0.01574999 0.01375000 0.04055514
v 0.01574999 0.01675000 0.04055514
v 0.01824998 0.01375000 0.09944486
v 0.01824998 0.01675000 0.09944486
v 0.01808256 0.01375000 0.09881987
v 0.01808256 0.01675000 0.09881987
v 0.01762497 0.01375000 0.09836232
v 0.01762497 0.01675000 0.09836232
v 0.01700002 0.01375000 0.09819486
v 0.01700002 0.01675000 0.09819486
v 0.01637500 0.01375000 0.09836232
v 0.01637500 0.01675000 0.09836232
v 0.01591748 0.01375000 0.09881987
v 0.01591748 0.01675000 0.09881987
v 0.01574999 0.01375000 0.09944486
v 0.01574999 0.01675000 0.09944486
v 0.01176125 0.04375000 0.03858810
v 0.01176125 0.03825000 0.03858810
v 0.01192873 0.04375000 0.03796308
v 0.01192873 0.03825000 0.03796308
v 0.01238626 0.04375000 0.03750556
v 0.01238626 0.03825000 0.03750556
v 0.01301121 0.04375000 0.03733810
v 0.01301121 0.03825000 0.03733810
v 0.01363623 0.04375000 0.03750556
v 0.01363623 0.03825000 0.03750556
v 0.01409375 0.04375000 0.03796308
v 0.01409375 0.03825000 0.03796308
v 0.01426124 0.04375000 0.03858810
v 0.01426124 0.03825000 0.03858810
v -0.03141189 0.04375000 0.05573877
v -0.03141189 0.03825000 0.05573877
v -0.03078688 0.04375000 0.05590623
v -0.03078688 0.03825000 0.05590623
v -0.03032935 0.04375000 0.05636375
v -0.03032935 0.03825000 0.05636375
v -0.03016192 0.04375000 0.05698877
v -0.03016192 0.03825000 0.05698877
v -0.03032935 0.04375000 0.05761375
v -0.03032935 0.03825000 0.05761375
v -0.03078688 0.04375000 0.05807131
v -0.03078688 0.03825000 0.05807131
v -0.03141189 0.04375000 0.05823877
v -0.03141189 0.03825000 0.05823877
v 0.03141191 0.04375000 0.08176123
v 0.03141191 0.03825000 0.08176123
v 0.03203690 0.04375000 0.08192869
v 0.03203690 0.03825000 0.08192869
v 0.03249442 0.04375000 0.08238625
v 0.03249442 0.03825000 0.08238625
v 0.03266191 0.04375000 0.08301123
v 0.03266191 0.03825000 0.08301123
v 0.03249442 0.04375000 0.08363625
v 0.03249442 0.03825000 0.08363625
v 0.03203690 0.04375000 0.08409377
v 0.03203690 0.03825000 0.08409377
v 0.03141191 0.04375000 0.08426123
v 0.03141191 0.03825000 0.08426123
v -0.01426125 0.04375000 0.10141190
v -0.01426125 0.03825000 0.10141190
v -0.01409376 0.04375000 0.10078692
v -0.01409376 0.03825000 0.10078692
v -0.01363623 0.04375000 0.10032936
v -0.01363623 0.03825000 0.10032936
v -0.01301122 0.04375000 0.10016190
v -0.01301122 0.03825000 0.10016190
v -0.01238627 0.04375000 0.10032936
v -0.01238627 0.03825000 0.10032936
v -0.01192868 0.04375000 0.10078692
v -0.01192868 0.03825000 0.10078692
v -0.01176125 0.04375000 0.10141190
v -0.01176125 0.03825000 0.10141190
v -0.03141189 0.04375000 0.08176123
v -0.03141189 0.03825000 0.08176123
v -0.03078688 0.04375000 0.08192869
v -0.03078688 0.03825000 0.08192869
v -0.03032935 0.04375000 0.08238625
v -0.03032935 0.03825000 0.08238625
v -0.03016192 0.04375000 0.08301123
v -0.03016192 0.03825000 0.08301123
v -0.03032935 0.04375000 0.08363625
v -0.03032935 0.03825000 0.08363625
v -0.03078688 0.04375000 0.08409377
v -0.03078688 0.03825000 0.08409377
v -0.03141189 0.04375000 0.08426123
v -0.03141189 0.03825000 0.08426123
v 0.01176125 0.04375000 0.10141190
v 0.01176125 0.03825000 0.10141190
v 0.01192873 0.04375000 0.10078692
v 0.01192873 0.03825000 0.10078692
v 0.01238626 0.04375000 0.10032936
v 0.01238626 0.03825000 0.10032936
v 0.01301121 0.04375000 0.10016190
v 0.01301121 0.03825000 0.10016190
v 0.01363623 0.04375000 0.10032936
v 0.01363623 0.03825000 0.10032936
v 0.01409375 0.04375000 0.10078692
v 0.01409375 0.03825000 0.10078692
v 0.01426124 0.04375000 0.10141190
v 0.01426124 0.03825000 0.10141190
v -0.01426125 0.04375000 0.03858810
v -0.01426125 0.03825000 0.03858810
v -0.01409376 0.04375000 0.03796308
v -0.01409376 0.03825000 0.03796308
v -0.01363623 0.04375000 0.03750556
v -0.01363623 0.03825000 0.03750556
v -0.01301122 0.04375000 0.03733810
v -0.01301122 0.03825000 0.03733810
v -0.01238627 0.04375000 0.03750556
v -0.01238627 0.03825000 0.03750556
v -0.01192868 0.04375000 0.03796308
v -0.01192868 0.03825000 0.03796308
v -0.01176125 0.04375000 0.03858810
v -0.01176125 0.03825000 0.03858810
v 0.03141191 0.04375000 0.05573877
v 0.03141191 0.03825000 0.05573877
v 0.03203690 0.04375000 0.05590623
v 0.03203690 0.03825000 0.05590623
v 0.03249442 0.04375000 0.05636375
v 0.03249442 0.03825000 0.05636375
v 0.03266191 0.04375000 0.05698877
v 0.03266191 0.03825000 0.05698877
v 0.03249442 0.04375000 0.05761375
v 0.03249442 0.03825000 0.05761375
v 0.03203690 0.04375000 0.05807131
v 0.03203690 0.03825000 0.05807131
v 0.03141191 0.04375000 0.05823877
v 0.03141191 0.03825000 0.05823877
v -0.02999998 0.05825000 0.06999999
v -0.02999998 0.04375000 0.06999999
v -0.02948922 0.04375000 0.07551249
v -0.02948922 0.05825000 0.07551249
v -0.02797419 0.04375000 0.08083724
v -0.02797419 0.05825000 0.08083724
v -0.02550650 0.04375000 0.08579295
v -0.02550650 0.05825000 0.08579295
v -0.02217025 0.04375000 0.09021088
v -0.02217025 0.05825000 0.09021088
v -0.01807905 0.04375000 0.09394052
v -0.01807905 0.05825000 0.09394052
v -0.01337213 0.04375000 0.09685489
v -0.01337213 0.05825000 0.09685489
v -0.00820989 0.04375000 0.09885477
v -0.00820989 0.05825000 0.09885477
v -0.00276804 0.04375000 0.09987202
v -0.00276804 0.05825000 0.09987202
v 0.00276804 0.04375000 0.09987202
v 0.00276804 0.05825000 0.09987202
v 0.00820988 0.04375000 0.09885477
v 0.00820988 0.05825000 0.09885477
v 0.01337218 0.04375000 0.09685489
v 0.01337218 0.05825000 0.09685489
v 0.01807904 0.04375000 0.09394052
v 0.01807904 0.05825000 0.09394052
v 0.02217024 0.04375000 0.09021088
v 0.02217024 0.05825000 0.09021088
v 0.02550649 0.04375000 0.08579295
v 0.02550649 0.05825000 0.08579295
v 0.02797418 0.04375000 0.08083724
v 0.02797418 0.05825000 0.08083724
v 0.02948922 0.04375000 0.07551249
v 0.02948922 0.05825000 0.07551249
v 0.03000003 0.04375000 0.06999999
v 0.03000003 0.05825000 0.06999999
v 0.01301121 0.03784575 0.03858810
v -0.03141189 0.03784575 0.05698877
v 0.03141191 0.03784575 0.08301123
v 0.03032934 0.03825000 0.08238625
v 0.03016191 0.03825000 0.08301123
v 0.03078693 0.03825000 0.08192869
v -0.01301122 0.03784575 0.10141190
v -0.03141189 0.03784575 0.08301123
v 0.01301121 0.03784575 0.10141190
v -0.01301122 0.03784575 0.03858810
v 0.03141191 0.03784575 0.05698877
v -0.02899999 0.05925000 0.06999999
v -0.02850622 0.05925000 0.07532873
v -0.02704168 0.05925000 0.08047601
v -0.02465630 0.05925000 0.08526652
v -0.02143127 0.05925000 0.08953717
v -0.01747638 0.05925000 0.09314250
v -0.01292640 0.05925000 0.09595975
v -0.00793624 0.05925000 0.09789293
v -0.00267577 0.05925000 0.09887629
v 0.00267577 0.05925000 0.09887629
v 0.00793624 0.05925000 0.09789293
v 0.01292640 0.05925000 0.09595975
v 0.01747638 0.05925000 0.09314250
v 0.02143126 0.05925000 0.08953717
v 0.02465629 0.05925000 0.08526652
v 0.02704167 0.05925000 0.08047601
v 0.02850622 0.05925000 0.07532873
v 0.02899998 0.05925000 0.06999999
v -0.02120000 0.05925000 0.06999999
v -0.02120000 0.05775000 0.06999999
v -0.02066845 0.05925000 0.06528255
v -0.02066845 0.05775000 0.06528255
v -0.01910055 0.05925000 0.06080168
v -0.01910055 0.05775000 0.06080168
v -0.01657480 0.05925000 0.05678203
v -0.01657480 0.05775000 0.05678203
v -0.01321799 0.05925000 0.05342519
v -0.01321799 0.05775000 0.05342519
v -0.00919831 0.05925000 0.05089947
v -0.00919831 0.05775000 0.05089947
v -0.00471747 0.05925000 0.04933154
v -0.00471747 0.05775000 0.04933154
v -0.00000000 0.05925000 0.04879998
v -0.00000000 0.05775000 0.04879998
v 0.00471747 0.05925000 0.04933154
v 0.00471747 0.05775000 0.04933154
v 0.00919836 0.05925000 0.05089947
v 0.00919836 0.05775000 0.05089947
v 0.01321798 0.05925000 0.05342519
v 0.01321798 0.05775000 0.05342519
v 0.01657486 0.05925000 0.05678203
v 0.01657486 0.05775000 0.05678203
v 0.01910054 0.05925000 0.06080168
v 0.01910054 0.05775000 0.06080168
v 0.02066844 0.05925000 0.06528255
v 0.02066844 0.05775000 0.06528255
v 0.02120000 0.05925000 0.06999999
v 0.02120000 0.05775000 0.06999999
v -0.02099997 0.05925000 0.06999999
v -0.02099997 0.05775000 0.06999999
v -0.02047348 0.05775000 0.07467293
v -0.02047348 0.05925000 0.07467293
v -0.01892037 0.05775000 0.07911157
v -0.01892037 0.05925000 0.07911157
v -0.01641846 0.05775000 0.08309328
v -0.01641846 0.05925000 0.08309328
v -0.01309330 0.05775000 0.08641847
v -0.01309330 0.05925000 0.08641847
v -0.00911159 0.05775000 0.08892035
v -0.00911159 0.05925000 0.08892035
v -0.00467295 0.05775000 0.09047350
v -0.00467295 0.05925000 0.09047350
v -0.00000000 0.05775000 0.09100001
v -0.00000000 0.05925000 0.09100001
v 0.00467294 0.05775000 0.09047350
v 0.00467294 0.05925000 0.09047350
v 0.00911158 0.05775000 0.08892035
v 0.00911158 0.05925000 0.08892035
v 0.01309329 0.05775000 0.08641847
v 0.01309329 0.05925000 0.08641847
v 0.01641845 0.05775000 0.08309328
v 0.01641845 0.05925000 0.08309328
v 0.01892036 0.05775000 0.07911157
v 0.01892036 0.05925000 0.07911157
v 0.02047348 0.05775000 0.07467293
v 0.02047348 0.05925000 0.07467293
v 0.02100002 0.05775000 0.06999999
v 0.02100002 0.05925000 0.06999999
v -0.00000000 0.05975000 0.04950001
v -0.00000000 0.05925000 0.04899999
v -0.00467295 0.05925000 0.04952651
v -0.00456167 0.05975000 0.05001398
v -0.00911159 0.05925000 0.05107965
v -0.00889463 0.05975000 0.05153015
v -0.01309330 0.05925000 0.05358153
v -0.01278156 0.05975000 0.05397245
v -0.01641846 0.05925000 0.05690672
v -0.01602757 0.05975000 0.05721845
v -0.01892037 0.05925000 0.06088843
v -0.01846987 0.05975000 0.06110539
v -0.02047348 0.05925000 0.06532707
v -0.01998604 0.05975000 0.06543832
v -0.02050001 0.05975000 0.06999999
v -0.01998604 0.05975000 0.07456168
v -0.01846987 0.05975000 0.07889461
v -0.01602757 0.05975000 0.08278155
v -0.01278156 0.05975000 0.08602756
v -0.00889463 0.05975000 0.08846986
v -0.00456167 0.05975000 0.08998602
v -0.00000000 0.05975000 0.09049999
v -0.01459039 0.05975000 0.07750001
v -0.01459039 0.05375000 0.07750001
v -0.01437605 0.05975000 0.07669999
v -0.01437605 0.05375000 0.07669999
v -0.01379037 0.05975000 0.07611435
v -0.01379037 0.05375000 0.07611435
v -0.01299036 0.05975000 0.07590001
v -0.01299036 0.05375000 0.07590001
v -0.01219040 0.05975000 0.07611435
v -0.01219040 0.05375000 0.07611435
v -0.01160473 0.05975000 0.07669999
v -0.01160473 0.05375000 0.07669999
v -0.01139039 0.05975000 0.07750001
v -0.01139039 0.05375000 0.07750001
v -0.00159997 0.05975000 0.05500000
v -0.00159997 0.05375000 0.05500000
v -0.00138563 0.05975000 0.05419999
v -0.00138563 0.05375000 0.05419999
v -0.00080002 0.05975000 0.05361437
v -0.00080002 0.05375000 0.05361437
v -0.00000000 0.05975000 0.05340000
v -0.00000000 0.05375000 0.05340000
v 0.00080001 0.05975000 0.05361437
v 0.00080001 0.05375000 0.05361437
v 0.00138563 0.05975000 0.05419999
v 0.00138563 0.05375000 0.05419999
v 0.00160002 0.05975000 0.05500000
v 0.00160002 0.05375000 0.05500000
v 0.01139039 0.05975000 0.07750001
v 0.01139039 0.05375000 0.07750001
v 0.01160472 0.05975000 0.07669999
v 0.01160472 0.05375000 0.07669999
v 0.01219040 0.05975000 0.07611435
v 0.01219040 0.05375000 0.07611435
v 0.01299035 0.05975000 0.07590001
v 0.01299035 0.05375000 0.07590001
v 0.01379037 0.05975000 0.07611435
v 0.01379037 0.05375000 0.07611435
v 0.01437604 0.05975000 0.07669999
v 0.01437604 0.05375000 0.07669999
v 0.01459038 0.05975000 0.07750001
v 0.01459038 0.05375000 0.07750001
v 0.00849998 0.05925000 0.06999999
v 0.00900000 0.05975000 0.06999999
v 0.00798738 0.05925000 0.06709283
v 0.00845724 0.05975000 0.06692182
v 0.00651139 0.05925000 0.06453630
v 0.00689441 0.05975000 0.06421491
v 0.00424999 0.05925000 0.06263878
v 0.00450003 0.05975000 0.06220578
v 0.00147599 0.05925000 0.06162914
v 0.00156283 0.05975000 0.06113672
v -0.00147599 0.05925000 0.06162914
v -0.00156284 0.05975000 0.06113672
v -0.00424999 0.05925000 0.06263878
v -0.00449997 0.05975000 0.06220578
v -0.00651139 0.05925000 0.06453630
v -0.00689441 0.05975000 0.06421491
v -0.00798738 0.05925000 0.06709283
v -0.00845725 0.05975000 0.06692182
v -0.00849998 0.05925000 0.06999999
v -0.00900001 0.05975000 0.06999999
v 0.00199997 0.05975000 0.08425000
v 0.00199997 0.06225000 0.08425000
v 0.00173205 0.06225000 0.08525001
v 0.00173205 0.05975000 0.08525001
v 0.00099998 0.06225000 0.08598205
v 0.00099998 0.05975000 0.08598205
v -0.00000000 0.06225000 0.08625000
v -0.00000000 0.05975000 0.08625000
v -0.00099999 0.06225000 0.08598205
v -0.00099999 0.05975000 0.08598205
v -0.00173205 0.06225000 0.08525001
v -0.00173205 0.05975000 0.08525001
v -0.00199998 0.06225000 0.08425000
v -0.00199998 0.05975000 0.08425000
v 0.01434087 0.05975000 0.06287500
v 0.01434087 0.06225000 0.06287500
v 0.01407289 0.06225000 0.06387501
v 0.01407289 0.05975000 0.06387501
v 0.01334089 0.06225000 0.06460705
v 0.01334089 0.05975000 0.06460705
v 0.01234084 0.06225000 0.06487500
v 0.01234084 0.05975000 0.06487500
v 0.01134085 0.06225000 0.06460705
v 0.01134085 0.05975000 0.06460705
v 0.01060879 0.06225000 0.06387501
v 0.01060879 0.05975000 0.06387501
v 0.01034087 0.06225000 0.06287500
v 0.01034087 0.05975000 0.06287500
v -0.01034087 0.05975000 0.06287500
v -0.01034087 0.06225000 0.06287500
v -0.01060880 0.06225000 0.06387501
v -0.01060880 0.05975000 0.06387501
v -0.01134086 0.06225000 0.06460705
v -0.01134086 0.05975000 0.06460705
v -0.01234085 0.06225000 0.06487500
v -0.01234085 0.05975000 0.06487500
v -0.01334083 0.06225000 0.06460705
v -0.01334083 0.05975000 0.06460705
v -0.01407290 0.06225000 0.06387501
v -0.01407290 0.05975000 0.06387501
v -0.01434088 0.06225000 0.06287500
v -0.01434088 0.05975000 0.06287500
v -0.00849998 0.05775000 0.06999999
v -0.00798738 0.05775000 0.06709283
v -0.00651139 0.05775000 0.06453630
v -0.00424999 0.05775000 0.06263878
v -0.00147599 0.05775000 0.06162914
v 0.00147599 0.05775000 0.06162914
v 0.00424999 0.05775000 0.06263878
v 0.00651139 0.05775000 0.06453630
v 0.00798738 0.05775000 0.06709283
v 0.00849998 0.05775000 0.06999999
v -0.00400001 0.05795000 0.06999999
v -0.00400001 0.05775000 0.06999999
v -0.00346411 0.05775000 0.07199999
v -0.00346411 0.05795000 0.07199999
v -0.00199998 0.05775000 0.07346409
v -0.00199998 0.05795000 0.07346409
v -0.00000000 0.05775000 0.07399999
v -0.00000000 0.05795000 0.07399999
v 0.00199997 0.05775000 0.07346409
v 0.00199997 0.05795000 0.07346409
v 0.00346410 0.05775000 0.07199999
v 0.00346410 0.05795000 0.07199999
v 0.00400001 0.05775000 0.06999999
v 0.00400001 0.05795000 0.06999999
v -0.00370002 0.05825000 0.06999999
v -0.00320429 0.05825000 0.07184999
v -0.00185001 0.05825000 0.07320430
v -0.00000000 0.05825000 0.07370000
v 0.00185001 0.05825000 0.07320430
v 0.00320428 0.05825000 0.07184999
v 0.00370002 0.05825000 0.06999999
v -0.00150001 0.05825000 0.06999999
v -0.00150001 0.03645000 0.06999999
v -0.00129903 0.05825000 0.06925001
v -0.00129903 0.03645000 0.06925001
v -0.00075001 0.05825000 0.06870096
v -0.00075001 0.03645000 0.06870096
v -0.00000000 0.05825000 0.06850000
v -0.00000000 0.03645000 0.06850000
v 0.00075000 0.05825000 0.06870096
v 0.00075000 0.03645000 0.06870096
v 0.00129902 0.05825000 0.06925001
v 0.00129902 0.03645000 0.06925001
v 0.00150001 0.05825000 0.06999999
v 0.00150001 0.03645000 0.06999999
v 0.03748172 0.01475001 0.06374540
v 0.03748172 0.04275000 0.06374540
v 0.03594106 0.01475001 0.05766141
v 0.03594106 0.04275000 0.05766141
v 0.03341999 0.01475001 0.05191400
v 0.03341999 0.04275000 0.05191400
v 0.02998733 0.01475001 0.04665991
v 0.02998733 0.04275000 0.04665991
v 0.02573669 0.01475001 0.04204249
v 0.02573669 0.04275000 0.04204249
v 0.02078402 0.01475001 0.03818768
v 0.02078402 0.04275000 0.03818768
v 0.01526445 0.01475001 0.03520062
v 0.01526445 0.04275000 0.03520062
v 0.00932842 0.01475001 0.03316280
v 0.00932842 0.04275000 0.03316280
v 0.00313800 0.01475001 0.03212979
v 0.00313800 0.04275000 0.03212979
v -0.00313801 0.01475001 0.03212979
v -0.00313801 0.04275000 0.03212979
v -0.00932843 0.01475001 0.03316280
v -0.00932843 0.04275000 0.03316280
v -0.01526445 0.01475001 0.03520062
v -0.01526445 0.04275000 0.03520062
v -0.02078402 0.01475001 0.03818768
v -0.02078402 0.04275000 0.03818768
v -0.02573669 0.01475001 0.04204249
v -0.02573669 0.04275000 0.04204249
v -0.02998734 0.01475001 0.04665991
v -0.02998734 0.04275000 0.04665991
v -0.03342003 0.01475001 0.05191400
v -0.03342003 0.04275000 0.05191400
v -0.03594107 0.01475001 0.05766141
v -0.03594107 0.04275000 0.05766141
v -0.03748173 0.01475001 0.06374540
v -0.03748173 0.04275000 0.06374540
v -0.03499526 0.01375000 0.05798613
v -0.03621614 0.01375000 0.06242435
v -0.03649539 0.01375000 0.06391000
v -0.00908298 0.01375000 0.03413218
v -0.01486272 0.01375000 0.03611638
v -0.02023709 0.01375000 0.03902485
v -0.02505941 0.01375000 0.04277822
v -0.02919817 0.01375000 0.04727414
v -0.03254050 0.01375000 0.05238994
v 0.00305545 0.01375000 0.03312638
v -0.00000000 0.01375000 0.03299998
v -0.00305546 0.01375000 0.03312638
v 0.00908297 0.01375000 0.03413218
v 0.01486271 0.01375000 0.03611638
v 0.02023708 0.01375000 0.03902485
v 0.02505940 0.01375000 0.04277822
v 0.02919823 0.01375000 0.04727414
v 0.03254053 0.01375000 0.05238994
v 0.03499522 0.01375000 0.05798613
v 0.03649535 0.01375000 0.06391000
v -0.02505941 0.04375000 0.04277822
v 0.03649535 0.04375000 0.06391000
v 0.03499522 0.04375000 0.05798613
v 0.03254053 0.04375000 0.05238994
v 0.03016322 0.04375000 0.04857152
v 0.02919823 0.04375000 0.04727414
v 0.02505940 0.04375000 0.04277822
v 0.02144235 0.04375000 0.03984662
v 0.02023708 0.04375000 0.03902485
v 0.01486271 0.04375000 0.03611638
v 0.00908297 0.04375000 0.03413218
v 0.00305545 0.04375000 0.03312638
v -0.00000000 0.04375000 0.03299998
v -0.00305546 0.04375000 0.03312638
v -0.00908298 0.04375000 0.03413218
v -0.01486272 0.04375000 0.03611638
v -0.02023709 0.04375000 0.03902485
v -0.02144236 0.04375000 0.03984662
v -0.03254050 0.04375000 0.05238994
v -0.03016323 0.04375000 0.04857152
v -0.02919817 0.04375000 0.04727414
v -0.03499526 0.04375000 0.05798613
v -0.03649539 0.04375000 0.06391000
v 0.02550000 0.01375000 0.08472242
v -0.00000000 0.01375000 0.10384744
v -0.02550000 0.01375000 0.05527758
v 0.02550000 0.01375000 0.05527758
v 0.03291747 0.01375000 0.07062500
v 0.03337499 0.01375000 0.07108252
v 0.03400001 0.01375000 0.07124998
v 0.03462499 0.01375000 0.07108252
v 0.03508255 0.01375000 0.07062500
v -0.00000000 0.01375000 0.05527758
v 0.01591748 0.01375000 0.04118013
v 0.01637500 0.01375000 0.04163768
v 0.01700002 0.01375000 0.04180514
v 0.01762497 0.01375000 0.04163768
v 0.01808256 0.01375000 0.04118013
v -0.01700002 0.01375000 0.04180514
v -0.01808250 0.01375000 0.04118013
v -0.01762498 0.01375000 0.04163768
v -0.01637501 0.01375000 0.04163768
v -0.01591748 0.01375000 0.04118013
v -0.03399998 0.01375000 0.07124998
v -0.03337503 0.01375000 0.07108252
v -0.02550000 0.01375000 0.08472242
v -0.03291744 0.01375000 0.07062500
v -0.03508252 0.01375000 0.07062500
v -0.03462500 0.01375000 0.07108252
v -0.00000000 0.01375000 0.08472242
v -0.01808250 0.01375000 0.10006987
v -0.01762498 0.01375000 0.10052740
v -0.01700002 0.01375000 0.10069486
v -0.01637501 0.01375000 0.10052740
v -0.01591748 0.01375000 0.10006987
v 0.01700002 0.01375000 0.10069486
v 0.01591748 0.01375000 0.10006987
v 0.01637500 0.01375000 0.10052740
v 0.01762497 0.01375000 0.10052740
v 0.01808256 0.01375000 0.10006987
v -0.00000000 0.04375000 0.10483094
v 0.03483095 0.04375000 0.06999999
v 0.03078693 0.04375000 0.05590623
v -0.01807905 0.04375000 0.04605948
v -0.02213061 0.04375000 0.04786938
v -0.02217025 0.04375000 0.04978912
v -0.00000000 0.04375000 0.03991904
v 0.00276804 0.04375000 0.04012799
v -0.00276804 0.04375000 0.04012799
v 0.00820988 0.04375000 0.04114523
v 0.01337218 0.04375000 0.04314511
v 0.01807904 0.04375000 0.04605948
v 0.02217024 0.04375000 0.04978912
v 0.02550649 0.04375000 0.05420702
v -0.02797419 0.04375000 0.05916276
v -0.02948922 0.04375000 0.06448751
v -0.03008098 0.04375000 0.06999999
v -0.02550650 0.04375000 0.05420702
v -0.01337213 0.04375000 0.04314511
v -0.00820989 0.04375000 0.04114523
v 0.03008097 0.04375000 0.06999999
v 0.02797418 0.04375000 0.05916276
v 0.02948922 0.04375000 0.06448751
v -0.00000000 0.04375000 0.10008096
v -0.03249443 0.04375000 0.05761375
v -0.03203690 0.04375000 0.05807131
v -0.03266192 0.04375000 0.05698877
v -0.03249443 0.04375000 0.05636375
v -0.03203690 0.04375000 0.05590623
v -0.01192868 0.04375000 0.03921308
v -0.01238627 0.04375000 0.03967064
v -0.01301122 0.04375000 0.03983810
v -0.01363623 0.04375000 0.03967064
v -0.01409376 0.04375000 0.03921308
v 0.01409375 0.04375000 0.03921308
v 0.01238626 0.04375000 0.03967064
v 0.01301121 0.04375000 0.03983810
v 0.01363623 0.04375000 0.03967064
v 0.01192873 0.04375000 0.03921308
v 0.03078693 0.04375000 0.05807131
v 0.03032934 0.04375000 0.05761375
v 0.03016191 0.04375000 0.05698877
v 0.03032934 0.04375000 0.05636375
v 0.03032934 0.04375000 0.08238625
v 0.03016191 0.04375000 0.08301123
v 0.03032934 0.04375000 0.08363625
v 0.03078693 0.04375000 0.08409377
v 0.03078693 0.04375000 0.08192869
v 0.01301121 0.04375000 0.10266190
v 0.01363623 0.04375000 0.10249444
v 0.01409375 0.04375000 0.10203692
v 0.01192873 0.04375000 0.10203692
v 0.01238626 0.04375000 0.10249444
v -0.01301122 0.04375000 0.10266190
v -0.01192868 0.04375000 0.10203692
v -0.01238627 0.04375000 0.10249444
v -0.01363623 0.04375000 0.10249444
v -0.01409376 0.04375000 0.10203692
v -0.03249443 0.04375000 0.08238625
v -0.03203690 0.04375000 0.08409377
v -0.03249443 0.04375000 0.08363625
v -0.03266192 0.04375000 0.08301123
v -0.03203690 0.04375000 0.08192869
v 0.03291747 0.01675000 0.07062500
v 0.03337499 0.01675000 0.07108252
v 0.03400001 0.01675000 0.07124998
v 0.03462499 0.01675000 0.07108252
v 0.03508255 0.01675000 0.07062500
v -0.01808250 0.01675000 0.04118013
v -0.01762498 0.01675000 0.04163768
v -0.01700002 0.01675000 0.04180514
v -0.01637501 0.01675000 0.04163768
v -0.01591748 0.01675000 0.04118013
v -0.01808250 0.01675000 0.10006987
v -0.01762498 0.01675000 0.10052740
v -0.01700002 0.01675000 0.10069486
v -0.01637501 0.01675000 0.10052740
v -0.01591748 0.01675000 0.10006987
v -0.03508252 0.01675000 0.07062500
v -0.03462500 0.01675000 0.07108252
v -0.03399998 0.01675000 0.07124998
v -0.03337503 0.01675000 0.07108252
v -0.03291744 0.01675000 0.07062500
v 0.01591748 0.01675000 0.04118013
v 0.01637500 0.01675000 0.04163768
v 0.01700002 0.01675000 0.04180514
v 0.01762497 0.01675000 0.04163768
v 0.01808256 0.01675000 0.04118013
v 0.01591748 0.01675000 0.10006987
v 0.01637500 0.01675000 0.10052740
v 0.01700002 0.01675000 0.10069486
v 0.01762497 0.01675000 0.10052740
v 0.01808256 0.01675000 0.10006987
v 0.01409375 0.03825000 0.03921308
v 0.01363623 0.03825000 0.03967064
v 0.01301121 0.03825000 0.03983810
v 0.01238626 0.03825000 0.03967064
v 0.01192873 0.03825000 0.03921308
v -0.03203690 0.03825000 0.05807131
v -0.03249443 0.03825000 0.05761375
v -0.03266192 0.03825000 0.05698877
v -0.03249443 0.03825000 0.05636375
v -0.03203690 0.03825000 0.05590623
v 0.03078693 0.03825000 0.08409377
v 0.03032934 0.03825000 0.08363625
v -0.01192868 0.03825000 0.10203692
v -0.01238627 0.03825000 0.10249444
v -0.01301122 0.03825000 0.10266190
v -0.01363623 0.03825000 0.10249444
v -0.01409376 0.03825000 0.10203692
v -0.03203690 0.03825000 0.08409377
v -0.03249443 0.03825000 0.08363625
v -0.03266192 0.03825000 0.08301123
v -0.03249443 0.03825000 0.08238625
v -0.03203690 0.03825000 0.08192869
v 0.01409375 0.03825000 0.10203692
v 0.01363623 0.03825000 0.10249444
v 0.01301121 0.03825000 0.10266190
v 0.01238626 0.03825000 0.10249444
v 0.01192873 0.03825000 0.10203692
v -0.01192868 0.03825000 0.03921308
v -0.01238627 0.03825000 0.03967064
v -0.01301122 0.03825000 0.03983810
v -0.01363623 0.03825000 0.03967064
v -0.01409376 0.03825000 0.03921308
v 0.03078693 0.03825000 0.05807131
v 0.03032934 0.03825000 0.05761375
v 0.03016191 0.03825000 0.05698877
v 0.03032934 0.03825000 0.05636375
v 0.03078693 0.03825000 0.05590623
v 0.02948922 0.05825000 0.06448751
v 0.02797418 0.05825000 0.05916276
v 0.02550649 0.05825000 0.05420702
v 0.02217024 0.05825000 0.04978912
v 0.01807904 0.05825000 0.04605948
v 0.01337218 0.05825000 0.04314511
v 0.00820988 0.05825000 0.04114523
v 0.00276804 0.05825000 0.04012799
v -0.00276804 0.05825000 0.04012799
v -0.00820989 0.05825000 0.04114523
v -0.01337213 0.05825000 0.04314511
v -0.01807905 0.05825000 0.04605948
v -0.02217025 0.05825000 0.04978912
v -0.02550650 0.05825000 0.05420702
v -0.02797419 0.05825000 0.05916276
v -0.02948922 0.05825000 0.06448751
v 0.02850622 0.05925000 0.06467127
v 0.02704167 0.05925000 0.05952399
v 0.02465629 0.05925000 0.05473348
v 0.02143126 0.05925000 0.05046283
v 0.01747638 0.05925000 0.04685750
v 0.01292640 0.05925000 0.04404026
v 0.00793624 0.05925000 0.04210707
v 0.00267577 0.05925000 0.04112371
v -0.00267577 0.05925000 0.04112371
v -0.00793624 0.05925000 0.04210707
v -0.01292640 0.05925000 0.04404026
v -0.01747638 0.05925000 0.04685750
v -0.02143127 0.05925000 0.05046283
v -0.02465630 0.05925000 0.05473348
v -0.02704168 0.05925000 0.05952399
v -0.02850622 0.05925000 0.06467127
v 0.01657486 0.05925000 0.08321797
v 0.01910054 0.05925000 0.07919832
v 0.02066844 0.05925000 0.07471745
v -0.00471747 0.05925000 0.09066846
v -0.00000000 0.05925000 0.09119999
v 0.00471747 0.05925000 0.09066846
v 0.00919836 0.05925000 0.08910053
v 0.01321798 0.05925000 0.08657482
v -0.02066845 0.05925000 0.07471745
v -0.01910055 0.05925000 0.07919832
v -0.01657480 0.05925000 0.08321797
v -0.01321799 0.05925000 0.08657482
v -0.00919831 0.05925000 0.08910053
v 0.02066844 0.05775000 0.07471745
v 0.01910054 0.05775000 0.07919832
v 0.01657486 0.05775000 0.08321797
v 0.01321798 0.05775000 0.08657482
v 0.00919836 0.05775000 0.08910053
v 0.00471747 0.05775000 0.09066846
v -0.00000000 0.05775000 0.09119999
v -0.00471747 0.05775000 0.09066846
v -0.00919831 0.05775000 0.08910053
v -0.01321799 0.05775000 0.08657482
v -0.01657480 0.05775000 0.08321797
v -0.01910055 0.05775000 0.07919832
v -0.02066845 0.05775000 0.07471745
v -0.00467295 0.05775000 0.04952651
v -0.00911159 0.05775000 0.05107965
v -0.01309330 0.05775000 0.05358153
v -0.01641846 0.05775000 0.05690672
v -0.01892037 0.05775000 0.06088843
v -0.02047348 0.05775000 0.06532707
v 0.02047348 0.05775000 0.06532707
v 0.01892036 0.05775000 0.06088843
v 0.01641845 0.05775000 0.05690672
v 0.01309329 0.05775000 0.05358153
v 0.00911158 0.05775000 0.05107965
v 0.00467294 0.05775000 0.04952651
v -0.00000000 0.05775000 0.04899999
v 0.02047348 0.05925000 0.06532707
v 0.01892036 0.05925000 0.06088843
v 0.01641845 0.05925000 0.05690672
v 0.01309329 0.05925000 0.05358153
v 0.00911158 0.05925000 0.05107965
v 0.00467294 0.05925000 0.04952651
v 0.00456166 0.05975000 0.08998602
v 0.00889462 0.05975000 0.08846986
v 0.01278156 0.05975000 0.08602756
v 0.01602757 0.05975000 0.08278155
v 0.01846987 0.05975000 0.07889461
v 0.01998603 0.05975000 0.07456168
v 0.02050000 0.05975000 0.06999999
v 0.01998603 0.05975000 0.06543832
v 0.01846987 0.05975000 0.06110539
v 0.01708597 0.05975000 0.05867218
v 0.01602757 0.05975000 0.05721845
v 0.01278156 0.05975000 0.05397245
v 0.00889462 0.05975000 0.05153015
v 0.00456166 0.05975000 0.05001398
v -0.01407290 0.05975000 0.06187501
v -0.01086563 0.05975000 0.07038750
v -0.00967044 0.05975000 0.07038750
v -0.01234085 0.05975000 0.06087499
v -0.01134086 0.05975000 0.06114294
v -0.01086563 0.05975000 0.06093749
v -0.01060880 0.05975000 0.06187501
v -0.00967044 0.05975000 0.06093749
v 0.01234084 0.05975000 0.06087499
v 0.00967043 0.05975000 0.06093749
v 0.01134085 0.05975000 0.06114294
v 0.01060879 0.05975000 0.06187501
v 0.01446563 0.05975000 0.07038750
v 0.01446563 0.05975000 0.06093749
v 0.01407289 0.05975000 0.06187501
v 0.00967043 0.05975000 0.07038750
v -0.00845725 0.05975000 0.07307818
v -0.00550002 0.05975000 0.06093749
v -0.00550002 0.05975000 0.07905000
v -0.00449997 0.05975000 0.07779422
v -0.00967044 0.05975000 0.07905000
v -0.00689441 0.05975000 0.07578509
v 0.00550002 0.05975000 0.07905000
v 0.00156283 0.05975000 0.07886326
v -0.00156284 0.05975000 0.07886326
v 0.00845724 0.05975000 0.07307818
v 0.00967043 0.05975000 0.07905000
v 0.00689441 0.05975000 0.07578509
v 0.00450003 0.05975000 0.07779422
v 0.00550002 0.05975000 0.06093749
v 0.01160472 0.05975000 0.07829999
v 0.01219040 0.05975000 0.07888564
v 0.01299035 0.05975000 0.07910001
v 0.01437604 0.05975000 0.07829999
v 0.01446563 0.05975000 0.07905000
v 0.01379037 0.05975000 0.07888564
v -0.01160473 0.05975000 0.07829999
v -0.01086563 0.05975000 0.07905000
v -0.01219040 0.05975000 0.07888564
v -0.01299036 0.05975000 0.07910001
v -0.01437605 0.05975000 0.07829999
v 0.00967043 0.05975000 0.05873751
v 0.00550002 0.05975000 0.05873751
v 0.00138563 0.05975000 0.05580001
v -0.00080002 0.05975000 0.05638563
v -0.00550002 0.05975000 0.05873751
v -0.00000000 0.05975000 0.05660000
v 0.00080001 0.05975000 0.05638563
v -0.00138563 0.05975000 0.05580001
v 0.01446563 0.05975000 0.05873751
v 0.00099998 0.05975000 0.08251794
v 0.00550002 0.05975000 0.08067500
v -0.00000000 0.05975000 0.08224999
v -0.00550002 0.05975000 0.08067500
v -0.00099999 0.05975000 0.08251794
v 0.00173205 0.05975000 0.08325001
v 0.00967043 0.05975000 0.08067500
v 0.01446563 0.05975000 0.08067500
v -0.00173205 0.05975000 0.08325001
v -0.01086563 0.05975000 0.08067500
v -0.00967044 0.05975000 0.08067500
v -0.00967044 0.05975000 0.05873751
v -0.01086563 0.05975000 0.05873751
v -0.01334083 0.05975000 0.06114294
v 0.01334089 0.05975000 0.06114294
v -0.01379037 0.05975000 0.07888564
v -0.01160473 0.05375000 0.07829999
v -0.01219040 0.05375000 0.07888564
v -0.01299036 0.05375000 0.07910001
v -0.01379037 0.05375000 0.07888564
v -0.01437605 0.05375000 0.07829999
v 0.00138563 0.05375000 0.05580001
v 0.00080001 0.05375000 0.05638563
v -0.00000000 0.05375000 0.05660000
v -0.00080002 0.05375000 0.05638563
v -0.00138563 0.05375000 0.05580001
v 0.01437604 0.05375000 0.07829999
v 0.01379037 0.05375000 0.07888564
v 0.01299035 0.05375000 0.07910001
v 0.01219040 0.05375000 0.07888564
v 0.01160472 0.05375000 0.07829999
v -0.00798738 0.05925000 0.07290717
v -0.00651139 0.05925000 0.07546370
v -0.00424999 0.05925000 0.07736122
v -0.00147599 0.05925000 0.07837086
v 0.00147599 0.05925000 0.07837086
v 0.00424999 0.05925000 0.07736122
v 0.00651139 0.05925000 0.07546370
v 0.00798738 0.05925000 0.07290717
v -0.00173205 0.06225000 0.08325001
v -0.00099999 0.06225000 0.08251794
v -0.00000000 0.06225000 0.08224999
v 0.00099998 0.06225000 0.08251794
v 0.00173205 0.06225000 0.08325001
v 0.01060879 0.06225000 0.06187501
v 0.01134085 0.06225000 0.06114294
v 0.01234084 0.06225000 0.06087499
v 0.01334089 0.06225000 0.06114294
v 0.01407289 0.06225000 0.06187501
v -0.01407290 0.06225000 0.06187501
v -0.01334083 0.06225000 0.06114294
v -0.01234085 0.06225000 0.06087499
v -0.01134086 0.06225000 0.06114294
v -0.01060880 0.06225000 0.06187501
v 0.00798738 0.05775000 0.07290717
v 0.00651139 0.05775000 0.07546370
v 0.00424999 0.05775000 0.07736122
v 0.00147599 0.05775000 0.07837086
v -0.00147599 0.05775000 0.07837086
v -0.00424999 0.05775000 0.07736122
v -0.00651139 0.05775000 0.07546370
v -0.00798738 0.05775000 0.07290717
v 0.00199997 0.05775000 0.06653588
v 0.00346410 0.05775000 0.06800001
v -0.00199998 0.05775000 0.06653588
v -0.00346411 0.05775000 0.06800001
v -0.00000000 0.05775000 0.06600001
v 0.00346410 0.05795000 0.06800001
v 0.00199997 0.05795000 0.06653588
v -0.00000000 0.05795000 0.06600001
v -0.00199998 0.05795000 0.06653588
v -0.00346411 0.05795000 0.06800001
v 0.00320428 0.05825000 0.06815001
v 0.00185001 0.05825000 0.06679570
v -0.00000000 0.05825000 0.06630000
v -0.00185001 0.05825000 0.06679570
v -0.00320429 0.05825000 0.06815001
v -0.00129903 0.05825000 0.07074999
v -0.00075001 0.05825000 0.07129904
v -0.00000000 0.05825000 0.07150000
v 0.00075000 0.05825000 0.07129904
v 0.00129902 0.05825000 0.07074999
v 0.00129902 0.03645000 0.07074999
v 0.00075000 0.03645000 0.07129904
v -0.00000000 0.03645000 0.07150000
v -0.00075001 0.03645000 0.07129904
v -0.00129903 0.03645000 0.07074999
v 0.00005406 0.00235000 0.09890091
v 0.00005406 0.00175000 0.09890091
v -0.00114596 0.00235000 0.09857937
v -0.00114596 0.00175000 0.09857937
v -0.00202441 0.00235000 0.09770092
v -0.00202441 0.00175000 0.09770092
v -0.00234592 0.00235000 0.09650090
v -0.00234592 0.00175000 0.09650090
v -0.00202441 0.00235000 0.09530091
v -0.00202441 0.00175000 0.09530091
v -0.00114596 0.00235000 0.09442245
v -0.00114596 0.00175000 0.09442245
v 0.00005406 0.00235000 0.09410091
v 0.00005406 0.00175000 0.09410091
v 0.00005406 0.00235000 0.04590090
v 0.00005406 0.00175000 0.04590090
v -0.00114596 0.00235000 0.04557937
v -0.00114596 0.00175000 0.04557937
v -0.00202441 0.00235000 0.04470091
v -0.00202441 0.00175000 0.04470091
v -0.00234592 0.00235000 0.04350092
v -0.00234592 0.00175000 0.04350092
v -0.00202441 0.00235000 0.04230090
v -0.00202441 0.00175000 0.04230090
v -0.00114596 0.00235000 0.04142245
v -0.00114596 0.00175000 0.04142245
v 0.00005406 0.00235000 0.04110091
v 0.00005406 0.00175000 0.04110091
v -0.00000000 0.00175000 0.04050001
v -0.00000000 0.00225001 0.03999998
v 0.00493782 0.00225001 0.04040917
v 0.00485551 0.00175000 0.04090234
v 0.00974101 0.00225001 0.04162549
v 0.00957864 0.00175000 0.04209840
v 0.01427841 0.00225001 0.04361578
v 0.01404047 0.00175000 0.04405551
v 0.01842635 0.00225001 0.04632580
v 0.01811927 0.00175000 0.04672035
v 0.02207172 0.00225001 0.04968157
v 0.02170384 0.00175000 0.05002018
v 0.02511501 0.00225001 0.05359154
v 0.02469641 0.00175000 0.05386504
v 0.02604085 0.00225001 0.05510452
v 0.02560681 0.00175000 0.05535277
v -0.00000000 0.00175000 0.09949999
v -0.00000000 0.00225001 0.09999999
v -0.00493783 0.00225001 0.09959083
v -0.00485552 0.00175000 0.09909766
v -0.00974101 0.00225001 0.09837451
v -0.00957865 0.00175000 0.09790161
v -0.01427841 0.00225001 0.09638422
v -0.01404047 0.00175000 0.09594449
v -0.01842636 0.00225001 0.09367421
v -0.01811928 0.00175000 0.09327965
v -0.02207172 0.00225001 0.09031843
v -0.02170384 0.00175000 0.08997982
v -0.02511502 0.00225001 0.08640843
v -0.02469641 0.00175000 0.08613496
v -0.02747322 0.00225001 0.08205085
v -0.02701533 0.00175000 0.08185001
v -0.02908200 0.00225001 0.07736456
v -0.02859730 0.00175000 0.07724183
v -0.02989751 0.00225001 0.07247739
v -0.02939922 0.00175000 0.07243609
v -0.02989751 0.00225001 0.06752261
v -0.02939922 0.00175000 0.06756391
v -0.02908200 0.00225001 0.06263544
v -0.02859730 0.00175000 0.06275817
v -0.02747322 0.00225001 0.05794915
v -0.02701533 0.00175000 0.05814999
v -0.02511502 0.00225001 0.05359154
v -0.02469641 0.00175000 0.05386504
v -0.02207172 0.00225001 0.04968157
v -0.02170384 0.00175000 0.05002018
v -0.01842636 0.00225001 0.04632580
v -0.01811928 0.00175000 0.04672035
v -0.01427841 0.00225001 0.04361578
v -0.01404047 0.00175000 0.04405551
v -0.00974101 0.00225001 0.04162549
v -0.00957865 0.00175000 0.04209840
v -0.00493783 0.00225001 0.04040917
v -0.00485552 0.00175000 0.04090234
v 0.00005406 0.00340001 0.09785091
v -0.00062096 0.00340001 0.09767004
v -0.00111509 0.00340001 0.09717592
v -0.00129593 0.00340001 0.09650090
v -0.00111509 0.00340001 0.09582590
v -0.00062096 0.00340001 0.09533178
v 0.00005406 0.00340001 0.09515091
v 0.00005406 0.00340001 0.04485091
v -0.00062096 0.00340001 0.04467004
v -0.00111509 0.00340001 0.04417592
v -0.00129593 0.00340001 0.04350092
v -0.00111509 0.00340001 0.04282590
v -0.00062096 0.00340001 0.04233178
v 0.00005406 0.00340001 0.04215091
v 0.02604085 0.00905001 0.05510452
v 0.02511501 0.01375000 0.05359154
v 0.02739685 0.00905001 0.05777659
v 0.02747321 0.01375000 0.05794915
v 0.02908200 0.01375000 0.06263544
v 0.02853560 0.00905001 0.06074157
v 0.02747321 0.00905001 0.05794915
v 0.02989751 0.00905001 0.06752261
v 0.02984440 0.00905001 0.06694838
v 0.02989751 0.01375000 0.06752261
v 0.02935451 0.00905001 0.06381028
v 0.02908200 0.00905001 0.06263544
v 0.02999973 0.00905001 0.07012068
v 0.02989751 0.01375000 0.07247739
v 0.02989751 0.00905001 0.07247739
v 0.02908200 0.01375000 0.07736456
v 0.02930379 0.00905001 0.07642569
v 0.02981889 0.00905001 0.07329162
v 0.02747321 0.01375000 0.08205085
v 0.02846020 0.00905001 0.07948773
v 0.02908200 0.00905001 0.07736456
v 0.02592015 0.00225001 0.08510452
v 0.02592015 0.00905001 0.08510452
v 0.02511501 0.01375000 0.08640843
v 0.02729767 0.00905001 0.08244341
v 0.02747321 0.00905001 0.08205085
v 0.02511501 0.00225001 0.08640843
v 0.02207172 0.01375000 0.09031843
v 0.02207172 0.00225001 0.09031843
v 0.01842635 0.01375000 0.09367421
v 0.01842635 0.00225001 0.09367421
v 0.01427841 0.01375000 0.09638422
v 0.01427841 0.00225001 0.09638422
v 0.00974101 0.01375000 0.09837451
v 0.00974101 0.00225001 0.09837451
v 0.00493782 0.01375000 0.09959083
v 0.00493782 0.00225001 0.09959083
v -0.00000000 0.01375000 0.09999999
v 0.02207172 0.01375000 0.04968157
v 0.01842635 0.01375000 0.04632580
v 0.01427841 0.01375000 0.04361578
v 0.00974101 0.01375000 0.04162549
v 0.00493782 0.01375000 0.04040917
v -0.00000000 0.01375000 0.03999998
v 0.00005406 0.00425001 0.09785091
v -0.00062096 0.00425001 0.09767004
v -0.00111509 0.00425001 0.09717592
v -0.00129593 0.00425001 0.09650090
v -0.00111509 0.00425001 0.09582590
v -0.00062096 0.00425001 0.09533178
v 0.00005406 0.00425001 0.09515091
v 0.00005406 0.00425001 0.04485091
v -0.00062096 0.00425001 0.04467004
v -0.00111509 0.00425001 0.04417592
v -0.00129593 0.00425001 0.04350092
v -0.00111509 0.00425001 0.04282590
v -0.00062096 0.00425001 0.04233178
v 0.00005406 0.00425001 0.04215091
v -0.00421620 0.00425001 0.09797689
v -0.00421620 0.00295001 0.09797689
v -0.00460398 0.00295001 0.09791493
v -0.00421620 0.00295001 0.04202493
v -0.00421620 0.00425001 0.04202493
v -0.00460398 0.00525000 0.04208689
v 0.00005406 0.00525000 0.04170092
v -0.00208724 0.00425001 0.04178204
v 0.00005406 0.00425001 0.04170092
v 0.00005406 0.00525000 0.09830090
v 0.00005406 0.00425001 0.09830090
v -0.00208724 0.00425001 0.09821977
v -0.00460398 0.00525000 0.09791493
v -0.00913495 0.00525000 0.09676754
v -0.00913495 0.00295001 0.09676754
v -0.01341528 0.00525000 0.09489002
v -0.01341528 0.00295001 0.09489002
v -0.01732815 0.00525000 0.09233358
v -0.01732815 0.00295001 0.09233358
v -0.02076692 0.00525000 0.08916797
v -0.02076692 0.00295001 0.08916797
v -0.02363778 0.00525000 0.08547955
v -0.02363778 0.00295001 0.08547955
v -0.02586234 0.00525000 0.08136889
v -0.02586234 0.00295001 0.08136889
v -0.02737999 0.00525000 0.07694816
v -0.02737999 0.00295001 0.07694816
v -0.02814931 0.00525000 0.07233792
v -0.02814931 0.00295001 0.07233792
v -0.02814931 0.00525000 0.06766390
v -0.02814931 0.00295001 0.06766390
v -0.02737999 0.00525000 0.06305366
v -0.02737999 0.00295001 0.06305366
v -0.02586234 0.00525000 0.05863293
v -0.02586234 0.00295001 0.05863293
v -0.02363778 0.00525000 0.05452227
v -0.02363778 0.00295001 0.05452227
v -0.02076692 0.00525000 0.05083384
v -0.02076692 0.00295001 0.05083384
v -0.01732815 0.00525000 0.04766824
v -0.01732815 0.00295001 0.04766824
v -0.01341528 0.00525000 0.04511180
v -0.01341528 0.00295001 0.04511180
v -0.00913495 0.00525000 0.04323428
v -0.00913495 0.00295001 0.04323428
v -0.00460398 0.00295001 0.04208689
v 0.00045567 0.01307770 0.09862580
v 0.00018710 0.01323443 0.09878507
v 0.00246215 0.01375000 0.09920179
v 0.00092536 0.01284334 0.09838086
v 0.00142389 0.01275177 0.09826948
v 0.00150460 0.01275000 0.09826370
v -0.00025761 0.01339265 0.09894191
v -0.00075132 0.01345001 0.09898972
v -0.00235403 0.01375000 0.09920179
v 0.02935326 0.01375000 0.07022008
v 0.02935403 0.01375000 0.07000091
v 0.02835405 0.01275000 0.07000091
v -0.02894593 0.01345001 0.07000091
v -0.02924592 0.01375000 0.07000091
v -0.02894515 0.01345001 0.07021784
v -0.02924514 0.01375000 0.07022008
v -0.02885038 0.01345001 0.07235344
v -0.02881343 0.01375000 0.07501685
v -0.02760172 0.01375000 0.07967808
v -0.02808953 0.01345001 0.07699662
v -0.02851785 0.01345001 0.07496547
v -0.02564282 0.01375000 0.08407786
v -0.02658779 0.01345001 0.08145564
v -0.02731854 0.01345001 0.07957899
v -0.02298963 0.01375000 0.08809730
v -0.02438480 0.01345001 0.08561315
v -0.02537972 0.01345001 0.08393373
v -0.01971376 0.01375000 0.09162780
v -0.02153850 0.01345001 0.08935966
v -0.02275366 0.01345001 0.08791202
v -0.01590389 0.01375000 0.09457397
v -0.01812381 0.01345001 0.09259661
v -0.01951141 0.01345001 0.09140637
v -0.01166278 0.01375000 0.09685617
v -0.01423061 0.01345001 0.09523877
v -0.01574046 0.01345001 0.09432235
v -0.00710511 0.01375000 0.09841280
v -0.00996137 0.01345001 0.09721654
v -0.01154280 0.01345001 0.09658121
v -0.00232935 0.01345001 0.09890278
v -0.00542850 0.01345001 0.09847795
v -0.00703180 0.01345001 0.09812190
v 0.02835327 0.01275000 0.07021260
v 0.02825743 0.01275000 0.07233792
v 0.02892154 0.01375000 0.07501685
v 0.02793628 0.01275000 0.07484563
v 0.02748811 0.01275000 0.07694816
v 0.02770984 0.01375000 0.07967808
v 0.02676594 0.01275000 0.07934781
v 0.02597046 0.01275000 0.08136889
v 0.02575093 0.01375000 0.08407786
v 0.02487391 0.01275000 0.08359741
v 0.02374589 0.01275000 0.08547955
v 0.02309775 0.01375000 0.08809730
v 0.02231127 0.01275000 0.08747967
v 0.02087503 0.01275000 0.08916797
v 0.01982188 0.01375000 0.09162780
v 0.01914721 0.01275000 0.09088968
v 0.01743626 0.01275000 0.09233358
v 0.01601201 0.01375000 0.09457397
v 0.01546734 0.01275000 0.09373530
v 0.01352340 0.01275000 0.09489002
v 0.01177090 0.01375000 0.09685617
v 0.01137101 0.01275000 0.09593963
v 0.00924307 0.01275000 0.09676754
v 0.00721323 0.01375000 0.09841280
v 0.00696891 0.01275000 0.09744313
v 0.00471210 0.01275000 0.09791493
v 0.00237995 0.01275000 0.09820517
v 0.00005406 0.00425001 0.09450092
v 0.00005406 0.00295001 0.09450092
v -0.00087256 0.00295001 0.09472852
v -0.00087256 0.00425001 0.09472852
v -0.00158829 0.00295001 0.09535953
v -0.00158829 0.00425001 0.09535953
v -0.00193018 0.00295001 0.09625035
v -0.00193018 0.00425001 0.09625035
v -0.00227207 0.00425001 0.09714114
v -0.00227207 0.00295001 0.09714114
v -0.00298780 0.00425001 0.09777217
v -0.00298780 0.00295001 0.09777217
v -0.00343734 0.00425001 0.09794205
v -0.00391442 0.00295001 0.09799977
v -0.00391442 0.00425001 0.09799977
v -0.00391442 0.00425001 0.04200204
v -0.00391442 0.00295001 0.04200204
v -0.00298780 0.00425001 0.04222964
v -0.00298780 0.00295001 0.04222964
v -0.00227207 0.00425001 0.04286068
v -0.00227207 0.00295001 0.04286068
v -0.00193018 0.00425001 0.04375147
v -0.00193018 0.00295001 0.04375147
v 0.02505612 0.00175000 0.08410101
v 0.02469641 0.00175000 0.08613496
v 0.02218371 0.00175000 0.08410101
v 0.02170384 0.00175000 0.08997982
v 0.02127784 0.00175000 0.08398177
v 0.01811927 0.00175000 0.09327965
v 0.01404047 0.00175000 0.09594449
v 0.00213253 0.00175000 0.04470091
v 0.00245404 0.00175000 0.04350092
v 0.00485551 0.00175000 0.09909766
v 0.00213253 0.00175000 0.09770092
v 0.00957864 0.00175000 0.09790161
v 0.00245404 0.00175000 0.09650090
v 0.00213253 0.00175000 0.09530091
v 0.02565109 0.00175000 0.05574673
v 0.02553677 0.00175000 0.05594387
v 0.02566605 0.00175000 0.05551928
v 0.02534675 0.00175000 0.05606978
v 0.02517277 0.00175000 0.05610102
v 0.02218371 0.00175000 0.05610102
v 0.00213253 0.00175000 0.04230090
v 0.00125408 0.00175000 0.04142245
v 0.02542114 0.00175000 0.08425932
v 0.02553516 0.00175000 0.08445769
v 0.02523076 0.00175000 0.08413251
v 0.02554887 0.00175000 0.08468606
v 0.02548813 0.00175000 0.08485278
v 0.00125408 0.00175000 0.09857937
v 0.02043372 0.00175000 0.05656993
v 0.01970887 0.00175000 0.05712616
v 0.01868373 0.00175000 0.08060103
v 0.01880300 0.00175000 0.08150690
v 0.01915264 0.00175000 0.08235102
v 0.00125408 0.00175000 0.04557937
v 0.02127784 0.00175000 0.05622029
v 0.01970887 0.00175000 0.08307590
v 0.02043372 0.00175000 0.08363210
v 0.01915264 0.00175000 0.05785104
v 0.01880300 0.00175000 0.05869516
v 0.01868373 0.00175000 0.05960103
v 0.00125408 0.00175000 0.09442245
v 0.00125408 0.00235000 0.09442245
v 0.00213253 0.00235000 0.09530091
v 0.00245404 0.00235000 0.09650090
v 0.00213253 0.00235000 0.09770092
v 0.00125408 0.00235000 0.09857937
v 0.00125408 0.00235000 0.04142245
v 0.00213253 0.00235000 0.04230090
v 0.00245404 0.00235000 0.04350092
v 0.00213253 0.00235000 0.04470091
v 0.00125408 0.00235000 0.04557937
v 0.02505612 0.00225001 0.08360102
v 0.02218371 0.00225001 0.08360102
v 0.02517277 0.00225001 0.05660104
v 0.02218371 0.00225001 0.05660104
v 0.01918369 0.00225001 0.05960103
v 0.01928591 0.00225001 0.05882456
v 0.01958567 0.00225001 0.05810102
v 0.02006238 0.00225001 0.05747970
v 0.02068370 0.00225001 0.05700295
v 0.02140724 0.00225001 0.05670326
v 0.01918369 0.00225001 0.08060103
v 0.02140724 0.00225001 0.08349880
v 0.02068370 0.00225001 0.08319911
v 0.02006238 0.00225001 0.08272236
v 0.01958567 0.00225001 0.08210104
v 0.01928591 0.00225001 0.08137750
v 0.00072908 0.00340001 0.09533178
v 0.00122320 0.00340001 0.09582590
v 0.00140404 0.00340001 0.09650090
v 0.00122320 0.00340001 0.09717592
v 0.00072908 0.00340001 0.09767004
v 0.00072908 0.00340001 0.04233178
v 0.00122320 0.00340001 0.04282590
v 0.00140404 0.00340001 0.04350092
v 0.00122320 0.00340001 0.04417592
v 0.00072908 0.00340001 0.04467004
v 0.02487194 0.00805000 0.08360102
v 0.02505612 0.00805000 0.08360102
v 0.02487194 0.00475000 0.08360102
v 0.02218371 0.00475000 0.08360102
v -0.00493783 0.01375000 0.04040917
v -0.00974101 0.01375000 0.04162549
v -0.01427841 0.01375000 0.04361578
v -0.01842636 0.01375000 0.04632580
v -0.02207172 0.01375000 0.04968157
v -0.02511502 0.01375000 0.05359154
v -0.02747322 0.01375000 0.05794915
v -0.02908200 0.01375000 0.06263544
v -0.02989751 0.01375000 0.06752261
v -0.02989751 0.01375000 0.07247739
v -0.02908200 0.01375000 0.07736456
v -0.02747322 0.01375000 0.08205085
v -0.02511502 0.01375000 0.08640843
v -0.02207172 0.01375000 0.09031843
v -0.01842636 0.01375000 0.09367421
v -0.01427841 0.01375000 0.09638422
v -0.00974101 0.01375000 0.09837451
v -0.00493783 0.01375000 0.09959083
v 0.02517277 0.00805000 0.05660104
v 0.02498060 0.00805000 0.05660104
v 0.02498060 0.00475000 0.05660104
v 0.02218371 0.00475000 0.05660104
v 0.01918369 0.00475000 0.05960103
v 0.01958567 0.00475000 0.05810102
v 0.02068370 0.00475000 0.05700295
v 0.01918369 0.00295001 0.07525092
v 0.01918369 0.00475000 0.07525092
v 0.01918369 0.00475000 0.08060103
v 0.01918369 0.00475000 0.06475090
v 0.01918369 0.00295001 0.06475090
v 0.02068370 0.00475000 0.08319911
v 0.01958567 0.00475000 0.08210104
v 0.00072908 0.00425001 0.09533178
v 0.00122320 0.00425001 0.09582590
v 0.00140404 0.00425001 0.09650090
v 0.00122320 0.00425001 0.09717592
v 0.00072908 0.00425001 0.09767004
v 0.00072908 0.00425001 0.04233178
v 0.00122320 0.00425001 0.04282590
v 0.00140404 0.00425001 0.04350092
v 0.00122320 0.00425001 0.04417592
v 0.00072908 0.00425001 0.04467004
v 0.02604156 0.00225001 0.08477109
v 0.02601415 0.00225001 0.08431434
v 0.02599817 0.00829428 0.08426543
v 0.02605354 0.00849385 0.08452930
v 0.02605426 0.00860724 0.08466225
v 0.02595400 0.00897961 0.08504125
v 0.02578616 0.00225001 0.08391764
v 0.02540534 0.00225001 0.08366399
v 0.02540534 0.00805000 0.08366399
v 0.02554464 0.00805000 0.08372848
v 0.02581191 0.00810922 0.08394622
v 0.02590447 0.00817255 0.08407154
v 0.02084434 0.00475000 0.08383461
v 0.02218371 0.00475000 0.08410101
v 0.02459132 0.00475000 0.08410101
v 0.01868373 0.00475000 0.07525092
v 0.01868373 0.00475000 0.08060103
v 0.01895016 0.00475000 0.08194041
v 0.01970887 0.00475000 0.08307590
v 0.02459132 0.00295001 0.08410101
v 0.02374589 0.00295001 0.08547955
v 0.00432431 0.00425001 0.04202493
v 0.00432431 0.00295001 0.04202493
v 0.00471210 0.00295001 0.04208689
v 0.00150460 0.00525000 0.04173812
v 0.00471210 0.00295001 0.09791493
v 0.00432431 0.00295001 0.09797689
v 0.00432431 0.00425001 0.09797689
v 0.00150460 0.00525000 0.09826370
v 0.02597046 0.00805000 0.08136889
v 0.02748811 0.00805000 0.07694816
v 0.02825743 0.00805000 0.07233792
v 0.02835327 0.01275000 0.06978922
v 0.02825743 0.00805000 0.06766390
v 0.02825743 0.01275000 0.06766390
v 0.02793628 0.01275000 0.06515618
v 0.02748811 0.00805000 0.06305366
v 0.02748811 0.01275000 0.06305366
v 0.02676594 0.01275000 0.06065401
v 0.02597046 0.00805000 0.05863293
v 0.02374589 0.00295001 0.05452227
v 0.02470529 0.00295001 0.05610102
v 0.02470529 0.00475000 0.05610102
v 0.02374589 0.01275000 0.05452227
v 0.02487391 0.01275000 0.05640440
v 0.02597046 0.01275000 0.05863293
v 0.00924307 0.00295001 0.09676754
v 0.01352340 0.00295001 0.09489002
v 0.01743626 0.00295001 0.09233358
v 0.02087503 0.00295001 0.08916797
v 0.02231127 0.01275000 0.05252215
v 0.02087503 0.00295001 0.05083384
v 0.02087503 0.01275000 0.05083384
v 0.01914721 0.01275000 0.04911213
v 0.01743626 0.00295001 0.04766824
v 0.01743626 0.01275000 0.04766824
v 0.01546734 0.01275000 0.04626652
v 0.01352340 0.00295001 0.04511180
v 0.01352340 0.01275000 0.04511180
v 0.01137101 0.01275000 0.04406219
v 0.00924307 0.00295001 0.04323428
v 0.00150460 0.01275000 0.04173812
v 0.00237995 0.01275000 0.04179665
v 0.00471210 0.01275000 0.04208689
v 0.00696891 0.01275000 0.04255869
v 0.00924307 0.01275000 0.04323428
v -0.02924514 0.01375000 0.06978174
v -0.02881343 0.01375000 0.06498497
v -0.02760172 0.01375000 0.06032374
v -0.02564282 0.01375000 0.05592396
v -0.02298963 0.01375000 0.05190452
v -0.01971376 0.01375000 0.04837402
v -0.01590389 0.01375000 0.04542785
v -0.01166278 0.01375000 0.04314562
v -0.00710511 0.01375000 0.04158901
v -0.00235403 0.01375000 0.04080003
v 0.00246215 0.01375000 0.04080003
v 0.00721323 0.01375000 0.04158901
v 0.01177090 0.01375000 0.04314562
v 0.01601201 0.01375000 0.04542785
v 0.01982188 0.01375000 0.04837402
v 0.02309775 0.01375000 0.05190452
v 0.02575093 0.01375000 0.05592396
v 0.02770984 0.01375000 0.06032374
v 0.02892154 0.01375000 0.06498497
v 0.02935326 0.01375000 0.06978174
v 0.02552074 0.00225001 0.05653854
v 0.02615934 0.00225001 0.05543756
v 0.02590072 0.00225001 0.05628671
v 0.02565425 0.00805000 0.05647748
v 0.02552074 0.00805000 0.05653854
v 0.02612942 0.00225001 0.05589240
v 0.02601730 0.00817299 0.05613657
v 0.02592957 0.00811246 0.05625468
v 0.02616959 0.00863072 0.05552145
v 0.02616959 0.00849368 0.05568095
v 0.02612620 0.00832335 0.05590265
v 0.02724033 0.00849011 0.05784645
v 0.02714163 0.00849011 0.08237230
v 0.02681917 0.00816955 0.08222529
v 0.02638775 0.00805000 0.08202865
v 0.02739006 0.00892791 0.05777966
v 0.02691662 0.00816955 0.05799087
v 0.02729082 0.00892791 0.08244031
v 0.02845311 0.00892791 0.07948535
v 0.02929645 0.00892791 0.07642408
v 0.02999228 0.00892791 0.07012066
v 0.02981144 0.00892791 0.07329082
v 0.02983695 0.00892791 0.06694915
v 0.02852851 0.00892791 0.06074386
v 0.02934718 0.00892791 0.06381183
v 0.02829754 0.00849011 0.07943349
v 0.02913630 0.00849011 0.07638898
v 0.02964848 0.00849011 0.07327282
v 0.02982831 0.00849011 0.07012000
v 0.02967387 0.00849011 0.06696581
v 0.02918678 0.00849011 0.06384566
v 0.02837252 0.00849011 0.06079447
v 0.02796131 0.00816955 0.07932141
v 0.02879011 0.00816955 0.07631304
v 0.02929616 0.00816955 0.07323392
v 0.02947390 0.00816955 0.07011857
v 0.02932125 0.00816955 0.06700187
v 0.02883994 0.00816955 0.06391876
v 0.02803540 0.00816955 0.06090384
v 0.02751153 0.00805000 0.07917147
v 0.02832698 0.00805000 0.07621150
v 0.02882492 0.00805000 0.07318192
v 0.02899974 0.00805000 0.07011666
v 0.02884960 0.00805000 0.06705009
v 0.02837604 0.00805000 0.06401660
v 0.02758443 0.00805000 0.06105017
v 0.02648365 0.00805000 0.05818405
v 0.01868373 0.00475000 0.06475090
v 0.01868373 0.00475000 0.05960103
v 0.01895016 0.00475000 0.05826163
v 0.01970887 0.00475000 0.05712616
v 0.02218371 0.00475000 0.05610102
v 0.02084434 0.00475000 0.05636745
v 0.01868373 0.00295001 0.06475090
v 0.01868373 0.00295001 0.07525092
v 0.00098067 0.00295001 0.09472852
v 0.01868373 0.00295001 0.08060103
v 0.02218371 0.00295001 0.08410101
v 0.02084434 0.00295001 0.08383461
v 0.01970887 0.00295001 0.08307590
v 0.00098067 0.00295001 0.04527330
v 0.00005406 0.00295001 0.04550090
v -0.00087256 0.00295001 0.04527330
v 0.00169641 0.00295001 0.04464229
v 0.01895016 0.00295001 0.05826163
v -0.00158829 0.00295001 0.04464229
v 0.00203830 0.00295001 0.09625035
v 0.00169641 0.00295001 0.09535953
v 0.01895016 0.00295001 0.08194041
v 0.02218371 0.00295001 0.05610102
v 0.02084434 0.00295001 0.05636745
v 0.01970887 0.00295001 0.05712616
v 0.01868373 0.00295001 0.05960103
v 0.00281721 0.00295001 0.09759574
v 0.00353223 0.00295001 0.09793874
v 0.00229168 0.00295001 0.09700181
v 0.00203830 0.00295001 0.04375147
v 0.00353223 0.00295001 0.04206308
v 0.00281721 0.00295001 0.04240607
v 0.00229168 0.00295001 0.04300001
v 0.00353223 0.00425001 0.09793874
v 0.00281721 0.00425001 0.09759574
v 0.00229168 0.00425001 0.09700181
v 0.00203830 0.00425001 0.09625035
v 0.00169641 0.00425001 0.09535953
v 0.00098067 0.00425001 0.09472852
v 0.00353223 0.00425001 0.04206308
v 0.00281721 0.00425001 0.04240607
v -0.00158829 0.00425001 0.04464229
v -0.00087256 0.00425001 0.04527330
v 0.00005406 0.00425001 0.04550090
v 0.00098067 0.00425001 0.04527330
v 0.00169641 0.00425001 0.04464229
v 0.00203830 0.00425001 0.04375147
v 0.00229168 0.00425001 0.04300001
v 0.00095135 0.00525000 0.09837165
v 0.00045567 0.00525000 0.09862580
v -0.00025714 0.01339265 0.04105993
v -0.00075132 0.01345001 0.04101210
v 0.00059753 0.01298890 0.04146721
v 0.00107515 0.01280065 0.04166868
v 0.00019037 0.01323302 0.04121821
v 0.00045567 0.01307770 0.04137602
v -0.00542850 0.01345001 0.04152387
v -0.00232935 0.01345001 0.04109900
v -0.00996137 0.01345001 0.04278525
v -0.00703180 0.01345001 0.04187991
v -0.01423061 0.01345001 0.04476305
v -0.01154280 0.01345001 0.04342061
v -0.01812381 0.01345001 0.04740521
v -0.01574046 0.01345001 0.04567947
v -0.02153850 0.01345001 0.05064216
v -0.01951141 0.01345001 0.04859545
v -0.02438480 0.01345001 0.05438866
v -0.02275366 0.01345001 0.05208980
v -0.02658779 0.01345001 0.05854618
v -0.02537972 0.01345001 0.05606809
v -0.02808953 0.01345001 0.06300517
v -0.02731854 0.01345001 0.06042283
v -0.02885038 0.01345001 0.06764834
v -0.02851785 0.01345001 0.06503635
v -0.02894515 0.01345001 0.06978398
v 0.00045567 0.00525000 0.04137602
v 0.00095135 0.00525000 0.04163017
v -0.00011838 0.00525000 0.09890535
v -0.00011838 0.00525000 0.04109647
v -0.00075132 0.00525000 0.04101210
v -0.00542850 0.00525000 0.04152387
v -0.00996137 0.00525000 0.04278525
v -0.01423061 0.00525000 0.04476305
v -0.01812381 0.00525000 0.04740521
v -0.02153850 0.00525000 0.05064216
v -0.02438480 0.00525000 0.05438866
v -0.02658779 0.00525000 0.05854618
v -0.02808953 0.00525000 0.06300517
v -0.02885038 0.00525000 0.06764834
v -0.02885038 0.00525000 0.07235344
v -0.02808953 0.00525000 0.07699662
v -0.02658779 0.00525000 0.08145564
v -0.02438480 0.00525000 0.08561315
v -0.02153850 0.00525000 0.08935966
v -0.01812381 0.00525000 0.09259661
v -0.01423061 0.00525000 0.09523877
v -0.00996137 0.00525000 0.09721654
v -0.00542850 0.00525000 0.09847795
v -0.00075132 0.00525000 0.09898972
v -0.03799999 -0.04225000 0.07000002
v -0.03799999 -0.01425001 0.07000002
v -0.03748173 -0.01425001 0.06374540
v -0.03748173 -0.04225000 0.06374540
v -0.03594107 -0.01425001 0.05766144
v -0.03594107 -0.04225000 0.05766144
v -0.03342003 -0.01425001 0.05191400
v -0.03342003 -0.04225000 0.05191400
v -0.02998734 -0.01425001 0.04665991
v -0.02998734 -0.04225000 0.04665991
v -0.02573669 -0.01425001 0.04204249
v -0.02573669 -0.04225000 0.04204249
v -0.02078402 -0.01425001 0.03818768
v -0.02078402 -0.04225000 0.03818768
v -0.01526445 -0.01425001 0.03520062
v -0.01526445 -0.04225000 0.03520062
v -0.00932843 -0.01425001 0.03316280
v -0.00932843 -0.04225000 0.03316280
v -0.00313801 -0.01425001 0.03212979
v -0.00313801 -0.04225000 0.03212979
v 0.00313800 -0.01425001 0.03212979
v 0.00313800 -0.04225000 0.03212979
v 0.00932842 -0.01425001 0.03316280
v 0.00932842 -0.04225000 0.03316280
v 0.01526445 -0.01425001 0.03520062
v 0.01526445 -0.04225000 0.03520062
v 0.02078402 -0.01425001 0.03818768
v 0.02078402 -0.04225000 0.03818768
v 0.02573669 -0.01425001 0.04204249
v 0.02573669 -0.04225000 0.04204249
v 0.02998733 -0.01425001 0.04665991
v 0.02998733 -0.04225000 0.04665991
v 0.03341999 -0.01425001 0.05191400
v 0.03341999 -0.04225000 0.05191400
v 0.03594106 -0.01425001 0.05766144
v 0.03594106 -0.04225000 0.05766144
v 0.03748172 -0.01425001 0.06374540
v 0.03748172 -0.04225000 0.06374540
v 0.03799998 -0.01425001 0.07000002
v 0.03799998 -0.04225000 0.07000002
v 0.03700000 -0.01325000 0.07000002
v 0.03649535 -0.01325000 0.06391000
v 0.03499522 -0.01325000 0.05798613
v 0.03254053 -0.01325000 0.05238994
v 0.02919823 -0.01325000 0.04727414
v 0.02505940 -0.01325000 0.04277822
v 0.02023708 -0.01325000 0.03902485
v 0.01486271 -0.01325000 0.03611638
v 0.00908297 -0.01325000 0.03413220
v 0.00305545 -0.01325000 0.03312638
v -0.00305546 -0.01325000 0.03312638
v -0.00908298 -0.01325000 0.03413220
v -0.01486272 -0.01325000 0.03611638
v -0.02023709 -0.01325000 0.03902485
v -0.02505941 -0.01325000 0.04277822
v -0.02919817 -0.01325000 0.04727414
v -0.03254050 -0.01325000 0.05238994
v -0.03499526 -0.01325000 0.05798613
v -0.03621614 -0.01325000 0.06242435
v -0.03649539 -0.01325000 0.06391000
v -0.03700000 -0.01325000 0.07000002
v 0.02505940 -0.04325000 0.04277822
v -0.03700000 -0.04325000 0.07000002
v -0.03649539 -0.04325000 0.06391000
v -0.03499526 -0.04325000 0.05798613
v -0.03254050 -0.04325000 0.05238994
v -0.03016323 -0.04325000 0.04857152
v -0.02919817 -0.04325000 0.04727414
v -0.02505941 -0.04325000 0.04277822
v -0.02144236 -0.04325000 0.03984662
v -0.02023709 -0.04325000 0.03902485
v -0.01486272 -0.04325000 0.03611638
v -0.00908298 -0.04325000 0.03413220
v -0.00305546 -0.04325000 0.03312638
v 0.00305545 -0.04325000 0.03312638
v 0.00908297 -0.04325000 0.03413220
v 0.01486271 -0.04325000 0.03611638
v 0.02023708 -0.04325000 0.03902485
v 0.02144235 -0.04325000 0.03984662
v 0.03254053 -0.04325000 0.05238994
v 0.03016322 -0.04325000 0.04857152
v 0.02919823 -0.04325000 0.04727414
v 0.03499522 -0.04325000 0.05798613
v 0.03649535 -0.04325000 0.06391000
v 0.03800001 -0.04225000 0.07000002
v 0.03700000 -0.04325000 0.07000002
v 0.03525000 -0.01325000 0.07000002
v 0.03525000 -0.01625000 0.07000002
v 0.03508255 -0.01325000 0.07062500
v 0.03508255 -0.01625000 0.07062500
v 0.03462499 -0.01325000 0.07108252
v 0.03462499 -0.01625000 0.07108252
v 0.03400001 -0.01325000 0.07125001
v 0.03400001 -0.01625000 0.07125001
v 0.03337499 -0.01325000 0.07108252
v 0.03337499 -0.01625000 0.07108252
v 0.03291747 -0.01325000 0.07062500
v 0.03291747 -0.01625000 0.07062500
v 0.03275001 -0.01325000 0.07000002
v 0.03275001 -0.01625000 0.07000002
v -0.01574999 -0.01325000 0.09944486
v -0.01574999 -0.01625000 0.09944486
v -0.01591748 -0.01325000 0.10006987
v -0.01591748 -0.01625000 0.10006987
v -0.01637501 -0.01325000 0.10052740
v -0.01637501 -0.01625000 0.10052740
v -0.01700002 -0.01325000 0.10069486
v -0.01700002 -0.01625000 0.10069486
v -0.01762498 -0.01325000 0.10052740
v -0.01762498 -0.01625000 0.10052740
v -0.01808250 -0.01325000 0.10006987
v -0.01808250 -0.01625000 0.10006987
v -0.01824999 -0.01325000 0.09944486
v -0.01824999 -0.01625000 0.09944486
v -0.01574999 -0.01325000 0.04055514
v -0.01574999 -0.01625000 0.04055514
v -0.01591748 -0.01325000 0.04118013
v -0.01591748 -0.01625000 0.04118013
v -0.01637501 -0.01325000 0.04163768
v -0.01637501 -0.01625000 0.04163768
v -0.01700002 -0.01325000 0.04180514
v -0.01700002 -0.01625000 0.04180514
v -0.01762498 -0.01325000 0.04163768
v -0.01762498 -0.01625000 0.04163768
v -0.01808250 -0.01325000 0.04118013
v -0.01808250 -0.01625000 0.04118013
v -0.01824999 -0.01325000 0.04055514
v -0.01824999 -0.01625000 0.04055514
v -0.03275001 -0.01325000 0.07000002
v -0.03275001 -0.01625000 0.07000002
v -0.03291744 -0.01325000 0.07062500
v -0.03291744 -0.01625000 0.07062500
v -0.03337503 -0.01325000 0.07108252
v -0.03337503 -0.01625000 0.07108252
v -0.03399998 -0.01325000 0.07125001
v -0.03399998 -0.01625000 0.07125001
v -0.03462500 -0.01325000 0.07108252
v -0.03462500 -0.01625000 0.07108252
v -0.03508252 -0.01325000 0.07062500
v -0.03508252 -0.01625000 0.07062500
v -0.03525001 -0.01325000 0.07000002
v -0.03525001 -0.01625000 0.07000002
v 0.01824998 -0.01325000 0.09944486
v 0.01824998 -0.01625000 0.09944486
v 0.01808256 -0.01325000 0.10006987
v 0.01808256 -0.01625000 0.10006987
v 0.01762497 -0.01325000 0.10052740
v 0.01762497 -0.01625000 0.10052740
v 0.01700002 -0.01325000 0.10069486
v 0.01700002 -0.01625000 0.10069486
v 0.01637500 -0.01325000 0.10052740
v 0.01637500 -0.01625000 0.10052740
v 0.01591748 -0.01325000 0.10006987
v 0.01591748 -0.01625000 0.10006987
v 0.01574999 -0.01325000 0.09944486
v 0.01574999 -0.01625000 0.09944486
v 0.01824998 -0.01325000 0.04055514
v 0.01824998 -0.01625000 0.04055514
v 0.01808256 -0.01325000 0.04118013
v 0.01808256 -0.01625000 0.04118013
v 0.01762497 -0.01325000 0.04163768
v 0.01762497 -0.01625000 0.04163768
v 0.01700002 -0.01325000 0.04180514
v 0.01700002 -0.01625000 0.04180514
v 0.01637500 -0.01325000 0.04163768
v 0.01637500 -0.01625000 0.04163768
v 0.01591748 -0.01325000 0.04118013
v 0.01591748 -0.01625000 0.04118013
v 0.01574999 -0.01325000 0.04055514
v 0.01574999 -0.01625000 0.04055514
v 0.01176125 -0.04325000 0.10141190
v 0.01176125 -0.03775000 0.10141190
v 0.01192873 -0.04325000 0.10203692
v 0.01192873 -0.03775000 0.10203692
v 0.01238626 -0.04325000 0.10249444
v 0.01238626 -0.03775000 0.10249444
v 0.01301121 -0.04325000 0.10266190
v 0.01301121 -0.03775000 0.10266190
v 0.01363623 -0.04325000 0.10249444
v 0.01363623 -0.03775000 0.10249444
v 0.01409375 -0.04325000 0.10203692
v 0.01409375 -0.03775000 0.10203692
v 0.01426124 -0.04325000 0.10141190
v 0.01426124 -0.03775000 0.10141190
v -0.03141189 -0.04325000 0.08426123
v -0.03141189 -0.03775000 0.08426123
v -0.03078688 -0.04325000 0.08409377
v -0.03078688 -0.03775000 0.08409377
v -0.03032935 -0.04325000 0.08363625
v -0.03032935 -0.03775000 0.08363625
v -0.03016192 -0.04325000 0.08301123
v -0.03016192 -0.03775000 0.08301123
v -0.03032935 -0.04325000 0.08238625
v -0.03032935 -0.03775000 0.08238625
v -0.03078688 -0.04325000 0.08192869
v -0.03078688 -0.03775000 0.08192869
v -0.03141189 -0.04325000 0.08176123
v -0.03141189 -0.03775000 0.08176123
v 0.03141191 -0.04325000 0.05823877
v 0.03141191 -0.03775000 0.05823877
v 0.03203690 -0.04325000 0.05807131
v 0.03203690 -0.03775000 0.05807131
v 0.03249442 -0.04325000 0.05761375
v 0.03249442 -0.03775000 0.05761375
v 0.03266191 -0.04325000 0.05698877
v 0.03266191 -0.03775000 0.05698877
v 0.03249442 -0.04325000 0.05636375
v 0.03249442 -0.03775000 0.05636375
v 0.03203690 -0.04325000 0.05590623
v 0.03203690 -0.03775000 0.05590623
v 0.03141191 -0.04325000 0.05573877
v 0.03141191 -0.03775000 0.05573877
v -0.01426125 -0.04325000 0.03858810
v -0.01426125 -0.03775000 0.03858810
v -0.01409376 -0.04325000 0.03921308
v -0.01409376 -0.03775000 0.03921308
v -0.01363623 -0.04325000 0.03967064
v -0.01363623 -0.03775000 0.03967064
v -0.01301122 -0.04325000 0.03983810
v -0.01301122 -0.03775000 0.03983810
v -0.01238627 -0.04325000 0.03967064
v -0.01238627 -0.03775000 0.03967064
v -0.01192868 -0.04325000 0.03921308
v -0.01192868 -0.03775000 0.03921308
v -0.01176125 -0.04325000 0.03858810
v -0.01176125 -0.03775000 0.03858810
v -0.03141189 -0.04325000 0.05823877
v -0.03141189 -0.03775000 0.05823877
v -0.03078688 -0.04325000 0.05807131
v -0.03078688 -0.03775000 0.05807131
v -0.03032935 -0.04325000 0.05761375
v -0.03032935 -0.03775000 0.05761375
v -0.03016192 -0.04325000 0.05698877
v -0.03016192 -0.03775000 0.05698877
v -0.03032935 -0.04325000 0.05636375
v -0.03032935 -0.03775000 0.05636375
v -0.03078688 -0.04325000 0.05590623
v -0.03078688 -0.03775000 0.05590623
v -0.03141189 -0.04325000 0.05573877
v -0.03141189 -0.03775000 0.05573877
v 0.01176125 -0.04325000 0.03858810
v 0.01176125 -0.03775000 0.03858810
v 0.01192873 -0.04325000 0.03921308
v 0.01192873 -0.03775000 0.03921308
v 0.01238626 -0.04325000 0.03967064
v 0.01238626 -0.03775000 0.03967064
v 0.01301121 -0.04325000 0.03983810
v 0.01301121 -0.03775000 0.03983810
v 0.01363623 -0.04325000 0.03967064
v 0.01363623 -0.03775000 0.03967064
v 0.01409375 -0.04325000 0.03921308
v 0.01409375 -0.03775000 0.03921308
v 0.01426124 -0.04325000 0.03858810
v 0.01426124 -0.03775000 0.03858810
v -0.01426125 -0.04325000 0.10141190
v -0.01426125 -0.03775000 0.10141190
v -0.01409376 -0.04325000 0.10203692
v -0.01409376 -0.03775000 0.10203692
v -0.01363623 -0.04325000 0.10249444
v -0.01363623 -0.03775000 0.10249444
v -0.01301122 -0.04325000 0.10266190
v -0.01301122 -0.03775000 0.10266190
v -0.01238627 -0.04325000 0.10249444
v -0.01238627 -0.03775000 0.10249444
v -0.01192868 -0.04325000 0.10203692
v -0.01192868 -0.03775000 0.10203692
v -0.01176125 -0.04325000 0.10141190
v -0.01176125 -0.03775000 0.10141190
v 0.03141191 -0.04325000 0.08426123
v 0.03141191 -0.03775000 0.08426123
v 0.03203690 -0.04325000 0.08409377
v 0.03203690 -0.03775000 0.08409377
v 0.03249442 -0.04325000 0.08363625
v 0.03249442 -0.03775000 0.08363625
v 0.03266191 -0.04325000 0.08301123
v 0.03266191 -0.03775000 0.08301123
v 0.03249442 -0.04325000 0.08238625
v 0.03249442 -0.03775000 0.08238625
v 0.03203690 -0.04325000 0.08192869
v 0.03203690 -0.03775000 0.08192869
v 0.03141191 -0.04325000 0.08176123
v 0.03141191 -0.03775000 0.08176123
v -0.02999998 -0.05775000 0.07000002
v -0.02999998 -0.04325000 0.07000002
v -0.02948922 -0.04325000 0.06448751
v -0.02948922 -0.05775000 0.06448751
v -0.02797419 -0.04325000 0.05916276
v -0.02797419 -0.05775000 0.05916276
v -0.02550650 -0.04325000 0.05420705
v -0.02550650 -0.05775000 0.05420705
v -0.02217025 -0.04325000 0.04978912
v -0.02217025 -0.05775000 0.04978912
v -0.01807905 -0.04325000 0.04605948
v -0.01807905 -0.05775000 0.04605948
v -0.01337213 -0.04325000 0.04314511
v -0.01337213 -0.05775000 0.04314511
v -0.00820989 -0.04325000 0.04114523
v -0.00820989 -0.05775000 0.04114523
v -0.00276804 -0.04325000 0.04012799
v -0.00276804 -0.05775000 0.04012799
v 0.00276804 -0.04325000 0.04012799
v 0.00276804 -0.05775000 0.04012799
v 0.00820988 -0.04325000 0.04114523
v 0.00820988 -0.05775000 0.04114523
v 0.01337218 -0.04325000 0.04314511
v 0.01337218 -0.05775000 0.04314511
v 0.01807904 -0.04325000 0.04605948
v 0.01807904 -0.05775000 0.04605948
v 0.02217024 -0.04325000 0.04978912
v 0.02217024 -0.05775000 0.04978912
v 0.02550649 -0.04325000 0.05420705
v 0.02550649 -0.05775000 0.05420705
v 0.02797418 -0.04325000 0.05916276
v 0.02797418 -0.05775000 0.05916276
v 0.02948922 -0.04325000 0.06448751
v 0.02948922 -0.05775000 0.06448751
v 0.03000003 -0.04325000 0.07000002
v 0.03000003 -0.05775000 0.07000002
v 0.01301121 -0.03734576 0.10141190
v -0.03141189 -0.03734576 0.08301123
v 0.03141191 -0.03734576 0.05698877
v 0.03032934 -0.03775000 0.05761375
v 0.03016191 -0.03775000 0.05698877
v 0.03078693 -0.03775000 0.05807131
v -0.01301122 -0.03734576 0.03858810
v -0.03141189 -0.03734576 0.05698877
v 0.01301121 -0.03734576 0.03858810
v -0.01301122 -0.03734576 0.10141190
v 0.03141191 -0.03734576 0.08301123
v -0.02899999 -0.05875000 0.07000002
v -0.02850622 -0.05875000 0.06467127
v -0.02704168 -0.05875000 0.05952399
v -0.02465630 -0.05875000 0.05473348
v -0.02143127 -0.05875000 0.05046283
v -0.01747638 -0.05875000 0.04685750
v -0.01292640 -0.05875000 0.04404026
v -0.00793624 -0.05875000 0.04210707
v -0.00267577 -0.05875000 0.04112371
v 0.00267577 -0.05875000 0.04112371
v 0.00793624 -0.05875000 0.04210707
v 0.01292640 -0.05875000 0.04404026
v 0.01747638 -0.05875000 0.04685750
v 0.02143126 -0.05875000 0.05046283
v 0.02465629 -0.05875000 0.05473348
v 0.02704167 -0.05875000 0.05952399
v 0.02850622 -0.05875000 0.06467127
v 0.02899998 -0.05875000 0.07000002
v -0.02120000 -0.05875000 0.07000002
v -0.02120000 -0.05725000 0.07000002
v -0.02066845 -0.05875000 0.07471745
v -0.02066845 -0.05725000 0.07471745
v -0.01910055 -0.05875000 0.07919832
v -0.01910055 -0.05725000 0.07919832
v -0.01657480 -0.05875000 0.08321797
v -0.01657480 -0.05725000 0.08321797
v -0.01321799 -0.05875000 0.08657482
v -0.01321799 -0.05725000 0.08657482
v -0.00919831 -0.05875000 0.08910053
v -0.00919831 -0.05725000 0.08910053
v -0.00471747 -0.05875000 0.09066846
v -0.00471747 -0.05725000 0.09066846
v -0.00000000 -0.05875000 0.09120002
v -0.00000000 -0.05725000 0.09120002
v 0.00471747 -0.05875000 0.09066846
v 0.00471747 -0.05725000 0.09066846
v 0.00919836 -0.05875000 0.08910053
v 0.00919836 -0.05725000 0.08910053
v 0.01321798 -0.05875000 0.08657482
v 0.01321798 -0.05725000 0.08657482
v 0.01657486 -0.05875000 0.08321797
v 0.01657486 -0.05725000 0.08321797
v 0.01910054 -0.05875000 0.07919832
v 0.01910054 -0.05725000 0.07919832
v 0.02066844 -0.05875000 0.07471745
v 0.02066844 -0.05725000 0.07471745
v 0.02120000 -0.05875000 0.07000002
v 0.02120000 -0.05725000 0.07000002
v -0.02099997 -0.05875000 0.07000002
v -0.02099997 -0.05725000 0.07000002
v -0.02047348 -0.05725000 0.06532707
v -0.02047348 -0.05875000 0.06532707
v -0.01892037 -0.05725000 0.06088843
v -0.01892037 -0.05875000 0.06088843
v -0.01641846 -0.05725000 0.05690672
v -0.01641846 -0.05875000 0.05690672
v -0.01309330 -0.05725000 0.05358153
v -0.01309330 -0.05875000 0.05358153
v -0.00911159 -0.05725000 0.05107965
v -0.00911159 -0.05875000 0.05107965
v -0.00467295 -0.05725000 0.04952651
v -0.00467295 -0.05875000 0.04952651
v -0.00000000 -0.05725000 0.04899999
v -0.00000000 -0.05875000 0.04899999
v 0.00467294 -0.05725000 0.04952651
v 0.00467294 -0.05875000 0.04952651
v 0.00911158 -0.05725000 0.05107965
v 0.00911158 -0.05875000 0.05107965
v 0.01309329 -0.05725000 0.05358153
v 0.01309329 -0.05875000 0.05358153
v 0.01641845 -0.05725000 0.05690672
v 0.01641845 -0.05875000 0.05690672
v 0.01892036 -0.05725000 0.06088843
v 0.01892036 -0.05875000 0.06088843
v 0.02047348 -0.05725000 0.06532707
v 0.02047348 -0.05875000 0.06532707
v 0.02100002 -0.05725000 0.07000002
v 0.02100002 -0.05875000 0.07000002
v -0.00000000 -0.05925000 0.09049999
v -0.00000000 -0.05875000 0.09100001
v -0.00467295 -0.05875000 0.09047350
v -0.00456167 -0.05925000 0.08998602
v -0.00911159 -0.05875000 0.08892035
v -0.00889463 -0.05925000 0.08846986
v -0.01309330 -0.05875000 0.08641847
v -0.01278156 -0.05925000 0.08602756
v -0.01641846 -0.05875000 0.08309328
v -0.01602757 -0.05925000 0.08278155
v -0.01892037 -0.05875000 0.07911157
v -0.01846987 -0.05925000 0.07889461
v -0.02047348 -0.05875000 0.07467293
v -0.01998604 -0.05925000 0.07456168
v -0.02050001 -0.05925000 0.07000002
v -0.01998604 -0.05925000 0.06543832
v -0.01846987 -0.05925000 0.06110539
v -0.01602757 -0.05925000 0.05721845
v -0.01278156 -0.05925000 0.05397245
v -0.00889463 -0.05925000 0.05153015
v -0.00456167 -0.05925000 0.05001398
v -0.00000000 -0.05925000 0.04950001
v -0.01459039 -0.05925000 0.06249999
v -0.01459039 -0.05325000 0.06249999
v -0.01437605 -0.05925000 0.06330001
v -0.01437605 -0.05325000 0.06330001
v -0.01379037 -0.05925000 0.06388565
v -0.01379037 -0.05325000 0.06388565
v -0.01299036 -0.05925000 0.06409999
v -0.01299036 -0.05325000 0.06409999
v -0.01219040 -0.05925000 0.06388565
v -0.01219040 -0.05325000 0.06388565
v -0.01160473 -0.05925000 0.06330001
v -0.01160473 -0.05325000 0.06330001
v -0.01139039 -0.05925000 0.06249999
v -0.01139039 -0.05325000 0.06249999
v -0.00159997 -0.05925000 0.08500000
v -0.00159997 -0.05325000 0.08500000
v -0.00138563 -0.05925000 0.08580001
v -0.00138563 -0.05325000 0.08580001
v -0.00080002 -0.05925000 0.08638563
v -0.00080002 -0.05325000 0.08638563
v -0.00000000 -0.05925000 0.08660000
v -0.00000000 -0.05325000 0.08660000
v 0.00080001 -0.05925000 0.08638563
v 0.00080001 -0.05325000 0.08638563
v 0.00138563 -0.05925000 0.08580001
v 0.00138563 -0.05325000 0.08580001
v 0.00160002 -0.05925000 0.08500000
v 0.00160002 -0.05325000 0.08500000
v 0.01139039 -0.05925000 0.06249999
v 0.01139039 -0.05325000 0.06249999
v 0.01160472 -0.05925000 0.06330001
v 0.01160472 -0.05325000 0.06330001
v 0.01219040 -0.05925000 0.06388565
v 0.01219040 -0.05325000 0.06388565
v 0.01299035 -0.05925000 0.06409999
v 0.01299035 -0.05325000 0.06409999
v 0.01379037 -0.05925000 0.06388565
v 0.01379037 -0.05325000 0.06388565
v 0.01437604 -0.05925000 0.06330001
v 0.01437604 -0.05325000 0.06330001
v 0.01459038 -0.05925000 0.06249999
v 0.01459038 -0.05325000 0.06249999
v 0.00849998 -0.05875000 0.07000002
v 0.00900000 -0.05925000 0.07000002
v 0.00798738 -0.05875000 0.07290717
v 0.00845724 -0.05925000 0.07307818
v 0.00651139 -0.05875000 0.07546370
v 0.00689441 -0.05925000 0.07578509
v 0.00424999 -0.05875000 0.07736122
v 0.00450003 -0.05925000 0.07779422
v 0.00147599 -0.05875000 0.07837086
v 0.00156283 -0.05925000 0.07886329
v -0.00147599 -0.05875000 0.07837086
v -0.00156284 -0.05925000 0.07886329
v -0.00424999 -0.05875000 0.07736122
v -0.00449997 -0.05925000 0.07779422
v -0.00651139 -0.05875000 0.07546370
v -0.00689441 -0.05925000 0.07578509
v -0.00798738 -0.05875000 0.07290717
v -0.00845725 -0.05925000 0.07307818
v -0.00849998 -0.05875000 0.07000002
v -0.00900001 -0.05925000 0.07000002
v 0.00199997 -0.05925000 0.05575000
v 0.00199997 -0.06175000 0.05575000
v 0.00173205 -0.06175000 0.05474999
v 0.00173205 -0.05925000 0.05474999
v 0.00099998 -0.06175000 0.05401795
v 0.00099998 -0.05925000 0.05401795
v -0.00000000 -0.06175000 0.05375000
v -0.00000000 -0.05925000 0.05375000
v -0.00099999 -0.06175000 0.05401795
v -0.00099999 -0.05925000 0.05401795
v -0.00173205 -0.06175000 0.05474999
v -0.00173205 -0.05925000 0.05474999
v -0.00199998 -0.06175000 0.05575000
v -0.00199998 -0.05925000 0.05575000
v 0.01434087 -0.05925000 0.07712501
v 0.01434087 -0.06175000 0.07712501
v 0.01407289 -0.06175000 0.07612499
v 0.01407289 -0.05925000 0.07612499
v 0.01334089 -0.06175000 0.07539295
v 0.01334089 -0.05925000 0.07539295
v 0.01234084 -0.06175000 0.07512500
v 0.01234084 -0.05925000 0.07512500
v 0.01134085 -0.06175000 0.07539295
v 0.01134085 -0.05925000 0.07539295
v 0.01060879 -0.06175000 0.07612499
v 0.01060879 -0.05925000 0.07612499
v 0.01034087 -0.06175000 0.07712501
v 0.01034087 -0.05925000 0.07712501
v -0.01034087 -0.05925000 0.07712501
v -0.01034087 -0.06175000 0.07712501
v -0.01060880 -0.06175000 0.07612499
v -0.01060880 -0.05925000 0.07612499
v -0.01134086 -0.06175000 0.07539295
v -0.01134086 -0.05925000 0.07539295
v -0.01234085 -0.06175000 0.07512500
v -0.01234085 -0.05925000 0.07512500
v -0.01334083 -0.06175000 0.07539295
v -0.01334083 -0.05925000 0.07539295
v -0.01407290 -0.06175000 0.07612499
v -0.01407290 -0.05925000 0.07612499
v -0.01434088 -0.06175000 0.07712501
v -0.01434088 -0.05925000 0.07712501
v -0.00849998 -0.05725000 0.07000002
v -0.00798738 -0.05725000 0.07290717
v -0.00651139 -0.05725000 0.07546370
v -0.00424999 -0.05725000 0.07736122
v -0.00147599 -0.05725000 0.07837086
v 0.00147599 -0.05725000 0.07837086
v 0.00424999 -0.05725000 0.07736122
v 0.00651139 -0.05725000 0.07546370
v 0.00798738 -0.05725000 0.07290717
v 0.00849998 -0.05725000 0.07000002
v -0.00400001 -0.05745000 0.07000002
v -0.00400001 -0.05725000 0.07000002
v -0.00346411 -0.05725000 0.06800001
v -0.00346411 -0.05745000 0.06800001
v -0.00199998 -0.05725000 0.06653591
v -0.00199998 -0.05745000 0.06653591
v -0.00000000 -0.05725000 0.06600001
v -0.00000000 -0.05745000 0.06600001
v 0.00199997 -0.05725000 0.06653591
v 0.00199997 -0.05745000 0.06653591
v 0.00346410 -0.05725000 0.06800001
v 0.00346410 -0.05745000 0.06800001
v 0.00400001 -0.05725000 0.07000002
v 0.00400001 -0.05745000 0.07000002
v -0.00370002 -0.05775000 0.07000002
v -0.00320429 -0.05775000 0.06815001
v -0.00185001 -0.05775000 0.06679570
v -0.00000000 -0.05775000 0.06630000
v 0.00185001 -0.05775000 0.06679570
v 0.00320428 -0.05775000 0.06815001
v 0.00370002 -0.05775000 0.07000002
v -0.00150001 -0.05775000 0.07000002
v -0.00150001 -0.03595000 0.07000002
v -0.00129903 -0.05775000 0.07074999
v -0.00129903 -0.03595000 0.07074999
v -0.00075001 -0.05775000 0.07129904
v -0.00075001 -0.03595000 0.07129904
v -0.00000000 -0.05775000 0.07150000
v -0.00000000 -0.03595000 0.07150000
v 0.00075000 -0.05775000 0.07129904
v 0.00075000 -0.03595000 0.07129904
v 0.00129902 -0.05775000 0.07074999
v 0.00129902 -0.03595000 0.07074999
v 0.00150001 -0.05775000 0.07000002
v 0.00150001 -0.03595000 0.07000002
v 0.03748172 -0.01425001 0.07625460
v 0.03748172 -0.04225000 0.07625460
v 0.03594106 -0.01425001 0.08233859
v 0.03594106 -0.04225000 0.08233859
v 0.03341999 -0.01425001 0.08808600
v 0.03341999 -0.04225000 0.08808600
v 0.02998733 -0.01425001 0.09334009
v 0.02998733 -0.04225000 0.09334009
v 0.02573669 -0.01425001 0.09795751
v 0.02573669 -0.04225000 0.09795751
v 0.02078402 -0.01425001 0.10181233
v 0.02078402 -0.04225000 0.10181233
v 0.01526445 -0.01425001 0.10479938
v 0.01526445 -0.04225000 0.10479938
v 0.00932842 -0.01425001 0.10683721
v 0.00932842 -0.04225000 0.10683721
v 0.00313800 -0.01425001 0.10787021
v 0.00313800 -0.04225000 0.10787021
v -0.00313801 -0.01425001 0.10787021
v -0.00313801 -0.04225000 0.10787021
v -0.00932843 -0.01425001 0.10683721
v -0.00932843 -0.04225000 0.10683721
v -0.01526445 -0.01425001 0.10479938
v -0.01526445 -0.04225000 0.10479938
v -0.02078402 -0.01425001 0.10181233
v -0.02078402 -0.04225000 0.10181233
v -0.02573669 -0.01425001 0.09795751
v -0.02573669 -0.04225000 0.09795751
v -0.02998734 -0.01425001 0.09334009
v -0.02998734 -0.04225000 0.09334009
v -0.03342003 -0.01425001 0.08808600
v -0.03342003 -0.04225000 0.08808600
v -0.03594107 -0.01425001 0.08233859
v -0.03594107 -0.04225000 0.08233859
v -0.03748173 -0.01425001 0.07625460
v -0.03748173 -0.04225000 0.07625460
v -0.03499526 -0.01325000 0.08201387
v -0.03621614 -0.01325000 0.07757565
v -0.03649539 -0.01325000 0.07609000
v -0.00908298 -0.01325000 0.10586783
v -0.01486272 -0.01325000 0.10388362
v -0.02023709 -0.01325000 0.10097515
v -0.02505941 -0.01325000 0.09722178
v -0.02919817 -0.01325000 0.09272587
v -0.03254050 -0.01325000 0.08761006
v 0.00305545 -0.01325000 0.10687362
v -0.00000000 -0.01325000 0.10700002
v -0.00305546 -0.01325000 0.10687362
v 0.00908297 -0.01325000 0.10586783
v 0.01486271 -0.01325000 0.10388362
v 0.02023708 -0.01325000 0.10097515
v 0.02505940 -0.01325000 0.09722178
v 0.02919823 -0.01325000 0.09272587
v 0.03254053 -0.01325000 0.08761006
v 0.03499522 -0.01325000 0.08201387
v 0.03649535 -0.01325000 0.07609000
v -0.02505941 -0.04325000 0.09722178
v 0.03649535 -0.04325000 0.07609000
v 0.03499522 -0.04325000 0.08201387
v 0.03254053 -0.04325000 0.08761006
v 0.03016322 -0.04325000 0.09142848
v 0.02919823 -0.04325000 0.09272587
v 0.02505940 -0.04325000 0.09722178
v 0.02144235 -0.04325000 0.10015338
v 0.02023708 -0.04325000 0.10097515
v 0.01486271 -0.04325000 0.10388362
v 0.00908297 -0.04325000 0.10586783
v 0.00305545 -0.04325000 0.10687362
v -0.00000000 -0.04325000 0.10700002
v -0.00305546 -0.04325000 0.10687362
v -0.00908298 -0.04325000 0.10586783
v -0.01486272 -0.04325000 0.10388362
v -0.02023709 -0.04325000 0.10097515
v -0.02144236 -0.04325000 0.10015338
v -0.03254050 -0.04325000 0.08761006
v -0.03016323 -0.04325000 0.09142848
v -0.02919817 -0.04325000 0.09272587
v -0.03499526 -0.04325000 0.08201387
v -0.03649539 -0.04325000 0.07609000
v 0.02550000 -0.01325000 0.05527758
v -0.00000000 -0.01325000 0.03615256
v -0.02550000 -0.01325000 0.08472242
v 0.02550000 -0.01325000 0.08472242
v 0.03291747 -0.01325000 0.06937500
v 0.03337499 -0.01325000 0.06891748
v 0.03400001 -0.01325000 0.06875002
v 0.03462499 -0.01325000 0.06891748
v 0.03508255 -0.01325000 0.06937500
v -0.00000000 -0.01325000 0.08472242
v 0.01591748 -0.01325000 0.09881987
v 0.01637500 -0.01325000 0.09836232
v 0.01700002 -0.01325000 0.09819486
v 0.01762497 -0.01325000 0.09836232
v 0.01808256 -0.01325000 0.09881987
v -0.01700002 -0.01325000 0.09819486
v -0.01808250 -0.01325000 0.09881987
v -0.01762498 -0.01325000 0.09836232
v -0.01637501 -0.01325000 0.09836232
v -0.01591748 -0.01325000 0.09881987
v -0.03399998 -0.01325000 0.06875002
v -0.03337503 -0.01325000 0.06891748
v -0.02550000 -0.01325000 0.05527758
v -0.03291744 -0.01325000 0.06937500
v -0.03508252 -0.01325000 0.06937500
v -0.03462500 -0.01325000 0.06891748
v -0.00000000 -0.01325000 0.05527758
v -0.01808250 -0.01325000 0.03993013
v -0.01762498 -0.01325000 0.03947260
v -0.01700002 -0.01325000 0.03930514
v -0.01637501 -0.01325000 0.03947260
v -0.01591748 -0.01325000 0.03993013
v 0.01700002 -0.01325000 0.03930514
v 0.01591748 -0.01325000 0.03993013
v 0.01637500 -0.01325000 0.03947260
v 0.01762497 -0.01325000 0.03947260
v 0.01808256 -0.01325000 0.03993013
v -0.00000000 -0.04325000 0.03516906
v 0.03483095 -0.04325000 0.07000002
v 0.03078693 -0.04325000 0.08409377
v -0.01807905 -0.04325000 0.09394052
v -0.02213061 -0.04325000 0.09213062
v -0.02217025 -0.04325000 0.09021088
v -0.00000000 -0.04325000 0.10008096
v 0.00276804 -0.04325000 0.09987202
v -0.00276804 -0.04325000 0.09987202
v 0.00820988 -0.04325000 0.09885477
v 0.01337218 -0.04325000 0.09685489
v 0.01807904 -0.04325000 0.09394052
v 0.02217024 -0.04325000 0.09021088
v 0.02550649 -0.04325000 0.08579298
v -0.02797419 -0.04325000 0.08083724
v -0.02948922 -0.04325000 0.07551249
v -0.03008098 -0.04325000 0.07000002
v -0.02550650 -0.04325000 0.08579298
v -0.01337213 -0.04325000 0.09685489
v -0.00820989 -0.04325000 0.09885477
v 0.03008097 -0.04325000 0.07000002
v 0.02797418 -0.04325000 0.08083724
v 0.02948922 -0.04325000 0.07551249
v -0.00000000 -0.04325000 0.03991904
v -0.03249443 -0.04325000 0.08238625
v -0.03203690 -0.04325000 0.08192869
v -0.03266192 -0.04325000 0.08301123
v -0.03249443 -0.04325000 0.08363625
v -0.03203690 -0.04325000 0.08409377
v -0.01192868 -0.04325000 0.10078692
v -0.01238627 -0.04325000 0.10032936
v -0.01301122 -0.04325000 0.10016190
v -0.01363623 -0.04325000 0.10032936
v -0.01409376 -0.04325000 0.10078692
v 0.01409375 -0.04325000 0.10078692
v 0.01238626 -0.04325000 0.10032936
v 0.01301121 -0.04325000 0.10016190
v 0.01363623 -0.04325000 0.10032936
v 0.01192873 -0.04325000 0.10078692
v 0.03078693 -0.04325000 0.08192869
v 0.03032934 -0.04325000 0.08238625
v 0.03016191 -0.04325000 0.08301123
v 0.03032934 -0.04325000 0.08363625
v 0.03032934 -0.04325000 0.05761375
v 0.03016191 -0.04325000 0.05698877
v 0.03032934 -0.04325000 0.05636375
v 0.03078693 -0.04325000 0.05590623
v 0.03078693 -0.04325000 0.05807131
v 0.01301121 -0.04325000 0.03733810
v 0.01363623 -0.04325000 0.03750556
v 0.01409375 -0.04325000 0.03796308
v 0.01192873 -0.04325000 0.03796308
v 0.01238626 -0.04325000 0.03750556
v -0.01301122 -0.04325000 0.03733810
v -0.01192868 -0.04325000 0.03796308
v -0.01238627 -0.04325000 0.03750556
v -0.01363623 -0.04325000 0.03750556
v -0.01409376 -0.04325000 0.03796308
v -0.03249443 -0.04325000 0.05761375
v -0.03203690 -0.04325000 0.05590623
v -0.03249443 -0.04325000 0.05636375
v -0.03266192 -0.04325000 0.05698877
v -0.03203690 -0.04325000 0.05807131
v 0.03291747 -0.01625000 0.06937500
v 0.03337499 -0.01625000 0.06891748
v 0.03400001 -0.01625000 0.06875002
v 0.03462499 -0.01625000 0.06891748
v 0.03508255 -0.01625000 0.06937500
v -0.01808250 -0.01625000 0.09881987
v -0.01762498 -0.01625000 0.09836232
v -0.01700002 -0.01625000 0.09819486
v -0.01637501 -0.01625000 0.09836232
v -0.01591748 -0.01625000 0.09881987
v -0.01808250 -0.01625000 0.03993013
v -0.01762498 -0.01625000 0.03947260
v -0.01700002 -0.01625000 0.03930514
v -0.01637501 -0.01625000 0.03947260
v -0.01591748 -0.01625000 0.03993013
v -0.03508252 -0.01625000 0.06937500
v -0.03462500 -0.01625000 0.06891748
v -0.03399998 -0.01625000 0.06875002
v -0.03337503 -0.01625000 0.06891748
v -0.03291744 -0.01625000 0.06937500
v 0.01591748 -0.01625000 0.09881987
v 0.01637500 -0.01625000 0.09836232
v 0.01700002 -0.01625000 0.09819486
v 0.01762497 -0.01625000 0.09836232
v 0.01808256 -0.01625000 0.09881987
v 0.01591748 -0.01625000 0.03993013
v 0.01637500 -0.01625000 0.03947260
v 0.01700002 -0.01625000 0.03930514
v 0.01762497 -0.01625000 0.03947260
v 0.01808256 -0.01625000 0.03993013
v 0.01409375 -0.03775000 0.10078692
v 0.01363623 -0.03775000 0.10032936
v 0.01301121 -0.03775000 0.10016190
v 0.01238626 -0.03775000 0.10032936
v 0.01192873 -0.03775000 0.10078692
v -0.03203690 -0.03775000 0.08192869
v -0.03249443 -0.03775000 0.08238625
v -0.03266192 -0.03775000 0.08301123
v -0.03249443 -0.03775000 0.08363625
v -0.03203690 -0.03775000 0.08409377
v 0.03078693 -0.03775000 0.05590623
v 0.03032934 -0.03775000 0.05636375
v -0.01192868 -0.03775000 0.03796308
v -0.01238627 -0.03775000 0.03750556
v -0.01301122 -0.03775000 0.03733810
v -0.01363623 -0.03775000 0.03750556
v -0.01409376 -0.03775000 0.03796308
v -0.03203690 -0.03775000 0.05590623
v -0.03249443 -0.03775000 0.05636375
v -0.03266192 -0.03775000 0.05698877
v -0.03249443 -0.03775000 0.05761375
v -0.03203690 -0.03775000 0.05807131
v 0.01409375 -0.03775000 0.03796308
v 0.01363623 -0.03775000 0.03750556
v 0.01301121 -0.03775000 0.03733810
v 0.01238626 -0.03775000 0.03750556
v 0.01192873 -0.03775000 0.03796308
v -0.01192868 -0.03775000 0.10078692
v -0.01238627 -0.03775000 0.10032936
v -0.01301122 -0.03775000 0.10016190
v -0.01363623 -0.03775000 0.10032936
v -0.01409376 -0.03775000 0.10078692
v 0.03078693 -0.03775000 0.08192869
v 0.03032934 -0.03775000 0.08238625
v 0.03016191 -0.03775000 0.08301123
v 0.03032934 -0.03775000 0.08363625
v 0.03078693 -0.03775000 0.08409377
v 0.02948922 -0.05775000 0.07551249
v 0.02797418 -0.05775000 0.08083724
v 0.02550649 -0.05775000 0.08579298
v 0.02217024 -0.05775000 0.09021088
v 0.01807904 -0.05775000 0.09394052
v 0.01337218 -0.05775000 0.09685489
v 0.00820988 -0.05775000 0.09885477
v 0.00276804 -0.05775000 0.09987202
v -0.00276804 -0.05775000 0.09987202
v -0.00820989 -0.05775000 0.09885477
v -0.01337213 -0.05775000 0.09685489
v -0.01807905 -0.05775000 0.09394052
v -0.02217025 -0.05775000 0.09021088
v -0.02550650 -0.05775000 0.08579298
v -0.02797419 -0.05775000 0.08083724
v -0.02948922 -0.05775000 0.07551249
v 0.02850622 -0.05875000 0.07532873
v 0.02704167 -0.05875000 0.08047601
v 0.02465629 -0.05875000 0.08526652
v 0.02143126 -0.05875000 0.08953717
v 0.01747638 -0.05875000 0.09314250
v 0.01292640 -0.05875000 0.09595975
v 0.00793624 -0.05875000 0.09789293
v 0.00267577 -0.05875000 0.09887629
v -0.00267577 -0.05875000 0.09887629
v -0.00793624 -0.05875000 0.09789293
v -0.01292640 -0.05875000 0.09595975
v -0.01747638 -0.05875000 0.09314250
v -0.02143127 -0.05875000 0.08953717
v -0.02465630 -0.05875000 0.08526652
v -0.02704168 -0.05875000 0.08047601
v -0.02850622 -0.05875000 0.07532873
v 0.01657486 -0.05875000 0.05678203
v 0.01910054 -0.05875000 0.06080168
v 0.02066844 -0.05875000 0.06528255
v -0.00471747 -0.05875000 0.04933154
v -0.00000000 -0.05875000 0.04880001
v 0.00471747 -0.05875000 0.04933154
v 0.00919836 -0.05875000 0.05089947
v 0.01321798 -0.05875000 0.05342519
v -0.02066845 -0.05875000 0.06528255
v -0.01910055 -0.05875000 0.06080168
v -0.01657480 -0.05875000 0.05678203
v -0.01321799 -0.05875000 0.05342519
v -0.00919831 -0.05875000 0.05089947
v 0.02066844 -0.05725000 0.06528255
v 0.01910054 -0.05725000 0.06080168
v 0.01657486 -0.05725000 0.05678203
v 0.01321798 -0.05725000 0.05342519
v 0.00919836 -0.05725000 0.05089947
v 0.00471747 -0.05725000 0.04933154
v -0.00000000 -0.05725000 0.04880001
v -0.00471747 -0.05725000 0.04933154
v -0.00919831 -0.05725000 0.05089947
v -0.01321799 -0.05725000 0.05342519
v -0.01657480 -0.05725000 0.05678203
v -0.01910055 -0.05725000 0.06080168
v -0.02066845 -0.05725000 0.06528255
v -0.00467295 -0.05725000 0.09047350
v -0.00911159 -0.05725000 0.08892035
v -0.01309330 -0.05725000 0.08641847
v -0.01641846 -0.05725000 0.08309328
v -0.01892037 -0.05725000 0.07911157
v -0.02047348 -0.05725000 0.07467293
v 0.02047348 -0.05725000 0.07467293
v 0.01892036 -0.05725000 0.07911157
v 0.01641845 -0.05725000 0.08309328
v 0.01309329 -0.05725000 0.08641847
v 0.00911158 -0.05725000 0.08892035
v 0.00467294 -0.05725000 0.09047350
v -0.00000000 -0.05725000 0.09100001
v 0.02047348 -0.05875000 0.07467293
v 0.01892036 -0.05875000 0.07911157
v 0.01641845 -0.05875000 0.08309328
v 0.01309329 -0.05875000 0.08641847
v 0.00911158 -0.05875000 0.08892035
v 0.00467294 -0.05875000 0.09047350
v 0.00456166 -0.05925000 0.05001398
v 0.00889462 -0.05925000 0.05153015
v 0.01278156 -0.05925000 0.05397245
v 0.01602757 -0.05925000 0.05721845
v 0.01846987 -0.05925000 0.06110539
v 0.01998603 -0.05925000 0.06543832
v 0.02050000 -0.05925000 0.07000002
v 0.01998603 -0.05925000 0.07456168
v 0.01846987 -0.05925000 0.07889461
v 0.01708597 -0.05925000 0.08132782
v 0.01602757 -0.05925000 0.08278155
v 0.01278156 -0.05925000 0.08602756
v 0.00889462 -0.05925000 0.08846986
v 0.00456166 -0.05925000 0.08998602
v -0.01407290 -0.05925000 0.07812499
v -0.01086563 -0.05925000 0.06961250
v -0.00967044 -0.05925000 0.06961250
v -0.01234085 -0.05925000 0.07912501
v -0.01134086 -0.05925000 0.07885706
v -0.01086563 -0.05925000 0.07906251
v -0.01060880 -0.05925000 0.07812499
v -0.00967044 -0.05925000 0.07906251
v 0.01234084 -0.05925000 0.07912501
v 0.00967043 -0.05925000 0.07906251
v 0.01134085 -0.05925000 0.07885706
v 0.01060879 -0.05925000 0.07812499
v 0.01446563 -0.05925000 0.06961250
v 0.01446563 -0.05925000 0.07906251
v 0.01407289 -0.05925000 0.07812499
v 0.00967043 -0.05925000 0.06961250
v -0.00845725 -0.05925000 0.06692182
v -0.00550002 -0.05925000 0.07906251
v -0.00550002 -0.05925000 0.06095000
v -0.00449997 -0.05925000 0.06220578
v -0.00967044 -0.05925000 0.06095000
v -0.00689441 -0.05925000 0.06421491
v 0.00550002 -0.05925000 0.06095000
v 0.00156283 -0.05925000 0.06113674
v -0.00156284 -0.05925000 0.06113674
v 0.00845724 -0.05925000 0.06692182
v 0.00967043 -0.05925000 0.06095000
v 0.00689441 -0.05925000 0.06421491
v 0.00450003 -0.05925000 0.06220578
v 0.00550002 -0.05925000 0.07906251
v 0.01160472 -0.05925000 0.06170001
v 0.01219040 -0.05925000 0.06111436
v 0.01299035 -0.05925000 0.06090000
v 0.01437604 -0.05925000 0.06170001
v 0.01446563 -0.05925000 0.06095000
v 0.01379037 -0.05925000 0.06111436
v -0.01160473 -0.05925000 0.06170001
v -0.01086563 -0.05925000 0.06095000
v -0.01219040 -0.05925000 0.06111436
v -0.01299036 -0.05925000 0.06090000
v -0.01437605 -0.05925000 0.06170001
v 0.00967043 -0.05925000 0.08126249
v 0.00550002 -0.05925000 0.08126249
v 0.00138563 -0.05925000 0.08419999
v -0.00080002 -0.05925000 0.08361437
v -0.00550002 -0.05925000 0.08126249
v -0.00000000 -0.05925000 0.08340000
v 0.00080001 -0.05925000 0.08361437
v -0.00138563 -0.05925000 0.08419999
v 0.01446563 -0.05925000 0.08126249
v 0.00099998 -0.05925000 0.05748206
v 0.00550002 -0.05925000 0.05932500
v -0.00000000 -0.05925000 0.05775001
v -0.00550002 -0.05925000 0.05932500
v -0.00099999 -0.05925000 0.05748206
v 0.00173205 -0.05925000 0.05674999
v 0.00967043 -0.05925000 0.05932500
v 0.01446563 -0.05925000 0.05932500
v -0.00173205 -0.05925000 0.05674999
v -0.01086563 -0.05925000 0.05932500
v -0.00967044 -0.05925000 0.05932500
v -0.00967044 -0.05925000 0.08126249
v -0.01086563 -0.05925000 0.08126249
v -0.01334083 -0.05925000 0.07885706
v 0.01334089 -0.05925000 0.07885706
v -0.01379037 -0.05925000 0.06111436
v -0.01160473 -0.05325000 0.06170001
v -0.01219040 -0.05325000 0.06111436
v -0.01299036 -0.05325000 0.06090000
v -0.01379037 -0.05325000 0.06111436
v -0.01437605 -0.05325000 0.06170001
v 0.00138563 -0.05325000 0.08419999
v 0.00080001 -0.05325000 0.08361437
v -0.00000000 -0.05325000 0.08340000
v -0.00080002 -0.05325000 0.08361437
v -0.00138563 -0.05325000 0.08419999
v 0.01437604 -0.05325000 0.06170001
v 0.01379037 -0.05325000 0.06111436
v 0.01299035 -0.05325000 0.06090000
v 0.01219040 -0.05325000 0.06111436
v 0.01160472 -0.05325000 0.06170001
v -0.00798738 -0.05875000 0.06709283
v -0.00651139 -0.05875000 0.06453630
v -0.00424999 -0.05875000 0.06263878
v -0.00147599 -0.05875000 0.06162914
v 0.00147599 -0.05875000 0.06162914
v 0.00424999 -0.05875000 0.06263878
v 0.00651139 -0.05875000 0.06453630
v 0.00798738 -0.05875000 0.06709283
v -0.00173205 -0.06175000 0.05674999
v -0.00099999 -0.06175000 0.05748206
v -0.00000000 -0.06175000 0.05775001
v 0.00099998 -0.06175000 0.05748206
v 0.00173205 -0.06175000 0.05674999
v 0.01060879 -0.06175000 0.07812499
v 0.01134085 -0.06175000 0.07885706
v 0.01234084 -0.06175000 0.07912501
v 0.01334089 -0.06175000 0.07885706
v 0.01407289 -0.06175000 0.07812499
v -0.01407290 -0.06175000 0.07812499
v -0.01334083 -0.06175000 0.07885706
v -0.01234085 -0.06175000 0.07912501
v -0.01134086 -0.06175000 0.07885706
v -0.01060880 -0.06175000 0.07812499
v 0.00798738 -0.05725000 0.06709283
v 0.00651139 -0.05725000 0.06453630
v 0.00424999 -0.05725000 0.06263878
v 0.00147599 -0.05725000 0.06162914
v -0.00147599 -0.05725000 0.06162914
v -0.00424999 -0.05725000 0.06263878
v -0.00651139 -0.05725000 0.06453630
v -0.00798738 -0.05725000 0.06709283
v 0.00199997 -0.05725000 0.07346412
v 0.00346410 -0.05725000 0.07199999
v -0.00199998 -0.05725000 0.07346412
v -0.00346411 -0.05725000 0.07199999
v -0.00000000 -0.05725000 0.07399999
v 0.00346410 -0.05745000 0.07199999
v 0.00199997 -0.05745000 0.07346412
v -0.00000000 -0.05745000 0.07399999
v -0.00199998 -0.05745000 0.07346412
v -0.00346411 -0.05745000 0.07199999
v 0.00320428 -0.05775000 0.07184999
v 0.00185001 -0.05775000 0.07320430
v -0.00000000 -0.05775000 0.07370000
v -0.00185001 -0.05775000 0.07320430
v -0.00320429 -0.05775000 0.07184999
v -0.00129903 -0.05775000 0.06925001
v -0.00075001 -0.05775000 0.06870096
v -0.00000000 -0.05775000 0.06850000
v 0.00075000 -0.05775000 0.06870096
v 0.00129902 -0.05775000 0.06925001
v 0.00129902 -0.03595000 0.06925001
v 0.00075000 -0.03595000 0.06870096
v -0.00000000 -0.03595000 0.06850000
v -0.00075001 -0.03595000 0.06870096
v -0.00129903 -0.03595000 0.06925001
v 0.00005406 -0.00185000 0.04109909
v 0.00005406 -0.00125000 0.04109909
v -0.00114596 -0.00185000 0.04142063
v -0.00114596 -0.00125000 0.04142063
v -0.00202441 -0.00185000 0.04229908
v -0.00202441 -0.00125000 0.04229908
v -0.00234592 -0.00185000 0.04349910
v -0.00234592 -0.00125000 0.04349910
v -0.00202441 -0.00185000 0.04469910
v -0.00202441 -0.00125000 0.04469910
v -0.00114596 -0.00185000 0.04557755
v -0.00114596 -0.00125000 0.04557755
v 0.00005406 -0.00185000 0.04589909
v 0.00005406 -0.00125000 0.04589909
v 0.00005406 -0.00185000 0.09409910
v 0.00005406 -0.00125000 0.09409910
v -0.00114596 -0.00185000 0.09442063
v -0.00114596 -0.00125000 0.09442063
v -0.00202441 -0.00185000 0.09529909
v -0.00202441 -0.00125000 0.09529909
v -0.00234592 -0.00185000 0.09649908
v -0.00234592 -0.00125000 0.09649908
v -0.00202441 -0.00185000 0.09769910
v -0.00202441 -0.00125000 0.09769910
v -0.00114596 -0.00185000 0.09857755
v -0.00114596 -0.00125000 0.09857755
v 0.00005406 -0.00185000 0.09889909
v 0.00005406 -0.00125000 0.09889909
v -0.00000000 -0.00125000 0.09949999
v -0.00000000 -0.00175001 0.10000002
v 0.00493782 -0.00175001 0.09959083
v 0.00485551 -0.00125000 0.09909766
v 0.00974101 -0.00175001 0.09837451
v 0.00957864 -0.00125000 0.09790161
v 0.01427841 -0.00175001 0.09638422
v 0.01404047 -0.00125000 0.09594449
v 0.01842635 -0.00175001 0.09367421
v 0.01811927 -0.00125000 0.09327965
v 0.02207172 -0.00175001 0.09031843
v 0.02170384 -0.00125000 0.08997982
v 0.02511501 -0.00175001 0.08640846
v 0.02469641 -0.00125000 0.08613496
v 0.02604085 -0.00175001 0.08489548
v 0.02560681 -0.00125000 0.08464723
v -0.00000000 -0.00125000 0.04050001
v -0.00000000 -0.00175001 0.04000001
v -0.00493783 -0.00175001 0.04040917
v -0.00485552 -0.00125000 0.04090234
v -0.00974101 -0.00175001 0.04162549
v -0.00957865 -0.00125000 0.04209840
v -0.01427841 -0.00175001 0.04361578
v -0.01404047 -0.00125000 0.04405551
v -0.01842636 -0.00175001 0.04632580
v -0.01811928 -0.00125000 0.04672035
v -0.02207172 -0.00175001 0.04968157
v -0.02170384 -0.00125000 0.05002018
v -0.02511502 -0.00175001 0.05359157
v -0.02469641 -0.00125000 0.05386504
v -0.02747322 -0.00175001 0.05794915
v -0.02701533 -0.00125000 0.05814999
v -0.02908200 -0.00175001 0.06263544
v -0.02859730 -0.00125000 0.06275817
v -0.02989751 -0.00175001 0.06752261
v -0.02939922 -0.00125000 0.06756391
v -0.02989751 -0.00175001 0.07247739
v -0.02939922 -0.00125000 0.07243609
v -0.02908200 -0.00175001 0.07736456
v -0.02859730 -0.00125000 0.07724183
v -0.02747322 -0.00175001 0.08205085
v -0.02701533 -0.00125000 0.08185001
v -0.02511502 -0.00175001 0.08640846
v -0.02469641 -0.00125000 0.08613496
v -0.02207172 -0.00175001 0.09031843
v -0.02170384 -0.00125000 0.08997982
v -0.01842636 -0.00175001 0.09367421
v -0.01811928 -0.00125000 0.09327965
v -0.01427841 -0.00175001 0.09638422
v -0.01404047 -0.00125000 0.09594449
v -0.00974101 -0.00175001 0.09837451
v -0.00957865 -0.00125000 0.09790161
v -0.00493783 -0.00175001 0.09959083
v -0.00485552 -0.00125000 0.09909766
v 0.00005406 -0.00290001 0.04214909
v -0.00062096 -0.00290001 0.04232996
v -0.00111509 -0.00290001 0.04282408
v -0.00129593 -0.00290001 0.04349910
v -0.00111509 -0.00290001 0.04417410
v -0.00062096 -0.00290001 0.04466822
v 0.00005406 -0.00290001 0.04484909
v 0.00005406 -0.00290001 0.09514909
v -0.00062096 -0.00290001 0.09532996
v -0.00111509 -0.00290001 0.09582409
v -0.00129593 -0.00290001 0.09649908
v -0.00111509 -0.00290001 0.09717410
v -0.00062096 -0.00290001 0.09766822
v 0.00005406 -0.00290001 0.09784909
v 0.02604085 -0.00855001 0.08489548
v 0.02511501 -0.01325000 0.08640846
v 0.02739685 -0.00855001 0.08222341
v 0.02747321 -0.01325000 0.08205085
v 0.02908200 -0.01325000 0.07736456
v 0.02853560 -0.00855001 0.07925843
v 0.02747321 -0.00855001 0.08205085
v 0.02989751 -0.00855001 0.07247739
v 0.02984440 -0.00855001 0.07305162
v 0.02989751 -0.01325000 0.07247739
v 0.02935451 -0.00855001 0.07618972
v 0.02908200 -0.00855001 0.07736456
v 0.02999973 -0.00855001 0.06987932
v 0.02989751 -0.01325000 0.06752261
v 0.02989751 -0.00855001 0.06752261
v 0.02908200 -0.01325000 0.06263544
v 0.02930379 -0.00855001 0.06357431
v 0.02981889 -0.00855001 0.06670838
v 0.02747321 -0.01325000 0.05794915
v 0.02846020 -0.00855001 0.06051227
v 0.02908200 -0.00855001 0.06263544
v 0.02592015 -0.00175001 0.05489548
v 0.02592015 -0.00855001 0.05489548
v 0.02511501 -0.01325000 0.05359157
v 0.02729767 -0.00855001 0.05755659
v 0.02747321 -0.00855001 0.05794915
v 0.02511501 -0.00175001 0.05359157
v 0.02207172 -0.01325000 0.04968157
v 0.02207172 -0.00175001 0.04968157
v 0.01842635 -0.01325000 0.04632580
v 0.01842635 -0.00175001 0.04632580
v 0.01427841 -0.01325000 0.04361578
v 0.01427841 -0.00175001 0.04361578
v 0.00974101 -0.01325000 0.04162549
v 0.00974101 -0.00175001 0.04162549
v 0.00493782 -0.01325000 0.04040917
v 0.00493782 -0.00175001 0.04040917
v -0.00000000 -0.01325000 0.04000001
v 0.02207172 -0.01325000 0.09031843
v 0.01842635 -0.01325000 0.09367421
v 0.01427841 -0.01325000 0.09638422
v 0.00974101 -0.01325000 0.09837451
v 0.00493782 -0.01325000 0.09959083
v -0.00000000 -0.01325000 0.10000002
v 0.00005406 -0.00375001 0.04214909
v -0.00062096 -0.00375001 0.04232996
v -0.00111509 -0.00375001 0.04282408
v -0.00129593 -0.00375001 0.04349910
v -0.00111509 -0.00375001 0.04417410
v -0.00062096 -0.00375001 0.04466822
v 0.00005406 -0.00375001 0.04484909
v 0.00005406 -0.00375001 0.09514909
v -0.00062096 -0.00375001 0.09532996
v -0.00111509 -0.00375001 0.09582409
v -0.00129593 -0.00375001 0.09649908
v -0.00111509 -0.00375001 0.09717410
v -0.00062096 -0.00375001 0.09766822
v 0.00005406 -0.00375001 0.09784909
v -0.00421620 -0.00375001 0.04202311
v -0.00421620 -0.00245001 0.04202311
v -0.00460398 -0.00245001 0.04208507
v -0.00421620 -0.00245001 0.09797507
v -0.00421620 -0.00375001 0.09797507
v -0.00460398 -0.00475000 0.09791311
v 0.00005406 -0.00475000 0.09829908
v -0.00208724 -0.00375001 0.09821796
v 0.00005406 -0.00375001 0.09829908
v 0.00005406 -0.00475000 0.04169910
v 0.00005406 -0.00375001 0.04169910
v -0.00208724 -0.00375001 0.04178023
v -0.00460398 -0.00475000 0.04208507
v -0.00913495 -0.00475000 0.04323246
v -0.00913495 -0.00245001 0.04323246
v -0.01341528 -0.00475000 0.04510998
v -0.01341528 -0.00245001 0.04510998
v -0.01732815 -0.00475000 0.04766642
v -0.01732815 -0.00245001 0.04766642
v -0.02076692 -0.00475000 0.05083203
v -0.02076692 -0.00245001 0.05083203
v -0.02363778 -0.00475000 0.05452045
v -0.02363778 -0.00245001 0.05452045
v -0.02586234 -0.00475000 0.05863111
v -0.02586234 -0.00245001 0.05863111
v -0.02737999 -0.00475000 0.06305184
v -0.02737999 -0.00245001 0.06305184
v -0.02814931 -0.00475000 0.06766208
v -0.02814931 -0.00245001 0.06766208
v -0.02814931 -0.00475000 0.07233610
v -0.02814931 -0.00245001 0.07233610
v -0.02737999 -0.00475000 0.07694634
v -0.02737999 -0.00245001 0.07694634
v -0.02586234 -0.00475000 0.08136707
v -0.02586234 -0.00245001 0.08136707
v -0.02363778 -0.00475000 0.08547773
v -0.02363778 -0.00245001 0.08547773
v -0.02076692 -0.00475000 0.08916616
v -0.02076692 -0.00245001 0.08916616
v -0.01732815 -0.00475000 0.09233176
v -0.01732815 -0.00245001 0.09233176
v -0.01341528 -0.00475000 0.09488820
v -0.01341528 -0.00245001 0.09488820
v -0.00913495 -0.00475000 0.09676572
v -0.00913495 -0.00245001 0.09676572
v -0.00460398 -0.00245001 0.09791311
v 0.00045567 -0.01257770 0.04137420
v 0.00018710 -0.01273443 0.04121494
v 0.00246215 -0.01325000 0.04079821
v 0.00092536 -0.01234334 0.04161914
v 0.00142389 -0.01225177 0.04173052
v 0.00150460 -0.01225000 0.04173630
v -0.00025761 -0.01289265 0.04105809
v -0.00075132 -0.01295001 0.04101028
v -0.00235403 -0.01325000 0.04079821
v 0.02935326 -0.01325000 0.06977993
v 0.02935403 -0.01325000 0.06999909
v 0.02835405 -0.01225000 0.06999909
v -0.02894593 -0.01295001 0.06999909
v -0.02924592 -0.01325000 0.06999909
v -0.02894515 -0.01295001 0.06978216
v -0.02924514 -0.01325000 0.06977993
v -0.02885038 -0.01295001 0.06764656
v -0.02881343 -0.01325000 0.06498315
v -0.02760172 -0.01325000 0.06032192
v -0.02808953 -0.01295001 0.06300338
v -0.02851785 -0.01295001 0.06503453
v -0.02564282 -0.01325000 0.05592214
v -0.02658779 -0.01295001 0.05854436
v -0.02731854 -0.01295001 0.06042101
v -0.02298963 -0.01325000 0.05190270
v -0.02438480 -0.01295001 0.05438685
v -0.02537972 -0.01295001 0.05606627
v -0.01971376 -0.01325000 0.04837220
v -0.02153850 -0.01295001 0.05064034
v -0.02275366 -0.01295001 0.05208798
v -0.01590389 -0.01325000 0.04542603
v -0.01812381 -0.01295001 0.04740339
v -0.01951141 -0.01295001 0.04859363
v -0.01166278 -0.01325000 0.04314383
v -0.01423061 -0.01295001 0.04476123
v -0.01574046 -0.01295001 0.04567765
v -0.00710511 -0.01325000 0.04158720
v -0.00996137 -0.01295001 0.04278346
v -0.01154280 -0.01295001 0.04341879
v -0.00232935 -0.01295001 0.04109722
v -0.00542850 -0.01295001 0.04152205
v -0.00703180 -0.01295001 0.04187810
v 0.02835327 -0.01225000 0.06978741
v 0.02825743 -0.01225000 0.06766208
v 0.02892154 -0.01325000 0.06498315
v 0.02793628 -0.01225000 0.06515437
v 0.02748811 -0.01225000 0.06305184
v 0.02770984 -0.01325000 0.06032192
v 0.02676594 -0.01225000 0.06065219
v 0.02597046 -0.01225000 0.05863111
v 0.02575093 -0.01325000 0.05592214
v 0.02487391 -0.01225000 0.05640259
v 0.02374589 -0.01225000 0.05452045
v 0.02309775 -0.01325000 0.05190270
v 0.02231127 -0.01225000 0.05252033
v 0.02087503 -0.01225000 0.05083203
v 0.01982188 -0.01325000 0.04837220
v 0.01914721 -0.01225000 0.04911032
v 0.01743626 -0.01225000 0.04766642
v 0.01601201 -0.01325000 0.04542603
v 0.01546734 -0.01225000 0.04626470
v 0.01352340 -0.01225000 0.04510998
v 0.01177090 -0.01325000 0.04314383
v 0.01137101 -0.01225000 0.04406037
v 0.00924307 -0.01225000 0.04323246
v 0.00721323 -0.01325000 0.04158720
v 0.00696891 -0.01225000 0.04255687
v 0.00471210 -0.01225000 0.04208507
v 0.00237995 -0.01225000 0.04179483
v 0.00005406 -0.00375001 0.04549908
v 0.00005406 -0.00245001 0.04549908
v -0.00087256 -0.00245001 0.04527148
v -0.00087256 -0.00375001 0.04527148
v -0.00158829 -0.00245001 0.04464047
v -0.00158829 -0.00375001 0.04464047
v -0.00193018 -0.00245001 0.04374965
v -0.00193018 -0.00375001 0.04374965
v -0.00227207 -0.00375001 0.04285886
v -0.00227207 -0.00245001 0.04285886
v -0.00298780 -0.00375001 0.04222783
v -0.00298780 -0.00245001 0.04222783
v -0.00343734 -0.00375001 0.04205795
v -0.00391442 -0.00245001 0.04200023
v -0.00391442 -0.00375001 0.04200023
v -0.00391442 -0.00375001 0.09799796
v -0.00391442 -0.00245001 0.09799796
v -0.00298780 -0.00375001 0.09777036
v -0.00298780 -0.00245001 0.09777036
v -0.00227207 -0.00375001 0.09713932
v -0.00227207 -0.00245001 0.09713932
v -0.00193018 -0.00375001 0.09624853
v -0.00193018 -0.00245001 0.09624853
v 0.02505612 -0.00125000 0.05589899
v 0.02469641 -0.00125000 0.05386504
v 0.02218371 -0.00125000 0.05589899
v 0.02170384 -0.00125000 0.05002018
v 0.02127784 -0.00125000 0.05601823
v 0.01811927 -0.00125000 0.04672035
v 0.01404047 -0.00125000 0.04405551
v 0.00213253 -0.00125000 0.09529909
v 0.00245404 -0.00125000 0.09649908
v 0.00485551 -0.00125000 0.04090234
v 0.00213253 -0.00125000 0.04229908
v 0.00957864 -0.00125000 0.04209840
v 0.00245404 -0.00125000 0.04349910
v 0.00213253 -0.00125000 0.04469910
v 0.02565109 -0.00125000 0.08425327
v 0.02553677 -0.00125000 0.08405613
v 0.02566605 -0.00125000 0.08448073
v 0.02534675 -0.00125000 0.08393022
v 0.02517277 -0.00125000 0.08389898
v 0.02218371 -0.00125000 0.08389898
v 0.00213253 -0.00125000 0.09769910
v 0.00125408 -0.00125000 0.09857755
v 0.02542114 -0.00125000 0.05574068
v 0.02553516 -0.00125000 0.05554231
v 0.02523076 -0.00125000 0.05586749
v 0.02554887 -0.00125000 0.05531394
v 0.02548813 -0.00125000 0.05514722
v 0.00125408 -0.00125000 0.04142063
v 0.02043372 -0.00125000 0.08343007
v 0.01970887 -0.00125000 0.08287384
v 0.01868373 -0.00125000 0.05939897
v 0.01880300 -0.00125000 0.05849310
v 0.01915264 -0.00125000 0.05764898
v 0.00125408 -0.00125000 0.09442063
v 0.02127784 -0.00125000 0.08377972
v 0.01970887 -0.00125000 0.05692410
v 0.02043372 -0.00125000 0.05636790
v 0.01915264 -0.00125000 0.08214896
v 0.01880300 -0.00125000 0.08130484
v 0.01868373 -0.00125000 0.08039897
v 0.00125408 -0.00125000 0.04557755
v 0.00125408 -0.00185000 0.04557755
v 0.00213253 -0.00185000 0.04469910
v 0.00245404 -0.00185000 0.04349910
v 0.00213253 -0.00185000 0.04229908
v 0.00125408 -0.00185000 0.04142063
v 0.00125408 -0.00185000 0.09857755
v 0.00213253 -0.00185000 0.09769910
v 0.00245404 -0.00185000 0.09649908
v 0.00213253 -0.00185000 0.09529909
v 0.00125408 -0.00185000 0.09442063
v 0.02505612 -0.00175001 0.05639898
v 0.02218371 -0.00175001 0.05639898
v 0.02517277 -0.00175001 0.08339896
v 0.02218371 -0.00175001 0.08339896
v 0.01918369 -0.00175001 0.08039897
v 0.01928591 -0.00175001 0.08117544
v 0.01958567 -0.00175001 0.08189898
v 0.02006238 -0.00175001 0.08252030
v 0.02068370 -0.00175001 0.08299705
v 0.02140724 -0.00175001 0.08329674
v 0.01918369 -0.00175001 0.05939897
v 0.02140724 -0.00175001 0.05650120
v 0.02068370 -0.00175001 0.05680089
v 0.02006238 -0.00175001 0.05727764
v 0.01958567 -0.00175001 0.05789896
v 0.01928591 -0.00175001 0.05862250
v 0.00072908 -0.00290001 0.04466822
v 0.00122320 -0.00290001 0.04417410
v 0.00140404 -0.00290001 0.04349910
v 0.00122320 -0.00290001 0.04282408
v 0.00072908 -0.00290001 0.04232996
v 0.00072908 -0.00290001 0.09766822
v 0.00122320 -0.00290001 0.09717410
v 0.00140404 -0.00290001 0.09649908
v 0.00122320 -0.00290001 0.09582409
v 0.00072908 -0.00290001 0.09532996
v 0.02487194 -0.00755000 0.05639898
v 0.02505612 -0.00755000 0.05639898
v 0.02487194 -0.00425000 0.05639898
v 0.02218371 -0.00425000 0.05639898
v -0.00493783 -0.01325000 0.09959083
v -0.00974101 -0.01325000 0.09837451
v -0.01427841 -0.01325000 0.09638422
v -0.01842636 -0.01325000 0.09367421
v -0.02207172 -0.01325000 0.09031843
v -0.02511502 -0.01325000 0.08640846
v -0.02747322 -0.01325000 0.08205085
v -0.02908200 -0.01325000 0.07736456
v -0.02989751 -0.01325000 0.07247739
v -0.02989751 -0.01325000 0.06752261
v -0.02908200 -0.01325000 0.06263544
v -0.02747322 -0.01325000 0.05794915
v -0.02511502 -0.01325000 0.05359157
v -0.02207172 -0.01325000 0.04968157
v -0.01842636 -0.01325000 0.04632580
v -0.01427841 -0.01325000 0.04361578
v -0.00974101 -0.01325000 0.04162549
v -0.00493783 -0.01325000 0.04040917
v 0.02517277 -0.00755000 0.08339896
v 0.02498060 -0.00755000 0.08339896
v 0.02498060 -0.00425000 0.08339896
v 0.02218371 -0.00425000 0.08339896
v 0.01918369 -0.00425000 0.08039897
v 0.01958567 -0.00425000 0.08189898
v 0.02068370 -0.00425000 0.08299705
v 0.01918369 -0.00245001 0.06474908
v 0.01918369 -0.00425000 0.06474908
v 0.01918369 -0.00425000 0.05939897
v 0.01918369 -0.00425000 0.07524910
v 0.01918369 -0.00245001 0.07524910
v 0.02068370 -0.00425000 0.05680089
v 0.01958567 -0.00425000 0.05789896
v 0.00072908 -0.00375001 0.04466822
v 0.00122320 -0.00375001 0.04417410
v 0.00140404 -0.00375001 0.04349910
v 0.00122320 -0.00375001 0.04282408
v 0.00072908 -0.00375001 0.04232996
v 0.00072908 -0.00375001 0.09766822
v 0.00122320 -0.00375001 0.09717410
v 0.00140404 -0.00375001 0.09649908
v 0.00122320 -0.00375001 0.09582409
v 0.00072908 -0.00375001 0.09532996
v 0.02604156 -0.00175001 0.05522891
v 0.02601415 -0.00175001 0.05568566
v 0.02599817 -0.00779428 0.05573457
v 0.02605354 -0.00799385 0.05547070
v 0.02605426 -0.00810724 0.05533775
v 0.02595400 -0.00847961 0.05495875
v 0.02578616 -0.00175001 0.05608236
v 0.02540534 -0.00175001 0.05633601
v 0.02540534 -0.00755000 0.05633601
v 0.02554464 -0.00755000 0.05627152
v 0.02581191 -0.00760922 0.05605378
v 0.02590447 -0.00767255 0.05592846
v 0.02084434 -0.00425000 0.05616539
v 0.02218371 -0.00425000 0.05589899
v 0.02459132 -0.00425000 0.05589899
v 0.01868373 -0.00425000 0.06474908
v 0.01868373 -0.00425000 0.05939897
v 0.01895016 -0.00425000 0.05805960
v 0.01970887 -0.00425000 0.05692410
v 0.02459132 -0.00245001 0.05589899
v 0.02374589 -0.00245001 0.05452045
v 0.00432431 -0.00375001 0.09797507
v 0.00432431 -0.00245001 0.09797507
v 0.00471210 -0.00245001 0.09791311
v 0.00150460 -0.00475000 0.09826189
v 0.00471210 -0.00245001 0.04208507
v 0.00432431 -0.00245001 0.04202311
v 0.00432431 -0.00375001 0.04202311
v 0.00150460 -0.00475000 0.04173630
v 0.02597046 -0.00755000 0.05863111
v 0.02748811 -0.00755000 0.06305184
v 0.02825743 -0.00755000 0.06766208
v 0.02835327 -0.01225000 0.07021078
v 0.02825743 -0.00755000 0.07233610
v 0.02825743 -0.01225000 0.07233610
v 0.02793628 -0.01225000 0.07484382
v 0.02748811 -0.00755000 0.07694634
v 0.02748811 -0.01225000 0.07694634
v 0.02676594 -0.01225000 0.07934599
v 0.02597046 -0.00755000 0.08136707
v 0.02374589 -0.00245001 0.08547773
v 0.02470529 -0.00245001 0.08389898
v 0.02470529 -0.00425000 0.08389898
v 0.02374589 -0.01225000 0.08547773
v 0.02487391 -0.01225000 0.08359560
v 0.02597046 -0.01225000 0.08136707
v 0.00924307 -0.00245001 0.04323246
v 0.01352340 -0.00245001 0.04510998
v 0.01743626 -0.00245001 0.04766642
v 0.02087503 -0.00245001 0.05083203
v 0.02231127 -0.01225000 0.08747786
v 0.02087503 -0.00245001 0.08916616
v 0.02087503 -0.01225000 0.08916616
v 0.01914721 -0.01225000 0.09088787
v 0.01743626 -0.00245001 0.09233176
v 0.01743626 -0.01225000 0.09233176
v 0.01546734 -0.01225000 0.09373348
v 0.01352340 -0.00245001 0.09488820
v 0.01352340 -0.01225000 0.09488820
v 0.01137101 -0.01225000 0.09593781
v 0.00924307 -0.00245001 0.09676572
v 0.00150460 -0.01225000 0.09826189
v 0.00237995 -0.01225000 0.09820335
v 0.00471210 -0.01225000 0.09791311
v 0.00696891 -0.01225000 0.09744131
v 0.00924307 -0.01225000 0.09676572
v -0.02924514 -0.01325000 0.07021826
v -0.02881343 -0.01325000 0.07501503
v -0.02760172 -0.01325000 0.07967626
v -0.02564282 -0.01325000 0.08407604
v -0.02298963 -0.01325000 0.08809548
v -0.01971376 -0.01325000 0.09162598
v -0.01590389 -0.01325000 0.09457215
v -0.01166278 -0.01325000 0.09685438
v -0.00710511 -0.01325000 0.09841099
v -0.00235403 -0.01325000 0.09919997
v 0.00246215 -0.01325000 0.09919997
v 0.00721323 -0.01325000 0.09841099
v 0.01177090 -0.01325000 0.09685438
v 0.01601201 -0.01325000 0.09457215
v 0.01982188 -0.01325000 0.09162598
v 0.02309775 -0.01325000 0.08809548
v 0.02575093 -0.01325000 0.08407604
v 0.02770984 -0.01325000 0.07967626
v 0.02892154 -0.01325000 0.07501503
v 0.02935326 -0.01325000 0.07021826
v 0.02552074 -0.00175001 0.08346146
v 0.02615934 -0.00175001 0.08456244
v 0.02590072 -0.00175001 0.08371329
v 0.02565425 -0.00755000 0.08352252
v 0.02552074 -0.00755000 0.08346146
v 0.02612942 -0.00175001 0.08410760
v 0.02601730 -0.00767299 0.08386343
v 0.02592957 -0.00761246 0.08374532
v 0.02616959 -0.00813072 0.08447855
v 0.02616959 -0.00799368 0.08431905
v 0.02612620 -0.00782335 0.08409735
v 0.02724033 -0.00799011 0.08215355
v 0.02714163 -0.00799011 0.05762770
v 0.02681917 -0.00766955 0.05777472
v 0.02638775 -0.00755000 0.05797135
v 0.02739006 -0.00842791 0.08222034
v 0.02691662 -0.00766955 0.08200913
v 0.02729082 -0.00842791 0.05755969
v 0.02845311 -0.00842791 0.06051465
v 0.02929645 -0.00842791 0.06357592
v 0.02999228 -0.00842791 0.06987935
v 0.02981144 -0.00842791 0.06670918
v 0.02983695 -0.00842791 0.07305085
v 0.02852851 -0.00842791 0.07925614
v 0.02934718 -0.00842791 0.07618817
v 0.02829754 -0.00799011 0.06056651
v 0.02913630 -0.00799011 0.06361102
v 0.02964848 -0.00799011 0.06672718
v 0.02982831 -0.00799011 0.06988000
v 0.02967387 -0.00799011 0.07303419
v 0.02918678 -0.00799011 0.07615434
v 0.02837252 -0.00799011 0.07920554
v 0.02796131 -0.00766955 0.06067859
v 0.02879011 -0.00766955 0.06368696
v 0.02929616 -0.00766955 0.06676608
v 0.02947390 -0.00766955 0.06988143
v 0.02932125 -0.00766955 0.07299813
v 0.02883994 -0.00766955 0.07608124
v 0.02803540 -0.00766955 0.07909616
v 0.02751153 -0.00755000 0.06082853
v 0.02832698 -0.00755000 0.06378850
v 0.02882492 -0.00755000 0.06681808
v 0.02899974 -0.00755000 0.06988334
v 0.02884960 -0.00755000 0.07294991
v 0.02837604 -0.00755000 0.07598340
v 0.02758443 -0.00755000 0.07894983
v 0.02648365 -0.00755000 0.08181595
v 0.01868373 -0.00425000 0.07524910
v 0.01868373 -0.00425000 0.08039897
v 0.01895016 -0.00425000 0.08173838
v 0.01970887 -0.00425000 0.08287384
v 0.02218371 -0.00425000 0.08389898
v 0.02084434 -0.00425000 0.08363255
v 0.01868373 -0.00245001 0.07524910
v 0.01868373 -0.00245001 0.06474908
v 0.00098067 -0.00245001 0.04527148
v 0.01868373 -0.00245001 0.05939897
v 0.02218371 -0.00245001 0.05589899
v 0.02084434 -0.00245001 0.05616539
v 0.01970887 -0.00245001 0.05692410
v 0.00098067 -0.00245001 0.09472670
v 0.00005406 -0.00245001 0.09449910
v -0.00087256 -0.00245001 0.09472670
v 0.00169641 -0.00245001 0.09535771
v 0.01895016 -0.00245001 0.08173838
v -0.00158829 -0.00245001 0.09535771
v 0.00203830 -0.00245001 0.04374965
v 0.00169641 -0.00245001 0.04464047
v 0.01895016 -0.00245001 0.05805960
v 0.02218371 -0.00245001 0.08389898
v 0.02084434 -0.00245001 0.08363255
v 0.01970887 -0.00245001 0.08287384
v 0.01868373 -0.00245001 0.08039897
v 0.00281721 -0.00245001 0.04240426
v 0.00353223 -0.00245001 0.04206126
v 0.00229168 -0.00245001 0.04299819
v 0.00203830 -0.00245001 0.09624853
v 0.00353223 -0.00245001 0.09793692
v 0.00281721 -0.00245001 0.09759393
v 0.00229168 -0.00245001 0.09700000
v 0.00353223 -0.00375001 0.04206126
v 0.00281721 -0.00375001 0.04240426
v 0.00229168 -0.00375001 0.04299819
v 0.00203830 -0.00375001 0.04374965
v 0.00169641 -0.00375001 0.04464047
v 0.00098067 -0.00375001 0.04527148
v 0.00353223 -0.00375001 0.09793692
v 0.00281721 -0.00375001 0.09759393
v -0.00158829 -0.00375001 0.09535771
v -0.00087256 -0.00375001 0.09472670
v 0.00005406 -0.00375001 0.09449910
v 0.00098067 -0.00375001 0.09472670
v 0.00169641 -0.00375001 0.09535771
v 0.00203830 -0.00375001 0.09624853
v 0.00229168 -0.00375001 0.09700000
v 0.00095135 -0.00475000 0.04162835
v 0.00045567 -0.00475000 0.04137420
v -0.00025714 -0.01289265 0.09894007
v -0.00075132 -0.01295001 0.09898790
v 0.00059753 -0.01248890 0.09853279
v 0.00107515 -0.01230065 0.09833132
v 0.00019037 -0.01273302 0.09878179
v 0.00045567 -0.01257770 0.09862398
v -0.00542850 -0.01295001 0.09847613
v -0.00232935 -0.01295001 0.09890100
v -0.00996137 -0.01295001 0.09721475
v -0.00703180 -0.01295001 0.09812009
v -0.01423061 -0.01295001 0.09523695
v -0.01154280 -0.01295001 0.09657940
v -0.01812381 -0.01295001 0.09259479
v -0.01574046 -0.01295001 0.09432053
v -0.02153850 -0.01295001 0.08935785
v -0.01951141 -0.01295001 0.09140455
v -0.02438480 -0.01295001 0.08561134
v -0.02275366 -0.01295001 0.08791020
v -0.02658779 -0.01295001 0.08145382
v -0.02537972 -0.01295001 0.08393192
v -0.02808953 -0.01295001 0.07699483
v -0.02731854 -0.01295001 0.07957717
v -0.02885038 -0.01295001 0.07235166
v -0.02851785 -0.01295001 0.07496365
v -0.02894515 -0.01295001 0.07021602
v 0.00045567 -0.00475000 0.09862398
v 0.00095135 -0.00475000 0.09836983
v -0.00011838 -0.00475000 0.04109465
v -0.00011838 -0.00475000 0.09890353
v -0.00075132 -0.00475000 0.09898790
v -0.00542850 -0.00475000 0.09847613
v -0.00996137 -0.00475000 0.09721475
v -0.01423061 -0.00475000 0.09523695
v -0.01812381 -0.00475000 0.09259479
v -0.02153850 -0.00475000 0.08935785
v -0.02438480 -0.00475000 0.08561134
v -0.02658779 -0.00475000 0.08145382
v -0.02808953 -0.00475000 0.07699483
v -0.02885038 -0.00475000 0.07235166
v -0.02885038 -0.00475000 0.06764656
v -0.02808953 -0.00475000 0.06300338
v -0.02658779 -0.00475000 0.05854436
v -0.02438480 -0.00475000 0.05438685
v -0.02153850 -0.00475000 0.05064034
v -0.01812381 -0.00475000 0.04740339
v -0.01423061 -0.00475000 0.04476123
v -0.00996137 -0.00475000 0.04278346
v -0.00542850 -0.00475000 0.04152205
v -0.00075132 -0.00475000 0.04101028
v -0.01750000 0.06225000 0.05825000
v -0.01750000 0.05925000 0.05825000
v -0.01875000 0.06225000 0.05791506
v -0.01875000 0.05925000 0.05791506
v -0.01966506 0.06225000 0.05700000
v -0.01966506 0.05925000 0.05700000
v -0.02000000 0.06225000 0.05575000
v -0.02000000 0.05925000 0.05575000
v -0.01966506 0.06225000 0.05450000
v -0.01966506 0.05925000 0.05450000
v -0.01875000 0.06225000 0.05358494
v -0.01875000 0.05925000 0.05358494
v -0.01750000 0.06225000 0.05325000
v -0.01750000 0.05925000 0.05325000
v -0.03000000 0.06225000 0.07962500
v -0.03000000 0.05925000 0.07962500
v -0.03125000 0.06225000 0.07929006
v -0.03125000 0.05925000 0.07929006
v -0.03216506 0.06225000 0.07837500
v -0.03216506 0.05925000 0.07837500
v -0.03250000 0.06225000 0.07712500
v -0.03250000 0.05925000 0.07712500
v -0.03216506 0.06225000 0.07587500
v -0.03216506 0.05925000 0.07587500
v -0.03125000 0.06225000 0.07495993
v -0.03125000 0.05925000 0.07495993
v -0.03000000 0.06225000 0.07462500
v -0.03000000 0.05925000 0.07462500
v 0.04250000 0.05925000 0.07000000
v 0.04250000 0.05925000 0.05825000
v 0.04250000 0.07025000 0.07000000
v 0.04250000 0.06225000 0.05825000
v 0.04250000 0.07025000 0.03550000
v 0.04250000 0.06225000 0.05325000
v 0.04250000 0.05925000 0.05325000
v 0.04250000 0.05925000 0.01700000
v 0.04250000 0.06025000 0.01700000
v 0.04250000 0.07025000 0.00200000
v 0.04250000 0.06025000 -0.00000000
v 0.04250000 0.07025000 0.00000000
v -0.04250000 0.06025000 -0.00000000
v -0.04250000 0.07025000 -0.00000000
v -0.02174519 0.07025000 -0.00000000
v -0.00724519 0.07025000 -0.00000000
v -0.00525000 0.07025000 -0.00000000
v 0.00525000 0.07025000 -0.00000000
v 0.01624519 0.07025000 -0.00000000
v 0.02174519 0.07025000 -0.00000000
v 0.03875000 0.07025000 0.00000000
v -0.04250000 0.06025000 0.01700000
v -0.04250000 0.07025000 0.03550000
v -0.04250000 0.07025000 0.00200000
v -0.04250000 0.05925000 0.01700000
v -0.04250000 0.05925000 0.07000000
v -0.04250000 0.07025000 0.07000000
v -0.02174519 0.07025000 0.00200000
v -0.01688750 0.07025000 0.06475000
v -0.01749038 0.07025000 0.06250000
v -0.02174519 0.07025000 0.07375000
v -0.02924741 0.07025000 0.10083568
v -0.02429816 0.07025000 0.10486903
v 0.03486903 0.07025000 0.09429816
v 0.03814064 0.07025000 0.08874944
v 0.03875000 0.07025000 0.07375000
v 0.04055425 0.07025000 0.08271231
v 0.01124095 0.07025000 0.11098647
v 0.01701528 0.07025000 0.10894522
v 0.01624519 0.07025000 0.07375000
v 0.02250629 0.07025000 0.10605159
v 0.02174519 0.07025000 0.07375000
v 0.02757864 0.07025000 0.10233680
v 0.03083568 0.07025000 0.09924741
v 0.00525000 0.07025000 0.07375000
v 0.00531288 0.07025000 0.11216661
v -0.00389711 0.07025000 0.08275000
v -0.00525000 0.07025000 0.07375000
v -0.00450000 0.07025000 0.08500000
v -0.00631797 0.07025000 0.11202777
v -0.00389711 0.07025000 0.08725000
v 0.00000000 0.07025000 0.08050000
v 0.00225000 0.07025000 0.08110289
v -0.00225000 0.07025000 0.08110289
v 0.00389711 0.07025000 0.08275000
v 0.00450000 0.07025000 0.08500000
v 0.00389711 0.07025000 0.08725000
v 0.00225000 0.07025000 0.08889712
v 0.00000000 0.07025000 0.11250000
v 0.00000000 0.07025000 0.08950000
v -0.00225000 0.07025000 0.08889712
v -0.00724519 0.07025000 0.07375000
v -0.01874944 0.07025000 0.10814064
v -0.01271231 0.07025000 0.11055425
v -0.04216661 0.07025000 0.07531288
v -0.04098647 0.07025000 0.08124094
v -0.03894522 0.07025000 0.08701528
v -0.03605158 0.07025000 0.09250630
v -0.03233680 0.07025000 0.09757864
v 0.01299038 0.07025000 0.06700000
v 0.01074038 0.07025000 0.06639712
v 0.00909327 0.07025000 0.06475000
v 0.00849038 0.07025000 0.06250000
v 0.00525000 0.07025000 0.03550000
v 0.01299038 0.07025000 0.05800000
v 0.01624519 0.07025000 0.03550000
v 0.01074038 0.07025000 0.05860288
v 0.00909327 0.07025000 0.06025000
v 0.01524038 0.07025000 0.05860288
v 0.01688750 0.07025000 0.06025000
v 0.02174519 0.07025000 0.03550000
v 0.01749038 0.07025000 0.06250000
v 0.01688750 0.07025000 0.06475000
v 0.01524038 0.07025000 0.06639712
v -0.01439711 0.07025000 0.01075000
v -0.01500000 0.07025000 0.00850000
v -0.01439711 0.07025000 0.00625000
v -0.01275000 0.07025000 0.01239711
v -0.02174519 0.07025000 0.03550000
v -0.01050000 0.07025000 0.01300000
v -0.00724519 0.07025000 0.03550000
v -0.00825000 0.07025000 0.01239711
v -0.00660289 0.07025000 0.01075000
v -0.01275000 0.07025000 0.00460289
v -0.01050000 0.07025000 0.00400000
v -0.00724519 0.07025000 0.00200000
v -0.00825000 0.07025000 0.00460289
v -0.00660289 0.07025000 0.00625000
v -0.00525000 0.07025000 0.00200000
v -0.00600000 0.07025000 0.00850000
v -0.00525000 0.07025000 0.03550000
v -0.01074038 0.07025000 0.06639712
v -0.01299038 0.07025000 0.06700000
v -0.01524038 0.07025000 0.06639712
v -0.01688750 0.07025000 0.06025000
v -0.01524038 0.07025000 0.05860288
v -0.01299038 0.07025000 0.05800000
v -0.01074038 0.07025000 0.05860288
v -0.00909327 0.07025000 0.06025000
v -0.00849038 0.07025000 0.06250000
v -0.00909327 0.07025000 0.06475000
v -0.03500000 0.07025000 0.00850000
v -0.03439711 0.07025000 0.00625000
v -0.02660288 0.07025000 0.00625000
v -0.02600000 0.07025000 0.00850000
v -0.02660288 0.07025000 0.01075000
v -0.02825000 0.07025000 0.01239711
v -0.03050000 0.07025000 0.01300000
v -0.03439711 0.07025000 0.01075000
v -0.03275000 0.07025000 0.01239711
v -0.03275000 0.07025000 0.00460289
v -0.03050000 0.07025000 0.00400000
v -0.02825000 0.07025000 0.00460289
v 0.00525000 0.07025000 0.00200000
v 0.01439711 0.07025000 0.00625000
v 0.01500000 0.07025000 0.00850000
v 0.01624519 0.07025000 0.00200000
v 0.00825000 0.07025000 0.01239711
v 0.00660289 0.07025000 0.01075000
v 0.00600000 0.07025000 0.00850000
v 0.00660289 0.07025000 0.00625000
v 0.01439711 0.07025000 0.01075000
v 0.01275000 0.07025000 0.01239711
v 0.01050000 0.07025000 0.01300000
v 0.00825000 0.07025000 0.00460289
v 0.01050000 0.07025000 0.00400000
v 0.01275000 0.07025000 0.00460289
v 0.02174519 0.07025000 0.00200000
v 0.02600000 0.07025000 0.00850000
v 0.02660288 0.07025000 0.00625000
v 0.03050000 0.07025000 0.01300000
v 0.02825000 0.07025000 0.01239711
v 0.02660288 0.07025000 0.01075000
v 0.02825000 0.07025000 0.00460289
v 0.03050000 0.07025000 0.00400000
v 0.03875000 0.07025000 0.00200000
v 0.03275000 0.07025000 0.00460289
v 0.03439711 0.07025000 0.00625000
v 0.03500000 0.07025000 0.00850000
v 0.03875000 0.07025000 0.03550000
v 0.03439711 0.07025000 0.01075000
v 0.03275000 0.07025000 0.01239711
v 0.04202777 0.07025000 0.07631797
v -0.03605158 0.05925000 0.09250630
v -0.03894522 0.05925000 0.08701528
v -0.00225000 0.05925000 0.08500000
v 0.01124095 0.05925000 0.11098647
v 0.00531288 0.05925000 0.11216661
v 0.00112500 0.05925000 0.08694856
v 0.00194856 0.05925000 0.08612500
v 0.00225000 0.05925000 0.08500000
v 0.03083568 0.05925000 0.09924741
v 0.04055425 0.05925000 0.08271231
v 0.04139576 0.05925000 0.07962500
v 0.00194856 0.05925000 0.08387500
v 0.04224760 0.05925000 0.07462500
v 0.01493894 0.05925000 0.06362500
v 0.01524038 0.05925000 0.06250000
v 0.00000000 0.05925000 0.08725000
v 0.02757864 0.05925000 0.10233680
v 0.02250629 0.05925000 0.10605159
v 0.01701528 0.05925000 0.10894522
v 0.03814064 0.05925000 0.08874944
v 0.03486903 0.05925000 0.09429816
v 0.00000000 0.05925000 0.11250000
v -0.00631797 0.05925000 0.11202777
v -0.00112500 0.05925000 0.08694856
v 0.01104182 0.05925000 0.06137500
v 0.01074038 0.05925000 0.06250000
v -0.01074038 0.05925000 0.06250000
v -0.01271231 0.05925000 0.11055425
v -0.01874944 0.05925000 0.10814064
v -0.00194856 0.05925000 0.08612500
v 0.01104182 0.05925000 0.06362500
v 0.01186538 0.05925000 0.06444856
v 0.01299038 0.05925000 0.06475000
v 0.01411538 0.05925000 0.06444856
v -0.01104182 0.05925000 0.06362500
v -0.01186538 0.05925000 0.06444856
v -0.01299038 0.05925000 0.06475000
v 0.00112500 0.05925000 0.08305144
v 0.00000000 0.05925000 0.08275000
v -0.00112500 0.05925000 0.08305144
v -0.00194856 0.05925000 0.08387500
v 0.01493894 0.05925000 0.06137500
v 0.01411538 0.05925000 0.06055144
v 0.01299038 0.05925000 0.06025000
v -0.01186538 0.05925000 0.06055144
v -0.01299038 0.05925000 0.06025000
v -0.01411538 0.05925000 0.06055144
v -0.01493894 0.05925000 0.06137500
v -0.01524038 0.05925000 0.06250000
v -0.01104182 0.05925000 0.06137500
v 0.01186538 0.05925000 0.06055144
v -0.04098647 0.05925000 0.08124094
v -0.04216661 0.05925000 0.07531288
v -0.01493894 0.05925000 0.06362500
v -0.01411538 0.05925000 0.06444856
v -0.02429816 0.05925000 0.10486903
v -0.02924741 0.05925000 0.10083568
v -0.03233680 0.05925000 0.09757864
v -0.01524038 0.06675000 0.06250000
v -0.01493894 0.06675000 0.06362500
v -0.01411538 0.06675000 0.06444856
v -0.01299038 0.06675000 0.06475000
v -0.01186538 0.06675000 0.06444856
v -0.01104182 0.06675000 0.06362500
v -0.01074038 0.06675000 0.06250000
v -0.01104182 0.06675000 0.06137500
v -0.01186538 0.06675000 0.06055144
v -0.01299038 0.06675000 0.06025000
v -0.01411538 0.06675000 0.06055144
v -0.01493894 0.06675000 0.06137500
v -0.01074038 0.06675000 0.06639712
v -0.00909327 0.06675000 0.06475000
v -0.00849038 0.06675000 0.06250000
v -0.00909327 0.06675000 0.06025000
v -0.01074038 0.06675000 0.05860288
v -0.01299038 0.06675000 0.05800000
v -0.01524038 0.06675000 0.05860288
v -0.01688750 0.06675000 0.06025000
v -0.01749038 0.06675000 0.06250000
v -0.01688750 0.06675000 0.06475000
v -0.01524038 0.06675000 0.06639712
v -0.01299038 0.06675000 0.06700000
v 0.01074038 0.06675000 0.06250000
v 0.01104182 0.06675000 0.06362500
v 0.01186538 0.06675000 0.06444856
v 0.01299038 0.06675000 0.06475000
v 0.01411538 0.06675000 0.06444856
v 0.01493894 0.06675000 0.06362500
v 0.01524038 0.06675000 0.06250000
v 0.01493894 0.06675000 0.06137500
v 0.01411538 0.06675000 0.06055144
v 0.01299038 0.06675000 0.06025000
v 0.01186538 0.06675000 0.06055144
v 0.01104182 0.06675000 0.06137500
v 0.01524038 0.06675000 0.06639712
v 0.01688750 0.06675000 0.06475000
v 0.01749038 0.06675000 0.06250000
v 0.01688750 0.06675000 0.06025000
v 0.01524038 0.06675000 0.05860288
v 0.01299038 0.06675000 0.05800000
v 0.01074038 0.06675000 0.05860288
v 0.00909327 0.06675000 0.06025000
v 0.00849038 0.06675000 0.06250000
v 0.00909327 0.06675000 0.06475000
v 0.01074038 0.06675000 0.06639712
v 0.01299038 0.06675000 0.06700000
v -0.00225000 0.06675000 0.08500000
v -0.00194856 0.06675000 0.08612500
v -0.00112500 0.06675000 0.08694856
v 0.00000000 0.06675000 0.08725000
v 0.00112500 0.06675000 0.08694856
v 0.00194856 0.06675000 0.08612500
v 0.00225000 0.06675000 0.08500000
v 0.00194856 0.06675000 0.08387500
v 0.00112500 0.06675000 0.08305144
v 0.00000000 0.06675000 0.08275000
v -0.00112500 0.06675000 0.08305144
v -0.00194856 0.06675000 0.08387500
v 0.00225000 0.06675000 0.08110289
v 0.00000000 0.06675000 0.08050000
v -0.00225000 0.06675000 0.08110289
v -0.00389711 0.06675000 0.08275000
v -0.00450000 0.06675000 0.08500000
v -0.00389711 0.06675000 0.08725000
v -0.00225000 0.06675000 0.08889712
v 0.00000000 0.06675000 0.08950000
v 0.00225000 0.06675000 0.08889712
v 0.00389711 0.06675000 0.08725000
v 0.00450000 0.06675000 0.08500000
v 0.00389711 0.06675000 0.08275000
v 0.04224760 0.06225000 0.07462500
v 0.04139576 0.06225000 0.07962500
v 0.04202777 0.06225000 0.07631797
v -0.03162500 0.06025000 0.01044856
v -0.03050000 0.06025000 0.01075000
v -0.03162500 0.06025000 0.00655144
v -0.03050000 0.06025000 0.00625000
v -0.01162500 0.06025000 0.00655144
v -0.02825000 0.06025000 0.00850000
v -0.01050000 0.06025000 0.00625000
v -0.02855144 0.06025000 0.00737500
v -0.02937500 0.06025000 0.00655144
v -0.03244856 0.06025000 0.00737500
v -0.03275000 0.06025000 0.00850000
v -0.03244856 0.06025000 0.00962500
v 0.00855144 0.06025000 0.00962500
v -0.01050000 0.06025000 0.01075000
v 0.00825000 0.06025000 0.00850000
v 0.00855144 0.06025000 0.00737500
v 0.03162500 0.06025000 0.00655144
v 0.03050000 0.06025000 0.00625000
v -0.00937500 0.06025000 0.01044856
v -0.00855144 0.06025000 0.00962500
v 0.00937500 0.06025000 0.00655144
v -0.00825000 0.06025000 0.00850000
v 0.01050000 0.06025000 0.00625000
v -0.00855144 0.06025000 0.00737500
v -0.00937500 0.06025000 0.00655144
v 0.02937500 0.06025000 0.00655144
v 0.01275000 0.06025000 0.00850000
v 0.01244856 0.06025000 0.00737500
v 0.01162500 0.06025000 0.00655144
v -0.01244856 0.06025000 0.00737500
v -0.01275000 0.06025000 0.00850000
v -0.02855144 0.06025000 0.00962500
v -0.01244856 0.06025000 0.00962500
v -0.01162500 0.06025000 0.01044856
v 0.03162500 0.06025000 0.01044856
v 0.03244856 0.06025000 0.00962500
v 0.03275000 0.06025000 0.00850000
v 0.03244856 0.06025000 0.00737500
v 0.02855144 0.06025000 0.00737500
v 0.02825000 0.06025000 0.00850000
v 0.01244856 0.06025000 0.00962500
v -0.02937500 0.06025000 0.01044856
v 0.00937500 0.06025000 0.01044856
v 0.01050000 0.06025000 0.01075000
v 0.01162500 0.06025000 0.01044856
v 0.02855144 0.06025000 0.00962500
v 0.02937500 0.06025000 0.01044856
v 0.03050000 0.06025000 0.01075000
v 0.00825000 0.06675000 0.00850000
v 0.00855144 0.06675000 0.00962500
v 0.00937500 0.06675000 0.01044856
v 0.01050000 0.06675000 0.01075000
v 0.01162500 0.06675000 0.01044856
v 0.01244856 0.06675000 0.00962500
v 0.01275000 0.06675000 0.00850000
v 0.01244856 0.06675000 0.00737500
v 0.01162500 0.06675000 0.00655144
v 0.01050000 0.06675000 0.00625000
v 0.00937500 0.06675000 0.00655144
v 0.00855144 0.06675000 0.00737500
v 0.01500000 0.06675000 0.00850000
v 0.01439711 0.06675000 0.00625000
v 0.01275000 0.06675000 0.00460289
v 0.01050000 0.06675000 0.00400000
v 0.00825000 0.06675000 0.00460289
v 0.00660289 0.06675000 0.00625000
v 0.00600000 0.06675000 0.00850000
v 0.00660289 0.06675000 0.01075000
v 0.00825000 0.06675000 0.01239711
v 0.01050000 0.06675000 0.01300000
v 0.01275000 0.06675000 0.01239711
v 0.01439711 0.06675000 0.01075000
v 0.02825000 0.06675000 0.00850000
v 0.02855144 0.06675000 0.00962500
v 0.02937500 0.06675000 0.01044856
v 0.03050000 0.06675000 0.01075000
v 0.03162500 0.06675000 0.01044856
v 0.03244856 0.06675000 0.00962500
v 0.03275000 0.06675000 0.00850000
v 0.03244856 0.06675000 0.00737500
v 0.03162500 0.06675000 0.00655144
v 0.03050000 0.06675000 0.00625000
v 0.02937500 0.06675000 0.00655144
v 0.02855144 0.06675000 0.00737500
v 0.02660288 0.06675000 0.01075000
v 0.02825000 0.06675000 0.01239711
v 0.03050000 0.06675000 0.01300000
v 0.03275000 0.06675000 0.01239711
v 0.03439711 0.06675000 0.01075000
v 0.03500000 0.06675000 0.00850000
v 0.03439711 0.06675000 0.00625000
v 0.03275000 0.06675000 0.00460289
v 0.03050000 0.06675000 0.00400000
v 0.02825000 0.06675000 0.00460289
v 0.02660288 0.06675000 0.00625000
v 0.02600000 0.06675000 0.00850000
v -0.01275000 0.06675000 0.00850000
v -0.01244856 0.06675000 0.00962500
v -0.01162500 0.06675000 0.01044856
v -0.01050000 0.06675000 0.01075000
v -0.00937500 0.06675000 0.01044856
v -0.00855144 0.06675000 0.00962500
v -0.00825000 0.06675000 0.00850000
v -0.00855144 0.06675000 0.00737500
v -0.00937500 0.06675000 0.00655144
v -0.01050000 0.06675000 0.00625000
v -0.01162500 0.06675000 0.00655144
v -0.01244856 0.06675000 0.00737500
v -0.00600000 0.06675000 0.00850000
v -0.00660289 0.06675000 0.00625000
v -0.00825000 0.06675000 0.00460289
v -0.01050000 0.06675000 0.00400000
v -0.01275000 0.06675000 0.00460289
v -0.01439711 0.06675000 0.00625000
v -0.01500000 0.06675000 0.00850000
v -0.01439711 0.06675000 0.01075000
v -0.01275000 0.06675000 0.01239711
v -0.01050000 0.06675000 0.01300000
v -0.00825000 0.06675000 0.01239711
v -0.00660289 0.06675000 0.01075000
v -0.03275000 0.06675000 0.00850000
v -0.03244856 0.06675000 0.00962500
v -0.03162500 0.06675000 0.01044856
v -0.03050000 0.06675000 0.01075000
v -0.02937500 0.06675000 0.01044856
v -0.02855144 0.06675000 0.00962500
v -0.02825000 0.06675000 0.00850000
v -0.02855144 0.06675000 0.00737500
v -0.02937500 0.06675000 0.00655144
v -0.03050000 0.06675000 0.00625000
v -0.03162500 0.06675000 0.00655144
v -0.03244856 0.06675000 0.00737500
v -0.03275000 0.06675000 0.01239711
v -0.03050000 0.06675000 0.01300000
v -0.02825000 0.06675000 0.01239711
v -0.02660288 0.06675000 0.01075000
v -0.02600000 0.06675000 0.00850000
v -0.02660288 0.06675000 0.00625000
v -0.02825000 0.06675000 0.00460289
v -0.03050000 0.06675000 0.00400000
v -0.03275000 0.06675000 0.00460289
v -0.03439711 0.06675000 0.00625000
v -0.03500000 0.06675000 0.00850000
v -0.03439711 0.06675000 0.01075000
v -0.02937500 0.03425000 0.01200000
v -0.04250000 0.03425000 0.01200000
v -0.04250000 0.01591562 0.01200000
v -0.01212500 0.03425000 0.01200000
v -0.02937500 0.01591562 0.01200000
v 0.00981250 0.03425000 0.01200000
v 0.00106250 0.03425000 0.01200000
v 0.00106250 0.01591562 0.01200000
v 0.00106250 -0.00941562 0.01200000
v -0.00360289 -0.01074038 0.01200000
v -0.00300000 -0.01299038 0.01200000
v 0.00106250 -0.03425000 0.01200000
v -0.00975000 -0.01688750 0.01200000
v -0.01139711 -0.01524038 0.01200000
v -0.01212500 -0.03425000 0.01200000
v -0.01200000 -0.01299038 0.01200000
v -0.01212500 -0.00941562 0.01200000
v -0.00360289 -0.01524038 0.01200000
v -0.00525000 -0.01688750 0.01200000
v -0.00750000 -0.01749038 0.01200000
v -0.00750000 -0.00849038 0.01200000
v -0.01212500 -0.00649519 0.01200000
v -0.00975000 -0.00909327 0.01200000
v -0.01139711 -0.01074038 0.01200000
v -0.00525000 -0.00909327 0.01200000
v 0.00106250 -0.00649519 0.01200000
v 0.00106250 0.00649519 0.01200000
v -0.00300000 0.01299038 0.01200000
v -0.00360289 0.01074038 0.01200000
v -0.00525000 0.00909327 0.01200000
v -0.00750000 0.00849038 0.01200000
v -0.00750000 0.01749038 0.01200000
v -0.00525000 0.01688750 0.01200000
v -0.00360289 0.01524038 0.01200000
v -0.00975000 0.00909327 0.01200000
v -0.01139711 0.01074038 0.01200000
v -0.01212500 0.00649519 0.01200000
v -0.01200000 0.01299038 0.01200000
v -0.01212500 0.01591562 0.01200000
v -0.01139711 0.01524038 0.01200000
v -0.00975000 0.01688750 0.01200000
v 0.01110289 -0.00225000 0.01200000
v 0.01050000 0.00000000 0.01200000
v 0.00981250 -0.00325000 0.01200000
v 0.00981250 0.00325000 0.01200000
v 0.01275000 -0.00389711 0.01200000
v 0.00981250 -0.00649519 0.01200000
v 0.01500000 -0.00450000 0.01200000
v 0.04250000 -0.00649519 0.01200000
v 0.01725000 -0.00389711 0.01200000
v 0.04250000 -0.00325000 0.01200000
v 0.01889711 -0.00225000 0.01200000
v 0.04250000 0.00649519 0.01200000
v 0.01725000 0.00389711 0.01200000
v 0.04250000 0.00325000 0.01200000
v 0.01889711 0.00225000 0.01200000
v 0.01950000 0.00000000 0.01200000
v 0.01500000 0.00450000 0.01200000
v 0.00981250 0.00649519 0.01200000
v 0.01275000 0.00389711 0.01200000
v 0.01110289 0.00225000 0.01200000
v 0.04250000 0.03425000 0.01200000
v 0.00981250 0.01591562 0.01200000
v 0.04250000 0.01591562 0.01200000
v 0.00712500 0.01434086 0.01200000
v 0.00812500 0.01407291 0.01200000
v 0.00812500 0.01060881 0.01200000
v 0.00712500 0.01034086 0.01200000
v 0.00539295 0.01334086 0.01200000
v 0.00612500 0.01407291 0.01200000
v 0.00885705 0.01334086 0.01200000
v 0.00912500 0.01234086 0.01200000
v 0.00885705 0.01134086 0.01200000
v 0.00612500 0.01060881 0.01200000
v 0.00539295 0.01134086 0.01200000
v 0.00512500 0.01234086 0.01200000
v -0.01425000 -0.00200000 0.01200000
v -0.01525000 -0.00173205 0.01200000
v -0.02937500 -0.00325000 0.01200000
v -0.01325000 -0.00173205 0.01200000
v -0.01212500 -0.00325000 0.01200000
v -0.01598205 -0.00100000 0.01200000
v -0.01625000 0.00000000 0.01200000
v -0.02937500 0.00325000 0.01200000
v -0.01598205 0.00100000 0.01200000
v -0.01525000 0.00173205 0.01200000
v -0.01425000 0.00200000 0.01200000
v -0.02937500 0.00649519 0.01200000
v -0.01212500 0.00325000 0.01200000
v -0.01325000 0.00173205 0.01200000
v -0.01251795 0.00100000 0.01200000
v -0.01225000 0.00000000 0.01200000
v -0.01251795 -0.00100000 0.01200000
v 0.00106250 -0.00325000 0.01200000
v 0.00106250 0.00325000 0.01200000
v 0.00981250 -0.00941562 0.01200000
v 0.04250000 -0.00941562 0.01200000
v 0.00981250 -0.03425000 0.01200000
v 0.04250000 -0.03425000 0.01200000
v 0.00539295 -0.01134086 0.01200000
v 0.00612500 -0.01060881 0.01200000
v 0.00712500 -0.01034086 0.01200000
v 0.00812500 -0.01060881 0.01200000
v 0.00812500 -0.01407291 0.01200000
v 0.00712500 -0.01434086 0.01200000
v 0.00885705 -0.01134086 0.01200000
v 0.00912500 -0.01234086 0.01200000
v 0.00885705 -0.01334086 0.01200000
v 0.00612500 -0.01407291 0.01200000
v 0.00539295 -0.01334086 0.01200000
v 0.00512500 -0.01234086 0.01200000
v -0.02937500 -0.00649519 0.01200000
v -0.02937500 -0.00941562 0.01200000
v -0.02937500 -0.03425000 0.01200000
v -0.04250000 0.00649519 0.01200000
v -0.04250000 0.00325000 0.01200000
v -0.04250000 -0.00325000 0.01200000
v -0.04250000 -0.00649519 0.01200000
v -0.04250000 -0.00941562 0.01200000
v -0.04250000 -0.03425000 0.01200000
v 0.04250000 0.03425000 0.01700000
v 0.04250000 0.01479062 0.00000000
v 0.04250000 0.00629543 0.00000000
v 0.04250000 0.00212500 0.00000000
v 0.04250000 -0.00212500 0.00000000
v 0.04250000 -0.00629543 0.00000000
v 0.04250000 -0.01054062 0.00000000
v 0.04250000 -0.06025000 0.00000000
v 0.04250000 -0.06025000 0.01700000
v 0.04250000 -0.03425000 0.01700000
v 0.01612500 0.00194856 0.00000000
v 0.01500000 0.00225000 0.00000000
v -0.00555144 0.01411538 -0.00000000
v -0.00637500 0.01493894 -0.00000000
v -0.00006250 0.01479062 -0.00000000
v -0.00944856 0.01411538 -0.00000000
v -0.00975000 0.01299038 -0.00000000
v -0.01100000 0.01479062 -0.00000000
v -0.01100000 0.00629543 -0.00000000
v -0.00944856 0.01186538 -0.00000000
v -0.00862500 0.01104182 -0.00000000
v -0.00750000 0.01074038 -0.00000000
v -0.00637500 0.01104182 -0.00000000
v -0.00006250 0.00629543 0.00000000
v -0.00555144 0.01186538 -0.00000000
v -0.00525000 0.01299038 -0.00000000
v -0.00862500 0.01493894 -0.00000000
v -0.01100000 0.06025000 -0.00000000
v -0.00750000 0.01524038 -0.00000000
v 0.01387500 0.00194856 0.00000000
v 0.01305144 0.00112500 0.00000000
v 0.01093750 0.00212500 0.00000000
v 0.01093750 -0.00212500 0.00000000
v 0.01275000 0.00000000 0.00000000
v 0.01305144 -0.00112500 0.00000000
v 0.01093750 0.00629543 0.00000000
v 0.01500000 -0.00225000 0.00000000
v 0.01612500 -0.00194856 0.00000000
v 0.01694856 -0.00112500 0.00000000
v 0.01725000 0.00000000 0.00000000
v 0.01694856 0.00112500 0.00000000
v -0.00006250 -0.01054062 -0.00000000
v 0.00539295 -0.01134086 -0.00000000
v 0.00512500 -0.01234086 -0.00000000
v 0.00712500 -0.01434086 -0.00000000
v 0.01093750 -0.06025000 -0.00000000
v 0.00612500 -0.01407291 -0.00000000
v -0.00006250 -0.06025000 -0.00000000
v 0.00539295 -0.01334086 -0.00000000
v 0.00912500 -0.01234086 -0.00000000
v 0.01093750 -0.01054062 -0.00000000
v 0.00885705 -0.01334086 -0.00000000
v 0.00812500 -0.01407291 -0.00000000
v 0.00885705 -0.01134086 -0.00000000
v 0.00812500 -0.01060881 -0.00000000
v 0.01093750 -0.00629543 0.00000000
v 0.00612500 -0.01060881 -0.00000000
v -0.00006250 -0.00629543 -0.00000000
v 0.00712500 -0.01034086 -0.00000000
v -0.00637500 -0.01104182 -0.00000000
v -0.00555144 -0.01186538 -0.00000000
v -0.00525000 -0.01299038 -0.00000000
v -0.00750000 -0.01074038 -0.00000000
v -0.00862500 -0.01104182 -0.00000000
v -0.01100000 -0.01054062 -0.00000000
v -0.00555144 -0.01411538 -0.00000000
v -0.00944856 -0.01411538 -0.00000000
v -0.01100000 -0.06025000 -0.00000000
v -0.00975000 -0.01299038 -0.00000000
v -0.00944856 -0.01186538 -0.00000000
v -0.00862500 -0.01493894 -0.00000000
v -0.00750000 -0.01524038 -0.00000000
v -0.00637500 -0.01493894 -0.00000000
v 0.01387500 -0.00194856 0.00000000
v -0.01100000 -0.00212500 -0.00000000
v -0.01425000 -0.00200000 -0.00000000
v -0.01325000 -0.00173205 -0.00000000
v -0.01251795 -0.00100000 -0.00000000
v -0.01225000 0.00000000 -0.00000000
v -0.01100000 0.00212500 -0.00000000
v -0.01251795 0.00100000 -0.00000000
v -0.01325000 0.00173205 -0.00000000
v -0.01425000 0.00200000 -0.00000000
v -0.01525000 0.00173205 -0.00000000
v -0.02937500 0.00212500 -0.00000000
v -0.02937500 -0.06025000 -0.00000000
v -0.02937500 -0.01054062 -0.00000000
v -0.01100000 -0.00629543 -0.00000000
v -0.02937500 -0.00629543 -0.00000000
v -0.02937500 -0.00212500 -0.00000000
v -0.01525000 -0.00173205 -0.00000000
v -0.01598205 0.00100000 -0.00000000
v -0.01625000 0.00000000 -0.00000000
v -0.01598205 -0.00100000 -0.00000000
v -0.00006250 -0.00212500 -0.00000000
v -0.00006250 0.00212500 0.00000000
v 0.01093750 0.01479062 -0.00000000
v 0.00885705 0.01334086 -0.00000000
v 0.00812500 0.01407291 -0.00000000
v 0.00712500 0.01434086 -0.00000000
v 0.00612500 0.01407291 -0.00000000
v 0.00612500 0.01060881 0.00000000
v 0.00712500 0.01034086 0.00000000
v 0.00539295 0.01334086 -0.00000000
v 0.00512500 0.01234086 -0.00000000
v 0.00539295 0.01134086 -0.00000000
v 0.00812500 0.01060881 0.00000000
v 0.00885705 0.01134086 -0.00000000
v 0.00912500 0.01234086 -0.00000000
v -0.00006250 0.06025000 -0.00000000
v 0.01093750 0.06025000 -0.00000000
v -0.02937500 0.00629543 -0.00000000
v -0.02937500 0.01479062 -0.00000000
v -0.02937500 0.06025000 -0.00000000
v -0.04250000 -0.06025000 -0.00000000
v -0.04250000 -0.01054062 -0.00000000
v -0.04250000 -0.00629543 -0.00000000
v -0.04250000 -0.00212500 -0.00000000
v -0.04250000 0.00212500 -0.00000000
v -0.04250000 0.00629543 -0.00000000
v -0.04250000 0.01479062 -0.00000000
v -0.04250000 0.03425000 0.01700000
v -0.04250000 -0.03425000 0.01700000
v -0.04250000 -0.06025000 0.01700000
v -0.00975000 -0.01299038 0.00850000
v -0.00944856 -0.01411538 0.00850000
v -0.00862500 -0.01493894 0.00850000
v -0.00750000 -0.01524038 0.00850000
v -0.00637500 -0.01493894 0.00850000
v -0.00555144 -0.01411538 0.00850000
v -0.00525000 -0.01299038 0.00850000
v -0.00555144 -0.01186538 0.00850000
v -0.00637500 -0.01104182 0.00850000
v -0.00750000 -0.01074038 0.00850000
v -0.00862500 -0.01104182 0.00850000
v -0.00944856 -0.01186538 0.00850000
v -0.00300000 -0.01299038 0.00850000
v -0.00360289 -0.01074038 0.00850000
v -0.00525000 -0.00909327 0.00850000
v -0.00750000 -0.00849038 0.00850000
v -0.00975000 -0.00909327 0.00850000
v -0.01139711 -0.01074038 0.00850000
v -0.01200000 -0.01299038 0.00850000
v -0.01139711 -0.01524038 0.00850000
v -0.00975000 -0.01688750 0.00850000
v -0.00750000 -0.01749038 0.00850000
v -0.00525000 -0.01688750 0.00850000
v -0.00360289 -0.01524038 0.00850000
v -0.00975000 0.01299038 0.00850000
v -0.00944856 0.01186538 0.00850000
v -0.00862500 0.01104182 0.00850000
v -0.00750000 0.01074038 0.00850000
v -0.00637500 0.01104182 0.00850000
v -0.00555144 0.01186538 0.00850000
v -0.00525000 0.01299038 0.00850000
v -0.00555144 0.01411538 0.00850000
v -0.00637500 0.01493894 0.00850000
v -0.00750000 0.01524038 0.00850000
v -0.00862500 0.01493894 0.00850000
v -0.00944856 0.01411538 0.00850000
v -0.00300000 0.01299038 0.00850000
v -0.00360289 0.01524038 0.00850000
v -0.00525000 0.01688750 0.00850000
v -0.00750000 0.01749038 0.00850000
v -0.00975000 0.01688750 0.00850000
v -0.01139711 0.01524038 0.00850000
v -0.01200000 0.01299038 0.00850000
v -0.01139711 0.01074038 0.00850000
v -0.00975000 0.00909327 0.00850000
v -0.00750000 0.00849038 0.00850000
v -0.00525000 0.00909327 0.00850000
v -0.00360289 0.01074038 0.00850000
v 0.01275000 0.00000000 0.00850000
v 0.01305144 -0.00112500 0.00850000
v 0.01387500 -0.00194856 0.00850000
v 0.01500000 -0.00225000 0.00850000
v 0.01612500 -0.00194856 0.00850000
v 0.01694856 -0.00112500 0.00850000
v 0.01725000 0.00000000 0.00850000
v 0.01694856 0.00112500 0.00850000
v 0.01612500 0.00194856 0.00850000
v 0.01500000 0.00225000 0.00850000
v 0.01387500 0.00194856 0.00850000
v 0.01305144 0.00112500 0.00850000
v 0.01500000 -0.00450000 0.00850000
v 0.01725000 -0.00389711 0.00850000
v 0.01889711 -0.00225000 0.00850000
v 0.01950000 0.00000000 0.00850000
v 0.01889711 0.00225000 0.00850000
v 0.01725000 0.00389711 0.00850000
v 0.01500000 0.00450000 0.00850000
v 0.01275000 0.00389711 0.00850000
v 0.01110289 0.00225000 0.00850000
v 0.01050000 0.00000000 0.00850000
v 0.01110289 -0.00225000 0.00850000
v 0.01275000 -0.00389711 0.00850000
v -0.03192894 -0.06025000 0.00767500
v -0.03215000 -0.06025000 0.00850000
v -0.03192894 -0.06025000 0.00932500
v -0.00907106 -0.06025000 0.00767500
v 0.01050000 -0.06025000 0.00685000
v -0.00885000 -0.06025000 0.00850000
v 0.00967500 -0.06025000 0.00707106
v 0.03215000 -0.06025000 0.00850000
v 0.03192894 -0.06025000 0.00767500
v 0.03132500 -0.06025000 0.00707106
v 0.03050000 -0.06025000 0.00685000
v 0.01192894 -0.06025000 0.00767500
v 0.01132500 -0.06025000 0.00707106
v -0.02907106 -0.06025000 0.00767500
v -0.03132500 -0.06025000 0.00992894
v -0.03050000 -0.06025000 0.01015000
v -0.02967500 -0.06025000 0.00992894
v 0.03192894 -0.06025000 0.00932500
v 0.03132500 -0.06025000 0.00992894
v -0.02967500 -0.06025000 0.00707106
v -0.03050000 -0.06025000 0.00685000
v -0.03132500 -0.06025000 0.00707106
v -0.01050000 -0.06025000 0.01015000
v -0.00967500 -0.06025000 0.00992894
v 0.00967500 -0.06025000 0.00992894
v -0.00907106 -0.06025000 0.00932500
v -0.00967500 -0.06025000 0.00707106
v -0.01050000 -0.06025000 0.00685000
v -0.01132500 -0.06025000 0.00707106
v -0.01192894 -0.06025000 0.00767500
v -0.02885000 -0.06025000 0.00850000
v -0.01215000 -0.06025000 0.00850000
v -0.02907106 -0.06025000 0.00932500
v -0.01192894 -0.06025000 0.00932500
v -0.01132500 -0.06025000 0.00992894
v 0.01050000 -0.06025000 0.01015000
v 0.01132500 -0.06025000 0.00992894
v 0.01192894 -0.06025000 0.00932500
v 0.01215000 -0.06025000 0.00850000
v 0.02967500 -0.06025000 0.00707106
v 0.00907106 -0.06025000 0.00767500
v 0.00885000 -0.06025000 0.00850000
v 0.00907106 -0.06025000 0.00932500
v 0.02967500 -0.06025000 0.00992894
v 0.03050000 -0.06025000 0.01015000
v 0.02907106 -0.06025000 0.00767500
v 0.02885000 -0.06025000 0.00850000
v 0.02907106 -0.06025000 0.00932500
v -0.03132500 0.06025000 0.00992894
v -0.03192894 0.06025000 0.00932500
v -0.03215000 0.06025000 0.00850000
v -0.02967500 0.06025000 0.00707106
v -0.02907106 0.06025000 0.00767500
v -0.01192894 0.06025000 0.00767500
v -0.03050000 0.06025000 0.00685000
v -0.03132500 0.06025000 0.00707106
v -0.03192894 0.06025000 0.00767500
v 0.03050000 0.06025000 0.00685000
v 0.03132500 0.06025000 0.00707106
v -0.01215000 0.06025000 0.00850000
v -0.02885000 0.06025000 0.00850000
v -0.01192894 0.06025000 0.00932500
v -0.00907106 0.06025000 0.00932500
v -0.00967500 0.06025000 0.00992894
v -0.01050000 0.06025000 0.01015000
v -0.01132500 0.06025000 0.00992894
v -0.00907106 0.06025000 0.00767500
v -0.00967500 0.06025000 0.00707106
v -0.01050000 0.06025000 0.00685000
v -0.01132500 0.06025000 0.00707106
v 0.02967500 0.06025000 0.00707106
v 0.01192894 0.06025000 0.00932500
v 0.01132500 0.06025000 0.00992894
v 0.01050000 0.06025000 0.01015000
v -0.02907106 0.06025000 0.00932500
v -0.02967500 0.06025000 0.00992894
v -0.03050000 0.06025000 0.01015000
v 0.00967500 0.06025000 0.00707106
v 0.00907106 0.06025000 0.00767500
v 0.00885000 0.06025000 0.00850000
v -0.00885000 0.06025000 0.00850000
v 0.00907106 0.06025000 0.00932500
v 0.00967500 0.06025000 0.00992894
v 0.01050000 0.06025000 0.00685000
v 0.01132500 0.06025000 0.00707106
v 0.01192894 0.06025000 0.00767500
v 0.03192894 0.06025000 0.00767500
v 0.03215000 0.06025000 0.00850000
v 0.03192894 0.06025000 0.00932500
v 0.03132500 0.06025000 0.00992894
v 0.03050000 0.06025000 0.01015000
v 0.02967500 0.06025000 0.00992894
v 0.02907106 0.06025000 0.00932500
v 0.01215000 0.06025000 0.00850000
v 0.02885000 0.06025000 0.00850000
v 0.02907106 0.06025000 0.00767500
v 0.03050000 0.03925858 0.00850000
v 0.02907106 0.04025000 0.00932500
v 0.02967500 0.04025000 0.00992894
v 0.02885000 0.04025000 0.00850000
v 0.03132500 0.04025000 0.00992894
v 0.03192894 0.04025000 0.00932500
v 0.03050000 0.04025000 0.01015000
v 0.03192894 0.04025000 0.00767500
v 0.03132500 0.04025000 0.00707106
v 0.03215000 0.04025000 0.00850000
v 0.02967500 0.04025000 0.00707106
v 0.02907106 0.04025000 0.00767500
v 0.03050000 0.04025000 0.00685000
v 0.01050000 0.03925858 0.00850000
v 0.00907106 0.04025000 0.00932500
v 0.00967500 0.04025000 0.00992894
v 0.00885000 0.04025000 0.00850000
v 0.01132500 0.04025000 0.00992894
v 0.01192894 0.04025000 0.00932500
v 0.01050000 0.04025000 0.01015000
v 0.01192894 0.04025000 0.00767500
v 0.01132500 0.04025000 0.00707106
v 0.01215000 0.04025000 0.00850000
v 0.00967500 0.04025000 0.00707106
v 0.00907106 0.04025000 0.00767500
v 0.01050000 0.04025000 0.00685000
v -0.03050000 0.03925858 0.00850000
v -0.03192894 0.04025000 0.00932500
v -0.03132500 0.04025000 0.00992894
v -0.03215000 0.04025000 0.00850000
v -0.02967500 0.04025000 0.00992894
v -0.02907106 0.04025000 0.00932500
v -0.03050000 0.04025000 0.01015000
v -0.02907106 0.04025000 0.00767500
v -0.02967500 0.04025000 0.00707106
v -0.02885000 0.04025000 0.00850000
v -0.03132500 0.04025000 0.00707106
v -0.03192894 0.04025000 0.00767500
v -0.03050000 0.04025000 0.00685000
v -0.01050000 0.03925858 0.00850000
v -0.01192894 0.04025000 0.00932500
v -0.01132500 0.04025000 0.00992894
v -0.01215000 0.04025000 0.00850000
v -0.00967500 0.04025000 0.00992894
v -0.00907106 0.04025000 0.00932500
v -0.01050000 0.04025000 0.01015000
v -0.00907106 0.04025000 0.00767500
v -0.00967500 0.04025000 0.00707106
v -0.00885000 0.04025000 0.00850000
v -0.01132500 0.04025000 0.00707106
v -0.01192894 0.04025000 0.00767500
v -0.01050000 0.04025000 0.00685000
v 0.03050000 -0.03925858 0.00850000
v 0.03192894 -0.04025000 0.00932500
v 0.03132500 -0.04025000 0.00992894
v 0.03215000 -0.04025000 0.00850000
v 0.02967500 -0.04025000 0.00992894
v 0.02907106 -0.04025000 0.00932500
v 0.03050000 -0.04025000 0.01015000
v 0.02907106 -0.04025000 0.00767500
v 0.02967500 -0.04025000 0.00707106
v 0.02885000 -0.04025000 0.00850000
v 0.03132500 -0.04025000 0.00707106
v 0.03192894 -0.04025000 0.00767500
v 0.03050000 -0.04025000 0.00685000
v 0.01050000 -0.03925858 0.00850000
v 0.01192894 -0.04025000 0.00932500
v 0.01132500 -0.04025000 0.00992894
v 0.01215000 -0.04025000 0.00850000
v 0.00967500 -0.04025000 0.00992894
v 0.00907106 -0.04025000 0.00932500
v 0.01050000 -0.04025000 0.01015000
v 0.00907106 -0.04025000 0.00767500
v 0.00967500 -0.04025000 0.00707106
v 0.00885000 -0.04025000 0.00850000
v 0.01132500 -0.04025000 0.00707106
v 0.01192894 -0.04025000 0.00767500
v 0.01050000 -0.04025000 0.00685000
v -0.03050000 -0.03925858 0.00850000
v -0.02907106 -0.04025000 0.00932500
v -0.02967500 -0.04025000 0.00992894
v -0.02885000 -0.04025000 0.00850000
v -0.03132500 -0.04025000 0.00992894
v -0.03192894 -0.04025000 0.00932500
v -0.03050000 -0.04025000 0.01015000
v -0.03192894 -0.04025000 0.00767500
v -0.03132500 -0.04025000 0.00707106
v -0.03215000 -0.04025000 0.00850000
v -0.02967500 -0.04025000 0.00707106
v -0.02907106 -0.04025000 0.00767500
v -0.03050000 -0.04025000 0.00685000
v -0.01050000 -0.03925858 0.00850000
v -0.00907106 -0.04025000 0.00932500
v -0.00967500 -0.04025000 0.00992894
v -0.00885000 -0.04025000 0.00850000
v -0.01132500 -0.04025000 0.00992894
v -0.01192894 -0.04025000 0.00932500
v -0.01050000 -0.04025000 0.01015000
v -0.01192894 -0.04025000 0.00767500
v -0.01132500 -0.04025000 0.00707106
v -0.01215000 -0.04025000 0.00850000
v -0.00967500 -0.04025000 0.00707106
v -0.00907106 -0.04025000 0.00767500
v -0.01050000 -0.04025000 0.00685000
v -0.01750000 -0.06225000 0.05325000
v -0.01750000 -0.05925000 0.05325000
v -0.01875000 -0.06225000 0.05358494
v -0.01875000 -0.05925000 0.05358494
v -0.01966506 -0.06225000 0.05450000
v -0.01966506 -0.05925000 0.05450000
v -0.02000000 -0.06225000 0.05575000
v -0.02000000 -0.05925000 0.05575000
v -0.01966506 -0.06225000 0.05700000
v -0.01966506 -0.05925000 0.05700000
v -0.01875000 -0.06225000 0.05791506
v -0.01875000 -0.05925000 0.05791506
v -0.01750000 -0.06225000 0.05825000
v -0.01750000 -0.05925000 0.05825000
v -0.03000000 -0.06225000 0.07462500
v -0.03000000 -0.05925000 0.07462500
v -0.03125000 -0.06225000 0.07495993
v -0.03125000 -0.05925000 0.07495993
v -0.03216506 -0.06225000 0.07587500
v -0.03216506 -0.05925000 0.07587500
v -0.03250000 -0.06225000 0.07712500
v -0.03250000 -0.05925000 0.07712500
v -0.03216506 -0.06225000 0.07837500
v -0.03216506 -0.05925000 0.07837500
v -0.03125000 -0.06225000 0.07929006
v -0.03125000 -0.05925000 0.07929006
v -0.03000000 -0.06225000 0.07962500
v -0.03000000 -0.05925000 0.07962500
v 0.04250000 -0.07025000 0.00000000
v 0.04250000 -0.07025000 0.03550000
v 0.04250000 -0.05925000 0.01700000
v 0.04250000 -0.05925000 0.05825000
v 0.04250000 -0.05925000 0.07000000
v 0.04250000 -0.06225000 0.05825000
v 0.04250000 -0.07025000 0.07000000
v 0.04250000 -0.06225000 0.05325000
v 0.04250000 -0.05925000 0.05325000
v 0.03875000 -0.07025000 0.00000000
v 0.02174519 -0.07025000 -0.00000000
v -0.00525000 -0.07025000 0.00000000
v 0.00525000 -0.07025000 0.00000000
v 0.01624519 -0.07025000 -0.00000000
v -0.00724519 -0.07025000 -0.00000000
v -0.02174519 -0.07025000 -0.00000000
v -0.04250000 -0.07025000 -0.00000000
v -0.04250000 -0.05925000 0.07000000
v -0.04250000 -0.05925000 0.01700000
v -0.04250000 -0.07025000 0.07000000
v -0.04250000 -0.07025000 0.03550000
v -0.00909327 -0.07025000 0.06475000
v -0.00849038 -0.07025000 0.06250000
v -0.00724519 -0.07025000 0.07375000
v -0.04098647 -0.07025000 0.08124094
v -0.04216661 -0.07025000 0.07531288
v -0.02174519 -0.07025000 0.07375000
v -0.02174519 -0.07025000 0.03550000
v -0.02924741 -0.07025000 0.10083568
v -0.03233680 -0.07025000 0.09757864
v -0.03605158 -0.07025000 0.09250630
v -0.03894522 -0.07025000 0.08701528
v -0.01874944 -0.07025000 0.10814064
v -0.02429816 -0.07025000 0.10486903
v -0.00225000 -0.07025000 0.08110289
v -0.00389711 -0.07025000 0.08275000
v -0.00525000 -0.07025000 0.07375000
v -0.00450000 -0.07025000 0.08500000
v -0.00631797 -0.07025000 0.11202777
v -0.01271231 -0.07025000 0.11055425
v -0.00389711 -0.07025000 0.08725000
v -0.00225000 -0.07025000 0.08889712
v 0.00000000 -0.07025000 0.11250000
v 0.00000000 -0.07025000 0.08950000
v 0.00531288 -0.07025000 0.11216661
v 0.00225000 -0.07025000 0.08889712
v 0.00389711 -0.07025000 0.08725000
v 0.00450000 -0.07025000 0.08500000
v 0.00389711 -0.07025000 0.08275000
v 0.00525000 -0.07025000 0.07375000
v 0.00225000 -0.07025000 0.08110289
v 0.00000000 -0.07025000 0.08050000
v 0.02757864 -0.07025000 0.10233680
v 0.02250629 -0.07025000 0.10605159
v 0.02174519 -0.07025000 0.07375000
v 0.01701528 -0.07025000 0.10894522
v 0.01624519 -0.07025000 0.07375000
v 0.01124095 -0.07025000 0.11098647
v 0.03814064 -0.07025000 0.08874944
v 0.03486903 -0.07025000 0.09429816
v 0.03083568 -0.07025000 0.09924741
v 0.03875000 -0.07025000 0.07375000
v 0.04202777 -0.07025000 0.07631797
v 0.04055425 -0.07025000 0.08271231
v 0.01299038 -0.07025000 0.05800000
v 0.01074038 -0.07025000 0.05860288
v 0.00525000 -0.07025000 0.03550000
v 0.00909327 -0.07025000 0.06025000
v 0.00849038 -0.07025000 0.06250000
v 0.01299038 -0.07025000 0.06700000
v 0.01074038 -0.07025000 0.06639712
v 0.00909327 -0.07025000 0.06475000
v 0.01524038 -0.07025000 0.06639712
v 0.01688750 -0.07025000 0.06475000
v 0.01749038 -0.07025000 0.06250000
v 0.02174519 -0.07025000 0.03550000
v 0.01688750 -0.07025000 0.06025000
v 0.01624519 -0.07025000 0.03550000
v 0.01524038 -0.07025000 0.05860288
v -0.01275000 -0.07025000 0.00460289
v -0.01439711 -0.07025000 0.00625000
v -0.01050000 -0.07025000 0.00400000
v -0.00825000 -0.07025000 0.00460289
v -0.01050000 -0.07025000 0.01300000
v -0.00724519 -0.07025000 0.03550000
v -0.01275000 -0.07025000 0.01239711
v -0.01439711 -0.07025000 0.01075000
v -0.01500000 -0.07025000 0.00850000
v -0.00660289 -0.07025000 0.00625000
v -0.00600000 -0.07025000 0.00850000
v -0.00525000 -0.07025000 0.03550000
v -0.00660289 -0.07025000 0.01075000
v -0.00825000 -0.07025000 0.01239711
v -0.02600000 -0.07025000 0.00850000
v -0.02660288 -0.07025000 0.00625000
v -0.02825000 -0.07025000 0.01239711
v -0.02660288 -0.07025000 0.01075000
v -0.03275000 -0.07025000 0.01239711
v -0.03050000 -0.07025000 0.01300000
v -0.03275000 -0.07025000 0.00460289
v -0.03050000 -0.07025000 0.00400000
v -0.02825000 -0.07025000 0.00460289
v -0.03439711 -0.07025000 0.00625000
v -0.03500000 -0.07025000 0.00850000
v -0.03439711 -0.07025000 0.01075000
v 0.00825000 -0.07025000 0.00460289
v 0.00660289 -0.07025000 0.00625000
v 0.00600000 -0.07025000 0.00850000
v 0.00660289 -0.07025000 0.01075000
v 0.00825000 -0.07025000 0.01239711
v 0.01050000 -0.07025000 0.01300000
v 0.01500000 -0.07025000 0.00850000
v 0.01439711 -0.07025000 0.00625000
v 0.01275000 -0.07025000 0.00460289
v 0.01050000 -0.07025000 0.00400000
v 0.01275000 -0.07025000 0.01239711
v 0.01439711 -0.07025000 0.01075000
v 0.02660288 -0.07025000 0.00625000
v 0.02600000 -0.07025000 0.00850000
v 0.02825000 -0.07025000 0.01239711
v 0.03050000 -0.07025000 0.01300000
v 0.03875000 -0.07025000 0.03550000
v 0.03275000 -0.07025000 0.01239711
v 0.02660288 -0.07025000 0.01075000
v 0.03439711 -0.07025000 0.01075000
v 0.03500000 -0.07025000 0.00850000
v 0.03439711 -0.07025000 0.00625000
v 0.03275000 -0.07025000 0.00460289
v 0.03050000 -0.07025000 0.00400000
v 0.02825000 -0.07025000 0.00460289
v -0.01074038 -0.07025000 0.06639712
v -0.01749038 -0.07025000 0.06250000
v -0.01688750 -0.07025000 0.06025000
v -0.01688750 -0.07025000 0.06475000
v -0.01524038 -0.07025000 0.06639712
v -0.01299038 -0.07025000 0.06700000
v -0.00909327 -0.07025000 0.06025000
v -0.01074038 -0.07025000 0.05860288
v -0.01299038 -0.07025000 0.05800000
v -0.01524038 -0.07025000 0.05860288
v -0.00112500 -0.05925000 0.08305144
v 0.00000000 -0.05925000 0.08275000
v 0.04139576 -0.05925000 0.07962500
v -0.01186538 -0.05925000 0.06444856
v -0.01299038 -0.05925000 0.06475000
v -0.01411538 -0.05925000 0.06444856
v -0.02924741 -0.05925000 0.10083568
v -0.00194856 -0.05925000 0.08612500
v -0.03233680 -0.05925000 0.09757864
v -0.00225000 -0.05925000 0.08500000
v -0.01493894 -0.05925000 0.06137500
v -0.01411538 -0.05925000 0.06055144
v -0.01299038 -0.05925000 0.06025000
v 0.01124095 -0.05925000 0.11098647
v 0.01701528 -0.05925000 0.10894522
v 0.00112500 -0.05925000 0.08694856
v 0.02250629 -0.05925000 0.10605159
v 0.00194856 -0.05925000 0.08612500
v 0.02757864 -0.05925000 0.10233680
v 0.00225000 -0.05925000 0.08500000
v 0.03083568 -0.05925000 0.09924741
v 0.03486903 -0.05925000 0.09429816
v -0.02429816 -0.05925000 0.10486903
v -0.01874944 -0.05925000 0.10814064
v -0.00112500 -0.05925000 0.08694856
v -0.00194856 -0.05925000 0.08387500
v -0.03894522 -0.05925000 0.08701528
v -0.03605158 -0.05925000 0.09250630
v -0.01524038 -0.05925000 0.06250000
v -0.01493894 -0.05925000 0.06362500
v 0.00112500 -0.05925000 0.08305144
v 0.00194856 -0.05925000 0.08387500
v 0.04055425 -0.05925000 0.08271231
v 0.03814064 -0.05925000 0.08874944
v -0.01271231 -0.05925000 0.11055425
v -0.00631797 -0.05925000 0.11202777
v 0.00000000 -0.05925000 0.08725000
v 0.00000000 -0.05925000 0.11250000
v 0.00531288 -0.05925000 0.11216661
v 0.01411538 -0.05925000 0.06055144
v 0.01299038 -0.05925000 0.06025000
v -0.01186538 -0.05925000 0.06055144
v -0.01104182 -0.05925000 0.06137500
v 0.01074038 -0.05925000 0.06250000
v -0.01074038 -0.05925000 0.06250000
v 0.01104182 -0.05925000 0.06362500
v -0.01104182 -0.05925000 0.06362500
v 0.01186538 -0.05925000 0.06444856
v -0.04216661 -0.05925000 0.07531288
v -0.04098647 -0.05925000 0.08124094
v 0.01104182 -0.05925000 0.06137500
v 0.01186538 -0.05925000 0.06055144
v 0.01299038 -0.05925000 0.06475000
v 0.04224760 -0.05925000 0.07462500
v 0.01493894 -0.05925000 0.06137500
v 0.01524038 -0.05925000 0.06250000
v 0.01493894 -0.05925000 0.06362500
v 0.01411538 -0.05925000 0.06444856
v -0.01524038 -0.06675000 0.06250000
v -0.01493894 -0.06675000 0.06137500
v -0.01411538 -0.06675000 0.06055144
v -0.01299038 -0.06675000 0.06025000
v -0.01186538 -0.06675000 0.06055144
v -0.01104182 -0.06675000 0.06137500
v -0.01074038 -0.06675000 0.06250000
v -0.01104182 -0.06675000 0.06362500
v -0.01186538 -0.06675000 0.06444856
v -0.01299038 -0.06675000 0.06475000
v -0.01411538 -0.06675000 0.06444856
v -0.01493894 -0.06675000 0.06362500
v -0.01688750 -0.06675000 0.06475000
v -0.01749038 -0.06675000 0.06250000
v -0.01688750 -0.06675000 0.06025000
v -0.01524038 -0.06675000 0.05860288
v -0.01299038 -0.06675000 0.05800000
v -0.01074038 -0.06675000 0.05860288
v -0.00909327 -0.06675000 0.06025000
v -0.00849038 -0.06675000 0.06250000
v -0.00909327 -0.06675000 0.06475000
v -0.01074038 -0.06675000 0.06639712
v -0.01299038 -0.06675000 0.06700000
v -0.01524038 -0.06675000 0.06639712
v 0.01074038 -0.06675000 0.06250000
v 0.01104182 -0.06675000 0.06137500
v 0.01186538 -0.06675000 0.06055144
v 0.01299038 -0.06675000 0.06025000
v 0.01411538 -0.06675000 0.06055144
v 0.01493894 -0.06675000 0.06137500
v 0.01524038 -0.06675000 0.06250000
v 0.01493894 -0.06675000 0.06362500
v 0.01411538 -0.06675000 0.06444856
v 0.01299038 -0.06675000 0.06475000
v 0.01186538 -0.06675000 0.06444856
v 0.01104182 -0.06675000 0.06362500
v 0.00909327 -0.06675000 0.06475000
v 0.00849038 -0.06675000 0.06250000
v 0.00909327 -0.06675000 0.06025000
v 0.01074038 -0.06675000 0.05860288
v 0.01299038 -0.06675000 0.05800000
v 0.01524038 -0.06675000 0.05860288
v 0.01688750 -0.06675000 0.06025000
v 0.01749038 -0.06675000 0.06250000
v 0.01688750 -0.06675000 0.06475000
v 0.01524038 -0.06675000 0.06639712
v 0.01299038 -0.06675000 0.06700000
v 0.01074038 -0.06675000 0.06639712
v -0.00225000 -0.06675000 0.08500000
v -0.00194856 -0.06675000 0.08387500
v -0.00112500 -0.06675000 0.08305144
v 0.00000000 -0.06675000 0.08275000
v 0.00112500 -0.06675000 0.08305144
v 0.00194856 -0.06675000 0.08387500
v 0.00225000 -0.06675000 0.08500000
v 0.00194856 -0.06675000 0.08612500
v 0.00112500 -0.06675000 0.08694856
v 0.00000000 -0.06675000 0.08725000
v -0.00112500 -0.06675000 0.08694856
v -0.00194856 -0.06675000 0.08612500
v 0.00225000 -0.06675000 0.08889712
v 0.00000000 -0.06675000 0.08950000
v -0.00225000 -0.06675000 0.08889712
v -0.00389711 -0.06675000 0.08725000
v -0.00450000 -0.06675000 0.08500000
v -0.00389711 -0.06675000 0.08275000
v -0.00225000 -0.06675000 0.08110289
v 0.00000000 -0.06675000 0.08050000
v 0.00225000 -0.06675000 0.08110289
v 0.00389711 -0.06675000 0.08275000
v 0.00450000 -0.06675000 0.08500000
v 0.00389711 -0.06675000 0.08725000
v 0.04224760 -0.06225000 0.07462500
v 0.04139576 -0.06225000 0.07962500
v 0.04202777 -0.06225000 0.07631797
v -0.00937500 -0.06025000 0.01044856
v -0.01050000 -0.06025000 0.01075000
v 0.00855144 -0.06025000 0.00962500
v -0.03162500 -0.06025000 0.01044856
v -0.03050000 -0.06025000 0.01075000
v -0.03244856 -0.06025000 0.00962500
v -0.03275000 -0.06025000 0.00850000
v -0.03244856 -0.06025000 0.00737500
v -0.03162500 -0.06025000 0.00655144
v -0.03050000 -0.06025000 0.00625000
v -0.01162500 -0.06025000 0.01044856
v -0.02855144 -0.06025000 0.00737500
v -0.01244856 -0.06025000 0.00962500
v -0.02937500 -0.06025000 0.00655144
v -0.01275000 -0.06025000 0.00850000
v -0.01244856 -0.06025000 0.00737500
v -0.01162500 -0.06025000 0.00655144
v -0.01050000 -0.06025000 0.00625000
v 0.03050000 -0.06025000 0.00625000
v 0.03162500 -0.06025000 0.00655144
v -0.00937500 -0.06025000 0.00655144
v -0.00855144 -0.06025000 0.00737500
v 0.00825000 -0.06025000 0.00850000
v -0.00825000 -0.06025000 0.00850000
v -0.00855144 -0.06025000 0.00962500
v 0.00855144 -0.06025000 0.00737500
v 0.00937500 -0.06025000 0.00655144
v 0.01050000 -0.06025000 0.00625000
v 0.03244856 -0.06025000 0.00737500
v 0.03275000 -0.06025000 0.00850000
v 0.01050000 -0.06025000 0.01075000
v 0.00937500 -0.06025000 0.01044856
v -0.02825000 -0.06025000 0.00850000
v -0.02855144 -0.06025000 0.00962500
v -0.02937500 -0.06025000 0.01044856
v 0.03050000 -0.06025000 0.01075000
v 0.02937500 -0.06025000 0.01044856
v 0.01244856 -0.06025000 0.00737500
v 0.02855144 -0.06025000 0.00962500
v 0.01162500 -0.06025000 0.00655144
v 0.02825000 -0.06025000 0.00850000
v 0.02855144 -0.06025000 0.00737500
v 0.02937500 -0.06025000 0.00655144
v 0.03244856 -0.06025000 0.00962500
v 0.03162500 -0.06025000 0.01044856
v 0.01275000 -0.06025000 0.00850000
v 0.01244856 -0.06025000 0.00962500
v 0.01162500 -0.06025000 0.01044856
v 0.00825000 -0.06675000 0.00850000
v 0.00855144 -0.06675000 0.00737500
v 0.00937500 -0.06675000 0.00655144
v 0.01050000 -0.06675000 0.00625000
v 0.01162500 -0.06675000 0.00655144
v 0.01244856 -0.06675000 0.00737500
v 0.01275000 -0.06675000 0.00850000
v 0.01244856 -0.06675000 0.00962500
v 0.01162500 -0.06675000 0.01044856
v 0.01050000 -0.06675000 0.01075000
v 0.00937500 -0.06675000 0.01044856
v 0.00855144 -0.06675000 0.00962500
v 0.01275000 -0.06675000 0.00460289
v 0.01439711 -0.06675000 0.00625000
v 0.01500000 -0.06675000 0.00850000
v 0.01439711 -0.06675000 0.01075000
v 0.01275000 -0.06675000 0.01239711
v 0.01050000 -0.06675000 0.01300000
v 0.00825000 -0.06675000 0.01239711
v 0.00660289 -0.06675000 0.01075000
v 0.00600000 -0.06675000 0.00850000
v 0.00660289 -0.06675000 0.00625000
v 0.00825000 -0.06675000 0.00460289
v 0.01050000 -0.06675000 0.00400000
v 0.02825000 -0.06675000 0.00850000
v 0.02855144 -0.06675000 0.00737500
v 0.02937500 -0.06675000 0.00655144
v 0.03050000 -0.06675000 0.00625000
v 0.03162500 -0.06675000 0.00655144
v 0.03244856 -0.06675000 0.00737500
v 0.03275000 -0.06675000 0.00850000
v 0.03244856 -0.06675000 0.00962500
v 0.03162500 -0.06675000 0.01044856
v 0.03050000 -0.06675000 0.01075000
v 0.02937500 -0.06675000 0.01044856
v 0.02855144 -0.06675000 0.00962500
v 0.02660288 -0.06675000 0.00625000
v 0.02825000 -0.06675000 0.00460289
v 0.03050000 -0.06675000 0.00400000
v 0.03275000 -0.06675000 0.00460289
v 0.03439711 -0.06675000 0.00625000
v 0.03500000 -0.06675000 0.00850000
v 0.03439711 -0.06675000 0.01075000
v 0.03275000 -0.06675000 0.01239711
v 0.03050000 -0.06675000 0.01300000
v 0.02825000 -0.06675000 0.01239711
v 0.02660288 -0.06675000 0.01075000
v 0.02600000 -0.06675000 0.00850000
v -0.01275000 -0.06675000 0.00850000
v -0.01244856 -0.06675000 0.00737500
v -0.01162500 -0.06675000 0.00655144
v -0.01050000 -0.06675000 0.00625000
v -0.00937500 -0.06675000 0.00655144
v -0.00855144 -0.06675000 0.00737500
v -0.00825000 -0.06675000 0.00850000
v -0.00855144 -0.06675000 0.00962500
v -0.00937500 -0.06675000 0.01044856
v -0.01050000 -0.06675000 0.01075000
v -0.01162500 -0.06675000 0.01044856
v -0.01244856 -0.06675000 0.00962500
v -0.00825000 -0.06675000 0.00460289
v -0.00660289 -0.06675000 0.00625000
v -0.00600000 -0.06675000 0.00850000
v -0.00660289 -0.06675000 0.01075000
v -0.00825000 -0.06675000 0.01239711
v -0.01050000 -0.06675000 0.01300000
v -0.01275000 -0.06675000 0.01239711
v -0.01439711 -0.06675000 0.01075000
v -0.01500000 -0.06675000 0.00850000
v -0.01439711 -0.06675000 0.00625000
v -0.01275000 -0.06675000 0.00460289
v -0.01050000 -0.06675000 0.00400000
v -0.03275000 -0.06675000 0.00850000
v -0.03244856 -0.06675000 0.00737500
v -0.03162500 -0.06675000 0.00655144
v -0.03050000 -0.06675000 0.00625000
v -0.02937500 -0.06675000 0.00655144
v -0.02855144 -0.06675000 0.00737500
v -0.02825000 -0.06675000 0.00850000
v -0.02855144 -0.06675000 0.00962500
v -0.02937500 -0.06675000 0.01044856
v -0.03050000 -0.06675000 0.01075000
v -0.03162500 -0.06675000 0.01044856
v -0.03244856 -0.06675000 0.00962500
v -0.03275000 -0.06675000 0.00460289
v -0.03050000 -0.06675000 0.00400000
v -0.02825000 -0.06675000 0.00460289
v -0.02660288 -0.06675000 0.00625000
v -0.02600000 -0.06675000 0.00850000
v -0.02660288 -0.06675000 0.01075000
v -0.02825000 -0.06675000 0.01239711
v -0.03050000 -0.06675000 0.01300000
v -0.03275000 -0.06675000 0.01239711
v -0.03439711 -0.06675000 0.01075000
v -0.03500000 -0.06675000 0.00850000
v -0.03439711 -0.06675000 0.00625000
f 1 2 3
f 1 3 4
f 4 3 5
f 4 5 6
f 6 5 7
f 6 7 8
f 8 7 9
f 8 9 10
f 10 9 11
f 10 11 12
f 12 11 13
f 12 13 14
f 14 13 15
f 14 15 16
f 16 15 17
f 16 17 18
f 18 17 19
f 18 19 20
f 20 19 21
f 20 21 22
f 22 21 23
f 22 23 24
f 24 23 25
f 24 25 26
f 26 25 27
f 26 27 28
f 28 27 29
f 28 29 30
f 30 29 31
f 30 31 32
f 32 31 33
f 32 33 34
f 34 33 35
f 34 35 36
f 36 35 37
f 36 37 38
f 38 37 39
f 38 39 40
f 41 39 37
f 41 37 42
f 42 37 35
f 42 35 43
f 43 35 33
f 43 33 44
f 44 33 31
f 44 31 45
f 45 31 29
f 45 29 46
f 46 29 27
f 46 27 47
f 47 27 25
f 47 25 48
f 48 25 23
f 48 23 49
f 49 23 21
f 49 21 50
f 50 21 19
f 50 19 51
f 51 19 17
f 51 17 52
f 52 17 15
f 52 15 53
f 53 15 13
f 53 13 54
f 54 13 11
f 54 11 55
f 55 11 9
f 55 9 56
f 56 9 7
f 56 7 57
f 57 7 5
f 57 5 58
f 58 5 59
f 59 5 3
f 59 3 60
f 60 3 2
f 60 2 61
f 62 30 32
f 63 1 4
f 63 4 64
f 64 4 6
f 64 6 65
f 65 6 8
f 65 8 66
f 66 8 67
f 67 8 10
f 67 10 68
f 68 10 12
f 68 12 69
f 69 12 70
f 70 12 14
f 70 14 71
f 71 14 16
f 71 16 72
f 72 16 18
f 72 18 73
f 73 18 20
f 73 20 74
f 74 20 22
f 74 22 75
f 75 22 24
f 75 24 76
f 76 24 26
f 76 26 77
f 77 26 28
f 77 28 78
f 30 62 28
f 28 62 79
f 28 79 78
f 80 81 32
f 32 81 82
f 32 82 62
f 32 34 80
f 80 34 36
f 80 36 83
f 83 36 38
f 83 38 84
f 84 38 85
f 84 85 86
f 87 88 89
f 89 88 90
f 89 90 91
f 91 90 92
f 91 92 93
f 93 92 94
f 93 94 95
f 95 94 96
f 95 96 97
f 97 96 98
f 97 98 99
f 99 98 100
f 101 102 103
f 103 102 104
f 103 104 105
f 105 104 106
f 105 106 107
f 107 106 108
f 107 108 109
f 109 108 110
f 109 110 111
f 111 110 112
f 111 112 113
f 113 112 114
f 115 116 117
f 117 116 118
f 117 118 119
f 119 118 120
f 119 120 121
f 121 120 122
f 121 122 123
f 123 122 124
f 123 124 125
f 125 124 126
f 125 126 127
f 127 126 128
f 129 130 131
f 131 130 132
f 131 132 133
f 133 132 134
f 133 134 135
f 135 134 136
f 135 136 137
f 137 136 138
f 137 138 139
f 139 138 140
f 139 140 141
f 141 140 142
f 143 144 145
f 145 144 146
f 145 146 147
f 147 146 148
f 147 148 149
f 149 148 150
f 149 150 151
f 151 150 152
f 151 152 153
f 153 152 154
f 153 154 155
f 155 154 156
f 157 158 159
f 159 158 160
f 159 160 161
f 161 160 162
f 161 162 163
f 163 162 164
f 163 164 165
f 165 164 166
f 165 166 167
f 167 166 168
f 167 168 169
f 169 168 170
f 171 172 173
f 173 172 174
f 173 174 175
f 175 174 176
f 175 176 177
f 177 176 178
f 177 178 179
f 179 178 180
f 179 180 181
f 181 180 182
f 181 182 183
f 183 182 184
f 185 186 187
f 187 186 188
f 187 188 189
f 189 188 190
f 189 190 191
f 191 190 192
f 191 192 193
f 193 192 194
f 193 194 195
f 195 194 196
f 195 196 197
f 197 196 198
f 199 200 201
f 201 200 202
f 201 202 203
f 203 202 204
f 203 204 205
f 205 204 206
f 205 206 207
f 207 206 208
f 207 208 209
f 209 208 210
f 209 210 211
f 211 210 212
f 213 214 215
f 215 214 216
f 215 216 217
f 217 216 218
f 217 218 219
f 219 218 220
f 219 220 221
f 221 220 222
f 221 222 223
f 223 222 224
f 223 224 225
f 225 224 226
f 227 228 229
f 229 228 230
f 229 230 231
f 231 230 232
f 231 232 233
f 233 232 234
f 233 234 235
f 235 234 236
f 235 236 237
f 237 236 238
f 237 238 239
f 239 238 240
f 241 242 243
f 243 242 244
f 243 244 245
f 245 244 246
f 245 246 247
f 247 246 248
f 247 248 249
f 249 248 250
f 249 250 251
f 251 250 252
f 251 252 253
f 253 252 254
f 255 256 257
f 257 256 258
f 257 258 259
f 259 258 260
f 259 260 261
f 261 260 262
f 261 262 263
f 263 262 264
f 263 264 265
f 265 264 266
f 265 266 267
f 267 266 268
f 269 270 271
f 271 270 272
f 271 272 273
f 273 272 274
f 273 274 275
f 275 274 276
f 275 276 277
f 277 276 278
f 277 278 279
f 279 278 280
f 279 280 281
f 281 280 282
f 283 284 285
f 283 285 286
f 286 285 287
f 286 287 288
f 288 287 289
f 288 289 290
f 290 289 291
f 290 291 292
f 292 291 293
f 292 293 294
f 294 293 295
f 294 295 296
f 296 295 297
f 296 297 298
f 298 297 299
f 298 299 300
f 300 299 301
f 300 301 302
f 302 301 303
f 302 303 304
f 304 303 305
f 304 305 306
f 306 305 307
f 306 307 308
f 308 307 309
f 308 309 310
f 310 309 311
f 310 311 312
f 312 311 313
f 312 313 314
f 314 313 315
f 314 315 316
f 316 315 317
f 316 317 318
f 319 180 178
f 182 180 319
f 184 182 319
f 319 174 172
f 176 174 319
f 178 176 319
f 320 194 192
f 196 194 320
f 198 196 320
f 320 188 186
f 190 188 320
f 192 190 320
f 321 202 200
f 204 202 321
f 206 204 321
f 321 322 323
f 324 322 321
f 200 324 321
f 325 222 220
f 224 222 325
f 226 224 325
f 325 216 214
f 218 216 325
f 220 218 325
f 326 236 234
f 238 236 326
f 240 238 326
f 326 230 228
f 232 230 326
f 234 232 326
f 327 250 248
f 252 250 327
f 254 252 327
f 327 244 242
f 246 244 327
f 248 246 327
f 328 264 262
f 266 264 328
f 268 266 328
f 328 258 256
f 260 258 328
f 262 260 328
f 329 278 276
f 280 278 329
f 282 280 329
f 329 272 270
f 274 272 329
f 276 274 329
f 330 283 286
f 330 286 331
f 331 286 288
f 331 288 332
f 332 288 290
f 332 290 333
f 333 290 292
f 333 292 334
f 334 292 294
f 334 294 335
f 335 294 296
f 335 296 336
f 336 296 298
f 336 298 337
f 337 298 300
f 337 300 338
f 338 300 302
f 338 302 339
f 339 302 304
f 339 304 340
f 340 304 306
f 340 306 341
f 341 306 308
f 341 308 342
f 342 308 310
f 342 310 343
f 343 310 312
f 343 312 344
f 344 312 314
f 344 314 345
f 345 314 316
f 345 316 346
f 346 316 318
f 346 318 347
f 348 349 350
f 350 349 351
f 350 351 352
f 352 351 353
f 352 353 354
f 354 353 355
f 354 355 356
f 356 355 357
f 356 357 358
f 358 357 359
f 358 359 360
f 360 359 361
f 360 361 362
f 362 361 363
f 362 363 364
f 364 363 365
f 364 365 366
f 366 365 367
f 366 367 368
f 368 367 369
f 368 369 370
f 370 369 371
f 370 371 372
f 372 371 373
f 372 373 374
f 374 373 375
f 374 375 376
f 376 375 377
f 378 379 380
f 378 380 381
f 381 380 382
f 381 382 383
f 383 382 384
f 383 384 385
f 385 384 386
f 385 386 387
f 387 386 388
f 387 388 389
f 389 388 390
f 389 390 391
f 391 390 392
f 391 392 393
f 393 392 394
f 393 394 395
f 395 394 396
f 395 396 397
f 397 396 398
f 397 398 399
f 399 398 400
f 399 400 401
f 401 400 402
f 401 402 403
f 403 402 404
f 403 404 405
f 405 404 406
f 405 406 407
f 408 409 410
f 408 410 411
f 411 410 412
f 411 412 413
f 413 412 414
f 413 414 415
f 415 414 416
f 415 416 417
f 417 416 418
f 417 418 419
f 419 418 420
f 419 420 421
f 421 420 378
f 421 378 422
f 422 378 381
f 422 381 423
f 423 381 383
f 423 383 424
f 424 383 385
f 424 385 425
f 425 385 387
f 425 387 426
f 426 387 389
f 426 389 427
f 427 389 391
f 427 391 428
f 428 391 393
f 428 393 429
f 430 431 432
f 432 431 433
f 432 433 434
f 434 433 435
f 434 435 436
f 436 435 437
f 436 437 438
f 438 437 439
f 438 439 440
f 440 439 441
f 440 441 442
f 442 441 443
f 444 445 446
f 446 445 447
f 446 447 448
f 448 447 449
f 448 449 450
f 450 449 451
f 450 451 452
f 452 451 453
f 452 453 454
f 454 453 455
f 454 455 456
f 456 455 457
f 458 459 460
f 460 459 461
f 460 461 462
f 462 461 463
f 462 463 464
f 464 463 465
f 464 465 466
f 466 465 467
f 466 467 468
f 468 467 469
f 468 469 470
f 470 469 471
f 472 473 474
f 474 473 475
f 474 475 476
f 476 475 477
f 476 477 478
f 478 477 479
f 478 479 480
f 480 479 481
f 480 481 482
f 482 481 483
f 482 483 484
f 484 483 485
f 484 485 486
f 486 485 487
f 486 487 488
f 488 487 489
f 488 489 490
f 490 489 491
f 492 493 494
f 492 494 495
f 495 494 496
f 495 496 497
f 497 496 498
f 497 498 499
f 499 498 500
f 499 500 501
f 501 500 502
f 501 502 503
f 503 502 504
f 503 504 505
f 506 507 508
f 506 508 509
f 509 508 510
f 509 510 511
f 511 510 512
f 511 512 513
f 513 512 514
f 513 514 515
f 515 514 516
f 515 516 517
f 517 516 518
f 517 518 519
f 520 521 522
f 520 522 523
f 523 522 524
f 523 524 525
f 525 524 526
f 525 526 527
f 527 526 528
f 527 528 529
f 529 528 530
f 529 530 531
f 531 530 532
f 531 532 533
f 490 534 488
f 488 534 535
f 488 535 486
f 486 535 536
f 486 536 484
f 484 536 537
f 484 537 482
f 482 537 538
f 482 538 480
f 480 538 539
f 480 539 478
f 478 539 540
f 478 540 476
f 476 540 541
f 476 541 474
f 474 541 542
f 474 542 472
f 472 542 543
f 544 545 546
f 544 546 547
f 547 546 548
f 547 548 549
f 549 548 550
f 549 550 551
f 551 550 552
f 551 552 553
f 553 552 554
f 553 554 555
f 555 554 556
f 555 556 557
f 558 544 547
f 558 547 559
f 559 547 549
f 559 549 560
f 560 549 551
f 560 551 561
f 561 551 553
f 561 553 562
f 562 553 555
f 562 555 563
f 563 555 557
f 563 557 564
f 565 566 567
f 567 566 568
f 567 568 569
f 569 568 570
f 569 570 571
f 571 570 572
f 571 572 573
f 573 572 574
f 573 574 575
f 575 574 576
f 575 576 577
f 577 576 578
f 40 39 579
f 40 579 580
f 580 579 581
f 580 581 582
f 582 581 583
f 582 583 584
f 584 583 585
f 584 585 586
f 586 585 587
f 586 587 588
f 588 587 589
f 588 589 590
f 590 589 591
f 590 591 592
f 592 591 593
f 592 593 594
f 594 593 595
f 594 595 596
f 596 595 597
f 596 597 598
f 598 597 599
f 598 599 600
f 600 599 601
f 600 601 602
f 602 601 603
f 602 603 604
f 604 603 605
f 604 605 606
f 606 605 607
f 606 607 608
f 608 607 609
f 608 609 610
f 610 609 611
f 610 611 612
f 612 611 613
f 612 613 614
f 614 613 2
f 614 2 1
f 61 2 613
f 615 616 613
f 613 616 617
f 613 617 61
f 597 618 599
f 599 618 619
f 599 619 601
f 601 619 620
f 601 620 603
f 603 620 621
f 603 621 605
f 605 621 622
f 605 622 607
f 607 622 623
f 607 623 609
f 609 623 615
f 609 615 611
f 611 615 613
f 624 625 597
f 597 625 626
f 597 626 618
f 597 595 624
f 624 595 593
f 624 593 627
f 627 593 591
f 627 591 628
f 628 591 589
f 628 589 629
f 629 589 587
f 629 587 630
f 630 587 585
f 630 585 631
f 631 585 583
f 631 583 632
f 632 583 581
f 632 581 633
f 633 581 579
f 633 579 634
f 634 579 39
f 634 39 41
f 635 606 608
f 86 85 580
f 86 580 636
f 636 580 582
f 636 582 637
f 637 582 584
f 637 584 638
f 638 584 639
f 639 584 586
f 639 586 640
f 640 586 588
f 640 588 641
f 641 588 642
f 642 588 590
f 642 590 643
f 643 590 592
f 643 592 644
f 644 592 594
f 644 594 645
f 645 594 596
f 645 596 646
f 646 596 647
f 647 596 598
f 647 598 648
f 648 598 600
f 648 600 649
f 649 600 602
f 649 602 650
f 650 602 604
f 650 604 651
f 606 635 604
f 604 635 652
f 604 652 651
f 653 654 608
f 608 654 655
f 608 655 635
f 608 610 653
f 653 610 612
f 653 612 656
f 656 612 614
f 656 614 657
f 657 614 1
f 657 1 63
f 45 658 44
f 52 53 659
f 622 660 623
f 93 95 661
f 661 95 97
f 99 662 658
f 658 662 663
f 658 663 44
f 44 663 664
f 44 664 43
f 43 664 42
f 664 665 42
f 42 665 666
f 42 666 41
f 41 666 87
f 41 87 634
f 87 89 634
f 634 89 91
f 634 91 633
f 633 91 93
f 633 93 632
f 632 93 661
f 632 661 631
f 153 155 625
f 625 155 667
f 628 629 147
f 155 668 667
f 667 668 669
f 667 669 661
f 669 670 661
f 661 670 671
f 661 671 631
f 631 671 672
f 631 672 630
f 630 672 143
f 630 143 629
f 629 143 145
f 629 145 147
f 147 149 628
f 628 149 151
f 628 151 627
f 627 151 153
f 627 153 624
f 624 153 625
f 667 660 673
f 103 105 619
f 619 105 107
f 619 107 620
f 107 109 620
f 620 109 111
f 620 111 621
f 621 111 113
f 621 113 622
f 622 113 674
f 622 674 660
f 660 674 675
f 660 675 673
f 673 676 667
f 667 676 677
f 667 677 625
f 625 677 101
f 625 101 626
f 626 101 103
f 626 103 618
f 618 103 619
f 135 137 616
f 616 137 139
f 678 679 680
f 680 679 681
f 129 131 660
f 660 131 133
f 660 133 623
f 623 133 135
f 623 135 615
f 615 135 616
f 141 682 59
f 59 682 683
f 59 683 58
f 58 683 678
f 58 678 57
f 57 678 680
f 57 680 56
f 139 141 616
f 616 141 59
f 616 59 617
f 617 59 60
f 617 60 61
f 115 117 684
f 684 117 119
f 684 119 680
f 119 121 680
f 680 121 123
f 680 123 56
f 56 123 125
f 56 125 55
f 55 125 127
f 55 127 54
f 127 685 54
f 54 685 686
f 54 686 53
f 686 687 53
f 53 687 688
f 53 688 659
f 659 688 689
f 659 48 49
f 49 50 659
f 659 50 51
f 659 51 52
f 47 48 690
f 658 163 684
f 684 163 165
f 165 167 684
f 684 167 659
f 684 659 115
f 115 659 689
f 167 169 659
f 659 169 691
f 659 691 48
f 48 691 692
f 48 692 690
f 690 693 47
f 47 693 694
f 47 694 46
f 46 694 157
f 46 157 45
f 45 157 159
f 45 159 658
f 658 159 161
f 658 161 163
f 97 99 661
f 661 99 658
f 661 658 667
f 667 658 684
f 667 684 660
f 660 684 680
f 660 680 129
f 129 680 681
f 217 219 70
f 74 695 73
f 636 637 696
f 697 269 639
f 698 699 700
f 642 701 702
f 702 701 703
f 702 704 642
f 642 704 705
f 642 705 641
f 641 705 706
f 641 706 640
f 640 706 707
f 640 707 639
f 639 707 708
f 709 654 710
f 710 654 711
f 709 712 654
f 654 712 700
f 654 700 655
f 655 700 699
f 655 699 635
f 635 699 698
f 635 698 652
f 652 698 713
f 652 713 714
f 67 285 711
f 711 285 284
f 711 284 710
f 299 297 70
f 297 295 70
f 70 295 293
f 70 293 69
f 69 293 291
f 69 291 68
f 68 291 289
f 68 289 67
f 67 289 287
f 67 287 285
f 315 81 715
f 708 716 639
f 639 716 717
f 639 717 715
f 715 717 317
f 715 317 315
f 299 718 301
f 301 718 79
f 301 79 303
f 315 313 81
f 81 313 311
f 81 311 82
f 82 311 309
f 82 309 62
f 62 309 307
f 62 307 79
f 79 307 305
f 79 305 303
f 195 197 711
f 187 189 654
f 654 189 191
f 654 191 711
f 711 191 193
f 711 193 195
f 719 656 720
f 720 656 657
f 720 657 197
f 719 721 656
f 656 721 722
f 656 722 653
f 653 722 723
f 653 723 654
f 654 723 185
f 654 185 187
f 649 263 648
f 648 263 265
f 267 724 701
f 701 724 725
f 725 726 701
f 701 726 652
f 701 652 703
f 703 652 714
f 726 727 652
f 652 727 728
f 652 728 651
f 651 728 255
f 651 255 650
f 255 257 650
f 650 257 259
f 650 259 649
f 649 259 261
f 649 261 263
f 644 645 177
f 177 179 644
f 644 179 181
f 644 181 643
f 643 181 183
f 643 183 642
f 642 183 729
f 265 267 648
f 648 267 701
f 648 701 647
f 647 701 646
f 730 701 731
f 731 701 642
f 731 642 732
f 732 642 729
f 730 733 701
f 701 733 171
f 701 171 646
f 646 171 173
f 646 173 645
f 645 173 175
f 645 175 177
f 639 269 638
f 734 735 715
f 715 735 736
f 715 736 639
f 639 736 737
f 639 737 697
f 269 271 638
f 638 271 273
f 638 273 637
f 273 275 637
f 637 275 277
f 637 277 696
f 696 277 279
f 696 279 715
f 715 279 281
f 715 281 734
f 83 84 696
f 696 84 86
f 696 86 636
f 738 715 739
f 739 715 81
f 739 81 740
f 740 81 741
f 738 742 715
f 715 742 199
f 715 199 696
f 696 199 201
f 696 201 83
f 83 201 203
f 203 205 83
f 83 205 207
f 83 207 80
f 80 207 209
f 80 209 81
f 81 209 211
f 81 211 741
f 79 251 78
f 78 251 253
f 78 253 77
f 718 241 243
f 743 76 744
f 744 76 77
f 744 77 745
f 745 77 253
f 243 245 718
f 718 245 247
f 718 247 79
f 79 247 249
f 79 249 251
f 241 718 746
f 746 718 695
f 746 695 747
f 743 747 76
f 76 747 695
f 76 695 75
f 75 695 74
f 299 70 718
f 718 70 219
f 718 219 221
f 72 73 748
f 221 223 718
f 718 223 225
f 718 225 695
f 695 225 749
f 695 749 73
f 73 749 750
f 73 750 748
f 748 751 72
f 72 751 752
f 72 752 71
f 71 752 213
f 71 213 70
f 70 213 215
f 70 215 217
f 237 239 67
f 231 233 711
f 67 239 66
f 711 233 67
f 67 233 235
f 67 235 237
f 64 65 753
f 239 754 66
f 66 754 755
f 66 755 65
f 65 755 756
f 65 756 753
f 197 657 711
f 711 657 63
f 711 63 64
f 753 757 64
f 64 757 227
f 64 227 711
f 711 227 229
f 711 229 231
f 99 100 662
f 662 100 758
f 662 758 663
f 663 758 759
f 663 759 664
f 664 759 760
f 664 760 665
f 665 760 761
f 665 761 666
f 666 761 762
f 666 762 87
f 87 762 88
f 113 114 674
f 674 114 763
f 674 763 675
f 675 763 764
f 675 764 673
f 673 764 765
f 673 765 676
f 676 765 766
f 676 766 677
f 677 766 767
f 677 767 101
f 101 767 102
f 127 128 685
f 685 128 768
f 685 768 686
f 686 768 769
f 686 769 687
f 687 769 770
f 687 770 688
f 688 770 771
f 688 771 689
f 689 771 772
f 689 772 115
f 115 772 116
f 141 142 682
f 682 142 773
f 682 773 683
f 683 773 774
f 683 774 678
f 678 774 775
f 678 775 679
f 679 775 776
f 679 776 681
f 681 776 777
f 681 777 129
f 129 777 130
f 155 156 668
f 668 156 778
f 668 778 669
f 669 778 779
f 669 779 670
f 670 779 780
f 670 780 671
f 671 780 781
f 671 781 672
f 672 781 782
f 672 782 143
f 143 782 144
f 169 170 691
f 691 170 783
f 691 783 692
f 692 783 784
f 692 784 690
f 690 784 785
f 690 785 693
f 693 785 786
f 693 786 694
f 694 786 787
f 694 787 157
f 157 787 158
f 183 184 729
f 729 184 788
f 729 788 732
f 732 788 789
f 732 789 731
f 731 789 790
f 731 790 730
f 730 790 791
f 730 791 733
f 733 791 792
f 733 792 171
f 171 792 172
f 197 198 720
f 720 198 793
f 720 793 719
f 719 793 794
f 719 794 721
f 721 794 795
f 721 795 722
f 722 795 796
f 722 796 723
f 723 796 797
f 723 797 185
f 185 797 186
f 211 212 741
f 741 212 798
f 741 798 740
f 740 798 799
f 740 799 739
f 739 799 323
f 739 323 738
f 738 323 322
f 738 322 742
f 742 322 324
f 742 324 199
f 199 324 200
f 225 226 749
f 749 226 800
f 749 800 750
f 750 800 801
f 750 801 748
f 748 801 802
f 748 802 751
f 751 802 803
f 751 803 752
f 752 803 804
f 752 804 213
f 213 804 214
f 239 240 754
f 754 240 805
f 754 805 755
f 755 805 806
f 755 806 756
f 756 806 807
f 756 807 753
f 753 807 808
f 753 808 757
f 757 808 809
f 757 809 227
f 227 809 228
f 253 254 745
f 745 254 810
f 745 810 744
f 744 810 811
f 744 811 743
f 743 811 812
f 743 812 747
f 747 812 813
f 747 813 746
f 746 813 814
f 746 814 241
f 241 814 242
f 267 268 724
f 724 268 815
f 724 815 725
f 725 815 816
f 725 816 726
f 726 816 817
f 726 817 727
f 727 817 818
f 727 818 728
f 728 818 819
f 728 819 255
f 255 819 256
f 281 282 734
f 734 282 820
f 734 820 735
f 735 820 821
f 735 821 736
f 736 821 822
f 736 822 737
f 737 822 823
f 737 823 697
f 697 823 824
f 697 824 269
f 269 824 270
f 318 317 717
f 318 717 825
f 825 717 716
f 825 716 826
f 826 716 708
f 826 708 827
f 827 708 707
f 827 707 828
f 828 707 706
f 828 706 829
f 829 706 705
f 829 705 830
f 830 705 704
f 830 704 831
f 831 704 702
f 831 702 832
f 832 702 703
f 832 703 833
f 833 703 714
f 833 714 834
f 834 714 713
f 834 713 835
f 835 713 698
f 835 698 836
f 836 698 700
f 836 700 837
f 837 700 712
f 837 712 838
f 838 712 709
f 838 709 839
f 839 709 710
f 839 710 840
f 840 710 284
f 840 284 283
f 761 98 762
f 762 98 96
f 758 100 759
f 759 100 98
f 759 98 760
f 760 98 761
f 90 88 92
f 92 88 762
f 92 762 94
f 94 762 96
f 766 112 767
f 767 112 110
f 763 114 764
f 764 114 112
f 764 112 765
f 765 112 766
f 104 102 106
f 106 102 767
f 106 767 108
f 108 767 110
f 771 126 772
f 772 126 124
f 768 128 769
f 769 128 126
f 769 126 770
f 770 126 771
f 118 116 120
f 120 116 772
f 120 772 122
f 122 772 124
f 776 140 777
f 777 140 138
f 773 142 774
f 774 142 140
f 774 140 775
f 775 140 776
f 132 130 134
f 134 130 777
f 134 777 136
f 136 777 138
f 781 154 782
f 782 154 152
f 778 156 779
f 779 156 154
f 779 154 780
f 780 154 781
f 146 144 148
f 148 144 782
f 148 782 150
f 150 782 152
f 786 168 787
f 787 168 166
f 783 170 784
f 784 170 168
f 784 168 785
f 785 168 786
f 160 158 162
f 162 158 787
f 162 787 164
f 164 787 166
f 319 791 790
f 792 791 319
f 172 792 319
f 319 788 184
f 789 788 319
f 790 789 319
f 320 796 795
f 797 796 320
f 186 797 320
f 320 793 198
f 794 793 320
f 795 794 320
f 321 798 212
f 799 798 321
f 323 799 321
f 321 208 206
f 210 208 321
f 212 210 321
f 325 803 802
f 804 803 325
f 214 804 325
f 325 800 226
f 801 800 325
f 802 801 325
f 326 808 807
f 809 808 326
f 228 809 326
f 326 805 240
f 806 805 326
f 807 806 326
f 327 813 812
f 814 813 327
f 242 814 327
f 327 810 254
f 811 810 327
f 812 811 327
f 328 818 817
f 819 818 328
f 256 819 328
f 328 815 268
f 816 815 328
f 817 816 328
f 329 823 822
f 824 823 329
f 270 824 329
f 329 820 282
f 821 820 329
f 822 821 329
f 347 318 825
f 347 825 841
f 841 825 826
f 841 826 842
f 842 826 827
f 842 827 843
f 843 827 828
f 843 828 844
f 844 828 829
f 844 829 845
f 845 829 830
f 845 830 846
f 846 830 831
f 846 831 847
f 847 831 832
f 847 832 848
f 848 832 833
f 848 833 849
f 849 833 834
f 849 834 850
f 850 834 835
f 850 835 851
f 851 835 836
f 851 836 852
f 852 836 837
f 852 837 853
f 853 837 838
f 853 838 854
f 854 838 839
f 854 839 855
f 855 839 840
f 855 840 856
f 856 840 283
f 856 283 330
f 372 843 370
f 370 843 844
f 370 844 368
f 368 844 845
f 368 845 366
f 366 845 846
f 366 846 364
f 857 344 858
f 858 344 345
f 858 345 859
f 859 345 346
f 859 346 376
f 376 346 347
f 376 347 374
f 374 347 841
f 374 841 372
f 372 841 842
f 372 842 843
f 860 338 861
f 861 338 339
f 861 339 862
f 862 339 340
f 862 340 863
f 863 340 341
f 863 341 864
f 864 341 342
f 864 342 857
f 857 342 343
f 857 343 344
f 354 854 352
f 352 854 855
f 352 855 350
f 350 855 856
f 350 856 348
f 348 856 330
f 348 330 865
f 865 330 331
f 865 331 866
f 846 847 364
f 364 847 848
f 364 848 362
f 362 848 849
f 362 849 360
f 360 849 850
f 360 850 358
f 358 850 851
f 358 851 356
f 356 851 852
f 356 852 354
f 354 852 853
f 354 853 854
f 331 332 866
f 866 332 333
f 866 333 867
f 867 333 334
f 867 334 868
f 868 334 335
f 868 335 869
f 869 335 336
f 869 336 860
f 860 336 337
f 860 337 338
f 376 377 859
f 859 377 870
f 859 870 858
f 858 870 871
f 858 871 857
f 857 871 872
f 857 872 864
f 864 872 873
f 864 873 863
f 863 873 874
f 863 874 862
f 862 874 875
f 862 875 861
f 861 875 876
f 861 876 860
f 860 876 877
f 860 877 869
f 869 877 878
f 869 878 868
f 868 878 879
f 868 879 867
f 867 879 880
f 867 880 866
f 866 880 881
f 866 881 865
f 865 881 882
f 865 882 348
f 348 882 349
f 883 361 884
f 884 361 359
f 884 359 885
f 885 359 357
f 885 357 886
f 886 357 355
f 886 355 887
f 887 355 353
f 887 353 888
f 888 353 351
f 888 351 379
f 379 351 349
f 379 349 380
f 380 349 882
f 380 882 382
f 382 882 881
f 382 881 384
f 384 881 880
f 384 880 386
f 386 880 879
f 386 879 388
f 388 879 878
f 388 878 390
f 390 878 877
f 390 877 392
f 392 877 876
f 392 876 394
f 394 876 875
f 394 875 396
f 396 875 874
f 396 874 398
f 398 874 873
f 398 873 400
f 400 873 872
f 400 872 402
f 402 872 871
f 402 871 404
f 404 871 870
f 404 870 406
f 406 870 377
f 406 377 889
f 889 377 375
f 889 375 890
f 890 375 373
f 890 373 891
f 891 373 371
f 891 371 892
f 892 371 369
f 892 369 893
f 893 369 367
f 893 367 894
f 894 367 365
f 894 365 895
f 895 365 363
f 895 363 883
f 883 363 361
f 407 406 889
f 407 889 896
f 896 889 890
f 896 890 897
f 897 890 891
f 897 891 898
f 898 891 892
f 898 892 899
f 899 892 893
f 899 893 900
f 900 893 894
f 900 894 901
f 901 894 895
f 901 895 409
f 409 895 883
f 409 883 410
f 410 883 884
f 410 884 412
f 412 884 885
f 412 885 414
f 414 885 886
f 414 886 416
f 416 886 887
f 416 887 418
f 418 887 888
f 418 888 420
f 420 888 379
f 420 379 378
f 429 393 395
f 429 395 902
f 902 395 397
f 902 397 903
f 903 397 399
f 903 399 904
f 904 399 401
f 904 401 905
f 905 401 403
f 905 403 906
f 906 403 405
f 906 405 907
f 907 405 407
f 907 407 908
f 908 407 896
f 908 896 909
f 909 896 897
f 909 897 910
f 910 897 911
f 911 897 898
f 911 898 912
f 912 898 899
f 912 899 913
f 913 899 900
f 913 900 914
f 914 900 901
f 914 901 915
f 915 901 409
f 915 409 408
f 533 916 419
f 422 529 531
f 529 422 527
f 527 422 917
f 527 917 525
f 533 419 531
f 531 419 421
f 531 421 422
f 525 917 523
f 523 917 918
f 523 918 520
f 919 920 921
f 921 920 922
f 921 922 923
f 924 925 926
f 926 925 927
f 509 928 506
f 506 928 929
f 506 929 930
f 509 511 928
f 928 511 513
f 928 513 931
f 513 515 931
f 931 515 517
f 931 517 519
f 932 491 918
f 918 491 923
f 918 923 520
f 520 923 922
f 491 489 923
f 923 489 487
f 923 487 933
f 934 935 936
f 936 935 937
f 938 939 934
f 934 939 940
f 934 940 935
f 473 941 942
f 942 941 943
f 942 943 938
f 938 943 944
f 938 944 939
f 475 931 925
f 925 931 519
f 925 519 927
f 945 479 925
f 925 479 477
f 925 477 475
f 487 485 933
f 933 485 483
f 933 483 945
f 945 483 481
f 945 481 479
f 906 907 468
f 468 907 928
f 468 928 466
f 946 942 947
f 947 942 948
f 946 458 942
f 942 458 931
f 942 931 473
f 473 931 475
f 458 460 931
f 931 460 462
f 931 462 928
f 928 462 464
f 928 464 466
f 470 949 950
f 950 949 951
f 950 951 948
f 442 952 953
f 953 952 954
f 953 954 955
f 440 917 438
f 438 917 436
f 436 917 434
f 434 917 422
f 434 422 432
f 432 422 423
f 432 423 430
f 430 423 424
f 430 424 956
f 957 914 958
f 958 914 456
f 958 456 959
f 960 961 962
f 962 961 958
f 962 958 963
f 963 958 959
f 964 444 413
f 413 444 446
f 413 446 411
f 411 446 448
f 411 448 408
f 408 448 450
f 408 450 915
f 915 450 452
f 915 452 914
f 914 452 454
f 914 454 456
f 929 911 965
f 965 911 912
f 965 912 957
f 957 912 913
f 957 913 914
f 907 908 928
f 928 908 909
f 928 909 929
f 929 909 910
f 929 910 911
f 966 967 968
f 968 967 969
f 968 969 970
f 966 971 967
f 967 971 903
f 967 903 972
f 972 903 904
f 972 904 973
f 973 904 905
f 973 905 906
f 971 492 903
f 903 492 495
f 903 495 902
f 902 495 497
f 902 497 429
f 429 497 499
f 429 499 428
f 428 499 501
f 428 501 427
f 501 503 427
f 427 503 505
f 427 505 969
f 969 505 974
f 969 974 970
f 425 426 975
f 975 426 427
f 975 427 976
f 976 427 969
f 960 964 961
f 961 964 413
f 961 413 977
f 977 413 415
f 977 415 978
f 978 415 417
f 978 417 419
f 440 442 917
f 917 442 953
f 917 953 918
f 918 953 936
f 918 936 932
f 932 936 937
f 916 979 419
f 419 979 919
f 419 919 978
f 978 919 921
f 978 921 977
f 977 921 923
f 977 923 961
f 961 923 933
f 961 933 958
f 958 933 945
f 958 945 957
f 957 945 925
f 957 925 965
f 965 925 924
f 965 924 929
f 929 924 980
f 929 980 930
f 468 470 906
f 906 470 950
f 906 950 973
f 973 950 948
f 973 948 972
f 972 948 942
f 972 942 967
f 967 942 938
f 967 938 969
f 969 938 934
f 969 934 976
f 976 934 936
f 976 936 975
f 975 936 953
f 975 953 425
f 425 953 955
f 425 955 424
f 424 955 981
f 424 981 956
f 442 443 952
f 952 443 982
f 952 982 954
f 954 982 983
f 954 983 955
f 955 983 984
f 955 984 981
f 981 984 985
f 981 985 956
f 956 985 986
f 956 986 430
f 430 986 431
f 456 457 959
f 959 457 987
f 959 987 963
f 963 987 988
f 963 988 962
f 962 988 989
f 962 989 960
f 960 989 990
f 960 990 964
f 964 990 991
f 964 991 444
f 444 991 445
f 470 471 949
f 949 471 992
f 949 992 951
f 951 992 993
f 951 993 948
f 948 993 994
f 948 994 947
f 947 994 995
f 947 995 946
f 946 995 996
f 946 996 458
f 458 996 459
f 490 491 997
f 997 491 932
f 997 932 998
f 998 932 937
f 998 937 999
f 999 937 935
f 999 935 1000
f 1000 935 940
f 1000 940 1001
f 1001 940 939
f 1001 939 1002
f 1002 939 944
f 1002 944 1003
f 1003 944 943
f 1003 943 1004
f 1004 943 941
f 1004 941 472
f 472 941 473
f 505 504 1005
f 505 1005 974
f 974 1005 1006
f 974 1006 970
f 970 1006 1007
f 970 1007 968
f 968 1007 1008
f 968 1008 966
f 966 1008 1009
f 966 1009 971
f 971 1009 493
f 971 493 492
f 519 518 1010
f 519 1010 927
f 927 1010 1011
f 927 1011 926
f 926 1011 1012
f 926 1012 924
f 924 1012 1013
f 924 1013 980
f 980 1013 1014
f 980 1014 930
f 930 1014 507
f 930 507 506
f 533 532 1015
f 533 1015 916
f 916 1015 1016
f 916 1016 979
f 979 1016 1017
f 979 1017 919
f 919 1017 1018
f 919 1018 920
f 920 1018 1019
f 920 1019 922
f 922 1019 521
f 922 521 520
f 441 439 431
f 441 431 443
f 443 431 986
f 443 986 985
f 439 437 431
f 431 437 435
f 431 435 433
f 985 984 443
f 443 984 983
f 443 983 982
f 455 453 445
f 455 445 457
f 457 445 991
f 457 991 990
f 453 451 445
f 445 451 449
f 445 449 447
f 990 989 457
f 457 989 988
f 457 988 987
f 469 467 459
f 469 459 471
f 471 459 996
f 471 996 995
f 467 465 459
f 459 465 463
f 459 463 461
f 995 994 471
f 471 994 993
f 471 993 992
f 472 543 1004
f 1004 543 1020
f 1004 1020 1003
f 1003 1020 1021
f 1003 1021 1002
f 1002 1021 1022
f 1002 1022 1001
f 1001 1022 1023
f 1001 1023 1000
f 1000 1023 1024
f 1000 1024 999
f 999 1024 1025
f 999 1025 998
f 998 1025 1026
f 998 1026 997
f 997 1026 1027
f 997 1027 490
f 490 1027 534
f 1009 1008 493
f 493 1008 1007
f 502 500 504
f 504 500 498
f 1005 504 1006
f 1006 504 498
f 1006 498 1007
f 1007 498 496
f 1007 496 493
f 493 496 494
f 1014 1013 507
f 507 1013 1012
f 516 514 518
f 518 514 512
f 1010 518 1011
f 1011 518 512
f 1011 512 1012
f 1012 512 510
f 1012 510 507
f 507 510 508
f 1019 1018 521
f 521 1018 1017
f 530 528 532
f 532 528 526
f 1015 532 1016
f 1016 532 526
f 1016 526 1017
f 1017 526 524
f 1017 524 521
f 521 524 522
f 1028 1029 541
f 552 1021 554
f 554 1021 1020
f 554 1020 556
f 556 1020 543
f 556 543 1029
f 1029 543 542
f 1029 542 541
f 548 1024 550
f 550 1024 1023
f 550 1023 552
f 552 1023 1022
f 552 1022 1021
f 1030 536 1031
f 1031 536 535
f 1031 535 545
f 545 535 534
f 545 534 546
f 541 540 1028
f 1028 540 539
f 1028 539 1032
f 1032 539 538
f 1032 538 1030
f 1030 538 537
f 1030 537 536
f 534 1027 546
f 546 1027 1026
f 546 1026 548
f 548 1026 1025
f 548 1025 1024
f 557 556 1029
f 557 1029 1033
f 1033 1029 1028
f 1033 1028 1034
f 1034 1028 1032
f 1034 1032 1035
f 1035 1032 1030
f 1035 1030 1036
f 1036 1030 1031
f 1036 1031 1037
f 1037 1031 545
f 1037 545 544
f 564 557 1033
f 564 1033 1038
f 1038 1033 1034
f 1038 1034 1039
f 1039 1034 1035
f 1039 1035 1040
f 1040 1035 1036
f 1040 1036 1041
f 1041 1036 1037
f 1041 1037 1042
f 1042 1037 544
f 1042 544 558
f 1043 559 1044
f 1044 559 560
f 1044 560 1045
f 1045 560 561
f 1045 561 1046
f 1046 561 562
f 1046 562 1047
f 1047 562 563
f 1047 563 577
f 577 563 564
f 577 564 575
f 575 564 1038
f 575 1038 573
f 573 1038 1039
f 573 1039 571
f 571 1039 1040
f 571 1040 569
f 569 1040 1041
f 569 1041 567
f 567 1041 1042
f 567 1042 565
f 565 1042 558
f 565 558 1043
f 1043 558 559
f 577 578 1047
f 1047 578 1048
f 1047 1048 1046
f 1046 1048 1049
f 1046 1049 1045
f 1045 1049 1050
f 1045 1050 1044
f 1044 1050 1051
f 1044 1051 1043
f 1043 1051 1052
f 1043 1052 565
f 565 1052 566
f 568 566 1052
f 1048 578 576
f 1050 1049 1048
f 572 570 568
f 1050 1048 1051
f 1051 1048 1052
f 1052 1048 576
f 1052 576 568
f 568 576 574
f 568 574 572
f 1053 1054 1055
f 1055 1054 1056
f 1055 1056 1057
f 1057 1056 1058
f 1057 1058 1059
f 1059 1058 1060
f 1059 1060 1061
f 1061 1060 1062
f 1061 1062 1063
f 1063 1062 1064
f 1063 1064 1065
f 1065 1064 1066
f 1067 1068 1069
f 1069 1068 1070
f 1069 1070 1071
f 1071 1070 1072
f 1071 1072 1073
f 1073 1072 1074
f 1073 1074 1075
f 1075 1074 1076
f 1075 1076 1077
f 1077 1076 1078
f 1077 1078 1079
f 1079 1078 1080
f 1081 1082 1083
f 1081 1083 1084
f 1084 1083 1085
f 1084 1085 1086
f 1086 1085 1087
f 1086 1087 1088
f 1088 1087 1089
f 1088 1089 1090
f 1090 1089 1091
f 1090 1091 1092
f 1092 1091 1093
f 1092 1093 1094
f 1094 1093 1095
f 1094 1095 1096
f 1097 1098 1099
f 1097 1099 1100
f 1100 1099 1101
f 1100 1101 1102
f 1102 1101 1103
f 1102 1103 1104
f 1104 1103 1105
f 1104 1105 1106
f 1106 1105 1107
f 1106 1107 1108
f 1108 1107 1109
f 1108 1109 1110
f 1110 1109 1111
f 1110 1111 1112
f 1112 1111 1113
f 1112 1113 1114
f 1114 1113 1115
f 1114 1115 1116
f 1116 1115 1117
f 1116 1117 1118
f 1118 1117 1119
f 1118 1119 1120
f 1120 1119 1121
f 1120 1121 1122
f 1122 1121 1123
f 1122 1123 1124
f 1124 1123 1125
f 1124 1125 1126
f 1126 1125 1127
f 1126 1127 1128
f 1128 1127 1129
f 1128 1129 1130
f 1130 1129 1131
f 1130 1131 1132
f 1132 1131 1133
f 1132 1133 1134
f 1134 1133 1082
f 1134 1082 1081
f 1135 1053 1136
f 1136 1053 1055
f 1136 1055 1137
f 1137 1055 1057
f 1137 1057 1138
f 1138 1057 1059
f 1138 1059 1139
f 1139 1059 1061
f 1139 1061 1140
f 1140 1061 1063
f 1140 1063 1141
f 1141 1063 1065
f 1142 1067 1143
f 1143 1067 1069
f 1143 1069 1144
f 1144 1069 1071
f 1144 1071 1145
f 1145 1071 1073
f 1145 1073 1146
f 1146 1073 1075
f 1146 1075 1147
f 1147 1075 1077
f 1147 1077 1148
f 1148 1077 1079
f 1149 1095 1093
f 1149 1150 1151
f 1151 1150 1152
f 1153 1154 1152
f 1152 1154 1155
f 1152 1155 1151
f 1156 1157 1158
f 1158 1157 1159
f 1158 1159 1153
f 1153 1159 1160
f 1153 1160 1154
f 1156 1158 1161
f 1161 1158 1162
f 1161 1162 1163
f 1164 1165 1162
f 1162 1165 1166
f 1162 1166 1163
f 1167 1168 1164
f 1164 1168 1169
f 1164 1169 1165
f 1170 1171 1172
f 1172 1171 1173
f 1172 1173 1167
f 1167 1173 1174
f 1167 1174 1168
f 1170 1172 1175
f 1175 1172 1176
f 1175 1176 1177
f 1177 1176 1178
f 1177 1178 1179
f 1179 1178 1180
f 1179 1180 1181
f 1181 1180 1182
f 1181 1182 1183
f 1183 1182 1184
f 1183 1184 1185
f 1185 1184 1186
f 1185 1186 1098
f 1149 1093 1150
f 1150 1093 1091
f 1150 1091 1187
f 1187 1091 1089
f 1187 1089 1188
f 1188 1089 1087
f 1188 1087 1189
f 1189 1087 1085
f 1189 1085 1190
f 1190 1085 1083
f 1190 1083 1191
f 1191 1083 1082
f 1191 1082 1192
f 1193 1135 1194
f 1194 1135 1136
f 1194 1136 1195
f 1195 1136 1137
f 1195 1137 1196
f 1196 1137 1138
f 1196 1138 1197
f 1197 1138 1139
f 1197 1139 1198
f 1198 1139 1140
f 1198 1140 1199
f 1199 1140 1141
f 1200 1142 1201
f 1201 1142 1143
f 1201 1143 1202
f 1202 1143 1144
f 1202 1144 1203
f 1203 1144 1145
f 1203 1145 1204
f 1204 1145 1146
f 1204 1146 1205
f 1205 1146 1147
f 1205 1147 1206
f 1206 1147 1148
f 1207 1208 1209
f 1210 1211 1212
f 1212 1211 1213
f 1213 1211 1214
f 1213 1214 1215
f 1216 1217 1218
f 1216 1218 1219
f 1218 1207 1219
f 1219 1207 1209
f 1219 1209 1220
f 1220 1209 1221
f 1220 1221 1222
f 1222 1221 1223
f 1222 1223 1224
f 1224 1223 1225
f 1224 1225 1226
f 1226 1225 1227
f 1226 1227 1228
f 1228 1227 1229
f 1228 1229 1230
f 1230 1229 1231
f 1230 1231 1232
f 1232 1231 1233
f 1232 1233 1234
f 1234 1233 1235
f 1234 1235 1236
f 1236 1235 1237
f 1236 1237 1238
f 1238 1237 1239
f 1238 1239 1240
f 1240 1239 1241
f 1240 1241 1242
f 1242 1241 1243
f 1242 1243 1244
f 1244 1243 1245
f 1244 1245 1246
f 1246 1245 1247
f 1246 1247 1248
f 1248 1247 1249
f 1248 1249 1250
f 1250 1249 1251
f 1250 1251 1212
f 1212 1251 1252
f 1212 1252 1210
f 1253 1254 1255
f 1256 1253 1257
f 1257 1253 1255
f 1257 1255 1258
f 1254 1259 1255
f 1255 1259 1260
f 1255 1260 1261
f 1262 1263 1264
f 1265 1266 1267
f 1267 1266 1268
f 1267 1268 1269
f 1269 1268 1270
f 1271 1272 1270
f 1270 1272 1273
f 1270 1273 1269
f 1274 1275 1271
f 1271 1275 1276
f 1271 1276 1272
f 1277 1278 1274
f 1274 1278 1279
f 1274 1279 1275
f 1280 1281 1277
f 1277 1281 1282
f 1277 1282 1278
f 1283 1284 1280
f 1280 1284 1285
f 1280 1285 1281
f 1286 1287 1283
f 1283 1287 1288
f 1283 1288 1284
f 1289 1290 1286
f 1286 1290 1291
f 1286 1291 1287
f 1260 1292 1261
f 1261 1292 1293
f 1261 1293 1289
f 1289 1293 1294
f 1289 1294 1290
f 1264 1295 1262
f 1262 1295 1296
f 1262 1296 1297
f 1296 1298 1297
f 1297 1298 1299
f 1297 1299 1300
f 1299 1301 1300
f 1300 1301 1302
f 1300 1302 1303
f 1302 1304 1303
f 1303 1304 1305
f 1303 1305 1306
f 1305 1307 1306
f 1306 1307 1308
f 1306 1308 1309
f 1308 1310 1309
f 1309 1310 1311
f 1309 1311 1312
f 1311 1313 1312
f 1312 1313 1314
f 1312 1314 1315
f 1314 1316 1315
f 1315 1316 1317
f 1315 1317 1318
f 1317 1319 1318
f 1318 1319 1320
f 1318 1320 1255
f 1255 1320 1321
f 1255 1321 1258
f 1322 1323 1324
f 1322 1324 1325
f 1325 1324 1326
f 1325 1326 1327
f 1327 1326 1328
f 1327 1328 1329
f 1329 1328 1330
f 1330 1328 1331
f 1330 1331 1332
f 1332 1331 1333
f 1332 1333 1334
f 1334 1333 1335
f 1334 1335 1336
f 1337 1338 1339
f 1339 1338 1340
f 1339 1340 1341
f 1341 1340 1342
f 1341 1342 1343
f 1343 1342 1344
f 1345 1346 1347
f 1347 1346 1348
f 1347 1348 1349
f 1349 1348 1350
f 1349 1350 1351
f 1090 1352 1088
f 1088 1352 1353
f 1088 1353 1086
f 1086 1353 1084
f 1354 1355 1356
f 1356 1355 1357
f 1356 1357 1351
f 1351 1357 1358
f 1351 1358 1349
f 1359 1360 1361
f 1361 1360 1362
f 1361 1362 1096
f 1096 1362 1363
f 1096 1363 1094
f 1094 1363 1364
f 1094 1364 1092
f 1092 1364 1090
f 1353 1365 1084
f 1084 1365 1366
f 1084 1366 1081
f 1081 1366 1080
f 1081 1080 1134
f 1100 1102 1060
f 1060 1102 1104
f 1060 1104 1062
f 1062 1104 1106
f 1062 1106 1108
f 1367 1368 1369
f 1369 1368 1370
f 1369 1370 1345
f 1345 1370 1371
f 1345 1371 1346
f 1080 1078 1134
f 1134 1078 1076
f 1134 1076 1132
f 1132 1076 1074
f 1124 1126 1072
f 1072 1126 1128
f 1072 1128 1074
f 1074 1128 1130
f 1074 1130 1132
f 1060 1058 1100
f 1100 1058 1056
f 1100 1056 1097
f 1097 1056 1054
f 1097 1054 1354
f 1354 1054 1372
f 1354 1372 1355
f 1373 1374 1352
f 1375 1376 1358
f 1358 1376 1377
f 1352 1374 1378
f 1112 1114 1070
f 1070 1114 1116
f 1116 1118 1070
f 1070 1118 1120
f 1070 1120 1072
f 1072 1120 1122
f 1072 1122 1124
f 1090 1364 1352
f 1352 1364 1379
f 1352 1379 1373
f 1377 1380 1358
f 1358 1380 1381
f 1358 1381 1349
f 1374 1382 1378
f 1378 1382 1383
f 1378 1383 1384
f 1108 1110 1062
f 1062 1110 1112
f 1062 1112 1064
f 1064 1112 1070
f 1064 1070 1066
f 1066 1070 1068
f 1066 1068 1385
f 1385 1068 1378
f 1385 1378 1358
f 1358 1378 1384
f 1358 1384 1375
f 1065 1066 1386
f 1386 1066 1385
f 1386 1385 1387
f 1387 1385 1358
f 1387 1358 1388
f 1388 1358 1357
f 1388 1357 1389
f 1389 1357 1355
f 1389 1355 1390
f 1390 1355 1372
f 1390 1372 1053
f 1053 1372 1054
f 1079 1080 1391
f 1391 1080 1366
f 1391 1366 1392
f 1392 1366 1365
f 1392 1365 1393
f 1393 1365 1353
f 1393 1353 1394
f 1394 1353 1352
f 1394 1352 1395
f 1395 1352 1378
f 1395 1378 1067
f 1067 1378 1068
f 1345 1347 1396
f 1396 1347 1397
f 1371 1170 1175
f 1371 1175 1346
f 1346 1175 1177
f 1346 1177 1348
f 1348 1177 1179
f 1348 1179 1350
f 1350 1179 1181
f 1350 1181 1351
f 1351 1181 1183
f 1351 1183 1356
f 1356 1183 1185
f 1356 1185 1354
f 1354 1185 1098
f 1354 1098 1097
f 1398 1399 1363
f 1363 1399 1364
f 1400 1384 1401
f 1401 1384 1383
f 1401 1383 1402
f 1402 1383 1382
f 1402 1382 1403
f 1403 1382 1374
f 1403 1374 1404
f 1404 1374 1373
f 1404 1373 1405
f 1405 1373 1379
f 1405 1379 1399
f 1399 1379 1364
f 1375 1384 1406
f 1406 1384 1400
f 1397 1347 1407
f 1407 1347 1349
f 1407 1349 1408
f 1408 1349 1381
f 1408 1381 1409
f 1409 1381 1380
f 1409 1380 1410
f 1410 1380 1377
f 1410 1377 1411
f 1411 1377 1376
f 1411 1376 1406
f 1406 1376 1375
f 1141 1065 1412
f 1412 1065 1386
f 1412 1386 1413
f 1413 1386 1387
f 1413 1387 1414
f 1414 1387 1388
f 1414 1388 1415
f 1415 1388 1389
f 1415 1389 1416
f 1416 1389 1390
f 1416 1390 1135
f 1135 1390 1053
f 1148 1079 1417
f 1417 1079 1391
f 1417 1391 1418
f 1418 1391 1392
f 1418 1392 1419
f 1419 1392 1393
f 1419 1393 1420
f 1420 1393 1394
f 1420 1394 1421
f 1421 1394 1395
f 1421 1395 1142
f 1142 1395 1067
f 1422 1423 1424
f 1424 1423 1396
f 1424 1396 1425
f 1425 1396 1397
f 1192 1082 1133
f 1192 1133 1426
f 1426 1133 1131
f 1426 1131 1427
f 1427 1131 1129
f 1427 1129 1428
f 1428 1129 1127
f 1428 1127 1429
f 1429 1127 1125
f 1429 1125 1430
f 1430 1125 1123
f 1430 1123 1431
f 1431 1123 1121
f 1431 1121 1432
f 1432 1121 1119
f 1432 1119 1433
f 1433 1119 1117
f 1433 1117 1434
f 1434 1117 1115
f 1434 1115 1435
f 1435 1115 1113
f 1435 1113 1436
f 1436 1113 1111
f 1436 1111 1437
f 1437 1111 1109
f 1437 1109 1438
f 1438 1109 1107
f 1438 1107 1439
f 1439 1107 1105
f 1439 1105 1440
f 1440 1105 1103
f 1440 1103 1441
f 1441 1103 1101
f 1441 1101 1442
f 1442 1101 1099
f 1442 1099 1443
f 1443 1099 1098
f 1443 1098 1186
f 1444 1445 1446
f 1447 1399 1446
f 1446 1399 1398
f 1446 1398 1444
f 1448 1400 1401
f 1448 1401 1449
f 1401 1402 1449
f 1449 1402 1403
f 1449 1403 1450
f 1399 1447 1405
f 1405 1447 1450
f 1405 1450 1404
f 1404 1450 1403
f 1451 1452 1453
f 1400 1448 1454
f 1454 1455 1400
f 1400 1455 1451
f 1400 1451 1406
f 1406 1451 1453
f 1425 1397 1407
f 1425 1407 1456
f 1407 1408 1456
f 1456 1408 1409
f 1456 1409 1457
f 1406 1453 1411
f 1411 1453 1457
f 1411 1457 1410
f 1410 1457 1409
f 1199 1141 1458
f 1458 1141 1412
f 1458 1412 1459
f 1459 1412 1413
f 1459 1413 1460
f 1460 1413 1414
f 1460 1414 1461
f 1461 1414 1415
f 1461 1415 1462
f 1462 1415 1416
f 1462 1416 1193
f 1193 1416 1135
f 1206 1148 1463
f 1463 1148 1417
f 1463 1417 1464
f 1464 1417 1418
f 1464 1418 1465
f 1465 1418 1419
f 1465 1419 1466
f 1466 1419 1420
f 1466 1420 1467
f 1467 1420 1421
f 1467 1421 1200
f 1200 1421 1142
f 1468 1469 1470
f 1470 1471 1468
f 1468 1471 1472
f 1468 1472 1170
f 1170 1472 1473
f 1170 1473 1171
f 1474 1475 1476
f 1476 1475 1396
f 1476 1396 1423
f 1476 1477 1474
f 1474 1477 1478
f 1474 1478 1469
f 1469 1478 1479
f 1469 1479 1470
f 1456 1480 1425
f 1425 1480 1481
f 1425 1481 1424
f 1424 1481 1482
f 1452 1483 1453
f 1453 1483 1484
f 1453 1484 1457
f 1457 1484 1485
f 1457 1485 1456
f 1456 1485 1486
f 1456 1486 1480
f 1482 1487 1488
f 1489 1490 1491
f 1213 1215 1492
f 1492 1215 1489
f 1493 1494 1495
f 1217 1216 1495
f 1495 1216 1496
f 1496 1258 1321
f 1424 1305 1422
f 1422 1305 1304
f 1422 1304 1497
f 1304 1302 1497
f 1497 1302 1301
f 1497 1301 1498
f 1296 1499 1298
f 1298 1499 1498
f 1298 1498 1299
f 1299 1498 1301
f 1500 1501 1264
f 1264 1501 1499
f 1264 1499 1295
f 1295 1499 1296
f 1500 1502 1501
f 1501 1502 1503
f 1501 1503 1504
f 1503 1505 1504
f 1504 1505 1506
f 1504 1506 1507
f 1508 1509 1510
f 1510 1446 1511
f 1511 1446 1445
f 1511 1445 1512
f 1512 1445 1507
f 1512 1507 1513
f 1513 1507 1506
f 1496 1321 1495
f 1495 1321 1320
f 1495 1320 1493
f 1493 1320 1319
f 1493 1319 1514
f 1319 1317 1514
f 1514 1317 1316
f 1514 1316 1515
f 1316 1314 1515
f 1515 1314 1313
f 1515 1313 1516
f 1313 1311 1516
f 1516 1311 1310
f 1516 1310 1517
f 1424 1482 1305
f 1305 1482 1488
f 1305 1488 1307
f 1307 1488 1517
f 1307 1517 1308
f 1308 1517 1310
f 1510 1511 1508
f 1508 1511 1518
f 1508 1518 1519
f 1518 1520 1519
f 1519 1520 1521
f 1519 1521 1522
f 1521 1523 1522
f 1522 1523 1524
f 1522 1524 1525
f 1524 1526 1525
f 1525 1526 1527
f 1525 1527 1528
f 1529 1492 1530
f 1530 1492 1489
f 1530 1489 1531
f 1531 1489 1491
f 1531 1491 1532
f 1532 1491 1528
f 1532 1528 1533
f 1533 1528 1527
f 1434 1435 1266
f 1263 1162 1158
f 1266 1534 1434
f 1434 1534 1535
f 1434 1535 1433
f 1433 1535 1536
f 1433 1536 1432
f 1432 1536 1537
f 1432 1537 1431
f 1431 1537 1538
f 1431 1538 1430
f 1430 1538 1539
f 1430 1539 1429
f 1429 1539 1540
f 1429 1540 1428
f 1428 1540 1541
f 1428 1541 1427
f 1427 1541 1542
f 1427 1542 1426
f 1426 1542 1543
f 1426 1543 1192
f 1192 1543 1544
f 1192 1544 1191
f 1191 1544 1545
f 1191 1545 1190
f 1190 1545 1546
f 1190 1546 1189
f 1189 1546 1547
f 1189 1547 1188
f 1188 1547 1548
f 1188 1548 1187
f 1187 1548 1549
f 1187 1549 1150
f 1150 1549 1550
f 1150 1550 1152
f 1152 1550 1551
f 1152 1551 1153
f 1153 1551 1552
f 1153 1552 1158
f 1158 1552 1553
f 1158 1553 1263
f 1263 1262 1162
f 1162 1262 1297
f 1162 1297 1164
f 1164 1297 1300
f 1164 1300 1167
f 1167 1300 1303
f 1167 1303 1172
f 1172 1303 1306
f 1172 1306 1176
f 1176 1306 1309
f 1176 1309 1178
f 1178 1309 1312
f 1178 1312 1180
f 1180 1312 1315
f 1180 1315 1182
f 1182 1315 1318
f 1182 1318 1184
f 1184 1318 1255
f 1184 1255 1186
f 1186 1255 1261
f 1186 1261 1443
f 1443 1261 1289
f 1443 1289 1442
f 1442 1289 1286
f 1442 1286 1441
f 1441 1286 1283
f 1441 1283 1440
f 1440 1283 1280
f 1440 1280 1439
f 1439 1280 1277
f 1439 1277 1438
f 1438 1277 1274
f 1438 1274 1437
f 1437 1274 1271
f 1437 1271 1436
f 1436 1271 1270
f 1436 1270 1435
f 1435 1270 1268
f 1435 1268 1266
f 1444 1398 1554
f 1555 1095 1149
f 1556 1557 1554
f 1554 1557 1558
f 1554 1558 1444
f 1559 1560 1556
f 1556 1560 1561
f 1556 1561 1557
f 1149 1562 1555
f 1555 1562 1563
f 1555 1563 1559
f 1559 1563 1564
f 1559 1564 1560
f 1564 1563 1565
f 1472 1471 1566
f 1470 1479 1567
f 1478 1477 1568
f 1569 1562 1149
f 1564 1565 1560
f 1557 1561 1570
f 1171 1473 1173
f 1173 1473 1571
f 1173 1571 1174
f 1174 1571 1572
f 1573 1169 1572
f 1572 1169 1168
f 1572 1168 1174
f 1574 1163 1575
f 1575 1163 1166
f 1575 1166 1573
f 1573 1166 1165
f 1573 1165 1169
f 1576 1156 1574
f 1574 1156 1161
f 1574 1161 1163
f 1577 1160 1578
f 1578 1160 1159
f 1578 1159 1576
f 1576 1159 1157
f 1576 1157 1156
f 1149 1151 1569
f 1569 1151 1155
f 1569 1155 1577
f 1577 1155 1154
f 1577 1154 1160
f 1473 1472 1571
f 1571 1472 1566
f 1571 1566 1572
f 1572 1566 1579
f 1572 1579 1573
f 1573 1579 1580
f 1573 1580 1575
f 1575 1580 1581
f 1575 1581 1574
f 1574 1581 1582
f 1574 1582 1576
f 1576 1582 1583
f 1576 1583 1578
f 1578 1583 1584
f 1578 1584 1577
f 1577 1584 1585
f 1577 1585 1569
f 1569 1585 1565
f 1569 1565 1562
f 1562 1565 1563
f 1471 1470 1566
f 1566 1470 1567
f 1566 1567 1579
f 1579 1567 1586
f 1579 1586 1580
f 1580 1586 1587
f 1580 1587 1581
f 1581 1587 1588
f 1581 1588 1582
f 1582 1588 1589
f 1582 1589 1583
f 1583 1589 1590
f 1583 1590 1584
f 1584 1590 1591
f 1584 1591 1585
f 1585 1591 1592
f 1585 1592 1565
f 1565 1592 1570
f 1565 1570 1560
f 1560 1570 1561
f 1479 1478 1567
f 1567 1478 1568
f 1567 1568 1586
f 1586 1568 1593
f 1586 1593 1587
f 1587 1593 1594
f 1587 1594 1588
f 1588 1594 1595
f 1588 1595 1589
f 1589 1595 1596
f 1589 1596 1590
f 1590 1596 1597
f 1590 1597 1591
f 1591 1597 1598
f 1591 1598 1592
f 1592 1598 1599
f 1592 1599 1570
f 1570 1599 1600
f 1570 1600 1557
f 1601 1454 1602
f 1602 1454 1448
f 1602 1448 1603
f 1603 1448 1449
f 1603 1449 1604
f 1604 1449 1450
f 1446 1510 1447
f 1447 1510 1605
f 1447 1605 1450
f 1450 1605 1606
f 1450 1606 1604
f 1601 1607 1454
f 1454 1607 1455
f 1231 1229 1326
f 1326 1229 1328
f 1241 1239 1324
f 1333 1331 1335
f 1335 1331 1328
f 1335 1328 1208
f 1249 1323 1608
f 1608 1323 1609
f 1608 1609 1610
f 1488 1487 1611
f 1516 1612 1613
f 1614 1615 1608
f 1608 1615 1616
f 1608 1616 1249
f 1344 1210 1252
f 1229 1227 1328
f 1328 1227 1225
f 1328 1225 1223
f 1249 1247 1323
f 1323 1247 1245
f 1323 1245 1324
f 1324 1245 1243
f 1324 1243 1241
f 1612 1516 1611
f 1611 1516 1517
f 1611 1517 1488
f 1617 1614 1618
f 1342 1340 1344
f 1344 1340 1338
f 1344 1338 1210
f 1616 1619 1249
f 1249 1619 1344
f 1249 1344 1251
f 1251 1344 1252
f 1223 1221 1328
f 1328 1221 1209
f 1328 1209 1208
f 1239 1237 1324
f 1324 1237 1235
f 1324 1235 1326
f 1326 1235 1233
f 1326 1233 1231
f 1514 1515 1620
f 1620 1515 1516
f 1620 1516 1621
f 1621 1516 1613
f 1621 1613 1609
f 1609 1613 1622
f 1609 1622 1610
f 1509 1508 1623
f 1623 1508 1519
f 1623 1519 1624
f 1624 1519 1522
f 1624 1522 1625
f 1451 1455 1608
f 1608 1455 1607
f 1608 1607 1614
f 1614 1607 1626
f 1614 1626 1618
f 1627 1628 1629
f 1629 1628 1494
f 1629 1494 1620
f 1620 1494 1493
f 1620 1493 1514
f 1618 1625 1617
f 1617 1625 1522
f 1617 1522 1630
f 1630 1522 1525
f 1630 1525 1528
f 1490 1631 1632
f 1528 1491 1630
f 1630 1491 1490
f 1630 1490 1633
f 1633 1490 1632
f 1608 1483 1451
f 1451 1483 1452
f 1332 1334 1195
f 1461 1462 1634
f 1634 1462 1193
f 1495 1634 1217
f 1217 1634 1193
f 1217 1193 1218
f 1218 1193 1194
f 1218 1194 1195
f 1195 1334 1218
f 1218 1334 1336
f 1218 1336 1207
f 1634 1635 1461
f 1461 1635 1636
f 1461 1636 1460
f 1460 1636 1637
f 1460 1637 1459
f 1459 1637 1638
f 1459 1638 1458
f 1458 1638 1639
f 1458 1639 1199
f 1199 1639 1322
f 1199 1322 1198
f 1198 1322 1325
f 1198 1325 1197
f 1197 1325 1327
f 1197 1327 1196
f 1196 1327 1329
f 1196 1329 1195
f 1195 1329 1330
f 1195 1330 1332
f 1640 1489 1215
f 1211 1337 1214
f 1214 1337 1339
f 1205 1206 1215
f 1215 1206 1463
f 1215 1463 1640
f 1640 1463 1464
f 1640 1464 1641
f 1215 1214 1205
f 1205 1214 1339
f 1205 1339 1204
f 1204 1339 1341
f 1204 1341 1203
f 1203 1341 1343
f 1203 1343 1202
f 1202 1343 1642
f 1202 1642 1201
f 1201 1642 1643
f 1201 1643 1200
f 1200 1643 1644
f 1200 1644 1467
f 1467 1644 1645
f 1467 1645 1466
f 1466 1645 1646
f 1466 1646 1465
f 1465 1646 1647
f 1465 1647 1464
f 1464 1647 1648
f 1464 1648 1641
f 1345 1396 1475
f 1345 1475 1369
f 1369 1475 1474
f 1369 1474 1367
f 1367 1474 1469
f 1367 1469 1368
f 1368 1469 1468
f 1368 1468 1370
f 1370 1468 1170
f 1370 1170 1371
f 1481 1611 1482
f 1482 1611 1487
f 1610 1484 1608
f 1608 1484 1483
f 1611 1481 1480
f 1611 1480 1612
f 1612 1480 1486
f 1612 1486 1613
f 1613 1486 1485
f 1613 1485 1622
f 1622 1485 1484
f 1622 1484 1610
f 1258 1496 1257
f 1257 1496 1649
f 1257 1649 1256
f 1256 1649 1650
f 1256 1650 1253
f 1264 1263 1500
f 1500 1263 1553
f 1651 1544 1652
f 1652 1544 1543
f 1653 1654 1529
f 1651 1655 1544
f 1544 1655 1656
f 1544 1656 1653
f 1542 1657 1543
f 1543 1657 1658
f 1543 1658 1652
f 1541 1659 1542
f 1542 1659 1660
f 1542 1660 1657
f 1540 1661 1541
f 1541 1661 1662
f 1541 1662 1659
f 1539 1663 1540
f 1540 1663 1664
f 1540 1664 1661
f 1538 1665 1539
f 1539 1665 1666
f 1539 1666 1663
f 1537 1667 1538
f 1538 1667 1668
f 1538 1668 1665
f 1536 1669 1537
f 1537 1669 1670
f 1537 1670 1667
f 1535 1671 1536
f 1536 1671 1672
f 1536 1672 1669
f 1534 1673 1535
f 1535 1673 1674
f 1535 1674 1671
f 1266 1265 1534
f 1534 1265 1675
f 1534 1675 1673
f 1653 1529 1544
f 1544 1529 1530
f 1544 1530 1545
f 1530 1531 1545
f 1545 1531 1532
f 1545 1532 1546
f 1532 1533 1546
f 1546 1533 1527
f 1546 1527 1547
f 1527 1526 1547
f 1547 1526 1524
f 1547 1524 1548
f 1524 1523 1548
f 1548 1523 1521
f 1548 1521 1549
f 1521 1520 1549
f 1549 1520 1518
f 1549 1518 1550
f 1518 1511 1550
f 1550 1511 1512
f 1550 1512 1551
f 1512 1513 1551
f 1551 1513 1506
f 1551 1506 1552
f 1506 1505 1552
f 1552 1505 1503
f 1552 1503 1553
f 1553 1503 1502
f 1553 1502 1500
f 1653 1656 1676
f 1653 1676 1654
f 1676 1677 1654
f 1654 1677 1492
f 1654 1492 1529
f 1678 1650 1216
f 1216 1650 1649
f 1216 1649 1496
f 1492 1677 1213
f 1213 1677 1676
f 1676 1679 1213
f 1213 1679 1680
f 1213 1680 1212
f 1212 1680 1681
f 1212 1681 1250
f 1250 1681 1682
f 1250 1682 1248
f 1248 1682 1683
f 1248 1683 1246
f 1246 1683 1684
f 1246 1684 1244
f 1244 1684 1685
f 1244 1685 1242
f 1242 1685 1686
f 1242 1686 1240
f 1240 1686 1687
f 1240 1687 1238
f 1238 1687 1688
f 1238 1688 1236
f 1236 1688 1689
f 1236 1689 1234
f 1234 1689 1690
f 1234 1690 1232
f 1232 1690 1691
f 1232 1691 1230
f 1230 1691 1692
f 1230 1692 1228
f 1228 1692 1693
f 1228 1693 1226
f 1226 1693 1694
f 1226 1694 1224
f 1224 1694 1695
f 1224 1695 1222
f 1222 1695 1696
f 1222 1696 1220
f 1220 1696 1697
f 1220 1697 1219
f 1219 1697 1698
f 1219 1698 1216
f 1216 1698 1699
f 1216 1699 1678
f 1623 1605 1509
f 1509 1605 1510
f 1558 1557 1600
f 1558 1600 1597
f 1597 1600 1599
f 1597 1599 1598
f 1568 1477 1476
f 1593 1568 1498
f 1498 1568 1476
f 1498 1476 1497
f 1497 1476 1423
f 1497 1423 1422
f 1597 1596 1499
f 1499 1596 1595
f 1499 1595 1498
f 1498 1595 1594
f 1498 1594 1593
f 1445 1444 1507
f 1507 1444 1558
f 1507 1558 1504
f 1504 1558 1597
f 1504 1597 1501
f 1501 1597 1499
f 1096 1095 1555
f 1096 1555 1361
f 1361 1555 1559
f 1361 1559 1359
f 1359 1559 1556
f 1359 1556 1360
f 1360 1556 1554
f 1360 1554 1362
f 1362 1554 1398
f 1362 1398 1363
f 1626 1602 1603
f 1626 1603 1618
f 1618 1603 1604
f 1618 1604 1625
f 1625 1604 1606
f 1625 1606 1624
f 1624 1606 1605
f 1624 1605 1623
f 1602 1626 1601
f 1601 1626 1607
f 1495 1494 1634
f 1634 1494 1628
f 1634 1628 1635
f 1635 1628 1627
f 1635 1627 1636
f 1636 1627 1629
f 1636 1629 1637
f 1637 1629 1620
f 1637 1620 1621
f 1637 1621 1638
f 1638 1621 1609
f 1638 1609 1639
f 1639 1609 1323
f 1639 1323 1322
f 1208 1207 1335
f 1335 1207 1336
f 1211 1210 1337
f 1337 1210 1338
f 1343 1344 1619
f 1343 1619 1642
f 1642 1619 1616
f 1642 1616 1643
f 1643 1616 1615
f 1643 1615 1644
f 1644 1615 1614
f 1644 1614 1645
f 1645 1614 1617
f 1645 1617 1646
f 1646 1617 1630
f 1646 1630 1647
f 1490 1489 1631
f 1631 1489 1640
f 1631 1640 1632
f 1632 1640 1641
f 1632 1641 1633
f 1633 1641 1648
f 1633 1648 1630
f 1630 1648 1647
f 1678 1699 1260
f 1253 1650 1254
f 1254 1650 1678
f 1254 1678 1259
f 1259 1678 1260
f 1680 1652 1658
f 1680 1658 1681
f 1658 1657 1681
f 1681 1657 1660
f 1681 1660 1682
f 1660 1659 1682
f 1682 1659 1662
f 1682 1662 1683
f 1662 1661 1683
f 1683 1661 1664
f 1683 1664 1684
f 1664 1663 1684
f 1684 1663 1666
f 1684 1666 1685
f 1666 1665 1685
f 1685 1665 1668
f 1685 1668 1686
f 1668 1667 1686
f 1686 1667 1670
f 1686 1670 1687
f 1670 1669 1687
f 1687 1669 1672
f 1687 1672 1688
f 1672 1671 1688
f 1688 1671 1674
f 1688 1674 1689
f 1689 1674 1673
f 1689 1673 1675
f 1675 1265 1689
f 1689 1265 1267
f 1689 1267 1690
f 1267 1269 1690
f 1690 1269 1273
f 1690 1273 1691
f 1273 1272 1691
f 1691 1272 1276
f 1691 1276 1692
f 1276 1275 1692
f 1692 1275 1279
f 1692 1279 1693
f 1279 1278 1693
f 1693 1278 1282
f 1693 1282 1694
f 1282 1281 1694
f 1694 1281 1285
f 1694 1285 1695
f 1285 1284 1695
f 1695 1284 1288
f 1695 1288 1696
f 1288 1287 1696
f 1696 1287 1291
f 1696 1291 1697
f 1291 1290 1697
f 1697 1290 1294
f 1697 1294 1698
f 1698 1294 1293
f 1698 1293 1699
f 1699 1293 1292
f 1699 1292 1260
f 1652 1680 1651
f 1651 1680 1679
f 1651 1679 1655
f 1655 1679 1676
f 1655 1676 1656
f 1700 1701 1702
f 1700 1702 1703
f 1703 1702 1704
f 1703 1704 1705
f 1705 1704 1706
f 1705 1706 1707
f 1707 1706 1708
f 1707 1708 1709
f 1709 1708 1710
f 1709 1710 1711
f 1711 1710 1712
f 1711 1712 1713
f 1713 1712 1714
f 1713 1714 1715
f 1715 1714 1716
f 1715 1716 1717
f 1717 1716 1718
f 1717 1718 1719
f 1719 1718 1720
f 1719 1720 1721
f 1721 1720 1722
f 1721 1722 1723
f 1723 1722 1724
f 1723 1724 1725
f 1725 1724 1726
f 1725 1726 1727
f 1727 1726 1728
f 1727 1728 1729
f 1729 1728 1730
f 1729 1730 1731
f 1731 1730 1732
f 1731 1732 1733
f 1733 1732 1734
f 1733 1734 1735
f 1735 1734 1736
f 1735 1736 1737
f 1737 1736 1738
f 1737 1738 1739
f 1740 1738 1736
f 1740 1736 1741
f 1741 1736 1734
f 1741 1734 1742
f 1742 1734 1732
f 1742 1732 1743
f 1743 1732 1730
f 1743 1730 1744
f 1744 1730 1728
f 1744 1728 1745
f 1745 1728 1726
f 1745 1726 1746
f 1746 1726 1724
f 1746 1724 1747
f 1747 1724 1722
f 1747 1722 1748
f 1748 1722 1720
f 1748 1720 1749
f 1749 1720 1718
f 1749 1718 1750
f 1750 1718 1716
f 1750 1716 1751
f 1751 1716 1714
f 1751 1714 1752
f 1752 1714 1712
f 1752 1712 1753
f 1753 1712 1710
f 1753 1710 1754
f 1754 1710 1708
f 1754 1708 1755
f 1755 1708 1706
f 1755 1706 1756
f 1756 1706 1704
f 1756 1704 1757
f 1757 1704 1758
f 1758 1704 1702
f 1758 1702 1759
f 1759 1702 1701
f 1759 1701 1760
f 1761 1729 1731
f 1762 1700 1703
f 1762 1703 1763
f 1763 1703 1705
f 1763 1705 1764
f 1764 1705 1707
f 1764 1707 1765
f 1765 1707 1766
f 1766 1707 1709
f 1766 1709 1767
f 1767 1709 1711
f 1767 1711 1768
f 1768 1711 1769
f 1769 1711 1713
f 1769 1713 1770
f 1770 1713 1715
f 1770 1715 1771
f 1771 1715 1717
f 1771 1717 1772
f 1772 1717 1719
f 1772 1719 1773
f 1773 1719 1721
f 1773 1721 1774
f 1774 1721 1723
f 1774 1723 1775
f 1775 1723 1725
f 1775 1725 1776
f 1776 1725 1727
f 1776 1727 1777
f 1729 1761 1727
f 1727 1761 1778
f 1727 1778 1777
f 1779 1780 1731
f 1731 1780 1781
f 1731 1781 1761
f 1731 1733 1779
f 1779 1733 1735
f 1779 1735 1782
f 1782 1735 1737
f 1782 1737 1783
f 1783 1737 1784
f 1783 1784 1785
f 1786 1787 1788
f 1788 1787 1789
f 1788 1789 1790
f 1790 1789 1791
f 1790 1791 1792
f 1792 1791 1793
f 1792 1793 1794
f 1794 1793 1795
f 1794 1795 1796
f 1796 1795 1797
f 1796 1797 1798
f 1798 1797 1799
f 1800 1801 1802
f 1802 1801 1803
f 1802 1803 1804
f 1804 1803 1805
f 1804 1805 1806
f 1806 1805 1807
f 1806 1807 1808
f 1808 1807 1809
f 1808 1809 1810
f 1810 1809 1811
f 1810 1811 1812
f 1812 1811 1813
f 1814 1815 1816
f 1816 1815 1817
f 1816 1817 1818
f 1818 1817 1819
f 1818 1819 1820
f 1820 1819 1821
f 1820 1821 1822
f 1822 1821 1823
f 1822 1823 1824
f 1824 1823 1825
f 1824 1825 1826
f 1826 1825 1827
f 1828 1829 1830
f 1830 1829 1831
f 1830 1831 1832
f 1832 1831 1833
f 1832 1833 1834
f 1834 1833 1835
f 1834 1835 1836
f 1836 1835 1837
f 1836 1837 1838
f 1838 1837 1839
f 1838 1839 1840
f 1840 1839 1841
f 1842 1843 1844
f 1844 1843 1845
f 1844 1845 1846
f 1846 1845 1847
f 1846 1847 1848
f 1848 1847 1849
f 1848 1849 1850
f 1850 1849 1851
f 1850 1851 1852
f 1852 1851 1853
f 1852 1853 1854
f 1854 1853 1855
f 1856 1857 1858
f 1858 1857 1859
f 1858 1859 1860
f 1860 1859 1861
f 1860 1861 1862
f 1862 1861 1863
f 1862 1863 1864
f 1864 1863 1865
f 1864 1865 1866
f 1866 1865 1867
f 1866 1867 1868
f 1868 1867 1869
f 1870 1871 1872
f 1872 1871 1873
f 1872 1873 1874
f 1874 1873 1875
f 1874 1875 1876
f 1876 1875 1877
f 1876 1877 1878
f 1878 1877 1879
f 1878 1879 1880
f 1880 1879 1881
f 1880 1881 1882
f 1882 1881 1883
f 1884 1885 1886
f 1886 1885 1887
f 1886 1887 1888
f 1888 1887 1889
f 1888 1889 1890
f 1890 1889 1891
f 1890 1891 1892
f 1892 1891 1893
f 1892 1893 1894
f 1894 1893 1895
f 1894 1895 1896
f 1896 1895 1897
f 1898 1899 1900
f 1900 1899 1901
f 1900 1901 1902
f 1902 1901 1903
f 1902 1903 1904
f 1904 1903 1905
f 1904 1905 1906
f 1906 1905 1907
f 1906 1907 1908
f 1908 1907 1909
f 1908 1909 1910
f 1910 1909 1911
f 1912 1913 1914
f 1914 1913 1915
f 1914 1915 1916
f 1916 1915 1917
f 1916 1917 1918
f 1918 1917 1919
f 1918 1919 1920
f 1920 1919 1921
f 1920 1921 1922
f 1922 1921 1923
f 1922 1923 1924
f 1924 1923 1925
f 1926 1927 1928
f 1928 1927 1929
f 1928 1929 1930
f 1930 1929 1931
f 1930 1931 1932
f 1932 1931 1933
f 1932 1933 1934
f 1934 1933 1935
f 1934 1935 1936
f 1936 1935 1937
f 1936 1937 1938
f 1938 1937 1939
f 1940 1941 1942
f 1942 1941 1943
f 1942 1943 1944
f 1944 1943 1945
f 1944 1945 1946
f 1946 1945 1947
f 1946 1947 1948
f 1948 1947 1949
f 1948 1949 1950
f 1950 1949 1951
f 1950 1951 1952
f 1952 1951 1953
f 1954 1955 1956
f 1956 1955 1957
f 1956 1957 1958
f 1958 1957 1959
f 1958 1959 1960
f 1960 1959 1961
f 1960 1961 1962
f 1962 1961 1963
f 1962 1963 1964
f 1964 1963 1965
f 1964 1965 1966
f 1966 1965 1967
f 1968 1969 1970
f 1970 1969 1971
f 1970 1971 1972
f 1972 1971 1973
f 1972 1973 1974
f 1974 1973 1975
f 1974 1975 1976
f 1976 1975 1977
f 1976 1977 1978
f 1978 1977 1979
f 1978 1979 1980
f 1980 1979 1981
f 1982 1983 1984
f 1982 1984 1985
f 1985 1984 1986
f 1985 1986 1987
f 1987 1986 1988
f 1987 1988 1989
f 1989 1988 1990
f 1989 1990 1991
f 1991 1990 1992
f 1991 1992 1993
f 1993 1992 1994
f 1993 1994 1995
f 1995 1994 1996
f 1995 1996 1997
f 1997 1996 1998
f 1997 1998 1999
f 1999 1998 2000
f 1999 2000 2001
f 2001 2000 2002
f 2001 2002 2003
f 2003 2002 2004
f 2003 2004 2005
f 2005 2004 2006
f 2005 2006 2007
f 2007 2006 2008
f 2007 2008 2009
f 2009 2008 2010
f 2009 2010 2011
f 2011 2010 2012
f 2011 2012 2013
f 2013 2012 2014
f 2013 2014 2015
f 2015 2014 2016
f 2015 2016 2017
f 2018 1879 1877
f 1881 1879 2018
f 1883 1881 2018
f 2018 1873 1871
f 1875 1873 2018
f 1877 1875 2018
f 2019 1893 1891
f 1895 1893 2019
f 1897 1895 2019
f 2019 1887 1885
f 1889 1887 2019
f 1891 1889 2019
f 2020 1901 1899
f 1903 1901 2020
f 1905 1903 2020
f 2020 2021 2022
f 2023 2021 2020
f 1899 2023 2020
f 2024 1921 1919
f 1923 1921 2024
f 1925 1923 2024
f 2024 1915 1913
f 1917 1915 2024
f 1919 1917 2024
f 2025 1935 1933
f 1937 1935 2025
f 1939 1937 2025
f 2025 1929 1927
f 1931 1929 2025
f 1933 1931 2025
f 2026 1949 1947
f 1951 1949 2026
f 1953 1951 2026
f 2026 1943 1941
f 1945 1943 2026
f 1947 1945 2026
f 2027 1963 1961
f 1965 1963 2027
f 1967 1965 2027
f 2027 1957 1955
f 1959 1957 2027
f 1961 1959 2027
f 2028 1977 1975
f 1979 1977 2028
f 1981 1979 2028
f 2028 1971 1969
f 1973 1971 2028
f 1975 1973 2028
f 2029 1982 1985
f 2029 1985 2030
f 2030 1985 1987
f 2030 1987 2031
f 2031 1987 1989
f 2031 1989 2032
f 2032 1989 1991
f 2032 1991 2033
f 2033 1991 1993
f 2033 1993 2034
f 2034 1993 1995
f 2034 1995 2035
f 2035 1995 1997
f 2035 1997 2036
f 2036 1997 1999
f 2036 1999 2037
f 2037 1999 2001
f 2037 2001 2038
f 2038 2001 2003
f 2038 2003 2039
f 2039 2003 2005
f 2039 2005 2040
f 2040 2005 2007
f 2040 2007 2041
f 2041 2007 2009
f 2041 2009 2042
f 2042 2009 2011
f 2042 2011 2043
f 2043 2011 2013
f 2043 2013 2044
f 2044 2013 2015
f 2044 2015 2045
f 2045 2015 2017
f 2045 2017 2046
f 2047 2048 2049
f 2049 2048 2050
f 2049 2050 2051
f 2051 2050 2052
f 2051 2052 2053
f 2053 2052 2054
f 2053 2054 2055
f 2055 2054 2056
f 2055 2056 2057
f 2057 2056 2058
f 2057 2058 2059
f 2059 2058 2060
f 2059 2060 2061
f 2061 2060 2062
f 2061 2062 2063
f 2063 2062 2064
f 2063 2064 2065
f 2065 2064 2066
f 2065 2066 2067
f 2067 2066 2068
f 2067 2068 2069
f 2069 2068 2070
f 2069 2070 2071
f 2071 2070 2072
f 2071 2072 2073
f 2073 2072 2074
f 2073 2074 2075
f 2075 2074 2076
f 2077 2078 2079
f 2077 2079 2080
f 2080 2079 2081
f 2080 2081 2082
f 2082 2081 2083
f 2082 2083 2084
f 2084 2083 2085
f 2084 2085 2086
f 2086 2085 2087
f 2086 2087 2088
f 2088 2087 2089
f 2088 2089 2090
f 2090 2089 2091
f 2090 2091 2092
f 2092 2091 2093
f 2092 2093 2094
f 2094 2093 2095
f 2094 2095 2096
f 2096 2095 2097
f 2096 2097 2098
f 2098 2097 2099
f 2098 2099 2100
f 2100 2099 2101
f 2100 2101 2102
f 2102 2101 2103
f 2102 2103 2104
f 2104 2103 2105
f 2104 2105 2106
f 2107 2108 2109
f 2107 2109 2110
f 2110 2109 2111
f 2110 2111 2112
f 2112 2111 2113
f 2112 2113 2114
f 2114 2113 2115
f 2114 2115 2116
f 2116 2115 2117
f 2116 2117 2118
f 2118 2117 2119
f 2118 2119 2120
f 2120 2119 2077
f 2120 2077 2121
f 2121 2077 2080
f 2121 2080 2122
f 2122 2080 2082
f 2122 2082 2123
f 2123 2082 2084
f 2123 2084 2124
f 2124 2084 2086
f 2124 2086 2125
f 2125 2086 2088
f 2125 2088 2126
f 2126 2088 2090
f 2126 2090 2127
f 2127 2090 2092
f 2127 2092 2128
f 2129 2130 2131
f 2131 2130 2132
f 2131 2132 2133
f 2133 2132 2134
f 2133 2134 2135
f 2135 2134 2136
f 2135 2136 2137
f 2137 2136 2138
f 2137 2138 2139
f 2139 2138 2140
f 2139 2140 2141
f 2141 2140 2142
f 2143 2144 2145
f 2145 2144 2146
f 2145 2146 2147
f 2147 2146 2148
f 2147 2148 2149
f 2149 2148 2150
f 2149 2150 2151
f 2151 2150 2152
f 2151 2152 2153
f 2153 2152 2154
f 2153 2154 2155
f 2155 2154 2156
f 2157 2158 2159
f 2159 2158 2160
f 2159 2160 2161
f 2161 2160 2162
f 2161 2162 2163
f 2163 2162 2164
f 2163 2164 2165
f 2165 2164 2166
f 2165 2166 2167
f 2167 2166 2168
f 2167 2168 2169
f 2169 2168 2170
f 2171 2172 2173
f 2173 2172 2174
f 2173 2174 2175
f 2175 2174 2176
f 2175 2176 2177
f 2177 2176 2178
f 2177 2178 2179
f 2179 2178 2180
f 2179 2180 2181
f 2181 2180 2182
f 2181 2182 2183
f 2183 2182 2184
f 2183 2184 2185
f 2185 2184 2186
f 2185 2186 2187
f 2187 2186 2188
f 2187 2188 2189
f 2189 2188 2190
f 2191 2192 2193
f 2191 2193 2194
f 2194 2193 2195
f 2194 2195 2196
f 2196 2195 2197
f 2196 2197 2198
f 2198 2197 2199
f 2198 2199 2200
f 2200 2199 2201
f 2200 2201 2202
f 2202 2201 2203
f 2202 2203 2204
f 2205 2206 2207
f 2205 2207 2208
f 2208 2207 2209
f 2208 2209 2210
f 2210 2209 2211
f 2210 2211 2212
f 2212 2211 2213
f 2212 2213 2214
f 2214 2213 2215
f 2214 2215 2216
f 2216 2215 2217
f 2216 2217 2218
f 2219 2220 2221
f 2219 2221 2222
f 2222 2221 2223
f 2222 2223 2224
f 2224 2223 2225
f 2224 2225 2226
f 2226 2225 2227
f 2226 2227 2228
f 2228 2227 2229
f 2228 2229 2230
f 2230 2229 2231
f 2230 2231 2232
f 2189 2233 2187
f 2187 2233 2234
f 2187 2234 2185
f 2185 2234 2235
f 2185 2235 2183
f 2183 2235 2236
f 2183 2236 2181
f 2181 2236 2237
f 2181 2237 2179
f 2179 2237 2238
f 2179 2238 2177
f 2177 2238 2239
f 2177 2239 2175
f 2175 2239 2240
f 2175 2240 2173
f 2173 2240 2241
f 2173 2241 2171
f 2171 2241 2242
f 2243 2244 2245
f 2243 2245 2246
f 2246 2245 2247
f 2246 2247 2248
f 2248 2247 2249
f 2248 2249 2250
f 2250 2249 2251
f 2250 2251 2252
f 2252 2251 2253
f 2252 2253 2254
f 2254 2253 2255
f 2254 2255 2256
f 2257 2243 2246
f 2257 2246 2258
f 2258 2246 2248
f 2258 2248 2259
f 2259 2248 2250
f 2259 2250 2260
f 2260 2250 2252
f 2260 2252 2261
f 2261 2252 2254
f 2261 2254 2262
f 2262 2254 2256
f 2262 2256 2263
f 2264 2265 2266
f 2266 2265 2267
f 2266 2267 2268
f 2268 2267 2269
f 2268 2269 2270
f 2270 2269 2271
f 2270 2271 2272
f 2272 2271 2273
f 2272 2273 2274
f 2274 2273 2275
f 2274 2275 2276
f 2276 2275 2277
f 1739 1738 2278
f 1739 2278 2279
f 2279 2278 2280
f 2279 2280 2281
f 2281 2280 2282
f 2281 2282 2283
f 2283 2282 2284
f 2283 2284 2285
f 2285 2284 2286
f 2285 2286 2287
f 2287 2286 2288
f 2287 2288 2289
f 2289 2288 2290
f 2289 2290 2291
f 2291 2290 2292
f 2291 2292 2293
f 2293 2292 2294
f 2293 2294 2295
f 2295 2294 2296
f 2295 2296 2297
f 2297 2296 2298
f 2297 2298 2299
f 2299 2298 2300
f 2299 2300 2301
f 2301 2300 2302
f 2301 2302 2303
f 2303 2302 2304
f 2303 2304 2305
f 2305 2304 2306
f 2305 2306 2307
f 2307 2306 2308
f 2307 2308 2309
f 2309 2308 2310
f 2309 2310 2311
f 2311 2310 2312
f 2311 2312 2313
f 2313 2312 1701
f 2313 1701 1700
f 1760 1701 2312
f 2314 2315 2312
f 2312 2315 2316
f 2312 2316 1760
f 2296 2317 2298
f 2298 2317 2318
f 2298 2318 2300
f 2300 2318 2319
f 2300 2319 2302
f 2302 2319 2320
f 2302 2320 2304
f 2304 2320 2321
f 2304 2321 2306
f 2306 2321 2322
f 2306 2322 2308
f 2308 2322 2314
f 2308 2314 2310
f 2310 2314 2312
f 2323 2324 2296
f 2296 2324 2325
f 2296 2325 2317
f 2296 2294 2323
f 2323 2294 2292
f 2323 2292 2326
f 2326 2292 2290
f 2326 2290 2327
f 2327 2290 2288
f 2327 2288 2328
f 2328 2288 2286
f 2328 2286 2329
f 2329 2286 2284
f 2329 2284 2330
f 2330 2284 2282
f 2330 2282 2331
f 2331 2282 2280
f 2331 2280 2332
f 2332 2280 2278
f 2332 2278 2333
f 2333 2278 1738
f 2333 1738 1740
f 2334 2305 2307
f 1785 1784 2279
f 1785 2279 2335
f 2335 2279 2281
f 2335 2281 2336
f 2336 2281 2283
f 2336 2283 2337
f 2337 2283 2338
f 2338 2283 2285
f 2338 2285 2339
f 2339 2285 2287
f 2339 2287 2340
f 2340 2287 2341
f 2341 2287 2289
f 2341 2289 2342
f 2342 2289 2291
f 2342 2291 2343
f 2343 2291 2293
f 2343 2293 2344
f 2344 2293 2295
f 2344 2295 2345
f 2345 2295 2346
f 2346 2295 2297
f 2346 2297 2347
f 2347 2297 2299
f 2347 2299 2348
f 2348 2299 2301
f 2348 2301 2349
f 2349 2301 2303
f 2349 2303 2350
f 2305 2334 2303
f 2303 2334 2351
f 2303 2351 2350
f 2352 2353 2307
f 2307 2353 2354
f 2307 2354 2334
f 2307 2309 2352
f 2352 2309 2311
f 2352 2311 2355
f 2355 2311 2313
f 2355 2313 2356
f 2356 2313 1700
f 2356 1700 1762
f 1744 2357 1743
f 1751 1752 2358
f 2321 2359 2322
f 1792 1794 2360
f 2360 1794 1796
f 1798 2361 2357
f 2357 2361 2362
f 2357 2362 1743
f 1743 2362 2363
f 1743 2363 1742
f 1742 2363 1741
f 2363 2364 1741
f 1741 2364 2365
f 1741 2365 1740
f 1740 2365 1786
f 1740 1786 2333
f 1786 1788 2333
f 2333 1788 1790
f 2333 1790 2332
f 2332 1790 1792
f 2332 1792 2331
f 2331 1792 2360
f 2331 2360 2330
f 1852 1854 2324
f 2324 1854 2366
f 2327 2328 1846
f 1854 2367 2366
f 2366 2367 2368
f 2366 2368 2360
f 2368 2369 2360
f 2360 2369 2370
f 2360 2370 2330
f 2330 2370 2371
f 2330 2371 2329
f 2329 2371 1842
f 2329 1842 2328
f 2328 1842 1844
f 2328 1844 1846
f 1846 1848 2327
f 2327 1848 1850
f 2327 1850 2326
f 2326 1850 1852
f 2326 1852 2323
f 2323 1852 2324
f 2366 2359 2372
f 1802 1804 2318
f 2318 1804 1806
f 2318 1806 2319
f 1806 1808 2319
f 2319 1808 1810
f 2319 1810 2320
f 2320 1810 1812
f 2320 1812 2321
f 2321 1812 2373
f 2321 2373 2359
f 2359 2373 2374
f 2359 2374 2372
f 2372 2375 2366
f 2366 2375 2376
f 2366 2376 2324
f 2324 2376 1800
f 2324 1800 2325
f 2325 1800 1802
f 2325 1802 2317
f 2317 1802 2318
f 1834 1836 2315
f 2315 1836 1838
f 2377 2378 2379
f 2379 2378 2380
f 1828 1830 2359
f 2359 1830 1832
f 2359 1832 2322
f 2322 1832 1834
f 2322 1834 2314
f 2314 1834 2315
f 1840 2381 1758
f 1758 2381 2382
f 1758 2382 1757
f 1757 2382 2377
f 1757 2377 1756
f 1756 2377 2379
f 1756 2379 1755
f 1838 1840 2315
f 2315 1840 1758
f 2315 1758 2316
f 2316 1758 1759
f 2316 1759 1760
f 1814 1816 2383
f 2383 1816 1818
f 2383 1818 2379
f 1818 1820 2379
f 2379 1820 1822
f 2379 1822 1755
f 1755 1822 1824
f 1755 1824 1754
f 1754 1824 1826
f 1754 1826 1753
f 1826 2384 1753
f 1753 2384 2385
f 1753 2385 1752
f 2385 2386 1752
f 1752 2386 2387
f 1752 2387 2358
f 2358 2387 2388
f 2358 1747 1748
f 1748 1749 2358
f 2358 1749 1750
f 2358 1750 1751
f 1746 1747 2389
f 2357 1862 2383
f 2383 1862 1864
f 1864 1866 2383
f 2383 1866 2358
f 2383 2358 1814
f 1814 2358 2388
f 1866 1868 2358
f 2358 1868 2390
f 2358 2390 1747
f 1747 2390 2391
f 1747 2391 2389
f 2389 2392 1746
f 1746 2392 2393
f 1746 2393 1745
f 1745 2393 1856
f 1745 1856 1744
f 1744 1856 1858
f 1744 1858 2357
f 2357 1858 1860
f 2357 1860 1862
f 1796 1798 2360
f 2360 1798 2357
f 2360 2357 2366
f 2366 2357 2383
f 2366 2383 2359
f 2359 2383 2379
f 2359 2379 1828
f 1828 2379 2380
f 1916 1918 1769
f 1773 2394 1772
f 2335 2336 2395
f 2396 1968 2338
f 2397 2398 2399
f 2341 2400 2401
f 2401 2400 2402
f 2401 2403 2341
f 2341 2403 2404
f 2341 2404 2340
f 2340 2404 2405
f 2340 2405 2339
f 2339 2405 2406
f 2339 2406 2338
f 2338 2406 2407
f 2408 2353 2409
f 2409 2353 2410
f 2408 2411 2353
f 2353 2411 2399
f 2353 2399 2354
f 2354 2399 2398
f 2354 2398 2334
f 2334 2398 2397
f 2334 2397 2351
f 2351 2397 2412
f 2351 2412 2413
f 1766 1984 2410
f 2410 1984 1983
f 2410 1983 2409
f 1998 1996 1769
f 1996 1994 1769
f 1769 1994 1992
f 1769 1992 1768
f 1768 1992 1990
f 1768 1990 1767
f 1767 1990 1988
f 1767 1988 1766
f 1766 1988 1986
f 1766 1986 1984
f 2014 1780 2414
f 2407 2415 2338
f 2338 2415 2416
f 2338 2416 2414
f 2414 2416 2016
f 2414 2016 2014
f 1998 2417 2000
f 2000 2417 1778
f 2000 1778 2002
f 2014 2012 1780
f 1780 2012 2010
f 1780 2010 1781
f 1781 2010 2008
f 1781 2008 1761
f 1761 2008 2006
f 1761 2006 1778
f 1778 2006 2004
f 1778 2004 2002
f 1894 1896 2410
f 1886 1888 2353
f 2353 1888 1890
f 2353 1890 2410
f 2410 1890 1892
f 2410 1892 1894
f 2418 2355 2419
f 2419 2355 2356
f 2419 2356 1896
f 2418 2420 2355
f 2355 2420 2421
f 2355 2421 2352
f 2352 2421 2422
f 2352 2422 2353
f 2353 2422 1884
f 2353 1884 1886
f 2348 1962 2347
f 2347 1962 1964
f 1966 2423 2400
f 2400 2423 2424
f 2424 2425 2400
f 2400 2425 2351
f 2400 2351 2402
f 2402 2351 2413
f 2425 2426 2351
f 2351 2426 2427
f 2351 2427 2350
f 2350 2427 1954
f 2350 1954 2349
f 1954 1956 2349
f 2349 1956 1958
f 2349 1958 2348
f 2348 1958 1960
f 2348 1960 1962
f 2343 2344 1876
f 1876 1878 2343
f 2343 1878 1880
f 2343 1880 2342
f 2342 1880 1882
f 2342 1882 2341
f 2341 1882 2428
f 1964 1966 2347
f 2347 1966 2400
f 2347 2400 2346
f 2346 2400 2345
f 2429 2400 2430
f 2430 2400 2341
f 2430 2341 2431
f 2431 2341 2428
f 2429 2432 2400
f 2400 2432 1870
f 2400 1870 2345
f 2345 1870 1872
f 2345 1872 2344
f 2344 1872 1874
f 2344 1874 1876
f 2338 1968 2337
f 2433 2434 2414
f 2414 2434 2435
f 2414 2435 2338
f 2338 2435 2436
f 2338 2436 2396
f 1968 1970 2337
f 2337 1970 1972
f 2337 1972 2336
f 1972 1974 2336
f 2336 1974 1976
f 2336 1976 2395
f 2395 1976 1978
f 2395 1978 2414
f 2414 1978 1980
f 2414 1980 2433
f 1782 1783 2395
f 2395 1783 1785
f 2395 1785 2335
f 2437 2414 2438
f 2438 2414 1780
f 2438 1780 2439
f 2439 1780 2440
f 2437 2441 2414
f 2414 2441 1898
f 2414 1898 2395
f 2395 1898 1900
f 2395 1900 1782
f 1782 1900 1902
f 1902 1904 1782
f 1782 1904 1906
f 1782 1906 1779
f 1779 1906 1908
f 1779 1908 1780
f 1780 1908 1910
f 1780 1910 2440
f 1778 1950 1777
f 1777 1950 1952
f 1777 1952 1776
f 2417 1940 1942
f 2442 1775 2443
f 2443 1775 1776
f 2443 1776 2444
f 2444 1776 1952
f 1942 1944 2417
f 2417 1944 1946
f 2417 1946 1778
f 1778 1946 1948
f 1778 1948 1950
f 1940 2417 2445
f 2445 2417 2394
f 2445 2394 2446
f 2442 2446 1775
f 1775 2446 2394
f 1775 2394 1774
f 1774 2394 1773
f 1998 1769 2417
f 2417 1769 1918
f 2417 1918 1920
f 1771 1772 2447
f 1920 1922 2417
f 2417 1922 1924
f 2417 1924 2394
f 2394 1924 2448
f 2394 2448 1772
f 1772 2448 2449
f 1772 2449 2447
f 2447 2450 1771
f 1771 2450 2451
f 1771 2451 1770
f 1770 2451 1912
f 1770 1912 1769
f 1769 1912 1914
f 1769 1914 1916
f 1936 1938 1766
f 1930 1932 2410
f 1766 1938 1765
f 2410 1932 1766
f 1766 1932 1934
f 1766 1934 1936
f 1763 1764 2452
f 1938 2453 1765
f 1765 2453 2454
f 1765 2454 1764
f 1764 2454 2455
f 1764 2455 2452
f 1896 2356 2410
f 2410 2356 1762
f 2410 1762 1763
f 2452 2456 1763
f 1763 2456 1926
f 1763 1926 2410
f 2410 1926 1928
f 2410 1928 1930
f 1798 1799 2361
f 2361 1799 2457
f 2361 2457 2362
f 2362 2457 2458
f 2362 2458 2363
f 2363 2458 2459
f 2363 2459 2364
f 2364 2459 2460
f 2364 2460 2365
f 2365 2460 2461
f 2365 2461 1786
f 1786 2461 1787
f 1812 1813 2373
f 2373 1813 2462
f 2373 2462 2374
f 2374 2462 2463
f 2374 2463 2372
f 2372 2463 2464
f 2372 2464 2375
f 2375 2464 2465
f 2375 2465 2376
f 2376 2465 2466
f 2376 2466 1800
f 1800 2466 1801
f 1826 1827 2384
f 2384 1827 2467
f 2384 2467 2385
f 2385 2467 2468
f 2385 2468 2386
f 2386 2468 2469
f 2386 2469 2387
f 2387 2469 2470
f 2387 2470 2388
f 2388 2470 2471
f 2388 2471 1814
f 1814 2471 1815
f 1840 1841 2381
f 2381 1841 2472
f 2381 2472 2382
f 2382 2472 2473
f 2382 2473 2377
f 2377 2473 2474
f 2377 2474 2378
f 2378 2474 2475
f 2378 2475 2380
f 2380 2475 2476
f 2380 2476 1828
f 1828 2476 1829
f 1854 1855 2367
f 2367 1855 2477
f 2367 2477 2368
f 2368 2477 2478
f 2368 2478 2369
f 2369 2478 2479
f 2369 2479 2370
f 2370 2479 2480
f 2370 2480 2371
f 2371 2480 2481
f 2371 2481 1842
f 1842 2481 1843
f 1868 1869 2390
f 2390 1869 2482
f 2390 2482 2391
f 2391 2482 2483
f 2391 2483 2389
f 2389 2483 2484
f 2389 2484 2392
f 2392 2484 2485
f 2392 2485 2393
f 2393 2485 2486
f 2393 2486 1856
f 1856 2486 1857
f 1882 1883 2428
f 2428 1883 2487
f 2428 2487 2431
f 2431 2487 2488
f 2431 2488 2430
f 2430 2488 2489
f 2430 2489 2429
f 2429 2489 2490
f 2429 2490 2432
f 2432 2490 2491
f 2432 2491 1870
f 1870 2491 1871
f 1896 1897 2419
f 2419 1897 2492
f 2419 2492 2418
f 2418 2492 2493
f 2418 2493 2420
f 2420 2493 2494
f 2420 2494 2421
f 2421 2494 2495
f 2421 2495 2422
f 2422 2495 2496
f 2422 2496 1884
f 1884 2496 1885
f 1910 1911 2440
f 2440 1911 2497
f 2440 2497 2439
f 2439 2497 2498
f 2439 2498 2438
f 2438 2498 2022
f 2438 2022 2437
f 2437 2022 2021
f 2437 2021 2441
f 2441 2021 2023
f 2441 2023 1898
f 1898 2023 1899
f 1924 1925 2448
f 2448 1925 2499
f 2448 2499 2449
f 2449 2499 2500
f 2449 2500 2447
f 2447 2500 2501
f 2447 2501 2450
f 2450 2501 2502
f 2450 2502 2451
f 2451 2502 2503
f 2451 2503 1912
f 1912 2503 1913
f 1938 1939 2453
f 2453 1939 2504
f 2453 2504 2454
f 2454 2504 2505
f 2454 2505 2455
f 2455 2505 2506
f 2455 2506 2452
f 2452 2506 2507
f 2452 2507 2456
f 2456 2507 2508
f 2456 2508 1926
f 1926 2508 1927
f 1952 1953 2444
f 2444 1953 2509
f 2444 2509 2443
f 2443 2509 2510
f 2443 2510 2442
f 2442 2510 2511
f 2442 2511 2446
f 2446 2511 2512
f 2446 2512 2445
f 2445 2512 2513
f 2445 2513 1940
f 1940 2513 1941
f 1966 1967 2423
f 2423 1967 2514
f 2423 2514 2424
f 2424 2514 2515
f 2424 2515 2425
f 2425 2515 2516
f 2425 2516 2426
f 2426 2516 2517
f 2426 2517 2427
f 2427 2517 2518
f 2427 2518 1954
f 1954 2518 1955
f 1980 1981 2433
f 2433 1981 2519
f 2433 2519 2434
f 2434 2519 2520
f 2434 2520 2435
f 2435 2520 2521
f 2435 2521 2436
f 2436 2521 2522
f 2436 2522 2396
f 2396 2522 2523
f 2396 2523 1968
f 1968 2523 1969
f 2017 2016 2416
f 2017 2416 2524
f 2524 2416 2415
f 2524 2415 2525
f 2525 2415 2407
f 2525 2407 2526
f 2526 2407 2406
f 2526 2406 2527
f 2527 2406 2405
f 2527 2405 2528
f 2528 2405 2404
f 2528 2404 2529
f 2529 2404 2403
f 2529 2403 2530
f 2530 2403 2401
f 2530 2401 2531
f 2531 2401 2402
f 2531 2402 2532
f 2532 2402 2413
f 2532 2413 2533
f 2533 2413 2412
f 2533 2412 2534
f 2534 2412 2397
f 2534 2397 2535
f 2535 2397 2399
f 2535 2399 2536
f 2536 2399 2411
f 2536 2411 2537
f 2537 2411 2408
f 2537 2408 2538
f 2538 2408 2409
f 2538 2409 2539
f 2539 2409 1983
f 2539 1983 1982
f 2460 1797 2461
f 2461 1797 1795
f 2457 1799 2458
f 2458 1799 1797
f 2458 1797 2459
f 2459 1797 2460
f 1789 1787 1791
f 1791 1787 2461
f 1791 2461 1793
f 1793 2461 1795
f 2465 1811 2466
f 2466 1811 1809
f 2462 1813 2463
f 2463 1813 1811
f 2463 1811 2464
f 2464 1811 2465
f 1803 1801 1805
f 1805 1801 2466
f 1805 2466 1807
f 1807 2466 1809
f 2470 1825 2471
f 2471 1825 1823
f 2467 1827 2468
f 2468 1827 1825
f 2468 1825 2469
f 2469 1825 2470
f 1817 1815 1819
f 1819 1815 2471
f 1819 2471 1821
f 1821 2471 1823
f 2475 1839 2476
f 2476 1839 1837
f 2472 1841 2473
f 2473 1841 1839
f 2473 1839 2474
f 2474 1839 2475
f 1831 1829 1833
f 1833 1829 2476
f 1833 2476 1835
f 1835 2476 1837
f 2480 1853 2481
f 2481 1853 1851
f 2477 1855 2478
f 2478 1855 1853
f 2478 1853 2479
f 2479 1853 2480
f 1845 1843 1847
f 1847 1843 2481
f 1847 2481 1849
f 1849 2481 1851
f 2485 1867 2486
f 2486 1867 1865
f 2482 1869 2483
f 2483 1869 1867
f 2483 1867 2484
f 2484 1867 2485
f 1859 1857 1861
f 1861 1857 2486
f 1861 2486 1863
f 1863 2486 1865
f 2018 2490 2489
f 2491 2490 2018
f 1871 2491 2018
f 2018 2487 1883
f 2488 2487 2018
f 2489 2488 2018
f 2019 2495 2494
f 2496 2495 2019
f 1885 2496 2019
f 2019 2492 1897
f 2493 2492 2019
f 2494 2493 2019
f 2020 2497 1911
f 2498 2497 2020
f 2022 2498 2020
f 2020 1907 1905
f 1909 1907 2020
f 1911 1909 2020
f 2024 2502 2501
f 2503 2502 2024
f 1913 2503 2024
f 2024 2499 1925
f 2500 2499 2024
f 2501 2500 2024
f 2025 2507 2506
f 2508 2507 2025
f 1927 2508 2025
f 2025 2504 1939
f 2505 2504 2025
f 2506 2505 2025
f 2026 2512 2511
f 2513 2512 2026
f 1941 2513 2026
f 2026 2509 1953
f 2510 2509 2026
f 2511 2510 2026
f 2027 2517 2516
f 2518 2517 2027
f 1955 2518 2027
f 2027 2514 1967
f 2515 2514 2027
f 2516 2515 2027
f 2028 2522 2521
f 2523 2522 2028
f 1969 2523 2028
f 2028 2519 1981
f 2520 2519 2028
f 2521 2520 2028
f 2046 2017 2524
f 2046 2524 2540
f 2540 2524 2525
f 2540 2525 2541
f 2541 2525 2526
f 2541 2526 2542
f 2542 2526 2527
f 2542 2527 2543
f 2543 2527 2528
f 2543 2528 2544
f 2544 2528 2529
f 2544 2529 2545
f 2545 2529 2530
f 2545 2530 2546
f 2546 2530 2531
f 2546 2531 2547
f 2547 2531 2532
f 2547 2532 2548
f 2548 2532 2533
f 2548 2533 2549
f 2549 2533 2534
f 2549 2534 2550
f 2550 2534 2535
f 2550 2535 2551
f 2551 2535 2536
f 2551 2536 2552
f 2552 2536 2537
f 2552 2537 2553
f 2553 2537 2538
f 2553 2538 2554
f 2554 2538 2539
f 2554 2539 2555
f 2555 2539 1982
f 2555 1982 2029
f 2071 2542 2069
f 2069 2542 2543
f 2069 2543 2067
f 2067 2543 2544
f 2067 2544 2065
f 2065 2544 2545
f 2065 2545 2063
f 2556 2043 2557
f 2557 2043 2044
f 2557 2044 2558
f 2558 2044 2045
f 2558 2045 2075
f 2075 2045 2046
f 2075 2046 2073
f 2073 2046 2540
f 2073 2540 2071
f 2071 2540 2541
f 2071 2541 2542
f 2559 2037 2560
f 2560 2037 2038
f 2560 2038 2561
f 2561 2038 2039
f 2561 2039 2562
f 2562 2039 2040
f 2562 2040 2563
f 2563 2040 2041
f 2563 2041 2556
f 2556 2041 2042
f 2556 2042 2043
f 2053 2553 2051
f 2051 2553 2554
f 2051 2554 2049
f 2049 2554 2555
f 2049 2555 2047
f 2047 2555 2029
f 2047 2029 2564
f 2564 2029 2030
f 2564 2030 2565
f 2545 2546 2063
f 2063 2546 2547
f 2063 2547 2061
f 2061 2547 2548
f 2061 2548 2059
f 2059 2548 2549
f 2059 2549 2057
f 2057 2549 2550
f 2057 2550 2055
f 2055 2550 2551
f 2055 2551 2053
f 2053 2551 2552
f 2053 2552 2553
f 2030 2031 2565
f 2565 2031 2032
f 2565 2032 2566
f 2566 2032 2033
f 2566 2033 2567
f 2567 2033 2034
f 2567 2034 2568
f 2568 2034 2035
f 2568 2035 2559
f 2559 2035 2036
f 2559 2036 2037
f 2075 2076 2558
f 2558 2076 2569
f 2558 2569 2557
f 2557 2569 2570
f 2557 2570 2556
f 2556 2570 2571
f 2556 2571 2563
f 2563 2571 2572
f 2563 2572 2562
f 2562 2572 2573
f 2562 2573 2561
f 2561 2573 2574
f 2561 2574 2560
f 2560 2574 2575
f 2560 2575 2559
f 2559 2575 2576
f 2559 2576 2568
f 2568 2576 2577
f 2568 2577 2567
f 2567 2577 2578
f 2567 2578 2566
f 2566 2578 2579
f 2566 2579 2565
f 2565 2579 2580
f 2565 2580 2564
f 2564 2580 2581
f 2564 2581 2047
f 2047 2581 2048
f 2582 2060 2583
f 2583 2060 2058
f 2583 2058 2584
f 2584 2058 2056
f 2584 2056 2585
f 2585 2056 2054
f 2585 2054 2586
f 2586 2054 2052
f 2586 2052 2587
f 2587 2052 2050
f 2587 2050 2078
f 2078 2050 2048
f 2078 2048 2079
f 2079 2048 2581
f 2079 2581 2081
f 2081 2581 2580
f 2081 2580 2083
f 2083 2580 2579
f 2083 2579 2085
f 2085 2579 2578
f 2085 2578 2087
f 2087 2578 2577
f 2087 2577 2089
f 2089 2577 2576
f 2089 2576 2091
f 2091 2576 2575
f 2091 2575 2093
f 2093 2575 2574
f 2093 2574 2095
f 2095 2574 2573
f 2095 2573 2097
f 2097 2573 2572
f 2097 2572 2099
f 2099 2572 2571
f 2099 2571 2101
f 2101 2571 2570
f 2101 2570 2103
f 2103 2570 2569
f 2103 2569 2105
f 2105 2569 2076
f 2105 2076 2588
f 2588 2076 2074
f 2588 2074 2589
f 2589 2074 2072
f 2589 2072 2590
f 2590 2072 2070
f 2590 2070 2591
f 2591 2070 2068
f 2591 2068 2592
f 2592 2068 2066
f 2592 2066 2593
f 2593 2066 2064
f 2593 2064 2594
f 2594 2064 2062
f 2594 2062 2582
f 2582 2062 2060
f 2106 2105 2588
f 2106 2588 2595
f 2595 2588 2589
f 2595 2589 2596
f 2596 2589 2590
f 2596 2590 2597
f 2597 2590 2591
f 2597 2591 2598
f 2598 2591 2592
f 2598 2592 2599
f 2599 2592 2593
f 2599 2593 2600
f 2600 2593 2594
f 2600 2594 2108
f 2108 2594 2582
f 2108 2582 2109
f 2109 2582 2583
f 2109 2583 2111
f 2111 2583 2584
f 2111 2584 2113
f 2113 2584 2585
f 2113 2585 2115
f 2115 2585 2586
f 2115 2586 2117
f 2117 2586 2587
f 2117 2587 2119
f 2119 2587 2078
f 2119 2078 2077
f 2128 2092 2094
f 2128 2094 2601
f 2601 2094 2096
f 2601 2096 2602
f 2602 2096 2098
f 2602 2098 2603
f 2603 2098 2100
f 2603 2100 2604
f 2604 2100 2102
f 2604 2102 2605
f 2605 2102 2104
f 2605 2104 2606
f 2606 2104 2106
f 2606 2106 2607
f 2607 2106 2595
f 2607 2595 2608
f 2608 2595 2596
f 2608 2596 2609
f 2609 2596 2610
f 2610 2596 2597
f 2610 2597 2611
f 2611 2597 2598
f 2611 2598 2612
f 2612 2598 2599
f 2612 2599 2613
f 2613 2599 2600
f 2613 2600 2614
f 2614 2600 2108
f 2614 2108 2107
f 2232 2615 2118
f 2121 2228 2230
f 2228 2121 2226
f 2226 2121 2616
f 2226 2616 2224
f 2232 2118 2230
f 2230 2118 2120
f 2230 2120 2121
f 2224 2616 2222
f 2222 2616 2617
f 2222 2617 2219
f 2618 2619 2620
f 2620 2619 2621
f 2620 2621 2622
f 2623 2624 2625
f 2625 2624 2626
f 2208 2627 2205
f 2205 2627 2628
f 2205 2628 2629
f 2208 2210 2627
f 2627 2210 2212
f 2627 2212 2630
f 2212 2214 2630
f 2630 2214 2216
f 2630 2216 2218
f 2631 2190 2617
f 2617 2190 2622
f 2617 2622 2219
f 2219 2622 2621
f 2190 2188 2622
f 2622 2188 2186
f 2622 2186 2632
f 2633 2634 2635
f 2635 2634 2636
f 2637 2638 2633
f 2633 2638 2639
f 2633 2639 2634
f 2172 2640 2641
f 2641 2640 2642
f 2641 2642 2637
f 2637 2642 2643
f 2637 2643 2638
f 2174 2630 2624
f 2624 2630 2218
f 2624 2218 2626
f 2644 2178 2624
f 2624 2178 2176
f 2624 2176 2174
f 2186 2184 2632
f 2632 2184 2182
f 2632 2182 2644
f 2644 2182 2180
f 2644 2180 2178
f 2605 2606 2167
f 2167 2606 2627
f 2167 2627 2165
f 2645 2641 2646
f 2646 2641 2647
f 2645 2157 2641
f 2641 2157 2630
f 2641 2630 2172
f 2172 2630 2174
f 2157 2159 2630
f 2630 2159 2161
f 2630 2161 2627
f 2627 2161 2163
f 2627 2163 2165
f 2169 2648 2649
f 2649 2648 2650
f 2649 2650 2647
f 2141 2651 2652
f 2652 2651 2653
f 2652 2653 2654
f 2139 2616 2137
f 2137 2616 2135
f 2135 2616 2133
f 2133 2616 2121
f 2133 2121 2131
f 2131 2121 2122
f 2131 2122 2129
f 2129 2122 2123
f 2129 2123 2655
f 2656 2613 2657
f 2657 2613 2155
f 2657 2155 2658
f 2659 2660 2661
f 2661 2660 2657
f 2661 2657 2662
f 2662 2657 2658
f 2663 2143 2112
f 2112 2143 2145
f 2112 2145 2110
f 2110 2145 2147
f 2110 2147 2107
f 2107 2147 2149
f 2107 2149 2614
f 2614 2149 2151
f 2614 2151 2613
f 2613 2151 2153
f 2613 2153 2155
f 2628 2610 2664
f 2664 2610 2611
f 2664 2611 2656
f 2656 2611 2612
f 2656 2612 2613
f 2606 2607 2627
f 2627 2607 2608
f 2627 2608 2628
f 2628 2608 2609
f 2628 2609 2610
f 2665 2666 2667
f 2667 2666 2668
f 2667 2668 2669
f 2665 2670 2666
f 2666 2670 2602
f 2666 2602 2671
f 2671 2602 2603
f 2671 2603 2672
f 2672 2603 2604
f 2672 2604 2605
f 2670 2191 2602
f 2602 2191 2194
f 2602 2194 2601
f 2601 2194 2196
f 2601 2196 2128
f 2128 2196 2198
f 2128 2198 2127
f 2127 2198 2200
f 2127 2200 2126
f 2200 2202 2126
f 2126 2202 2204
f 2126 2204 2668
f 2668 2204 2673
f 2668 2673 2669
f 2124 2125 2674
f 2674 2125 2126
f 2674 2126 2675
f 2675 2126 2668
f 2659 2663 2660
f 2660 2663 2112
f 2660 2112 2676
f 2676 2112 2114
f 2676 2114 2677
f 2677 2114 2116
f 2677 2116 2118
f 2139 2141 2616
f 2616 2141 2652
f 2616 2652 2617
f 2617 2652 2635
f 2617 2635 2631
f 2631 2635 2636
f 2615 2678 2118
f 2118 2678 2618
f 2118 2618 2677
f 2677 2618 2620
f 2677 2620 2676
f 2676 2620 2622
f 2676 2622 2660
f 2660 2622 2632
f 2660 2632 2657
f 2657 2632 2644
f 2657 2644 2656
f 2656 2644 2624
f 2656 2624 2664
f 2664 2624 2623
f 2664 2623 2628
f 2628 2623 2679
f 2628 2679 2629
f 2167 2169 2605
f 2605 2169 2649
f 2605 2649 2672
f 2672 2649 2647
f 2672 2647 2671
f 2671 2647 2641
f 2671 2641 2666
f 2666 2641 2637
f 2666 2637 2668
f 2668 2637 2633
f 2668 2633 2675
f 2675 2633 2635
f 2675 2635 2674
f 2674 2635 2652
f 2674 2652 2124
f 2124 2652 2654
f 2124 2654 2123
f 2123 2654 2680
f 2123 2680 2655
f 2141 2142 2651
f 2651 2142 2681
f 2651 2681 2653
f 2653 2681 2682
f 2653 2682 2654
f 2654 2682 2683
f 2654 2683 2680
f 2680 2683 2684
f 2680 2684 2655
f 2655 2684 2685
f 2655 2685 2129
f 2129 2685 2130
f 2155 2156 2658
f 2658 2156 2686
f 2658 2686 2662
f 2662 2686 2687
f 2662 2687 2661
f 2661 2687 2688
f 2661 2688 2659
f 2659 2688 2689
f 2659 2689 2663
f 2663 2689 2690
f 2663 2690 2143
f 2143 2690 2144
f 2169 2170 2648
f 2648 2170 2691
f 2648 2691 2650
f 2650 2691 2692
f 2650 2692 2647
f 2647 2692 2693
f 2647 2693 2646
f 2646 2693 2694
f 2646 2694 2645
f 2645 2694 2695
f 2645 2695 2157
f 2157 2695 2158
f 2189 2190 2696
f 2696 2190 2631
f 2696 2631 2697
f 2697 2631 2636
f 2697 2636 2698
f 2698 2636 2634
f 2698 2634 2699
f 2699 2634 2639
f 2699 2639 2700
f 2700 2639 2638
f 2700 2638 2701
f 2701 2638 2643
f 2701 2643 2702
f 2702 2643 2642
f 2702 2642 2703
f 2703 2642 2640
f 2703 2640 2171
f 2171 2640 2172
f 2204 2203 2704
f 2204 2704 2673
f 2673 2704 2705
f 2673 2705 2669
f 2669 2705 2706
f 2669 2706 2667
f 2667 2706 2707
f 2667 2707 2665
f 2665 2707 2708
f 2665 2708 2670
f 2670 2708 2192
f 2670 2192 2191
f 2218 2217 2709
f 2218 2709 2626
f 2626 2709 2710
f 2626 2710 2625
f 2625 2710 2711
f 2625 2711 2623
f 2623 2711 2712
f 2623 2712 2679
f 2679 2712 2713
f 2679 2713 2629
f 2629 2713 2206
f 2629 2206 2205
f 2232 2231 2714
f 2232 2714 2615
f 2615 2714 2715
f 2615 2715 2678
f 2678 2715 2716
f 2678 2716 2618
f 2618 2716 2717
f 2618 2717 2619
f 2619 2717 2718
f 2619 2718 2621
f 2621 2718 2220
f 2621 2220 2219
f 2140 2138 2130
f 2140 2130 2142
f 2142 2130 2685
f 2142 2685 2684
f 2138 2136 2130
f 2130 2136 2134
f 2130 2134 2132
f 2684 2683 2142
f 2142 2683 2682
f 2142 2682 2681
f 2154 2152 2144
f 2154 2144 2156
f 2156 2144 2690
f 2156 2690 2689
f 2152 2150 2144
f 2144 2150 2148
f 2144 2148 2146
f 2689 2688 2156
f 2156 2688 2687
f 2156 2687 2686
f 2168 2166 2158
f 2168 2158 2170
f 2170 2158 2695
f 2170 2695 2694
f 2166 2164 2158
f 2158 2164 2162
f 2158 2162 2160
f 2694 2693 2170
f 2170 2693 2692
f 2170 2692 2691
f 2171 2242 2703
f 2703 2242 2719
f 2703 2719 2702
f 2702 2719 2720
f 2702 2720 2701
f 2701 2720 2721
f 2701 2721 2700
f 2700 2721 2722
f 2700 2722 2699
f 2699 2722 2723
f 2699 2723 2698
f 2698 2723 2724
f 2698 2724 2697
f 2697 2724 2725
f 2697 2725 2696
f 2696 2725 2726
f 2696 2726 2189
f 2189 2726 2233
f 2708 2707 2192
f 2192 2707 2706
f 2201 2199 2203
f 2203 2199 2197
f 2704 2203 2705
f 2705 2203 2197
f 2705 2197 2706
f 2706 2197 2195
f 2706 2195 2192
f 2192 2195 2193
f 2713 2712 2206
f 2206 2712 2711
f 2215 2213 2217
f 2217 2213 2211
f 2709 2217 2710
f 2710 2217 2211
f 2710 2211 2711
f 2711 2211 2209
f 2711 2209 2206
f 2206 2209 2207
f 2718 2717 2220
f 2220 2717 2716
f 2229 2227 2231
f 2231 2227 2225
f 2714 2231 2715
f 2715 2231 2225
f 2715 2225 2716
f 2716 2225 2223
f 2716 2223 2220
f 2220 2223 2221
f 2727 2728 2240
f 2251 2720 2253
f 2253 2720 2719
f 2253 2719 2255
f 2255 2719 2242
f 2255 2242 2728
f 2728 2242 2241
f 2728 2241 2240
f 2247 2723 2249
f 2249 2723 2722
f 2249 2722 2251
f 2251 2722 2721
f 2251 2721 2720
f 2729 2235 2730
f 2730 2235 2234
f 2730 2234 2244
f 2244 2234 2233
f 2244 2233 2245
f 2240 2239 2727
f 2727 2239 2238
f 2727 2238 2731
f 2731 2238 2237
f 2731 2237 2729
f 2729 2237 2236
f 2729 2236 2235
f 2233 2726 2245
f 2245 2726 2725
f 2245 2725 2247
f 2247 2725 2724
f 2247 2724 2723
f 2256 2255 2728
f 2256 2728 2732
f 2732 2728 2727
f 2732 2727 2733
f 2733 2727 2731
f 2733 2731 2734
f 2734 2731 2729
f 2734 2729 2735
f 2735 2729 2730
f 2735 2730 2736
f 2736 2730 2244
f 2736 2244 2243
f 2263 2256 2732
f 2263 2732 2737
f 2737 2732 2733
f 2737 2733 2738
f 2738 2733 2734
f 2738 2734 2739
f 2739 2734 2735
f 2739 2735 2740
f 2740 2735 2736
f 2740 2736 2741
f 2741 2736 2243
f 2741 2243 2257
f 2742 2258 2743
f 2743 2258 2259
f 2743 2259 2744
f 2744 2259 2260
f 2744 2260 2745
f 2745 2260 2261
f 2745 2261 2746
f 2746 2261 2262
f 2746 2262 2276
f 2276 2262 2263
f 2276 2263 2274
f 2274 2263 2737
f 2274 2737 2272
f 2272 2737 2738
f 2272 2738 2270
f 2270 2738 2739
f 2270 2739 2268
f 2268 2739 2740
f 2268 2740 2266
f 2266 2740 2741
f 2266 2741 2264
f 2264 2741 2257
f 2264 2257 2742
f 2742 2257 2258
f 2276 2277 2746
f 2746 2277 2747
f 2746 2747 2745
f 2745 2747 2748
f 2745 2748 2744
f 2744 2748 2749
f 2744 2749 2743
f 2743 2749 2750
f 2743 2750 2742
f 2742 2750 2751
f 2742 2751 2264
f 2264 2751 2265
f 2267 2265 2751
f 2747 2277 2275
f 2749 2748 2747
f 2271 2269 2267
f 2749 2747 2750
f 2750 2747 2751
f 2751 2747 2275
f 2751 2275 2267
f 2267 2275 2273
f 2267 2273 2271
f 2752 2753 2754
f 2754 2753 2755
f 2754 2755 2756
f 2756 2755 2757
f 2756 2757 2758
f 2758 2757 2759
f 2758 2759 2760
f 2760 2759 2761
f 2760 2761 2762
f 2762 2761 2763
f 2762 2763 2764
f 2764 2763 2765
f 2766 2767 2768
f 2768 2767 2769
f 2768 2769 2770
f 2770 2769 2771
f 2770 2771 2772
f 2772 2771 2773
f 2772 2773 2774
f 2774 2773 2775
f 2774 2775 2776
f 2776 2775 2777
f 2776 2777 2778
f 2778 2777 2779
f 2780 2781 2782
f 2780 2782 2783
f 2783 2782 2784
f 2783 2784 2785
f 2785 2784 2786
f 2785 2786 2787
f 2787 2786 2788
f 2787 2788 2789
f 2789 2788 2790
f 2789 2790 2791
f 2791 2790 2792
f 2791 2792 2793
f 2793 2792 2794
f 2793 2794 2795
f 2796 2797 2798
f 2796 2798 2799
f 2799 2798 2800
f 2799 2800 2801
f 2801 2800 2802
f 2801 2802 2803
f 2803 2802 2804
f 2803 2804 2805
f 2805 2804 2806
f 2805 2806 2807
f 2807 2806 2808
f 2807 2808 2809
f 2809 2808 2810
f 2809 2810 2811
f 2811 2810 2812
f 2811 2812 2813
f 2813 2812 2814
f 2813 2814 2815
f 2815 2814 2816
f 2815 2816 2817
f 2817 2816 2818
f 2817 2818 2819
f 2819 2818 2820
f 2819 2820 2821
f 2821 2820 2822
f 2821 2822 2823
f 2823 2822 2824
f 2823 2824 2825
f 2825 2824 2826
f 2825 2826 2827
f 2827 2826 2828
f 2827 2828 2829
f 2829 2828 2830
f 2829 2830 2831
f 2831 2830 2832
f 2831 2832 2833
f 2833 2832 2781
f 2833 2781 2780
f 2834 2752 2835
f 2835 2752 2754
f 2835 2754 2836
f 2836 2754 2756
f 2836 2756 2837
f 2837 2756 2758
f 2837 2758 2838
f 2838 2758 2760
f 2838 2760 2839
f 2839 2760 2762
f 2839 2762 2840
f 2840 2762 2764
f 2841 2766 2842
f 2842 2766 2768
f 2842 2768 2843
f 2843 2768 2770
f 2843 2770 2844
f 2844 2770 2772
f 2844 2772 2845
f 2845 2772 2774
f 2845 2774 2846
f 2846 2774 2776
f 2846 2776 2847
f 2847 2776 2778
f 2848 2794 2792
f 2848 2849 2850
f 2850 2849 2851
f 2852 2853 2851
f 2851 2853 2854
f 2851 2854 2850
f 2855 2856 2857
f 2857 2856 2858
f 2857 2858 2852
f 2852 2858 2859
f 2852 2859 2853
f 2855 2857 2860
f 2860 2857 2861
f 2860 2861 2862
f 2863 2864 2861
f 2861 2864 2865
f 2861 2865 2862
f 2866 2867 2863
f 2863 2867 2868
f 2863 2868 2864
f 2869 2870 2871
f 2871 2870 2872
f 2871 2872 2866
f 2866 2872 2873
f 2866 2873 2867
f 2869 2871 2874
f 2874 2871 2875
f 2874 2875 2876
f 2876 2875 2877
f 2876 2877 2878
f 2878 2877 2879
f 2878 2879 2880
f 2880 2879 2881
f 2880 2881 2882
f 2882 2881 2883
f 2882 2883 2884
f 2884 2883 2885
f 2884 2885 2797
f 2848 2792 2849
f 2849 2792 2790
f 2849 2790 2886
f 2886 2790 2788
f 2886 2788 2887
f 2887 2788 2786
f 2887 2786 2888
f 2888 2786 2784
f 2888 2784 2889
f 2889 2784 2782
f 2889 2782 2890
f 2890 2782 2781
f 2890 2781 2891
f 2892 2834 2893
f 2893 2834 2835
f 2893 2835 2894
f 2894 2835 2836
f 2894 2836 2895
f 2895 2836 2837
f 2895 2837 2896
f 2896 2837 2838
f 2896 2838 2897
f 2897 2838 2839
f 2897 2839 2898
f 2898 2839 2840
f 2899 2841 2900
f 2900 2841 2842
f 2900 2842 2901
f 2901 2842 2843
f 2901 2843 2902
f 2902 2843 2844
f 2902 2844 2903
f 2903 2844 2845
f 2903 2845 2904
f 2904 2845 2846
f 2904 2846 2905
f 2905 2846 2847
f 2906 2907 2908
f 2909 2910 2911
f 2911 2910 2912
f 2912 2910 2913
f 2912 2913 2914
f 2915 2916 2917
f 2915 2917 2918
f 2917 2906 2918
f 2918 2906 2908
f 2918 2908 2919
f 2919 2908 2920
f 2919 2920 2921
f 2921 2920 2922
f 2921 2922 2923
f 2923 2922 2924
f 2923 2924 2925
f 2925 2924 2926
f 2925 2926 2927
f 2927 2926 2928
f 2927 2928 2929
f 2929 2928 2930
f 2929 2930 2931
f 2931 2930 2932
f 2931 2932 2933
f 2933 2932 2934
f 2933 2934 2935
f 2935 2934 2936
f 2935 2936 2937
f 2937 2936 2938
f 2937 2938 2939
f 2939 2938 2940
f 2939 2940 2941
f 2941 2940 2942
f 2941 2942 2943
f 2943 2942 2944
f 2943 2944 2945
f 2945 2944 2946
f 2945 2946 2947
f 2947 2946 2948
f 2947 2948 2949
f 2949 2948 2950
f 2949 2950 2911
f 2911 2950 2951
f 2911 2951 2909
f 2952 2953 2954
f 2955 2952 2956
f 2956 2952 2954
f 2956 2954 2957
f 2953 2958 2954
f 2954 2958 2959
f 2954 2959 2960
f 2961 2962 2963
f 2964 2965 2966
f 2966 2965 2967
f 2966 2967 2968
f 2968 2967 2969
f 2970 2971 2969
f 2969 2971 2972
f 2969 2972 2968
f 2973 2974 2970
f 2970 2974 2975
f 2970 2975 2971
f 2976 2977 2973
f 2973 2977 2978
f 2973 2978 2974
f 2979 2980 2976
f 2976 2980 2981
f 2976 2981 2977
f 2982 2983 2979
f 2979 2983 2984
f 2979 2984 2980
f 2985 2986 2982
f 2982 2986 2987
f 2982 2987 2983
f 2988 2989 2985
f 2985 2989 2990
f 2985 2990 2986
f 2959 2991 2960
f 2960 2991 2992
f 2960 2992 2988
f 2988 2992 2993
f 2988 2993 2989
f 2963 2994 2961
f 2961 2994 2995
f 2961 2995 2996
f 2995 2997 2996
f 2996 2997 2998
f 2996 2998 2999
f 2998 3000 2999
f 2999 3000 3001
f 2999 3001 3002
f 3001 3003 3002
f 3002 3003 3004
f 3002 3004 3005
f 3004 3006 3005
f 3005 3006 3007
f 3005 3007 3008
f 3007 3009 3008
f 3008 3009 3010
f 3008 3010 3011
f 3010 3012 3011
f 3011 3012 3013
f 3011 3013 3014
f 3013 3015 3014
f 3014 3015 3016
f 3014 3016 3017
f 3016 3018 3017
f 3017 3018 3019
f 3017 3019 2954
f 2954 3019 3020
f 2954 3020 2957
f 3021 3022 3023
f 3021 3023 3024
f 3024 3023 3025
f 3024 3025 3026
f 3026 3025 3027
f 3026 3027 3028
f 3028 3027 3029
f 3029 3027 3030
f 3029 3030 3031
f 3031 3030 3032
f 3031 3032 3033
f 3033 3032 3034
f 3033 3034 3035
f 3036 3037 3038
f 3038 3037 3039
f 3038 3039 3040
f 3040 3039 3041
f 3040 3041 3042
f 3042 3041 3043
f 3044 3045 3046
f 3046 3045 3047
f 3046 3047 3048
f 3048 3047 3049
f 3048 3049 3050
f 2789 3051 2787
f 2787 3051 3052
f 2787 3052 2785
f 2785 3052 2783
f 3053 3054 3055
f 3055 3054 3056
f 3055 3056 3050
f 3050 3056 3057
f 3050 3057 3048
f 3058 3059 3060
f 3060 3059 3061
f 3060 3061 2795
f 2795 3061 3062
f 2795 3062 2793
f 2793 3062 3063
f 2793 3063 2791
f 2791 3063 2789
f 3052 3064 2783
f 2783 3064 3065
f 2783 3065 2780
f 2780 3065 2779
f 2780 2779 2833
f 2799 2801 2759
f 2759 2801 2803
f 2759 2803 2761
f 2761 2803 2805
f 2761 2805 2807
f 3066 3067 3068
f 3068 3067 3069
f 3068 3069 3044
f 3044 3069 3070
f 3044 3070 3045
f 2779 2777 2833
f 2833 2777 2775
f 2833 2775 2831
f 2831 2775 2773
f 2823 2825 2771
f 2771 2825 2827
f 2771 2827 2773
f 2773 2827 2829
f 2773 2829 2831
f 2759 2757 2799
f 2799 2757 2755
f 2799 2755 2796
f 2796 2755 2753
f 2796 2753 3053
f 3053 2753 3071
f 3053 3071 3054
f 3072 3073 3051
f 3074 3075 3057
f 3057 3075 3076
f 3051 3073 3077
f 2811 2813 2769
f 2769 2813 2815
f 2815 2817 2769
f 2769 2817 2819
f 2769 2819 2771
f 2771 2819 2821
f 2771 2821 2823
f 2789 3063 3051
f 3051 3063 3078
f 3051 3078 3072
f 3076 3079 3057
f 3057 3079 3080
f 3057 3080 3048
f 3073 3081 3077
f 3077 3081 3082
f 3077 3082 3083
f 2807 2809 2761
f 2761 2809 2811
f 2761 2811 2763
f 2763 2811 2769
f 2763 2769 2765
f 2765 2769 2767
f 2765 2767 3084
f 3084 2767 3077
f 3084 3077 3057
f 3057 3077 3083
f 3057 3083 3074
f 2764 2765 3085
f 3085 2765 3084
f 3085 3084 3086
f 3086 3084 3057
f 3086 3057 3087
f 3087 3057 3056
f 3087 3056 3088
f 3088 3056 3054
f 3088 3054 3089
f 3089 3054 3071
f 3089 3071 2752
f 2752 3071 2753
f 2778 2779 3090
f 3090 2779 3065
f 3090 3065 3091
f 3091 3065 3064
f 3091 3064 3092
f 3092 3064 3052
f 3092 3052 3093
f 3093 3052 3051
f 3093 3051 3094
f 3094 3051 3077
f 3094 3077 2766
f 2766 3077 2767
f 3044 3046 3095
f 3095 3046 3096
f 3070 2869 2874
f 3070 2874 3045
f 3045 2874 2876
f 3045 2876 3047
f 3047 2876 2878
f 3047 2878 3049
f 3049 2878 2880
f 3049 2880 3050
f 3050 2880 2882
f 3050 2882 3055
f 3055 2882 2884
f 3055 2884 3053
f 3053 2884 2797
f 3053 2797 2796
f 3097 3098 3062
f 3062 3098 3063
f 3099 3083 3100
f 3100 3083 3082
f 3100 3082 3101
f 3101 3082 3081
f 3101 3081 3102
f 3102 3081 3073
f 3102 3073 3103
f 3103 3073 3072
f 3103 3072 3104
f 3104 3072 3078
f 3104 3078 3098
f 3098 3078 3063
f 3074 3083 3105
f 3105 3083 3099
f 3096 3046 3106
f 3106 3046 3048
f 3106 3048 3107
f 3107 3048 3080
f 3107 3080 3108
f 3108 3080 3079
f 3108 3079 3109
f 3109 3079 3076
f 3109 3076 3110
f 3110 3076 3075
f 3110 3075 3105
f 3105 3075 3074
f 2840 2764 3111
f 3111 2764 3085
f 3111 3085 3112
f 3112 3085 3086
f 3112 3086 3113
f 3113 3086 3087
f 3113 3087 3114
f 3114 3087 3088
f 3114 3088 3115
f 3115 3088 3089
f 3115 3089 2834
f 2834 3089 2752
f 2847 2778 3116
f 3116 2778 3090
f 3116 3090 3117
f 3117 3090 3091
f 3117 3091 3118
f 3118 3091 3092
f 3118 3092 3119
f 3119 3092 3093
f 3119 3093 3120
f 3120 3093 3094
f 3120 3094 2841
f 2841 3094 2766
f 3121 3122 3123
f 3123 3122 3095
f 3123 3095 3124
f 3124 3095 3096
f 2891 2781 2832
f 2891 2832 3125
f 3125 2832 2830
f 3125 2830 3126
f 3126 2830 2828
f 3126 2828 3127
f 3127 2828 2826
f 3127 2826 3128
f 3128 2826 2824
f 3128 2824 3129
f 3129 2824 2822
f 3129 2822 3130
f 3130 2822 2820
f 3130 2820 3131
f 3131 2820 2818
f 3131 2818 3132
f 3132 2818 2816
f 3132 2816 3133
f 3133 2816 2814
f 3133 2814 3134
f 3134 2814 2812
f 3134 2812 3135
f 3135 2812 2810
f 3135 2810 3136
f 3136 2810 2808
f 3136 2808 3137
f 3137 2808 2806
f 3137 2806 3138
f 3138 2806 2804
f 3138 2804 3139
f 3139 2804 2802
f 3139 2802 3140
f 3140 2802 2800
f 3140 2800 3141
f 3141 2800 2798
f 3141 2798 3142
f 3142 2798 2797
f 3142 2797 2885
f 3143 3144 3145
f 3146 3098 3145
f 3145 3098 3097
f 3145 3097 3143
f 3147 3099 3100
f 3147 3100 3148
f 3100 3101 3148
f 3148 3101 3102
f 3148 3102 3149
f 3098 3146 3104
f 3104 3146 3149
f 3104 3149 3103
f 3103 3149 3102
f 3150 3151 3152
f 3099 3147 3153
f 3153 3154 3099
f 3099 3154 3150
f 3099 3150 3105
f 3105 3150 3152
f 3124 3096 3106
f 3124 3106 3155
f 3106 3107 3155
f 3155 3107 3108
f 3155 3108 3156
f 3105 3152 3110
f 3110 3152 3156
f 3110 3156 3109
f 3109 3156 3108
f 2898 2840 3157
f 3157 2840 3111
f 3157 3111 3158
f 3158 3111 3112
f 3158 3112 3159
f 3159 3112 3113
f 3159 3113 3160
f 3160 3113 3114
f 3160 3114 3161
f 3161 3114 3115
f 3161 3115 2892
f 2892 3115 2834
f 2905 2847 3162
f 3162 2847 3116
f 3162 3116 3163
f 3163 3116 3117
f 3163 3117 3164
f 3164 3117 3118
f 3164 3118 3165
f 3165 3118 3119
f 3165 3119 3166
f 3166 3119 3120
f 3166 3120 2899
f 2899 3120 2841
f 3167 3168 3169
f 3169 3170 3167
f 3167 3170 3171
f 3167 3171 2869
f 2869 3171 3172
f 2869 3172 2870
f 3173 3174 3175
f 3175 3174 3095
f 3175 3095 3122
f 3175 3176 3173
f 3173 3176 3177
f 3173 3177 3168
f 3168 3177 3178
f 3168 3178 3169
f 3155 3179 3124
f 3124 3179 3180
f 3124 3180 3123
f 3123 3180 3181
f 3151 3182 3152
f 3152 3182 3183
f 3152 3183 3156
f 3156 3183 3184
f 3156 3184 3155
f 3155 3184 3185
f 3155 3185 3179
f 3181 3186 3187
f 3188 3189 3190
f 2912 2914 3191
f 3191 2914 3188
f 3192 3193 3194
f 2916 2915 3194
f 3194 2915 3195
f 3195 2957 3020
f 3123 3004 3121
f 3121 3004 3003
f 3121 3003 3196
f 3003 3001 3196
f 3196 3001 3000
f 3196 3000 3197
f 2995 3198 2997
f 2997 3198 3197
f 2997 3197 2998
f 2998 3197 3000
f 3199 3200 2963
f 2963 3200 3198
f 2963 3198 2994
f 2994 3198 2995
f 3199 3201 3200
f 3200 3201 3202
f 3200 3202 3203
f 3202 3204 3203
f 3203 3204 3205
f 3203 3205 3206
f 3207 3208 3209
f 3209 3145 3210
f 3210 3145 3144
f 3210 3144 3211
f 3211 3144 3206
f 3211 3206 3212
f 3212 3206 3205
f 3195 3020 3194
f 3194 3020 3019
f 3194 3019 3192
f 3192 3019 3018
f 3192 3018 3213
f 3018 3016 3213
f 3213 3016 3015
f 3213 3015 3214
f 3015 3013 3214
f 3214 3013 3012
f 3214 3012 3215
f 3012 3010 3215
f 3215 3010 3009
f 3215 3009 3216
f 3123 3181 3004
f 3004 3181 3187
f 3004 3187 3006
f 3006 3187 3216
f 3006 3216 3007
f 3007 3216 3009
f 3209 3210 3207
f 3207 3210 3217
f 3207 3217 3218
f 3217 3219 3218
f 3218 3219 3220
f 3218 3220 3221
f 3220 3222 3221
f 3221 3222 3223
f 3221 3223 3224
f 3223 3225 3224
f 3224 3225 3226
f 3224 3226 3227
f 3228 3191 3229
f 3229 3191 3188
f 3229 3188 3230
f 3230 3188 3190
f 3230 3190 3231
f 3231 3190 3227
f 3231 3227 3232
f 3232 3227 3226
f 3133 3134 2965
f 2962 2861 2857
f 2965 3233 3133
f 3133 3233 3234
f 3133 3234 3132
f 3132 3234 3235
f 3132 3235 3131
f 3131 3235 3236
f 3131 3236 3130
f 3130 3236 3237
f 3130 3237 3129
f 3129 3237 3238
f 3129 3238 3128
f 3128 3238 3239
f 3128 3239 3127
f 3127 3239 3240
f 3127 3240 3126
f 3126 3240 3241
f 3126 3241 3125
f 3125 3241 3242
f 3125 3242 2891
f 2891 3242 3243
f 2891 3243 2890
f 2890 3243 3244
f 2890 3244 2889
f 2889 3244 3245
f 2889 3245 2888
f 2888 3245 3246
f 2888 3246 2887
f 2887 3246 3247
f 2887 3247 2886
f 2886 3247 3248
f 2886 3248 2849
f 2849 3248 3249
f 2849 3249 2851
f 2851 3249 3250
f 2851 3250 2852
f 2852 3250 3251
f 2852 3251 2857
f 2857 3251 3252
f 2857 3252 2962
f 2962 2961 2861
f 2861 2961 2996
f 2861 2996 2863
f 2863 2996 2999
f 2863 2999 2866
f 2866 2999 3002
f 2866 3002 2871
f 2871 3002 3005
f 2871 3005 2875
f 2875 3005 3008
f 2875 3008 2877
f 2877 3008 3011
f 2877 3011 2879
f 2879 3011 3014
f 2879 3014 2881
f 2881 3014 3017
f 2881 3017 2883
f 2883 3017 2954
f 2883 2954 2885
f 2885 2954 2960
f 2885 2960 3142
f 3142 2960 2988
f 3142 2988 3141
f 3141 2988 2985
f 3141 2985 3140
f 3140 2985 2982
f 3140 2982 3139
f 3139 2982 2979
f 3139 2979 3138
f 3138 2979 2976
f 3138 2976 3137
f 3137 2976 2973
f 3137 2973 3136
f 3136 2973 2970
f 3136 2970 3135
f 3135 2970 2969
f 3135 2969 3134
f 3134 2969 2967
f 3134 2967 2965
f 3143 3097 3253
f 3254 2794 2848
f 3255 3256 3253
f 3253 3256 3257
f 3253 3257 3143
f 3258 3259 3255
f 3255 3259 3260
f 3255 3260 3256
f 2848 3261 3254
f 3254 3261 3262
f 3254 3262 3258
f 3258 3262 3263
f 3258 3263 3259
f 3263 3262 3264
f 3171 3170 3265
f 3169 3178 3266
f 3177 3176 3267
f 3268 3261 2848
f 3263 3264 3259
f 3256 3260 3269
f 2870 3172 2872
f 2872 3172 3270
f 2872 3270 2873
f 2873 3270 3271
f 3272 2868 3271
f 3271 2868 2867
f 3271 2867 2873
f 3273 2862 3274
f 3274 2862 2865
f 3274 2865 3272
f 3272 2865 2864
f 3272 2864 2868
f 3275 2855 3273
f 3273 2855 2860
f 3273 2860 2862
f 3276 2859 3277
f 3277 2859 2858
f 3277 2858 3275
f 3275 2858 2856
f 3275 2856 2855
f 2848 2850 3268
f 3268 2850 2854
f 3268 2854 3276
f 3276 2854 2853
f 3276 2853 2859
f 3172 3171 3270
f 3270 3171 3265
f 3270 3265 3271
f 3271 3265 3278
f 3271 3278 3272
f 3272 3278 3279
f 3272 3279 3274
f 3274 3279 3280
f 3274 3280 3273
f 3273 3280 3281
f 3273 3281 3275
f 3275 3281 3282
f 3275 3282 3277
f 3277 3282 3283
f 3277 3283 3276
f 3276 3283 3284
f 3276 3284 3268
f 3268 3284 3264
f 3268 3264 3261
f 3261 3264 3262
f 3170 3169 3265
f 3265 3169 3266
f 3265 3266 3278
f 3278 3266 3285
f 3278 3285 3279
f 3279 3285 3286
f 3279 3286 3280
f 3280 3286 3287
f 3280 3287 3281
f 3281 3287 3288
f 3281 3288 3282
f 3282 3288 3289
f 3282 3289 3283
f 3283 3289 3290
f 3283 3290 3284
f 3284 3290 3291
f 3284 3291 3264
f 3264 3291 3269
f 3264 3269 3259
f 3259 3269 3260
f 3178 3177 3266
f 3266 3177 3267
f 3266 3267 3285
f 3285 3267 3292
f 3285 3292 3286
f 3286 3292 3293
f 3286 3293 3287
f 3287 3293 3294
f 3287 3294 3288
f 3288 3294 3295
f 3288 3295 3289
f 3289 3295 3296
f 3289 3296 3290
f 3290 3296 3297
f 3290 3297 3291
f 3291 3297 3298
f 3291 3298 3269
f 3269 3298 3299
f 3269 3299 3256
f 3300 3153 3301
f 3301 3153 3147
f 3301 3147 3302
f 3302 3147 3148
f 3302 3148 3303
f 3303 3148 3149
f 3145 3209 3146
f 3146 3209 3304
f 3146 3304 3149
f 3149 3304 3305
f 3149 3305 3303
f 3300 3306 3153
f 3153 3306 3154
f 2930 2928 3025
f 3025 2928 3027
f 2940 2938 3023
f 3032 3030 3034
f 3034 3030 3027
f 3034 3027 2907
f 2948 3022 3307
f 3307 3022 3308
f 3307 3308 3309
f 3187 3186 3310
f 3215 3311 3312
f 3313 3314 3307
f 3307 3314 3315
f 3307 3315 2948
f 3043 2909 2951
f 2928 2926 3027
f 3027 2926 2924
f 3027 2924 2922
f 2948 2946 3022
f 3022 2946 2944
f 3022 2944 3023
f 3023 2944 2942
f 3023 2942 2940
f 3311 3215 3310
f 3310 3215 3216
f 3310 3216 3187
f 3316 3313 3317
f 3041 3039 3043
f 3043 3039 3037
f 3043 3037 2909
f 3315 3318 2948
f 2948 3318 3043
f 2948 3043 2950
f 2950 3043 2951
f 2922 2920 3027
f 3027 2920 2908
f 3027 2908 2907
f 2938 2936 3023
f 3023 2936 2934
f 3023 2934 3025
f 3025 2934 2932
f 3025 2932 2930
f 3213 3214 3319
f 3319 3214 3215
f 3319 3215 3320
f 3320 3215 3312
f 3320 3312 3308
f 3308 3312 3321
f 3308 3321 3309
f 3208 3207 3322
f 3322 3207 3218
f 3322 3218 3323
f 3323 3218 3221
f 3323 3221 3324
f 3150 3154 3307
f 3307 3154 3306
f 3307 3306 3313
f 3313 3306 3325
f 3313 3325 3317
f 3326 3327 3328
f 3328 3327 3193
f 3328 3193 3319
f 3319 3193 3192
f 3319 3192 3213
f 3317 3324 3316
f 3316 3324 3221
f 3316 3221 3329
f 3329 3221 3224
f 3329 3224 3227
f 3189 3330 3331
f 3227 3190 3329
f 3329 3190 3189
f 3329 3189 3332
f 3332 3189 3331
f 3307 3182 3150
f 3150 3182 3151
f 3031 3033 2894
f 3160 3161 3333
f 3333 3161 2892
f 3194 3333 2916
f 2916 3333 2892
f 2916 2892 2917
f 2917 2892 2893
f 2917 2893 2894
f 2894 3033 2917
f 2917 3033 3035
f 2917 3035 2906
f 3333 3334 3160
f 3160 3334 3335
f 3160 3335 3159
f 3159 3335 3336
f 3159 3336 3158
f 3158 3336 3337
f 3158 3337 3157
f 3157 3337 3338
f 3157 3338 2898
f 2898 3338 3021
f 2898 3021 2897
f 2897 3021 3024
f 2897 3024 2896
f 2896 3024 3026
f 2896 3026 2895
f 2895 3026 3028
f 2895 3028 2894
f 2894 3028 3029
f 2894 3029 3031
f 3339 3188 2914
f 2910 3036 2913
f 2913 3036 3038
f 2904 2905 2914
f 2914 2905 3162
f 2914 3162 3339
f 3339 3162 3163
f 3339 3163 3340
f 2914 2913 2904
f 2904 2913 3038
f 2904 3038 2903
f 2903 3038 3040
f 2903 3040 2902
f 2902 3040 3042
f 2902 3042 2901
f 2901 3042 3341
f 2901 3341 2900
f 2900 3341 3342
f 2900 3342 2899
f 2899 3342 3343
f 2899 3343 3166
f 3166 3343 3344
f 3166 3344 3165
f 3165 3344 3345
f 3165 3345 3164
f 3164 3345 3346
f 3164 3346 3163
f 3163 3346 3347
f 3163 3347 3340
f 3044 3095 3174
f 3044 3174 3068
f 3068 3174 3173
f 3068 3173 3066
f 3066 3173 3168
f 3066 3168 3067
f 3067 3168 3167
f 3067 3167 3069
f 3069 3167 2869
f 3069 2869 3070
f 3180 3310 3181
f 3181 3310 3186
f 3309 3183 3307
f 3307 3183 3182
f 3310 3180 3179
f 3310 3179 3311
f 3311 3179 3185
f 3311 3185 3312
f 3312 3185 3184
f 3312 3184 3321
f 3321 3184 3183
f 3321 3183 3309
f 2957 3195 2956
f 2956 3195 3348
f 2956 3348 2955
f 2955 3348 3349
f 2955 3349 2952
f 2963 2962 3199
f 3199 2962 3252
f 3350 3243 3351
f 3351 3243 3242
f 3352 3353 3228
f 3350 3354 3243
f 3243 3354 3355
f 3243 3355 3352
f 3241 3356 3242
f 3242 3356 3357
f 3242 3357 3351
f 3240 3358 3241
f 3241 3358 3359
f 3241 3359 3356
f 3239 3360 3240
f 3240 3360 3361
f 3240 3361 3358
f 3238 3362 3239
f 3239 3362 3363
f 3239 3363 3360
f 3237 3364 3238
f 3238 3364 3365
f 3238 3365 3362
f 3236 3366 3237
f 3237 3366 3367
f 3237 3367 3364
f 3235 3368 3236
f 3236 3368 3369
f 3236 3369 3366
f 3234 3370 3235
f 3235 3370 3371
f 3235 3371 3368
f 3233 3372 3234
f 3234 3372 3373
f 3234 3373 3370
f 2965 2964 3233
f 3233 2964 3374
f 3233 3374 3372
f 3352 3228 3243
f 3243 3228 3229
f 3243 3229 3244
f 3229 3230 3244
f 3244 3230 3231
f 3244 3231 3245
f 3231 3232 3245
f 3245 3232 3226
f 3245 3226 3246
f 3226 3225 3246
f 3246 3225 3223
f 3246 3223 3247
f 3223 3222 3247
f 3247 3222 3220
f 3247 3220 3248
f 3220 3219 3248
f 3248 3219 3217
f 3248 3217 3249
f 3217 3210 3249
f 3249 3210 3211
f 3249 3211 3250
f 3211 3212 3250
f 3250 3212 3205
f 3250 3205 3251
f 3205 3204 3251
f 3251 3204 3202
f 3251 3202 3252
f 3252 3202 3201
f 3252 3201 3199
f 3352 3355 3375
f 3352 3375 3353
f 3375 3376 3353
f 3353 3376 3191
f 3353 3191 3228
f 3377 3349 2915
f 2915 3349 3348
f 2915 3348 3195
f 3191 3376 2912
f 2912 3376 3375
f 3375 3378 2912
f 2912 3378 3379
f 2912 3379 2911
f 2911 3379 3380
f 2911 3380 2949
f 2949 3380 3381
f 2949 3381 2947
f 2947 3381 3382
f 2947 3382 2945
f 2945 3382 3383
f 2945 3383 2943
f 2943 3383 3384
f 2943 3384 2941
f 2941 3384 3385
f 2941 3385 2939
f 2939 3385 3386
f 2939 3386 2937
f 2937 3386 3387
f 2937 3387 2935
f 2935 3387 3388
f 2935 3388 2933
f 2933 3388 3389
f 2933 3389 2931
f 2931 3389 3390
f 2931 3390 2929
f 2929 3390 3391
f 2929 3391 2927
f 2927 3391 3392
f 2927 3392 2925
f 2925 3392 3393
f 2925 3393 2923
f 2923 3393 3394
f 2923 3394 2921
f 2921 3394 3395
f 2921 3395 2919
f 2919 3395 3396
f 2919 3396 2918
f 2918 3396 3397
f 2918 3397 2915
f 2915 3397 3398
f 2915 3398 3377
f 3322 3304 3208
f 3208 3304 3209
f 3257 3256 3299
f 3257 3299 3296
f 3296 3299 3298
f 3296 3298 3297
f 3267 3176 3175
f 3292 3267 3197
f 3197 3267 3175
f 3197 3175 3196
f 3196 3175 3122
f 3196 3122 3121
f 3296 3295 3198
f 3198 3295 3294
f 3198 3294 3197
f 3197 3294 3293
f 3197 3293 3292
f 3144 3143 3206
f 3206 3143 3257
f 3206 3257 3203
f 3203 3257 3296
f 3203 3296 3200
f 3200 3296 3198
f 2795 2794 3254
f 2795 3254 3060
f 3060 3254 3258
f 3060 3258 3058
f 3058 3258 3255
f 3058 3255 3059
f 3059 3255 3253
f 3059 3253 3061
f 3061 3253 3097
f 3061 3097 3062
f 3325 3301 3302
f 3325 3302 3317
f 3317 3302 3303
f 3317 3303 3324
f 3324 3303 3305
f 3324 3305 3323
f 3323 3305 3304
f 3323 3304 3322
f 3301 3325 3300
f 3300 3325 3306
f 3194 3193 3333
f 3333 3193 3327
f 3333 3327 3334
f 3334 3327 3326
f 3334 3326 3335
f 3335 3326 3328
f 3335 3328 3336
f 3336 3328 3319
f 3336 3319 3320
f 3336 3320 3337
f 3337 3320 3308
f 3337 3308 3338
f 3338 3308 3022
f 3338 3022 3021
f 2907 2906 3034
f 3034 2906 3035
f 2910 2909 3036
f 3036 2909 3037
f 3042 3043 3318
f 3042 3318 3341
f 3341 3318 3315
f 3341 3315 3342
f 3342 3315 3314
f 3342 3314 3343
f 3343 3314 3313
f 3343 3313 3344
f 3344 3313 3316
f 3344 3316 3345
f 3345 3316 3329
f 3345 3329 3346
f 3189 3188 3330
f 3330 3188 3339
f 3330 3339 3331
f 3331 3339 3340
f 3331 3340 3332
f 3332 3340 3347
f 3332 3347 3329
f 3329 3347 3346
f 3377 3398 2959
f 2952 3349 2953
f 2953 3349 3377
f 2953 3377 2958
f 2958 3377 2959
f 3379 3351 3357
f 3379 3357 3380
f 3357 3356 3380
f 3380 3356 3359
f 3380 3359 3381
f 3359 3358 3381
f 3381 3358 3361
f 3381 3361 3382
f 3361 3360 3382
f 3382 3360 3363
f 3382 3363 3383
f 3363 3362 3383
f 3383 3362 3365
f 3383 3365 3384
f 3365 3364 3384
f 3384 3364 3367
f 3384 3367 3385
f 3367 3366 3385
f 3385 3366 3369
f 3385 3369 3386
f 3369 3368 3386
f 3386 3368 3371
f 3386 3371 3387
f 3371 3370 3387
f 3387 3370 3373
f 3387 3373 3388
f 3388 3373 3372
f 3388 3372 3374
f 3374 2964 3388
f 3388 2964 2966
f 3388 2966 3389
f 2966 2968 3389
f 3389 2968 2972
f 3389 2972 3390
f 2972 2971 3390
f 3390 2971 2975
f 3390 2975 3391
f 2975 2974 3391
f 3391 2974 2978
f 3391 2978 3392
f 2978 2977 3392
f 3392 2977 2981
f 3392 2981 3393
f 2981 2980 3393
f 3393 2980 2984
f 3393 2984 3394
f 2984 2983 3394
f 3394 2983 2987
f 3394 2987 3395
f 2987 2986 3395
f 3395 2986 2990
f 3395 2990 3396
f 2990 2989 3396
f 3396 2989 2993
f 3396 2993 3397
f 3397 2993 2992
f 3397 2992 3398
f 3398 2992 2991
f 3398 2991 2959
f 3351 3379 3350
f 3350 3379 3378
f 3350 3378 3354
f 3354 3378 3375
f 3354 3375 3355
f 3399 3400 3401
f 3401 3400 3402
f 3401 3402 3403
f 3403 3402 3404
f 3403 3404 3405
f 3405 3404 3406
f 3405 3406 3407
f 3407 3406 3408
f 3407 3408 3409
f 3409 3408 3410
f 3409 3410 3411
f 3411 3410 3412
f 3413 3414 3415
f 3415 3414 3416
f 3415 3416 3417
f 3417 3416 3418
f 3417 3418 3419
f 3419 3418 3420
f 3419 3420 3421
f 3421 3420 3422
f 3421 3422 3423
f 3423 3422 3424
f 3423 3424 3425
f 3425 3424 3426
f 3427 3428 3429
f 3429 3428 3430
f 3429 3430 3431
f 3431 3430 3432
f 3431 3432 3433
f 3433 3434 3431
f 3431 3434 3435
f 3431 3435 3436
f 3436 3435 3437
f 3436 3437 3438
f 3439 3440 3441
f 3441 3442 3439
f 3439 3442 3443
f 3439 3443 3437
f 3437 3443 3444
f 3437 3444 3445
f 3445 3446 3437
f 3437 3446 3447
f 3437 3447 3438
f 3448 3449 3439
f 3439 3449 3450
f 3439 3450 3440
f 3448 3451 3449
f 3449 3451 3452
f 3449 3452 3453
f 3440 3450 3454
f 3455 3456 3457
f 3458 3459 3457
f 3460 3461 3462
f 3462 3461 3463
f 3464 3465 3466
f 3466 3465 3467
f 3466 3467 3468
f 3468 3467 3469
f 3468 3469 3470
f 3471 3472 3464
f 3473 3474 3475
f 3475 3474 3476
f 3475 3476 3477
f 3478 3479 3471
f 3478 3471 3480
f 3479 3481 3471
f 3471 3481 3482
f 3471 3482 3472
f 3482 3483 3472
f 3472 3483 3484
f 3472 3484 3485
f 3485 3484 3486
f 3485 3486 3476
f 3476 3486 3487
f 3476 3487 3477
f 3457 3459 3488
f 3488 3459 3489
f 3488 3489 3490
f 3491 3492 3457
f 3457 3492 3493
f 3493 3494 3457
f 3457 3494 3495
f 3457 3495 3458
f 3464 3466 3471
f 3471 3466 3496
f 3471 3496 3497
f 3497 3498 3471
f 3471 3498 3499
f 3471 3499 3500
f 3501 3502 3503
f 3503 3502 3500
f 3503 3500 3504
f 3504 3500 3499
f 3501 3505 3502
f 3502 3505 3506
f 3502 3506 3507
f 3507 3506 3508
f 3507 3508 3468
f 3468 3508 3509
f 3468 3509 3466
f 3466 3509 3510
f 3466 3510 3496
f 3511 3512 3454
f 3454 3512 3513
f 3514 3515 3516
f 3516 3515 3517
f 3516 3517 3518
f 3518 3517 3519
f 3513 3520 3454
f 3454 3520 3521
f 3454 3521 3522
f 3521 3523 3522
f 3522 3523 3524
f 3522 3524 3525
f 3525 3524 3526
f 3525 3526 3527
f 3528 3529 3488
f 3457 3456 3515
f 3488 3529 3457
f 3457 3529 3530
f 3457 3530 3455
f 3456 3531 3515
f 3515 3531 3532
f 3515 3532 3517
f 3517 3532 3533
f 3517 3533 3534
f 3534 3535 3517
f 3517 3535 3536
f 3517 3536 3488
f 3488 3536 3537
f 3488 3537 3528
f 3490 3476 3488
f 3488 3476 3474
f 3488 3474 3517
f 3517 3474 3527
f 3517 3527 3519
f 3519 3527 3526
f 3450 3538 3539
f 3540 3541 3454
f 3454 3541 3515
f 3454 3515 3511
f 3511 3515 3514
f 3541 3542 3515
f 3515 3542 3543
f 3515 3543 3544
f 3538 3450 3545
f 3545 3450 3449
f 3545 3449 3546
f 3539 3547 3450
f 3450 3547 3548
f 3450 3548 3454
f 3454 3548 3549
f 3454 3549 3540
f 3491 3457 3453
f 3453 3457 3515
f 3453 3515 3449
f 3449 3515 3544
f 3449 3544 3546
f 3473 3480 3474
f 3474 3480 3471
f 3474 3471 3527
f 3527 3471 3500
f 3527 3500 3525
f 3525 3500 3550
f 3551 3552 3553
f 3554 3555 3500
f 3500 3555 3556
f 3500 3556 3550
f 3550 3556 3557
f 3552 3558 3502
f 3502 3558 3559
f 3502 3559 3500
f 3500 3559 3560
f 3500 3560 3554
f 3557 3561 3550
f 3550 3561 3562
f 3550 3562 3553
f 3553 3562 3563
f 3553 3563 3551
f 3564 3565 3566
f 3567 3568 3507
f 3507 3568 3569
f 3552 3502 3553
f 3553 3502 3507
f 3553 3507 3564
f 3564 3507 3569
f 3564 3569 3565
f 3566 3570 3564
f 3564 3570 3571
f 3564 3571 3572
f 3572 3571 3573
f 3573 3574 3572
f 3572 3574 3575
f 3572 3575 3576
f 3576 3575 3577
f 3576 3577 3578
f 3578 3567 3576
f 3576 3567 3507
f 3576 3507 3462
f 3462 3507 3468
f 3462 3468 3460
f 3460 3468 3470
f 3463 3579 3462
f 3462 3579 3429
f 3462 3429 3576
f 3576 3429 3431
f 3576 3431 3572
f 3572 3431 3436
f 3440 3454 3441
f 3441 3454 3522
f 3441 3522 3442
f 3442 3522 3525
f 3442 3525 3443
f 3443 3525 3550
f 3443 3550 3444
f 3444 3550 3553
f 3444 3553 3445
f 3445 3553 3564
f 3445 3564 3446
f 3446 3564 3572
f 3446 3572 3447
f 3447 3572 3436
f 3447 3436 3438
f 3580 3581 3582
f 3583 3584 3585
f 3586 3587 3588
f 3589 3587 3590
f 3590 3587 3591
f 3592 3593 3427
f 3427 3593 3594
f 3427 3594 3428
f 3585 3584 3595
f 3588 3596 3586
f 3586 3596 3597
f 3586 3597 3585
f 3585 3597 3598
f 3585 3598 3583
f 3589 3599 3587
f 3587 3599 3600
f 3587 3600 3588
f 3584 3601 3595
f 3595 3601 3602
f 3595 3602 3603
f 3604 3605 3606
f 3602 3607 3603
f 3603 3607 3608
f 3603 3608 3609
f 3610 3611 3426
f 3426 3611 3612
f 3426 3612 3592
f 3592 3612 3613
f 3592 3613 3593
f 3434 3433 3451
f 3451 3433 3412
f 3412 3410 3451
f 3451 3410 3408
f 3451 3408 3452
f 3452 3408 3406
f 3452 3406 3404
f 3606 3605 3614
f 3614 3605 3610
f 3614 3610 3615
f 3615 3610 3426
f 3615 3426 3616
f 3591 3617 3590
f 3590 3617 3618
f 3590 3618 3414
f 3414 3618 3619
f 3414 3619 3620
f 3594 3621 3428
f 3428 3621 3622
f 3428 3622 3623
f 3428 3624 3625
f 3428 3625 3400
f 3400 3625 3626
f 3400 3626 3402
f 3402 3626 3627
f 3402 3627 3628
f 3624 3428 3629
f 3629 3428 3623
f 3629 3623 3606
f 3606 3623 3630
f 3606 3630 3604
f 3422 3420 3631
f 3631 3420 3418
f 3631 3418 3581
f 3404 3402 3452
f 3452 3402 3628
f 3452 3628 3632
f 3632 3628 3633
f 3632 3633 3631
f 3422 3631 3424
f 3424 3631 3633
f 3424 3633 3426
f 3426 3633 3634
f 3426 3634 3616
f 3608 3635 3609
f 3609 3635 3636
f 3609 3636 3582
f 3582 3636 3637
f 3582 3637 3580
f 3620 3582 3414
f 3414 3582 3581
f 3414 3581 3416
f 3416 3581 3418
f 3628 3638 3633
f 3633 3638 3639
f 3633 3639 3634
f 3634 3639 3640
f 3634 3640 3616
f 3616 3640 3641
f 3616 3641 3615
f 3615 3641 3642
f 3615 3642 3614
f 3614 3642 3643
f 3614 3643 3606
f 3606 3643 3644
f 3606 3644 3629
f 3629 3644 3645
f 3629 3645 3624
f 3624 3645 3646
f 3624 3646 3625
f 3625 3646 3647
f 3625 3647 3626
f 3626 3647 3648
f 3626 3648 3627
f 3627 3648 3649
f 3627 3649 3628
f 3628 3649 3638
f 3642 3650 3643
f 3643 3650 3651
f 3643 3651 3644
f 3644 3651 3652
f 3644 3652 3645
f 3645 3652 3653
f 3645 3653 3646
f 3646 3653 3654
f 3646 3654 3647
f 3647 3654 3655
f 3647 3655 3648
f 3648 3655 3656
f 3648 3656 3649
f 3649 3656 3657
f 3649 3657 3638
f 3638 3657 3658
f 3638 3658 3639
f 3639 3658 3659
f 3639 3659 3640
f 3640 3659 3660
f 3640 3660 3641
f 3641 3660 3661
f 3641 3661 3642
f 3642 3661 3650
f 3658 3456 3659
f 3659 3456 3455
f 3659 3455 3660
f 3660 3455 3530
f 3660 3530 3661
f 3661 3530 3529
f 3661 3529 3650
f 3650 3529 3528
f 3650 3528 3651
f 3651 3528 3537
f 3651 3537 3652
f 3652 3537 3536
f 3652 3536 3653
f 3653 3536 3535
f 3653 3535 3654
f 3654 3535 3534
f 3654 3534 3655
f 3655 3534 3533
f 3655 3533 3656
f 3656 3533 3532
f 3656 3532 3657
f 3657 3532 3531
f 3657 3531 3658
f 3658 3531 3456
f 3605 3662 3610
f 3610 3662 3663
f 3610 3663 3611
f 3611 3663 3664
f 3611 3664 3612
f 3612 3664 3665
f 3612 3665 3613
f 3613 3665 3666
f 3613 3666 3593
f 3593 3666 3667
f 3593 3667 3594
f 3594 3667 3668
f 3594 3668 3621
f 3621 3668 3669
f 3621 3669 3622
f 3622 3669 3670
f 3622 3670 3623
f 3623 3670 3671
f 3623 3671 3630
f 3630 3671 3672
f 3630 3672 3604
f 3604 3672 3673
f 3604 3673 3605
f 3605 3673 3662
f 3666 3674 3667
f 3667 3674 3675
f 3667 3675 3668
f 3668 3675 3676
f 3668 3676 3669
f 3669 3676 3677
f 3669 3677 3670
f 3670 3677 3678
f 3670 3678 3671
f 3671 3678 3679
f 3671 3679 3672
f 3672 3679 3680
f 3672 3680 3673
f 3673 3680 3681
f 3673 3681 3662
f 3662 3681 3682
f 3662 3682 3663
f 3663 3682 3683
f 3663 3683 3664
f 3664 3683 3684
f 3664 3684 3665
f 3665 3684 3685
f 3665 3685 3666
f 3666 3685 3674
f 3682 3499 3683
f 3683 3499 3498
f 3683 3498 3684
f 3684 3498 3497
f 3684 3497 3685
f 3685 3497 3496
f 3685 3496 3674
f 3674 3496 3510
f 3674 3510 3675
f 3675 3510 3509
f 3675 3509 3676
f 3676 3509 3508
f 3676 3508 3677
f 3677 3508 3506
f 3677 3506 3678
f 3678 3506 3505
f 3678 3505 3679
f 3679 3505 3501
f 3679 3501 3680
f 3680 3501 3503
f 3680 3503 3681
f 3681 3503 3504
f 3681 3504 3682
f 3682 3504 3499
f 3582 3686 3609
f 3609 3686 3687
f 3609 3687 3603
f 3603 3687 3688
f 3603 3688 3595
f 3595 3688 3689
f 3595 3689 3585
f 3585 3689 3690
f 3585 3690 3586
f 3586 3690 3691
f 3586 3691 3587
f 3587 3691 3692
f 3587 3692 3591
f 3591 3692 3693
f 3591 3693 3617
f 3617 3693 3694
f 3617 3694 3618
f 3618 3694 3695
f 3618 3695 3619
f 3619 3695 3696
f 3619 3696 3620
f 3620 3696 3697
f 3620 3697 3582
f 3582 3697 3686
f 3694 3698 3695
f 3695 3698 3699
f 3695 3699 3696
f 3696 3699 3700
f 3696 3700 3697
f 3697 3700 3701
f 3697 3701 3686
f 3686 3701 3702
f 3686 3702 3687
f 3687 3702 3703
f 3687 3703 3688
f 3688 3703 3704
f 3688 3704 3689
f 3689 3704 3705
f 3689 3705 3690
f 3690 3705 3706
f 3690 3706 3691
f 3691 3706 3707
f 3691 3707 3692
f 3692 3707 3708
f 3692 3708 3693
f 3693 3708 3709
f 3693 3709 3694
f 3694 3709 3698
f 3702 3475 3703
f 3703 3475 3477
f 3703 3477 3704
f 3704 3477 3487
f 3704 3487 3705
f 3705 3487 3486
f 3705 3486 3706
f 3706 3486 3484
f 3706 3484 3707
f 3707 3484 3483
f 3707 3483 3708
f 3708 3483 3482
f 3708 3482 3709
f 3709 3482 3481
f 3709 3481 3698
f 3698 3481 3479
f 3698 3479 3699
f 3699 3479 3478
f 3699 3478 3700
f 3700 3478 3480
f 3700 3480 3701
f 3701 3480 3473
f 3701 3473 3702
f 3702 3473 3475
f 3412 3433 3411
f 3411 3433 3432
f 3399 3430 3400
f 3400 3430 3428
f 3426 3592 3425
f 3425 3592 3710
f 3413 3711 3414
f 3414 3711 3590
f 3432 3430 3411
f 3411 3430 3399
f 3399 3401 3403
f 3409 3411 3407
f 3407 3411 3399
f 3407 3399 3405
f 3405 3399 3403
f 3710 3712 3425
f 3425 3712 3711
f 3419 3421 3423
f 3711 3413 3425
f 3425 3413 3415
f 3425 3415 3423
f 3423 3415 3417
f 3423 3417 3419
f 3592 3427 3710
f 3710 3427 3429
f 3710 3429 3712
f 3712 3429 3579
f 3712 3579 3711
f 3711 3579 3463
f 3485 3601 3584
f 3485 3584 3472
f 3472 3584 3583
f 3472 3583 3464
f 3464 3583 3598
f 3464 3598 3465
f 3465 3598 3597
f 3465 3597 3467
f 3467 3597 3596
f 3467 3596 3469
f 3469 3596 3588
f 3469 3588 3470
f 3470 3588 3600
f 3470 3600 3460
f 3460 3600 3599
f 3460 3599 3461
f 3461 3599 3589
f 3461 3589 3463
f 3463 3589 3590
f 3463 3590 3711
f 3453 3452 3632
f 3453 3632 3491
f 3491 3632 3631
f 3491 3631 3492
f 3492 3631 3581
f 3492 3581 3493
f 3493 3581 3580
f 3493 3580 3494
f 3494 3580 3637
f 3494 3637 3495
f 3495 3637 3636
f 3495 3636 3458
f 3458 3636 3635
f 3458 3635 3459
f 3459 3635 3608
f 3459 3608 3489
f 3489 3608 3607
f 3489 3607 3490
f 3490 3607 3602
f 3490 3602 3476
f 3476 3602 3601
f 3476 3601 3485
f 3435 3434 3448
f 3448 3434 3451
f 3713 3714 3448
f 3715 3439 3716
f 3716 3439 3437
f 3448 3714 3435
f 3717 3718 3719
f 3719 3718 3720
f 3719 3720 3437
f 3437 3720 3721
f 3437 3721 3716
f 3715 3722 3439
f 3439 3722 3723
f 3439 3723 3448
f 3448 3723 3724
f 3448 3724 3713
f 3725 3726 3727
f 3727 3726 3728
f 3437 3729 3730
f 3726 3731 3728
f 3728 3731 3732
f 3728 3732 3733
f 3733 3732 3734
f 3733 3734 3735
f 3735 3734 3736
f 3735 3736 3437
f 3437 3736 3737
f 3437 3737 3719
f 3738 3739 3730
f 3730 3739 3740
f 3730 3740 3437
f 3437 3740 3741
f 3437 3741 3735
f 3717 3742 3718
f 3718 3742 3743
f 3718 3743 3744
f 3744 3743 3745
f 3744 3745 3746
f 3747 3748 3435
f 3435 3748 3749
f 3435 3749 3437
f 3437 3749 3750
f 3437 3750 3729
f 3738 3751 3739
f 3739 3751 3752
f 3739 3752 3753
f 3746 3726 3744
f 3744 3726 3435
f 3744 3435 3754
f 3754 3435 3714
f 3725 3755 3726
f 3726 3755 3756
f 3726 3756 3435
f 3435 3756 3757
f 3435 3757 3753
f 3752 3758 3753
f 3753 3758 3759
f 3753 3759 3435
f 3435 3759 3760
f 3435 3760 3747
f 3727 3761 3725
f 3725 3761 3762
f 3725 3762 3755
f 3755 3762 3763
f 3755 3763 3756
f 3756 3763 3764
f 3756 3764 3757
f 3757 3764 3765
f 3757 3765 3753
f 3753 3765 3766
f 3753 3766 3739
f 3739 3766 3767
f 3739 3767 3740
f 3740 3767 3768
f 3740 3768 3741
f 3741 3768 3769
f 3741 3769 3735
f 3735 3769 3770
f 3735 3770 3733
f 3733 3770 3771
f 3733 3771 3728
f 3728 3771 3772
f 3728 3772 3727
f 3727 3772 3761
f 3767 3773 3768
f 3768 3773 3774
f 3768 3774 3769
f 3769 3774 3775
f 3769 3775 3770
f 3770 3775 3776
f 3770 3776 3771
f 3771 3776 3777
f 3771 3777 3772
f 3772 3777 3778
f 3772 3778 3761
f 3761 3778 3779
f 3761 3779 3762
f 3762 3779 3780
f 3762 3780 3763
f 3763 3780 3781
f 3763 3781 3764
f 3764 3781 3782
f 3764 3782 3765
f 3765 3782 3783
f 3765 3783 3766
f 3766 3783 3784
f 3766 3784 3767
f 3767 3784 3773
f 3779 3556 3780
f 3780 3556 3555
f 3780 3555 3781
f 3781 3555 3554
f 3781 3554 3782
f 3782 3554 3560
f 3782 3560 3783
f 3783 3560 3559
f 3783 3559 3784
f 3784 3559 3558
f 3784 3558 3773
f 3773 3558 3552
f 3773 3552 3774
f 3774 3552 3551
f 3774 3551 3775
f 3775 3551 3563
f 3775 3563 3776
f 3776 3563 3562
f 3776 3562 3777
f 3777 3562 3561
f 3777 3561 3778
f 3778 3561 3557
f 3778 3557 3779
f 3779 3557 3556
f 3752 3785 3758
f 3758 3785 3786
f 3758 3786 3759
f 3759 3786 3787
f 3759 3787 3760
f 3760 3787 3788
f 3760 3788 3747
f 3747 3788 3789
f 3747 3789 3748
f 3748 3789 3790
f 3748 3790 3749
f 3749 3790 3791
f 3749 3791 3750
f 3750 3791 3792
f 3750 3792 3729
f 3729 3792 3793
f 3729 3793 3730
f 3730 3793 3794
f 3730 3794 3738
f 3738 3794 3795
f 3738 3795 3751
f 3751 3795 3796
f 3751 3796 3752
f 3752 3796 3785
f 3786 3797 3787
f 3787 3797 3798
f 3787 3798 3788
f 3788 3798 3799
f 3788 3799 3789
f 3789 3799 3800
f 3789 3800 3790
f 3790 3800 3801
f 3790 3801 3791
f 3791 3801 3802
f 3791 3802 3792
f 3792 3802 3803
f 3792 3803 3793
f 3793 3803 3804
f 3793 3804 3794
f 3794 3804 3805
f 3794 3805 3795
f 3795 3805 3806
f 3795 3806 3796
f 3796 3806 3807
f 3796 3807 3785
f 3785 3807 3808
f 3785 3808 3786
f 3786 3808 3797
f 3808 3565 3797
f 3797 3565 3569
f 3797 3569 3798
f 3798 3569 3568
f 3798 3568 3799
f 3799 3568 3567
f 3799 3567 3800
f 3800 3567 3578
f 3800 3578 3801
f 3801 3578 3577
f 3801 3577 3802
f 3802 3577 3575
f 3802 3575 3803
f 3803 3575 3574
f 3803 3574 3804
f 3804 3574 3573
f 3804 3573 3805
f 3805 3573 3571
f 3805 3571 3806
f 3806 3571 3570
f 3806 3570 3807
f 3807 3570 3566
f 3807 3566 3808
f 3808 3566 3565
f 3743 3809 3745
f 3745 3809 3810
f 3745 3810 3746
f 3746 3810 3811
f 3746 3811 3726
f 3726 3811 3812
f 3726 3812 3731
f 3731 3812 3813
f 3731 3813 3732
f 3732 3813 3814
f 3732 3814 3734
f 3734 3814 3815
f 3734 3815 3736
f 3736 3815 3816
f 3736 3816 3737
f 3737 3816 3817
f 3737 3817 3719
f 3719 3817 3818
f 3719 3818 3717
f 3717 3818 3819
f 3717 3819 3742
f 3742 3819 3820
f 3742 3820 3743
f 3743 3820 3809
f 3815 3821 3816
f 3816 3821 3822
f 3816 3822 3817
f 3817 3822 3823
f 3817 3823 3818
f 3818 3823 3824
f 3818 3824 3819
f 3819 3824 3825
f 3819 3825 3820
f 3820 3825 3826
f 3820 3826 3809
f 3809 3826 3827
f 3809 3827 3810
f 3810 3827 3828
f 3810 3828 3811
f 3811 3828 3829
f 3811 3829 3812
f 3812 3829 3830
f 3812 3830 3813
f 3813 3830 3831
f 3813 3831 3814
f 3814 3831 3832
f 3814 3832 3815
f 3815 3832 3821
f 3827 3512 3828
f 3828 3512 3511
f 3828 3511 3829
f 3829 3511 3514
f 3829 3514 3830
f 3830 3514 3516
f 3830 3516 3831
f 3831 3516 3518
f 3831 3518 3832
f 3832 3518 3519
f 3832 3519 3821
f 3821 3519 3526
f 3821 3526 3822
f 3822 3526 3524
f 3822 3524 3823
f 3823 3524 3523
f 3823 3523 3824
f 3824 3523 3521
f 3824 3521 3825
f 3825 3521 3520
f 3825 3520 3826
f 3826 3520 3513
f 3826 3513 3827
f 3827 3513 3512
f 3723 3833 3724
f 3724 3833 3834
f 3724 3834 3713
f 3713 3834 3835
f 3713 3835 3714
f 3714 3835 3836
f 3714 3836 3754
f 3754 3836 3837
f 3754 3837 3744
f 3744 3837 3838
f 3744 3838 3718
f 3718 3838 3839
f 3718 3839 3720
f 3720 3839 3840
f 3720 3840 3721
f 3721 3840 3841
f 3721 3841 3716
f 3716 3841 3842
f 3716 3842 3715
f 3715 3842 3843
f 3715 3843 3722
f 3722 3843 3844
f 3722 3844 3723
f 3723 3844 3833
f 3835 3845 3836
f 3836 3845 3846
f 3836 3846 3837
f 3837 3846 3847
f 3837 3847 3838
f 3838 3847 3848
f 3838 3848 3839
f 3839 3848 3849
f 3839 3849 3840
f 3840 3849 3850
f 3840 3850 3841
f 3841 3850 3851
f 3841 3851 3842
f 3842 3851 3852
f 3842 3852 3843
f 3843 3852 3853
f 3843 3853 3844
f 3844 3853 3854
f 3844 3854 3833
f 3833 3854 3855
f 3833 3855 3834
f 3834 3855 3856
f 3834 3856 3835
f 3835 3856 3845
f 3855 3538 3856
f 3856 3538 3545
f 3856 3545 3845
f 3845 3545 3546
f 3845 3546 3846
f 3846 3546 3544
f 3846 3544 3847
f 3847 3544 3543
f 3847 3543 3848
f 3848 3543 3542
f 3848 3542 3849
f 3849 3542 3541
f 3849 3541 3850
f 3850 3541 3540
f 3850 3540 3851
f 3851 3540 3549
f 3851 3549 3852
f 3852 3549 3548
f 3852 3548 3853
f 3853 3548 3547
f 3853 3547 3854
f 3854 3547 3539
f 3854 3539 3855
f 3855 3539 3538
f 3857 3858 3859
f 3860 3857 3861
f 3862 3863 3864
f 3865 3866 3867
f 3865 3867 3868
f 3869 3870 3871
f 3871 3870 3872
f 3871 3872 3873
f 3867 3874 3868
f 3868 3874 3875
f 3868 3875 3871
f 3871 3875 3876
f 3871 3876 3869
f 3877 3878 3879
f 3879 3878 3873
f 3879 3873 3880
f 3880 3873 3872
f 3866 3865 3881
f 3881 3865 3882
f 3881 3882 3877
f 3883 3864 3884
f 3884 3885 3883
f 3883 3885 3886
f 3883 3886 3887
f 3860 3888 3863
f 3863 3888 3889
f 3863 3889 3864
f 3864 3889 3890
f 3864 3890 3884
f 3891 3892 3893
f 3893 3892 3894
f 3893 3894 3895
f 3895 3894 3896
f 3895 3896 3860
f 3860 3896 3897
f 3860 3897 3888
f 3898 3899 3900
f 3900 3899 3901
f 3898 3900 3902
f 3902 3900 3903
f 3902 3903 3904
f 3904 3905 3906
f 3906 3905 3907
f 3906 3907 3908
f 3909 3910 3911
f 3911 3910 3912
f 3911 3912 3907
f 3907 3912 3913
f 3907 3913 3908
f 3914 3915 3916
f 3916 3915 3901
f 3916 3901 3917
f 3917 3901 3899
f 3918 3919 3920
f 3920 3919 3915
f 3920 3915 3909
f 3909 3915 3914
f 3909 3914 3910
f 3921 3922 3919
f 3923 3924 3915
f 3864 3925 3926
f 3918 3862 3919
f 3919 3862 3864
f 3919 3864 3921
f 3921 3864 3926
f 3922 3927 3919
f 3919 3927 3928
f 3919 3928 3915
f 3915 3928 3929
f 3915 3929 3923
f 3924 3930 3883
f 3883 3930 3931
f 3883 3931 3864
f 3864 3931 3932
f 3864 3932 3925
f 3933 3934 3935
f 3936 3933 3937
f 3934 3938 3935
f 3935 3938 3939
f 3935 3939 3940
f 3939 3941 3940
f 3940 3941 3942
f 3940 3942 3943
f 3860 3861 3895
f 3895 3861 3944
f 3895 3944 3893
f 3893 3944 3940
f 3893 3940 3945
f 3945 3940 3943
f 3945 3943 3946
f 3946 3947 3945
f 3945 3947 3948
f 3945 3948 3937
f 3937 3948 3949
f 3937 3949 3936
f 3877 3882 3878
f 3878 3882 3950
f 3878 3950 3937
f 3937 3950 3951
f 3937 3951 3945
f 3945 3951 3883
f 3945 3883 3893
f 3893 3883 3887
f 3893 3887 3891
f 3904 3903 3905
f 3905 3903 3952
f 3905 3952 3953
f 3953 3952 3954
f 3953 3954 3955
f 3956 3957 3865
f 3865 3957 3958
f 3924 3883 3915
f 3915 3883 3951
f 3915 3951 3901
f 3901 3951 3950
f 3901 3950 3900
f 3900 3950 3882
f 3900 3882 3903
f 3903 3882 3865
f 3903 3865 3952
f 3952 3865 3958
f 3952 3958 3959
f 3960 3961 3954
f 3954 3961 3868
f 3959 3962 3952
f 3952 3962 3963
f 3952 3963 3954
f 3954 3963 3964
f 3954 3964 3960
f 3961 3965 3868
f 3868 3965 3966
f 3868 3966 3865
f 3865 3966 3967
f 3865 3967 3956
f 3933 3935 3937
f 3937 3935 3968
f 3937 3968 3878
f 3878 3968 3969
f 3878 3969 3873
f 3873 3969 3970
f 3873 3970 3871
f 3857 3859 3861
f 3861 3859 3971
f 3861 3971 3944
f 3944 3971 3972
f 3944 3972 3940
f 3940 3972 3973
f 3940 3973 3935
f 3935 3973 3974
f 3935 3974 3968
f 3968 3974 3975
f 3968 3975 3969
f 3969 3975 3976
f 3969 3976 3970
f 3435 3977 3437
f 3437 3977 3918
f 3437 3918 3978
f 3978 3918 3920
f 3978 3920 3979
f 3979 3920 3909
f 3979 3909 3980
f 3980 3909 3911
f 3980 3911 3981
f 3981 3911 3907
f 3981 3907 3982
f 3982 3907 3905
f 3982 3905 3983
f 3983 3905 3953
f 3983 3953 3984
f 3984 3953 3955
f 3984 3955 3985
f 3985 3955 3986
f 3987 3988 3980
f 3989 3990 3991
f 3992 3993 3994
f 3994 3993 3995
f 3995 3993 3996
f 3995 3996 3997
f 3998 3999 4000
f 4000 3999 4001
f 4000 4001 3991
f 3991 4001 4002
f 3991 4002 3989
f 3992 3994 4003
f 4003 3994 4004
f 4003 4004 4005
f 4006 4007 4008
f 4008 4007 4009
f 4009 4007 4010
f 4009 4010 4011
f 4006 4008 3988
f 3988 4008 4012
f 3988 4012 3980
f 3982 4013 3981
f 3981 4013 4014
f 4014 4015 3981
f 3981 4015 4016
f 3981 4016 3980
f 3980 4016 4017
f 3980 4017 3987
f 4018 4019 4020
f 4021 4022 4023
f 4023 4022 4024
f 4023 4024 4025
f 4025 4024 4020
f 4026 4027 4028
f 4028 4027 4022
f 4028 4022 4029
f 4029 4022 4021
f 4026 4030 4027
f 4027 4030 4031
f 4027 4031 4032
f 4019 4018 4033
f 4033 4018 4034
f 4033 4034 4035
f 4036 4018 4037
f 4037 4018 4038
f 4039 4040 4041
f 4020 4024 4018
f 4018 4024 4042
f 4018 4042 4038
f 4043 4044 4045
f 4045 4044 4041
f 4045 4041 4046
f 4046 4041 4040
f 4043 4047 4044
f 4044 4047 4048
f 4044 4048 4024
f 4024 4048 4049
f 4024 4049 4042
f 3984 4022 3983
f 3983 4022 4027
f 3983 4027 3982
f 3982 4027 4032
f 3982 4032 4013
f 4013 4032 4009
f 4013 4009 4050
f 4050 4009 4011
f 4051 4052 4053
f 4053 4054 4051
f 4051 4054 4055
f 4051 4055 4056
f 4056 4055 4057
f 4056 4057 4058
f 4059 4060 4061
f 4044 4062 4041
f 4041 4062 4063
f 4041 4063 4064
f 4064 4063 4065
f 4064 4065 4051
f 4051 4065 4066
f 4051 4066 4052
f 4052 4066 4067
f 4060 4068 4061
f 4061 4068 4069
f 4061 4069 4066
f 4066 4069 4070
f 4066 4070 4067
f 4036 4039 4018
f 4018 4039 4041
f 4018 4041 4034
f 4034 4041 4064
f 4034 4064 4071
f 4071 4064 4051
f 4071 4051 4072
f 4072 4051 4056
f 4072 4056 4000
f 4000 4056 3995
f 4000 3995 3998
f 3998 3995 3997
f 4073 3978 4012
f 4012 3978 3979
f 4012 3979 3980
f 4074 4075 4073
f 4073 4075 4076
f 4073 4076 3991
f 3991 4076 4077
f 4078 4079 4012
f 4077 4080 3991
f 3991 4080 4081
f 3991 4081 4000
f 4000 4081 4082
f 4082 4078 4000
f 4000 4078 4012
f 4000 4012 4072
f 4072 4012 4008
f 4072 4008 4071
f 4071 4008 4009
f 4071 4009 4034
f 4034 4009 4032
f 4034 4032 4035
f 4035 4032 4031
f 4079 4083 4012
f 4012 4083 4084
f 4012 4084 4073
f 4073 4084 4085
f 4073 4085 4074
f 4005 4004 3990
f 3990 4004 4086
f 3990 4086 3991
f 3991 4086 4087
f 3991 4087 4073
f 4073 4087 3437
f 4073 3437 3978
f 4058 4059 4056
f 4056 4059 4061
f 4056 4061 3995
f 3995 4061 4088
f 3995 4088 3994
f 3994 4088 4089
f 3994 4089 4004
f 4004 4089 4090
f 4062 4091 4063
f 4063 4091 4092
f 4063 4092 4065
f 4065 4092 4093
f 4065 4093 4066
f 4066 4093 4094
f 4066 4094 4061
f 4061 4094 4095
f 4061 4095 4088
f 4088 4095 4096
f 4088 4096 4089
f 4089 4096 4097
f 4089 4097 4090
f 4090 4097 3439
f 4098 3448 3858
f 3858 3448 3439
f 3858 3439 3859
f 3859 3439 4097
f 3859 4097 3971
f 3971 4097 4096
f 3971 4096 3972
f 3972 4096 4095
f 3972 4095 3973
f 3973 4095 4094
f 3973 4094 3974
f 3974 4094 4093
f 3974 4093 3975
f 3975 4093 4092
f 3975 4092 3976
f 3976 4092 4091
f 3976 4091 4099
f 4099 4091 4100
f 4045 4101 4043
f 4043 4101 4102
f 4043 4102 4047
f 4047 4102 4103
f 4047 4103 4048
f 4048 4103 4104
f 4048 4104 4049
f 4049 4104 4105
f 4049 4105 4042
f 4042 4105 4106
f 4042 4106 4038
f 4038 4106 4107
f 4038 4107 4037
f 4037 4107 4108
f 4037 4108 4036
f 4036 4108 4109
f 4036 4109 4039
f 4039 4109 4110
f 4039 4110 4040
f 4040 4110 4111
f 4040 4111 4046
f 4046 4111 4112
f 4046 4112 4045
f 4045 4112 4101
f 4107 4113 4108
f 4108 4113 4114
f 4108 4114 4109
f 4109 4114 4115
f 4109 4115 4110
f 4110 4115 4116
f 4110 4116 4111
f 4111 4116 4117
f 4111 4117 4112
f 4112 4117 4118
f 4112 4118 4101
f 4101 4118 4119
f 4101 4119 4102
f 4102 4119 4120
f 4102 4120 4103
f 4103 4120 4121
f 4103 4121 4104
f 4104 4121 4122
f 4104 4122 4105
f 4105 4122 4123
f 4105 4123 4106
f 4106 4123 4124
f 4106 4124 4107
f 4107 4124 4113
f 4119 3872 4120
f 4120 3872 3870
f 4120 3870 4121
f 4121 3870 3869
f 4121 3869 4122
f 4122 3869 3876
f 4122 3876 4123
f 4123 3876 3875
f 4123 3875 4124
f 4124 3875 3874
f 4124 3874 4113
f 4113 3874 3867
f 4113 3867 4114
f 4114 3867 3866
f 4114 3866 4115
f 4115 3866 3881
f 4115 3881 4116
f 4116 3881 3877
f 4116 3877 4117
f 4117 3877 3879
f 4117 3879 4118
f 4118 3879 3880
f 4118 3880 4119
f 4119 3880 3872
f 3993 4125 3996
f 3996 4125 4126
f 3996 4126 3997
f 3997 4126 4127
f 3997 4127 3998
f 3998 4127 4128
f 3998 4128 3999
f 3999 4128 4129
f 3999 4129 4001
f 4001 4129 4130
f 4001 4130 4002
f 4002 4130 4131
f 4002 4131 3989
f 3989 4131 4132
f 3989 4132 3990
f 3990 4132 4133
f 3990 4133 4005
f 4005 4133 4134
f 4005 4134 4003
f 4003 4134 4135
f 4003 4135 3992
f 3992 4135 4136
f 3992 4136 3993
f 3993 4136 4125
f 4131 4137 4132
f 4132 4137 4138
f 4132 4138 4133
f 4133 4138 4139
f 4133 4139 4134
f 4134 4139 4140
f 4134 4140 4135
f 4135 4140 4141
f 4135 4141 4136
f 4136 4141 4142
f 4136 4142 4125
f 4125 4142 4143
f 4125 4143 4126
f 4126 4143 4144
f 4126 4144 4127
f 4127 4144 4145
f 4127 4145 4128
f 4128 4145 4146
f 4128 4146 4129
f 4129 4146 4147
f 4129 4147 4130
f 4130 4147 4148
f 4130 4148 4131
f 4131 4148 4137
f 4143 3894 4144
f 4144 3894 3892
f 4144 3892 4145
f 4145 3892 3891
f 4145 3891 4146
f 4146 3891 3887
f 4146 3887 4147
f 4147 3887 3886
f 4147 3886 4148
f 4148 3886 3885
f 4148 3885 4137
f 4137 3885 3884
f 4137 3884 4138
f 4138 3884 3890
f 4138 3890 4139
f 4139 3890 3889
f 4139 3889 4140
f 4140 3889 3888
f 4140 3888 4141
f 4141 3888 3897
f 4141 3897 4142
f 4142 3897 3896
f 4142 3896 4143
f 4143 3896 3894
f 4010 4149 4011
f 4011 4149 4150
f 4011 4150 4050
f 4050 4150 4151
f 4050 4151 4013
f 4013 4151 4152
f 4013 4152 4014
f 4014 4152 4153
f 4014 4153 4015
f 4015 4153 4154
f 4015 4154 4016
f 4016 4154 4155
f 4016 4155 4017
f 4017 4155 4156
f 4017 4156 3987
f 3987 4156 4157
f 3987 4157 3988
f 3988 4157 4158
f 3988 4158 4006
f 4006 4158 4159
f 4006 4159 4007
f 4007 4159 4160
f 4007 4160 4010
f 4010 4160 4149
f 4152 4161 4153
f 4153 4161 4162
f 4153 4162 4154
f 4154 4162 4163
f 4154 4163 4155
f 4155 4163 4164
f 4155 4164 4156
f 4156 4164 4165
f 4156 4165 4157
f 4157 4165 4166
f 4157 4166 4158
f 4158 4166 4167
f 4158 4167 4159
f 4159 4167 4168
f 4159 4168 4160
f 4160 4168 4169
f 4160 4169 4149
f 4149 4169 4170
f 4149 4170 4150
f 4150 4170 4171
f 4150 4171 4151
f 4151 4171 4172
f 4151 4172 4152
f 4152 4172 4161
f 4170 3899 4171
f 4171 3899 3898
f 4171 3898 4172
f 4172 3898 3902
f 4172 3902 4161
f 4161 3902 3904
f 4161 3904 4162
f 4162 3904 3906
f 4162 3906 4163
f 4163 3906 3908
f 4163 3908 4164
f 4164 3908 3913
f 4164 3913 4165
f 4165 3913 3912
f 4165 3912 4166
f 4166 3912 3910
f 4166 3910 4167
f 4167 3910 3914
f 4167 3914 4168
f 4168 3914 3916
f 4168 3916 4169
f 4169 3916 3917
f 4169 3917 4170
f 4170 3917 3899
f 3928 4085 3929
f 3929 4085 4084
f 3929 4084 3923
f 3923 4084 4083
f 3923 4083 3924
f 3924 4083 4079
f 3924 4079 3930
f 3930 4079 4078
f 3930 4078 3931
f 3931 4078 4082
f 3931 4082 3932
f 3932 4082 4081
f 3932 4081 3925
f 3925 4081 4080
f 3925 4080 3926
f 3926 4080 4077
f 3926 4077 3921
f 3921 4077 4076
f 3921 4076 3922
f 3922 4076 4075
f 3922 4075 3927
f 3927 4075 4074
f 3927 4074 3928
f 3928 4074 4085
f 3963 4026 3964
f 3964 4026 4028
f 3964 4028 3960
f 3960 4028 4029
f 3960 4029 3961
f 3961 4029 4021
f 3961 4021 3965
f 3965 4021 4023
f 3965 4023 3966
f 3966 4023 4025
f 3966 4025 3967
f 3967 4025 4020
f 3967 4020 3956
f 3956 4020 4019
f 3956 4019 3957
f 3957 4019 4033
f 3957 4033 3958
f 3958 4033 4035
f 3958 4035 3959
f 3959 4035 4031
f 3959 4031 3962
f 3962 4031 4030
f 3962 4030 3963
f 3963 4030 4026
f 3948 4055 3949
f 3949 4055 4054
f 3949 4054 3936
f 3936 4054 4053
f 3936 4053 3933
f 3933 4053 4052
f 3933 4052 3934
f 3934 4052 4067
f 3934 4067 3938
f 3938 4067 4070
f 3938 4070 3939
f 3939 4070 4069
f 3939 4069 3941
f 3941 4069 4068
f 3941 4068 3942
f 3942 4068 4060
f 3942 4060 3943
f 3943 4060 4059
f 3943 4059 3946
f 3946 4059 4058
f 3946 4058 3947
f 3947 4058 4057
f 3947 4057 3948
f 3948 4057 4055
f 4098 3858 3857
f 3857 3860 4098
f 4098 3860 3863
f 4098 3863 3977
f 3977 3863 3862
f 3977 3862 3918
f 3448 4098 3435
f 3435 4098 3977
f 3970 3976 4099
f 3955 3954 3986
f 3986 3954 3868
f 3986 3868 4099
f 4099 3868 3871
f 4099 3871 3970
f 4099 4100 3986
f 3986 4100 3985
f 4091 4173 4100
f 4100 4173 4174
f 4100 4174 4175
f 4176 4177 4178
f 4178 4177 4179
f 4180 4181 3984
f 3984 4181 4182
f 3984 4182 4183
f 4184 4185 4022
f 4062 4044 4186
f 4175 4187 4100
f 4100 4187 4188
f 4100 4188 4189
f 4180 3984 4190
f 4190 3984 3985
f 4190 3985 4191
f 4186 4192 4062
f 4062 4192 4193
f 4062 4193 4091
f 4091 4193 4194
f 4091 4194 4173
f 4195 4196 4197
f 4197 4196 4198
f 4185 4177 4022
f 4022 4177 4176
f 4022 4176 4024
f 4024 4176 4199
f 4024 4199 4044
f 4199 4200 4044
f 4044 4200 4201
f 4044 4201 4186
f 4186 4201 4202
f 4186 4202 4203
f 4203 4202 4204
f 4203 4204 4205
f 4205 4204 4206
f 4205 4206 4189
f 4189 4206 4100
f 4100 4206 4207
f 4100 4207 4195
f 4195 4197 4100
f 4100 4197 4208
f 4100 4208 3985
f 3985 4208 4209
f 3985 4209 4210
f 4022 3984 4184
f 4184 3984 4183
f 4184 4183 4211
f 4211 4183 4212
f 4179 4213 4178
f 4178 4213 4214
f 4178 4214 4198
f 4198 4214 4215
f 4198 4215 4197
f 4210 4216 3985
f 3985 4216 4217
f 3985 4217 4191
f 4212 4218 4211
f 4211 4218 4219
f 4211 4219 4210
f 4210 4219 4220
f 4210 4220 4216
f 4221 4222 3448
f 3448 4222 4223
f 3448 4223 3439
f 4224 4225 4226
f 4227 4090 4228
f 4228 4090 3439
f 4228 3439 4229
f 4229 3439 4223
f 4230 4231 3437
f 4226 4225 4232
f 4232 4225 4233
f 4232 4233 4234
f 4235 4236 3435
f 3435 4236 4237
f 3435 4237 3448
f 3448 4237 4238
f 3448 4238 4234
f 4227 4224 4090
f 4090 4224 4226
f 4090 4226 4004
f 4239 4087 4240
f 4240 4087 4086
f 4240 4086 4241
f 4241 4086 4004
f 4241 4004 4242
f 4242 4004 4226
f 4230 3437 4243
f 4244 4245 3435
f 3435 4245 4246
f 3435 4246 4235
f 4233 4247 4234
f 4234 4247 4248
f 4234 4248 3448
f 3448 4248 4249
f 3448 4249 4221
f 4250 4087 4251
f 4251 4087 4239
f 4251 4239 4252
f 4252 4239 4253
f 4252 4253 4254
f 4254 4253 4235
f 4254 4235 4255
f 4255 4235 4246
f 4250 4256 4087
f 4087 4256 4257
f 4087 4257 3437
f 3437 4257 4258
f 3437 4258 4243
f 4231 4259 3437
f 3437 4259 4260
f 3437 4260 3435
f 3435 4260 4261
f 3435 4261 4262
f 4262 4263 3435
f 3435 4263 4264
f 3435 4264 4244
f 4244 4264 4265
f 4244 4265 4266
f 4266 4265 4267
f 4266 4267 4258
f 4258 4267 4268
f 4258 4268 4243
f 4269 4270 4271
f 4272 4270 4269
f 4269 4273 4274
f 4275 4273 4269
f 4271 4275 4269
f 4269 4276 4277
f 4278 4276 4269
f 4274 4278 4269
f 4269 4279 4280
f 4281 4279 4269
f 4277 4281 4269
f 4280 4272 4269
f 4272 4267 4270
f 4270 4267 4265
f 4270 4265 4271
f 4271 4265 4264
f 4271 4264 4275
f 4275 4264 4263
f 4275 4263 4273
f 4273 4263 4262
f 4273 4262 4274
f 4274 4262 4261
f 4274 4261 4278
f 4278 4261 4260
f 4278 4260 4276
f 4276 4260 4259
f 4276 4259 4277
f 4277 4259 4231
f 4277 4231 4281
f 4281 4231 4230
f 4281 4230 4279
f 4279 4230 4243
f 4279 4243 4280
f 4280 4243 4268
f 4280 4268 4272
f 4272 4268 4267
f 4282 4283 4284
f 4285 4283 4282
f 4282 4286 4287
f 4288 4286 4282
f 4284 4288 4282
f 4282 4289 4290
f 4291 4289 4282
f 4287 4291 4282
f 4282 4292 4293
f 4294 4292 4282
f 4290 4294 4282
f 4293 4285 4282
f 4285 4252 4283
f 4283 4252 4254
f 4283 4254 4284
f 4284 4254 4255
f 4284 4255 4288
f 4288 4255 4246
f 4288 4246 4286
f 4286 4246 4245
f 4286 4245 4287
f 4287 4245 4244
f 4287 4244 4291
f 4291 4244 4266
f 4291 4266 4289
f 4289 4266 4258
f 4289 4258 4290
f 4290 4258 4257
f 4290 4257 4294
f 4294 4257 4256
f 4294 4256 4292
f 4292 4256 4250
f 4292 4250 4293
f 4293 4250 4251
f 4293 4251 4285
f 4285 4251 4252
f 4295 4296 4297
f 4298 4296 4295
f 4295 4299 4300
f 4301 4299 4295
f 4297 4301 4295
f 4295 4302 4303
f 4304 4302 4295
f 4300 4304 4295
f 4295 4305 4306
f 4307 4305 4295
f 4303 4307 4295
f 4306 4298 4295
f 4298 4223 4296
f 4296 4223 4222
f 4296 4222 4297
f 4297 4222 4221
f 4297 4221 4301
f 4301 4221 4249
f 4301 4249 4299
f 4299 4249 4248
f 4299 4248 4300
f 4300 4248 4247
f 4300 4247 4304
f 4304 4247 4233
f 4304 4233 4302
f 4302 4233 4225
f 4302 4225 4303
f 4303 4225 4224
f 4303 4224 4307
f 4307 4224 4227
f 4307 4227 4305
f 4305 4227 4228
f 4305 4228 4306
f 4306 4228 4229
f 4306 4229 4298
f 4298 4229 4223
f 4308 4309 4310
f 4311 4309 4308
f 4308 4312 4313
f 4314 4312 4308
f 4310 4314 4308
f 4308 4315 4316
f 4317 4315 4308
f 4313 4317 4308
f 4308 4318 4319
f 4320 4318 4308
f 4316 4320 4308
f 4319 4311 4308
f 4311 4232 4309
f 4309 4232 4234
f 4309 4234 4310
f 4310 4234 4238
f 4310 4238 4314
f 4314 4238 4237
f 4314 4237 4312
f 4312 4237 4236
f 4312 4236 4313
f 4313 4236 4235
f 4313 4235 4317
f 4317 4235 4253
f 4317 4253 4315
f 4315 4253 4239
f 4315 4239 4316
f 4316 4239 4240
f 4316 4240 4320
f 4320 4240 4241
f 4320 4241 4318
f 4318 4241 4242
f 4318 4242 4319
f 4319 4242 4226
f 4319 4226 4311
f 4311 4226 4232
f 4321 4322 4323
f 4324 4322 4321
f 4321 4325 4326
f 4327 4325 4321
f 4323 4327 4321
f 4321 4328 4329
f 4330 4328 4321
f 4326 4330 4321
f 4321 4331 4332
f 4333 4331 4321
f 4329 4333 4321
f 4332 4324 4321
f 4324 4180 4322
f 4322 4180 4190
f 4322 4190 4323
f 4323 4190 4191
f 4323 4191 4327
f 4327 4191 4217
f 4327 4217 4325
f 4325 4217 4216
f 4325 4216 4326
f 4326 4216 4220
f 4326 4220 4330
f 4330 4220 4219
f 4330 4219 4328
f 4328 4219 4218
f 4328 4218 4329
f 4329 4218 4212
f 4329 4212 4333
f 4333 4212 4183
f 4333 4183 4331
f 4331 4183 4182
f 4331 4182 4332
f 4332 4182 4181
f 4332 4181 4324
f 4324 4181 4180
f 4334 4335 4336
f 4337 4335 4334
f 4334 4338 4339
f 4340 4338 4334
f 4336 4340 4334
f 4334 4341 4342
f 4343 4341 4334
f 4339 4343 4334
f 4334 4344 4345
f 4346 4344 4334
f 4342 4346 4334
f 4345 4337 4334
f 4337 4211 4335
f 4335 4211 4210
f 4335 4210 4336
f 4336 4210 4209
f 4336 4209 4340
f 4340 4209 4208
f 4340 4208 4338
f 4338 4208 4197
f 4338 4197 4339
f 4339 4197 4215
f 4339 4215 4343
f 4343 4215 4214
f 4343 4214 4341
f 4341 4214 4213
f 4341 4213 4342
f 4342 4213 4179
f 4342 4179 4346
f 4346 4179 4177
f 4346 4177 4344
f 4344 4177 4185
f 4344 4185 4345
f 4345 4185 4184
f 4345 4184 4337
f 4337 4184 4211
f 4347 4348 4349
f 4350 4348 4347
f 4347 4351 4352
f 4353 4351 4347
f 4349 4353 4347
f 4347 4354 4355
f 4356 4354 4347
f 4352 4356 4347
f 4347 4357 4358
f 4359 4357 4347
f 4355 4359 4347
f 4358 4350 4347
f 4350 4203 4348
f 4348 4203 4205
f 4348 4205 4349
f 4349 4205 4189
f 4349 4189 4353
f 4353 4189 4188
f 4353 4188 4351
f 4351 4188 4187
f 4351 4187 4352
f 4352 4187 4175
f 4352 4175 4356
f 4356 4175 4174
f 4356 4174 4354
f 4354 4174 4173
f 4354 4173 4355
f 4355 4173 4194
f 4355 4194 4359
f 4359 4194 4193
f 4359 4193 4357
f 4357 4193 4192
f 4357 4192 4358
f 4358 4192 4186
f 4358 4186 4350
f 4350 4186 4203
f 4360 4361 4362
f 4363 4361 4360
f 4360 4364 4365
f 4366 4364 4360
f 4362 4366 4360
f 4360 4367 4368
f 4369 4367 4360
f 4365 4369 4360
f 4360 4370 4371
f 4372 4370 4360
f 4368 4372 4360
f 4371 4363 4360
f 4363 4178 4361
f 4361 4178 4198
f 4361 4198 4362
f 4362 4198 4196
f 4362 4196 4366
f 4366 4196 4195
f 4366 4195 4364
f 4364 4195 4207
f 4364 4207 4365
f 4365 4207 4206
f 4365 4206 4369
f 4369 4206 4204
f 4369 4204 4367
f 4367 4204 4202
f 4367 4202 4368
f 4368 4202 4201
f 4368 4201 4372
f 4372 4201 4200
f 4372 4200 4370
f 4370 4200 4199
f 4370 4199 4371
f 4371 4199 4176
f 4371 4176 4363
f 4363 4176 4178
f 4373 4374 4375
f 4375 4374 4376
f 4375 4376 4377
f 4377 4376 4378
f 4377 4378 4379
f 4379 4378 4380
f 4379 4380 4381
f 4381 4380 4382
f 4381 4382 4383
f 4383 4382 4384
f 4383 4384 4385
f 4385 4384 4386
f 4387 4388 4389
f 4389 4388 4390
f 4389 4390 4391
f 4391 4390 4392
f 4391 4392 4393
f 4393 4392 4394
f 4393 4394 4395
f 4395 4394 4396
f 4395 4396 4397
f 4397 4396 4398
f 4397 4398 4399
f 4399 4398 4400
f 4401 3984 4402
f 4402 3984 3985
f 4402 3985 4403
f 4404 4405 4406
f 4406 4405 4407
f 4406 4407 4408
f 4408 4407 4402
f 4408 4402 4409
f 4409 4402 4403
f 4401 4410 3984
f 3984 4410 4411
f 4412 4091 4413
f 4413 4091 3984
f 4413 3984 4414
f 4414 3984 4411
f 4412 4415 4091
f 4091 4415 4416
f 4091 4416 4417
f 4418 4419 4100
f 4420 4418 4421
f 4421 4418 4100
f 4421 4100 4417
f 4417 4100 4091
f 4422 4423 4424
f 4425 4426 4427
f 4420 4421 4428
f 4429 4430 4427
f 4430 4431 4427
f 4427 4431 4432
f 4427 4432 4425
f 4424 4433 4427
f 4427 4433 4434
f 4427 4434 4429
f 4435 4436 4437
f 4436 4438 4437
f 4437 4438 4439
f 4437 4439 4424
f 4424 4439 4440
f 4424 4440 4433
f 4438 4441 4439
f 4439 4441 4442
f 4439 4442 4443
f 4443 4442 4444
f 4443 4444 4445
f 4445 4444 4446
f 4445 4446 4447
f 4448 4449 4450
f 4450 4449 4451
f 4450 4451 4437
f 4437 4451 4452
f 4437 4452 4435
f 4453 4454 4455
f 4455 4454 4456
f 4455 4456 4457
f 4457 4456 4458
f 4457 4458 4450
f 4450 4458 4445
f 4450 4445 4448
f 4448 4445 4447
f 4459 4460 4455
f 4455 4460 4461
f 4455 4461 4453
f 4462 4463 4464
f 4465 4466 4467
f 4467 4466 4468
f 4467 4468 4469
f 4470 4457 4471
f 4471 4457 4450
f 4471 4450 4472
f 4472 4450 4469
f 4470 4473 4457
f 4457 4473 4474
f 4457 4474 4455
f 4455 4474 4475
f 4455 4475 4476
f 4476 4475 4477
f 4476 4477 4478
f 4478 4477 4479
f 4416 4480 4481
f 4480 4416 4482
f 4482 4416 4415
f 4482 4415 4483
f 4484 4485 4486
f 4486 4485 4428
f 4486 4428 4487
f 4487 4428 4488
f 4483 4415 4489
f 4489 4415 4412
f 4489 4412 4490
f 4490 4491 4492
f 4492 4491 4485
f 4492 4485 4493
f 4493 4485 4484
f 4416 4494 4495
f 4496 4497 4428
f 4481 4488 4416
f 4416 4488 4428
f 4416 4428 4494
f 4494 4428 4497
f 4421 4498 4428
f 4428 4498 4499
f 4428 4499 4496
f 4500 4417 4501
f 4501 4417 4416
f 4501 4416 4502
f 4502 4416 4495
f 4500 4503 4417
f 4417 4503 4504
f 4417 4504 4421
f 4421 4504 4505
f 4421 4505 4498
f 4490 4412 4491
f 4491 4412 4413
f 4491 4413 4467
f 4506 4507 4413
f 4413 4507 4508
f 4413 4508 4467
f 4467 4508 4509
f 4467 4509 4510
f 4510 4511 4467
f 4467 4511 4478
f 4467 4478 4465
f 4465 4478 4479
f 4512 4513 4414
f 4414 4513 4514
f 4414 4514 4413
f 4413 4514 4515
f 4413 4515 4506
f 4511 4516 4478
f 4478 4516 4517
f 4478 4517 4512
f 4411 4518 4519
f 4520 4521 4522
f 4522 4521 4523
f 4512 4414 4478
f 4478 4414 4411
f 4478 4411 4476
f 4476 4411 4519
f 4476 4519 4524
f 4523 4525 4522
f 4522 4525 4526
f 4522 4526 4410
f 4410 4526 4527
f 4527 4528 4410
f 4410 4528 4529
f 4410 4529 4411
f 4411 4529 4530
f 4411 4530 4518
f 4410 4401 4522
f 4522 4401 4402
f 4522 4402 4462
f 4462 4402 4407
f 4462 4407 4463
f 4422 4424 4531
f 4426 4420 4427
f 4427 4420 4428
f 4427 4428 4532
f 4532 4428 4533
f 4532 4534 4427
f 4427 4534 4535
f 4427 4535 4424
f 4424 4535 4536
f 4424 4536 4531
f 4537 4538 4485
f 4485 4538 4539
f 4485 4539 4428
f 4428 4539 4540
f 4428 4540 4533
f 4469 4450 4467
f 4467 4450 4437
f 4467 4437 4491
f 4491 4437 4424
f 4491 4424 4485
f 4485 4424 4423
f 4485 4423 4537
f 4524 4520 4476
f 4476 4520 4522
f 4476 4522 4455
f 4455 4522 4462
f 4455 4462 4459
f 4459 4462 4464
f 4541 4542 4400
f 4400 4542 4543
f 4378 4419 4380
f 4380 4419 4418
f 4380 4418 4382
f 4382 4418 4384
f 4544 4545 4388
f 4388 4545 4546
f 4388 4546 4390
f 4547 4548 4549
f 4549 4548 4550
f 4551 4552 4386
f 4386 4552 4553
f 4409 4403 4374
f 4374 4403 4419
f 4374 4419 4376
f 4376 4419 4378
f 4418 4392 4390
f 4554 4555 4556
f 4556 4555 4557
f 4556 4557 4558
f 4558 4557 4559
f 4558 4559 4560
f 4560 4559 4561
f 4560 4561 4562
f 4547 4563 4548
f 4548 4563 4564
f 4548 4564 4565
f 4566 4567 4550
f 4550 4567 4568
f 4550 4568 4549
f 4386 4384 4551
f 4551 4384 4418
f 4551 4418 4569
f 4569 4418 4390
f 4569 4390 4570
f 4570 4390 4546
f 4542 4571 4543
f 4543 4571 4572
f 4543 4572 4573
f 4573 4572 4560
f 4573 4560 4574
f 4574 4560 4562
f 4564 4575 4565
f 4565 4575 4576
f 4565 4576 4577
f 4577 4576 4578
f 4577 4578 4556
f 4556 4578 4579
f 4556 4579 4554
f 4580 4404 4581
f 4581 4404 4386
f 4582 4583 4584
f 4584 4583 4585
f 4584 4585 4586
f 4586 4585 4587
f 4586 4587 4588
f 4392 4418 4394
f 4394 4418 4589
f 4394 4589 4396
f 4396 4589 4590
f 4396 4590 4398
f 4398 4590 4567
f 4398 4567 4400
f 4400 4567 4566
f 4400 4566 4541
f 4582 4584 4553
f 4553 4584 4591
f 4553 4591 4386
f 4386 4591 4592
f 4386 4592 4581
f 4587 4544 4588
f 4588 4544 4388
f 4588 4388 4593
f 4593 4388 4594
f 4580 4595 4404
f 4404 4595 4596
f 4404 4596 4405
f 4405 4596 4597
f 4405 4597 4594
f 4594 4597 4598
f 4594 4598 4593
f 4569 4599 4551
f 4551 4599 4600
f 4551 4600 4552
f 4552 4600 4601
f 4552 4601 4553
f 4553 4601 4602
f 4553 4602 4582
f 4582 4602 4603
f 4582 4603 4583
f 4583 4603 4604
f 4583 4604 4585
f 4585 4604 4605
f 4585 4605 4587
f 4587 4605 4606
f 4587 4606 4544
f 4544 4606 4607
f 4544 4607 4545
f 4545 4607 4608
f 4545 4608 4546
f 4546 4608 4609
f 4546 4609 4570
f 4570 4609 4610
f 4570 4610 4569
f 4569 4610 4599
f 4610 4611 4599
f 4599 4611 4612
f 4599 4612 4600
f 4600 4612 4613
f 4600 4613 4601
f 4601 4613 4614
f 4601 4614 4602
f 4602 4614 4615
f 4602 4615 4603
f 4603 4615 4616
f 4603 4616 4604
f 4604 4616 4617
f 4604 4617 4605
f 4605 4617 4618
f 4605 4618 4606
f 4606 4618 4619
f 4606 4619 4607
f 4607 4619 4620
f 4607 4620 4608
f 4608 4620 4621
f 4608 4621 4609
f 4609 4621 4622
f 4609 4622 4610
f 4610 4622 4611
f 4612 4532 4613
f 4613 4532 4533
f 4613 4533 4614
f 4614 4533 4540
f 4614 4540 4615
f 4615 4540 4539
f 4615 4539 4616
f 4616 4539 4538
f 4616 4538 4617
f 4617 4538 4537
f 4617 4537 4618
f 4618 4537 4423
f 4618 4423 4619
f 4619 4423 4422
f 4619 4422 4620
f 4620 4422 4531
f 4620 4531 4621
f 4621 4531 4536
f 4621 4536 4622
f 4622 4536 4535
f 4622 4535 4611
f 4611 4535 4534
f 4611 4534 4612
f 4612 4534 4532
f 4584 4623 4591
f 4591 4623 4624
f 4591 4624 4592
f 4592 4624 4625
f 4592 4625 4581
f 4581 4625 4626
f 4581 4626 4580
f 4580 4626 4627
f 4580 4627 4595
f 4595 4627 4628
f 4595 4628 4596
f 4596 4628 4629
f 4596 4629 4597
f 4597 4629 4630
f 4597 4630 4598
f 4598 4630 4631
f 4598 4631 4593
f 4593 4631 4632
f 4593 4632 4588
f 4588 4632 4633
f 4588 4633 4586
f 4586 4633 4634
f 4586 4634 4584
f 4584 4634 4623
f 4634 4635 4623
f 4623 4635 4636
f 4623 4636 4624
f 4624 4636 4637
f 4624 4637 4625
f 4625 4637 4638
f 4625 4638 4626
f 4626 4638 4639
f 4626 4639 4627
f 4627 4639 4640
f 4627 4640 4628
f 4628 4640 4641
f 4628 4641 4629
f 4629 4641 4642
f 4629 4642 4630
f 4630 4642 4643
f 4630 4643 4631
f 4631 4643 4644
f 4631 4644 4632
f 4632 4644 4645
f 4632 4645 4633
f 4633 4645 4646
f 4633 4646 4634
f 4634 4646 4635
f 4636 4469 4637
f 4637 4469 4468
f 4637 4468 4638
f 4638 4468 4466
f 4638 4466 4639
f 4639 4466 4465
f 4639 4465 4640
f 4640 4465 4479
f 4640 4479 4641
f 4641 4479 4477
f 4641 4477 4642
f 4642 4477 4475
f 4642 4475 4643
f 4643 4475 4474
f 4643 4474 4644
f 4644 4474 4473
f 4644 4473 4645
f 4645 4473 4470
f 4645 4470 4646
f 4646 4470 4471
f 4646 4471 4635
f 4635 4471 4472
f 4635 4472 4636
f 4636 4472 4469
f 4550 4647 4566
f 4566 4647 4648
f 4566 4648 4541
f 4541 4648 4649
f 4541 4649 4542
f 4542 4649 4650
f 4542 4650 4571
f 4571 4650 4651
f 4571 4651 4572
f 4572 4651 4652
f 4572 4652 4560
f 4560 4652 4653
f 4560 4653 4558
f 4558 4653 4654
f 4558 4654 4556
f 4556 4654 4655
f 4556 4655 4577
f 4577 4655 4656
f 4577 4656 4565
f 4565 4656 4657
f 4565 4657 4548
f 4548 4657 4658
f 4548 4658 4550
f 4550 4658 4647
f 4655 4659 4656
f 4656 4659 4660
f 4656 4660 4657
f 4657 4660 4661
f 4657 4661 4658
f 4658 4661 4662
f 4658 4662 4647
f 4647 4662 4663
f 4647 4663 4648
f 4648 4663 4664
f 4648 4664 4649
f 4649 4664 4665
f 4649 4665 4650
f 4650 4665 4666
f 4650 4666 4651
f 4651 4666 4667
f 4651 4667 4652
f 4652 4667 4668
f 4652 4668 4653
f 4653 4668 4669
f 4653 4669 4654
f 4654 4669 4670
f 4654 4670 4655
f 4655 4670 4659
f 4663 4438 4664
f 4664 4438 4436
f 4664 4436 4665
f 4665 4436 4435
f 4665 4435 4666
f 4666 4435 4452
f 4666 4452 4667
f 4667 4452 4451
f 4667 4451 4668
f 4668 4451 4449
f 4668 4449 4669
f 4669 4449 4448
f 4669 4448 4670
f 4670 4448 4447
f 4670 4447 4659
f 4659 4447 4446
f 4659 4446 4660
f 4660 4446 4444
f 4660 4444 4661
f 4661 4444 4442
f 4661 4442 4662
f 4662 4442 4441
f 4662 4441 4663
f 4663 4441 4438
f 4409 4374 4408
f 4408 4374 4373
f 4406 4385 4404
f 4404 4385 4386
f 4594 4388 4671
f 4671 4388 4387
f 4672 4399 4543
f 4543 4399 4400
f 4406 4408 4385
f 4385 4408 4373
f 4385 4373 4375
f 4381 4383 4379
f 4379 4383 4385
f 4379 4385 4377
f 4377 4385 4375
f 4673 4671 4387
f 4399 4672 4673
f 4393 4395 4397
f 4673 4387 4399
f 4399 4387 4389
f 4399 4389 4397
f 4397 4389 4391
f 4397 4391 4393
f 4672 4543 4573
f 4672 4464 4673
f 4673 4464 4463
f 4673 4463 4671
f 4671 4463 4407
f 4671 4407 4594
f 4594 4407 4405
f 4672 4573 4464
f 4464 4573 4574
f 4464 4574 4459
f 4459 4574 4562
f 4459 4562 4460
f 4460 4562 4561
f 4460 4561 4461
f 4461 4561 4559
f 4461 4559 4453
f 4453 4559 4557
f 4453 4557 4454
f 4454 4557 4555
f 4454 4555 4456
f 4456 4555 4554
f 4456 4554 4458
f 4458 4554 4579
f 4458 4579 4445
f 4445 4579 4578
f 4445 4578 4443
f 4443 4578 4576
f 4443 4576 4439
f 4439 4576 4575
f 4439 4575 4440
f 4440 4575 4564
f 4440 4564 4433
f 4433 4564 4563
f 4433 4563 4434
f 4434 4563 4547
f 4434 4547 4429
f 4429 4547 4549
f 4429 4549 4430
f 4430 4549 4568
f 4430 4568 4431
f 4431 4568 4567
f 4431 4567 4432
f 4432 4567 4590
f 4432 4590 4425
f 4425 4590 4589
f 4425 4589 4426
f 4426 4589 4418
f 4426 4418 4420
f 4403 3985 4419
f 4419 3985 4100
f 4674 4675 4676
f 4677 4100 4678
f 4678 4100 3985
f 4677 4679 4100
f 4100 4679 4680
f 4100 4680 4091
f 4680 4681 4091
f 4091 4681 4682
f 4091 4682 4683
f 4675 4684 4685
f 4685 4684 4686
f 4685 4686 4687
f 4687 4686 4688
f 4687 4688 4683
f 4683 4688 4689
f 4683 4689 4091
f 4091 4689 4690
f 4091 4690 4691
f 4091 4692 3984
f 3984 4692 4693
f 4694 4695 4696
f 4696 4695 4697
f 4696 4697 4676
f 4676 4697 4698
f 4676 4698 4674
f 4694 4696 4691
f 4691 4696 4699
f 4691 4699 4091
f 4091 4699 4700
f 4091 4700 4701
f 4693 4702 3984
f 3984 4702 4703
f 3984 4703 3985
f 3985 4704 4675
f 4675 4704 4705
f 4675 4705 4676
f 4685 4706 4675
f 4675 4706 4707
f 4675 4707 3985
f 3985 4707 4708
f 3985 4708 4678
f 4709 4710 4711
f 4711 4710 4712
f 4711 4712 4713
f 4713 4712 4714
f 4713 4714 4701
f 4701 4714 4715
f 4701 4715 4091
f 4091 4715 4716
f 4091 4716 4692
f 4703 4717 3985
f 3985 4717 4718
f 3985 4718 4709
f 4711 4719 4709
f 4709 4719 4720
f 4709 4720 3985
f 3985 4720 4721
f 3985 4721 4704
f 4696 4722 4699
f 4699 4722 4723
f 4699 4723 4700
f 4700 4723 4724
f 4700 4724 4701
f 4701 4724 4725
f 4701 4725 4713
f 4713 4725 4726
f 4713 4726 4711
f 4711 4726 4727
f 4711 4727 4719
f 4719 4727 4728
f 4719 4728 4720
f 4720 4728 4729
f 4720 4729 4721
f 4721 4729 4730
f 4721 4730 4704
f 4704 4730 4731
f 4704 4731 4705
f 4705 4731 4732
f 4705 4732 4676
f 4676 4732 4733
f 4676 4733 4696
f 4696 4733 4722
f 4726 4734 4727
f 4727 4734 4735
f 4727 4735 4728
f 4728 4735 4736
f 4728 4736 4729
f 4729 4736 4737
f 4729 4737 4730
f 4730 4737 4738
f 4730 4738 4731
f 4731 4738 4739
f 4731 4739 4732
f 4732 4739 4740
f 4732 4740 4733
f 4733 4740 4741
f 4733 4741 4722
f 4722 4741 4742
f 4722 4742 4723
f 4723 4742 4743
f 4723 4743 4724
f 4724 4743 4744
f 4724 4744 4725
f 4725 4744 4745
f 4725 4745 4726
f 4726 4745 4734
f 4742 4508 4743
f 4743 4508 4507
f 4743 4507 4744
f 4744 4507 4506
f 4744 4506 4745
f 4745 4506 4515
f 4745 4515 4734
f 4734 4515 4514
f 4734 4514 4735
f 4735 4514 4513
f 4735 4513 4736
f 4736 4513 4512
f 4736 4512 4737
f 4737 4512 4517
f 4737 4517 4738
f 4738 4517 4516
f 4738 4516 4739
f 4739 4516 4511
f 4739 4511 4740
f 4740 4511 4510
f 4740 4510 4741
f 4741 4510 4509
f 4741 4509 4742
f 4742 4509 4508
f 4714 4746 4715
f 4715 4746 4747
f 4715 4747 4716
f 4716 4747 4748
f 4716 4748 4692
f 4692 4748 4749
f 4692 4749 4693
f 4693 4749 4750
f 4693 4750 4702
f 4702 4750 4751
f 4702 4751 4703
f 4703 4751 4752
f 4703 4752 4717
f 4717 4752 4753
f 4717 4753 4718
f 4718 4753 4754
f 4718 4754 4709
f 4709 4754 4755
f 4709 4755 4710
f 4710 4755 4756
f 4710 4756 4712
f 4712 4756 4757
f 4712 4757 4714
f 4714 4757 4746
f 4747 4758 4748
f 4748 4758 4759
f 4748 4759 4749
f 4749 4759 4760
f 4749 4760 4750
f 4750 4760 4761
f 4750 4761 4751
f 4751 4761 4762
f 4751 4762 4752
f 4752 4762 4763
f 4752 4763 4753
f 4753 4763 4764
f 4753 4764 4754
f 4754 4764 4765
f 4754 4765 4755
f 4755 4765 4766
f 4755 4766 4756
f 4756 4766 4767
f 4756 4767 4757
f 4757 4767 4768
f 4757 4768 4746
f 4746 4768 4769
f 4746 4769 4747
f 4747 4769 4758
f 4769 4519 4758
f 4758 4519 4518
f 4758 4518 4759
f 4759 4518 4530
f 4759 4530 4760
f 4760 4530 4529
f 4760 4529 4761
f 4761 4529 4528
f 4761 4528 4762
f 4762 4528 4527
f 4762 4527 4763
f 4763 4527 4526
f 4763 4526 4764
f 4764 4526 4525
f 4764 4525 4765
f 4765 4525 4523
f 4765 4523 4766
f 4766 4523 4521
f 4766 4521 4767
f 4767 4521 4520
f 4767 4520 4768
f 4768 4520 4524
f 4768 4524 4769
f 4769 4524 4519
f 4688 4770 4689
f 4689 4770 4771
f 4689 4771 4690
f 4690 4771 4772
f 4690 4772 4691
f 4691 4772 4773
f 4691 4773 4694
f 4694 4773 4774
f 4694 4774 4695
f 4695 4774 4775
f 4695 4775 4697
f 4697 4775 4776
f 4697 4776 4698
f 4698 4776 4777
f 4698 4777 4674
f 4674 4777 4778
f 4674 4778 4675
f 4675 4778 4779
f 4675 4779 4684
f 4684 4779 4780
f 4684 4780 4686
f 4686 4780 4781
f 4686 4781 4688
f 4688 4781 4770
f 4774 4782 4775
f 4775 4782 4783
f 4775 4783 4776
f 4776 4783 4784
f 4776 4784 4777
f 4777 4784 4785
f 4777 4785 4778
f 4778 4785 4786
f 4778 4786 4779
f 4779 4786 4787
f 4779 4787 4780
f 4780 4787 4788
f 4780 4788 4781
f 4781 4788 4789
f 4781 4789 4770
f 4770 4789 4790
f 4770 4790 4771
f 4771 4790 4791
f 4771 4791 4772
f 4772 4791 4792
f 4772 4792 4773
f 4773 4792 4793
f 4773 4793 4774
f 4774 4793 4782
f 4790 4488 4791
f 4791 4488 4481
f 4791 4481 4792
f 4792 4481 4480
f 4792 4480 4793
f 4793 4480 4482
f 4793 4482 4782
f 4782 4482 4483
f 4782 4483 4783
f 4783 4483 4489
f 4783 4489 4784
f 4784 4489 4490
f 4784 4490 4785
f 4785 4490 4492
f 4785 4492 4786
f 4786 4492 4493
f 4786 4493 4787
f 4787 4493 4484
f 4787 4484 4788
f 4788 4484 4486
f 4788 4486 4789
f 4789 4486 4487
f 4789 4487 4790
f 4790 4487 4488
f 4680 4794 4681
f 4681 4794 4795
f 4681 4795 4682
f 4682 4795 4796
f 4682 4796 4683
f 4683 4796 4797
f 4683 4797 4687
f 4687 4797 4798
f 4687 4798 4685
f 4685 4798 4799
f 4685 4799 4706
f 4706 4799 4800
f 4706 4800 4707
f 4707 4800 4801
f 4707 4801 4708
f 4708 4801 4802
f 4708 4802 4678
f 4678 4802 4803
f 4678 4803 4677
f 4677 4803 4804
f 4677 4804 4679
f 4679 4804 4805
f 4679 4805 4680
f 4680 4805 4794
f 4796 4806 4797
f 4797 4806 4807
f 4797 4807 4798
f 4798 4807 4808
f 4798 4808 4799
f 4799 4808 4809
f 4799 4809 4800
f 4800 4809 4810
f 4800 4810 4801
f 4801 4810 4811
f 4801 4811 4802
f 4802 4811 4812
f 4802 4812 4803
f 4803 4812 4813
f 4803 4813 4804
f 4804 4813 4814
f 4804 4814 4805
f 4805 4814 4815
f 4805 4815 4794
f 4794 4815 4816
f 4794 4816 4795
f 4795 4816 4817
f 4795 4817 4796
f 4796 4817 4806
f 4816 4504 4817
f 4817 4504 4503
f 4817 4503 4806
f 4806 4503 4500
f 4806 4500 4807
f 4807 4500 4501
f 4807 4501 4808
f 4808 4501 4502
f 4808 4502 4809
f 4809 4502 4495
f 4809 4495 4810
f 4810 4495 4494
f 4810 4494 4811
f 4811 4494 4497
f 4811 4497 4812
f 4812 4497 4496
f 4812 4496 4813
f 4813 4496 4499
f 4813 4499 4814
f 4814 4499 4498
f 4814 4498 4815
f 4815 4498 4505
f 4815 4505 4816
f 4816 4505 4504

