mtllib material.mtl
usemtl mtl_ARM_BASE_LINK
v -0.03000000 0.00000000 0.01200000
v -0.03000000 0.00000000 0.00300000
v -0.02924784 0.00667563 0.01200000
v -0.02924784 0.00667563 0.00300000
v -0.02702907 0.01301651 0.01200000
v -0.02702907 0.01301651 0.00300000
v -0.02345494 0.01870469 0.01200000
v -0.02345494 0.01870469 0.00300000
v -0.01870469 0.02345494 0.01200000
v -0.01870469 0.02345494 0.00300000
v -0.01301651 0.02702907 0.01200000
v -0.01301651 0.02702907 0.00300000
v -0.00667563 0.02924784 0.01200000
v -0.00667563 0.02924784 0.00300000
v 0.00000000 0.03000000 0.01200000
v 0.00000000 0.03000000 0.00300000
v 0.00667563 0.02924784 0.01200000
v 0.00667563 0.02924784 0.00300000
v 0.01301651 0.02702907 0.01200000
v 0.01301651 0.02702907 0.00300000
v 0.01870469 0.02345494 0.01200000
v 0.01870469 0.02345494 0.00300000
v 0.02345494 0.01870469 0.01200000
v 0.02345494 0.01870469 0.00300000
v 0.02702907 0.01301651 0.01200000
v 0.02702907 0.01301651 0.00300000
v 0.02924784 0.00667563 0.01200000
v 0.02924784 0.00667563 0.00300000
v 0.03000000 0.00000000 0.01200000
v 0.03000000 0.00000000 0.00300000
v 0.02924784 -0.00667563 0.01200000
v 0.02924784 -0.00667563 0.00300000
v 0.02702907 -0.01301651 0.01200000
v 0.02702907 -0.01301651 0.00300000
v 0.02345494 -0.01870469 0.01200000
v 0.02345494 -0.01870469 0.00300000
v 0.01870469 -0.02345494 0.01200000
v 0.01870469 -0.02345494 0.00300000
v 0.01301651 -0.02702907 0.01200000
v 0.01301651 -0.02702907 0.00300000
v 0.00667563 -0.02924784 0.01200000
v 0.00667563 -0.02924784 0.00300000
v 0.00000000 -0.03000000 0.01200000
v 0.00000000 -0.03000000 0.00300000
v -0.00667563 -0.02924784 0.01200000
v -0.00667563 -0.02924784 0.00300000
v -0.01301651 -0.02702907 0.01200000
v -0.01301651 -0.02702907 0.00300000
v -0.01870469 -0.02345494 0.01200000
v -0.01870469 -0.02345494 0.00300000
v -0.02345494 -0.01870469 0.01200000
v -0.02345494 -0.01870469 0.00300000
v -0.02702907 -0.01301651 0.01200000
v -0.02702907 -0.01301651 0.00300000
v -0.02924784 -0.00667563 0.01200000
v -0.02924784 -0.00667563 0.00300000
v 0.01471124 0.03141190 0.00300000
v 0.01471124 0.03141190 0.00860000
v 0.01448348 0.03226190 0.00300000
v 0.01448348 0.03226190 0.00860000
v 0.01386124 0.03288415 0.00300000
v 0.01386124 0.03288415 0.00860000
v 0.01301124 0.03311190 0.00300000
v 0.01301124 0.03311190 0.00860000
v 0.01216124 0.03288415 0.00300000
v 0.01216124 0.03288415 0.00860000
v 0.01153899 0.03226190 0.00300000
v 0.01153899 0.03226190 0.00860000
v 0.01131124 0.03141190 0.00300000
v 0.01131124 0.03141190 0.00860000
v 0.01153899 0.03056190 0.00300000
v 0.01153899 0.03056190 0.00860000
v 0.01216124 0.02993966 0.00300000
v 0.01216124 0.02993966 0.00860000
v 0.01301124 0.02971190 0.00300000
v 0.01301124 0.02971190 0.00860000
v 0.01386124 0.02993966 0.00300000
v 0.01386124 0.02993966 0.00860000
v 0.01448348 0.03056190 0.00300000
v 0.01448348 0.03056190 0.00860000
v 0.03311190 0.01301124 0.00300000
v 0.03311190 0.01301124 0.00860000
v 0.03288415 0.01386124 0.00300000
v 0.03288415 0.01386124 0.00860000
v 0.03226190 0.01448348 0.00300000
v 0.03226190 0.01448348 0.00860000
v 0.03141190 0.01471124 0.00300000
v 0.03141190 0.01471124 0.00860000
v 0.03056190 0.01448348 0.00300000
v 0.03056190 0.01448348 0.00860000
v 0.02993966 0.01386124 0.00300000
v 0.02993966 0.01386124 0.00860000
v 0.02971190 0.01301124 0.00300000
v 0.02971190 0.01301124 0.00860000
v 0.02993966 0.01216124 0.00300000
v 0.02993966 0.01216124 0.00860000
v 0.03056190 0.01153899 0.00300000
v 0.03056190 0.01153899 0.00860000
v 0.03141190 0.01131124 0.00300000
v 0.03141190 0.01131124 0.00860000
v 0.03226190 0.01153899 0.00300000
v 0.03226190 0.01153899 0.00860000
v 0.03288415 0.01216124 0.00300000
v 0.03288415 0.01216124 0.00860000
v 0.03311190 -0.01301124 0.00300000
v 0.03311190 -0.01301124 0.00860000
v 0.03288415 -0.01216124 0.00300000
v 0.03288415 -0.01216124 0.00860000
v 0.03226190 -0.01153899 0.00300000
v 0.03226190 -0.01153899 0.00860000
v 0.03141190 -0.01131124 0.00300000
v 0.03141190 -0.01131124 0.00860000
v 0.03056190 -0.01153899 0.00300000
v 0.03056190 -0.01153899 0.00860000
v 0.02993966 -0.01216124 0.00300000
v 0.02993966 -0.01216124 0.00860000
v 0.02971190 -0.01301124 0.00300000
v 0.02971190 -0.01301124 0.00860000
v 0.02993966 -0.01386124 0.00300000
v 0.02993966 -0.01386124 0.00860000
v 0.03056190 -0.01448348 0.00300000
v 0.03056190 -0.01448348 0.00860000
v 0.03141190 -0.01471124 0.00300000
v 0.03141190 -0.01471124 0.00860000
v 0.03226190 -0.01448348 0.00300000
v 0.03226190 -0.01448348 0.00860000
v 0.03288415 -0.01386124 0.00300000
v 0.03288415 -0.01386124 0.00860000
v 0.01471124 -0.03141190 0.00300000
v 0.01471124 -0.03141190 0.00860000
v 0.01448348 -0.03056190 0.00300000
v 0.01448348 -0.03056190 0.00860000
v 0.01386124 -0.02993966 0.00300000
v 0.01386124 -0.02993966 0.00860000
v 0.01301124 -0.02971190 0.00300000
v 0.01301124 -0.02971190 0.00860000
v 0.01216124 -0.02993966 0.00300000
v 0.01216124 -0.02993966 0.00860000
v 0.01153899 -0.03056190 0.00300000
v 0.01153899 -0.03056190 0.00860000
v 0.01131124 -0.03141190 0.00300000
v 0.01131124 -0.03141190 0.00860000
v 0.01153899 -0.03226190 0.00300000
v 0.01153899 -0.03226190 0.00860000
v 0.01216124 -0.03288415 0.00300000
v 0.01216124 -0.03288415 0.00860000
v 0.01301124 -0.03311190 0.00300000
v 0.01301124 -0.03311190 0.00860000
v 0.01386124 -0.03288415 0.00300000
v 0.01386124 -0.03288415 0.00860000
v 0.01448348 -0.03226190 0.00300000
v 0.01448348 -0.03226190 0.00860000
v -0.01131124 -0.03141190 0.00300000
v -0.01131124 -0.03141190 0.00860000
v -0.01153899 -0.03056190 0.00300000
v -0.01153899 -0.03056190 0.00860000
v -0.01216124 -0.02993966 0.00300000
v -0.01216124 -0.02993966 0.00860000
v -0.01301124 -0.02971190 0.00300000
v -0.01301124 -0.02971190 0.00860000
v -0.01386124 -0.02993966 0.00300000
v -0.01386124 -0.02993966 0.00860000
v -0.01448348 -0.03056190 0.00300000
v -0.01448348 -0.03056190 0.00860000
v -0.01471124 -0.03141190 0.00300000
v -0.01471124 -0.03141190 0.00860000
v -0.01448348 -0.03226190 0.00300000
v -0.01448348 -0.03226190 0.00860000
v -0.01386124 -0.03288415 0.00300000
v -0.01386124 -0.03288415 0.00860000
v -0.01301124 -0.03311190 0.00300000
v -0.01301124 -0.03311190 0.00860000
v -0.01216124 -0.03288415 0.00300000
v -0.01216124 -0.03288415 0.00860000
v -0.01153899 -0.03226190 0.00300000
v -0.01153899 -0.03226190 0.00860000
v -0.02971190 -0.01301124 0.00300000
v -0.02971190 -0.01301124 0.00860000
v -0.02993966 -0.01216124 0.00300000
v -0.02993966 -0.01216124 0.00860000
v -0.03056190 -0.01153899 0.00300000
v -0.03056190 -0.01153899 0.00860000
v -0.03141190 -0.01131124 0.00300000
v -0.03141190 -0.01131124 0.00860000
v -0.03226190 -0.01153899 0.00300000
v -0.03226190 -0.01153899 0.00860000
v -0.03288415 -0.01216124 0.00300000
v -0.03288415 -0.01216124 0.00860000
v -0.03311190 -0.01301124 0.00300000
v -0.03311190 -0.01301124 0.00860000
v -0.03288415 -0.01386124 0.00300000
v -0.03288415 -0.01386124 0.00860000
v -0.03226190 -0.01448348 0.00300000
v -0.03226190 -0.01448348 0.00860000
v -0.03141190 -0.01471124 0.00300000
v -0.03141190 -0.01471124 0.00860000
v -0.03056190 -0.01448348 0.00300000
v -0.03056190 -0.01448348 0.00860000
v -0.02993966 -0.01386124 0.00300000
v -0.02993966 -0.01386124 0.00860000
v -0.02971190 0.01301124 0.00300000
v -0.02971190 0.01301124 0.00860000
v -0.02993966 0.01386124 0.00300000
v -0.02993966 0.01386124 0.00860000
v -0.03056190 0.01448348 0.00300000
v -0.03056190 0.01448348 0.00860000
v -0.03141190 0.01471124 0.00300000
v -0.03141190 0.01471124 0.00860000
v -0.03226190 0.01448348 0.00300000
v -0.03226190 0.01448348 0.00860000
v -0.03288415 0.01386124 0.00300000
v -0.03288415 0.01386124 0.00860000
v -0.03311190 0.01301124 0.00300000
v -0.03311190 0.01301124 0.00860000
v -0.03288415 0.01216124 0.00300000
v -0.03288415 0.01216124 0.00860000
v -0.03226190 0.01153899 0.00300000
v -0.03226190 0.01153899 0.00860000
v -0.03141190 0.01131124 0.00300000
v -0.03141190 0.01131124 0.00860000
v -0.03056190 0.01153899 0.00300000
v -0.03056190 0.01153899 0.00860000
v -0.02993966 0.01216124 0.00300000
v -0.02993966 0.01216124 0.00860000
v -0.01131124 0.03141190 0.00300000
v -0.01131124 0.03141190 0.00860000
v -0.01153899 0.03226190 0.00300000
v -0.01153899 0.03226190 0.00860000
v -0.01216124 0.03288415 0.00300000
v -0.01216124 0.03288415 0.00860000
v -0.01301124 0.03311190 0.00300000
v -0.01301124 0.03311190 0.00860000
v -0.01386124 0.03288415 0.00300000
v -0.01386124 0.03288415 0.00860000
v -0.01448348 0.03226190 0.00300000
v -0.01448348 0.03226190 0.00860000
v -0.01471124 0.03141190 0.00300000
v -0.01471124 0.03141190 0.00860000
v -0.01448348 0.03056190 0.00300000
v -0.01448348 0.03056190 0.00860000
v -0.01386124 0.02993966 0.00300000
v -0.01386124 0.02993966 0.00860000
v -0.01301124 0.02971190 0.00300000
v -0.01301124 0.02971190 0.00860000
v -0.01216124 0.02993966 0.00300000
v -0.01216124 0.02993966 0.00860000
v -0.01153899 0.03056190 0.00300000
v -0.01153899 0.03056190 0.00860000
v -0.04450000 0.03000000 0.00500000
v -0.04212500 0.03000000 0.00500000
v -0.04212500 0.04212500 0.00500000
v 0.04450000 -0.01750000 0.00500000
v 0.05750000 -0.01750000 0.00500000
v 0.05750000 -0.00500000 0.00500000
v 0.04212500 -0.05750000 0.00500000
v 0.04450000 -0.05750000 0.00500000
v 0.04450000 -0.04450000 0.00500000
v 0.03910876 -0.02016197 0.00500000
v 0.04212500 -0.01750000 0.00500000
v 0.04221769 -0.01239623 0.00500000
v 0.01439099 -0.04158004 0.00500000
v 0.01750000 -0.04212500 0.00500000
v 0.02200000 -0.03810512 0.00500000
v -0.02552250 -0.03584134 0.00500000
v -0.03184430 -0.03036348 0.00500000
v -0.03000000 -0.04212500 0.00500000
v -0.04320486 -0.00832705 0.00500000
v -0.04212500 -0.01750000 0.00500000
v -0.04084819 -0.01635315 0.00500000
v -0.04320486 0.00832705 0.00500000
v -0.04212500 0.01750000 0.00500000
v -0.04450000 0.01750000 0.00500000
v 0.05732051 0.05000000 0.00500000
v 0.05750000 0.04450000 0.00500000
v 0.05931852 0.04517638 0.00500000
v 0.00458013 -0.04750000 0.00500000
v 0.00525000 -0.05000000 0.00500000
v 0.00500000 -0.04450000 0.00500000
v -0.04566987 0.03225000 0.00500000
v -0.04750000 0.03041987 0.00500000
v -0.05250000 0.03041987 0.00500000
v -0.05433013 0.03225000 0.00500000
v -0.06000000 0.03000000 0.00500000
v -0.05500000 0.03475000 0.00500000
v -0.06000000 0.04000000 0.00500000
v -0.05433013 0.03725000 0.00500000
v -0.05250000 0.03908013 0.00500000
v -0.05000000 0.03975000 0.00500000
v -0.04750000 0.03908013 0.00500000
v -0.04450000 0.04212500 0.00500000
v -0.04566987 0.03725000 0.00500000
v -0.04500000 0.03475000 0.00500000
v -0.05000000 0.00475000 0.00500000
v -0.04750000 0.00408013 0.00500000
v -0.05250000 -0.00458013 0.00500000
v -0.05433013 -0.00275000 0.00500000
v -0.06000000 -0.00500000 0.00500000
v -0.05500000 -0.00025000 0.00500000
v -0.06000000 0.01750000 0.00500000
v -0.05433013 0.00225000 0.00500000
v -0.05250000 0.00408013 0.00500000
v -0.05000000 0.02975000 0.00500000
v -0.04566987 0.00225000 0.00500000
v -0.04500000 -0.00025000 0.00500000
v -0.04450000 -0.00500000 0.00500000
v -0.04566987 -0.00275000 0.00500000
v -0.04750000 -0.00458013 0.00500000
v -0.05000000 -0.00525000 0.00500000
v -0.04450000 -0.01750000 0.00500000
v -0.02975000 -0.05000000 0.00500000
v -0.03000000 -0.04450000 0.00500000
v -0.03041987 -0.04750000 0.00500000
v -0.03225000 -0.04566987 0.00500000
v -0.03000000 -0.05750000 0.00500000
v -0.03041987 -0.05250000 0.00500000
v -0.03725000 -0.05433013 0.00500000
v -0.04212500 -0.05750000 0.00500000
v -0.03475000 -0.05500000 0.00500000
v -0.03225000 -0.05433013 0.00500000
v -0.03908013 -0.05250000 0.00500000
v -0.03975000 -0.05000000 0.00500000
v -0.04212500 -0.04450000 0.00500000
v -0.03908013 -0.04750000 0.00500000
v -0.03725000 -0.04566987 0.00500000
v -0.03475000 -0.04500000 0.00500000
v 0.01750000 -0.04450000 0.00500000
v 0.00458013 -0.05250000 0.00500000
v 0.00275000 -0.05433013 0.00500000
v 0.00500000 -0.05750000 0.00500000
v 0.00025000 -0.05500000 0.00500000
v -0.01750000 -0.05750000 0.00500000
v -0.00225000 -0.05433013 0.00500000
v -0.00408013 -0.05250000 0.00500000
v -0.01750000 -0.04450000 0.00500000
v -0.00475000 -0.05000000 0.00500000
v -0.00408013 -0.04750000 0.00500000
v -0.00225000 -0.04566987 0.00500000
v 0.00025000 -0.04500000 0.00500000
v 0.00275000 -0.04566987 0.00500000
v 0.03908013 0.04750000 0.00500000
v 0.03725000 0.04566987 0.00500000
v 0.04212500 0.04450000 0.00500000
v 0.03475000 0.04500000 0.00500000
v 0.01750000 0.04450000 0.00500000
v 0.03225000 0.04566987 0.00500000
v 0.03041987 0.04750000 0.00500000
v 0.04000000 0.06000000 0.00500000
v 0.03725000 0.05433013 0.00500000
v 0.04214662 0.05988447 0.00500000
v 0.03908013 0.05250000 0.00500000
v 0.03975000 0.05000000 0.00500000
v 0.02975000 0.05000000 0.00500000
v 0.03041987 0.05250000 0.00500000
v 0.01750000 0.06000000 0.00500000
v 0.03225000 0.05433013 0.00500000
v 0.03475000 0.05500000 0.00500000
v 0.05000000 0.05732051 0.00500000
v 0.04517638 0.05931852 0.00500000
v 0.04450000 0.04450000 0.00500000
v 0.05414214 0.05414214 0.00500000
v 0.05750000 -0.04212500 0.00500000
v 0.06000000 -0.04000000 0.00500000
v 0.05931852 -0.04517638 0.00500000
v 0.05750000 -0.04450000 0.00500000
v 0.01750000 -0.05750000 0.00500000
v 0.04000000 -0.06000000 0.00500000
v 0.04517638 -0.05931852 0.00500000
v 0.05000000 -0.05732051 0.00500000
v 0.05414214 -0.05414214 0.00500000
v 0.05732051 -0.05000000 0.00500000
v -0.05000000 -0.05732051 0.00500000
v -0.04517638 -0.05931852 0.00500000
v -0.04450000 -0.05750000 0.00500000
v -0.04000000 -0.06000000 0.00500000
v -0.05414214 -0.05414214 0.00500000
v -0.04450000 -0.04450000 0.00500000
v -0.05732051 -0.05000000 0.00500000
v -0.05931852 -0.04517638 0.00500000
v -0.04450000 -0.04212500 0.00500000
v -0.05988447 -0.04214662 0.00500000
v -0.04500000 -0.03525000 0.00500000
v -0.04566987 -0.03775000 0.00500000
v -0.06000000 -0.04000000 0.00500000
v -0.05500000 -0.03525000 0.00500000
v -0.06000000 -0.01750000 0.00500000
v -0.05433013 -0.03275000 0.00500000
v -0.05250000 -0.03091987 0.00500000
v -0.05000000 -0.03025000 0.00500000
v -0.04750000 -0.03091987 0.00500000
v -0.04566987 -0.03275000 0.00500000
v -0.04750000 -0.03958013 0.00500000
v -0.05000000 -0.04025000 0.00500000
v -0.05250000 -0.03958013 0.00500000
v -0.05433013 -0.03775000 0.00500000
v -0.04450000 0.04450000 0.00500000
v -0.05931852 0.04517638 0.00500000
v -0.04517638 0.05931852 0.00500000
v -0.05000000 0.05732051 0.00500000
v -0.05414214 0.05414214 0.00500000
v -0.05732051 0.05000000 0.00500000
v -0.03275000 0.04566987 0.00500000
v -0.03000000 0.04450000 0.00500000
v -0.03091987 0.04750000 0.00500000
v -0.03025000 0.05000000 0.00500000
v -0.03525000 0.04500000 0.00500000
v -0.03775000 0.04566987 0.00500000
v -0.04212500 0.04450000 0.00500000
v -0.04000000 0.06000000 0.00500000
v -0.03525000 0.05500000 0.00500000
v -0.03000000 0.06000000 0.00500000
v -0.03275000 0.05433013 0.00500000
v -0.03091987 0.05250000 0.00500000
v -0.03958013 0.04750000 0.00500000
v -0.04025000 0.05000000 0.00500000
v -0.04214662 0.05988447 0.00500000
v -0.03958013 0.05250000 0.00500000
v -0.03775000 0.05433013 0.00500000
v 0.03910876 0.02016197 0.00500000
v 0.04221769 0.01239623 0.00500000
v 0.04212500 0.01750000 0.00500000
v 0.04450000 0.01750000 0.00500000
v 0.04450000 0.03000000 0.00500000
v 0.04380076 0.00418247 0.00500000
v 0.04400000 0.00000000 0.00500000
v 0.04450000 -0.00500000 0.00500000
v 0.04380076 -0.00418247 0.00500000
v 0.02881387 0.03325298 0.00500000
v 0.03458634 0.02719899 0.00500000
v 0.04212500 0.03000000 0.00500000
v 0.00626185 0.04355214 0.00500000
v 0.01439099 0.04158004 0.00500000
v 0.01750000 0.04212500 0.00500000
v 0.02200000 0.03810512 0.00500000
v 0.04212500 0.04212500 0.00500000
v -0.03184430 0.03036348 0.00500000
v -0.02552250 0.03584134 0.00500000
v -0.03000000 0.04212500 0.00500000
v -0.01750000 0.04212500 0.00500000
v -0.01750000 0.04450000 0.00500000
v -0.03701515 -0.02378820 0.00500000
v -0.04212500 -0.04212500 0.00500000
v 0.00626185 -0.04355214 0.00500000
v -0.00209360 -0.04395016 0.00500000
v -0.01037339 -0.04275971 0.00500000
v -0.01750000 -0.04212500 0.00500000
v -0.01827826 -0.04002381 0.00500000
v 0.03458634 -0.02719899 0.00500000
v 0.04212500 -0.04212500 0.00500000
v 0.02881387 -0.03325298 0.00500000
v 0.03525000 -0.04500000 0.00500000
v 0.03775000 -0.04566987 0.00500000
v 0.04212500 -0.04450000 0.00500000
v 0.03958013 -0.04750000 0.00500000
v 0.04025000 -0.05000000 0.00500000
v 0.03091987 -0.04750000 0.00500000
v 0.03275000 -0.04566987 0.00500000
v 0.03025000 -0.05000000 0.00500000
v 0.03958013 -0.05250000 0.00500000
v 0.03775000 -0.05433013 0.00500000
v 0.03525000 -0.05500000 0.00500000
v 0.03275000 -0.05433013 0.00500000
v 0.03091987 -0.05250000 0.00500000
v -0.04400000 0.00000000 0.00500000
v -0.03000000 -0.06000000 0.00500000
v -0.01750000 -0.06000000 0.00500000
v 0.00500000 -0.06000000 0.00500000
v 0.01750000 -0.06000000 0.00500000
v 0.05433013 -0.03225000 0.00500000
v 0.05500000 -0.03475000 0.00500000
v 0.05000000 -0.03975000 0.00500000
v 0.04750000 -0.03908013 0.00500000
v 0.04450000 -0.04212500 0.00500000
v 0.04566987 -0.03725000 0.00500000
v 0.04500000 -0.03475000 0.00500000
v 0.05433013 -0.03725000 0.00500000
v 0.05250000 -0.03908013 0.00500000
v 0.04566987 -0.03225000 0.00500000
v 0.04750000 -0.03041987 0.00500000
v 0.05000000 -0.02975000 0.00500000
v 0.05250000 -0.03041987 0.00500000
v 0.05000000 -0.00475000 0.00500000
v 0.04750000 -0.00408013 0.00500000
v 0.05750000 0.01750000 0.00500000
v 0.05500000 0.00025000 0.00500000
v 0.05433013 -0.00225000 0.00500000
v 0.05250000 -0.00408013 0.00500000
v 0.04750000 0.00458013 0.00500000
v 0.05000000 0.00525000 0.00500000
v 0.04566987 -0.00225000 0.00500000
v 0.04500000 0.00025000 0.00500000
v 0.04566987 0.00275000 0.00500000
v 0.05250000 0.00458013 0.00500000
v 0.05433013 0.00275000 0.00500000
v -0.04084819 0.01635315 0.00500000
v 0.05750000 0.03000000 0.00500000
v 0.06000000 -0.01750000 0.00500000
v 0.06000000 -0.00500000 0.00500000
v 0.06000000 0.01750000 0.00500000
v 0.06000000 0.03000000 0.00500000
v 0.04450000 0.04212500 0.00500000
v 0.05500000 0.03525000 0.00500000
v 0.05433013 0.03275000 0.00500000
v 0.04566987 0.03275000 0.00500000
v 0.04500000 0.03525000 0.00500000
v 0.06000000 0.04000000 0.00500000
v 0.05750000 0.04212500 0.00500000
v 0.05433013 0.03775000 0.00500000
v 0.05250000 0.03091987 0.00500000
v 0.05000000 0.03025000 0.00500000
v 0.04750000 0.03091987 0.00500000
v 0.04566987 0.03775000 0.00500000
v 0.04750000 0.03958013 0.00500000
v 0.05000000 0.04025000 0.00500000
v 0.05250000 0.03958013 0.00500000
v 0.00500000 0.04450000 0.00500000
v -0.00209360 0.04395016 0.00500000
v -0.01037339 0.04275971 0.00500000
v -0.01827826 0.04002381 0.00500000
v -0.01750000 0.06000000 0.00500000
v 0.00475000 0.05000000 0.00500000
v 0.00408013 0.04750000 0.00500000
v 0.00500000 0.06000000 0.00500000
v 0.00225000 0.05433013 0.00500000
v 0.00408013 0.05250000 0.00500000
v -0.00458013 0.04750000 0.00500000
v -0.00525000 0.05000000 0.00500000
v 0.00225000 0.04566987 0.00500000
v -0.00025000 0.04500000 0.00500000
v -0.00275000 0.04566987 0.00500000
v -0.03701515 0.02378820 0.00500000
v -0.00458013 0.05250000 0.00500000
v -0.00275000 0.05433013 0.00500000
v -0.00025000 0.05500000 0.00500000
v -0.04000000 0.06000000 0.00000000
v -0.04517638 0.05931852 0.00000000
v -0.05000000 0.05732051 0.00000000
v -0.05414214 0.05414214 0.00000000
v -0.05732051 0.05000000 0.00000000
v -0.05931852 0.04517638 0.00000000
v -0.06000000 0.04000000 0.00000000
v -0.03775000 0.06000000 0.00000000
v -0.03225000 0.06000000 0.00000000
v -0.01750000 0.06000000 0.00000000
v 0.00275000 0.06000000 0.00000000
v 0.01750000 0.06000000 0.00000000
v 0.03775000 0.06000000 0.00000000
v 0.04000000 0.06000000 0.00000000
v 0.04517638 0.05931852 0.00000000
v 0.05000000 0.05732051 0.00000000
v 0.05414214 0.05414214 0.00000000
v 0.05732051 0.05000000 0.00000000
v 0.05931852 0.04517638 0.00000000
v 0.06000000 0.04000000 0.00000000
v 0.06000000 0.03775000 0.00000000
v 0.06000000 0.03225000 0.00000000
v 0.06000000 0.01750000 0.00000000
v 0.06000000 -0.00275000 0.00000000
v 0.06000000 -0.01750000 0.00000000
v 0.06000000 -0.03775000 0.00000000
v 0.06000000 -0.04000000 0.00000000
v 0.05931852 -0.04517638 0.00000000
v 0.05732051 -0.05000000 0.00000000
v 0.05414214 -0.05414214 0.00000000
v 0.05000000 -0.05732051 0.00000000
v 0.04517638 -0.05931852 0.00000000
v 0.04000000 -0.06000000 0.00000000
v 0.03775000 -0.06000000 0.00000000
v 0.01750000 -0.06000000 0.00000000
v 0.00275000 -0.06000000 0.00000000
v -0.01750000 -0.06000000 0.00000000
v -0.03225000 -0.06000000 0.00000000
v -0.03775000 -0.06000000 0.00000000
v -0.04000000 -0.06000000 0.00000000
v -0.06000000 -0.04000000 0.00000000
v -0.05931852 -0.04517638 0.00000000
v -0.05732051 -0.05000000 0.00000000
v -0.05414214 -0.05414214 0.00000000
v -0.05000000 -0.05732051 0.00000000
v -0.04517638 -0.05931852 0.00000000
v -0.06000000 -0.03775000 0.00000000
v -0.06000000 -0.01750000 0.00000000
v -0.06000000 -0.00275000 0.00000000
v -0.06000000 0.01750000 0.00000000
v -0.06000000 0.03225000 0.00000000
v -0.06000000 0.03775000 0.00000000
v -0.03225000 0.03775000 0.00000000
v -0.03225000 0.04262500 0.00000000
v -0.01750000 0.04262500 0.00000000
v 0.02883281 -0.02475215 0.00000000
v 0.03322517 -0.01844147 0.00000000
v 0.03775000 -0.01750000 0.00000000
v -0.04262500 -0.04262500 0.00000000
v -0.05000000 -0.03800000 0.00000000
v -0.05137500 -0.03763157 0.00000000
v -0.05238157 -0.03662500 0.00000000
v -0.04862500 -0.03763157 0.00000000
v -0.04262500 -0.03775000 0.00000000
v -0.04262500 -0.05637500 0.00000000
v 0.04262500 -0.05637500 0.00000000
v 0.03775000 -0.05637500 0.00000000
v 0.05637500 -0.04262500 0.00000000
v 0.04262500 -0.04262500 0.00000000
v 0.05637500 0.03775000 0.00000000
v 0.05637500 0.04262500 0.00000000
v 0.04262500 0.04262500 0.00000000
v -0.04262500 0.04262500 0.00000000
v -0.03800000 0.05000000 0.00000000
v -0.03763157 0.05137500 0.00000000
v -0.03662500 0.05238157 0.00000000
v 0.04725000 0.03525000 0.00000000
v 0.04761843 0.03387500 0.00000000
v 0.04262500 0.03225000 0.00000000
v 0.04262500 0.03775000 0.00000000
v 0.04761843 0.03662500 0.00000000
v 0.05275000 0.03525000 0.00000000
v 0.05238157 0.03387500 0.00000000
v 0.05637500 0.03225000 0.00000000
v 0.04862500 0.03286843 0.00000000
v 0.05000000 0.03250000 0.00000000
v 0.05137500 0.03286843 0.00000000
v 0.05238157 0.03662500 0.00000000
v 0.05137500 0.03763157 0.00000000
v 0.05000000 0.03800000 0.00000000
v 0.04862500 0.03763157 0.00000000
v 0.01750000 -0.04262500 0.00000000
v 0.03775000 -0.04262500 0.00000000
v 0.03525000 -0.04725000 0.00000000
v 0.03525000 -0.05275000 0.00000000
v 0.03387500 -0.05238157 0.00000000
v 0.01750000 -0.05637500 0.00000000
v 0.03286843 -0.05137500 0.00000000
v 0.03387500 -0.04761843 0.00000000
v 0.03286843 -0.04862500 0.00000000
v 0.03250000 -0.05000000 0.00000000
v 0.03662500 -0.05238157 0.00000000
v 0.03763157 -0.05137500 0.00000000
v 0.03800000 -0.05000000 0.00000000
v 0.03763157 -0.04862500 0.00000000
v 0.03662500 -0.04761843 0.00000000
v -0.00250000 -0.05000000 0.00000000
v -0.01750000 -0.05637500 0.00000000
v -0.00213157 -0.04862500 0.00000000
v -0.01750000 -0.04262500 0.00000000
v -0.00112500 -0.04761843 0.00000000
v 0.00025000 -0.04725000 0.00000000
v 0.00025000 -0.05275000 0.00000000
v 0.00275000 -0.05637500 0.00000000
v -0.00112500 -0.05238157 0.00000000
v -0.00213157 -0.05137500 0.00000000
v 0.00162500 -0.05238157 0.00000000
v 0.00263157 -0.05137500 0.00000000
v 0.00300000 -0.05000000 0.00000000
v 0.00263157 -0.04862500 0.00000000
v -0.03612500 -0.04761843 0.00000000
v -0.03775000 -0.04262500 0.00000000
v -0.03475000 -0.04725000 0.00000000
v -0.03225000 -0.04262500 0.00000000
v -0.03713157 -0.04862500 0.00000000
v -0.03750000 -0.05000000 0.00000000
v -0.03775000 -0.05637500 0.00000000
v -0.03475000 -0.05275000 0.00000000
v -0.03225000 -0.05637500 0.00000000
v -0.03612500 -0.05238157 0.00000000
v -0.03713157 -0.05137500 0.00000000
v -0.03337500 -0.05238157 0.00000000
v -0.03236843 -0.05137500 0.00000000
v -0.03200000 -0.05000000 0.00000000
v -0.03236843 -0.04862500 0.00000000
v -0.03337500 -0.04761843 0.00000000
v -0.04761843 -0.03662500 0.00000000
v -0.04725000 -0.03525000 0.00000000
v -0.04262500 -0.01750000 0.00000000
v -0.04761843 -0.03387500 0.00000000
v -0.04862500 -0.03286843 0.00000000
v -0.05000000 -0.03250000 0.00000000
v -0.05137500 -0.03286843 0.00000000
v -0.05238157 -0.03387500 0.00000000
v -0.05275000 -0.03525000 0.00000000
v -0.04262500 -0.00275000 0.00000000
v -0.04725000 -0.00025000 0.00000000
v -0.04262500 0.01750000 0.00000000
v -0.04761843 0.00112500 0.00000000
v -0.04862500 0.00213157 0.00000000
v -0.05275000 -0.00025000 0.00000000
v -0.05238157 0.00112500 0.00000000
v -0.05137500 0.00213157 0.00000000
v -0.05000000 0.00250000 0.00000000
v -0.05137500 -0.00263157 0.00000000
v -0.05000000 -0.00300000 0.00000000
v -0.04862500 -0.00263157 0.00000000
v -0.04761843 -0.00162500 0.00000000
v -0.05238157 -0.00162500 0.00000000
v -0.04262500 0.03775000 0.00000000
v -0.04262500 0.03225000 0.00000000
v -0.04725000 0.03475000 0.00000000
v -0.04761843 0.03612500 0.00000000
v -0.04862500 0.03713157 0.00000000
v -0.05000000 0.03750000 0.00000000
v -0.05275000 0.03475000 0.00000000
v -0.05238157 0.03612500 0.00000000
v -0.05137500 0.03713157 0.00000000
v -0.05137500 0.03236843 0.00000000
v -0.05000000 0.03200000 0.00000000
v -0.04862500 0.03236843 0.00000000
v -0.04761843 0.03337500 0.00000000
v -0.05238157 0.03337500 0.00000000
v -0.03775000 0.04262500 0.00000000
v -0.03763157 0.04862500 0.00000000
v -0.03662500 0.04761843 0.00000000
v -0.03250000 0.05000000 0.00000000
v -0.03286843 0.05137500 0.00000000
v -0.03387500 0.05238157 0.00000000
v -0.03525000 0.05275000 0.00000000
v -0.03525000 0.04725000 0.00000000
v -0.03387500 0.04761843 0.00000000
v -0.03286843 0.04862500 0.00000000
v -0.03492040 0.01498552 0.00000000
v -0.03775000 0.01750000 0.00000000
v -0.03118901 0.02170819 0.00000000
v -0.03775000 0.03225000 0.00000000
v -0.02010063 0.03224848 0.00000000
v -0.01750000 0.03775000 0.00000000
v -0.01319760 0.03563458 0.00000000
v -0.00575426 0.03756180 0.00000000
v 0.03322517 0.01844147 0.00000000
v 0.02883281 0.02475215 0.00000000
v 0.03775000 0.03225000 0.00000000
v 0.02326003 0.03004948 0.00000000
v 0.01673498 0.03411657 0.00000000
v 0.04262500 -0.00275000 0.00000000
v 0.03780504 -0.00384440 0.00000000
v 0.03780504 0.00384440 0.00000000
v 0.04262500 -0.01750000 0.00000000
v 0.03625729 -0.01137580 0.00000000
v 0.01750000 -0.03775000 0.00000000
v 0.01673498 -0.03411657 0.00000000
v 0.03775000 -0.03775000 0.00000000
v 0.02326003 -0.03004948 0.00000000
v 0.00952480 -0.03678693 0.00000000
v 0.00275000 -0.04262500 0.00000000
v 0.00162500 -0.04761843 0.00000000
v -0.02010063 -0.03224848 0.00000000
v -0.01319760 -0.03563458 0.00000000
v -0.01750000 -0.03775000 0.00000000
v -0.00575426 -0.03756180 0.00000000
v 0.00192467 -0.03795123 0.00000000
v -0.03775000 -0.01750000 0.00000000
v -0.03492040 -0.01498552 0.00000000
v -0.03118901 -0.02170819 0.00000000
v -0.02618074 -0.02754213 0.00000000
v -0.03225000 -0.03775000 0.00000000
v -0.03775000 -0.03775000 0.00000000
v -0.03722214 -0.00764934 0.00000000
v -0.03775000 -0.00275000 0.00000000
v -0.03800000 0.00000000 0.00000000
v 0.00250000 0.05000000 0.00000000
v 0.00213157 0.05137500 0.00000000
v -0.00263157 0.05137500 0.00000000
v -0.00300000 0.05000000 0.00000000
v 0.00112500 0.05238157 0.00000000
v -0.00025000 0.05275000 0.00000000
v -0.00162500 0.05238157 0.00000000
v -0.00263157 0.04862500 0.00000000
v -0.00162500 0.04761843 0.00000000
v 0.00275000 0.04262500 0.00000000
v -0.00025000 0.04725000 0.00000000
v 0.00112500 0.04761843 0.00000000
v 0.00213157 0.04862500 0.00000000
v 0.01750000 0.04262500 0.00000000
v 0.03236843 0.05137500 0.00000000
v 0.03200000 0.05000000 0.00000000
v 0.03236843 0.04862500 0.00000000
v 0.03337500 0.04761843 0.00000000
v 0.03775000 0.04262500 0.00000000
v 0.03475000 0.04725000 0.00000000
v 0.03612500 0.04761843 0.00000000
v 0.03713157 0.04862500 0.00000000
v 0.03750000 0.05000000 0.00000000
v 0.03713157 0.05137500 0.00000000
v 0.03612500 0.05238157 0.00000000
v 0.03475000 0.05275000 0.00000000
v 0.03337500 0.05238157 0.00000000
v -0.02618074 0.02754213 0.00000000
v -0.03225000 0.03225000 0.00000000
v 0.00192467 0.03795123 0.00000000
v 0.01750000 0.03775000 0.00000000
v 0.03775000 0.03775000 0.00000000
v -0.03775000 0.03775000 0.00000000
v 0.00952480 0.03678693 0.00000000
v 0.03775000 0.01750000 0.00000000
v 0.04262500 0.01750000 0.00000000
v 0.05637500 0.01750000 0.00000000
v 0.05000000 -0.00250000 0.00000000
v 0.05137500 -0.00213157 0.00000000
v 0.05637500 -0.00275000 0.00000000
v 0.04761843 0.00162500 0.00000000
v 0.03625729 0.01137580 0.00000000
v 0.04725000 0.00025000 0.00000000
v 0.04761843 -0.00112500 0.00000000
v 0.04862500 -0.00213157 0.00000000
v 0.05238157 -0.00112500 0.00000000
v 0.05275000 0.00025000 0.00000000
v 0.05238157 0.00162500 0.00000000
v 0.05137500 0.00263157 0.00000000
v 0.05000000 0.00300000 0.00000000
v 0.04862500 0.00263157 0.00000000
v 0.05637500 -0.01750000 0.00000000
v 0.04262500 -0.03775000 0.00000000
v 0.04725000 -0.03475000 0.00000000
v 0.04761843 -0.03612500 0.00000000
v 0.04761843 -0.03337500 0.00000000
v 0.05238157 -0.03337500 0.00000000
v 0.05275000 -0.03475000 0.00000000
v 0.05637500 -0.03775000 0.00000000
v 0.05238157 -0.03612500 0.00000000
v 0.05137500 -0.03236843 0.00000000
v 0.05000000 -0.03200000 0.00000000
v 0.04862500 -0.03236843 0.00000000
v 0.04862500 -0.03713157 0.00000000
v 0.05000000 -0.03750000 0.00000000
v 0.05137500 -0.03713157 0.00000000
v -0.03722214 0.00764934 0.00000000
v 0.04380076 0.00418247 0.01200000
v 0.04400000 0.00000000 0.01200000
v 0.04380076 -0.00418247 0.01200000
v 0.04221769 -0.01239623 0.01200000
v 0.03910876 -0.02016197 0.01200000
v 0.03458634 -0.02719899 0.01200000
v 0.02881387 -0.03325298 0.01200000
v 0.02200000 -0.03810512 0.01200000
v 0.01439099 -0.04158004 0.01200000
v 0.00626185 -0.04355214 0.01200000
v -0.00209360 -0.04395016 0.01200000
v -0.01037339 -0.04275971 0.01200000
v -0.01827826 -0.04002381 0.01200000
v -0.02552250 -0.03584134 0.01200000
v -0.03184430 -0.03036348 0.01200000
v -0.03701515 -0.02378820 0.01200000
v -0.04084819 -0.01635315 0.01200000
v -0.04320486 -0.00832705 0.01200000
v -0.04400000 0.00000000 0.01200000
v -0.04320486 0.00832705 0.01200000
v -0.04084819 0.01635315 0.01200000
v -0.03701515 0.02378820 0.01200000
v -0.03184430 0.03036348 0.01200000
v -0.02552250 0.03584134 0.01200000
v -0.01827826 0.04002381 0.01200000
v -0.01037339 0.04275971 0.01200000
v -0.00209360 0.04395016 0.01200000
v 0.00626185 0.04355214 0.01200000
v 0.01439099 0.04158004 0.01200000
v 0.02200000 0.03810512 0.01200000
v 0.02881387 0.03325298 0.01200000
v 0.03458634 0.02719899 0.01200000
v 0.03910876 0.02016197 0.01200000
v 0.04221769 0.01239623 0.01200000
v -0.03141190 0.00976124 0.01200000
v -0.03303690 0.01019665 0.01200000
v -0.03233095 0.00000000 0.01200000
v -0.02221157 0.02221157 0.01200000
v 0.00976124 0.03141190 0.01200000
v 0.01019665 0.03303690 0.01200000
v 0.00000000 0.03233095 0.01200000
v 0.02221157 0.02221157 0.01200000
v 0.02221157 -0.02221157 0.01200000
v -0.00976124 -0.03141190 0.01200000
v -0.01019665 -0.03303690 0.01200000
v 0.00000000 -0.03233095 0.01200000
v -0.02221157 -0.02221157 0.01200000
v 0.02221157 0.03233095 0.01200000
v -0.03233095 0.02221157 0.01200000
v -0.02221157 -0.03233095 0.01200000
v 0.03233095 0.00000000 0.01200000
v 0.03233095 -0.02221157 0.01200000
v 0.03422649 -0.01463624 0.01200000
v 0.03466190 -0.01301124 0.01200000
v 0.03422649 -0.01138624 0.01200000
v 0.03303690 -0.01019665 0.01200000
v 0.03141190 -0.00976124 0.01200000
v 0.01019665 -0.03303690 0.01200000
v 0.02221157 -0.03233095 0.01200000
v 0.01582582 -0.03303690 0.01200000
v 0.01463624 -0.03422649 0.01200000
v 0.01301124 -0.03466190 0.01200000
v 0.01138624 -0.03422649 0.01200000
v -0.01138624 -0.03422649 0.01200000
v -0.01301124 -0.03466190 0.01200000
v -0.01463624 -0.03422649 0.01200000
v -0.01582582 -0.03303690 0.01200000
v -0.03233095 -0.02221157 0.01200000
v -0.03303690 -0.01582582 0.01200000
v -0.03303690 -0.01019665 0.01200000
v -0.03422649 -0.01463624 0.01200000
v -0.03466190 -0.01301124 0.01200000
v -0.03422649 -0.01138624 0.01200000
v -0.03422649 0.01463624 0.01200000
v -0.03303690 0.01582582 0.01200000
v -0.03422649 0.01138624 0.01200000
v -0.03466190 0.01301124 0.01200000
v -0.02221157 0.03233095 0.01200000
v 0.01138624 0.03422649 0.01200000
v 0.03233095 0.02221157 0.01200000
v 0.03303690 0.01582582 0.01200000
v 0.03422649 0.01463624 0.01200000
v 0.03466190 0.01301124 0.01200000
v 0.03422649 0.01138624 0.01200000
v 0.03303690 0.01019665 0.01200000
v -0.02978690 -0.01019665 0.01200000
v -0.02859732 -0.01138624 0.01200000
v -0.03141190 -0.00976124 0.01200000
v -0.01138624 -0.02859732 0.01200000
v -0.01301124 -0.02816190 0.01200000
v -0.01463624 -0.02859732 0.01200000
v -0.01582582 -0.02978690 0.01200000
v -0.01626124 -0.03141190 0.01200000
v 0.00976124 -0.03141190 0.01200000
v -0.01019665 -0.02978690 0.01200000
v 0.01019665 -0.02978690 0.01200000
v 0.01138624 -0.02859732 0.01200000
v 0.01301124 -0.02816190 0.01200000
v 0.01463624 -0.02859732 0.01200000
v 0.01582582 -0.02978690 0.01200000
v 0.01626124 -0.03141190 0.01200000
v 0.02859732 -0.01138624 0.01200000
v 0.03303690 -0.01582582 0.01200000
v 0.03141190 -0.01626124 0.01200000
v 0.02978690 -0.01582582 0.01200000
v 0.02859732 -0.01463624 0.01200000
v 0.02816190 -0.01301124 0.01200000
v 0.03141190 0.00976124 0.01200000
v 0.02978690 -0.01019665 0.01200000
v 0.02978690 0.01019665 0.01200000
v 0.02859732 0.01138624 0.01200000
v 0.02816190 0.01301124 0.01200000
v 0.02859732 0.01463624 0.01200000
v 0.02978690 0.01582582 0.01200000
v 0.03141190 0.01626124 0.01200000
v 0.01138624 0.02859732 0.01200000
v 0.01301124 0.03466190 0.01200000
v 0.01463624 0.03422649 0.01200000
v 0.01582582 0.03303690 0.01200000
v 0.01626124 0.03141190 0.01200000
v 0.01582582 0.02978690 0.01200000
v 0.01463624 0.02859732 0.01200000
v 0.01301124 0.02816190 0.01200000
v -0.01582582 0.03303690 0.01200000
v -0.01463624 0.03422649 0.01200000
v -0.01301124 0.03466190 0.01200000
v -0.01138624 0.03422649 0.01200000
v -0.01019665 0.03303690 0.01200000
v -0.00976124 0.03141190 0.01200000
v 0.01019665 0.02978690 0.01200000
v -0.01019665 0.02978690 0.01200000
v -0.01138624 0.02859732 0.01200000
v -0.01301124 0.02816190 0.01200000
v -0.01463624 0.02859732 0.01200000
v -0.01582582 0.02978690 0.01200000
v -0.01626124 0.03141190 0.01200000
v -0.02859732 0.01138624 0.01200000
v -0.03141190 0.01626124 0.01200000
v -0.02978690 0.01582582 0.01200000
v -0.02859732 0.01463624 0.01200000
v -0.02816190 0.01301124 0.01200000
v -0.02978690 0.01019665 0.01200000
v -0.02816190 -0.01301124 0.01200000
v -0.02859732 -0.01463624 0.01200000
v -0.02978690 -0.01582582 0.01200000
v -0.03141190 -0.01626124 0.01200000
v 0.01019665 0.03303690 0.00860000
v 0.00976124 0.03141190 0.00860000
v 0.01019665 0.02978690 0.00860000
v 0.01138624 0.02859732 0.00860000
v 0.01301124 0.02816190 0.00860000
v 0.01463624 0.02859732 0.00860000
v 0.01582582 0.02978690 0.00860000
v 0.01626124 0.03141190 0.00860000
v 0.01582582 0.03303690 0.00860000
v 0.01463624 0.03422649 0.00860000
v 0.01301124 0.03466190 0.00860000
v 0.01138624 0.03422649 0.00860000
v 0.02859732 0.01463624 0.00860000
v 0.02816190 0.01301124 0.00860000
v 0.02859732 0.01138624 0.00860000
v 0.02978690 0.01019665 0.00860000
v 0.03141190 0.00976124 0.00860000
v 0.03303690 0.01019665 0.00860000
v 0.03422649 0.01138624 0.00860000
v 0.03466190 0.01301124 0.00860000
v 0.03422649 0.01463624 0.00860000
v 0.03303690 0.01582582 0.00860000
v 0.03141190 0.01626124 0.00860000
v 0.02978690 0.01582582 0.00860000
v 0.02859732 -0.01138624 0.00860000
v 0.02816190 -0.01301124 0.00860000
v 0.02859732 -0.01463624 0.00860000
v 0.02978690 -0.01582582 0.00860000
v 0.03141190 -0.01626124 0.00860000
v 0.03303690 -0.01582582 0.00860000
v 0.03422649 -0.01463624 0.00860000
v 0.03466190 -0.01301124 0.00860000
v 0.03422649 -0.01138624 0.00860000
v 0.03303690 -0.01019665 0.00860000
v 0.03141190 -0.00976124 0.00860000
v 0.02978690 -0.01019665 0.00860000
v 0.00976124 -0.03141190 0.00860000
v 0.01019665 -0.03303690 0.00860000
v 0.01138624 -0.03422649 0.00860000
v 0.01301124 -0.03466190 0.00860000
v 0.01463624 -0.03422649 0.00860000
v 0.01582582 -0.03303690 0.00860000
v 0.01626124 -0.03141190 0.00860000
v 0.01582582 -0.02978690 0.00860000
v 0.01463624 -0.02859732 0.00860000
v 0.01301124 -0.02816190 0.00860000
v 0.01138624 -0.02859732 0.00860000
v 0.01019665 -0.02978690 0.00860000
v -0.01626124 -0.03141190 0.00860000
v -0.01582582 -0.03303690 0.00860000
v -0.01463624 -0.03422649 0.00860000
v -0.01301124 -0.03466190 0.00860000
v -0.01138624 -0.03422649 0.00860000
v -0.01019665 -0.03303690 0.00860000
v -0.00976124 -0.03141190 0.00860000
v -0.01019665 -0.02978690 0.00860000
v -0.01138624 -0.02859732 0.00860000
v -0.01301124 -0.02816190 0.00860000
v -0.01463624 -0.02859732 0.00860000
v -0.01582582 -0.02978690 0.00860000
v -0.03466190 -0.01301124 0.00860000
v -0.03422649 -0.01463624 0.00860000
v -0.03303690 -0.01582582 0.00860000
v -0.03141190 -0.01626124 0.00860000
v -0.02978690 -0.01582582 0.00860000
v -0.02859732 -0.01463624 0.00860000
v -0.02816190 -0.01301124 0.00860000
v -0.02859732 -0.01138624 0.00860000
v -0.02978690 -0.01019665 0.00860000
v -0.03141190 -0.00976124 0.00860000
v -0.03303690 -0.01019665 0.00860000
v -0.03422649 -0.01138624 0.00860000
v -0.03466190 0.01301124 0.00860000
v -0.03422649 0.01138624 0.00860000
v -0.03303690 0.01019665 0.00860000
v -0.03141190 0.00976124 0.00860000
v -0.02978690 0.01019665 0.00860000
v -0.02859732 0.01138624 0.00860000
v -0.02816190 0.01301124 0.00860000
v -0.02859732 0.01463624 0.00860000
v -0.02978690 0.01582582 0.00860000
v -0.03141190 0.01626124 0.00860000
v -0.03303690 0.01582582 0.00860000
v -0.03422649 0.01463624 0.00860000
v -0.01582582 0.03303690 0.00860000
v -0.01626124 0.03141190 0.00860000
v -0.01582582 0.02978690 0.00860000
v -0.01463624 0.02859732 0.00860000
v -0.01301124 0.02816190 0.00860000
v -0.01138624 0.02859732 0.00860000
v -0.01019665 0.02978690 0.00860000
v -0.00976124 0.03141190 0.00860000
v -0.01019665 0.03303690 0.00860000
v -0.01138624 0.03422649 0.00860000
v -0.01301124 0.03466190 0.00860000
v -0.01463624 0.03422649 0.00860000
v 0.05275000 0.03525000 0.00300000
v 0.05238157 0.03662500 0.00300000
v 0.05137500 0.03763157 0.00300000
v 0.05000000 0.03800000 0.00300000
v 0.04862500 0.03763157 0.00300000
v 0.04761843 0.03662500 0.00300000
v 0.04725000 0.03525000 0.00300000
v 0.04761843 0.03387500 0.00300000
v 0.04862500 0.03286843 0.00300000
v 0.05000000 0.03250000 0.00300000
v 0.05137500 0.03286843 0.00300000
v 0.05238157 0.03387500 0.00300000
v 0.05433013 0.03775000 0.00300000
v 0.05250000 0.03958013 0.00300000
v 0.05000000 0.04025000 0.00300000
v 0.04750000 0.03958013 0.00300000
v 0.04566987 0.03775000 0.00300000
v 0.04500000 0.03525000 0.00300000
v 0.04566987 0.03275000 0.00300000
v 0.04750000 0.03091987 0.00300000
v 0.05000000 0.03025000 0.00300000
v 0.05250000 0.03091987 0.00300000
v 0.05433013 0.03275000 0.00300000
v 0.05500000 0.03525000 0.00300000
v 0.05275000 0.00025000 0.00300000
v 0.05238157 0.00162500 0.00300000
v 0.05137500 0.00263157 0.00300000
v 0.05000000 0.00300000 0.00300000
v 0.04862500 0.00263157 0.00300000
v 0.04761843 0.00162500 0.00300000
v 0.04725000 0.00025000 0.00300000
v 0.04761843 -0.00112500 0.00300000
v 0.04862500 -0.00213157 0.00300000
v 0.05000000 -0.00250000 0.00300000
v 0.05137500 -0.00213157 0.00300000
v 0.05238157 -0.00112500 0.00300000
v 0.05000000 0.00525000 0.00300000
v 0.04750000 0.00458013 0.00300000
v 0.04566987 0.00275000 0.00300000
v 0.04500000 0.00025000 0.00300000
v 0.04566987 -0.00225000 0.00300000
v 0.04750000 -0.00408013 0.00300000
v 0.05000000 -0.00475000 0.00300000
v 0.05250000 -0.00408013 0.00300000
v 0.05433013 -0.00225000 0.00300000
v 0.05500000 0.00025000 0.00300000
v 0.05433013 0.00275000 0.00300000
v 0.05250000 0.00458013 0.00300000
v 0.05275000 -0.03475000 0.00300000
v 0.05238157 -0.03337500 0.00300000
v 0.05137500 -0.03236843 0.00300000
v 0.05000000 -0.03200000 0.00300000
v 0.04862500 -0.03236843 0.00300000
v 0.04761843 -0.03337500 0.00300000
v 0.04725000 -0.03475000 0.00300000
v 0.04761843 -0.03612500 0.00300000
v 0.04862500 -0.03713157 0.00300000
v 0.05000000 -0.03750000 0.00300000
v 0.05137500 -0.03713157 0.00300000
v 0.05238157 -0.03612500 0.00300000
v 0.05433013 -0.03225000 0.00300000
v 0.05250000 -0.03041987 0.00300000
v 0.05000000 -0.02975000 0.00300000
v 0.04750000 -0.03041987 0.00300000
v 0.04566987 -0.03225000 0.00300000
v 0.04500000 -0.03475000 0.00300000
v 0.04566987 -0.03725000 0.00300000
v 0.04750000 -0.03908013 0.00300000
v 0.05000000 -0.03975000 0.00300000
v 0.05250000 -0.03908013 0.00300000
v 0.05433013 -0.03725000 0.00300000
v 0.05500000 -0.03475000 0.00300000
v 0.03800000 -0.05000000 0.00300000
v 0.03763157 -0.04862500 0.00300000
v 0.03662500 -0.04761843 0.00300000
v 0.03525000 -0.04725000 0.00300000
v 0.03387500 -0.04761843 0.00300000
v 0.03286843 -0.04862500 0.00300000
v 0.03250000 -0.05000000 0.00300000
v 0.03286843 -0.05137500 0.00300000
v 0.03387500 -0.05238157 0.00300000
v 0.03525000 -0.05275000 0.00300000
v 0.03662500 -0.05238157 0.00300000
v 0.03763157 -0.05137500 0.00300000
v 0.03275000 -0.04566987 0.00300000
v 0.03091987 -0.04750000 0.00300000
v 0.03025000 -0.05000000 0.00300000
v 0.03091987 -0.05250000 0.00300000
v 0.03275000 -0.05433013 0.00300000
v 0.03525000 -0.05500000 0.00300000
v 0.03775000 -0.05433013 0.00300000
v 0.03958013 -0.05250000 0.00300000
v 0.04025000 -0.05000000 0.00300000
v 0.03958013 -0.04750000 0.00300000
v 0.03775000 -0.04566987 0.00300000
v 0.03525000 -0.04500000 0.00300000
v 0.00300000 -0.05000000 0.00300000
v 0.00263157 -0.04862500 0.00300000
v 0.00162500 -0.04761843 0.00300000
v 0.00025000 -0.04725000 0.00300000
v -0.00112500 -0.04761843 0.00300000
v -0.00213157 -0.04862500 0.00300000
v -0.00250000 -0.05000000 0.00300000
v -0.00213157 -0.05137500 0.00300000
v -0.00112500 -0.05238157 0.00300000
v 0.00025000 -0.05275000 0.00300000
v 0.00162500 -0.05238157 0.00300000
v 0.00263157 -0.05137500 0.00300000
v 0.00025000 -0.04500000 0.00300000
v -0.00225000 -0.04566987 0.00300000
v -0.00408013 -0.04750000 0.00300000
v -0.00475000 -0.05000000 0.00300000
v -0.00408013 -0.05250000 0.00300000
v -0.00225000 -0.05433013 0.00300000
v 0.00025000 -0.05500000 0.00300000
v 0.00275000 -0.05433013 0.00300000
v 0.00458013 -0.05250000 0.00300000
v 0.00525000 -0.05000000 0.00300000
v 0.00458013 -0.04750000 0.00300000
v 0.00275000 -0.04566987 0.00300000
v -0.03200000 -0.05000000 0.00300000
v -0.03236843 -0.04862500 0.00300000
v -0.03337500 -0.04761843 0.00300000
v -0.03475000 -0.04725000 0.00300000
v -0.03612500 -0.04761843 0.00300000
v -0.03713157 -0.04862500 0.00300000
v -0.03750000 -0.05000000 0.00300000
v -0.03713157 -0.05137500 0.00300000
v -0.03612500 -0.05238157 0.00300000
v -0.03475000 -0.05275000 0.00300000
v -0.03337500 -0.05238157 0.00300000
v -0.03236843 -0.05137500 0.00300000
v -0.03725000 -0.04566987 0.00300000
v -0.03908013 -0.04750000 0.00300000
v -0.03975000 -0.05000000 0.00300000
v -0.03908013 -0.05250000 0.00300000
v -0.03725000 -0.05433013 0.00300000
v -0.03475000 -0.05500000 0.00300000
v -0.03225000 -0.05433013 0.00300000
v -0.03041987 -0.05250000 0.00300000
v -0.02975000 -0.05000000 0.00300000
v -0.03041987 -0.04750000 0.00300000
v -0.03225000 -0.04566987 0.00300000
v -0.03475000 -0.04500000 0.00300000
v -0.04725000 -0.03525000 0.00300000
v -0.04761843 -0.03387500 0.00300000
v -0.04862500 -0.03286843 0.00300000
v -0.05000000 -0.03250000 0.00300000
v -0.05137500 -0.03286843 0.00300000
v -0.05238157 -0.03387500 0.00300000
v -0.05275000 -0.03525000 0.00300000
v -0.05238157 -0.03662500 0.00300000
v -0.05137500 -0.03763157 0.00300000
v -0.05000000 -0.03800000 0.00300000
v -0.04862500 -0.03763157 0.00300000
v -0.04761843 -0.03662500 0.00300000
v -0.04566987 -0.03275000 0.00300000
v -0.04750000 -0.03091987 0.00300000
v -0.05000000 -0.03025000 0.00300000
v -0.05250000 -0.03091987 0.00300000
v -0.05433013 -0.03275000 0.00300000
v -0.05500000 -0.03525000 0.00300000
v -0.05433013 -0.03775000 0.00300000
v -0.05250000 -0.03958013 0.00300000
v -0.05000000 -0.04025000 0.00300000
v -0.04750000 -0.03958013 0.00300000
v -0.04566987 -0.03775000 0.00300000
v -0.04500000 -0.03525000 0.00300000
v -0.04725000 -0.00025000 0.00300000
v -0.04761843 0.00112500 0.00300000
v -0.04862500 0.00213157 0.00300000
v -0.05000000 0.00250000 0.00300000
v -0.05137500 0.00213157 0.00300000
v -0.05238157 0.00112500 0.00300000
v -0.05275000 -0.00025000 0.00300000
v -0.05238157 -0.00162500 0.00300000
v -0.05137500 -0.00263157 0.00300000
v -0.05000000 -0.00300000 0.00300000
v -0.04862500 -0.00263157 0.00300000
v -0.04761843 -0.00162500 0.00300000
v -0.05000000 0.00475000 0.00300000
v -0.05250000 0.00408013 0.00300000
v -0.05433013 0.00225000 0.00300000
v -0.05500000 -0.00025000 0.00300000
v -0.05433013 -0.00275000 0.00300000
v -0.05250000 -0.00458013 0.00300000
v -0.05000000 -0.00525000 0.00300000
v -0.04750000 -0.00458013 0.00300000
v -0.04566987 -0.00275000 0.00300000
v -0.04500000 -0.00025000 0.00300000
v -0.04566987 0.00225000 0.00300000
v -0.04750000 0.00408013 0.00300000
v -0.04725000 0.03475000 0.00300000
v -0.04761843 0.03612500 0.00300000
v -0.04862500 0.03713157 0.00300000
v -0.05000000 0.03750000 0.00300000
v -0.05137500 0.03713157 0.00300000
v -0.05238157 0.03612500 0.00300000
v -0.05275000 0.03475000 0.00300000
v -0.05238157 0.03337500 0.00300000
v -0.05137500 0.03236843 0.00300000
v -0.05000000 0.03200000 0.00300000
v -0.04862500 0.03236843 0.00300000
v -0.04761843 0.03337500 0.00300000
v -0.04566987 0.03725000 0.00300000
v -0.04750000 0.03908013 0.00300000
v -0.05000000 0.03975000 0.00300000
v -0.05250000 0.03908013 0.00300000
v -0.05433013 0.03725000 0.00300000
v -0.05500000 0.03475000 0.00300000
v -0.05433013 0.03225000 0.00300000
v -0.05250000 0.03041987 0.00300000
v -0.05000000 0.02975000 0.00300000
v -0.04750000 0.03041987 0.00300000
v -0.04566987 0.03225000 0.00300000
v -0.04500000 0.03475000 0.00300000
v -0.03250000 0.05000000 0.00300000
v -0.03286843 0.05137500 0.00300000
v -0.03387500 0.05238157 0.00300000
v -0.03525000 0.05275000 0.00300000
v -0.03662500 0.05238157 0.00300000
v -0.03763157 0.05137500 0.00300000
v -0.03800000 0.05000000 0.00300000
v -0.03763157 0.04862500 0.00300000
v -0.03662500 0.04761843 0.00300000
v -0.03525000 0.04725000 0.00300000
v -0.03387500 0.04761843 0.00300000
v -0.03286843 0.04862500 0.00300000
v -0.03775000 0.05433013 0.00300000
v -0.03958013 0.05250000 0.00300000
v -0.04025000 0.05000000 0.00300000
v -0.03958013 0.04750000 0.00300000
v -0.03775000 0.04566987 0.00300000
v -0.03525000 0.04500000 0.00300000
v -0.03275000 0.04566987 0.00300000
v -0.03091987 0.04750000 0.00300000
v -0.03025000 0.05000000 0.00300000
v -0.03091987 0.05250000 0.00300000
v -0.03275000 0.05433013 0.00300000
v -0.03525000 0.05500000 0.00300000
v 0.00250000 0.05000000 0.00300000
v 0.00213157 0.05137500 0.00300000
v 0.00112500 0.05238157 0.00300000
v -0.00025000 0.05275000 0.00300000
v -0.00162500 0.05238157 0.00300000
v -0.00263157 0.05137500 0.00300000
v -0.00300000 0.05000000 0.00300000
v -0.00263157 0.04862500 0.00300000
v -0.00162500 0.04761843 0.00300000
v -0.00025000 0.04725000 0.00300000
v 0.00112500 0.04761843 0.00300000
v 0.00213157 0.04862500 0.00300000
v -0.00025000 0.05500000 0.00300000
v -0.00275000 0.05433013 0.00300000
v -0.00458013 0.05250000 0.00300000
v -0.00525000 0.05000000 0.00300000
v -0.00458013 0.04750000 0.00300000
v -0.00275000 0.04566987 0.00300000
v -0.00025000 0.04500000 0.00300000
v 0.00225000 0.04566987 0.00300000
v 0.00408013 0.04750000 0.00300000
v 0.00475000 0.05000000 0.00300000
v 0.00408013 0.05250000 0.00300000
v 0.00225000 0.05433013 0.00300000
v 0.03750000 0.05000000 0.00300000
v 0.03713157 0.05137500 0.00300000
v 0.03612500 0.05238157 0.00300000
v 0.03475000 0.05275000 0.00300000
v 0.03337500 0.05238157 0.00300000
v 0.03236843 0.05137500 0.00300000
v 0.03200000 0.05000000 0.00300000
v 0.03236843 0.04862500 0.00300000
v 0.03337500 0.04761843 0.00300000
v 0.03475000 0.04725000 0.00300000
v 0.03612500 0.04761843 0.00300000
v 0.03713157 0.04862500 0.00300000
v 0.03225000 0.05433013 0.00300000
v 0.03041987 0.05250000 0.00300000
v 0.02975000 0.05000000 0.00300000
v 0.03041987 0.04750000 0.00300000
v 0.03225000 0.04566987 0.00300000
v 0.03475000 0.04500000 0.00300000
v 0.03725000 0.04566987 0.00300000
v 0.03908013 0.04750000 0.00300000
v 0.03975000 0.05000000 0.00300000
v 0.03908013 0.05250000 0.00300000
v 0.03725000 0.05433013 0.00300000
v 0.03475000 0.05500000 0.00300000
v -0.02618074 0.02754213 0.00300000
v -0.02221157 0.02221157 0.00300000
v -0.03118901 0.02170819 0.00300000
v 0.02326003 -0.03004948 0.00300000
v 0.02221157 -0.02221157 0.00300000
v 0.02883281 -0.02475215 0.00300000
v 0.01673498 -0.03411657 0.00300000
v -0.02221157 -0.02221157 0.00300000
v 0.02221157 0.02221157 0.00300000
v 0.01673498 0.03411657 0.00300000
v 0.02326003 0.03004948 0.00300000
v -0.03155595 0.00000000 0.00300000
v -0.02010063 0.03224848 0.00300000
v 0.00000000 0.03155595 0.00300000
v 0.03155595 0.00000000 0.00300000
v 0.03322517 -0.01844147 0.00300000
v 0.00000000 -0.03155595 0.00300000
v -0.02010063 -0.03224848 0.00300000
v 0.00952480 0.03678693 0.00300000
v 0.00192467 0.03795123 0.00300000
v 0.03780504 0.00384440 0.00300000
v 0.03780504 -0.00384440 0.00300000
v 0.03625729 0.01137580 0.00300000
v 0.03322517 0.01844147 0.00300000
v 0.02883281 0.02475215 0.00300000
v 0.03625729 -0.01137580 0.00300000
v 0.00192467 -0.03795123 0.00300000
v 0.00952480 -0.03678693 0.00300000
v -0.01319760 -0.03563458 0.00300000
v -0.00575426 -0.03756180 0.00300000
v -0.03800000 0.00000000 0.00300000
v -0.03722214 -0.00764934 0.00300000
v -0.03492040 -0.01498552 0.00300000
v -0.03492040 0.01498552 0.00300000
v -0.03722214 0.00764934 0.00300000
v -0.00575426 0.03756180 0.00300000
v -0.01319760 0.03563458 0.00300000
v -0.03118901 -0.02170819 0.00300000
v -0.02618074 -0.02754213 0.00300000
v 0.00000001 0.03799999 -0.00100000
v 0.00000001 0.03799999 -0.02899999
v -0.00625460 0.03748173 -0.02899999
v -0.00625460 0.03748173 -0.00100000
v -0.01233856 0.03594107 -0.02899999
v -0.01233856 0.03594107 -0.00100000
v -0.01808600 0.03342003 -0.02899999
v -0.01808600 0.03342003 -0.00100000
v -0.02334009 0.02998734 -0.02899999
v -0.02334009 0.02998734 -0.00100000
v -0.02795752 0.02573669 -0.02899999
v -0.02795752 0.02573669 -0.00100000
v -0.03181233 0.02078402 -0.02899999
v -0.03181233 0.02078402 -0.00100000
v -0.03479938 0.01526445 -0.02899999
v -0.03479938 0.01526445 -0.00100000
v -0.03683721 0.00932843 -0.02899999
v -0.03683721 0.00932843 -0.00100000
v -0.03787021 0.00313801 -0.02899999
v -0.03787021 0.00313801 -0.00100000
v -0.03787021 -0.00313800 -0.02899999
v -0.03787021 -0.00313800 -0.00100000
v -0.03683721 -0.00932842 -0.02899999
v -0.03683721 -0.00932842 -0.00100000
v -0.03479938 -0.01526445 -0.02899999
v -0.03479938 -0.01526445 -0.00100000
v -0.03181233 -0.02078402 -0.02899999
v -0.03181233 -0.02078402 -0.00100000
v -0.02795752 -0.02573669 -0.02899999
v -0.02795752 -0.02573669 -0.00100000
v -0.02334009 -0.02998733 -0.02899999
v -0.02334009 -0.02998733 -0.00100000
v -0.01808600 -0.03341999 -0.02899999
v -0.01808600 -0.03341999 -0.00100000
v -0.01233856 -0.03594106 -0.02899999
v -0.01233856 -0.03594106 -0.00100000
v -0.00625460 -0.03748172 -0.02899999
v -0.00625460 -0.03748172 -0.00100000
v 0.00000001 -0.03799998 -0.02899999
v 0.00000001 -0.03799998 -0.00100000
v 0.00000001 -0.03700000 -0.03000000
v -0.00609000 -0.03649535 -0.03000000
v -0.01201387 -0.03499522 -0.03000000
v -0.01761006 -0.03254053 -0.03000000
v -0.02272587 -0.02919823 -0.03000000
v -0.02722179 -0.02505940 -0.03000000
v -0.03097515 -0.02023708 -0.03000000
v -0.03388362 -0.01486271 -0.03000000
v -0.03586780 -0.00908297 -0.03000000
v -0.03687362 -0.00305545 -0.03000000
v -0.03687362 0.00305546 -0.03000000
v -0.03586780 0.00908298 -0.03000000
v -0.03388362 0.01486272 -0.03000000
v -0.03097515 0.02023709 -0.03000000
v -0.02722179 0.02505941 -0.03000000
v -0.02272587 0.02919817 -0.03000000
v -0.01761006 0.03254050 -0.03000000
v -0.01201387 0.03499526 -0.03000000
v -0.00757565 0.03621614 -0.03000000
v -0.00609000 0.03649539 -0.03000000
v 0.00000001 0.03700000 -0.03000000
v -0.02722179 -0.02505940 0.00000000
v 0.00000001 0.03700000 0.00000000
v -0.00609000 0.03649539 0.00000000
v -0.01201387 0.03499526 0.00000000
v -0.01761006 0.03254050 0.00000000
v -0.02142848 0.03016323 0.00000000
v -0.02272587 0.02919817 0.00000000
v -0.02722179 0.02505941 0.00000000
v -0.03015338 0.02144236 0.00000000
v -0.03097515 0.02023709 0.00000000
v -0.03388362 0.01486272 0.00000000
v -0.03586780 0.00908298 0.00000000
v -0.03687362 0.00305546 0.00000000
v -0.03687362 -0.00305545 0.00000000
v -0.03586780 -0.00908297 0.00000000
v -0.03388362 -0.01486271 0.00000000
v -0.03097515 -0.02023708 0.00000000
v -0.03015338 -0.02144235 0.00000000
v -0.01761006 -0.03254053 0.00000000
v -0.02142848 -0.03016322 0.00000000
v -0.02272587 -0.02919823 0.00000000
v -0.01201387 -0.03499522 0.00000000
v -0.00609000 -0.03649535 0.00000000
v 0.00000001 -0.03800001 -0.00100000
v 0.00000001 -0.03700000 0.00000000
v 0.00000001 -0.03525000 -0.03000000
v 0.00000001 -0.03525000 -0.02700000
v 0.00062500 -0.03508255 -0.03000000
v 0.00062500 -0.03508255 -0.02700000
v 0.00108252 -0.03462499 -0.03000000
v 0.00108252 -0.03462499 -0.02700000
v 0.00125001 -0.03400001 -0.03000000
v 0.00125001 -0.03400001 -0.02700000
v 0.00108252 -0.03337499 -0.03000000
v 0.00108252 -0.03337499 -0.02700000
v 0.00062500 -0.03291747 -0.03000000
v 0.00062500 -0.03291747 -0.02700000
v 0.00000001 -0.03275001 -0.03000000
v 0.00000001 -0.03275001 -0.02700000
v 0.02944486 0.01574999 -0.03000000
v 0.02944486 0.01574999 -0.02700000
v 0.03006987 0.01591748 -0.03000000
v 0.03006987 0.01591748 -0.02700000
v 0.03052740 0.01637501 -0.03000000
v 0.03052740 0.01637501 -0.02700000
v 0.03069486 0.01700002 -0.03000000
v 0.03069486 0.01700002 -0.02700000
v 0.03052740 0.01762498 -0.03000000
v 0.03052740 0.01762498 -0.02700000
v 0.03006987 0.01808250 -0.03000000
v 0.03006987 0.01808250 -0.02700000
v 0.02944486 0.01824999 -0.03000000
v 0.02944486 0.01824999 -0.02700000
v -0.02944486 0.01574999 -0.03000000
v -0.02944486 0.01574999 -0.02700000
v -0.02881988 0.01591748 -0.03000000
v -0.02881988 0.01591748 -0.02700000
v -0.02836232 0.01637501 -0.03000000
v -0.02836232 0.01637501 -0.02700000
v -0.02819486 0.01700002 -0.03000000
v -0.02819486 0.01700002 -0.02700000
v -0.02836232 0.01762498 -0.03000000
v -0.02836232 0.01762498 -0.02700000
v -0.02881988 0.01808250 -0.03000000
v -0.02881988 0.01808250 -0.02700000
v -0.02944486 0.01824999 -0.03000000
v -0.02944486 0.01824999 -0.02700000
v 0.00000001 0.03275001 -0.03000000
v 0.00000001 0.03275001 -0.02700000
v 0.00062500 0.03291744 -0.03000000
v 0.00062500 0.03291744 -0.02700000
v 0.00108252 0.03337503 -0.03000000
v 0.00108252 0.03337503 -0.02700000
v 0.00125001 0.03399998 -0.03000000
v 0.00125001 0.03399998 -0.02700000
v 0.00108252 0.03462500 -0.03000000
v 0.00108252 0.03462500 -0.02700000
v 0.00062500 0.03508252 -0.03000000
v 0.00062500 0.03508252 -0.02700000
v 0.00000001 0.03525001 -0.03000000
v 0.00000001 0.03525001 -0.02700000
v 0.02944486 -0.01824998 -0.03000000
v 0.02944486 -0.01824998 -0.02700000
v 0.03006987 -0.01808256 -0.03000000
v 0.03006987 -0.01808256 -0.02700000
v 0.03052740 -0.01762497 -0.03000000
v 0.03052740 -0.01762497 -0.02700000
v 0.03069486 -0.01700002 -0.03000000
v 0.03069486 -0.01700002 -0.02700000
v 0.03052740 -0.01637500 -0.03000000
v 0.03052740 -0.01637500 -0.02700000
v 0.03006987 -0.01591748 -0.03000000
v 0.03006987 -0.01591748 -0.02700000
v 0.02944486 -0.01574999 -0.03000000
v 0.02944486 -0.01574999 -0.02700000
v -0.02944486 -0.01824998 -0.03000000
v -0.02944486 -0.01824998 -0.02700000
v -0.02881988 -0.01808256 -0.03000000
v -0.02881988 -0.01808256 -0.02700000
v -0.02836232 -0.01762497 -0.03000000
v -0.02836232 -0.01762497 -0.02700000
v -0.02819486 -0.01700002 -0.03000000
v -0.02819486 -0.01700002 -0.02700000
v -0.02836232 -0.01637500 -0.03000000
v -0.02836232 -0.01637500 -0.02700000
v -0.02881988 -0.01591748 -0.03000000
v -0.02881988 -0.01591748 -0.02700000
v -0.02944486 -0.01574999 -0.03000000
v -0.02944486 -0.01574999 -0.02700000
v 0.03141190 -0.01176125 0.00000000
v 0.03141190 -0.01176125 -0.00550000
v 0.03203692 -0.01192873 0.00000000
v 0.03203692 -0.01192873 -0.00550000
v 0.03249444 -0.01238626 0.00000000
v 0.03249444 -0.01238626 -0.00550000
v 0.03266190 -0.01301121 0.00000000
v 0.03266190 -0.01301121 -0.00550000
v 0.03249444 -0.01363623 0.00000000
v 0.03249444 -0.01363623 -0.00550000
v 0.03203692 -0.01409375 0.00000000
v 0.03203692 -0.01409375 -0.00550000
v 0.03141190 -0.01426124 0.00000000
v 0.03141190 -0.01426124 -0.00550000
v 0.01426123 0.03141189 0.00000000
v 0.01426123 0.03141189 -0.00550000
v 0.01409377 0.03078688 0.00000000
v 0.01409377 0.03078688 -0.00550000
v 0.01363625 0.03032935 0.00000000
v 0.01363625 0.03032935 -0.00550000
v 0.01301123 0.03016192 0.00000000
v 0.01301123 0.03016192 -0.00550000
v 0.01238625 0.03032935 0.00000000
v 0.01238625 0.03032935 -0.00550000
v 0.01192869 0.03078688 0.00000000
v 0.01192869 0.03078688 -0.00550000
v 0.01176123 0.03141189 0.00000000
v 0.01176123 0.03141189 -0.00550000
v -0.01176123 -0.03141191 0.00000000
v -0.01176123 -0.03141191 -0.00550000
v -0.01192869 -0.03203690 0.00000000
v -0.01192869 -0.03203690 -0.00550000
v -0.01238625 -0.03249442 0.00000000
v -0.01238625 -0.03249442 -0.00550000
v -0.01301123 -0.03266191 0.00000000
v -0.01301123 -0.03266191 -0.00550000
v -0.01363625 -0.03249442 0.00000000
v -0.01363625 -0.03249442 -0.00550000
v -0.01409377 -0.03203690 0.00000000
v -0.01409377 -0.03203690 -0.00550000
v -0.01426123 -0.03141191 0.00000000
v -0.01426123 -0.03141191 -0.00550000
v -0.03141190 0.01426125 0.00000000
v -0.03141190 0.01426125 -0.00550000
v -0.03078692 0.01409376 0.00000000
v -0.03078692 0.01409376 -0.00550000
v -0.03032936 0.01363623 0.00000000
v -0.03032936 0.01363623 -0.00550000
v -0.03016190 0.01301122 0.00000000
v -0.03016190 0.01301122 -0.00550000
v -0.03032936 0.01238627 0.00000000
v -0.03032936 0.01238627 -0.00550000
v -0.03078692 0.01192868 0.00000000
v -0.03078692 0.01192868 -0.00550000
v -0.03141190 0.01176125 0.00000000
v -0.03141190 0.01176125 -0.00550000
v -0.01176123 0.03141189 0.00000000
v -0.01176123 0.03141189 -0.00550000
v -0.01192869 0.03078688 0.00000000
v -0.01192869 0.03078688 -0.00550000
v -0.01238625 0.03032935 0.00000000
v -0.01238625 0.03032935 -0.00550000
v -0.01301123 0.03016192 0.00000000
v -0.01301123 0.03016192 -0.00550000
v -0.01363625 0.03032935 0.00000000
v -0.01363625 0.03032935 -0.00550000
v -0.01409377 0.03078688 0.00000000
v -0.01409377 0.03078688 -0.00550000
v -0.01426123 0.03141189 0.00000000
v -0.01426123 0.03141189 -0.00550000
v -0.03141190 -0.01176125 0.00000000
v -0.03141190 -0.01176125 -0.00550000
v -0.03078692 -0.01192873 0.00000000
v -0.03078692 -0.01192873 -0.00550000
v -0.03032936 -0.01238626 0.00000000
v -0.03032936 -0.01238626 -0.00550000
v -0.03016190 -0.01301121 0.00000000
v -0.03016190 -0.01301121 -0.00550000
v -0.03032936 -0.01363623 0.00000000
v -0.03032936 -0.01363623 -0.00550000
v -0.03078692 -0.01409375 0.00000000
v -0.03078692 -0.01409375 -0.00550000
v -0.03141190 -0.01426124 0.00000000
v -0.03141190 -0.01426124 -0.00550000
v 0.03141190 0.01426125 0.00000000
v 0.03141190 0.01426125 -0.00550000
v 0.03203692 0.01409376 0.00000000
v 0.03203692 0.01409376 -0.00550000
v 0.03249444 0.01363623 0.00000000
v 0.03249444 0.01363623 -0.00550000
v 0.03266190 0.01301122 0.00000000
v 0.03266190 0.01301122 -0.00550000
v 0.03249444 0.01238627 0.00000000
v 0.03249444 0.01238627 -0.00550000
v 0.03203692 0.01192868 0.00000000
v 0.03203692 0.01192868 -0.00550000
v 0.03141190 0.01176125 0.00000000
v 0.03141190 0.01176125 -0.00550000
v 0.01426123 -0.03141191 0.00000000
v 0.01426123 -0.03141191 -0.00550000
v 0.01409377 -0.03203690 0.00000000
v 0.01409377 -0.03203690 -0.00550000
v 0.01363625 -0.03249442 0.00000000
v 0.01363625 -0.03249442 -0.00550000
v 0.01301123 -0.03266191 0.00000000
v 0.01301123 -0.03266191 -0.00550000
v 0.01238625 -0.03249442 0.00000000
v 0.01238625 -0.03249442 -0.00550000
v 0.01192869 -0.03203690 0.00000000
v 0.01192869 -0.03203690 -0.00550000
v 0.01176123 -0.03141191 0.00000000
v 0.01176123 -0.03141191 -0.00550000
v 0.00000001 0.02999998 0.01450000
v 0.00000001 0.02999998 0.00000000
v -0.00551249 0.02948922 0.00000000
v -0.00551249 0.02948922 0.01450000
v -0.01083724 0.02797419 0.00000000
v -0.01083724 0.02797419 0.01450000
v -0.01579295 0.02550650 0.00000000
v -0.01579295 0.02550650 0.01450000
v -0.02021088 0.02217025 0.00000000
v -0.02021088 0.02217025 0.01450000
v -0.02394052 0.01807905 0.00000000
v -0.02394052 0.01807905 0.01450000
v -0.02685489 0.01337213 0.00000000
v -0.02685489 0.01337213 0.01450000
v -0.02885477 0.00820989 0.00000000
v -0.02885477 0.00820989 0.01450000
v -0.02987202 0.00276804 0.00000000
v -0.02987202 0.00276804 0.01450000
v -0.02987202 -0.00276804 0.00000000
v -0.02987202 -0.00276804 0.01450000
v -0.02885477 -0.00820988 0.00000000
v -0.02885477 -0.00820988 0.01450000
v -0.02685489 -0.01337218 0.00000000
v -0.02685489 -0.01337218 0.01450000
v -0.02394052 -0.01807904 0.00000000
v -0.02394052 -0.01807904 0.01450000
v -0.02021088 -0.02217024 0.00000000
v -0.02021088 -0.02217024 0.01450000
v -0.01579295 -0.02550649 0.00000000
v -0.01579295 -0.02550649 0.01450000
v -0.01083724 -0.02797418 0.00000000
v -0.01083724 -0.02797418 0.01450000
v -0.00551249 -0.02948922 0.00000000
v -0.00551249 -0.02948922 0.01450000
v 0.00000001 -0.03000003 0.00000000
v 0.00000001 -0.03000003 0.01450000
v 0.03141190 -0.01301121 -0.00590425
v 0.01301123 0.03141189 -0.00590425
v -0.01301123 -0.03141191 -0.00590425
v -0.01238625 -0.03032934 -0.00550000
v -0.01301123 -0.03016191 -0.00550000
v -0.01192869 -0.03078693 -0.00550000
v -0.03141190 0.01301122 -0.00590425
v -0.01301123 0.03141189 -0.00590425
v -0.03141190 -0.01301121 -0.00590425
v 0.03141190 0.01301122 -0.00590425
v 0.01301123 -0.03141191 -0.00590425
v 0.00000001 0.02899999 0.01550000
v -0.00532873 0.02850622 0.01550000
v -0.01047601 0.02704168 0.01550000
v -0.01526652 0.02465630 0.01550000
v -0.01953717 0.02143127 0.01550000
v -0.02314250 0.01747638 0.01550000
v -0.02595975 0.01292640 0.01550000
v -0.02789293 0.00793624 0.01550000
v -0.02887629 0.00267577 0.01550000
v -0.02887629 -0.00267577 0.01550000
v -0.02789293 -0.00793624 0.01550000
v -0.02595975 -0.01292640 0.01550000
v -0.02314250 -0.01747638 0.01550000
v -0.01953717 -0.02143126 0.01550000
v -0.01526652 -0.02465629 0.01550000
v -0.01047601 -0.02704167 0.01550000
v -0.00532873 -0.02850622 0.01550000
v 0.00000001 -0.02899998 0.01550000
v 0.00000001 0.02120000 0.01550000
v 0.00000001 0.02120000 0.01400000
v 0.00471745 0.02066845 0.01550000
v 0.00471745 0.02066845 0.01400000
v 0.00919832 0.01910055 0.01550000
v 0.00919832 0.01910055 0.01400000
v 0.01321797 0.01657480 0.01550000
v 0.01321797 0.01657480 0.01400000
v 0.01657481 0.01321799 0.01550000
v 0.01657481 0.01321799 0.01400000
v 0.01910053 0.00919831 0.01550000
v 0.01910053 0.00919831 0.01400000
v 0.02066846 0.00471747 0.01550000
v 0.02066846 0.00471747 0.01400000
v 0.02120001 0.00000000 0.01550000
v 0.02120001 0.00000000 0.01400000
v 0.02066846 -0.00471747 0.01550000
v 0.02066846 -0.00471747 0.01400000
v 0.01910053 -0.00919836 0.01550000
v 0.01910053 -0.00919836 0.01400000
v 0.01657481 -0.01321798 0.01550000
v 0.01657481 -0.01321798 0.01400000
v 0.01321797 -0.01657486 0.01550000
v 0.01321797 -0.01657486 0.01400000
v 0.00919832 -0.01910054 0.01550000
v 0.00919832 -0.01910054 0.01400000
v 0.00471745 -0.02066844 0.01550000
v 0.00471745 -0.02066844 0.01400000
v 0.00000001 -0.02120000 0.01550000
v 0.00000001 -0.02120000 0.01400000
v 0.00000001 0.02099997 0.01550000
v 0.00000001 0.02099997 0.01400000
v -0.00467293 0.02047348 0.01400000
v -0.00467293 0.02047348 0.01550000
v -0.00911157 0.01892037 0.01400000
v -0.00911157 0.01892037 0.01550000
v -0.01309328 0.01641846 0.01400000
v -0.01309328 0.01641846 0.01550000
v -0.01641847 0.01309330 0.01400000
v -0.01641847 0.01309330 0.01550000
v -0.01892035 0.00911159 0.01400000
v -0.01892035 0.00911159 0.01550000
v -0.02047350 0.00467295 0.01400000
v -0.02047350 0.00467295 0.01550000
v -0.02100001 0.00000000 0.01400000
v -0.02100001 0.00000000 0.01550000
v -0.02047350 -0.00467294 0.01400000
v -0.02047350 -0.00467294 0.01550000
v -0.01892035 -0.00911158 0.01400000
v -0.01892035 -0.00911158 0.01550000
v -0.01641847 -0.01309329 0.01400000
v -0.01641847 -0.01309329 0.01550000
v -0.01309328 -0.01641845 0.01400000
v -0.01309328 -0.01641845 0.01550000
v -0.00911157 -0.01892036 0.01400000
v -0.00911157 -0.01892036 0.01550000
v -0.00467293 -0.02047348 0.01400000
v -0.00467293 -0.02047348 0.01550000
v 0.00000001 -0.02100002 0.01400000
v 0.00000001 -0.02100002 0.01550000
v 0.02049999 0.00000000 0.01600000
v 0.02100001 0.00000000 0.01550000
v 0.02047349 0.00467295 0.01550000
v 0.01998602 0.00456167 0.01600000
v 0.01892035 0.00911159 0.01550000
v 0.01846985 0.00889463 0.01600000
v 0.01641847 0.01309330 0.01550000
v 0.01602755 0.01278156 0.01600000
v 0.01309328 0.01641846 0.01550000
v 0.01278154 0.01602757 0.01600000
v 0.00911157 0.01892037 0.01550000
v 0.00889461 0.01846987 0.01600000
v 0.00467293 0.02047348 0.01550000
v 0.00456168 0.01998604 0.01600000
v 0.00000001 0.02050001 0.01600000
v -0.00456168 0.01998604 0.01600000
v -0.00889461 0.01846987 0.01600000
v -0.01278155 0.01602757 0.01600000
v -0.01602756 0.01278156 0.01600000
v -0.01846986 0.00889463 0.01600000
v -0.01998602 0.00456167 0.01600000
v -0.02049999 0.00000000 0.01600000
v -0.00750001 0.01459039 0.01600000
v -0.00750001 0.01459039 0.01000000
v -0.00670000 0.01437605 0.01600000
v -0.00670000 0.01437605 0.01000000
v -0.00611435 0.01379037 0.01600000
v -0.00611435 0.01379037 0.01000000
v -0.00590001 0.01299036 0.01600000
v -0.00590001 0.01299036 0.01000000
v -0.00611435 0.01219040 0.01600000
v -0.00611435 0.01219040 0.01000000
v -0.00670000 0.01160473 0.01600000
v -0.00670000 0.01160473 0.01000000
v -0.00750001 0.01139039 0.01600000
v -0.00750001 0.01139039 0.01000000
v 0.01500000 0.00159997 0.01600000
v 0.01500000 0.00159997 0.01000000
v 0.01580001 0.00138563 0.01600000
v 0.01580001 0.00138563 0.01000000
v 0.01638563 0.00080002 0.01600000
v 0.01638563 0.00080002 0.01000000
v 0.01660000 0.00000000 0.01600000
v 0.01660000 0.00000000 0.01000000
v 0.01638563 -0.00080001 0.01600000
v 0.01638563 -0.00080001 0.01000000
v 0.01580001 -0.00138563 0.01600000
v 0.01580001 -0.00138563 0.01000000
v 0.01500000 -0.00160002 0.01600000
v 0.01500000 -0.00160002 0.01000000
v -0.00750001 -0.01139039 0.01600000
v -0.00750001 -0.01139039 0.01000000
v -0.00670000 -0.01160472 0.01600000
v -0.00670000 -0.01160472 0.01000000
v -0.00611435 -0.01219040 0.01600000
v -0.00611435 -0.01219040 0.01000000
v -0.00590001 -0.01299035 0.01600000
v -0.00590001 -0.01299035 0.01000000
v -0.00611435 -0.01379037 0.01600000
v -0.00611435 -0.01379037 0.01000000
v -0.00670000 -0.01437604 0.01600000
v -0.00670000 -0.01437604 0.01000000
v -0.00750001 -0.01459038 0.01600000
v -0.00750001 -0.01459038 0.01000000
v 0.00000001 -0.00849998 0.01550000
v 0.00000001 -0.00900000 0.01600000
v 0.00290717 -0.00798738 0.01550000
v 0.00307818 -0.00845724 0.01600000
v 0.00546370 -0.00651139 0.01550000
v 0.00578509 -0.00689441 0.01600000
v 0.00736122 -0.00424999 0.01550000
v 0.00779421 -0.00450003 0.01600000
v 0.00837086 -0.00147599 0.01550000
v 0.00886328 -0.00156283 0.01600000
v 0.00837086 0.00147599 0.01550000
v 0.00886328 0.00156284 0.01600000
v 0.00736122 0.00424999 0.01550000
v 0.00779421 0.00449997 0.01600000
v 0.00546370 0.00651139 0.01550000
v 0.00578509 0.00689441 0.01600000
v 0.00290717 0.00798738 0.01550000
v 0.00307818 0.00845725 0.01600000
v 0.00000001 0.00849998 0.01550000
v 0.00000001 0.00900001 0.01600000
v -0.01425000 -0.00199997 0.01600000
v -0.01425000 -0.00199997 0.01850000
v -0.01525001 -0.00173205 0.01850000
v -0.01525001 -0.00173205 0.01600000
v -0.01598205 -0.00099998 0.01850000
v -0.01598205 -0.00099998 0.01600000
v -0.01625000 0.00000000 0.01850000
v -0.01625000 0.00000000 0.01600000
v -0.01598205 0.00099999 0.01850000
v -0.01598205 0.00099999 0.01600000
v -0.01525001 0.00173205 0.01850000
v -0.01525001 0.00173205 0.01600000
v -0.01425000 0.00199998 0.01850000
v -0.01425000 0.00199998 0.01600000
v 0.00712500 -0.01434087 0.01600000
v 0.00712500 -0.01434087 0.01850000
v 0.00612499 -0.01407289 0.01850000
v 0.00612499 -0.01407289 0.01600000
v 0.00539295 -0.01334089 0.01850000
v 0.00539295 -0.01334089 0.01600000
v 0.00512500 -0.01234084 0.01850000
v 0.00512500 -0.01234084 0.01600000
v 0.00539295 -0.01134085 0.01850000
v 0.00539295 -0.01134085 0.01600000
v 0.00612499 -0.01060879 0.01850000
v 0.00612499 -0.01060879 0.01600000
v 0.00712500 -0.01034087 0.01850000
v 0.00712500 -0.01034087 0.01600000
v 0.00712500 0.01034087 0.01600000
v 0.00712500 0.01034087 0.01850000
v 0.00612499 0.01060880 0.01850000
v 0.00612499 0.01060880 0.01600000
v 0.00539295 0.01134086 0.01850000
v 0.00539295 0.01134086 0.01600000
v 0.00512500 0.01234085 0.01850000
v 0.00512500 0.01234085 0.01600000
v 0.00539295 0.01334083 0.01850000
v 0.00539295 0.01334083 0.01600000
v 0.00612499 0.01407290 0.01850000
v 0.00612499 0.01407290 0.01600000
v 0.00712500 0.01434088 0.01850000
v 0.00712500 0.01434088 0.01600000
v 0.00000001 0.00849998 0.01400000
v 0.00290717 0.00798738 0.01400000
v 0.00546370 0.00651139 0.01400000
v 0.00736122 0.00424999 0.01400000
v 0.00837086 0.00147599 0.01400000
v 0.00837086 -0.00147599 0.01400000
v 0.00736122 -0.00424999 0.01400000
v 0.00546370 -0.00651139 0.01400000
v 0.00290717 -0.00798738 0.01400000
v 0.00000001 -0.00849998 0.01400000
v 0.00000001 0.00400001 0.01420000
v 0.00000001 0.00400001 0.01400000
v -0.00199999 0.00346411 0.01400000
v -0.00199999 0.00346411 0.01420000
v -0.00346409 0.00199998 0.01400000
v -0.00346409 0.00199998 0.01420000
v -0.00399999 0.00000000 0.01400000
v -0.00399999 0.00000000 0.01420000
v -0.00346409 -0.00199997 0.01400000
v -0.00346409 -0.00199997 0.01420000
v -0.00199999 -0.00346410 0.01400000
v -0.00199999 -0.00346410 0.01420000
v 0.00000001 -0.00400001 0.01400000
v 0.00000001 -0.00400001 0.01420000
v 0.00000001 0.00370002 0.01450000
v -0.00185000 0.00320429 0.01450000
v -0.00320430 0.00185001 0.01450000
v -0.00370000 0.00000000 0.01450000
v -0.00320430 -0.00185001 0.01450000
v -0.00185000 -0.00320428 0.01450000
v 0.00000001 -0.00370002 0.01450000
v 0.00000001 0.00150001 0.01450000
v 0.00000001 0.00150001 -0.00730000
v 0.00074999 0.00129903 0.01450000
v 0.00074999 0.00129903 -0.00730000
v 0.00129904 0.00075001 0.01450000
v 0.00129904 0.00075001 -0.00730000
v 0.00149999 0.00000000 0.01450000
v 0.00149999 0.00000000 -0.00730000
v 0.00129904 -0.00075000 0.01450000
v 0.00129904 -0.00075000 -0.00730000
v 0.00074999 -0.00129902 0.01450000
v 0.00074999 -0.00129902 -0.00730000
v 0.00000001 -0.00150001 0.01450000
v 0.00000001 -0.00150001 -0.00730000
v 0.00625460 -0.03748172 -0.02899999
v 0.00625460 -0.03748172 -0.00100000
v 0.01233859 -0.03594106 -0.02899999
v 0.01233859 -0.03594106 -0.00100000
v 0.01808600 -0.03341999 -0.02899999
v 0.01808600 -0.03341999 -0.00100000
v 0.02334009 -0.02998733 -0.02899999
v 0.02334009 -0.02998733 -0.00100000
v 0.02795751 -0.02573669 -0.02899999
v 0.02795751 -0.02573669 -0.00100000
v 0.03181233 -0.02078402 -0.02899999
v 0.03181233 -0.02078402 -0.00100000
v 0.03479938 -0.01526445 -0.02899999
v 0.03479938 -0.01526445 -0.00100000
v 0.03683721 -0.00932842 -0.02899999
v 0.03683721 -0.00932842 -0.00100000
v 0.03787021 -0.00313800 -0.02899999
v 0.03787021 -0.00313800 -0.00100000
v 0.03787021 0.00313801 -0.02899999
v 0.03787021 0.00313801 -0.00100000
v 0.03683721 0.00932843 -0.02899999
v 0.03683721 0.00932843 -0.00100000
v 0.03479938 0.01526445 -0.02899999
v 0.03479938 0.01526445 -0.00100000
v 0.03181233 0.02078402 -0.02899999
v 0.03181233 0.02078402 -0.00100000
v 0.02795751 0.02573669 -0.02899999
v 0.02795751 0.02573669 -0.00100000
v 0.02334009 0.02998734 -0.02899999
v 0.02334009 0.02998734 -0.00100000
v 0.01808600 0.03342003 -0.02899999
v 0.01808600 0.03342003 -0.00100000
v 0.01233859 0.03594107 -0.02899999
v 0.01233859 0.03594107 -0.00100000
v 0.00625460 0.03748173 -0.02899999
v 0.00625460 0.03748173 -0.00100000
v 0.01201387 0.03499526 -0.03000000
v 0.00757564 0.03621614 -0.03000000
v 0.00609000 0.03649539 -0.03000000
v 0.03586783 0.00908298 -0.03000000
v 0.03388362 0.01486272 -0.03000000
v 0.03097515 0.02023709 -0.03000000
v 0.02722178 0.02505941 -0.03000000
v 0.02272586 0.02919817 -0.03000000
v 0.01761006 0.03254050 -0.03000000
v 0.03687362 -0.00305545 -0.03000000
v 0.03700002 0.00000000 -0.03000000
v 0.03687362 0.00305546 -0.03000000
v 0.03586783 -0.00908297 -0.03000000
v 0.03388362 -0.01486271 -0.03000000
v 0.03097515 -0.02023708 -0.03000000
v 0.02722178 -0.02505940 -0.03000000
v 0.02272586 -0.02919823 -0.03000000
v 0.01761006 -0.03254053 -0.03000000
v 0.01201387 -0.03499522 -0.03000000
v 0.00609000 -0.03649535 -0.03000000
v 0.02722178 0.02505941 0.00000000
v 0.00609000 -0.03649535 0.00000000
v 0.01201387 -0.03499522 0.00000000
v 0.01761006 -0.03254053 0.00000000
v 0.02142848 -0.03016322 0.00000000
v 0.02272586 -0.02919823 0.00000000
v 0.02722178 -0.02505940 0.00000000
v 0.03015338 -0.02144235 0.00000000
v 0.03097515 -0.02023708 0.00000000
v 0.03388362 -0.01486271 0.00000000
v 0.03586783 -0.00908297 0.00000000
v 0.03687362 -0.00305545 0.00000000
v 0.03700002 0.00000000 0.00000000
v 0.03687362 0.00305546 0.00000000
v 0.03586783 0.00908298 0.00000000
v 0.03388362 0.01486272 0.00000000
v 0.03097515 0.02023709 0.00000000
v 0.03015338 0.02144236 0.00000000
v 0.01761006 0.03254050 0.00000000
v 0.02142848 0.03016323 0.00000000
v 0.02272586 0.02919817 0.00000000
v 0.01201387 0.03499526 0.00000000
v 0.00609000 0.03649539 0.00000000
v -0.01472242 -0.02550000 -0.03000000
v -0.03384744 0.00000000 -0.03000000
v 0.01472242 0.02550000 -0.03000000
v 0.01472242 -0.02550000 -0.03000000
v -0.00062500 -0.03291747 -0.03000000
v -0.00108253 -0.03337499 -0.03000000
v -0.00124999 -0.03400001 -0.03000000
v -0.00108253 -0.03462499 -0.03000000
v -0.00062500 -0.03508255 -0.03000000
v 0.01472242 0.00000000 -0.03000000
v 0.02881987 -0.01591748 -0.03000000
v 0.02836232 -0.01637500 -0.03000000
v 0.02819486 -0.01700002 -0.03000000
v 0.02836232 -0.01762497 -0.03000000
v 0.02881987 -0.01808256 -0.03000000
v 0.02819486 0.01700002 -0.03000000
v 0.02881987 0.01808250 -0.03000000
v 0.02836232 0.01762498 -0.03000000
v 0.02836232 0.01637501 -0.03000000
v 0.02881987 0.01591748 -0.03000000
v -0.00124999 0.03399998 -0.03000000
v -0.00108253 0.03337503 -0.03000000
v -0.01472242 0.02550000 -0.03000000
v -0.00062500 0.03291744 -0.03000000
v -0.00062500 0.03508252 -0.03000000
v -0.00108253 0.03462500 -0.03000000
v -0.01472242 0.00000000 -0.03000000
v -0.03006987 0.01808250 -0.03000000
v -0.03052740 0.01762498 -0.03000000
v -0.03069486 0.01700002 -0.03000000
v -0.03052740 0.01637501 -0.03000000
v -0.03006987 0.01591748 -0.03000000
v -0.03069486 -0.01700002 -0.03000000
v -0.03006987 -0.01591748 -0.03000000
v -0.03052740 -0.01637500 -0.03000000
v -0.03052740 -0.01762497 -0.03000000
v -0.03006987 -0.01808256 -0.03000000
v -0.03483094 0.00000000 0.00000000
v 0.00000001 -0.03483095 0.00000000
v 0.01409377 -0.03078693 0.00000000
v 0.02394052 0.01807905 0.00000000
v 0.02213062 0.02213061 0.00000000
v 0.02021088 0.02217025 0.00000000
v 0.03008096 0.00000000 0.00000000
v 0.02987201 -0.00276804 0.00000000
v 0.02987201 0.00276804 0.00000000
v 0.02885477 -0.00820988 0.00000000
v 0.02685489 -0.01337218 0.00000000
v 0.02394052 -0.01807904 0.00000000
v 0.02021088 -0.02217024 0.00000000
v 0.01579298 -0.02550649 0.00000000
v 0.01083724 0.02797419 0.00000000
v 0.00551249 0.02948922 0.00000000
v 0.00000001 0.03008098 0.00000000
v 0.01579298 0.02550650 0.00000000
v 0.02685489 0.01337213 0.00000000
v 0.02885477 0.00820989 0.00000000
v 0.00000001 -0.03008097 0.00000000
v 0.01083724 -0.02797418 0.00000000
v 0.00551249 -0.02948922 0.00000000
v -0.03008096 0.00000000 0.00000000
v 0.01238625 0.03249443 0.00000000
v 0.01192869 0.03203690 0.00000000
v 0.01301123 0.03266192 0.00000000
v 0.01363625 0.03249443 0.00000000
v 0.01409377 0.03203690 0.00000000
v 0.03078691 0.01192868 0.00000000
v 0.03032936 0.01238627 0.00000000
v 0.03016190 0.01301122 0.00000000
v 0.03032936 0.01363623 0.00000000
v 0.03078691 0.01409376 0.00000000
v 0.03078691 -0.01409375 0.00000000
v 0.03032936 -0.01238626 0.00000000
v 0.03016190 -0.01301121 0.00000000
v 0.03032936 -0.01363623 0.00000000
v 0.03078691 -0.01192873 0.00000000
v 0.01192869 -0.03078693 0.00000000
v 0.01238625 -0.03032934 0.00000000
v 0.01301123 -0.03016191 0.00000000
v 0.01363625 -0.03032934 0.00000000
v -0.01238625 -0.03032934 0.00000000
v -0.01301123 -0.03016191 0.00000000
v -0.01363625 -0.03032934 0.00000000
v -0.01409377 -0.03078693 0.00000000
v -0.01192869 -0.03078693 0.00000000
v -0.03266190 -0.01301121 0.00000000
v -0.03249444 -0.01363623 0.00000000
v -0.03203692 -0.01409375 0.00000000
v -0.03203692 -0.01192873 0.00000000
v -0.03249444 -0.01238626 0.00000000
v -0.03266190 0.01301122 -0.00000000
v -0.03203692 0.01192868 0.00000000
v -0.03249444 0.01238627 0.00000000
v -0.03249444 0.01363623 -0.00000000
v -0.03203692 0.01409376 -0.00000000
v -0.01238625 0.03249443 0.00000000
v -0.01409377 0.03203690 0.00000000
v -0.01363625 0.03249443 0.00000000
v -0.01301123 0.03266192 0.00000000
v -0.01192869 0.03203690 0.00000000
v -0.00062500 -0.03291747 -0.02700000
v -0.00108253 -0.03337499 -0.02700000
v -0.00124999 -0.03400001 -0.02700000
v -0.00108253 -0.03462499 -0.02700000
v -0.00062500 -0.03508255 -0.02700000
v 0.02881987 0.01808250 -0.02700000
v 0.02836232 0.01762498 -0.02700000
v 0.02819486 0.01700002 -0.02700000
v 0.02836232 0.01637501 -0.02700000
v 0.02881987 0.01591748 -0.02700000
v -0.03006987 0.01808250 -0.02700000
v -0.03052740 0.01762498 -0.02700000
v -0.03069486 0.01700002 -0.02700000
v -0.03052740 0.01637501 -0.02700000
v -0.03006987 0.01591748 -0.02700000
v -0.00062500 0.03508252 -0.02700000
v -0.00108253 0.03462500 -0.02700000
v -0.00124999 0.03399998 -0.02700000
v -0.00108253 0.03337503 -0.02700000
v -0.00062500 0.03291744 -0.02700000
v 0.02881987 -0.01591748 -0.02700000
v 0.02836232 -0.01637500 -0.02700000
v 0.02819486 -0.01700002 -0.02700000
v 0.02836232 -0.01762497 -0.02700000
v 0.02881987 -0.01808256 -0.02700000
v -0.03006987 -0.01591748 -0.02700000
v -0.03052740 -0.01637500 -0.02700000
v -0.03069486 -0.01700002 -0.02700000
v -0.03052740 -0.01762497 -0.02700000
v -0.03006987 -0.01808256 -0.02700000
v 0.03078691 -0.01409375 -0.00550000
v 0.03032936 -0.01363623 -0.00550000
v 0.03016190 -0.01301121 -0.00550000
v 0.03032936 -0.01238626 -0.00550000
v 0.03078691 -0.01192873 -0.00550000
v 0.01192869 0.03203690 -0.00550000
v 0.01238625 0.03249443 -0.00550000
v 0.01301123 0.03266192 -0.00550000
v 0.01363625 0.03249443 -0.00550000
v 0.01409377 0.03203690 -0.00550000
v -0.01409377 -0.03078693 -0.00550000
v -0.01363625 -0.03032934 -0.00550000
v -0.03203692 0.01192868 -0.00550000
v -0.03249444 0.01238627 -0.00550000
v -0.03266190 0.01301122 -0.00550000
v -0.03249444 0.01363623 -0.00550000
v -0.03203692 0.01409376 -0.00550000
v -0.01409377 0.03203690 -0.00550000
v -0.01363625 0.03249443 -0.00550000
v -0.01301123 0.03266192 -0.00550000
v -0.01238625 0.03249443 -0.00550000
v -0.01192869 0.03203690 -0.00550000
v -0.03203692 -0.01409375 -0.00550000
v -0.03249444 -0.01363623 -0.00550000
v -0.03266190 -0.01301121 -0.00550000
v -0.03249444 -0.01238626 -0.00550000
v -0.03203692 -0.01192873 -0.00550000
v 0.03078691 0.01192868 -0.00550000
v 0.03032936 0.01238627 -0.00550000
v 0.03016190 0.01301122 -0.00550000
v 0.03032936 0.01363623 -0.00550000
v 0.03078691 0.01409376 -0.00550000
v 0.01192869 -0.03078693 -0.00550000
v 0.01238625 -0.03032934 -0.00550000
v 0.01301123 -0.03016191 -0.00550000
v 0.01363625 -0.03032934 -0.00550000
v 0.01409377 -0.03078693 -0.00550000
v 0.00551249 -0.02948922 0.01450000
v 0.01083724 -0.02797418 0.01450000
v 0.01579298 -0.02550649 0.01450000
v 0.02021088 -0.02217024 0.01450000
v 0.02394052 -0.01807904 0.01450000
v 0.02685489 -0.01337218 0.01450000
v 0.02885477 -0.00820988 0.01450000
v 0.02987201 -0.00276804 0.01450000
v 0.02987201 0.00276804 0.01450000
v 0.02885477 0.00820989 0.01450000
v 0.02685489 0.01337213 0.01450000
v 0.02394052 0.01807905 0.01450000
v 0.02021088 0.02217025 0.01450000
v 0.01579298 0.02550650 0.01450000
v 0.01083724 0.02797419 0.01450000
v 0.00551249 0.02948922 0.01450000
v 0.00532873 -0.02850622 0.01550000
v 0.01047601 -0.02704167 0.01550000
v 0.01526652 -0.02465629 0.01550000
v 0.01953716 -0.02143126 0.01550000
v 0.02314250 -0.01747638 0.01550000
v 0.02595974 -0.01292640 0.01550000
v 0.02789293 -0.00793624 0.01550000
v 0.02887629 -0.00267577 0.01550000
v 0.02887629 0.00267577 0.01550000
v 0.02789293 0.00793624 0.01550000
v 0.02595974 0.01292640 0.01550000
v 0.02314250 0.01747638 0.01550000
v 0.01953716 0.02143127 0.01550000
v 0.01526652 0.02465630 0.01550000
v 0.01047601 0.02704168 0.01550000
v 0.00532873 0.02850622 0.01550000
v -0.01321797 -0.01657486 0.01550000
v -0.00919832 -0.01910054 0.01550000
v -0.00471746 -0.02066844 0.01550000
v -0.02066846 0.00471747 0.01550000
v -0.02119999 0.00000000 0.01550000
v -0.02066846 -0.00471747 0.01550000
v -0.01910053 -0.00919836 0.01550000
v -0.01657482 -0.01321798 0.01550000
v -0.00471746 0.02066845 0.01550000
v -0.00919832 0.01910055 0.01550000
v -0.01321797 0.01657480 0.01550000
v -0.01657482 0.01321799 0.01550000
v -0.01910053 0.00919831 0.01550000
v -0.00471746 -0.02066844 0.01400000
v -0.00919832 -0.01910054 0.01400000
v -0.01321797 -0.01657486 0.01400000
v -0.01657482 -0.01321798 0.01400000
v -0.01910053 -0.00919836 0.01400000
v -0.02066846 -0.00471747 0.01400000
v -0.02119999 0.00000000 0.01400000
v -0.02066846 0.00471747 0.01400000
v -0.01910053 0.00919831 0.01400000
v -0.01657482 0.01321799 0.01400000
v -0.01321797 0.01657480 0.01400000
v -0.00919832 0.01910055 0.01400000
v -0.00471746 0.02066845 0.01400000
v 0.02047349 0.00467295 0.01400000
v 0.01892035 0.00911159 0.01400000
v 0.01641847 0.01309330 0.01400000
v 0.01309328 0.01641846 0.01400000
v 0.00911157 0.01892037 0.01400000
v 0.00467293 0.02047348 0.01400000
v 0.00467293 -0.02047348 0.01400000
v 0.00911157 -0.01892036 0.01400000
v 0.01309328 -0.01641845 0.01400000
v 0.01641847 -0.01309329 0.01400000
v 0.01892035 -0.00911158 0.01400000
v 0.02047349 -0.00467294 0.01400000
v 0.02100001 0.00000000 0.01400000
v 0.00467293 -0.02047348 0.01550000
v 0.00911157 -0.01892036 0.01550000
v 0.01309328 -0.01641845 0.01550000
v 0.01641847 -0.01309329 0.01550000
v 0.01892035 -0.00911158 0.01550000
v 0.02047349 -0.00467294 0.01550000
v -0.01998602 -0.00456166 0.01600000
v -0.01846986 -0.00889462 0.01600000
v -0.01602756 -0.01278156 0.01600000
v -0.01278155 -0.01602757 0.01600000
v -0.00889461 -0.01846987 0.01600000
v -0.00456168 -0.01998603 0.01600000
v 0.00000001 -0.02050000 0.01600000
v 0.00456168 -0.01998603 0.01600000
v 0.00889461 -0.01846987 0.01600000
v 0.01132782 -0.01708597 0.01600000
v 0.01278154 -0.01602757 0.01600000
v 0.01602755 -0.01278156 0.01600000
v 0.01846985 -0.00889462 0.01600000
v 0.01998602 -0.00456166 0.01600000
v 0.00812499 0.01407290 0.01600000
v -0.00038751 0.01086563 0.01600000
v -0.00038751 0.00967044 0.01600000
v 0.00912501 0.01234085 0.01600000
v 0.00885706 0.01134086 0.01600000
v 0.00906251 0.01086563 0.01600000
v 0.00812499 0.01060880 0.01600000
v 0.00906251 0.00967044 0.01600000
v 0.00912501 -0.01234084 0.01600000
v 0.00906251 -0.00967043 0.01600000
v 0.00885706 -0.01134085 0.01600000
v 0.00812499 -0.01060879 0.01600000
v -0.00038751 -0.01446563 0.01600000
v 0.00906251 -0.01446563 0.01600000
v 0.00812499 -0.01407289 0.01600000
v -0.00038751 -0.00967043 0.01600000
v -0.00307818 0.00845725 0.01600000
v 0.00906251 0.00550002 0.01600000
v -0.00905000 0.00550002 0.01600000
v -0.00779422 0.00449997 0.01600000
v -0.00905000 0.00967044 0.01600000
v -0.00578509 0.00689441 0.01600000
v -0.00905000 -0.00550002 0.01600000
v -0.00886326 -0.00156283 0.01600000
v -0.00886326 0.00156284 0.01600000
v -0.00307818 -0.00845724 0.01600000
v -0.00905000 -0.00967043 0.01600000
v -0.00578509 -0.00689441 0.01600000
v -0.00779422 -0.00450003 0.01600000
v 0.00906251 -0.00550002 0.01600000
v -0.00829999 -0.01160472 0.01600000
v -0.00888564 -0.01219040 0.01600000
v -0.00910001 -0.01299035 0.01600000
v -0.00829999 -0.01437604 0.01600000
v -0.00905000 -0.01446563 0.01600000
v -0.00888564 -0.01379037 0.01600000
v -0.00829999 0.01160473 0.01600000
v -0.00905000 0.01086563 0.01600000
v -0.00888564 0.01219040 0.01600000
v -0.00910001 0.01299036 0.01600000
v -0.00829999 0.01437605 0.01600000
v 0.01126249 -0.00967043 0.01600000
v 0.01126249 -0.00550002 0.01600000
v 0.01419999 -0.00138563 0.01600000
v 0.01361437 0.00080002 0.01600000
v 0.01126249 0.00550002 0.01600000
v 0.01340000 0.00000000 0.01600000
v 0.01361437 -0.00080001 0.01600000
v 0.01419999 0.00138563 0.01600000
v 0.01126249 -0.01446563 0.01600000
v -0.01251794 -0.00099998 0.01600000
v -0.01067500 -0.00550002 0.01600000
v -0.01224999 0.00000000 0.01600000
v -0.01067500 0.00550002 0.01600000
v -0.01251794 0.00099999 0.01600000
v -0.01325001 -0.00173205 0.01600000
v -0.01067500 -0.00967043 0.01600000
v -0.01067500 -0.01446563 0.01600000
v -0.01325001 0.00173205 0.01600000
v -0.01067500 0.01086563 0.01600000
v -0.01067500 0.00967044 0.01600000
v 0.01126249 0.00967044 0.01600000
v 0.01126249 0.01086563 0.01600000
v 0.00885706 0.01334083 0.01600000
v 0.00885706 -0.01334089 0.01600000
v -0.00888564 0.01379037 0.01600000
v -0.00829999 0.01160473 0.01000000
v -0.00888564 0.01219040 0.01000000
v -0.00910001 0.01299036 0.01000000
v -0.00888564 0.01379037 0.01000000
v -0.00829999 0.01437605 0.01000000
v 0.01419999 -0.00138563 0.01000000
v 0.01361437 -0.00080001 0.01000000
v 0.01340000 0.00000000 0.01000000
v 0.01361437 0.00080002 0.01000000
v 0.01419999 0.00138563 0.01000000
v -0.00829999 -0.01437604 0.01000000
v -0.00888564 -0.01379037 0.01000000
v -0.00910001 -0.01299035 0.01000000
v -0.00888564 -0.01219040 0.01000000
v -0.00829999 -0.01160472 0.01000000
v -0.00290717 0.00798738 0.01550000
v -0.00546371 0.00651139 0.01550000
v -0.00736122 0.00424999 0.01550000
v -0.00837086 0.00147599 0.01550000
v -0.00837086 -0.00147599 0.01550000
v -0.00736122 -0.00424999 0.01550000
v -0.00546371 -0.00651139 0.01550000
v -0.00290717 -0.00798738 0.01550000
v -0.01325001 0.00173205 0.01850000
v -0.01251794 0.00099999 0.01850000
v -0.01224999 0.00000000 0.01850000
v -0.01251794 -0.00099998 0.01850000
v -0.01325001 -0.00173205 0.01850000
v 0.00812499 -0.01060879 0.01850000
v 0.00885706 -0.01134085 0.01850000
v 0.00912501 -0.01234084 0.01850000
v 0.00885706 -0.01334089 0.01850000
v 0.00812499 -0.01407289 0.01850000
v 0.00812499 0.01407290 0.01850000
v 0.00885706 0.01334083 0.01850000
v 0.00912501 0.01234085 0.01850000
v 0.00885706 0.01134086 0.01850000
v 0.00812499 0.01060880 0.01850000
v -0.00290717 -0.00798738 0.01400000
v -0.00546371 -0.00651139 0.01400000
v -0.00736122 -0.00424999 0.01400000
v -0.00837086 -0.00147599 0.01400000
v -0.00837086 0.00147599 0.01400000
v -0.00736122 0.00424999 0.01400000
v -0.00546371 0.00651139 0.01400000
v -0.00290717 0.00798738 0.01400000
v 0.00346412 -0.00199997 0.01400000
v 0.00199999 -0.00346410 0.01400000
v 0.00346412 0.00199998 0.01400000
v 0.00199999 0.00346411 0.01400000
v 0.00399999 0.00000000 0.01400000
v 0.00199999 -0.00346410 0.01420000
v 0.00346412 -0.00199997 0.01420000
v 0.00399999 0.00000000 0.01420000
v 0.00346412 0.00199998 0.01420000
v 0.00199999 0.00346411 0.01420000
v 0.00184999 -0.00320428 0.01450000
v 0.00320430 -0.00185001 0.01450000
v 0.00370000 0.00000000 0.01450000
v 0.00320430 0.00185001 0.01450000
v 0.00184999 0.00320429 0.01450000
v -0.00074999 0.00129903 0.01450000
v -0.00129904 0.00075001 0.01450000
v -0.00150000 0.00000000 0.01450000
v -0.00129904 -0.00075000 0.01450000
v -0.00074999 -0.00129902 0.01450000
v -0.00074999 -0.00129902 -0.00730000
v -0.00129904 -0.00075000 -0.00730000
v -0.00150000 0.00000000 -0.00730000
v -0.00129904 0.00075001 -0.00730000
v -0.00074999 0.00129903 -0.00730000
v -0.02890091 -0.00005406 -0.04140000
v -0.02890091 -0.00005406 -0.04200000
v -0.02857937 0.00114596 -0.04140000
v -0.02857937 0.00114596 -0.04200000
v -0.02770092 0.00202441 -0.04140000
v -0.02770092 0.00202441 -0.04200000
v -0.02650090 0.00234592 -0.04140000
v -0.02650090 0.00234592 -0.04200000
v -0.02530091 0.00202441 -0.04140000
v -0.02530091 0.00202441 -0.04200000
v -0.02442245 0.00114596 -0.04140000
v -0.02442245 0.00114596 -0.04200000
v -0.02410092 -0.00005406 -0.04140000
v -0.02410092 -0.00005406 -0.04200000
v 0.02409909 -0.00005406 -0.04140000
v 0.02409909 -0.00005406 -0.04200000
v 0.02442063 0.00114596 -0.04140000
v 0.02442063 0.00114596 -0.04200000
v 0.02529909 0.00202441 -0.04140000
v 0.02529909 0.00202441 -0.04200000
v 0.02649908 0.00234592 -0.04140000
v 0.02649908 0.00234592 -0.04200000
v 0.02769910 0.00202441 -0.04140000
v 0.02769910 0.00202441 -0.04200000
v 0.02857755 0.00114596 -0.04140000
v 0.02857755 0.00114596 -0.04200000
v 0.02889909 -0.00005406 -0.04140000
v 0.02889909 -0.00005406 -0.04200000
v 0.02949999 0.00000000 -0.04200000
v 0.03000001 0.00000000 -0.04149999
v 0.02959083 -0.00493782 -0.04149999
v 0.02909766 -0.00485551 -0.04200000
v 0.02837451 -0.00974101 -0.04149999
v 0.02790160 -0.00957864 -0.04200000
v 0.02638422 -0.01427841 -0.04149999
v 0.02594448 -0.01404047 -0.04200000
v 0.02367420 -0.01842635 -0.04149999
v 0.02327965 -0.01811927 -0.04200000
v 0.02031843 -0.02207172 -0.04149999
v 0.01997982 -0.02170384 -0.04200000
v 0.01640846 -0.02511501 -0.04149999
v 0.01613496 -0.02469641 -0.04200000
v 0.01489548 -0.02604085 -0.04149999
v 0.01464723 -0.02560681 -0.04200000
v -0.02949999 0.00000000 -0.04200000
v -0.02999999 0.00000000 -0.04149999
v -0.02959083 0.00493783 -0.04149999
v -0.02909766 0.00485552 -0.04200000
v -0.02837451 0.00974101 -0.04149999
v -0.02790161 0.00957865 -0.04200000
v -0.02638422 0.01427841 -0.04149999
v -0.02594449 0.01404047 -0.04200000
v -0.02367421 0.01842636 -0.04149999
v -0.02327965 0.01811928 -0.04200000
v -0.02031844 0.02207172 -0.04149999
v -0.01997982 0.02170384 -0.04200000
v -0.01640843 0.02511502 -0.04149999
v -0.01613496 0.02469641 -0.04200000
v -0.01205085 0.02747322 -0.04149999
v -0.01185002 0.02701533 -0.04200000
v -0.00736456 0.02908200 -0.04149999
v -0.00724183 0.02859730 -0.04200000
v -0.00247739 0.02989751 -0.04149999
v -0.00243609 0.02939922 -0.04200000
v 0.00247739 0.02989751 -0.04149999
v 0.00243609 0.02939922 -0.04200000
v 0.00736455 0.02908200 -0.04149999
v 0.00724183 0.02859730 -0.04200000
v 0.01205085 0.02747322 -0.04149999
v 0.01185001 0.02701533 -0.04200000
v 0.01640846 0.02511502 -0.04149999
v 0.01613496 0.02469641 -0.04200000
v 0.02031843 0.02207172 -0.04149999
v 0.01997982 0.02170384 -0.04200000
v 0.02367420 0.01842636 -0.04149999
v 0.02327965 0.01811928 -0.04200000
v 0.02638422 0.01427841 -0.04149999
v 0.02594448 0.01404047 -0.04200000
v 0.02837451 0.00974101 -0.04149999
v 0.02790160 0.00957865 -0.04200000
v 0.02959083 0.00493783 -0.04149999
v 0.02909766 0.00485552 -0.04200000
v -0.02785091 -0.00005406 -0.04034999
v -0.02767004 0.00062096 -0.04034999
v -0.02717592 0.00111509 -0.04034999
v -0.02650090 0.00129593 -0.04034999
v -0.02582590 0.00111509 -0.04034999
v -0.02533178 0.00062096 -0.04034999
v -0.02515091 -0.00005406 -0.04034999
v 0.02514909 -0.00005406 -0.04034999
v 0.02532996 0.00062096 -0.04034999
v 0.02582408 0.00111509 -0.04034999
v 0.02649908 0.00129593 -0.04034999
v 0.02717410 0.00111509 -0.04034999
v 0.02766822 0.00062096 -0.04034999
v 0.02784909 -0.00005406 -0.04034999
v 0.01489548 -0.02604085 -0.03470000
v 0.01640846 -0.02511501 -0.03000000
v 0.01222341 -0.02739685 -0.03470000
v 0.01205085 -0.02747321 -0.03000000
v 0.00736455 -0.02908200 -0.03000000
v 0.00925843 -0.02853560 -0.03470000
v 0.01205085 -0.02747321 -0.03470000
v 0.00247739 -0.02989751 -0.03470000
v 0.00305162 -0.02984440 -0.03470000
v 0.00247739 -0.02989751 -0.03000000
v 0.00618972 -0.02935451 -0.03470000
v 0.00736455 -0.02908200 -0.03470000
v -0.00012069 -0.02999973 -0.03470000
v -0.00247739 -0.02989751 -0.03000000
v -0.00247739 -0.02989751 -0.03470000
v -0.00736456 -0.02908200 -0.03000000
v -0.00642570 -0.02930379 -0.03470000
v -0.00329162 -0.02981889 -0.03470000
v -0.01205085 -0.02747321 -0.03000000
v -0.00948773 -0.02846020 -0.03470000
v -0.00736456 -0.02908200 -0.03470000
v -0.01510452 -0.02592015 -0.04149999
v -0.01510452 -0.02592015 -0.03470000
v -0.01640843 -0.02511501 -0.03000000
v -0.01244341 -0.02729767 -0.03470000
v -0.01205085 -0.02747321 -0.03470000
v -0.01640843 -0.02511501 -0.04149999
v -0.02031844 -0.02207172 -0.03000000
v -0.02031844 -0.02207172 -0.04149999
v -0.02367421 -0.01842635 -0.03000000
v -0.02367421 -0.01842635 -0.04149999
v -0.02638422 -0.01427841 -0.03000000
v -0.02638422 -0.01427841 -0.04149999
v -0.02837451 -0.00974101 -0.03000000
v -0.02837451 -0.00974101 -0.04149999
v -0.02959083 -0.00493782 -0.03000000
v -0.02959083 -0.00493782 -0.04149999
v -0.02999999 0.00000000 -0.03000000
v 0.02031843 -0.02207172 -0.03000000
v 0.02367420 -0.01842635 -0.03000000
v 0.02638422 -0.01427841 -0.03000000
v 0.02837451 -0.00974101 -0.03000000
v 0.02959083 -0.00493782 -0.03000000
v 0.03000001 0.00000000 -0.03000000
v -0.02785091 -0.00005406 -0.03949999
v -0.02767004 0.00062096 -0.03949999
v -0.02717592 0.00111509 -0.03949999
v -0.02650090 0.00129593 -0.03949999
v -0.02582590 0.00111509 -0.03949999
v -0.02533178 0.00062096 -0.03949999
v -0.02515091 -0.00005406 -0.03949999
v 0.02514909 -0.00005406 -0.03949999
v 0.02532996 0.00062096 -0.03949999
v 0.02582408 0.00111509 -0.03949999
v 0.02649908 0.00129593 -0.03949999
v 0.02717410 0.00111509 -0.03949999
v 0.02766822 0.00062096 -0.03949999
v 0.02784909 -0.00005406 -0.03949999
v -0.02797689 0.00421620 -0.03949999
v -0.02797689 0.00421620 -0.04079999
v -0.02791493 0.00460398 -0.04079999
v 0.02797507 0.00421620 -0.04079999
v 0.02797507 0.00421620 -0.03949999
v 0.02791311 0.00460398 -0.03850000
v 0.02829908 -0.00005406 -0.03850000
v 0.02821795 0.00208724 -0.03949999
v 0.02829908 -0.00005406 -0.03949999
v -0.02830090 -0.00005406 -0.03850000
v -0.02830090 -0.00005406 -0.03949999
v -0.02821978 0.00208724 -0.03949999
v -0.02791493 0.00460398 -0.03850000
v -0.02676754 0.00913495 -0.03850000
v -0.02676754 0.00913495 -0.04079999
v -0.02489002 0.01341528 -0.03850000
v -0.02489002 0.01341528 -0.04079999
v -0.02233358 0.01732815 -0.03850000
v -0.02233358 0.01732815 -0.04079999
v -0.01916798 0.02076692 -0.03850000
v -0.01916798 0.02076692 -0.04079999
v -0.01547955 0.02363778 -0.03850000
v -0.01547955 0.02363778 -0.04079999
v -0.01136889 0.02586234 -0.03850000
v -0.01136889 0.02586234 -0.04079999
v -0.00694816 0.02737999 -0.03850000
v -0.00694816 0.02737999 -0.04079999
v -0.00233792 0.02814931 -0.03850000
v -0.00233792 0.02814931 -0.04079999
v 0.00233610 0.02814931 -0.03850000
v 0.00233610 0.02814931 -0.04079999
v 0.00694634 0.02737999 -0.03850000
v 0.00694634 0.02737999 -0.04079999
v 0.01136707 0.02586234 -0.03850000
v 0.01136707 0.02586234 -0.04079999
v 0.01547773 0.02363778 -0.03850000
v 0.01547773 0.02363778 -0.04079999
v 0.01916615 0.02076692 -0.03850000
v 0.01916615 0.02076692 -0.04079999
v 0.02233176 0.01732815 -0.03850000
v 0.02233176 0.01732815 -0.04079999
v 0.02488820 0.01341528 -0.03850000
v 0.02488820 0.01341528 -0.04079999
v 0.02676572 0.00913495 -0.03850000
v 0.02676572 0.00913495 -0.04079999
v 0.02791311 0.00460398 -0.04079999
v -0.02862580 -0.00045567 -0.03067230
v -0.02878507 -0.00018710 -0.03051557
v -0.02920179 -0.00246215 -0.03000000
v -0.02838086 -0.00092536 -0.03090666
v -0.02826949 -0.00142389 -0.03099823
v -0.02826370 -0.00150460 -0.03100000
v -0.02894192 0.00025761 -0.03035735
v -0.02898972 0.00075132 -0.03030000
v -0.02920179 0.00235403 -0.03000000
v -0.00022008 -0.02935326 -0.03000000
v -0.00000091 -0.02935403 -0.03000000
v -0.00000091 -0.02835405 -0.03100000
v -0.00000091 0.02894593 -0.03030000
v -0.00000091 0.02924592 -0.03000000
v -0.00021784 0.02894515 -0.03030000
v -0.00022008 0.02924514 -0.03000000
v -0.00235345 0.02885038 -0.03030000
v -0.00501685 0.02881343 -0.03000000
v -0.00967808 0.02760172 -0.03000000
v -0.00699662 0.02808953 -0.03030000
v -0.00496547 0.02851785 -0.03030000
v -0.01407786 0.02564282 -0.03000000
v -0.01145564 0.02658779 -0.03030000
v -0.00957899 0.02731854 -0.03030000
v -0.01809730 0.02298963 -0.03000000
v -0.01561315 0.02438480 -0.03030000
v -0.01393373 0.02537972 -0.03030000
v -0.02162780 0.01971376 -0.03000000
v -0.01935966 0.02153850 -0.03030000
v -0.01791202 0.02275366 -0.03030000
v -0.02457397 0.01590389 -0.03000000
v -0.02259661 0.01812381 -0.03030000
v -0.02140637 0.01951141 -0.03030000
v -0.02685617 0.01166278 -0.03000000
v -0.02523877 0.01423061 -0.03030000
v -0.02432235 0.01574046 -0.03030000
v -0.02841281 0.00710511 -0.03000000
v -0.02721654 0.00996137 -0.03030000
v -0.02658121 0.01154280 -0.03030000
v -0.02890279 0.00232935 -0.03030000
v -0.02847795 0.00542850 -0.03030000
v -0.02812191 0.00703180 -0.03030000
v -0.00021260 -0.02835327 -0.03100000
v -0.00233792 -0.02825743 -0.03100000
v -0.00501685 -0.02892154 -0.03000000
v -0.00484564 -0.02793628 -0.03100000
v -0.00694816 -0.02748811 -0.03100000
v -0.00967808 -0.02770984 -0.03000000
v -0.00934781 -0.02676594 -0.03100000
v -0.01136889 -0.02597046 -0.03100000
v -0.01407786 -0.02575093 -0.03000000
v -0.01359741 -0.02487391 -0.03100000
v -0.01547955 -0.02374589 -0.03100000
v -0.01809730 -0.02309775 -0.03000000
v -0.01747967 -0.02231127 -0.03100000
v -0.01916798 -0.02087503 -0.03100000
v -0.02162780 -0.01982188 -0.03000000
v -0.02088969 -0.01914721 -0.03100000
v -0.02233358 -0.01743626 -0.03100000
v -0.02457397 -0.01601201 -0.03000000
v -0.02373530 -0.01546734 -0.03100000
v -0.02489002 -0.01352340 -0.03100000
v -0.02685617 -0.01177090 -0.03000000
v -0.02593963 -0.01137101 -0.03100000
v -0.02676754 -0.00924307 -0.03100000
v -0.02841281 -0.00721323 -0.03000000
v -0.02744313 -0.00696891 -0.03100000
v -0.02791493 -0.00471210 -0.03100000
v -0.02820517 -0.00237995 -0.03100000
v -0.02450092 -0.00005406 -0.03949999
v -0.02450092 -0.00005406 -0.04079999
v -0.02472852 0.00087256 -0.04079999
v -0.02472852 0.00087256 -0.03949999
v -0.02535953 0.00158829 -0.04079999
v -0.02535953 0.00158829 -0.03949999
v -0.02625035 0.00193018 -0.04079999
v -0.02625035 0.00193018 -0.03949999
v -0.02714114 0.00227207 -0.03949999
v -0.02714114 0.00227207 -0.04079999
v -0.02777218 0.00298780 -0.03949999
v -0.02777218 0.00298780 -0.04079999
v -0.02794205 0.00343734 -0.03949999
v -0.02799978 0.00391442 -0.04079999
v -0.02799978 0.00391442 -0.03949999
v 0.02799795 0.00391442 -0.03949999
v 0.02799795 0.00391442 -0.04079999
v 0.02777035 0.00298780 -0.03949999
v 0.02777035 0.00298780 -0.04079999
v 0.02713932 0.00227207 -0.03949999
v 0.02713932 0.00227207 -0.04079999
v 0.02624853 0.00193018 -0.03949999
v 0.02624853 0.00193018 -0.04079999
v -0.01410101 -0.02505612 -0.04200000
v -0.01613496 -0.02469641 -0.04200000
v -0.01410101 -0.02218371 -0.04200000
v -0.01997982 -0.02170384 -0.04200000
v -0.01398178 -0.02127784 -0.04200000
v -0.02327965 -0.01811927 -0.04200000
v -0.02594449 -0.01404047 -0.04200000
v 0.02529909 -0.00213253 -0.04200000
v 0.02649908 -0.00245404 -0.04200000
v -0.02909766 -0.00485551 -0.04200000
v -0.02770092 -0.00213253 -0.04200000
v -0.02790161 -0.00957864 -0.04200000
v -0.02650090 -0.00245404 -0.04200000
v -0.02530091 -0.00213253 -0.04200000
v 0.01425327 -0.02565109 -0.04200000
v 0.01405613 -0.02553677 -0.04200000
v 0.01448072 -0.02566605 -0.04200000
v 0.01393022 -0.02534675 -0.04200000
v 0.01389898 -0.02517277 -0.04200000
v 0.01389898 -0.02218371 -0.04200000
v 0.02769910 -0.00213253 -0.04200000
v 0.02857755 -0.00125408 -0.04200000
v -0.01425932 -0.02542114 -0.04200000
v -0.01445769 -0.02553516 -0.04200000
v -0.01413252 -0.02523076 -0.04200000
v -0.01468606 -0.02554887 -0.04200000
v -0.01485278 -0.02548813 -0.04200000
v -0.02857937 -0.00125408 -0.04200000
v 0.01343007 -0.02043372 -0.04200000
v 0.01287384 -0.01970887 -0.04200000
v -0.01060103 -0.01868373 -0.04200000
v -0.01150690 -0.01880300 -0.04200000
v -0.01235102 -0.01915264 -0.04200000
v 0.02442063 -0.00125408 -0.04200000
v 0.01377971 -0.02127784 -0.04200000
v -0.01307590 -0.01970887 -0.04200000
v -0.01363210 -0.02043372 -0.04200000
v 0.01214896 -0.01915264 -0.04200000
v 0.01130484 -0.01880300 -0.04200000
v 0.01039897 -0.01868373 -0.04200000
v -0.02442245 -0.00125408 -0.04200000
v -0.02442245 -0.00125408 -0.04140000
v -0.02530091 -0.00213253 -0.04140000
v -0.02650090 -0.00245404 -0.04140000
v -0.02770092 -0.00213253 -0.04140000
v -0.02857937 -0.00125408 -0.04140000
v 0.02857755 -0.00125408 -0.04140000
v 0.02769910 -0.00213253 -0.04140000
v 0.02649908 -0.00245404 -0.04140000
v 0.02529909 -0.00213253 -0.04140000
v 0.02442063 -0.00125408 -0.04140000
v -0.01360102 -0.02505612 -0.04149999
v -0.01360102 -0.02218371 -0.04149999
v 0.01339896 -0.02517277 -0.04149999
v 0.01339896 -0.02218371 -0.04149999
v 0.01039897 -0.01918369 -0.04149999
v 0.01117544 -0.01928591 -0.04149999
v 0.01189898 -0.01958567 -0.04149999
v 0.01252030 -0.02006238 -0.04149999
v 0.01299705 -0.02068370 -0.04149999
v 0.01329674 -0.02140724 -0.04149999
v -0.01060103 -0.01918369 -0.04149999
v -0.01349880 -0.02140724 -0.04149999
v -0.01319911 -0.02068370 -0.04149999
v -0.01272236 -0.02006238 -0.04149999
v -0.01210104 -0.01958567 -0.04149999
v -0.01137750 -0.01928591 -0.04149999
v -0.02533178 -0.00072908 -0.04034999
v -0.02582590 -0.00122320 -0.04034999
v -0.02650090 -0.00140404 -0.04034999
v -0.02717592 -0.00122320 -0.04034999
v -0.02767004 -0.00072908 -0.04034999
v 0.02766822 -0.00072908 -0.04034999
v 0.02717410 -0.00122320 -0.04034999
v 0.02649908 -0.00140404 -0.04034999
v 0.02582408 -0.00122320 -0.04034999
v 0.02532996 -0.00072908 -0.04034999
v -0.01360102 -0.02487194 -0.03570000
v -0.01360102 -0.02505612 -0.03570000
v -0.01360102 -0.02487194 -0.03900000
v -0.01360102 -0.02218371 -0.03900000
v 0.02959083 0.00493783 -0.03000000
v 0.02837451 0.00974101 -0.03000000
v 0.02638422 0.01427841 -0.03000000
v 0.02367420 0.01842636 -0.03000000
v 0.02031843 0.02207172 -0.03000000
v 0.01640846 0.02511502 -0.03000000
v 0.01205085 0.02747322 -0.03000000
v 0.00736455 0.02908200 -0.03000000
v 0.00247739 0.02989751 -0.03000000
v -0.00247739 0.02989751 -0.03000000
v -0.00736456 0.02908200 -0.03000000
v -0.01205085 0.02747322 -0.03000000
v -0.01640843 0.02511502 -0.03000000
v -0.02031844 0.02207172 -0.03000000
v -0.02367421 0.01842636 -0.03000000
v -0.02638422 0.01427841 -0.03000000
v -0.02837451 0.00974101 -0.03000000
v -0.02959083 0.00493783 -0.03000000
v 0.01339896 -0.02517277 -0.03570000
v 0.01339896 -0.02498060 -0.03570000
v 0.01339896 -0.02498060 -0.03900000
v 0.01339896 -0.02218371 -0.03900000
v 0.01039897 -0.01918369 -0.03900000
v 0.01189898 -0.01958567 -0.03900000
v 0.01299705 -0.02068370 -0.03900000
v -0.00525092 -0.01918369 -0.04079999
v -0.00525092 -0.01918369 -0.03900000
v -0.01060103 -0.01918369 -0.03900000
v 0.00524910 -0.01918369 -0.03900000
v 0.00524910 -0.01918369 -0.04079999
v -0.01319911 -0.02068370 -0.03900000
v -0.01210104 -0.01958567 -0.03900000
v -0.02533178 -0.00072908 -0.03949999
v -0.02582590 -0.00122320 -0.03949999
v -0.02650090 -0.00140404 -0.03949999
v -0.02717592 -0.00122320 -0.03949999
v -0.02767004 -0.00072908 -0.03949999
v 0.02766822 -0.00072908 -0.03949999
v 0.02717410 -0.00122320 -0.03949999
v 0.02649908 -0.00140404 -0.03949999
v 0.02582408 -0.00122320 -0.03949999
v 0.02532996 -0.00072908 -0.03949999
v -0.01477109 -0.02604156 -0.04149999
v -0.01431434 -0.02601415 -0.04149999
v -0.01426543 -0.02599817 -0.03545572
v -0.01452930 -0.02605354 -0.03525615
v -0.01466225 -0.02605426 -0.03514276
v -0.01504125 -0.02595400 -0.03477039
v -0.01391764 -0.02578616 -0.04149999
v -0.01366399 -0.02540534 -0.04149999
v -0.01366399 -0.02540534 -0.03570000
v -0.01372849 -0.02554464 -0.03570000
v -0.01394622 -0.02581191 -0.03564078
v -0.01407154 -0.02590447 -0.03557745
v -0.01383461 -0.02084434 -0.03900000
v -0.01410101 -0.02218371 -0.03900000
v -0.01410101 -0.02459132 -0.03900000
v -0.00525092 -0.01868373 -0.03900000
v -0.01060103 -0.01868373 -0.03900000
v -0.01194041 -0.01895016 -0.03900000
v -0.01307590 -0.01970887 -0.03900000
v -0.01410101 -0.02459132 -0.04079999
v -0.01547955 -0.02374589 -0.04079999
v 0.02797507 -0.00432431 -0.03949999
v 0.02797507 -0.00432431 -0.04079999
v 0.02791311 -0.00471210 -0.04079999
v 0.02826188 -0.00150460 -0.03850000
v -0.02791493 -0.00471210 -0.04079999
v -0.02797689 -0.00432431 -0.04079999
v -0.02797689 -0.00432431 -0.03949999
v -0.02826370 -0.00150460 -0.03850000
v -0.01136889 -0.02597046 -0.03570000
v -0.00694816 -0.02748811 -0.03570000
v -0.00233792 -0.02825743 -0.03570000
v 0.00021078 -0.02835327 -0.03100000
v 0.00233610 -0.02825743 -0.03570000
v 0.00233610 -0.02825743 -0.03100000
v 0.00484381 -0.02793628 -0.03100000
v 0.00694634 -0.02748811 -0.03570000
v 0.00694634 -0.02748811 -0.03100000
v 0.00934599 -0.02676594 -0.03100000
v 0.01136707 -0.02597046 -0.03570000
v 0.01547773 -0.02374589 -0.04079999
v 0.01389898 -0.02470529 -0.04079999
v 0.01389898 -0.02470529 -0.03900000
v 0.01547773 -0.02374589 -0.03100000
v 0.01359560 -0.02487391 -0.03100000
v 0.01136707 -0.02597046 -0.03100000
v -0.02676754 -0.00924307 -0.04079999
v -0.02489002 -0.01352340 -0.04079999
v -0.02233358 -0.01743626 -0.04079999
v -0.01916798 -0.02087503 -0.04079999
v 0.01747785 -0.02231127 -0.03100000
v 0.01916615 -0.02087503 -0.04079999
v 0.01916615 -0.02087503 -0.03100000
v 0.02088786 -0.01914721 -0.03100000
v 0.02233176 -0.01743626 -0.04079999
v 0.02233176 -0.01743626 -0.03100000
v 0.02373348 -0.01546734 -0.03100000
v 0.02488820 -0.01352340 -0.04079999
v 0.02488820 -0.01352340 -0.03100000
v 0.02593781 -0.01137101 -0.03100000
v 0.02676572 -0.00924307 -0.04079999
v 0.02826188 -0.00150460 -0.03100000
v 0.02820335 -0.00237995 -0.03100000
v 0.02791311 -0.00471210 -0.03100000
v 0.02744131 -0.00696891 -0.03100000
v 0.02676572 -0.00924307 -0.03100000
v 0.00021826 0.02924514 -0.03000000
v 0.00501503 0.02881343 -0.03000000
v 0.00967626 0.02760172 -0.03000000
v 0.01407604 0.02564282 -0.03000000
v 0.01809548 0.02298963 -0.03000000
v 0.02162598 0.01971376 -0.03000000
v 0.02457215 0.01590389 -0.03000000
v 0.02685438 0.01166278 -0.03000000
v 0.02841098 0.00710511 -0.03000000
v 0.02919997 0.00235403 -0.03000000
v 0.02919997 -0.00246215 -0.03000000
v 0.02841098 -0.00721323 -0.03000000
v 0.02685438 -0.01177090 -0.03000000
v 0.02457215 -0.01601201 -0.03000000
v 0.02162598 -0.01982188 -0.03000000
v 0.01809548 -0.02309775 -0.03000000
v 0.01407604 -0.02575093 -0.03000000
v 0.00967626 -0.02770984 -0.03000000
v 0.00501503 -0.02892154 -0.03000000
v 0.00021826 -0.02935326 -0.03000000
v 0.01346145 -0.02552074 -0.04149999
v 0.01456244 -0.02615934 -0.04149999
v 0.01371328 -0.02590072 -0.04149999
v 0.01352252 -0.02565425 -0.03570000
v 0.01346145 -0.02552074 -0.03570000
v 0.01410760 -0.02612942 -0.04149999
v 0.01386343 -0.02601730 -0.03557701
v 0.01374532 -0.02592957 -0.03563754
v 0.01447855 -0.02616959 -0.03511928
v 0.01431905 -0.02616959 -0.03525632
v 0.01409735 -0.02612620 -0.03542665
v 0.01215355 -0.02724033 -0.03525989
v -0.01237230 -0.02714163 -0.03525989
v -0.01222529 -0.02681917 -0.03558045
v -0.01202865 -0.02638775 -0.03570000
v 0.01222034 -0.02739006 -0.03482209
v 0.01200913 -0.02691662 -0.03558045
v -0.01244031 -0.02729082 -0.03482209
v -0.00948535 -0.02845311 -0.03482209
v -0.00642409 -0.02929645 -0.03482209
v -0.00012066 -0.02999228 -0.03482209
v -0.00329082 -0.02981144 -0.03482209
v 0.00305085 -0.02983695 -0.03482209
v 0.00925614 -0.02852851 -0.03482209
v 0.00618817 -0.02934718 -0.03482209
v -0.00943349 -0.02829754 -0.03525989
v -0.00638898 -0.02913630 -0.03525989
v -0.00327282 -0.02964848 -0.03525989
v -0.00012000 -0.02982831 -0.03525989
v 0.00303419 -0.02967387 -0.03525989
v 0.00615434 -0.02918678 -0.03525989
v 0.00920553 -0.02837252 -0.03525989
v -0.00932141 -0.02796131 -0.03558045
v -0.00631304 -0.02879011 -0.03558045
v -0.00323393 -0.02929616 -0.03558045
v -0.00011857 -0.02947390 -0.03558045
v 0.00299813 -0.02932125 -0.03558045
v 0.00608124 -0.02883994 -0.03558045
v 0.00909616 -0.02803540 -0.03558045
v -0.00917147 -0.02751153 -0.03570000
v -0.00621151 -0.02832698 -0.03570000
v -0.00318192 -0.02882492 -0.03570000
v -0.00011666 -0.02899974 -0.03570000
v 0.00294991 -0.02884960 -0.03570000
v 0.00598340 -0.02837604 -0.03570000
v 0.00894983 -0.02758443 -0.03570000
v 0.01181595 -0.02648365 -0.03570000
v 0.00524910 -0.01868373 -0.03900000
v 0.01039897 -0.01868373 -0.03900000
v 0.01173837 -0.01895016 -0.03900000
v 0.01287384 -0.01970887 -0.03900000
v 0.01389898 -0.02218371 -0.03900000
v 0.01363255 -0.02084434 -0.03900000
v 0.00524910 -0.01868373 -0.04079999
v -0.00525092 -0.01868373 -0.04079999
v -0.02472852 -0.00098067 -0.04079999
v -0.01060103 -0.01868373 -0.04079999
v -0.01410101 -0.02218371 -0.04079999
v -0.01383461 -0.02084434 -0.04079999
v -0.01307590 -0.01970887 -0.04079999
v 0.02472670 -0.00098067 -0.04079999
v 0.02449910 -0.00005406 -0.04079999
v 0.02472670 0.00087256 -0.04079999
v 0.02535771 -0.00169641 -0.04079999
v 0.01173837 -0.01895016 -0.04079999
v 0.02535771 0.00158829 -0.04079999
v -0.02625035 -0.00203830 -0.04079999
v -0.02535953 -0.00169641 -0.04079999
v -0.01194041 -0.01895016 -0.04079999
v 0.01389898 -0.02218371 -0.04079999
v 0.01363255 -0.02084434 -0.04079999
v 0.01287384 -0.01970887 -0.04079999
v 0.01039897 -0.01868373 -0.04079999
v -0.02759575 -0.00281721 -0.04079999
v -0.02793874 -0.00353223 -0.04079999
v -0.02700181 -0.00229168 -0.04079999
v 0.02624853 -0.00203830 -0.04079999
v 0.02793692 -0.00353223 -0.04079999
v 0.02759392 -0.00281721 -0.04079999
v 0.02699999 -0.00229168 -0.04079999
v -0.02793874 -0.00353223 -0.03949999
v -0.02759575 -0.00281721 -0.03949999
v -0.02700181 -0.00229168 -0.03949999
v -0.02625035 -0.00203830 -0.03949999
v -0.02535953 -0.00169641 -0.03949999
v -0.02472852 -0.00098067 -0.03949999
v 0.02793692 -0.00353223 -0.03949999
v 0.02759392 -0.00281721 -0.03949999
v 0.02535771 0.00158829 -0.03949999
v 0.02472670 0.00087256 -0.03949999
v 0.02449910 -0.00005406 -0.03949999
v 0.02472670 -0.00098067 -0.03949999
v 0.02535771 -0.00169641 -0.03949999
v 0.02624853 -0.00203830 -0.03949999
v 0.02699999 -0.00229168 -0.03949999
v -0.02837165 -0.00095135 -0.03850000
v -0.02862580 -0.00045567 -0.03850000
v 0.02894006 0.00025714 -0.03035735
v 0.02898790 0.00075132 -0.03030000
v 0.02853279 -0.00059753 -0.03076110
v 0.02833132 -0.00107515 -0.03094935
v 0.02878178 -0.00019037 -0.03051698
v 0.02862398 -0.00045567 -0.03067230
v 0.02847613 0.00542850 -0.03030000
v 0.02890099 0.00232935 -0.03030000
v 0.02721475 0.00996137 -0.03030000
v 0.02812008 0.00703180 -0.03030000
v 0.02523695 0.01423061 -0.03030000
v 0.02657939 0.01154280 -0.03030000
v 0.02259479 0.01812381 -0.03030000
v 0.02432053 0.01574046 -0.03030000
v 0.01935784 0.02153850 -0.03030000
v 0.02140455 0.01951141 -0.03030000
v 0.01561133 0.02438480 -0.03030000
v 0.01791020 0.02275366 -0.03030000
v 0.01145382 0.02658779 -0.03030000
v 0.01393191 0.02537972 -0.03030000
v 0.00699483 0.02808953 -0.03030000
v 0.00957717 0.02731854 -0.03030000
v 0.00235166 0.02885038 -0.03030000
v 0.00496365 0.02851785 -0.03030000
v 0.00021602 0.02894515 -0.03030000
v 0.02862398 -0.00045567 -0.03850000
v 0.02836983 -0.00095135 -0.03850000
v -0.02890535 0.00011838 -0.03850000
v 0.02890353 0.00011838 -0.03850000
v 0.02898790 0.00075132 -0.03850000
v 0.02847613 0.00542850 -0.03850000
v 0.02721475 0.00996137 -0.03850000
v 0.02523695 0.01423061 -0.03850000
v 0.02259479 0.01812381 -0.03850000
v 0.01935784 0.02153850 -0.03850000
v 0.01561133 0.02438480 -0.03850000
v 0.01145382 0.02658779 -0.03850000
v 0.00699483 0.02808953 -0.03850000
v 0.00235166 0.02885038 -0.03850000
v -0.00235345 0.02885038 -0.03850000
v -0.00699662 0.02808953 -0.03850000
v -0.01145564 0.02658779 -0.03850000
v -0.01561315 0.02438480 -0.03850000
v -0.01935966 0.02153850 -0.03850000
v -0.02259661 0.01812381 -0.03850000
v -0.02523877 0.01423061 -0.03850000
v -0.02721654 0.00996137 -0.03850000
v -0.02847795 0.00542850 -0.03850000
v -0.02898972 0.00075132 -0.03850000
f 1 2 3
f 3 2 4
f 3 4 5
f 5 4 6
f 5 6 7
f 7 6 8
f 7 8 9
f 9 8 10
f 9 10 11
f 11 10 12
f 11 12 13
f 13 12 14
f 13 14 15
f 15 14 16
f 15 16 17
f 17 16 18
f 17 18 19
f 19 18 20
f 19 20 21
f 21 20 22
f 21 22 23
f 23 22 24
f 23 24 25
f 25 24 26
f 25 26 27
f 27 26 28
f 27 28 29
f 29 28 30
f 29 30 31
f 31 30 32
f 31 32 33
f 33 32 34
f 33 34 35
f 35 34 36
f 35 36 37
f 37 36 38
f 37 38 39
f 39 38 40
f 39 40 41
f 41 40 42
f 41 42 43
f 43 42 44
f 43 44 45
f 45 44 46
f 45 46 47
f 47 46 48
f 47 48 49
f 49 48 50
f 49 50 51
f 51 50 52
f 51 52 53
f 53 52 54
f 53 54 55
f 55 54 56
f 55 56 1
f 1 56 2
f 57 58 59
f 59 58 60
f 59 60 61
f 61 60 62
f 61 62 63
f 63 62 64
f 63 64 65
f 65 64 66
f 65 66 67
f 67 66 68
f 67 68 69
f 69 68 70
f 69 70 71
f 71 70 72
f 71 72 73
f 73 72 74
f 73 74 75
f 75 74 76
f 75 76 77
f 77 76 78
f 77 78 79
f 79 78 80
f 79 80 57
f 57 80 58
f 81 82 83
f 83 82 84
f 83 84 85
f 85 84 86
f 85 86 87
f 87 86 88
f 87 88 89
f 89 88 90
f 89 90 91
f 91 90 92
f 91 92 93
f 93 92 94
f 93 94 95
f 95 94 96
f 95 96 97
f 97 96 98
f 97 98 99
f 99 98 100
f 99 100 101
f 101 100 102
f 101 102 103
f 103 102 104
f 103 104 81
f 81 104 82
f 105 106 107
f 107 106 108
f 107 108 109
f 109 108 110
f 109 110 111
f 111 110 112
f 111 112 113
f 113 112 114
f 113 114 115
f 115 114 116
f 115 116 117
f 117 116 118
f 117 118 119
f 119 118 120
f 119 120 121
f 121 120 122
f 121 122 123
f 123 122 124
f 123 124 125
f 125 124 126
f 125 126 127
f 127 126 128
f 127 128 105
f 105 128 106
f 129 130 131
f 131 130 132
f 131 132 133
f 133 132 134
f 133 134 135
f 135 134 136
f 135 136 137
f 137 136 138
f 137 138 139
f 139 138 140
f 139 140 141
f 141 140 142
f 141 142 143
f 143 142 144
f 143 144 145
f 145 144 146
f 145 146 147
f 147 146 148
f 147 148 149
f 149 148 150
f 149 150 151
f 151 150 152
f 151 152 129
f 129 152 130
f 153 154 155
f 155 154 156
f 155 156 157
f 157 156 158
f 157 158 159
f 159 158 160
f 159 160 161
f 161 160 162
f 161 162 163
f 163 162 164
f 163 164 165
f 165 164 166
f 165 166 167
f 167 166 168
f 167 168 169
f 169 168 170
f 169 170 171
f 171 170 172
f 171 172 173
f 173 172 174
f 173 174 175
f 175 174 176
f 175 176 153
f 153 176 154
f 177 178 179
f 179 178 180
f 179 180 181
f 181 180 182
f 181 182 183
f 183 182 184
f 183 184 185
f 185 184 186
f 185 186 187
f 187 186 188
f 187 188 189
f 189 188 190
f 189 190 191
f 191 190 192
f 191 192 193
f 193 192 194
f 193 194 195
f 195 194 196
f 195 196 197
f 197 196 198
f 197 198 199
f 199 198 200
f 199 200 177
f 177 200 178
f 201 202 203
f 203 202 204
f 203 204 205
f 205 204 206
f 205 206 207
f 207 206 208
f 207 208 209
f 209 208 210
f 209 210 211
f 211 210 212
f 211 212 213
f 213 212 214
f 213 214 215
f 215 214 216
f 215 216 217
f 217 216 218
f 217 218 219
f 219 218 220
f 219 220 221
f 221 220 222
f 221 222 223
f 223 222 224
f 223 224 201
f 201 224 202
f 225 226 227
f 227 226 228
f 227 228 229
f 229 228 230
f 229 230 231
f 231 230 232
f 231 232 233
f 233 232 234
f 233 234 235
f 235 234 236
f 235 236 237
f 237 236 238
f 237 238 239
f 239 238 240
f 239 240 241
f 241 240 242
f 241 242 243
f 243 242 244
f 243 244 245
f 245 244 246
f 245 246 247
f 247 246 248
f 247 248 225
f 225 248 226
f 249 250 251
f 252 253 254
f 255 256 257
f 258 259 260
f 261 262 263
f 264 265 266
f 267 268 269
f 270 271 272
f 273 274 275
f 276 277 278
f 249 279 280
f 281 282 283
f 283 282 284
f 283 284 285
f 285 284 286
f 285 286 287
f 288 289 290
f 290 289 291
f 290 291 292
f 293 294 272
f 295 296 297
f 297 296 298
f 297 298 299
f 299 298 300
f 299 300 301
f 281 283 302
f 302 283 299
f 302 299 272
f 272 299 301
f 272 301 293
f 294 303 272
f 272 303 304
f 272 304 305
f 305 304 306
f 306 307 305
f 305 307 308
f 305 308 309
f 310 311 312
f 312 311 313
f 314 310 315
f 316 317 318
f 318 317 314
f 318 314 319
f 319 314 315
f 316 320 317
f 317 320 321
f 317 321 322
f 321 323 322
f 322 323 324
f 322 324 325
f 278 277 326
f 327 328 329
f 329 328 330
f 329 330 331
f 330 332 331
f 331 332 333
f 331 333 334
f 334 333 335
f 334 335 336
f 336 337 334
f 334 337 338
f 334 338 278
f 278 338 339
f 278 339 276
f 340 341 342
f 342 341 343
f 342 343 344
f 344 343 345
f 344 345 346
f 347 348 349
f 349 348 350
f 349 350 351
f 352 353 354
f 354 353 355
f 354 355 347
f 347 355 356
f 347 356 348
f 357 358 359
f 359 358 349
f 359 349 342
f 342 349 351
f 342 351 340
f 274 273 359
f 359 273 360
f 359 360 357
f 253 361 362
f 363 362 364
f 364 362 361
f 364 361 257
f 365 366 255
f 255 366 367
f 255 367 256
f 256 367 368
f 256 368 257
f 257 368 369
f 257 369 364
f 364 369 370
f 364 370 363
f 371 372 373
f 373 372 374
f 371 373 375
f 375 373 376
f 375 376 377
f 377 376 378
f 378 376 379
f 378 379 380
f 309 381 379
f 379 381 382
f 383 384 385
f 385 384 386
f 385 386 387
f 388 389 309
f 309 389 390
f 309 390 381
f 295 297 308
f 308 297 385
f 308 385 309
f 309 385 387
f 309 387 388
f 382 391 379
f 379 391 392
f 379 392 380
f 380 392 393
f 380 393 383
f 383 393 394
f 383 394 384
f 395 396 285
f 395 397 398
f 398 399 395
f 395 399 400
f 395 400 396
f 401 402 403
f 403 402 404
f 405 406 407
f 408 409 410
f 410 409 411
f 410 411 412
f 406 413 407
f 407 413 414
f 407 414 415
f 415 414 416
f 415 416 408
f 408 416 417
f 408 417 409
f 418 419 420
f 420 419 421
f 420 421 422
f 419 423 421
f 421 423 424
f 421 424 425
f 425 424 426
f 427 428 429
f 429 428 418
f 430 431 432
f 432 431 433
f 432 433 434
f 435 436 437
f 437 436 438
f 437 438 439
f 269 268 440
f 440 268 441
f 440 441 265
f 326 442 278
f 278 442 443
f 278 443 334
f 334 443 444
f 334 444 445
f 445 444 446
f 258 447 448
f 448 447 449
f 450 451 452
f 452 451 453
f 452 453 454
f 455 456 326
f 455 326 457
f 458 459 255
f 255 459 460
f 255 460 365
f 365 460 461
f 365 461 462
f 327 329 277
f 277 329 365
f 277 365 326
f 326 365 462
f 326 462 457
f 265 441 266
f 266 441 322
f 266 322 311
f 311 322 325
f 311 325 313
f 314 331 310
f 310 331 334
f 310 334 311
f 311 334 445
f 311 445 266
f 266 445 446
f 266 446 264
f 449 263 448
f 448 263 262
f 448 262 326
f 326 262 261
f 326 261 442
f 270 272 463
f 463 272 305
f 463 305 267
f 267 305 309
f 267 309 268
f 268 309 379
f 268 379 441
f 441 379 376
f 441 376 322
f 322 376 373
f 322 373 317
f 317 373 374
f 317 374 314
f 314 374 464
f 314 464 331
f 331 464 465
f 331 465 329
f 329 465 466
f 329 466 365
f 365 466 467
f 365 467 366
f 258 448 259
f 259 448 252
f 259 252 260
f 253 468 469
f 470 471 472
f 472 471 473
f 472 473 474
f 253 469 361
f 361 469 475
f 361 475 476
f 456 450 326
f 326 450 452
f 326 452 448
f 448 452 472
f 448 472 252
f 252 472 474
f 252 474 477
f 476 470 361
f 361 470 472
f 361 472 257
f 257 472 452
f 257 452 255
f 255 452 454
f 255 454 458
f 477 478 252
f 252 478 479
f 252 479 253
f 253 479 480
f 253 480 468
f 481 482 425
f 483 484 254
f 254 484 485
f 254 485 486
f 421 487 488
f 486 481 254
f 254 481 425
f 254 425 252
f 252 425 426
f 252 426 260
f 482 489 425
f 425 489 490
f 425 490 421
f 421 490 491
f 421 491 487
f 488 492 483
f 483 492 493
f 483 493 484
f 270 494 271
f 271 494 250
f 271 250 272
f 272 250 249
f 272 249 302
f 302 249 280
f 488 483 421
f 421 483 495
f 421 495 422
f 362 496 253
f 253 496 497
f 253 497 254
f 254 497 498
f 254 498 483
f 483 498 499
f 483 499 495
f 433 427 434
f 434 427 429
f 434 429 500
f 495 501 502
f 503 504 422
f 499 505 495
f 495 505 506
f 495 506 501
f 501 506 507
f 502 508 495
f 495 508 509
f 495 509 422
f 422 509 510
f 422 510 503
f 418 420 429
f 429 420 422
f 429 422 500
f 500 422 504
f 500 504 511
f 511 512 500
f 500 512 513
f 500 513 506
f 506 513 514
f 506 514 507
f 287 288 285
f 285 288 290
f 285 290 395
f 395 290 407
f 395 407 397
f 397 407 415
f 401 405 402
f 402 405 407
f 402 407 251
f 251 407 290
f 251 290 249
f 249 290 292
f 249 292 279
f 505 275 506
f 506 275 274
f 506 274 500
f 500 274 359
f 500 359 434
f 434 359 342
f 434 342 432
f 432 342 344
f 432 344 430
f 430 344 515
f 430 515 516
f 516 515 439
f 516 439 517
f 517 439 438
f 517 438 518
f 518 438 436
f 412 404 410
f 410 404 402
f 410 402 519
f 515 520 521
f 522 523 524
f 439 525 526
f 521 527 515
f 515 527 528
f 515 528 439
f 439 528 529
f 439 529 525
f 494 530 250
f 250 530 435
f 250 435 251
f 251 435 437
f 251 437 402
f 402 437 439
f 402 439 519
f 519 439 526
f 526 531 519
f 519 531 532
f 519 532 522
f 522 532 533
f 522 533 523
f 346 352 344
f 344 352 354
f 344 354 515
f 515 354 522
f 515 522 520
f 520 522 524
f 408 534 415
f 415 534 535
f 415 535 397
f 397 535 536
f 397 536 398
f 398 536 537
f 398 537 399
f 399 537 538
f 399 538 400
f 400 538 539
f 400 539 396
f 396 539 540
f 396 540 285
f 534 408 541
f 541 408 410
f 541 410 542
f 542 410 543
f 543 410 519
f 543 519 544
f 544 519 522
f 544 522 545
f 545 522 354
f 545 354 546
f 546 354 347
f 546 347 547
f 547 347 349
f 547 349 548
f 349 358 548
f 548 358 357
f 548 357 549
f 549 357 360
f 549 360 550
f 550 360 273
f 550 273 551
f 551 273 275
f 551 275 552
f 552 275 505
f 552 505 553
f 553 505 554
f 554 505 499
f 554 499 555
f 555 499 556
f 556 499 498
f 556 498 557
f 557 498 497
f 557 497 558
f 558 497 496
f 558 496 559
f 559 496 362
f 559 362 560
f 560 362 363
f 560 363 561
f 561 363 370
f 561 370 562
f 562 370 369
f 562 369 563
f 563 369 368
f 563 368 564
f 564 368 367
f 564 367 565
f 565 367 366
f 565 366 566
f 566 366 567
f 567 366 467
f 567 467 568
f 568 467 569
f 569 467 466
f 569 466 570
f 570 466 465
f 570 465 571
f 571 465 464
f 571 464 572
f 572 464 374
f 572 374 573
f 383 574 380
f 380 574 575
f 380 575 378
f 378 575 576
f 378 576 377
f 377 576 577
f 377 577 375
f 375 577 578
f 375 578 371
f 371 578 579
f 371 579 372
f 372 579 573
f 372 573 374
f 574 383 580
f 580 383 385
f 580 385 581
f 581 385 582
f 582 385 297
f 582 297 583
f 583 297 299
f 583 299 584
f 584 299 283
f 584 283 585
f 585 283 285
f 585 285 540
f 586 587 588
f 589 590 591
f 576 575 592
f 593 575 574
f 593 574 594
f 594 574 580
f 594 580 595
f 575 593 592
f 592 593 596
f 592 596 597
f 598 578 592
f 592 578 577
f 592 577 576
f 599 565 600
f 600 565 566
f 560 561 601
f 601 561 562
f 601 562 602
f 602 562 563
f 602 563 599
f 599 563 564
f 599 564 565
f 603 604 552
f 548 549 605
f 605 549 550
f 605 550 604
f 604 550 551
f 604 551 552
f 606 535 607
f 607 535 534
f 607 534 608
f 608 534 541
f 608 541 609
f 538 537 606
f 606 537 536
f 606 536 535
f 610 611 612
f 613 614 610
f 615 603 616
f 616 603 617
f 611 618 612
f 612 618 619
f 612 619 617
f 617 619 620
f 617 620 616
f 615 621 603
f 603 621 622
f 603 622 604
f 604 622 623
f 604 623 605
f 605 623 624
f 625 626 627
f 628 600 629
f 629 600 630
f 629 630 631
f 627 632 625
f 625 632 633
f 625 633 630
f 630 633 634
f 630 634 631
f 628 635 600
f 600 635 636
f 600 636 599
f 599 636 637
f 599 637 602
f 602 637 638
f 602 638 626
f 626 638 639
f 626 639 627
f 640 641 642
f 642 641 643
f 642 643 644
f 644 643 645
f 646 647 648
f 648 647 641
f 648 641 649
f 649 641 640
f 646 650 647
f 647 650 651
f 647 651 630
f 630 651 652
f 630 652 625
f 625 652 653
f 654 655 656
f 656 655 657
f 654 658 655
f 655 658 659
f 655 659 660
f 661 662 663
f 663 662 660
f 663 660 664
f 664 660 659
f 661 665 662
f 662 665 666
f 662 666 641
f 641 666 667
f 641 667 643
f 643 667 668
f 643 668 657
f 657 668 669
f 657 669 656
f 596 670 597
f 597 670 671
f 597 671 672
f 672 671 673
f 672 673 674
f 675 676 581
f 581 676 677
f 581 677 580
f 580 677 678
f 580 678 595
f 679 680 681
f 681 680 682
f 681 682 683
f 684 582 685
f 685 582 583
f 685 583 686
f 686 583 687
f 688 689 672
f 672 689 690
f 672 690 679
f 679 690 691
f 679 691 680
f 684 692 582
f 582 692 688
f 582 688 581
f 581 688 672
f 581 672 675
f 675 672 674
f 693 694 695
f 695 696 693
f 693 696 697
f 693 697 698
f 698 585 693
f 693 585 540
f 693 540 606
f 606 540 539
f 606 539 538
f 699 584 700
f 700 584 585
f 700 585 701
f 701 585 698
f 702 703 681
f 681 703 704
f 681 704 694
f 694 704 705
f 694 705 695
f 699 706 584
f 584 706 702
f 584 702 583
f 583 702 681
f 583 681 687
f 687 681 683
f 707 708 709
f 710 711 542
f 542 711 712
f 542 712 541
f 541 712 713
f 541 713 609
f 714 715 587
f 587 715 716
f 587 716 710
f 717 718 719
f 719 718 720
f 721 722 723
f 723 722 724
f 725 726 727
f 727 726 728
f 727 728 729
f 730 731 732
f 730 733 731
f 731 733 591
f 731 591 734
f 734 591 590
f 735 736 737
f 737 736 738
f 737 738 589
f 739 625 740
f 740 625 653
f 740 653 741
f 742 743 744
f 744 743 745
f 744 745 740
f 740 745 746
f 740 746 739
f 747 748 749
f 742 744 750
f 750 744 751
f 750 751 749
f 749 751 752
f 749 752 747
f 748 747 753
f 753 747 754
f 753 754 755
f 756 757 544
f 710 542 587
f 587 542 543
f 587 543 588
f 588 543 758
f 588 758 759
f 757 760 544
f 544 760 761
f 544 761 543
f 543 761 762
f 543 762 758
f 759 763 588
f 588 763 764
f 588 764 765
f 765 764 766
f 766 767 765
f 765 767 768
f 765 768 756
f 756 544 765
f 765 544 545
f 765 545 769
f 769 545 770
f 769 770 771
f 771 772 769
f 769 772 773
f 769 773 774
f 774 773 775
f 775 776 774
f 774 776 777
f 774 777 778
f 548 605 547
f 547 605 774
f 547 774 546
f 546 774 778
f 546 778 779
f 779 780 546
f 546 780 781
f 546 781 545
f 545 781 782
f 545 782 770
f 783 784 721
f 721 784 586
f 721 586 722
f 722 586 588
f 722 588 724
f 724 588 765
f 724 765 785
f 785 765 769
f 785 769 786
f 786 769 774
f 786 774 787
f 787 774 605
f 787 605 613
f 613 605 624
f 613 624 614
f 709 714 707
f 707 714 587
f 707 587 788
f 788 587 586
f 788 586 720
f 720 586 784
f 720 784 719
f 719 784 783
f 610 612 613
f 613 612 727
f 613 727 787
f 787 727 729
f 787 729 786
f 786 729 789
f 786 789 785
f 607 708 606
f 606 708 707
f 606 707 693
f 693 707 788
f 693 788 694
f 694 788 720
f 694 720 681
f 681 720 718
f 681 718 679
f 725 727 790
f 790 727 612
f 790 612 791
f 791 612 617
f 791 617 792
f 793 794 795
f 796 730 791
f 791 730 732
f 791 732 790
f 790 732 797
f 790 797 725
f 796 798 730
f 730 798 799
f 730 799 800
f 794 801 795
f 795 801 802
f 795 802 792
f 792 802 803
f 803 804 792
f 792 804 805
f 792 805 791
f 791 805 806
f 791 806 796
f 800 793 730
f 730 793 795
f 730 795 733
f 733 795 807
f 808 809 810
f 589 591 737
f 737 591 733
f 737 733 808
f 808 733 811
f 808 811 809
f 812 807 813
f 813 807 814
f 813 814 815
f 812 816 807
f 807 816 817
f 807 817 733
f 733 817 818
f 733 818 811
f 810 819 808
f 808 819 820
f 808 820 814
f 814 820 821
f 814 821 815
f 552 553 603
f 603 553 554
f 603 554 617
f 617 554 555
f 617 555 792
f 792 555 556
f 792 556 795
f 795 556 557
f 795 557 807
f 807 557 558
f 807 558 814
f 814 558 559
f 814 559 560
f 741 645 740
f 740 645 643
f 740 643 744
f 744 643 657
f 744 657 751
f 751 657 655
f 751 655 752
f 560 601 814
f 814 601 602
f 814 602 808
f 808 602 626
f 808 626 737
f 737 626 625
f 737 625 735
f 735 625 739
f 735 739 736
f 717 822 718
f 718 822 755
f 718 755 679
f 679 755 754
f 679 754 672
f 672 754 747
f 672 747 597
f 597 747 752
f 597 752 592
f 592 752 655
f 592 655 598
f 598 655 660
f 566 567 600
f 600 567 568
f 600 568 630
f 630 568 569
f 630 569 647
f 647 569 570
f 647 570 641
f 641 570 571
f 641 571 662
f 662 571 572
f 662 572 660
f 660 572 573
f 660 573 598
f 598 573 579
f 598 579 578
f 823 824 424
f 424 824 426
f 824 825 426
f 426 825 826
f 426 826 260
f 260 826 827
f 260 827 258
f 258 827 828
f 258 828 447
f 447 828 829
f 447 829 449
f 449 829 830
f 449 830 263
f 263 830 831
f 263 831 261
f 261 831 832
f 261 832 442
f 442 832 833
f 442 833 443
f 443 833 834
f 443 834 444
f 444 834 835
f 444 835 446
f 446 835 836
f 446 836 264
f 264 836 837
f 264 837 265
f 265 837 838
f 265 838 440
f 440 838 839
f 440 839 269
f 269 839 840
f 269 840 267
f 267 840 841
f 267 841 463
f 463 841 842
f 463 842 270
f 270 842 843
f 270 843 494
f 494 843 844
f 494 844 530
f 530 844 845
f 530 845 435
f 435 845 846
f 435 846 436
f 436 846 847
f 436 847 518
f 518 847 848
f 518 848 517
f 517 848 849
f 517 849 516
f 516 849 850
f 516 850 430
f 430 850 851
f 430 851 431
f 431 851 852
f 431 852 433
f 433 852 853
f 433 853 427
f 427 853 854
f 427 854 428
f 428 854 855
f 428 855 418
f 418 855 856
f 418 856 419
f 419 856 823
f 419 823 423
f 423 823 424
f 857 858 859
f 9 860 7
f 861 862 863
f 23 864 21
f 37 865 35
f 866 867 868
f 51 869 49
f 852 870 853
f 844 871 845
f 836 872 837
f 825 824 873
f 829 828 874
f 874 828 827
f 874 827 875
f 875 827 876
f 876 827 826
f 876 826 877
f 877 826 825
f 877 825 878
f 878 825 873
f 878 873 879
f 833 832 880
f 874 865 829
f 829 865 881
f 829 881 830
f 830 881 882
f 830 882 831
f 882 883 831
f 831 883 884
f 831 884 832
f 832 884 885
f 832 885 880
f 867 886 833
f 833 886 834
f 834 886 887
f 834 887 835
f 835 887 888
f 835 888 889
f 872 869 837
f 837 869 890
f 837 890 838
f 838 890 891
f 838 891 839
f 841 840 892
f 891 893 839
f 839 893 894
f 839 894 840
f 840 894 895
f 840 895 892
f 843 896 897
f 859 858 841
f 843 897 844
f 841 858 842
f 842 858 898
f 842 898 843
f 843 898 899
f 843 899 896
f 871 860 845
f 845 860 900
f 845 900 846
f 846 900 847
f 863 862 849
f 849 862 850
f 850 862 901
f 850 901 851
f 870 864 853
f 853 864 902
f 853 902 854
f 854 902 855
f 902 903 855
f 855 903 904
f 855 904 856
f 856 904 905
f 856 905 823
f 823 905 906
f 823 906 907
f 908 909 859
f 841 892 859
f 859 892 910
f 859 910 908
f 45 47 911
f 911 47 912
f 912 47 913
f 913 47 49
f 913 49 914
f 914 49 869
f 914 869 915
f 915 869 872
f 915 872 889
f 889 872 836
f 889 836 835
f 867 833 868
f 868 833 880
f 868 880 916
f 911 917 45
f 45 917 866
f 45 866 43
f 43 866 868
f 43 868 41
f 41 868 916
f 916 918 41
f 41 918 919
f 41 919 39
f 39 919 920
f 39 920 37
f 37 920 921
f 37 921 865
f 865 921 922
f 865 922 881
f 881 922 923
f 881 923 882
f 924 31 33
f 875 925 874
f 874 925 926
f 874 926 865
f 865 926 927
f 865 927 35
f 35 927 928
f 35 928 33
f 33 928 929
f 33 929 924
f 930 873 907
f 907 873 824
f 907 824 823
f 924 931 31
f 31 931 879
f 31 879 29
f 29 879 873
f 29 873 27
f 27 873 930
f 930 932 27
f 27 932 933
f 27 933 25
f 25 933 934
f 25 934 23
f 23 934 935
f 23 935 864
f 864 935 936
f 864 936 902
f 902 936 937
f 902 937 903
f 938 17 19
f 901 939 851
f 851 939 940
f 851 940 852
f 852 940 941
f 852 941 870
f 870 941 942
f 870 942 864
f 864 942 943
f 864 943 21
f 21 943 944
f 21 944 19
f 19 944 945
f 19 945 938
f 900 946 847
f 847 946 947
f 847 947 848
f 848 947 948
f 848 948 849
f 849 948 949
f 849 949 863
f 863 949 950
f 863 950 951
f 938 952 17
f 17 952 861
f 17 861 15
f 15 861 863
f 15 863 13
f 13 863 951
f 951 953 13
f 13 953 954
f 13 954 11
f 11 954 955
f 11 955 9
f 9 955 956
f 9 956 860
f 860 956 957
f 860 957 900
f 900 957 958
f 900 958 946
f 959 3 5
f 844 897 871
f 871 897 960
f 871 960 860
f 860 960 961
f 860 961 7
f 7 961 962
f 7 962 5
f 5 962 963
f 5 963 959
f 959 964 3
f 3 964 857
f 3 857 1
f 1 857 859
f 1 859 55
f 55 859 909
f 55 909 53
f 53 909 965
f 53 965 51
f 51 965 966
f 51 966 869
f 869 966 967
f 869 967 890
f 890 967 968
f 890 968 891
f 68 969 70
f 70 969 970
f 70 970 72
f 72 970 971
f 72 971 74
f 74 971 972
f 74 972 76
f 76 972 973
f 76 973 78
f 78 973 974
f 78 974 80
f 80 974 975
f 80 975 58
f 58 975 976
f 58 976 60
f 60 976 977
f 60 977 62
f 62 977 978
f 62 978 64
f 64 978 979
f 64 979 66
f 66 979 980
f 66 980 68
f 68 980 969
f 976 942 977
f 977 942 941
f 977 941 978
f 978 941 940
f 978 940 979
f 979 940 939
f 979 939 980
f 980 939 901
f 980 901 969
f 969 901 862
f 969 862 970
f 970 862 861
f 970 861 971
f 971 861 952
f 971 952 972
f 972 952 938
f 972 938 973
f 973 938 945
f 973 945 974
f 974 945 944
f 974 944 975
f 975 944 943
f 975 943 976
f 976 943 942
f 92 981 94
f 94 981 982
f 94 982 96
f 96 982 983
f 96 983 98
f 98 983 984
f 98 984 100
f 100 984 985
f 100 985 102
f 102 985 986
f 102 986 104
f 104 986 987
f 104 987 82
f 82 987 988
f 82 988 84
f 84 988 989
f 84 989 86
f 86 989 990
f 86 990 88
f 88 990 991
f 88 991 90
f 90 991 992
f 90 992 92
f 92 992 981
f 988 905 989
f 989 905 904
f 989 904 990
f 990 904 903
f 990 903 991
f 991 903 937
f 991 937 992
f 992 937 936
f 992 936 981
f 981 936 935
f 981 935 982
f 982 935 934
f 982 934 983
f 983 934 933
f 983 933 984
f 984 933 932
f 984 932 985
f 985 932 930
f 985 930 986
f 986 930 907
f 986 907 987
f 987 907 906
f 987 906 988
f 988 906 905
f 116 993 118
f 118 993 994
f 118 994 120
f 120 994 995
f 120 995 122
f 122 995 996
f 122 996 124
f 124 996 997
f 124 997 126
f 126 997 998
f 126 998 128
f 128 998 999
f 128 999 106
f 106 999 1000
f 106 1000 108
f 108 1000 1001
f 108 1001 110
f 110 1001 1002
f 110 1002 112
f 112 1002 1003
f 112 1003 114
f 114 1003 1004
f 114 1004 116
f 116 1004 993
f 1000 876 1001
f 1001 876 877
f 1001 877 1002
f 1002 877 878
f 1002 878 1003
f 1003 878 879
f 1003 879 1004
f 1004 879 931
f 1004 931 993
f 993 931 924
f 993 924 994
f 994 924 929
f 994 929 995
f 995 929 928
f 995 928 996
f 996 928 927
f 996 927 997
f 997 927 926
f 997 926 998
f 998 926 925
f 998 925 999
f 999 925 875
f 999 875 1000
f 1000 875 876
f 142 1005 144
f 144 1005 1006
f 144 1006 146
f 146 1006 1007
f 146 1007 148
f 148 1007 1008
f 148 1008 150
f 150 1008 1009
f 150 1009 152
f 152 1009 1010
f 152 1010 130
f 130 1010 1011
f 130 1011 132
f 132 1011 1012
f 132 1012 134
f 134 1012 1013
f 134 1013 136
f 136 1013 1014
f 136 1014 138
f 138 1014 1015
f 138 1015 140
f 140 1015 1016
f 140 1016 142
f 142 1016 1005
f 1011 923 1012
f 1012 923 922
f 1012 922 1013
f 1013 922 921
f 1013 921 1014
f 1014 921 920
f 1014 920 1015
f 1015 920 919
f 1015 919 1016
f 1016 919 918
f 1016 918 1005
f 1005 918 916
f 1005 916 1006
f 1006 916 880
f 1006 880 1007
f 1007 880 885
f 1007 885 1008
f 1008 885 884
f 1008 884 1009
f 1009 884 883
f 1009 883 1010
f 1010 883 882
f 1010 882 1011
f 1011 882 923
f 166 1017 168
f 168 1017 1018
f 168 1018 170
f 170 1018 1019
f 170 1019 172
f 172 1019 1020
f 172 1020 174
f 174 1020 1021
f 174 1021 176
f 176 1021 1022
f 176 1022 154
f 154 1022 1023
f 154 1023 156
f 156 1023 1024
f 156 1024 158
f 158 1024 1025
f 158 1025 160
f 160 1025 1026
f 160 1026 162
f 162 1026 1027
f 162 1027 164
f 164 1027 1028
f 164 1028 166
f 166 1028 1017
f 1023 866 1024
f 1024 866 917
f 1024 917 1025
f 1025 917 911
f 1025 911 1026
f 1026 911 912
f 1026 912 1027
f 1027 912 913
f 1027 913 1028
f 1028 913 914
f 1028 914 1017
f 1017 914 915
f 1017 915 1018
f 1018 915 889
f 1018 889 1019
f 1019 889 888
f 1019 888 1020
f 1020 888 887
f 1020 887 1021
f 1021 887 886
f 1021 886 1022
f 1022 886 867
f 1022 867 1023
f 1023 867 866
f 190 1029 192
f 192 1029 1030
f 192 1030 194
f 194 1030 1031
f 194 1031 196
f 196 1031 1032
f 196 1032 198
f 198 1032 1033
f 198 1033 200
f 200 1033 1034
f 200 1034 178
f 178 1034 1035
f 178 1035 180
f 180 1035 1036
f 180 1036 182
f 182 1036 1037
f 182 1037 184
f 184 1037 1038
f 184 1038 186
f 186 1038 1039
f 186 1039 188
f 188 1039 1040
f 188 1040 190
f 190 1040 1029
f 1035 965 1036
f 1036 965 909
f 1036 909 1037
f 1037 909 908
f 1037 908 1038
f 1038 908 910
f 1038 910 1039
f 1039 910 892
f 1039 892 1040
f 1040 892 895
f 1040 895 1029
f 1029 895 894
f 1029 894 1030
f 1030 894 893
f 1030 893 1031
f 1031 893 891
f 1031 891 1032
f 1032 891 968
f 1032 968 1033
f 1033 968 967
f 1033 967 1034
f 1034 967 966
f 1034 966 1035
f 1035 966 965
f 214 1041 216
f 216 1041 1042
f 216 1042 218
f 218 1042 1043
f 218 1043 220
f 220 1043 1044
f 220 1044 222
f 222 1044 1045
f 222 1045 224
f 224 1045 1046
f 224 1046 202
f 202 1046 1047
f 202 1047 204
f 204 1047 1048
f 204 1048 206
f 206 1048 1049
f 206 1049 208
f 208 1049 1050
f 208 1050 210
f 210 1050 1051
f 210 1051 212
f 212 1051 1052
f 212 1052 214
f 214 1052 1041
f 1047 963 1048
f 1048 963 962
f 1048 962 1049
f 1049 962 961
f 1049 961 1050
f 1050 961 960
f 1050 960 1051
f 1051 960 897
f 1051 897 1052
f 1052 897 896
f 1052 896 1041
f 1041 896 899
f 1041 899 1042
f 1042 899 898
f 1042 898 1043
f 1043 898 858
f 1043 858 1044
f 1044 858 857
f 1044 857 1045
f 1045 857 964
f 1045 964 1046
f 1046 964 959
f 1046 959 1047
f 1047 959 963
f 236 1053 238
f 238 1053 1054
f 238 1054 240
f 240 1054 1055
f 240 1055 242
f 242 1055 1056
f 242 1056 244
f 244 1056 1057
f 244 1057 246
f 246 1057 1058
f 246 1058 248
f 248 1058 1059
f 248 1059 226
f 226 1059 1060
f 226 1060 228
f 228 1060 1061
f 228 1061 230
f 230 1061 1062
f 230 1062 232
f 232 1062 1063
f 232 1063 234
f 234 1063 1064
f 234 1064 236
f 236 1064 1053
f 1060 951 1061
f 1061 951 950
f 1061 950 1062
f 1062 950 949
f 1062 949 1063
f 1063 949 948
f 1063 948 1064
f 1064 948 947
f 1064 947 1053
f 1053 947 946
f 1053 946 1054
f 1054 946 958
f 1054 958 1055
f 1055 958 957
f 1055 957 1056
f 1056 957 956
f 1056 956 1057
f 1057 956 955
f 1057 955 1058
f 1058 955 954
f 1058 954 1059
f 1059 954 953
f 1059 953 1060
f 1060 953 951
f 615 1065 621
f 621 1065 1066
f 621 1066 622
f 622 1066 1067
f 622 1067 623
f 623 1067 1068
f 623 1068 624
f 624 1068 1069
f 624 1069 614
f 614 1069 1070
f 614 1070 610
f 610 1070 1071
f 610 1071 611
f 611 1071 1072
f 611 1072 618
f 618 1072 1073
f 618 1073 619
f 619 1073 1074
f 619 1074 620
f 620 1074 1075
f 620 1075 616
f 616 1075 1076
f 616 1076 615
f 615 1076 1065
f 1066 1077 1067
f 1067 1077 1078
f 1067 1078 1068
f 1068 1078 1079
f 1068 1079 1069
f 1069 1079 1080
f 1069 1080 1070
f 1070 1080 1081
f 1070 1081 1071
f 1071 1081 1082
f 1071 1082 1072
f 1072 1082 1083
f 1072 1083 1073
f 1073 1083 1084
f 1073 1084 1074
f 1074 1084 1085
f 1074 1085 1075
f 1075 1085 1086
f 1075 1086 1076
f 1076 1086 1087
f 1076 1087 1065
f 1065 1087 1088
f 1065 1088 1066
f 1066 1088 1077
f 1088 501 1077
f 1077 501 507
f 1077 507 1078
f 1078 507 514
f 1078 514 1079
f 1079 514 513
f 1079 513 1080
f 1080 513 512
f 1080 512 1081
f 1081 512 511
f 1081 511 1082
f 1082 511 504
f 1082 504 1083
f 1083 504 503
f 1083 503 1084
f 1084 503 510
f 1084 510 1085
f 1085 510 509
f 1085 509 1086
f 1086 509 508
f 1086 508 1087
f 1087 508 502
f 1087 502 1088
f 1088 502 501
f 802 1089 803
f 803 1089 1090
f 803 1090 804
f 804 1090 1091
f 804 1091 805
f 805 1091 1092
f 805 1092 806
f 806 1092 1093
f 806 1093 796
f 796 1093 1094
f 796 1094 798
f 798 1094 1095
f 798 1095 799
f 799 1095 1096
f 799 1096 800
f 800 1096 1097
f 800 1097 793
f 793 1097 1098
f 793 1098 794
f 794 1098 1099
f 794 1099 801
f 801 1099 1100
f 801 1100 802
f 802 1100 1089
f 1092 1101 1093
f 1093 1101 1102
f 1093 1102 1094
f 1094 1102 1103
f 1094 1103 1095
f 1095 1103 1104
f 1095 1104 1096
f 1096 1104 1105
f 1096 1105 1097
f 1097 1105 1106
f 1097 1106 1098
f 1098 1106 1107
f 1098 1107 1099
f 1099 1107 1108
f 1099 1108 1100
f 1100 1108 1109
f 1100 1109 1089
f 1089 1109 1110
f 1089 1110 1090
f 1090 1110 1111
f 1090 1111 1091
f 1091 1111 1112
f 1091 1112 1092
f 1092 1112 1101
f 1110 484 1111
f 1111 484 493
f 1111 493 1112
f 1112 493 492
f 1112 492 1101
f 1101 492 488
f 1101 488 1102
f 1102 488 487
f 1102 487 1103
f 1103 487 491
f 1103 491 1104
f 1104 491 490
f 1104 490 1105
f 1105 490 489
f 1105 489 1106
f 1106 489 482
f 1106 482 1107
f 1107 482 481
f 1107 481 1108
f 1108 481 486
f 1108 486 1109
f 1109 486 485
f 1109 485 1110
f 1110 485 484
f 813 1113 812
f 812 1113 1114
f 812 1114 816
f 816 1114 1115
f 816 1115 817
f 817 1115 1116
f 817 1116 818
f 818 1116 1117
f 818 1117 811
f 811 1117 1118
f 811 1118 809
f 809 1118 1119
f 809 1119 810
f 810 1119 1120
f 810 1120 819
f 819 1120 1121
f 819 1121 820
f 820 1121 1122
f 820 1122 821
f 821 1122 1123
f 821 1123 815
f 815 1123 1124
f 815 1124 813
f 813 1124 1113
f 1114 1125 1115
f 1115 1125 1126
f 1115 1126 1116
f 1116 1126 1127
f 1116 1127 1117
f 1117 1127 1128
f 1117 1128 1118
f 1118 1128 1129
f 1118 1129 1119
f 1119 1129 1130
f 1119 1130 1120
f 1120 1130 1131
f 1120 1131 1121
f 1121 1131 1132
f 1121 1132 1122
f 1122 1132 1133
f 1122 1133 1123
f 1123 1133 1134
f 1123 1134 1124
f 1124 1134 1135
f 1124 1135 1113
f 1113 1135 1136
f 1113 1136 1114
f 1114 1136 1125
f 1136 469 1125
f 1125 469 468
f 1125 468 1126
f 1126 468 480
f 1126 480 1127
f 1127 480 479
f 1127 479 1128
f 1128 479 478
f 1128 478 1129
f 1129 478 477
f 1129 477 1130
f 1130 477 474
f 1130 474 1131
f 1131 474 473
f 1131 473 1132
f 1132 473 471
f 1132 471 1133
f 1133 471 470
f 1133 470 1134
f 1134 470 476
f 1134 476 1135
f 1135 476 475
f 1135 475 1136
f 1136 475 469
f 637 1137 638
f 638 1137 1138
f 638 1138 639
f 639 1138 1139
f 639 1139 627
f 627 1139 1140
f 627 1140 632
f 632 1140 1141
f 632 1141 633
f 633 1141 1142
f 633 1142 634
f 634 1142 1143
f 634 1143 631
f 631 1143 1144
f 631 1144 629
f 629 1144 1145
f 629 1145 628
f 628 1145 1146
f 628 1146 635
f 635 1146 1147
f 635 1147 636
f 636 1147 1148
f 636 1148 637
f 637 1148 1137
f 1141 1149 1142
f 1142 1149 1150
f 1142 1150 1143
f 1143 1150 1151
f 1143 1151 1144
f 1144 1151 1152
f 1144 1152 1145
f 1145 1152 1153
f 1145 1153 1146
f 1146 1153 1154
f 1146 1154 1147
f 1147 1154 1155
f 1147 1155 1148
f 1148 1155 1156
f 1148 1156 1137
f 1137 1156 1157
f 1137 1157 1138
f 1138 1157 1158
f 1138 1158 1139
f 1139 1158 1159
f 1139 1159 1140
f 1140 1159 1160
f 1140 1160 1141
f 1141 1160 1149
f 1157 454 1158
f 1158 454 453
f 1158 453 1159
f 1159 453 451
f 1159 451 1160
f 1160 451 450
f 1160 450 1149
f 1149 450 456
f 1149 456 1150
f 1150 456 455
f 1150 455 1151
f 1151 455 457
f 1151 457 1152
f 1152 457 462
f 1152 462 1153
f 1153 462 461
f 1153 461 1154
f 1154 461 460
f 1154 460 1155
f 1155 460 459
f 1155 459 1156
f 1156 459 458
f 1156 458 1157
f 1157 458 454
f 652 1161 653
f 653 1161 1162
f 653 1162 741
f 741 1162 1163
f 741 1163 645
f 645 1163 1164
f 645 1164 644
f 644 1164 1165
f 644 1165 642
f 642 1165 1166
f 642 1166 640
f 640 1166 1167
f 640 1167 649
f 649 1167 1168
f 649 1168 648
f 648 1168 1169
f 648 1169 646
f 646 1169 1170
f 646 1170 650
f 650 1170 1171
f 650 1171 651
f 651 1171 1172
f 651 1172 652
f 652 1172 1161
f 1164 1173 1165
f 1165 1173 1174
f 1165 1174 1166
f 1166 1174 1175
f 1166 1175 1167
f 1167 1175 1176
f 1167 1176 1168
f 1168 1176 1177
f 1168 1177 1169
f 1169 1177 1178
f 1169 1178 1170
f 1170 1178 1179
f 1170 1179 1171
f 1171 1179 1180
f 1171 1180 1172
f 1172 1180 1181
f 1172 1181 1161
f 1161 1181 1182
f 1161 1182 1162
f 1162 1182 1183
f 1162 1183 1163
f 1163 1183 1184
f 1163 1184 1164
f 1164 1184 1173
f 1182 277 1183
f 1183 277 276
f 1183 276 1184
f 1184 276 339
f 1184 339 1173
f 1173 339 338
f 1173 338 1174
f 1174 338 337
f 1174 337 1175
f 1175 337 336
f 1175 336 1176
f 1176 336 335
f 1176 335 1177
f 1177 335 333
f 1177 333 1178
f 1178 333 332
f 1178 332 1179
f 1179 332 330
f 1179 330 1180
f 1180 330 328
f 1180 328 1181
f 1181 328 327
f 1181 327 1182
f 1182 327 277
f 667 1185 668
f 668 1185 1186
f 668 1186 669
f 669 1186 1187
f 669 1187 656
f 656 1187 1188
f 656 1188 654
f 654 1188 1189
f 654 1189 658
f 658 1189 1190
f 658 1190 659
f 659 1190 1191
f 659 1191 664
f 664 1191 1192
f 664 1192 663
f 663 1192 1193
f 663 1193 661
f 661 1193 1194
f 661 1194 665
f 665 1194 1195
f 665 1195 666
f 666 1195 1196
f 666 1196 667
f 667 1196 1185
f 1189 1197 1190
f 1190 1197 1198
f 1190 1198 1191
f 1191 1198 1199
f 1191 1199 1192
f 1192 1199 1200
f 1192 1200 1193
f 1193 1200 1201
f 1193 1201 1194
f 1194 1201 1202
f 1194 1202 1195
f 1195 1202 1203
f 1195 1203 1196
f 1196 1203 1204
f 1196 1204 1185
f 1185 1204 1205
f 1185 1205 1186
f 1186 1205 1206
f 1186 1206 1187
f 1187 1206 1207
f 1187 1207 1188
f 1188 1207 1208
f 1188 1208 1189
f 1189 1208 1197
f 1205 310 1206
f 1206 310 312
f 1206 312 1207
f 1207 312 313
f 1207 313 1208
f 1208 313 325
f 1208 325 1197
f 1197 325 324
f 1197 324 1198
f 1198 324 323
f 1198 323 1199
f 1199 323 321
f 1199 321 1200
f 1200 321 320
f 1200 320 1201
f 1201 320 316
f 1201 316 1202
f 1202 316 318
f 1202 318 1203
f 1203 318 319
f 1203 319 1204
f 1204 319 315
f 1204 315 1205
f 1205 315 310
f 671 1209 673
f 673 1209 1210
f 673 1210 674
f 674 1210 1211
f 674 1211 675
f 675 1211 1212
f 675 1212 676
f 676 1212 1213
f 676 1213 677
f 677 1213 1214
f 677 1214 678
f 678 1214 1215
f 678 1215 595
f 595 1215 1216
f 595 1216 594
f 594 1216 1217
f 594 1217 593
f 593 1217 1218
f 593 1218 596
f 596 1218 1219
f 596 1219 670
f 670 1219 1220
f 670 1220 671
f 671 1220 1209
f 1210 1221 1211
f 1211 1221 1222
f 1211 1222 1212
f 1212 1222 1223
f 1212 1223 1213
f 1213 1223 1224
f 1213 1224 1214
f 1214 1224 1225
f 1214 1225 1215
f 1215 1225 1226
f 1215 1226 1216
f 1216 1226 1227
f 1216 1227 1217
f 1217 1227 1228
f 1217 1228 1218
f 1218 1228 1229
f 1218 1229 1219
f 1219 1229 1230
f 1219 1230 1220
f 1220 1230 1231
f 1220 1231 1209
f 1209 1231 1232
f 1209 1232 1210
f 1210 1232 1221
f 1232 381 1221
f 1221 381 390
f 1221 390 1222
f 1222 390 389
f 1222 389 1223
f 1223 389 388
f 1223 388 1224
f 1224 388 387
f 1224 387 1225
f 1225 387 386
f 1225 386 1226
f 1226 386 384
f 1226 384 1227
f 1227 384 394
f 1227 394 1228
f 1228 394 393
f 1228 393 1229
f 1229 393 392
f 1229 392 1230
f 1230 392 391
f 1230 391 1231
f 1231 391 382
f 1231 382 1232
f 1232 382 381
f 680 1233 682
f 682 1233 1234
f 682 1234 683
f 683 1234 1235
f 683 1235 687
f 687 1235 1236
f 687 1236 686
f 686 1236 1237
f 686 1237 685
f 685 1237 1238
f 685 1238 684
f 684 1238 1239
f 684 1239 692
f 692 1239 1240
f 692 1240 688
f 688 1240 1241
f 688 1241 689
f 689 1241 1242
f 689 1242 690
f 690 1242 1243
f 690 1243 691
f 691 1243 1244
f 691 1244 680
f 680 1244 1233
f 1236 1245 1237
f 1237 1245 1246
f 1237 1246 1238
f 1238 1246 1247
f 1238 1247 1239
f 1239 1247 1248
f 1239 1248 1240
f 1240 1248 1249
f 1240 1249 1241
f 1241 1249 1250
f 1241 1250 1242
f 1242 1250 1251
f 1242 1251 1243
f 1243 1251 1252
f 1243 1252 1244
f 1244 1252 1253
f 1244 1253 1233
f 1233 1253 1254
f 1233 1254 1234
f 1234 1254 1255
f 1234 1255 1235
f 1235 1255 1256
f 1235 1256 1236
f 1236 1256 1245
f 1254 304 1255
f 1255 304 303
f 1255 303 1256
f 1256 303 294
f 1256 294 1245
f 1245 294 293
f 1245 293 1246
f 1246 293 301
f 1246 301 1247
f 1247 301 300
f 1247 300 1248
f 1248 300 298
f 1248 298 1249
f 1249 298 296
f 1249 296 1250
f 1250 296 295
f 1250 295 1251
f 1251 295 308
f 1251 308 1252
f 1252 308 307
f 1252 307 1253
f 1253 307 306
f 1253 306 1254
f 1254 306 304
f 695 1257 696
f 696 1257 1258
f 696 1258 697
f 697 1258 1259
f 697 1259 698
f 698 1259 1260
f 698 1260 701
f 701 1260 1261
f 701 1261 700
f 700 1261 1262
f 700 1262 699
f 699 1262 1263
f 699 1263 706
f 706 1263 1264
f 706 1264 702
f 702 1264 1265
f 702 1265 703
f 703 1265 1266
f 703 1266 704
f 704 1266 1267
f 704 1267 705
f 705 1267 1268
f 705 1268 695
f 695 1268 1257
f 1258 1269 1259
f 1259 1269 1270
f 1259 1270 1260
f 1260 1270 1271
f 1260 1271 1261
f 1261 1271 1272
f 1261 1272 1262
f 1262 1272 1273
f 1262 1273 1263
f 1263 1273 1274
f 1263 1274 1264
f 1264 1274 1275
f 1264 1275 1265
f 1265 1275 1276
f 1265 1276 1266
f 1266 1276 1277
f 1266 1277 1267
f 1267 1277 1278
f 1267 1278 1268
f 1268 1278 1279
f 1268 1279 1257
f 1257 1279 1280
f 1257 1280 1258
f 1258 1280 1269
f 1280 292 1269
f 1269 292 291
f 1269 291 1270
f 1270 291 289
f 1270 289 1271
f 1271 289 288
f 1271 288 1272
f 1272 288 287
f 1272 287 1273
f 1273 287 286
f 1273 286 1274
f 1274 286 284
f 1274 284 1275
f 1275 284 282
f 1275 282 1276
f 1276 282 281
f 1276 281 1277
f 1277 281 302
f 1277 302 1278
f 1278 302 280
f 1278 280 1279
f 1279 280 279
f 1279 279 1280
f 1280 279 292
f 710 1281 711
f 711 1281 1282
f 711 1282 712
f 712 1282 1283
f 712 1283 713
f 713 1283 1284
f 713 1284 609
f 609 1284 1285
f 609 1285 608
f 608 1285 1286
f 608 1286 607
f 607 1286 1287
f 607 1287 708
f 708 1287 1288
f 708 1288 709
f 709 1288 1289
f 709 1289 714
f 714 1289 1290
f 714 1290 715
f 715 1290 1291
f 715 1291 716
f 716 1291 1292
f 716 1292 710
f 710 1292 1281
f 1285 1293 1286
f 1286 1293 1294
f 1286 1294 1287
f 1287 1294 1295
f 1287 1295 1288
f 1288 1295 1296
f 1288 1296 1289
f 1289 1296 1297
f 1289 1297 1290
f 1290 1297 1298
f 1290 1298 1291
f 1291 1298 1299
f 1291 1299 1292
f 1292 1299 1300
f 1292 1300 1281
f 1281 1300 1301
f 1281 1301 1282
f 1282 1301 1302
f 1282 1302 1283
f 1283 1302 1303
f 1283 1303 1284
f 1284 1303 1304
f 1284 1304 1285
f 1285 1304 1293
f 1301 404 1302
f 1302 404 412
f 1302 412 1303
f 1303 412 411
f 1303 411 1304
f 1304 411 409
f 1304 409 1293
f 1293 409 417
f 1293 417 1294
f 1294 417 416
f 1294 416 1295
f 1295 416 414
f 1295 414 1296
f 1296 414 413
f 1296 413 1297
f 1297 413 406
f 1297 406 1298
f 1298 406 405
f 1298 405 1299
f 1299 405 401
f 1299 401 1300
f 1300 401 403
f 1300 403 1301
f 1301 403 404
f 756 1305 757
f 757 1305 1306
f 757 1306 760
f 760 1306 1307
f 760 1307 761
f 761 1307 1308
f 761 1308 762
f 762 1308 1309
f 762 1309 758
f 758 1309 1310
f 758 1310 759
f 759 1310 1311
f 759 1311 763
f 763 1311 1312
f 763 1312 764
f 764 1312 1313
f 764 1313 766
f 766 1313 1314
f 766 1314 767
f 767 1314 1315
f 767 1315 768
f 768 1315 1316
f 768 1316 756
f 756 1316 1305
f 1308 1317 1309
f 1309 1317 1318
f 1309 1318 1310
f 1310 1318 1319
f 1310 1319 1311
f 1311 1319 1320
f 1311 1320 1312
f 1312 1320 1321
f 1312 1321 1313
f 1313 1321 1322
f 1313 1322 1314
f 1314 1322 1323
f 1314 1323 1315
f 1315 1323 1324
f 1315 1324 1316
f 1316 1324 1325
f 1316 1325 1305
f 1305 1325 1326
f 1305 1326 1306
f 1306 1326 1327
f 1306 1327 1307
f 1307 1327 1328
f 1307 1328 1308
f 1308 1328 1317
f 1326 520 1327
f 1327 520 524
f 1327 524 1328
f 1328 524 523
f 1328 523 1317
f 1317 523 533
f 1317 533 1318
f 1318 533 532
f 1318 532 1319
f 1319 532 531
f 1319 531 1320
f 1320 531 526
f 1320 526 1321
f 1321 526 525
f 1321 525 1322
f 1322 525 529
f 1322 529 1323
f 1323 529 528
f 1323 528 1324
f 1324 528 527
f 1324 527 1325
f 1325 527 521
f 1325 521 1326
f 1326 521 520
f 778 1329 779
f 779 1329 1330
f 779 1330 780
f 780 1330 1331
f 780 1331 781
f 781 1331 1332
f 781 1332 782
f 782 1332 1333
f 782 1333 770
f 770 1333 1334
f 770 1334 771
f 771 1334 1335
f 771 1335 772
f 772 1335 1336
f 772 1336 773
f 773 1336 1337
f 773 1337 775
f 775 1337 1338
f 775 1338 776
f 776 1338 1339
f 776 1339 777
f 777 1339 1340
f 777 1340 778
f 778 1340 1329
f 1333 1341 1334
f 1334 1341 1342
f 1334 1342 1335
f 1335 1342 1343
f 1335 1343 1336
f 1336 1343 1344
f 1336 1344 1337
f 1337 1344 1345
f 1337 1345 1338
f 1338 1345 1346
f 1338 1346 1339
f 1339 1346 1347
f 1339 1347 1340
f 1340 1347 1348
f 1340 1348 1329
f 1329 1348 1349
f 1329 1349 1330
f 1330 1349 1350
f 1330 1350 1331
f 1331 1350 1351
f 1331 1351 1332
f 1332 1351 1352
f 1332 1352 1333
f 1333 1352 1341
f 1349 351 1350
f 1350 351 350
f 1350 350 1351
f 1351 350 348
f 1351 348 1352
f 1352 348 356
f 1352 356 1341
f 1341 356 355
f 1341 355 1342
f 1342 355 353
f 1342 353 1343
f 1343 353 352
f 1343 352 1344
f 1344 352 346
f 1344 346 1345
f 1345 346 345
f 1345 345 1346
f 1346 345 343
f 1346 343 1347
f 1347 343 341
f 1347 341 1348
f 1348 341 340
f 1348 340 1349
f 1349 340 351
f 1353 1354 1355
f 1356 1357 1358
f 151 129 1359
f 50 1360 52
f 36 1357 38
f 22 1361 24
f 57 1362 1363
f 8 1354 10
f 2 1364 4
f 4 1364 221
f 4 221 6
f 1365 237 1353
f 1353 237 239
f 1353 239 241
f 12 245 14
f 14 245 247
f 14 247 225
f 1354 1353 10
f 10 1353 241
f 10 241 12
f 12 241 243
f 12 243 245
f 79 1361 77
f 77 1361 22
f 77 22 75
f 75 22 20
f 16 1366 18
f 18 1366 71
f 18 71 20
f 20 71 73
f 20 73 75
f 87 89 1361
f 1361 89 24
f 24 89 91
f 24 91 26
f 91 93 26
f 26 93 95
f 26 95 28
f 28 95 97
f 28 97 99
f 30 1367 32
f 32 1367 113
f 32 113 34
f 113 115 34
f 34 115 117
f 34 117 36
f 36 117 119
f 36 119 1357
f 1368 1358 123
f 123 1358 1357
f 123 1357 121
f 121 1357 119
f 1359 129 1356
f 1356 129 1357
f 1357 129 131
f 1357 131 38
f 38 131 133
f 38 133 40
f 133 135 40
f 40 135 137
f 40 137 42
f 42 137 139
f 42 139 141
f 44 1369 46
f 46 1369 155
f 46 155 48
f 155 157 48
f 48 157 159
f 48 159 50
f 50 159 161
f 50 161 1360
f 1360 161 163
f 1360 163 1370
f 177 179 54
f 54 179 56
f 56 179 181
f 56 181 183
f 177 54 199
f 199 54 52
f 199 52 197
f 197 52 1360
f 197 1360 195
f 57 59 1362
f 1362 59 61
f 1362 61 1371
f 61 63 1371
f 1371 63 65
f 1371 65 1372
f 1372 65 67
f 1372 67 1366
f 1366 67 69
f 1366 69 71
f 1373 1374 1367
f 1375 81 1376
f 1376 81 83
f 83 85 1376
f 1376 85 87
f 1376 87 1377
f 1377 87 1361
f 1377 1361 1363
f 1363 1361 79
f 1363 79 57
f 30 28 1367
f 1367 28 99
f 1367 99 1373
f 1373 99 101
f 1373 101 1375
f 1375 101 103
f 1375 103 81
f 123 125 1368
f 1368 125 127
f 1368 127 1378
f 127 105 1378
f 1378 105 107
f 1378 107 1374
f 1374 107 109
f 1374 109 1367
f 1367 109 111
f 1367 111 113
f 44 42 1369
f 1369 42 141
f 1369 141 1379
f 1379 141 143
f 1379 143 1380
f 143 145 1380
f 1380 145 147
f 1380 147 1359
f 1359 147 149
f 1359 149 151
f 163 165 1370
f 1370 165 167
f 1370 167 1381
f 167 169 1381
f 1381 169 171
f 1381 171 1382
f 1382 171 173
f 1382 173 1379
f 1379 173 175
f 1379 175 1369
f 1369 175 153
f 1369 153 155
f 2 56 1364
f 1364 56 183
f 1364 183 1383
f 1383 183 185
f 1383 185 1384
f 1384 185 187
f 1384 187 1385
f 1385 187 189
f 1385 189 191
f 221 223 6
f 6 223 201
f 6 201 8
f 8 201 203
f 8 203 1354
f 1354 203 205
f 1354 205 1355
f 1355 205 207
f 1355 207 1386
f 1386 207 209
f 209 211 1386
f 1386 211 213
f 1386 213 1387
f 1387 213 215
f 1387 215 1383
f 1383 215 217
f 1383 217 1364
f 1364 217 219
f 1364 219 221
f 16 14 1366
f 1366 14 225
f 1366 225 1372
f 1372 225 227
f 1372 227 1388
f 1388 227 229
f 1388 229 1389
f 229 231 1389
f 1389 231 233
f 1389 233 1365
f 1365 233 235
f 1365 235 237
f 191 193 1385
f 1385 193 195
f 1385 195 1390
f 1390 195 1360
f 1390 1360 1391
f 1391 1360 1370
f 1383 755 1387
f 1387 755 822
f 1387 822 1386
f 1386 822 717
f 1386 717 1355
f 1355 717 719
f 1355 719 1353
f 1353 719 783
f 1353 783 1365
f 1365 783 721
f 1365 721 1389
f 1389 721 723
f 1389 723 1388
f 1388 723 724
f 1388 724 1372
f 1372 724 785
f 1372 785 1371
f 1371 785 789
f 1371 789 1362
f 1362 789 729
f 1362 729 1363
f 1363 729 728
f 1363 728 1377
f 1377 728 726
f 1377 726 1376
f 1376 726 725
f 1376 725 1375
f 1375 725 797
f 1375 797 1373
f 1373 797 732
f 1373 732 1374
f 1374 732 731
f 1374 731 1378
f 1378 731 734
f 1378 734 1368
f 1368 734 590
f 1368 590 1358
f 1358 590 589
f 1358 589 1356
f 1356 589 738
f 1356 738 1359
f 1359 738 736
f 1359 736 1380
f 1380 736 739
f 1380 739 1379
f 1379 739 746
f 1379 746 1382
f 1382 746 745
f 1382 745 1381
f 1381 745 743
f 1381 743 1370
f 1370 743 742
f 1370 742 1391
f 1391 742 750
f 1391 750 1390
f 1390 750 749
f 1390 749 1385
f 1385 749 748
f 1385 748 1384
f 1384 748 753
f 1384 753 1383
f 1383 753 755
f 1392 1393 1394
f 1392 1394 1395
f 1395 1394 1396
f 1395 1396 1397
f 1397 1396 1398
f 1397 1398 1399
f 1399 1398 1400
f 1399 1400 1401
f 1401 1400 1402
f 1401 1402 1403
f 1403 1402 1404
f 1403 1404 1405
f 1405 1404 1406
f 1405 1406 1407
f 1407 1406 1408
f 1407 1408 1409
f 1409 1408 1410
f 1409 1410 1411
f 1411 1410 1412
f 1411 1412 1413
f 1413 1412 1414
f 1413 1414 1415
f 1415 1414 1416
f 1415 1416 1417
f 1417 1416 1418
f 1417 1418 1419
f 1419 1418 1420
f 1419 1420 1421
f 1421 1420 1422
f 1421 1422 1423
f 1423 1422 1424
f 1423 1424 1425
f 1425 1424 1426
f 1425 1426 1427
f 1427 1426 1428
f 1427 1428 1429
f 1429 1428 1430
f 1429 1430 1431
f 1432 1430 1428
f 1432 1428 1433
f 1433 1428 1426
f 1433 1426 1434
f 1434 1426 1424
f 1434 1424 1435
f 1435 1424 1422
f 1435 1422 1436
f 1436 1422 1420
f 1436 1420 1437
f 1437 1420 1418
f 1437 1418 1438
f 1438 1418 1416
f 1438 1416 1439
f 1439 1416 1414
f 1439 1414 1440
f 1440 1414 1412
f 1440 1412 1441
f 1441 1412 1410
f 1441 1410 1442
f 1442 1410 1408
f 1442 1408 1443
f 1443 1408 1406
f 1443 1406 1444
f 1444 1406 1404
f 1444 1404 1445
f 1445 1404 1402
f 1445 1402 1446
f 1446 1402 1400
f 1446 1400 1447
f 1447 1400 1398
f 1447 1398 1448
f 1448 1398 1396
f 1448 1396 1449
f 1449 1396 1450
f 1450 1396 1394
f 1450 1394 1451
f 1451 1394 1393
f 1451 1393 1452
f 1453 1421 1423
f 1454 1392 1395
f 1454 1395 1455
f 1455 1395 1397
f 1455 1397 1456
f 1456 1397 1399
f 1456 1399 1457
f 1457 1399 1458
f 1458 1399 1401
f 1458 1401 1459
f 1459 1401 1403
f 1459 1403 1460
f 1460 1403 1461
f 1461 1403 1405
f 1461 1405 1462
f 1462 1405 1407
f 1462 1407 1463
f 1463 1407 1409
f 1463 1409 1464
f 1464 1409 1411
f 1464 1411 1465
f 1465 1411 1413
f 1465 1413 1466
f 1466 1413 1415
f 1466 1415 1467
f 1467 1415 1417
f 1467 1417 1468
f 1468 1417 1419
f 1468 1419 1469
f 1421 1453 1419
f 1419 1453 1470
f 1419 1470 1469
f 1471 1472 1423
f 1423 1472 1473
f 1423 1473 1453
f 1423 1425 1471
f 1471 1425 1427
f 1471 1427 1474
f 1474 1427 1429
f 1474 1429 1475
f 1475 1429 1476
f 1475 1476 1477
f 1478 1479 1480
f 1480 1479 1481
f 1480 1481 1482
f 1482 1481 1483
f 1482 1483 1484
f 1484 1483 1485
f 1484 1485 1486
f 1486 1485 1487
f 1486 1487 1488
f 1488 1487 1489
f 1488 1489 1490
f 1490 1489 1491
f 1492 1493 1494
f 1494 1493 1495
f 1494 1495 1496
f 1496 1495 1497
f 1496 1497 1498
f 1498 1497 1499
f 1498 1499 1500
f 1500 1499 1501
f 1500 1501 1502
f 1502 1501 1503
f 1502 1503 1504
f 1504 1503 1505
f 1506 1507 1508
f 1508 1507 1509
f 1508 1509 1510
f 1510 1509 1511
f 1510 1511 1512
f 1512 1511 1513
f 1512 1513 1514
f 1514 1513 1515
f 1514 1515 1516
f 1516 1515 1517
f 1516 1517 1518
f 1518 1517 1519
f 1520 1521 1522
f 1522 1521 1523
f 1522 1523 1524
f 1524 1523 1525
f 1524 1525 1526
f 1526 1525 1527
f 1526 1527 1528
f 1528 1527 1529
f 1528 1529 1530
f 1530 1529 1531
f 1530 1531 1532
f 1532 1531 1533
f 1534 1535 1536
f 1536 1535 1537
f 1536 1537 1538
f 1538 1537 1539
f 1538 1539 1540
f 1540 1539 1541
f 1540 1541 1542
f 1542 1541 1543
f 1542 1543 1544
f 1544 1543 1545
f 1544 1545 1546
f 1546 1545 1547
f 1548 1549 1550
f 1550 1549 1551
f 1550 1551 1552
f 1552 1551 1553
f 1552 1553 1554
f 1554 1553 1555
f 1554 1555 1556
f 1556 1555 1557
f 1556 1557 1558
f 1558 1557 1559
f 1558 1559 1560
f 1560 1559 1561
f 1562 1563 1564
f 1564 1563 1565
f 1564 1565 1566
f 1566 1565 1567
f 1566 1567 1568
f 1568 1567 1569
f 1568 1569 1570
f 1570 1569 1571
f 1570 1571 1572
f 1572 1571 1573
f 1572 1573 1574
f 1574 1573 1575
f 1576 1577 1578
f 1578 1577 1579
f 1578 1579 1580
f 1580 1579 1581
f 1580 1581 1582
f 1582 1581 1583
f 1582 1583 1584
f 1584 1583 1585
f 1584 1585 1586
f 1586 1585 1587
f 1586 1587 1588
f 1588 1587 1589
f 1590 1591 1592
f 1592 1591 1593
f 1592 1593 1594
f 1594 1593 1595
f 1594 1595 1596
f 1596 1595 1597
f 1596 1597 1598
f 1598 1597 1599
f 1598 1599 1600
f 1600 1599 1601
f 1600 1601 1602
f 1602 1601 1603
f 1604 1605 1606
f 1606 1605 1607
f 1606 1607 1608
f 1608 1607 1609
f 1608 1609 1610
f 1610 1609 1611
f 1610 1611 1612
f 1612 1611 1613
f 1612 1613 1614
f 1614 1613 1615
f 1614 1615 1616
f 1616 1615 1617
f 1618 1619 1620
f 1620 1619 1621
f 1620 1621 1622
f 1622 1621 1623
f 1622 1623 1624
f 1624 1623 1625
f 1624 1625 1626
f 1626 1625 1627
f 1626 1627 1628
f 1628 1627 1629
f 1628 1629 1630
f 1630 1629 1631
f 1632 1633 1634
f 1634 1633 1635
f 1634 1635 1636
f 1636 1635 1637
f 1636 1637 1638
f 1638 1637 1639
f 1638 1639 1640
f 1640 1639 1641
f 1640 1641 1642
f 1642 1641 1643
f 1642 1643 1644
f 1644 1643 1645
f 1646 1647 1648
f 1648 1647 1649
f 1648 1649 1650
f 1650 1649 1651
f 1650 1651 1652
f 1652 1651 1653
f 1652 1653 1654
f 1654 1653 1655
f 1654 1655 1656
f 1656 1655 1657
f 1656 1657 1658
f 1658 1657 1659
f 1660 1661 1662
f 1662 1661 1663
f 1662 1663 1664
f 1664 1663 1665
f 1664 1665 1666
f 1666 1665 1667
f 1666 1667 1668
f 1668 1667 1669
f 1668 1669 1670
f 1670 1669 1671
f 1670 1671 1672
f 1672 1671 1673
f 1674 1675 1676
f 1674 1676 1677
f 1677 1676 1678
f 1677 1678 1679
f 1679 1678 1680
f 1679 1680 1681
f 1681 1680 1682
f 1681 1682 1683
f 1683 1682 1684
f 1683 1684 1685
f 1685 1684 1686
f 1685 1686 1687
f 1687 1686 1688
f 1687 1688 1689
f 1689 1688 1690
f 1689 1690 1691
f 1691 1690 1692
f 1691 1692 1693
f 1693 1692 1694
f 1693 1694 1695
f 1695 1694 1696
f 1695 1696 1697
f 1697 1696 1698
f 1697 1698 1699
f 1699 1698 1700
f 1699 1700 1701
f 1701 1700 1702
f 1701 1702 1703
f 1703 1702 1704
f 1703 1704 1705
f 1705 1704 1706
f 1705 1706 1707
f 1707 1706 1708
f 1707 1708 1709
f 1710 1571 1569
f 1573 1571 1710
f 1575 1573 1710
f 1710 1565 1563
f 1567 1565 1710
f 1569 1567 1710
f 1711 1585 1583
f 1587 1585 1711
f 1589 1587 1711
f 1711 1579 1577
f 1581 1579 1711
f 1583 1581 1711
f 1712 1593 1591
f 1595 1593 1712
f 1597 1595 1712
f 1712 1713 1714
f 1715 1713 1712
f 1591 1715 1712
f 1716 1613 1611
f 1615 1613 1716
f 1617 1615 1716
f 1716 1607 1605
f 1609 1607 1716
f 1611 1609 1716
f 1717 1627 1625
f 1629 1627 1717
f 1631 1629 1717
f 1717 1621 1619
f 1623 1621 1717
f 1625 1623 1717
f 1718 1641 1639
f 1643 1641 1718
f 1645 1643 1718
f 1718 1635 1633
f 1637 1635 1718
f 1639 1637 1718
f 1719 1655 1653
f 1657 1655 1719
f 1659 1657 1719
f 1719 1649 1647
f 1651 1649 1719
f 1653 1651 1719
f 1720 1669 1667
f 1671 1669 1720
f 1673 1671 1720
f 1720 1663 1661
f 1665 1663 1720
f 1667 1665 1720
f 1721 1674 1677
f 1721 1677 1722
f 1722 1677 1679
f 1722 1679 1723
f 1723 1679 1681
f 1723 1681 1724
f 1724 1681 1683
f 1724 1683 1725
f 1725 1683 1685
f 1725 1685 1726
f 1726 1685 1687
f 1726 1687 1727
f 1727 1687 1689
f 1727 1689 1728
f 1728 1689 1691
f 1728 1691 1729
f 1729 1691 1693
f 1729 1693 1730
f 1730 1693 1695
f 1730 1695 1731
f 1731 1695 1697
f 1731 1697 1732
f 1732 1697 1699
f 1732 1699 1733
f 1733 1699 1701
f 1733 1701 1734
f 1734 1701 1703
f 1734 1703 1735
f 1735 1703 1705
f 1735 1705 1736
f 1736 1705 1707
f 1736 1707 1737
f 1737 1707 1709
f 1737 1709 1738
f 1739 1740 1741
f 1741 1740 1742
f 1741 1742 1743
f 1743 1742 1744
f 1743 1744 1745
f 1745 1744 1746
f 1745 1746 1747
f 1747 1746 1748
f 1747 1748 1749
f 1749 1748 1750
f 1749 1750 1751
f 1751 1750 1752
f 1751 1752 1753
f 1753 1752 1754
f 1753 1754 1755
f 1755 1754 1756
f 1755 1756 1757
f 1757 1756 1758
f 1757 1758 1759
f 1759 1758 1760
f 1759 1760 1761
f 1761 1760 1762
f 1761 1762 1763
f 1763 1762 1764
f 1763 1764 1765
f 1765 1764 1766
f 1765 1766 1767
f 1767 1766 1768
f 1769 1770 1771
f 1769 1771 1772
f 1772 1771 1773
f 1772 1773 1774
f 1774 1773 1775
f 1774 1775 1776
f 1776 1775 1777
f 1776 1777 1778
f 1778 1777 1779
f 1778 1779 1780
f 1780 1779 1781
f 1780 1781 1782
f 1782 1781 1783
f 1782 1783 1784
f 1784 1783 1785
f 1784 1785 1786
f 1786 1785 1787
f 1786 1787 1788
f 1788 1787 1789
f 1788 1789 1790
f 1790 1789 1791
f 1790 1791 1792
f 1792 1791 1793
f 1792 1793 1794
f 1794 1793 1795
f 1794 1795 1796
f 1796 1795 1797
f 1796 1797 1798
f 1799 1800 1801
f 1799 1801 1802
f 1802 1801 1803
f 1802 1803 1804
f 1804 1803 1805
f 1804 1805 1806
f 1806 1805 1807
f 1806 1807 1808
f 1808 1807 1809
f 1808 1809 1810
f 1810 1809 1811
f 1810 1811 1812
f 1812 1811 1769
f 1812 1769 1813
f 1813 1769 1772
f 1813 1772 1814
f 1814 1772 1774
f 1814 1774 1815
f 1815 1774 1776
f 1815 1776 1816
f 1816 1776 1778
f 1816 1778 1817
f 1817 1778 1780
f 1817 1780 1818
f 1818 1780 1782
f 1818 1782 1819
f 1819 1782 1784
f 1819 1784 1820
f 1821 1822 1823
f 1823 1822 1824
f 1823 1824 1825
f 1825 1824 1826
f 1825 1826 1827
f 1827 1826 1828
f 1827 1828 1829
f 1829 1828 1830
f 1829 1830 1831
f 1831 1830 1832
f 1831 1832 1833
f 1833 1832 1834
f 1835 1836 1837
f 1837 1836 1838
f 1837 1838 1839
f 1839 1838 1840
f 1839 1840 1841
f 1841 1840 1842
f 1841 1842 1843
f 1843 1842 1844
f 1843 1844 1845
f 1845 1844 1846
f 1845 1846 1847
f 1847 1846 1848
f 1849 1850 1851
f 1851 1850 1852
f 1851 1852 1853
f 1853 1852 1854
f 1853 1854 1855
f 1855 1854 1856
f 1855 1856 1857
f 1857 1856 1858
f 1857 1858 1859
f 1859 1858 1860
f 1859 1860 1861
f 1861 1860 1862
f 1863 1864 1865
f 1865 1864 1866
f 1865 1866 1867
f 1867 1866 1868
f 1867 1868 1869
f 1869 1868 1870
f 1869 1870 1871
f 1871 1870 1872
f 1871 1872 1873
f 1873 1872 1874
f 1873 1874 1875
f 1875 1874 1876
f 1875 1876 1877
f 1877 1876 1878
f 1877 1878 1879
f 1879 1878 1880
f 1879 1880 1881
f 1881 1880 1882
f 1883 1884 1885
f 1883 1885 1886
f 1886 1885 1887
f 1886 1887 1888
f 1888 1887 1889
f 1888 1889 1890
f 1890 1889 1891
f 1890 1891 1892
f 1892 1891 1893
f 1892 1893 1894
f 1894 1893 1895
f 1894 1895 1896
f 1897 1898 1899
f 1897 1899 1900
f 1900 1899 1901
f 1900 1901 1902
f 1902 1901 1903
f 1902 1903 1904
f 1904 1903 1905
f 1904 1905 1906
f 1906 1905 1907
f 1906 1907 1908
f 1908 1907 1909
f 1908 1909 1910
f 1911 1912 1913
f 1911 1913 1914
f 1914 1913 1915
f 1914 1915 1916
f 1916 1915 1917
f 1916 1917 1918
f 1918 1917 1919
f 1918 1919 1920
f 1920 1919 1921
f 1920 1921 1922
f 1922 1921 1923
f 1922 1923 1924
f 1881 1925 1879
f 1879 1925 1926
f 1879 1926 1877
f 1877 1926 1927
f 1877 1927 1875
f 1875 1927 1928
f 1875 1928 1873
f 1873 1928 1929
f 1873 1929 1871
f 1871 1929 1930
f 1871 1930 1869
f 1869 1930 1931
f 1869 1931 1867
f 1867 1931 1932
f 1867 1932 1865
f 1865 1932 1933
f 1865 1933 1863
f 1863 1933 1934
f 1935 1936 1937
f 1935 1937 1938
f 1938 1937 1939
f 1938 1939 1940
f 1940 1939 1941
f 1940 1941 1942
f 1942 1941 1943
f 1942 1943 1944
f 1944 1943 1945
f 1944 1945 1946
f 1946 1945 1947
f 1946 1947 1948
f 1949 1935 1938
f 1949 1938 1950
f 1950 1938 1940
f 1950 1940 1951
f 1951 1940 1942
f 1951 1942 1952
f 1952 1942 1944
f 1952 1944 1953
f 1953 1944 1946
f 1953 1946 1954
f 1954 1946 1948
f 1954 1948 1955
f 1956 1957 1958
f 1958 1957 1959
f 1958 1959 1960
f 1960 1959 1961
f 1960 1961 1962
f 1962 1961 1963
f 1962 1963 1964
f 1964 1963 1965
f 1964 1965 1966
f 1966 1965 1967
f 1966 1967 1968
f 1968 1967 1969
f 1431 1430 1970
f 1431 1970 1971
f 1971 1970 1972
f 1971 1972 1973
f 1973 1972 1974
f 1973 1974 1975
f 1975 1974 1976
f 1975 1976 1977
f 1977 1976 1978
f 1977 1978 1979
f 1979 1978 1980
f 1979 1980 1981
f 1981 1980 1982
f 1981 1982 1983
f 1983 1982 1984
f 1983 1984 1985
f 1985 1984 1986
f 1985 1986 1987
f 1987 1986 1988
f 1987 1988 1989
f 1989 1988 1990
f 1989 1990 1991
f 1991 1990 1992
f 1991 1992 1993
f 1993 1992 1994
f 1993 1994 1995
f 1995 1994 1996
f 1995 1996 1997
f 1997 1996 1998
f 1997 1998 1999
f 1999 1998 2000
f 1999 2000 2001
f 2001 2000 2002
f 2001 2002 2003
f 2003 2002 2004
f 2003 2004 2005
f 2005 2004 1393
f 2005 1393 1392
f 1452 1393 2004
f 2006 2007 2004
f 2004 2007 2008
f 2004 2008 1452
f 1988 2009 1990
f 1990 2009 2010
f 1990 2010 1992
f 1992 2010 2011
f 1992 2011 1994
f 1994 2011 2012
f 1994 2012 1996
f 1996 2012 2013
f 1996 2013 1998
f 1998 2013 2014
f 1998 2014 2000
f 2000 2014 2006
f 2000 2006 2002
f 2002 2006 2004
f 2015 2016 1988
f 1988 2016 2017
f 1988 2017 2009
f 1988 1986 2015
f 2015 1986 1984
f 2015 1984 2018
f 2018 1984 1982
f 2018 1982 2019
f 2019 1982 1980
f 2019 1980 2020
f 2020 1980 1978
f 2020 1978 2021
f 2021 1978 1976
f 2021 1976 2022
f 2022 1976 1974
f 2022 1974 2023
f 2023 1974 1972
f 2023 1972 2024
f 2024 1972 1970
f 2024 1970 2025
f 2025 1970 1430
f 2025 1430 1432
f 2026 1997 1999
f 1477 1476 1971
f 1477 1971 2027
f 2027 1971 1973
f 2027 1973 2028
f 2028 1973 1975
f 2028 1975 2029
f 2029 1975 2030
f 2030 1975 1977
f 2030 1977 2031
f 2031 1977 1979
f 2031 1979 2032
f 2032 1979 2033
f 2033 1979 1981
f 2033 1981 2034
f 2034 1981 1983
f 2034 1983 2035
f 2035 1983 1985
f 2035 1985 2036
f 2036 1985 1987
f 2036 1987 2037
f 2037 1987 2038
f 2038 1987 1989
f 2038 1989 2039
f 2039 1989 1991
f 2039 1991 2040
f 2040 1991 1993
f 2040 1993 2041
f 2041 1993 1995
f 2041 1995 2042
f 1997 2026 1995
f 1995 2026 2043
f 1995 2043 2042
f 2044 2045 1999
f 1999 2045 2046
f 1999 2046 2026
f 1999 2001 2044
f 2044 2001 2003
f 2044 2003 2047
f 2047 2003 2005
f 2047 2005 2048
f 2048 2005 1392
f 2048 1392 1454
f 1436 2049 1435
f 1443 1444 2050
f 2013 2051 2014
f 1484 1486 2052
f 2052 1486 1488
f 1490 2053 2049
f 2049 2053 2054
f 2049 2054 1435
f 1435 2054 2055
f 1435 2055 1434
f 1434 2055 1433
f 2055 2056 1433
f 1433 2056 2057
f 1433 2057 1432
f 1432 2057 1478
f 1432 1478 2025
f 1478 1480 2025
f 2025 1480 1482
f 2025 1482 2024
f 2024 1482 1484
f 2024 1484 2023
f 2023 1484 2052
f 2023 2052 2022
f 1544 1546 2016
f 2016 1546 2058
f 2019 2020 1538
f 1546 2059 2058
f 2058 2059 2060
f 2058 2060 2052
f 2060 2061 2052
f 2052 2061 2062
f 2052 2062 2022
f 2022 2062 2063
f 2022 2063 2021
f 2021 2063 1534
f 2021 1534 2020
f 2020 1534 1536
f 2020 1536 1538
f 1538 1540 2019
f 2019 1540 1542
f 2019 1542 2018
f 2018 1542 1544
f 2018 1544 2015
f 2015 1544 2016
f 2058 2051 2064
f 1494 1496 2010
f 2010 1496 1498
f 2010 1498 2011
f 1498 1500 2011
f 2011 1500 1502
f 2011 1502 2012
f 2012 1502 1504
f 2012 1504 2013
f 2013 1504 2065
f 2013 2065 2051
f 2051 2065 2066
f 2051 2066 2064
f 2064 2067 2058
f 2058 2067 2068
f 2058 2068 2016
f 2016 2068 1492
f 2016 1492 2017
f 2017 1492 1494
f 2017 1494 2009
f 2009 1494 2010
f 1526 1528 2007
f 2007 1528 1530
f 2069 2070 2071
f 2071 2070 2072
f 1520 1522 2051
f 2051 1522 1524
f 2051 1524 2014
f 2014 1524 1526
f 2014 1526 2006
f 2006 1526 2007
f 1532 2073 1450
f 1450 2073 2074
f 1450 2074 1449
f 1449 2074 2069
f 1449 2069 1448
f 1448 2069 2071
f 1448 2071 1447
f 1530 1532 2007
f 2007 1532 1450
f 2007 1450 2008
f 2008 1450 1451
f 2008 1451 1452
f 1506 1508 2075
f 2075 1508 1510
f 2075 1510 2071
f 1510 1512 2071
f 2071 1512 1514
f 2071 1514 1447
f 1447 1514 1516
f 1447 1516 1446
f 1446 1516 1518
f 1446 1518 1445
f 1518 2076 1445
f 1445 2076 2077
f 1445 2077 1444
f 2077 2078 1444
f 1444 2078 2079
f 1444 2079 2050
f 2050 2079 2080
f 2050 1439 1440
f 1440 1441 2050
f 2050 1441 1442
f 2050 1442 1443
f 1438 1439 2081
f 2049 1554 2075
f 2075 1554 1556
f 1556 1558 2075
f 2075 1558 2050
f 2075 2050 1506
f 1506 2050 2080
f 1558 1560 2050
f 2050 1560 2082
f 2050 2082 1439
f 1439 2082 2083
f 1439 2083 2081
f 2081 2084 1438
f 1438 2084 2085
f 1438 2085 1437
f 1437 2085 1548
f 1437 1548 1436
f 1436 1548 1550
f 1436 1550 2049
f 2049 1550 1552
f 2049 1552 1554
f 1488 1490 2052
f 2052 1490 2049
f 2052 2049 2058
f 2058 2049 2075
f 2058 2075 2051
f 2051 2075 2071
f 2051 2071 1520
f 1520 2071 2072
f 1608 1610 1461
f 1465 2086 1464
f 2027 2028 2087
f 2088 1660 2030
f 2089 2090 2091
f 2033 2092 2093
f 2093 2092 2094
f 2093 2095 2033
f 2033 2095 2096
f 2033 2096 2032
f 2032 2096 2097
f 2032 2097 2031
f 2031 2097 2098
f 2031 2098 2030
f 2030 2098 2099
f 2100 2045 2101
f 2101 2045 2102
f 2100 2103 2045
f 2045 2103 2091
f 2045 2091 2046
f 2046 2091 2090
f 2046 2090 2026
f 2026 2090 2089
f 2026 2089 2043
f 2043 2089 2104
f 2043 2104 2105
f 1458 1676 2102
f 2102 1676 1675
f 2102 1675 2101
f 1690 1688 1461
f 1688 1686 1461
f 1461 1686 1684
f 1461 1684 1460
f 1460 1684 1682
f 1460 1682 1459
f 1459 1682 1680
f 1459 1680 1458
f 1458 1680 1678
f 1458 1678 1676
f 1706 1472 2106
f 2099 2107 2030
f 2030 2107 2108
f 2030 2108 2106
f 2106 2108 1708
f 2106 1708 1706
f 1690 2109 1692
f 1692 2109 1470
f 1692 1470 1694
f 1706 1704 1472
f 1472 1704 1702
f 1472 1702 1473
f 1473 1702 1700
f 1473 1700 1453
f 1453 1700 1698
f 1453 1698 1470
f 1470 1698 1696
f 1470 1696 1694
f 1586 1588 2102
f 1578 1580 2045
f 2045 1580 1582
f 2045 1582 2102
f 2102 1582 1584
f 2102 1584 1586
f 2110 2047 2111
f 2111 2047 2048
f 2111 2048 1588
f 2110 2112 2047
f 2047 2112 2113
f 2047 2113 2044
f 2044 2113 2114
f 2044 2114 2045
f 2045 2114 1576
f 2045 1576 1578
f 2040 1654 2039
f 2039 1654 1656
f 1658 2115 2092
f 2092 2115 2116
f 2116 2117 2092
f 2092 2117 2043
f 2092 2043 2094
f 2094 2043 2105
f 2117 2118 2043
f 2043 2118 2119
f 2043 2119 2042
f 2042 2119 1646
f 2042 1646 2041
f 1646 1648 2041
f 2041 1648 1650
f 2041 1650 2040
f 2040 1650 1652
f 2040 1652 1654
f 2035 2036 1568
f 1568 1570 2035
f 2035 1570 1572
f 2035 1572 2034
f 2034 1572 1574
f 2034 1574 2033
f 2033 1574 2120
f 1656 1658 2039
f 2039 1658 2092
f 2039 2092 2038
f 2038 2092 2037
f 2121 2092 2122
f 2122 2092 2033
f 2122 2033 2123
f 2123 2033 2120
f 2121 2124 2092
f 2092 2124 1562
f 2092 1562 2037
f 2037 1562 1564
f 2037 1564 2036
f 2036 1564 1566
f 2036 1566 1568
f 2030 1660 2029
f 2125 2126 2106
f 2106 2126 2127
f 2106 2127 2030
f 2030 2127 2128
f 2030 2128 2088
f 1660 1662 2029
f 2029 1662 1664
f 2029 1664 2028
f 1664 1666 2028
f 2028 1666 1668
f 2028 1668 2087
f 2087 1668 1670
f 2087 1670 2106
f 2106 1670 1672
f 2106 1672 2125
f 1474 1475 2087
f 2087 1475 1477
f 2087 1477 2027
f 2129 2106 2130
f 2130 2106 1472
f 2130 1472 2131
f 2131 1472 2132
f 2129 2133 2106
f 2106 2133 1590
f 2106 1590 2087
f 2087 1590 1592
f 2087 1592 1474
f 1474 1592 1594
f 1594 1596 1474
f 1474 1596 1598
f 1474 1598 1471
f 1471 1598 1600
f 1471 1600 1472
f 1472 1600 1602
f 1472 1602 2132
f 1470 1642 1469
f 1469 1642 1644
f 1469 1644 1468
f 2109 1632 1634
f 2134 1467 2135
f 2135 1467 1468
f 2135 1468 2136
f 2136 1468 1644
f 1634 1636 2109
f 2109 1636 1638
f 2109 1638 1470
f 1470 1638 1640
f 1470 1640 1642
f 1632 2109 2137
f 2137 2109 2086
f 2137 2086 2138
f 2134 2138 1467
f 1467 2138 2086
f 1467 2086 1466
f 1466 2086 1465
f 1690 1461 2109
f 2109 1461 1610
f 2109 1610 1612
f 1463 1464 2139
f 1612 1614 2109
f 2109 1614 1616
f 2109 1616 2086
f 2086 1616 2140
f 2086 2140 1464
f 1464 2140 2141
f 1464 2141 2139
f 2139 2142 1463
f 1463 2142 2143
f 1463 2143 1462
f 1462 2143 1604
f 1462 1604 1461
f 1461 1604 1606
f 1461 1606 1608
f 1628 1630 1458
f 1622 1624 2102
f 1458 1630 1457
f 2102 1624 1458
f 1458 1624 1626
f 1458 1626 1628
f 1455 1456 2144
f 1630 2145 1457
f 1457 2145 2146
f 1457 2146 1456
f 1456 2146 2147
f 1456 2147 2144
f 1588 2048 2102
f 2102 2048 1454
f 2102 1454 1455
f 2144 2148 1455
f 1455 2148 1618
f 1455 1618 2102
f 2102 1618 1620
f 2102 1620 1622
f 1490 1491 2053
f 2053 1491 2149
f 2053 2149 2054
f 2054 2149 2150
f 2054 2150 2055
f 2055 2150 2151
f 2055 2151 2056
f 2056 2151 2152
f 2056 2152 2057
f 2057 2152 2153
f 2057 2153 1478
f 1478 2153 1479
f 1504 1505 2065
f 2065 1505 2154
f 2065 2154 2066
f 2066 2154 2155
f 2066 2155 2064
f 2064 2155 2156
f 2064 2156 2067
f 2067 2156 2157
f 2067 2157 2068
f 2068 2157 2158
f 2068 2158 1492
f 1492 2158 1493
f 1518 1519 2076
f 2076 1519 2159
f 2076 2159 2077
f 2077 2159 2160
f 2077 2160 2078
f 2078 2160 2161
f 2078 2161 2079
f 2079 2161 2162
f 2079 2162 2080
f 2080 2162 2163
f 2080 2163 1506
f 1506 2163 1507
f 1532 1533 2073
f 2073 1533 2164
f 2073 2164 2074
f 2074 2164 2165
f 2074 2165 2069
f 2069 2165 2166
f 2069 2166 2070
f 2070 2166 2167
f 2070 2167 2072
f 2072 2167 2168
f 2072 2168 1520
f 1520 2168 1521
f 1546 1547 2059
f 2059 1547 2169
f 2059 2169 2060
f 2060 2169 2170
f 2060 2170 2061
f 2061 2170 2171
f 2061 2171 2062
f 2062 2171 2172
f 2062 2172 2063
f 2063 2172 2173
f 2063 2173 1534
f 1534 2173 1535
f 1560 1561 2082
f 2082 1561 2174
f 2082 2174 2083
f 2083 2174 2175
f 2083 2175 2081
f 2081 2175 2176
f 2081 2176 2084
f 2084 2176 2177
f 2084 2177 2085
f 2085 2177 2178
f 2085 2178 1548
f 1548 2178 1549
f 1574 1575 2120
f 2120 1575 2179
f 2120 2179 2123
f 2123 2179 2180
f 2123 2180 2122
f 2122 2180 2181
f 2122 2181 2121
f 2121 2181 2182
f 2121 2182 2124
f 2124 2182 2183
f 2124 2183 1562
f 1562 2183 1563
f 1588 1589 2111
f 2111 1589 2184
f 2111 2184 2110
f 2110 2184 2185
f 2110 2185 2112
f 2112 2185 2186
f 2112 2186 2113
f 2113 2186 2187
f 2113 2187 2114
f 2114 2187 2188
f 2114 2188 1576
f 1576 2188 1577
f 1602 1603 2132
f 2132 1603 2189
f 2132 2189 2131
f 2131 2189 2190
f 2131 2190 2130
f 2130 2190 1714
f 2130 1714 2129
f 2129 1714 1713
f 2129 1713 2133
f 2133 1713 1715
f 2133 1715 1590
f 1590 1715 1591
f 1616 1617 2140
f 2140 1617 2191
f 2140 2191 2141
f 2141 2191 2192
f 2141 2192 2139
f 2139 2192 2193
f 2139 2193 2142
f 2142 2193 2194
f 2142 2194 2143
f 2143 2194 2195
f 2143 2195 1604
f 1604 2195 1605
f 1630 1631 2145
f 2145 1631 2196
f 2145 2196 2146
f 2146 2196 2197
f 2146 2197 2147
f 2147 2197 2198
f 2147 2198 2144
f 2144 2198 2199
f 2144 2199 2148
f 2148 2199 2200
f 2148 2200 1618
f 1618 2200 1619
f 1644 1645 2136
f 2136 1645 2201
f 2136 2201 2135
f 2135 2201 2202
f 2135 2202 2134
f 2134 2202 2203
f 2134 2203 2138
f 2138 2203 2204
f 2138 2204 2137
f 2137 2204 2205
f 2137 2205 1632
f 1632 2205 1633
f 1658 1659 2115
f 2115 1659 2206
f 2115 2206 2116
f 2116 2206 2207
f 2116 2207 2117
f 2117 2207 2208
f 2117 2208 2118
f 2118 2208 2209
f 2118 2209 2119
f 2119 2209 2210
f 2119 2210 1646
f 1646 2210 1647
f 1672 1673 2125
f 2125 1673 2211
f 2125 2211 2126
f 2126 2211 2212
f 2126 2212 2127
f 2127 2212 2213
f 2127 2213 2128
f 2128 2213 2214
f 2128 2214 2088
f 2088 2214 2215
f 2088 2215 1660
f 1660 2215 1661
f 1709 1708 2108
f 1709 2108 2216
f 2216 2108 2107
f 2216 2107 2217
f 2217 2107 2099
f 2217 2099 2218
f 2218 2099 2098
f 2218 2098 2219
f 2219 2098 2097
f 2219 2097 2220
f 2220 2097 2096
f 2220 2096 2221
f 2221 2096 2095
f 2221 2095 2222
f 2222 2095 2093
f 2222 2093 2223
f 2223 2093 2094
f 2223 2094 2224
f 2224 2094 2105
f 2224 2105 2225
f 2225 2105 2104
f 2225 2104 2226
f 2226 2104 2089
f 2226 2089 2227
f 2227 2089 2091
f 2227 2091 2228
f 2228 2091 2103
f 2228 2103 2229
f 2229 2103 2100
f 2229 2100 2230
f 2230 2100 2101
f 2230 2101 2231
f 2231 2101 1675
f 2231 1675 1674
f 2152 1489 2153
f 2153 1489 1487
f 2149 1491 2150
f 2150 1491 1489
f 2150 1489 2151
f 2151 1489 2152
f 1481 1479 1483
f 1483 1479 2153
f 1483 2153 1485
f 1485 2153 1487
f 2157 1503 2158
f 2158 1503 1501
f 2154 1505 2155
f 2155 1505 1503
f 2155 1503 2156
f 2156 1503 2157
f 1495 1493 1497
f 1497 1493 2158
f 1497 2158 1499
f 1499 2158 1501
f 2162 1517 2163
f 2163 1517 1515
f 2159 1519 2160
f 2160 1519 1517
f 2160 1517 2161
f 2161 1517 2162
f 1509 1507 1511
f 1511 1507 2163
f 1511 2163 1513
f 1513 2163 1515
f 2167 1531 2168
f 2168 1531 1529
f 2164 1533 2165
f 2165 1533 1531
f 2165 1531 2166
f 2166 1531 2167
f 1523 1521 1525
f 1525 1521 2168
f 1525 2168 1527
f 1527 2168 1529
f 2172 1545 2173
f 2173 1545 1543
f 2169 1547 2170
f 2170 1547 1545
f 2170 1545 2171
f 2171 1545 2172
f 1537 1535 1539
f 1539 1535 2173
f 1539 2173 1541
f 1541 2173 1543
f 2177 1559 2178
f 2178 1559 1557
f 2174 1561 2175
f 2175 1561 1559
f 2175 1559 2176
f 2176 1559 2177
f 1551 1549 1553
f 1553 1549 2178
f 1553 2178 1555
f 1555 2178 1557
f 1710 2182 2181
f 2183 2182 1710
f 1563 2183 1710
f 1710 2179 1575
f 2180 2179 1710
f 2181 2180 1710
f 1711 2187 2186
f 2188 2187 1711
f 1577 2188 1711
f 1711 2184 1589
f 2185 2184 1711
f 2186 2185 1711
f 1712 2189 1603
f 2190 2189 1712
f 1714 2190 1712
f 1712 1599 1597
f 1601 1599 1712
f 1603 1601 1712
f 1716 2194 2193
f 2195 2194 1716
f 1605 2195 1716
f 1716 2191 1617
f 2192 2191 1716
f 2193 2192 1716
f 1717 2199 2198
f 2200 2199 1717
f 1619 2200 1717
f 1717 2196 1631
f 2197 2196 1717
f 2198 2197 1717
f 1718 2204 2203
f 2205 2204 1718
f 1633 2205 1718
f 1718 2201 1645
f 2202 2201 1718
f 2203 2202 1718
f 1719 2209 2208
f 2210 2209 1719
f 1647 2210 1719
f 1719 2206 1659
f 2207 2206 1719
f 2208 2207 1719
f 1720 2214 2213
f 2215 2214 1720
f 1661 2215 1720
f 1720 2211 1673
f 2212 2211 1720
f 2213 2212 1720
f 1738 1709 2216
f 1738 2216 2232
f 2232 2216 2217
f 2232 2217 2233
f 2233 2217 2218
f 2233 2218 2234
f 2234 2218 2219
f 2234 2219 2235
f 2235 2219 2220
f 2235 2220 2236
f 2236 2220 2221
f 2236 2221 2237
f 2237 2221 2222
f 2237 2222 2238
f 2238 2222 2223
f 2238 2223 2239
f 2239 2223 2224
f 2239 2224 2240
f 2240 2224 2225
f 2240 2225 2241
f 2241 2225 2226
f 2241 2226 2242
f 2242 2226 2227
f 2242 2227 2243
f 2243 2227 2228
f 2243 2228 2244
f 2244 2228 2229
f 2244 2229 2245
f 2245 2229 2230
f 2245 2230 2246
f 2246 2230 2231
f 2246 2231 2247
f 2247 2231 1674
f 2247 1674 1721
f 1763 2234 1761
f 1761 2234 2235
f 1761 2235 1759
f 1759 2235 2236
f 1759 2236 1757
f 1757 2236 2237
f 1757 2237 1755
f 2248 1735 2249
f 2249 1735 1736
f 2249 1736 2250
f 2250 1736 1737
f 2250 1737 1767
f 1767 1737 1738
f 1767 1738 1765
f 1765 1738 2232
f 1765 2232 1763
f 1763 2232 2233
f 1763 2233 2234
f 2251 1729 2252
f 2252 1729 1730
f 2252 1730 2253
f 2253 1730 1731
f 2253 1731 2254
f 2254 1731 1732
f 2254 1732 2255
f 2255 1732 1733
f 2255 1733 2248
f 2248 1733 1734
f 2248 1734 1735
f 1745 2245 1743
f 1743 2245 2246
f 1743 2246 1741
f 1741 2246 2247
f 1741 2247 1739
f 1739 2247 1721
f 1739 1721 2256
f 2256 1721 1722
f 2256 1722 2257
f 2237 2238 1755
f 1755 2238 2239
f 1755 2239 1753
f 1753 2239 2240
f 1753 2240 1751
f 1751 2240 2241
f 1751 2241 1749
f 1749 2241 2242
f 1749 2242 1747
f 1747 2242 2243
f 1747 2243 1745
f 1745 2243 2244
f 1745 2244 2245
f 1722 1723 2257
f 2257 1723 1724
f 2257 1724 2258
f 2258 1724 1725
f 2258 1725 2259
f 2259 1725 1726
f 2259 1726 2260
f 2260 1726 1727
f 2260 1727 2251
f 2251 1727 1728
f 2251 1728 1729
f 1767 1768 2250
f 2250 1768 2261
f 2250 2261 2249
f 2249 2261 2262
f 2249 2262 2248
f 2248 2262 2263
f 2248 2263 2255
f 2255 2263 2264
f 2255 2264 2254
f 2254 2264 2265
f 2254 2265 2253
f 2253 2265 2266
f 2253 2266 2252
f 2252 2266 2267
f 2252 2267 2251
f 2251 2267 2268
f 2251 2268 2260
f 2260 2268 2269
f 2260 2269 2259
f 2259 2269 2270
f 2259 2270 2258
f 2258 2270 2271
f 2258 2271 2257
f 2257 2271 2272
f 2257 2272 2256
f 2256 2272 2273
f 2256 2273 1739
f 1739 2273 1740
f 2274 1752 2275
f 2275 1752 1750
f 2275 1750 2276
f 2276 1750 1748
f 2276 1748 2277
f 2277 1748 1746
f 2277 1746 2278
f 2278 1746 1744
f 2278 1744 2279
f 2279 1744 1742
f 2279 1742 1770
f 1770 1742 1740
f 1770 1740 1771
f 1771 1740 2273
f 1771 2273 1773
f 1773 2273 2272
f 1773 2272 1775
f 1775 2272 2271
f 1775 2271 1777
f 1777 2271 2270
f 1777 2270 1779
f 1779 2270 2269
f 1779 2269 1781
f 1781 2269 2268
f 1781 2268 1783
f 1783 2268 2267
f 1783 2267 1785
f 1785 2267 2266
f 1785 2266 1787
f 1787 2266 2265
f 1787 2265 1789
f 1789 2265 2264
f 1789 2264 1791
f 1791 2264 2263
f 1791 2263 1793
f 1793 2263 2262
f 1793 2262 1795
f 1795 2262 2261
f 1795 2261 1797
f 1797 2261 1768
f 1797 1768 2280
f 2280 1768 1766
f 2280 1766 2281
f 2281 1766 1764
f 2281 1764 2282
f 2282 1764 1762
f 2282 1762 2283
f 2283 1762 1760
f 2283 1760 2284
f 2284 1760 1758
f 2284 1758 2285
f 2285 1758 1756
f 2285 1756 2286
f 2286 1756 1754
f 2286 1754 2274
f 2274 1754 1752
f 1798 1797 2280
f 1798 2280 2287
f 2287 2280 2281
f 2287 2281 2288
f 2288 2281 2282
f 2288 2282 2289
f 2289 2282 2283
f 2289 2283 2290
f 2290 2283 2284
f 2290 2284 2291
f 2291 2284 2285
f 2291 2285 2292
f 2292 2285 2286
f 2292 2286 1800
f 1800 2286 2274
f 1800 2274 1801
f 1801 2274 2275
f 1801 2275 1803
f 1803 2275 2276
f 1803 2276 1805
f 1805 2276 2277
f 1805 2277 1807
f 1807 2277 2278
f 1807 2278 1809
f 1809 2278 2279
f 1809 2279 1811
f 1811 2279 1770
f 1811 1770 1769
f 1820 1784 1786
f 1820 1786 2293
f 2293 1786 1788
f 2293 1788 2294
f 2294 1788 1790
f 2294 1790 2295
f 2295 1790 1792
f 2295 1792 2296
f 2296 1792 1794
f 2296 1794 2297
f 2297 1794 1796
f 2297 1796 2298
f 2298 1796 1798
f 2298 1798 2299
f 2299 1798 2287
f 2299 2287 2300
f 2300 2287 2288
f 2300 2288 2301
f 2301 2288 2302
f 2302 2288 2289
f 2302 2289 2303
f 2303 2289 2290
f 2303 2290 2304
f 2304 2290 2291
f 2304 2291 2305
f 2305 2291 2292
f 2305 2292 2306
f 2306 2292 1800
f 2306 1800 1799
f 1924 2307 1810
f 1813 1920 1922
f 1920 1813 1918
f 1918 1813 2308
f 1918 2308 1916
f 1924 1810 1922
f 1922 1810 1812
f 1922 1812 1813
f 1916 2308 1914
f 1914 2308 2309
f 1914 2309 1911
f 2310 2311 2312
f 2312 2311 2313
f 2312 2313 2314
f 2315 2316 2317
f 2317 2316 2318
f 1900 2319 1897
f 1897 2319 2320
f 1897 2320 2321
f 1900 1902 2319
f 2319 1902 1904
f 2319 1904 2322
f 1904 1906 2322
f 2322 1906 1908
f 2322 1908 1910
f 2323 1882 2309
f 2309 1882 2314
f 2309 2314 1911
f 1911 2314 2313
f 1882 1880 2314
f 2314 1880 1878
f 2314 1878 2324
f 2325 2326 2327
f 2327 2326 2328
f 2329 2330 2325
f 2325 2330 2331
f 2325 2331 2326
f 1864 2332 2333
f 2333 2332 2334
f 2333 2334 2329
f 2329 2334 2335
f 2329 2335 2330
f 1866 2322 2316
f 2316 2322 1910
f 2316 1910 2318
f 2336 1870 2316
f 2316 1870 1868
f 2316 1868 1866
f 1878 1876 2324
f 2324 1876 1874
f 2324 1874 2336
f 2336 1874 1872
f 2336 1872 1870
f 2297 2298 1859
f 1859 2298 2319
f 1859 2319 1857
f 2337 2333 2338
f 2338 2333 2339
f 2337 1849 2333
f 2333 1849 2322
f 2333 2322 1864
f 1864 2322 1866
f 1849 1851 2322
f 2322 1851 1853
f 2322 1853 2319
f 2319 1853 1855
f 2319 1855 1857
f 1861 2340 2341
f 2341 2340 2342
f 2341 2342 2339
f 1833 2343 2344
f 2344 2343 2345
f 2344 2345 2346
f 1831 2308 1829
f 1829 2308 1827
f 1827 2308 1825
f 1825 2308 1813
f 1825 1813 1823
f 1823 1813 1814
f 1823 1814 1821
f 1821 1814 1815
f 1821 1815 2347
f 2348 2305 2349
f 2349 2305 1847
f 2349 1847 2350
f 2351 2352 2353
f 2353 2352 2349
f 2353 2349 2354
f 2354 2349 2350
f 2355 1835 1804
f 1804 1835 1837
f 1804 1837 1802
f 1802 1837 1839
f 1802 1839 1799
f 1799 1839 1841
f 1799 1841 2306
f 2306 1841 1843
f 2306 1843 2305
f 2305 1843 1845
f 2305 1845 1847
f 2320 2302 2356
f 2356 2302 2303
f 2356 2303 2348
f 2348 2303 2304
f 2348 2304 2305
f 2298 2299 2319
f 2319 2299 2300
f 2319 2300 2320
f 2320 2300 2301
f 2320 2301 2302
f 2357 2358 2359
f 2359 2358 2360
f 2359 2360 2361
f 2357 2362 2358
f 2358 2362 2294
f 2358 2294 2363
f 2363 2294 2295
f 2363 2295 2364
f 2364 2295 2296
f 2364 2296 2297
f 2362 1883 2294
f 2294 1883 1886
f 2294 1886 2293
f 2293 1886 1888
f 2293 1888 1820
f 1820 1888 1890
f 1820 1890 1819
f 1819 1890 1892
f 1819 1892 1818
f 1892 1894 1818
f 1818 1894 1896
f 1818 1896 2360
f 2360 1896 2365
f 2360 2365 2361
f 1816 1817 2366
f 2366 1817 1818
f 2366 1818 2367
f 2367 1818 2360
f 2351 2355 2352
f 2352 2355 1804
f 2352 1804 2368
f 2368 1804 1806
f 2368 1806 2369
f 2369 1806 1808
f 2369 1808 1810
f 1831 1833 2308
f 2308 1833 2344
f 2308 2344 2309
f 2309 2344 2327
f 2309 2327 2323
f 2323 2327 2328
f 2307 2370 1810
f 1810 2370 2310
f 1810 2310 2369
f 2369 2310 2312
f 2369 2312 2368
f 2368 2312 2314
f 2368 2314 2352
f 2352 2314 2324
f 2352 2324 2349
f 2349 2324 2336
f 2349 2336 2348
f 2348 2336 2316
f 2348 2316 2356
f 2356 2316 2315
f 2356 2315 2320
f 2320 2315 2371
f 2320 2371 2321
f 1859 1861 2297
f 2297 1861 2341
f 2297 2341 2364
f 2364 2341 2339
f 2364 2339 2363
f 2363 2339 2333
f 2363 2333 2358
f 2358 2333 2329
f 2358 2329 2360
f 2360 2329 2325
f 2360 2325 2367
f 2367 2325 2327
f 2367 2327 2366
f 2366 2327 2344
f 2366 2344 1816
f 1816 2344 2346
f 1816 2346 1815
f 1815 2346 2372
f 1815 2372 2347
f 1833 1834 2343
f 2343 1834 2373
f 2343 2373 2345
f 2345 2373 2374
f 2345 2374 2346
f 2346 2374 2375
f 2346 2375 2372
f 2372 2375 2376
f 2372 2376 2347
f 2347 2376 2377
f 2347 2377 1821
f 1821 2377 1822
f 1847 1848 2350
f 2350 1848 2378
f 2350 2378 2354
f 2354 2378 2379
f 2354 2379 2353
f 2353 2379 2380
f 2353 2380 2351
f 2351 2380 2381
f 2351 2381 2355
f 2355 2381 2382
f 2355 2382 1835
f 1835 2382 1836
f 1861 1862 2340
f 2340 1862 2383
f 2340 2383 2342
f 2342 2383 2384
f 2342 2384 2339
f 2339 2384 2385
f 2339 2385 2338
f 2338 2385 2386
f 2338 2386 2337
f 2337 2386 2387
f 2337 2387 1849
f 1849 2387 1850
f 1881 1882 2388
f 2388 1882 2323
f 2388 2323 2389
f 2389 2323 2328
f 2389 2328 2390
f 2390 2328 2326
f 2390 2326 2391
f 2391 2326 2331
f 2391 2331 2392
f 2392 2331 2330
f 2392 2330 2393
f 2393 2330 2335
f 2393 2335 2394
f 2394 2335 2334
f 2394 2334 2395
f 2395 2334 2332
f 2395 2332 1863
f 1863 2332 1864
f 1896 1895 2396
f 1896 2396 2365
f 2365 2396 2397
f 2365 2397 2361
f 2361 2397 2398
f 2361 2398 2359
f 2359 2398 2399
f 2359 2399 2357
f 2357 2399 2400
f 2357 2400 2362
f 2362 2400 1884
f 2362 1884 1883
f 1910 1909 2401
f 1910 2401 2318
f 2318 2401 2402
f 2318 2402 2317
f 2317 2402 2403
f 2317 2403 2315
f 2315 2403 2404
f 2315 2404 2371
f 2371 2404 2405
f 2371 2405 2321
f 2321 2405 1898
f 2321 1898 1897
f 1924 1923 2406
f 1924 2406 2307
f 2307 2406 2407
f 2307 2407 2370
f 2370 2407 2408
f 2370 2408 2310
f 2310 2408 2409
f 2310 2409 2311
f 2311 2409 2410
f 2311 2410 2313
f 2313 2410 1912
f 2313 1912 1911
f 1832 1830 1822
f 1832 1822 1834
f 1834 1822 2377
f 1834 2377 2376
f 1830 1828 1822
f 1822 1828 1826
f 1822 1826 1824
f 2376 2375 1834
f 1834 2375 2374
f 1834 2374 2373
f 1846 1844 1836
f 1846 1836 1848
f 1848 1836 2382
f 1848 2382 2381
f 1844 1842 1836
f 1836 1842 1840
f 1836 1840 1838
f 2381 2380 1848
f 1848 2380 2379
f 1848 2379 2378
f 1860 1858 1850
f 1860 1850 1862
f 1862 1850 2387
f 1862 2387 2386
f 1858 1856 1850
f 1850 1856 1854
f 1850 1854 1852
f 2386 2385 1862
f 1862 2385 2384
f 1862 2384 2383
f 1863 1934 2395
f 2395 1934 2411
f 2395 2411 2394
f 2394 2411 2412
f 2394 2412 2393
f 2393 2412 2413
f 2393 2413 2392
f 2392 2413 2414
f 2392 2414 2391
f 2391 2414 2415
f 2391 2415 2390
f 2390 2415 2416
f 2390 2416 2389
f 2389 2416 2417
f 2389 2417 2388
f 2388 2417 2418
f 2388 2418 1881
f 1881 2418 1925
f 2400 2399 1884
f 1884 2399 2398
f 1893 1891 1895
f 1895 1891 1889
f 2396 1895 2397
f 2397 1895 1889
f 2397 1889 2398
f 2398 1889 1887
f 2398 1887 1884
f 1884 1887 1885
f 2405 2404 1898
f 1898 2404 2403
f 1907 1905 1909
f 1909 1905 1903
f 2401 1909 2402
f 2402 1909 1903
f 2402 1903 2403
f 2403 1903 1901
f 2403 1901 1898
f 1898 1901 1899
f 2410 2409 1912
f 1912 2409 2408
f 1921 1919 1923
f 1923 1919 1917
f 2406 1923 2407
f 2407 1923 1917
f 2407 1917 2408
f 2408 1917 1915
f 2408 1915 1912
f 1912 1915 1913
f 2419 2420 1932
f 1943 2412 1945
f 1945 2412 2411
f 1945 2411 1947
f 1947 2411 1934
f 1947 1934 2420
f 2420 1934 1933
f 2420 1933 1932
f 1939 2415 1941
f 1941 2415 2414
f 1941 2414 1943
f 1943 2414 2413
f 1943 2413 2412
f 2421 1927 2422
f 2422 1927 1926
f 2422 1926 1936
f 1936 1926 1925
f 1936 1925 1937
f 1932 1931 2419
f 2419 1931 1930
f 2419 1930 2423
f 2423 1930 1929
f 2423 1929 2421
f 2421 1929 1928
f 2421 1928 1927
f 1925 2418 1937
f 1937 2418 2417
f 1937 2417 1939
f 1939 2417 2416
f 1939 2416 2415
f 1948 1947 2420
f 1948 2420 2424
f 2424 2420 2419
f 2424 2419 2425
f 2425 2419 2423
f 2425 2423 2426
f 2426 2423 2421
f 2426 2421 2427
f 2427 2421 2422
f 2427 2422 2428
f 2428 2422 1936
f 2428 1936 1935
f 1955 1948 2424
f 1955 2424 2429
f 2429 2424 2425
f 2429 2425 2430
f 2430 2425 2426
f 2430 2426 2431
f 2431 2426 2427
f 2431 2427 2432
f 2432 2427 2428
f 2432 2428 2433
f 2433 2428 1935
f 2433 1935 1949
f 2434 1950 2435
f 2435 1950 1951
f 2435 1951 2436
f 2436 1951 1952
f 2436 1952 2437
f 2437 1952 1953
f 2437 1953 2438
f 2438 1953 1954
f 2438 1954 1968
f 1968 1954 1955
f 1968 1955 1966
f 1966 1955 2429
f 1966 2429 1964
f 1964 2429 2430
f 1964 2430 1962
f 1962 2430 2431
f 1962 2431 1960
f 1960 2431 2432
f 1960 2432 1958
f 1958 2432 2433
f 1958 2433 1956
f 1956 2433 1949
f 1956 1949 2434
f 2434 1949 1950
f 1968 1969 2438
f 2438 1969 2439
f 2438 2439 2437
f 2437 2439 2440
f 2437 2440 2436
f 2436 2440 2441
f 2436 2441 2435
f 2435 2441 2442
f 2435 2442 2434
f 2434 2442 2443
f 2434 2443 1956
f 1956 2443 1957
f 1959 1957 2443
f 2439 1969 1967
f 2441 2440 2439
f 1963 1961 1959
f 2441 2439 2442
f 2442 2439 2443
f 2443 2439 1967
f 2443 1967 1959
f 1959 1967 1965
f 1959 1965 1963
f 2444 2445 2446
f 2446 2445 2447
f 2446 2447 2448
f 2448 2447 2449
f 2448 2449 2450
f 2450 2449 2451
f 2450 2451 2452
f 2452 2451 2453
f 2452 2453 2454
f 2454 2453 2455
f 2454 2455 2456
f 2456 2455 2457
f 2458 2459 2460
f 2460 2459 2461
f 2460 2461 2462
f 2462 2461 2463
f 2462 2463 2464
f 2464 2463 2465
f 2464 2465 2466
f 2466 2465 2467
f 2466 2467 2468
f 2468 2467 2469
f 2468 2469 2470
f 2470 2469 2471
f 2472 2473 2474
f 2472 2474 2475
f 2475 2474 2476
f 2475 2476 2477
f 2477 2476 2478
f 2477 2478 2479
f 2479 2478 2480
f 2479 2480 2481
f 2481 2480 2482
f 2481 2482 2483
f 2483 2482 2484
f 2483 2484 2485
f 2485 2484 2486
f 2485 2486 2487
f 2488 2489 2490
f 2488 2490 2491
f 2491 2490 2492
f 2491 2492 2493
f 2493 2492 2494
f 2493 2494 2495
f 2495 2494 2496
f 2495 2496 2497
f 2497 2496 2498
f 2497 2498 2499
f 2499 2498 2500
f 2499 2500 2501
f 2501 2500 2502
f 2501 2502 2503
f 2503 2502 2504
f 2503 2504 2505
f 2505 2504 2506
f 2505 2506 2507
f 2507 2506 2508
f 2507 2508 2509
f 2509 2508 2510
f 2509 2510 2511
f 2511 2510 2512
f 2511 2512 2513
f 2513 2512 2514
f 2513 2514 2515
f 2515 2514 2516
f 2515 2516 2517
f 2517 2516 2518
f 2517 2518 2519
f 2519 2518 2520
f 2519 2520 2521
f 2521 2520 2522
f 2521 2522 2523
f 2523 2522 2524
f 2523 2524 2525
f 2525 2524 2473
f 2525 2473 2472
f 2526 2444 2527
f 2527 2444 2446
f 2527 2446 2528
f 2528 2446 2448
f 2528 2448 2529
f 2529 2448 2450
f 2529 2450 2530
f 2530 2450 2452
f 2530 2452 2531
f 2531 2452 2454
f 2531 2454 2532
f 2532 2454 2456
f 2533 2458 2534
f 2534 2458 2460
f 2534 2460 2535
f 2535 2460 2462
f 2535 2462 2536
f 2536 2462 2464
f 2536 2464 2537
f 2537 2464 2466
f 2537 2466 2538
f 2538 2466 2468
f 2538 2468 2539
f 2539 2468 2470
f 2540 2486 2484
f 2540 2541 2542
f 2542 2541 2543
f 2544 2545 2543
f 2543 2545 2546
f 2543 2546 2542
f 2547 2548 2549
f 2549 2548 2550
f 2549 2550 2544
f 2544 2550 2551
f 2544 2551 2545
f 2547 2549 2552
f 2552 2549 2553
f 2552 2553 2554
f 2555 2556 2553
f 2553 2556 2557
f 2553 2557 2554
f 2558 2559 2555
f 2555 2559 2560
f 2555 2560 2556
f 2561 2562 2563
f 2563 2562 2564
f 2563 2564 2558
f 2558 2564 2565
f 2558 2565 2559
f 2561 2563 2566
f 2566 2563 2567
f 2566 2567 2568
f 2568 2567 2569
f 2568 2569 2570
f 2570 2569 2571
f 2570 2571 2572
f 2572 2571 2573
f 2572 2573 2574
f 2574 2573 2575
f 2574 2575 2576
f 2576 2575 2577
f 2576 2577 2489
f 2540 2484 2541
f 2541 2484 2482
f 2541 2482 2578
f 2578 2482 2480
f 2578 2480 2579
f 2579 2480 2478
f 2579 2478 2580
f 2580 2478 2476
f 2580 2476 2581
f 2581 2476 2474
f 2581 2474 2582
f 2582 2474 2473
f 2582 2473 2583
f 2584 2526 2585
f 2585 2526 2527
f 2585 2527 2586
f 2586 2527 2528
f 2586 2528 2587
f 2587 2528 2529
f 2587 2529 2588
f 2588 2529 2530
f 2588 2530 2589
f 2589 2530 2531
f 2589 2531 2590
f 2590 2531 2532
f 2591 2533 2592
f 2592 2533 2534
f 2592 2534 2593
f 2593 2534 2535
f 2593 2535 2594
f 2594 2535 2536
f 2594 2536 2595
f 2595 2536 2537
f 2595 2537 2596
f 2596 2537 2538
f 2596 2538 2597
f 2597 2538 2539
f 2598 2599 2600
f 2601 2602 2603
f 2603 2602 2604
f 2604 2602 2605
f 2604 2605 2606
f 2607 2608 2609
f 2607 2609 2610
f 2609 2598 2610
f 2610 2598 2600
f 2610 2600 2611
f 2611 2600 2612
f 2611 2612 2613
f 2613 2612 2614
f 2613 2614 2615
f 2615 2614 2616
f 2615 2616 2617
f 2617 2616 2618
f 2617 2618 2619
f 2619 2618 2620
f 2619 2620 2621
f 2621 2620 2622
f 2621 2622 2623
f 2623 2622 2624
f 2623 2624 2625
f 2625 2624 2626
f 2625 2626 2627
f 2627 2626 2628
f 2627 2628 2629
f 2629 2628 2630
f 2629 2630 2631
f 2631 2630 2632
f 2631 2632 2633
f 2633 2632 2634
f 2633 2634 2635
f 2635 2634 2636
f 2635 2636 2637
f 2637 2636 2638
f 2637 2638 2639
f 2639 2638 2640
f 2639 2640 2641
f 2641 2640 2642
f 2641 2642 2603
f 2603 2642 2643
f 2603 2643 2601
f 2644 2645 2646
f 2647 2644 2648
f 2648 2644 2646
f 2648 2646 2649
f 2645 2650 2646
f 2646 2650 2651
f 2646 2651 2652
f 2653 2654 2655
f 2656 2657 2658
f 2658 2657 2659
f 2658 2659 2660
f 2660 2659 2661
f 2662 2663 2661
f 2661 2663 2664
f 2661 2664 2660
f 2665 2666 2662
f 2662 2666 2667
f 2662 2667 2663
f 2668 2669 2665
f 2665 2669 2670
f 2665 2670 2666
f 2671 2672 2668
f 2668 2672 2673
f 2668 2673 2669
f 2674 2675 2671
f 2671 2675 2676
f 2671 2676 2672
f 2677 2678 2674
f 2674 2678 2679
f 2674 2679 2675
f 2680 2681 2677
f 2677 2681 2682
f 2677 2682 2678
f 2651 2683 2652
f 2652 2683 2684
f 2652 2684 2680
f 2680 2684 2685
f 2680 2685 2681
f 2655 2686 2653
f 2653 2686 2687
f 2653 2687 2688
f 2687 2689 2688
f 2688 2689 2690
f 2688 2690 2691
f 2690 2692 2691
f 2691 2692 2693
f 2691 2693 2694
f 2693 2695 2694
f 2694 2695 2696
f 2694 2696 2697
f 2696 2698 2697
f 2697 2698 2699
f 2697 2699 2700
f 2699 2701 2700
f 2700 2701 2702
f 2700 2702 2703
f 2702 2704 2703
f 2703 2704 2705
f 2703 2705 2706
f 2705 2707 2706
f 2706 2707 2708
f 2706 2708 2709
f 2708 2710 2709
f 2709 2710 2711
f 2709 2711 2646
f 2646 2711 2712
f 2646 2712 2649
f 2713 2714 2715
f 2713 2715 2716
f 2716 2715 2717
f 2716 2717 2718
f 2718 2717 2719
f 2718 2719 2720
f 2720 2719 2721
f 2721 2719 2722
f 2721 2722 2723
f 2723 2722 2724
f 2723 2724 2725
f 2725 2724 2726
f 2725 2726 2727
f 2728 2729 2730
f 2730 2729 2731
f 2730 2731 2732
f 2732 2731 2733
f 2732 2733 2734
f 2734 2733 2735
f 2736 2737 2738
f 2738 2737 2739
f 2738 2739 2740
f 2740 2739 2741
f 2740 2741 2742
f 2481 2743 2479
f 2479 2743 2744
f 2479 2744 2477
f 2477 2744 2475
f 2745 2746 2747
f 2747 2746 2748
f 2747 2748 2742
f 2742 2748 2749
f 2742 2749 2740
f 2750 2751 2752
f 2752 2751 2753
f 2752 2753 2487
f 2487 2753 2754
f 2487 2754 2485
f 2485 2754 2755
f 2485 2755 2483
f 2483 2755 2481
f 2744 2756 2475
f 2475 2756 2757
f 2475 2757 2472
f 2472 2757 2471
f 2472 2471 2525
f 2491 2493 2451
f 2451 2493 2495
f 2451 2495 2453
f 2453 2495 2497
f 2453 2497 2499
f 2758 2759 2760
f 2760 2759 2761
f 2760 2761 2736
f 2736 2761 2762
f 2736 2762 2737
f 2471 2469 2525
f 2525 2469 2467
f 2525 2467 2523
f 2523 2467 2465
f 2515 2517 2463
f 2463 2517 2519
f 2463 2519 2465
f 2465 2519 2521
f 2465 2521 2523
f 2451 2449 2491
f 2491 2449 2447
f 2491 2447 2488
f 2488 2447 2445
f 2488 2445 2745
f 2745 2445 2763
f 2745 2763 2746
f 2764 2765 2743
f 2766 2767 2749
f 2749 2767 2768
f 2743 2765 2769
f 2503 2505 2461
f 2461 2505 2507
f 2507 2509 2461
f 2461 2509 2511
f 2461 2511 2463
f 2463 2511 2513
f 2463 2513 2515
f 2481 2755 2743
f 2743 2755 2770
f 2743 2770 2764
f 2768 2771 2749
f 2749 2771 2772
f 2749 2772 2740
f 2765 2773 2769
f 2769 2773 2774
f 2769 2774 2775
f 2499 2501 2453
f 2453 2501 2503
f 2453 2503 2455
f 2455 2503 2461
f 2455 2461 2457
f 2457 2461 2459
f 2457 2459 2776
f 2776 2459 2769
f 2776 2769 2749
f 2749 2769 2775
f 2749 2775 2766
f 2456 2457 2777
f 2777 2457 2776
f 2777 2776 2778
f 2778 2776 2749
f 2778 2749 2779
f 2779 2749 2748
f 2779 2748 2780
f 2780 2748 2746
f 2780 2746 2781
f 2781 2746 2763
f 2781 2763 2444
f 2444 2763 2445
f 2470 2471 2782
f 2782 2471 2757
f 2782 2757 2783
f 2783 2757 2756
f 2783 2756 2784
f 2784 2756 2744
f 2784 2744 2785
f 2785 2744 2743
f 2785 2743 2786
f 2786 2743 2769
f 2786 2769 2458
f 2458 2769 2459
f 2736 2738 2787
f 2787 2738 2788
f 2762 2561 2566
f 2762 2566 2737
f 2737 2566 2568
f 2737 2568 2739
f 2739 2568 2570
f 2739 2570 2741
f 2741 2570 2572
f 2741 2572 2742
f 2742 2572 2574
f 2742 2574 2747
f 2747 2574 2576
f 2747 2576 2745
f 2745 2576 2489
f 2745 2489 2488
f 2789 2790 2754
f 2754 2790 2755
f 2791 2775 2792
f 2792 2775 2774
f 2792 2774 2793
f 2793 2774 2773
f 2793 2773 2794
f 2794 2773 2765
f 2794 2765 2795
f 2795 2765 2764
f 2795 2764 2796
f 2796 2764 2770
f 2796 2770 2790
f 2790 2770 2755
f 2766 2775 2797
f 2797 2775 2791
f 2788 2738 2798
f 2798 2738 2740
f 2798 2740 2799
f 2799 2740 2772
f 2799 2772 2800
f 2800 2772 2771
f 2800 2771 2801
f 2801 2771 2768
f 2801 2768 2802
f 2802 2768 2767
f 2802 2767 2797
f 2797 2767 2766
f 2532 2456 2803
f 2803 2456 2777
f 2803 2777 2804
f 2804 2777 2778
f 2804 2778 2805
f 2805 2778 2779
f 2805 2779 2806
f 2806 2779 2780
f 2806 2780 2807
f 2807 2780 2781
f 2807 2781 2526
f 2526 2781 2444
f 2539 2470 2808
f 2808 2470 2782
f 2808 2782 2809
f 2809 2782 2783
f 2809 2783 2810
f 2810 2783 2784
f 2810 2784 2811
f 2811 2784 2785
f 2811 2785 2812
f 2812 2785 2786
f 2812 2786 2533
f 2533 2786 2458
f 2813 2814 2815
f 2815 2814 2787
f 2815 2787 2816
f 2816 2787 2788
f 2583 2473 2524
f 2583 2524 2817
f 2817 2524 2522
f 2817 2522 2818
f 2818 2522 2520
f 2818 2520 2819
f 2819 2520 2518
f 2819 2518 2820
f 2820 2518 2516
f 2820 2516 2821
f 2821 2516 2514
f 2821 2514 2822
f 2822 2514 2512
f 2822 2512 2823
f 2823 2512 2510
f 2823 2510 2824
f 2824 2510 2508
f 2824 2508 2825
f 2825 2508 2506
f 2825 2506 2826
f 2826 2506 2504
f 2826 2504 2827
f 2827 2504 2502
f 2827 2502 2828
f 2828 2502 2500
f 2828 2500 2829
f 2829 2500 2498
f 2829 2498 2830
f 2830 2498 2496
f 2830 2496 2831
f 2831 2496 2494
f 2831 2494 2832
f 2832 2494 2492
f 2832 2492 2833
f 2833 2492 2490
f 2833 2490 2834
f 2834 2490 2489
f 2834 2489 2577
f 2835 2836 2837
f 2838 2790 2837
f 2837 2790 2789
f 2837 2789 2835
f 2839 2791 2792
f 2839 2792 2840
f 2792 2793 2840
f 2840 2793 2794
f 2840 2794 2841
f 2790 2838 2796
f 2796 2838 2841
f 2796 2841 2795
f 2795 2841 2794
f 2842 2843 2844
f 2791 2839 2845
f 2845 2846 2791
f 2791 2846 2842
f 2791 2842 2797
f 2797 2842 2844
f 2816 2788 2798
f 2816 2798 2847
f 2798 2799 2847
f 2847 2799 2800
f 2847 2800 2848
f 2797 2844 2802
f 2802 2844 2848
f 2802 2848 2801
f 2801 2848 2800
f 2590 2532 2849
f 2849 2532 2803
f 2849 2803 2850
f 2850 2803 2804
f 2850 2804 2851
f 2851 2804 2805
f 2851 2805 2852
f 2852 2805 2806
f 2852 2806 2853
f 2853 2806 2807
f 2853 2807 2584
f 2584 2807 2526
f 2597 2539 2854
f 2854 2539 2808
f 2854 2808 2855
f 2855 2808 2809
f 2855 2809 2856
f 2856 2809 2810
f 2856 2810 2857
f 2857 2810 2811
f 2857 2811 2858
f 2858 2811 2812
f 2858 2812 2591
f 2591 2812 2533
f 2859 2860 2861
f 2861 2862 2859
f 2859 2862 2863
f 2859 2863 2561
f 2561 2863 2864
f 2561 2864 2562
f 2865 2866 2867
f 2867 2866 2787
f 2867 2787 2814
f 2867 2868 2865
f 2865 2868 2869
f 2865 2869 2860
f 2860 2869 2870
f 2860 2870 2861
f 2847 2871 2816
f 2816 2871 2872
f 2816 2872 2815
f 2815 2872 2873
f 2843 2874 2844
f 2844 2874 2875
f 2844 2875 2848
f 2848 2875 2876
f 2848 2876 2847
f 2847 2876 2877
f 2847 2877 2871
f 2873 2878 2879
f 2880 2881 2882
f 2604 2606 2883
f 2883 2606 2880
f 2884 2885 2886
f 2608 2607 2886
f 2886 2607 2887
f 2887 2649 2712
f 2815 2696 2813
f 2813 2696 2695
f 2813 2695 2888
f 2695 2693 2888
f 2888 2693 2692
f 2888 2692 2889
f 2687 2890 2689
f 2689 2890 2889
f 2689 2889 2690
f 2690 2889 2692
f 2891 2892 2655
f 2655 2892 2890
f 2655 2890 2686
f 2686 2890 2687
f 2891 2893 2892
f 2892 2893 2894
f 2892 2894 2895
f 2894 2896 2895
f 2895 2896 2897
f 2895 2897 2898
f 2899 2900 2901
f 2901 2837 2902
f 2902 2837 2836
f 2902 2836 2903
f 2903 2836 2898
f 2903 2898 2904
f 2904 2898 2897
f 2887 2712 2886
f 2886 2712 2711
f 2886 2711 2884
f 2884 2711 2710
f 2884 2710 2905
f 2710 2708 2905
f 2905 2708 2707
f 2905 2707 2906
f 2707 2705 2906
f 2906 2705 2704
f 2906 2704 2907
f 2704 2702 2907
f 2907 2702 2701
f 2907 2701 2908
f 2815 2873 2696
f 2696 2873 2879
f 2696 2879 2698
f 2698 2879 2908
f 2698 2908 2699
f 2699 2908 2701
f 2901 2902 2899
f 2899 2902 2909
f 2899 2909 2910
f 2909 2911 2910
f 2910 2911 2912
f 2910 2912 2913
f 2912 2914 2913
f 2913 2914 2915
f 2913 2915 2916
f 2915 2917 2916
f 2916 2917 2918
f 2916 2918 2919
f 2920 2883 2921
f 2921 2883 2880
f 2921 2880 2922
f 2922 2880 2882
f 2922 2882 2923
f 2923 2882 2919
f 2923 2919 2924
f 2924 2919 2918
f 2825 2826 2657
f 2654 2553 2549
f 2657 2925 2825
f 2825 2925 2926
f 2825 2926 2824
f 2824 2926 2927
f 2824 2927 2823
f 2823 2927 2928
f 2823 2928 2822
f 2822 2928 2929
f 2822 2929 2821
f 2821 2929 2930
f 2821 2930 2820
f 2820 2930 2931
f 2820 2931 2819
f 2819 2931 2932
f 2819 2932 2818
f 2818 2932 2933
f 2818 2933 2817
f 2817 2933 2934
f 2817 2934 2583
f 2583 2934 2935
f 2583 2935 2582
f 2582 2935 2936
f 2582 2936 2581
f 2581 2936 2937
f 2581 2937 2580
f 2580 2937 2938
f 2580 2938 2579
f 2579 2938 2939
f 2579 2939 2578
f 2578 2939 2940
f 2578 2940 2541
f 2541 2940 2941
f 2541 2941 2543
f 2543 2941 2942
f 2543 2942 2544
f 2544 2942 2943
f 2544 2943 2549
f 2549 2943 2944
f 2549 2944 2654
f 2654 2653 2553
f 2553 2653 2688
f 2553 2688 2555
f 2555 2688 2691
f 2555 2691 2558
f 2558 2691 2694
f 2558 2694 2563
f 2563 2694 2697
f 2563 2697 2567
f 2567 2697 2700
f 2567 2700 2569
f 2569 2700 2703
f 2569 2703 2571
f 2571 2703 2706
f 2571 2706 2573
f 2573 2706 2709
f 2573 2709 2575
f 2575 2709 2646
f 2575 2646 2577
f 2577 2646 2652
f 2577 2652 2834
f 2834 2652 2680
f 2834 2680 2833
f 2833 2680 2677
f 2833 2677 2832
f 2832 2677 2674
f 2832 2674 2831
f 2831 2674 2671
f 2831 2671 2830
f 2830 2671 2668
f 2830 2668 2829
f 2829 2668 2665
f 2829 2665 2828
f 2828 2665 2662
f 2828 2662 2827
f 2827 2662 2661
f 2827 2661 2826
f 2826 2661 2659
f 2826 2659 2657
f 2835 2789 2945
f 2946 2486 2540
f 2947 2948 2945
f 2945 2948 2949
f 2945 2949 2835
f 2950 2951 2947
f 2947 2951 2952
f 2947 2952 2948
f 2540 2953 2946
f 2946 2953 2954
f 2946 2954 2950
f 2950 2954 2955
f 2950 2955 2951
f 2955 2954 2956
f 2863 2862 2957
f 2861 2870 2958
f 2869 2868 2959
f 2960 2953 2540
f 2955 2956 2951
f 2948 2952 2961
f 2562 2864 2564
f 2564 2864 2962
f 2564 2962 2565
f 2565 2962 2963
f 2964 2560 2963
f 2963 2560 2559
f 2963 2559 2565
f 2965 2554 2966
f 2966 2554 2557
f 2966 2557 2964
f 2964 2557 2556
f 2964 2556 2560
f 2967 2547 2965
f 2965 2547 2552
f 2965 2552 2554
f 2968 2551 2969
f 2969 2551 2550
f 2969 2550 2967
f 2967 2550 2548
f 2967 2548 2547
f 2540 2542 2960
f 2960 2542 2546
f 2960 2546 2968
f 2968 2546 2545
f 2968 2545 2551
f 2864 2863 2962
f 2962 2863 2957
f 2962 2957 2963
f 2963 2957 2970
f 2963 2970 2964
f 2964 2970 2971
f 2964 2971 2966
f 2966 2971 2972
f 2966 2972 2965
f 2965 2972 2973
f 2965 2973 2967
f 2967 2973 2974
f 2967 2974 2969
f 2969 2974 2975
f 2969 2975 2968
f 2968 2975 2976
f 2968 2976 2960
f 2960 2976 2956
f 2960 2956 2953
f 2953 2956 2954
f 2862 2861 2957
f 2957 2861 2958
f 2957 2958 2970
f 2970 2958 2977
f 2970 2977 2971
f 2971 2977 2978
f 2971 2978 2972
f 2972 2978 2979
f 2972 2979 2973
f 2973 2979 2980
f 2973 2980 2974
f 2974 2980 2981
f 2974 2981 2975
f 2975 2981 2982
f 2975 2982 2976
f 2976 2982 2983
f 2976 2983 2956
f 2956 2983 2961
f 2956 2961 2951
f 2951 2961 2952
f 2870 2869 2958
f 2958 2869 2959
f 2958 2959 2977
f 2977 2959 2984
f 2977 2984 2978
f 2978 2984 2985
f 2978 2985 2979
f 2979 2985 2986
f 2979 2986 2980
f 2980 2986 2987
f 2980 2987 2981
f 2981 2987 2988
f 2981 2988 2982
f 2982 2988 2989
f 2982 2989 2983
f 2983 2989 2990
f 2983 2990 2961
f 2961 2990 2991
f 2961 2991 2948
f 2992 2845 2993
f 2993 2845 2839
f 2993 2839 2994
f 2994 2839 2840
f 2994 2840 2995
f 2995 2840 2841
f 2837 2901 2838
f 2838 2901 2996
f 2838 2996 2841
f 2841 2996 2997
f 2841 2997 2995
f 2992 2998 2845
f 2845 2998 2846
f 2622 2620 2717
f 2717 2620 2719
f 2632 2630 2715
f 2724 2722 2726
f 2726 2722 2719
f 2726 2719 2599
f 2640 2714 2999
f 2999 2714 3000
f 2999 3000 3001
f 2879 2878 3002
f 2907 3003 3004
f 3005 3006 2999
f 2999 3006 3007
f 2999 3007 2640
f 2735 2601 2643
f 2620 2618 2719
f 2719 2618 2616
f 2719 2616 2614
f 2640 2638 2714
f 2714 2638 2636
f 2714 2636 2715
f 2715 2636 2634
f 2715 2634 2632
f 3003 2907 3002
f 3002 2907 2908
f 3002 2908 2879
f 3008 3005 3009
f 2733 2731 2735
f 2735 2731 2729
f 2735 2729 2601
f 3007 3010 2640
f 2640 3010 2735
f 2640 2735 2642
f 2642 2735 2643
f 2614 2612 2719
f 2719 2612 2600
f 2719 2600 2599
f 2630 2628 2715
f 2715 2628 2626
f 2715 2626 2717
f 2717 2626 2624
f 2717 2624 2622
f 2905 2906 3011
f 3011 2906 2907
f 3011 2907 3012
f 3012 2907 3004
f 3012 3004 3000
f 3000 3004 3013
f 3000 3013 3001
f 2900 2899 3014
f 3014 2899 2910
f 3014 2910 3015
f 3015 2910 2913
f 3015 2913 3016
f 2842 2846 2999
f 2999 2846 2998
f 2999 2998 3005
f 3005 2998 3017
f 3005 3017 3009
f 3018 3019 3020
f 3020 3019 2885
f 3020 2885 3011
f 3011 2885 2884
f 3011 2884 2905
f 3009 3016 3008
f 3008 3016 2913
f 3008 2913 3021
f 3021 2913 2916
f 3021 2916 2919
f 2881 3022 3023
f 2919 2882 3021
f 3021 2882 2881
f 3021 2881 3024
f 3024 2881 3023
f 2999 2874 2842
f 2842 2874 2843
f 2723 2725 2586
f 2852 2853 3025
f 3025 2853 2584
f 2886 3025 2608
f 2608 3025 2584
f 2608 2584 2609
f 2609 2584 2585
f 2609 2585 2586
f 2586 2725 2609
f 2609 2725 2727
f 2609 2727 2598
f 3025 3026 2852
f 2852 3026 3027
f 2852 3027 2851
f 2851 3027 3028
f 2851 3028 2850
f 2850 3028 3029
f 2850 3029 2849
f 2849 3029 3030
f 2849 3030 2590
f 2590 3030 2713
f 2590 2713 2589
f 2589 2713 2716
f 2589 2716 2588
f 2588 2716 2718
f 2588 2718 2587
f 2587 2718 2720
f 2587 2720 2586
f 2586 2720 2721
f 2586 2721 2723
f 3031 2880 2606
f 2602 2728 2605
f 2605 2728 2730
f 2596 2597 2606
f 2606 2597 2854
f 2606 2854 3031
f 3031 2854 2855
f 3031 2855 3032
f 2606 2605 2596
f 2596 2605 2730
f 2596 2730 2595
f 2595 2730 2732
f 2595 2732 2594
f 2594 2732 2734
f 2594 2734 2593
f 2593 2734 3033
f 2593 3033 2592
f 2592 3033 3034
f 2592 3034 2591
f 2591 3034 3035
f 2591 3035 2858
f 2858 3035 3036
f 2858 3036 2857
f 2857 3036 3037
f 2857 3037 2856
f 2856 3037 3038
f 2856 3038 2855
f 2855 3038 3039
f 2855 3039 3032
f 2736 2787 2866
f 2736 2866 2760
f 2760 2866 2865
f 2760 2865 2758
f 2758 2865 2860
f 2758 2860 2759
f 2759 2860 2859
f 2759 2859 2761
f 2761 2859 2561
f 2761 2561 2762
f 2872 3002 2873
f 2873 3002 2878
f 3001 2875 2999
f 2999 2875 2874
f 3002 2872 2871
f 3002 2871 3003
f 3003 2871 2877
f 3003 2877 3004
f 3004 2877 2876
f 3004 2876 3013
f 3013 2876 2875
f 3013 2875 3001
f 2649 2887 2648
f 2648 2887 3040
f 2648 3040 2647
f 2647 3040 3041
f 2647 3041 2644
f 2655 2654 2891
f 2891 2654 2944
f 3042 2935 3043
f 3043 2935 2934
f 3044 3045 2920
f 3042 3046 2935
f 2935 3046 3047
f 2935 3047 3044
f 2933 3048 2934
f 2934 3048 3049
f 2934 3049 3043
f 2932 3050 2933
f 2933 3050 3051
f 2933 3051 3048
f 2931 3052 2932
f 2932 3052 3053
f 2932 3053 3050
f 2930 3054 2931
f 2931 3054 3055
f 2931 3055 3052
f 2929 3056 2930
f 2930 3056 3057
f 2930 3057 3054
f 2928 3058 2929
f 2929 3058 3059
f 2929 3059 3056
f 2927 3060 2928
f 2928 3060 3061
f 2928 3061 3058
f 2926 3062 2927
f 2927 3062 3063
f 2927 3063 3060
f 2925 3064 2926
f 2926 3064 3065
f 2926 3065 3062
f 2657 2656 2925
f 2925 2656 3066
f 2925 3066 3064
f 3044 2920 2935
f 2935 2920 2921
f 2935 2921 2936
f 2921 2922 2936
f 2936 2922 2923
f 2936 2923 2937
f 2923 2924 2937
f 2937 2924 2918
f 2937 2918 2938
f 2918 2917 2938
f 2938 2917 2915
f 2938 2915 2939
f 2915 2914 2939
f 2939 2914 2912
f 2939 2912 2940
f 2912 2911 2940
f 2940 2911 2909
f 2940 2909 2941
f 2909 2902 2941
f 2941 2902 2903
f 2941 2903 2942
f 2903 2904 2942
f 2942 2904 2897
f 2942 2897 2943
f 2897 2896 2943
f 2943 2896 2894
f 2943 2894 2944
f 2944 2894 2893
f 2944 2893 2891
f 3044 3047 3067
f 3044 3067 3045
f 3067 3068 3045
f 3045 3068 2883
f 3045 2883 2920
f 3069 3041 2607
f 2607 3041 3040
f 2607 3040 2887
f 2883 3068 2604
f 2604 3068 3067
f 3067 3070 2604
f 2604 3070 3071
f 2604 3071 2603
f 2603 3071 3072
f 2603 3072 2641
f 2641 3072 3073
f 2641 3073 2639
f 2639 3073 3074
f 2639 3074 2637
f 2637 3074 3075
f 2637 3075 2635
f 2635 3075 3076
f 2635 3076 2633
f 2633 3076 3077
f 2633 3077 2631
f 2631 3077 3078
f 2631 3078 2629
f 2629 3078 3079
f 2629 3079 2627
f 2627 3079 3080
f 2627 3080 2625
f 2625 3080 3081
f 2625 3081 2623
f 2623 3081 3082
f 2623 3082 2621
f 2621 3082 3083
f 2621 3083 2619
f 2619 3083 3084
f 2619 3084 2617
f 2617 3084 3085
f 2617 3085 2615
f 2615 3085 3086
f 2615 3086 2613
f 2613 3086 3087
f 2613 3087 2611
f 2611 3087 3088
f 2611 3088 2610
f 2610 3088 3089
f 2610 3089 2607
f 2607 3089 3090
f 2607 3090 3069
f 3014 2996 2900
f 2900 2996 2901
f 2949 2948 2991
f 2949 2991 2988
f 2988 2991 2990
f 2988 2990 2989
f 2959 2868 2867
f 2984 2959 2889
f 2889 2959 2867
f 2889 2867 2888
f 2888 2867 2814
f 2888 2814 2813
f 2988 2987 2890
f 2890 2987 2986
f 2890 2986 2889
f 2889 2986 2985
f 2889 2985 2984
f 2836 2835 2898
f 2898 2835 2949
f 2898 2949 2895
f 2895 2949 2988
f 2895 2988 2892
f 2892 2988 2890
f 2487 2486 2946
f 2487 2946 2752
f 2752 2946 2950
f 2752 2950 2750
f 2750 2950 2947
f 2750 2947 2751
f 2751 2947 2945
f 2751 2945 2753
f 2753 2945 2789
f 2753 2789 2754
f 3017 2993 2994
f 3017 2994 3009
f 3009 2994 2995
f 3009 2995 3016
f 3016 2995 2997
f 3016 2997 3015
f 3015 2997 2996
f 3015 2996 3014
f 2993 3017 2992
f 2992 3017 2998
f 2886 2885 3025
f 3025 2885 3019
f 3025 3019 3026
f 3026 3019 3018
f 3026 3018 3027
f 3027 3018 3020
f 3027 3020 3028
f 3028 3020 3011
f 3028 3011 3012
f 3028 3012 3029
f 3029 3012 3000
f 3029 3000 3030
f 3030 3000 2714
f 3030 2714 2713
f 2599 2598 2726
f 2726 2598 2727
f 2602 2601 2728
f 2728 2601 2729
f 2734 2735 3010
f 2734 3010 3033
f 3033 3010 3007
f 3033 3007 3034
f 3034 3007 3006
f 3034 3006 3035
f 3035 3006 3005
f 3035 3005 3036
f 3036 3005 3008
f 3036 3008 3037
f 3037 3008 3021
f 3037 3021 3038
f 2881 2880 3022
f 3022 2880 3031
f 3022 3031 3023
f 3023 3031 3032
f 3023 3032 3024
f 3024 3032 3039
f 3024 3039 3021
f 3021 3039 3038
f 3069 3090 2651
f 2644 3041 2645
f 2645 3041 3069
f 2645 3069 2650
f 2650 3069 2651
f 3071 3043 3049
f 3071 3049 3072
f 3049 3048 3072
f 3072 3048 3051
f 3072 3051 3073
f 3051 3050 3073
f 3073 3050 3053
f 3073 3053 3074
f 3053 3052 3074
f 3074 3052 3055
f 3074 3055 3075
f 3055 3054 3075
f 3075 3054 3057
f 3075 3057 3076
f 3057 3056 3076
f 3076 3056 3059
f 3076 3059 3077
f 3059 3058 3077
f 3077 3058 3061
f 3077 3061 3078
f 3061 3060 3078
f 3078 3060 3063
f 3078 3063 3079
f 3063 3062 3079
f 3079 3062 3065
f 3079 3065 3080
f 3080 3065 3064
f 3080 3064 3066
f 3066 2656 3080
f 3080 2656 2658
f 3080 2658 3081
f 2658 2660 3081
f 3081 2660 2664
f 3081 2664 3082
f 2664 2663 3082
f 3082 2663 2667
f 3082 2667 3083
f 2667 2666 3083
f 3083 2666 2670
f 3083 2670 3084
f 2670 2669 3084
f 3084 2669 2673
f 3084 2673 3085
f 2673 2672 3085
f 3085 2672 2676
f 3085 2676 3086
f 2676 2675 3086
f 3086 2675 2679
f 3086 2679 3087
f 2679 2678 3087
f 3087 2678 2682
f 3087 2682 3088
f 2682 2681 3088
f 3088 2681 2685
f 3088 2685 3089
f 3089 2685 2684
f 3089 2684 3090
f 3090 2684 2683
f 3090 2683 2651
f 3043 3071 3042
f 3042 3071 3070
f 3042 3070 3046
f 3046 3070 3067
f 3046 3067 3047

