mtllib material.mtl
usemtl mtl_LINK6
v 0.01915682 0.03100000 -0.00000000
v 0.04910000 0.03100000 -0.00000000
v 0.04910000 0.03076503 -0.00380954
v 0.01915682 0.00095465 0.03098530
v 0.00250000 0.00095465 0.03098530
v 0.01915682 0.00000000 0.03100000
v 0.00250000 -0.00190839 0.03094120
v 0.01915682 -0.00475514 0.03063313
v 0.00250000 -0.00475514 0.03063313
v 0.00250000 -0.00756133 0.03006371
v 0.01915682 -0.01030300 0.02923779
v 0.00250000 -0.01030300 0.02923779
v 0.00250000 -0.01295677 0.02816242
v 0.01915682 -0.01550000 0.02684679
v 0.00250000 -0.01550000 0.02684679
v 0.00250000 -0.01791099 0.02530210
v 0.01915682 -0.02016917 0.02354155
v 0.00250000 -0.02016917 0.02354155
v 0.00250000 -0.02225527 0.02158015
v 0.01915682 -0.02415150 0.01943464
v 0.00250000 -0.02415150 0.01943464
v 0.00250000 -0.02584167 0.01712331
v 0.01915682 -0.02731138 0.01466590
v 0.00250000 -0.02731138 0.01466590
v 0.00250000 -0.02854807 0.01208336
v 0.01915682 -0.02954120 0.00939773
v 0.00250000 -0.02954120 0.00939773
v 0.00250000 -0.03028230 0.00663193
v 0.01915682 -0.03076503 0.00380954
v 0.04910000 -0.03094120 -0.00190839
v 0.04910000 -0.03100000 0.00000000
v 0.01915682 -0.03100000 0.00000000
v 0.00450000 0.02884096 0.01136657
v 0.01550000 0.02884096 0.01136657
v 0.01915682 0.03006371 0.00756133
v 0.01915682 0.02816242 0.01295677
v 0.01550000 0.02816242 0.01295677
v 0.01550000 0.02684679 0.01550000
v 0.01915682 0.02530210 0.01791099
v 0.01550000 0.02530210 0.01791099
v 0.01915682 0.02158015 0.02225527
v 0.01550000 0.02354155 0.02016917
v 0.01550000 0.02158015 0.02225527
v 0.01550000 0.01943464 0.02415150
v 0.01915682 0.01712331 0.02584167
v 0.01550000 0.01712331 0.02584167
v 0.01550000 0.01466590 0.02731138
v 0.01915682 0.01208336 0.02854807
v 0.01550000 0.01208336 0.02854807
v 0.01915682 0.00663193 0.03028230
v 0.01550000 0.00939773 0.02954120
v 0.01550000 0.00663193 0.03028230
v 0.01550000 0.00351467 0.03080012
v 0.00450000 0.00351467 0.03080012
v 0.00250000 0.00380954 0.03076503
v 0.00450000 0.00663193 0.03028230
v 0.01915682 0.03094120 0.00190839
v 0.00250000 0.03063313 0.00475514
v 0.00250000 0.03006371 0.00756133
v 0.00250000 0.02923779 0.01030300
v 0.00450000 0.02816242 0.01295677
v 0.00250000 0.02816242 0.01295677
v 0.00450000 0.02684679 0.01550000
v 0.00250000 0.02684679 0.01550000
v 0.00450000 0.02530210 0.01791099
v 0.00250000 0.02530210 0.01791099
v 0.00450000 0.02354155 0.02016917
v 0.00250000 0.02354155 0.02016917
v 0.00450000 0.02158015 0.02225527
v 0.00250000 0.02158015 0.02225527
v 0.00450000 0.01943464 0.02415150
v 0.00250000 0.01943464 0.02415150
v 0.00450000 0.01712331 0.02584167
v 0.00250000 0.01712331 0.02584167
v 0.00450000 0.01466590 0.02731138
v 0.00250000 0.01466590 0.02731138
v 0.00450000 0.01208336 0.02854807
v 0.00250000 0.01208336 0.02854807
v 0.00450000 0.00939773 0.02954120
v 0.00250000 0.00939773 0.02954120
v 0.00250000 0.00663193 0.03028230
v 0.00250000 -0.03076503 0.00380954
v 0.00250000 -0.03098530 0.00095465
v 0.00250000 -0.03094120 -0.00190839
v 0.00250000 -0.03063313 -0.00475514
v 0.04910000 -0.03006371 -0.00756133
v 0.00250000 -0.03006371 -0.00756133
v 0.00250000 -0.02923779 -0.01030300
v 0.04910000 -0.02816242 -0.01295677
v 0.00250000 -0.02816242 -0.01295677
v 0.00250000 -0.02684679 -0.01550000
v 0.04910000 -0.02530210 -0.01791099
v 0.00250000 -0.02530210 -0.01791099
v 0.00250000 -0.02354155 -0.02016917
v 0.04910000 -0.02158015 -0.02225527
v 0.00250000 -0.02158015 -0.02225527
v 0.00250000 -0.01943464 -0.02415150
v 0.04910000 -0.01823636 -0.02506861
v 0.00250000 -0.01712331 -0.02584167
v 0.04910000 -0.01712331 -0.02584167
v 0.00250000 -0.01466590 -0.02731138
v 0.04910000 -0.01208336 -0.02854807
v 0.00250000 -0.01208336 -0.02854807
v 0.00250000 -0.00939773 -0.02954120
v 0.04910000 -0.00663193 -0.03028230
v 0.00250000 -0.00663193 -0.03028230
v 0.00250000 -0.00380954 -0.03076503
v 0.04910000 -0.00095465 -0.03098530
v 0.00250000 -0.00095465 -0.03098530
v 0.00250000 0.00190839 -0.03094120
v 0.04910000 0.00475514 -0.03063313
v 0.00250000 0.00475514 -0.03063313
v 0.00250000 0.00756133 -0.03006371
v 0.04910000 0.01030300 -0.02923779
v 0.00250000 0.01030300 -0.02923779
v 0.00250000 0.01295677 -0.02816242
v 0.04910000 0.01550000 -0.02684679
v 0.00250000 0.01550000 -0.02684679
v 0.00250000 0.01791099 -0.02530210
v 0.04910000 0.02016917 -0.02354155
v 0.00250000 0.02016917 -0.02354155
v 0.00250000 0.02225527 -0.02158015
v 0.04910000 0.02415150 -0.01943464
v 0.00250000 0.02415150 -0.01943464
v 0.00250000 0.02584167 -0.01712331
v 0.04910000 0.02731138 -0.01466590
v 0.00250000 0.02731138 -0.01466590
v 0.00250000 0.02854807 -0.01208336
v 0.04910000 0.02954120 -0.00939773
v 0.00250000 0.02954120 -0.00939773
v 0.00250000 0.03028230 -0.00663193
v 0.00250000 0.03076503 -0.00380954
v 0.00250000 0.03098530 -0.00095465
v 0.00250000 0.03094120 0.00190839
v -0.00000000 -0.00995929 0.00375000
v -0.00000000 0.00000000 -0.00950000
v -0.00000000 -0.01095929 0.00401795
v -0.00000000 -0.00100000 -0.00976795
v -0.00000000 -0.01169134 0.00475000
v -0.00000000 -0.00895929 0.00401795
v -0.00000000 0.00173205 -0.01050000
v -0.00000000 0.00100000 -0.00976795
v -0.00000000 -0.00173205 -0.01250000
v -0.00000000 -0.01170024 -0.01433019
v -0.00000000 -0.00200000 -0.01150000
v -0.00000000 -0.01478969 -0.01111373
v -0.00000000 -0.00173205 -0.01050000
v -0.00000000 -0.01701962 -0.00725138
v -0.00000000 -0.01826043 -0.00296761
v -0.00000000 0.01563602 -0.00988762
v -0.00000000 -0.00822724 0.00475000
v -0.00000000 0.00822724 0.00475000
v -0.00000000 0.00200000 -0.01150000
v -0.00000000 0.01281540 -0.01334225
v -0.00000000 0.00173205 -0.01250000
v -0.00000000 0.00925000 -0.01602147
v -0.00000000 0.00100000 -0.01323205
v -0.00000000 0.00514702 -0.01776959
v -0.00000000 -0.00000000 -0.01350000
v -0.00000000 0.00074492 -0.01848500
v -0.00000000 -0.00100000 -0.01323205
v -0.00000000 -0.00370048 -0.01812613
v -0.00000000 -0.00793081 -0.01671383
v -0.00000000 -0.00925000 0.01602147
v -0.00000000 -0.00514702 0.01776959
v -0.00000000 0.00822724 0.00675000
v -0.00000000 -0.00074492 0.01848500
v -0.00000000 0.00895929 0.00748205
v -0.00000000 0.00370048 0.01812613
v -0.00000000 0.00995929 0.00775000
v -0.00000000 0.00795929 0.00575000
v -0.00000000 -0.00795929 0.00575000
v -0.00000000 -0.00822724 0.00675000
v -0.00000000 -0.00895929 0.00748205
v -0.00000000 -0.00995929 0.00775000
v -0.00000000 -0.01281540 0.01334225
v -0.00000000 -0.01095929 0.00748205
v -0.00000000 -0.01563602 0.00988762
v -0.00000000 -0.01169134 0.00675000
v -0.00000000 -0.01754792 0.00585836
v -0.00000000 -0.01195929 0.00575000
v -0.00000000 -0.01844001 0.00148863
v -0.00000000 0.00793081 0.01671383
v -0.00000000 0.01170024 0.01433019
v -0.00000000 0.01095929 0.00748205
v -0.00000000 0.01478969 0.01111373
v -0.00000000 0.01169134 0.00675000
v -0.00000000 0.01701962 0.00725138
v -0.00000000 0.01195929 0.00575000
v -0.00000000 0.01169134 0.00475000
v -0.00000000 0.00895929 0.00401795
v -0.00000000 0.00995929 0.00375000
v -0.00000000 0.01754792 -0.00585836
v -0.00000000 0.01095929 0.00401795
v -0.00000000 0.01844001 -0.00148863
v -0.00000000 0.01826043 0.00296761
v 0.04910000 0.01205237 0.02443978
v 0.04910000 0.01658875 0.02161888
v 0.04910000 0.01758032 0.02465000
v 0.04910000 -0.01789786 0.03100000
v 0.04910000 -0.01362500 0.02359919
v 0.04910000 0.00017884 0.03100000
v 0.04910000 -0.02626474 0.01450000
v 0.04910000 -0.02611067 0.01507500
v 0.04910000 -0.03100000 0.01299889
v 0.04910000 -0.02568974 0.01549593
v 0.04910000 -0.02719166 0.00178224
v 0.04910000 -0.02632148 0.00705282
v 0.04910000 -0.02568974 0.01350407
v 0.04910000 -0.02611067 0.01392500
v 0.04910000 -0.02411881 0.01507500
v 0.04910000 -0.02161888 0.01658875
v 0.04910000 -0.02453974 0.01549593
v 0.04910000 -0.01796717 0.02048763
v 0.04910000 -0.02511474 0.01565000
v 0.04910000 -0.02396474 0.01450000
v 0.04910000 -0.02411881 0.01392500
v 0.04910000 -0.02443978 0.01205237
v 0.04910000 -0.02453974 0.01350407
v 0.04910000 -0.02511474 0.01335000
v 0.04910000 -0.03100000 0.03100000
v 0.04910000 -0.00057500 0.02800407
v 0.04910000 -0.00355684 0.02701687
v 0.04910000 0.00000000 0.02785000
v 0.04910000 0.00178224 0.02719166
v 0.04910000 0.00099593 0.02957500
v 0.04910000 0.00115000 0.02900000
v 0.04910000 0.00687047 0.03100000
v 0.04910000 0.00099593 0.02842500
v 0.04910000 0.00057500 0.02800407
v 0.04910000 -0.00099593 0.02842500
v 0.04910000 -0.00115000 0.02900000
v 0.04910000 -0.00875922 0.02580385
v 0.04910000 -0.00099593 0.02957500
v 0.04910000 -0.00057500 0.02999593
v 0.04910000 0.00000000 0.03015000
v 0.04910000 0.00057500 0.02999593
v 0.04910000 0.00705282 0.02632148
v 0.04910000 0.01391414 0.03100000
v 0.04910000 0.02857884 0.03100000
v 0.04910000 0.02568974 0.01350407
v 0.04910000 0.02511474 0.01335000
v 0.04910000 0.03013768 0.00290000
v 0.04910000 0.02453974 0.01350407
v 0.04910000 0.02411881 0.01392500
v 0.04910000 0.02396474 0.01450000
v 0.04910000 0.02411881 0.01507500
v 0.04910000 0.02453974 0.01549593
v 0.04910000 0.02511474 0.01565000
v 0.04910000 0.03100000 0.03100000
v 0.04910000 0.02568974 0.01549593
v 0.04910000 0.02611067 0.01507500
v 0.04910000 0.02626474 0.01450000
v 0.04910000 0.03100000 0.00339786
v 0.04910000 0.02611067 0.01392500
v 0.04910000 0.02719166 -0.00178224
v 0.04910000 0.02701687 0.00355684
v 0.04910000 0.02632148 -0.00705282
v 0.04910000 0.02511474 -0.01335000
v 0.04910000 0.02568974 -0.01350407
v 0.04910000 0.02611067 -0.01507500
v 0.04910000 0.02611067 -0.01392500
v 0.04910000 0.02626474 -0.01450000
v 0.04910000 0.02568974 -0.01549593
v 0.04910000 0.02511474 -0.01565000
v 0.04910000 0.02453974 -0.01549593
v 0.04910000 0.02453974 -0.01350407
v 0.04910000 0.02443978 -0.01205237
v 0.04910000 0.02411881 -0.01392500
v 0.04910000 0.02161888 -0.01658875
v 0.04910000 0.02396474 -0.01450000
v 0.04910000 0.01362500 -0.02359919
v 0.04910000 0.01796717 -0.02048763
v 0.04910000 0.02411881 -0.01507500
v 0.04910000 -0.00057500 -0.02999593
v 0.04910000 -0.00099593 -0.02957500
v 0.04910000 -0.00178224 -0.02719166
v 0.04910000 -0.00705282 -0.02632148
v 0.04910000 0.00057500 -0.02800407
v 0.04910000 0.00355684 -0.02701687
v 0.04910000 -0.00000000 -0.02785000
v 0.04910000 0.00875922 -0.02580385
v 0.04910000 -0.00115000 -0.02900000
v 0.04910000 -0.00099593 -0.02842500
v 0.04910000 -0.00057500 -0.02800407
v 0.04910000 0.00099593 -0.02842500
v 0.04910000 0.00115000 -0.02900000
v 0.04910000 0.00099593 -0.02957500
v 0.04910000 0.00057500 -0.02999593
v 0.04910000 -0.00000000 -0.03015000
v 0.04910000 -0.01205237 -0.02443978
v 0.04910000 -0.01658875 -0.02161888
v 0.04910000 -0.01758032 -0.02465000
v 0.04910000 -0.02453974 -0.01549593
v 0.04910000 -0.02511474 -0.01565000
v 0.04910000 -0.02568974 -0.01350407
v 0.04910000 -0.02511474 -0.01335000
v 0.04910000 -0.03013768 -0.00290000
v 0.04910000 -0.02453974 -0.01350407
v 0.04910000 -0.02411881 -0.01392500
v 0.04910000 -0.02396474 -0.01450000
v 0.04910000 -0.02411881 -0.01507500
v 0.04910000 -0.02568974 -0.01549593
v 0.04910000 -0.02611067 -0.01507500
v 0.04910000 -0.02626474 -0.01450000
v 0.04910000 -0.02611067 -0.01392500
v 0.04910000 -0.02701687 -0.00355684
v 0.04910000 -0.02048763 -0.01796717
v 0.04910000 -0.02359919 -0.01362500
v 0.04910000 -0.02580385 -0.00875922
v 0.04910000 0.02048763 0.01796717
v 0.04910000 0.02359919 0.01362500
v 0.04910000 0.02580385 0.00875922
v 0.01500000 0.02416271 0.01259864
v 0.00500000 0.02416271 0.01259864
v 0.00500000 0.02580385 0.00875922
v 0.01500000 0.00591559 0.02660016
v 0.01500000 0.00705282 0.02632148
v 0.01500000 0.01205237 0.02443978
v 0.01500000 0.01658875 0.02161888
v 0.01500000 0.02048763 0.01796717
v 0.01500000 0.02359919 0.01362500
v 0.00500000 0.02701687 0.00355684
v 0.00500000 0.02719166 -0.00178224
v 0.00500000 0.02632148 -0.00705282
v 0.00500000 0.02443978 -0.01205237
v 0.00500000 0.02161888 -0.01658875
v 0.00500000 0.01796717 -0.02048763
v 0.00500000 0.01362500 -0.02359919
v 0.00500000 0.00875922 -0.02580385
v 0.00500000 0.00355684 -0.02701687
v 0.00500000 -0.00178224 -0.02719166
v 0.00500000 -0.00705282 -0.02632148
v 0.00500000 -0.01205237 -0.02443978
v 0.00500000 -0.01658875 -0.02161888
v 0.00500000 -0.02048763 -0.01796717
v 0.00500000 -0.02359919 -0.01362500
v 0.00500000 -0.02580385 -0.00875922
v 0.00500000 -0.02701687 -0.00355684
v 0.00500000 -0.02719166 0.00178224
v 0.00500000 -0.02632148 0.00705282
v 0.00500000 -0.02443978 0.01205237
v 0.00500000 -0.02161888 0.01658875
v 0.00500000 -0.01796717 0.02048763
v 0.00500000 -0.01362500 0.02359919
v 0.00500000 -0.00875922 0.02580385
v 0.00500000 -0.00355684 0.02701687
v 0.00500000 0.00178224 0.02719166
v 0.00500000 0.00591559 0.02660016
v 0.01500000 0.00577902 0.02930831
v 0.01500000 0.00517133 0.03005840
v 0.01500000 0.00652496 0.02979387
v 0.01500000 0.00617074 0.02797054
v 0.01500000 0.02542037 0.01319978
v 0.01500000 0.02489401 0.01762210
v 0.01500000 0.02681393 0.01316766
v 0.01500000 0.02641378 0.01525000
v 0.01500000 0.02769575 0.01277481
v 0.01500000 0.01684713 0.02542487
v 0.01500000 0.01912118 0.02376196
v 0.01500000 0.02316185 0.01984386
v 0.01500000 0.02123209 0.02189631
v 0.01500000 0.00924616 0.02906473
v 0.01500000 0.01188847 0.02808762
v 0.01500000 0.01442935 0.02687087
v 0.00466676 0.00394311 0.03071934
v 0.00474680 0.00415588 0.03065441
v 0.01549583 0.00352535 0.03079888
v 0.01539679 0.00377876 0.03075798
v 0.00460321 0.00377876 0.03075798
v 0.00450417 0.00352535 0.03079888
v 0.01508855 0.00465165 0.03043062
v 0.01506877 0.00472462 0.03038797
v 0.00500000 0.00517133 0.03005840
v 0.00500000 0.00577902 0.02930831
v 0.01525316 0.00415599 0.03065438
v 0.01513502 0.00449733 0.03051209
v 0.00491145 0.00465165 0.03043062
v 0.00493123 0.00472462 0.03038797
v 0.00500000 0.00617074 0.02797054
v 0.01506877 0.02812971 0.01242862
v 0.01508855 0.02818978 0.01236918
v 0.00500000 0.02769575 0.01277481
v 0.00500000 0.02542037 0.01319978
v 0.00500000 0.02681393 0.01316766
v 0.00493123 0.02812971 0.01242862
v 0.00460321 0.02873192 0.01161075
v 0.00474684 0.02853420 0.01194832
v 0.01525320 0.02853427 0.01194822
v 0.00486498 0.02830842 0.01224120
v 0.00491145 0.02818978 0.01236918
v 0.01533324 0.02865205 0.01175950
v 0.00450417 0.02883700 0.01137656
v 0.01539679 0.02873192 0.01161075
v 0.01549583 0.02883700 0.01137656
v 0.00200000 -0.01563602 0.00988762
v 0.00200000 -0.02542487 0.01684713
v 0.00200000 -0.02376196 0.01912118
v 0.00200000 0.00187761 -0.03044215
v 0.00200000 0.00074492 -0.01848500
v 0.00200000 0.00467844 -0.03013905
v 0.00200000 0.00514702 -0.01776959
v 0.00200000 -0.01281540 0.01334225
v 0.00200000 0.01525000 -0.02641378
v 0.00200000 0.01274779 -0.02770819
v 0.00200000 0.00925000 -0.01602147
v 0.00200000 0.01013682 -0.02876621
v 0.00200000 0.00743937 -0.02957881
v 0.00200000 -0.02189631 0.02123209
v 0.00200000 -0.01984386 0.02316185
v 0.00200000 -0.00925000 0.01602147
v 0.00200000 -0.01762210 0.02489401
v 0.00200000 -0.01525000 0.02641378
v 0.00200000 -0.00093925 -0.03048554
v 0.00200000 -0.00374809 -0.03026883
v 0.00200000 -0.00370048 -0.01812613
v 0.00200000 0.02906473 -0.00924616
v 0.00200000 0.01754792 -0.00585836
v 0.00200000 0.02979387 -0.00652496
v 0.00200000 0.01844001 -0.00148863
v 0.00200000 -0.01754792 0.00585836
v 0.00200000 -0.02808762 0.01188847
v 0.00200000 -0.02687087 0.01442935
v 0.00200000 -0.03048554 0.00093925
v 0.00200000 -0.03026883 0.00374809
v 0.00200000 -0.01844001 0.00148863
v 0.00200000 -0.02979387 0.00652496
v 0.00200000 -0.02906473 0.00924616
v 0.00200000 -0.00652496 -0.02979387
v 0.00200000 -0.00924616 -0.02906473
v 0.00200000 -0.00793081 -0.01671383
v 0.00200000 0.01281540 -0.01334225
v 0.00200000 0.01563602 -0.00988762
v 0.00200000 0.02376196 -0.01912118
v 0.00200000 0.02808762 -0.01188847
v 0.00200000 0.02687087 -0.01442935
v 0.00200000 0.02542487 -0.01684713
v 0.00200000 0.03013905 0.00467844
v 0.00200000 0.03044215 0.00187761
v 0.00200000 0.01826043 0.00296761
v 0.00200000 0.03048554 -0.00093925
v 0.00200000 0.03026883 -0.00374809
v 0.00200000 0.02957881 0.00743937
v 0.00200000 0.01701962 0.00725138
v 0.00200000 0.02876621 0.01013682
v 0.00200000 0.00370048 0.01812613
v 0.00200000 0.00652496 0.02979387
v 0.00200000 0.00924616 0.02906473
v 0.00200000 -0.01188847 -0.02808762
v 0.00200000 -0.01442935 -0.02687087
v 0.00200000 -0.01170024 -0.01433019
v 0.00200000 -0.01684713 -0.02542487
v 0.00200000 -0.01912118 -0.02376196
v 0.00200000 0.02189631 -0.02123209
v 0.00200000 0.01984386 -0.02316185
v 0.00200000 0.01762210 -0.02489401
v 0.00200000 0.01478969 0.01111373
v 0.00200000 0.02641378 0.01525000
v 0.00200000 0.02770819 0.01274779
v 0.00200000 0.00793081 0.01671383
v 0.00200000 -0.01701962 -0.00725138
v 0.00200000 -0.01478969 -0.01111373
v 0.00200000 -0.02641378 -0.01525000
v 0.00200000 -0.02123209 -0.02189631
v 0.00200000 -0.02316185 -0.01984386
v 0.00200000 -0.02489401 -0.01762210
v 0.00200000 0.01912118 0.02376196
v 0.00200000 0.02123209 0.02189631
v 0.00200000 0.01170024 0.01433019
v 0.00200000 0.02316185 0.01984386
v 0.00200000 0.02489401 0.01762210
v 0.00200000 -0.00467844 0.03013905
v 0.00200000 -0.00074492 0.01848500
v 0.00200000 -0.00514702 0.01776959
v 0.00200000 -0.03044215 -0.00187761
v 0.00200000 -0.01826043 -0.00296761
v 0.00200000 -0.03013905 -0.00467844
v 0.00200000 -0.02770819 -0.01274779
v 0.00200000 -0.02876621 -0.01013682
v 0.00200000 -0.02957881 -0.00743937
v 0.00200000 0.01188847 0.02808762
v 0.00200000 0.01442935 0.02687087
v 0.00200000 0.01684713 0.02542487
v 0.00200000 -0.00187761 0.03044215
v 0.00200000 0.00093925 0.03048554
v 0.00200000 0.00374809 0.03026883
v 0.00200000 -0.01274779 0.02770819
v 0.00200000 -0.01013682 0.02876621
v 0.00200000 -0.00743937 0.02957881
v 0.00500000 0.01296450 0.00274480
v 0.00500000 0.01208429 0.00206939
v 0.00500000 0.02641378 0.01525000
v 0.00500000 -0.01420929 0.00575000
v 0.00500000 0.00924616 0.02906473
v 0.00500000 0.00652496 0.02979387
v 0.00500000 0.02489401 0.01762210
v 0.00500000 0.02316185 0.01984386
v 0.00500000 0.02123209 0.02189631
v 0.00500000 0.01912118 0.02376196
v 0.00500000 0.01684713 0.02542487
v 0.00500000 0.01442935 0.02687087
v 0.00500000 0.01188847 0.02808762
v 0.00500000 -0.01406448 0.00465002
v 0.00500000 -0.01363990 0.00362500
v 0.00500000 -0.01296450 0.00274480
v 0.00500000 -0.01208429 0.00206939
v 0.00500000 0.01406448 0.00684998
v 0.00500000 0.01420929 0.00575000
v 0.00500000 -0.00109998 -0.01560519
v 0.00500000 -0.00212500 -0.01518061
v 0.00500000 -0.00300520 -0.01450520
v 0.00500000 -0.00368061 -0.01362500
v 0.00500000 -0.00410518 -0.01259998
v 0.00500000 -0.00627868 0.00362500
v 0.00500000 -0.00695409 0.00274480
v 0.00500000 0.00585411 0.00465002
v 0.00500000 -0.01105927 0.00164482
v 0.00500000 -0.00995929 0.00150000
v 0.00500000 -0.00885931 0.00164482
v 0.00500000 -0.00425000 -0.01150000
v 0.00500000 -0.00410519 -0.01040002
v 0.00500000 0.00585411 0.00684998
v 0.00500000 -0.00783429 0.00943061
v 0.00500000 -0.00695409 0.00875520
v 0.00500000 0.00627868 0.00787500
v 0.00500000 -0.00885931 0.00985518
v 0.00500000 -0.00995929 0.01000000
v 0.00500000 -0.01105927 0.00985518
v 0.00500000 -0.01208429 0.00943061
v 0.00500000 -0.01296450 0.00875520
v 0.00500000 -0.01363990 0.00787500
v 0.00500000 -0.01406448 0.00684998
v 0.00500000 0.01105927 0.00164482
v 0.00500000 0.00995929 0.00150000
v 0.00500000 0.00885931 0.00164482
v 0.00500000 -0.00368061 -0.00937500
v 0.00500000 -0.00300520 -0.00849480
v 0.00500000 -0.00783429 0.00206939
v 0.00500000 -0.00212500 -0.00781939
v 0.00500000 -0.00109998 -0.00739482
v 0.00500000 0.00000000 -0.00725000
v 0.00500000 0.00109998 -0.00739482
v 0.00500000 0.00212500 -0.00781939
v 0.00500000 0.00995929 0.01000000
v 0.00500000 0.01105927 0.00985518
v 0.00500000 0.00783429 0.00206939
v 0.00500000 0.00695409 0.00274480
v 0.00500000 0.00627868 0.00362500
v 0.00500000 0.00300520 -0.00849480
v 0.00500000 0.00695409 0.00875520
v 0.00500000 0.00783429 0.00943061
v 0.00500000 0.00885931 0.00985518
v 0.00500000 0.01208429 0.00943061
v 0.00500000 0.01296450 0.00875520
v 0.00500000 0.01363990 0.00787500
v 0.00500000 0.01406448 0.00465002
v 0.00500000 0.01363990 0.00362500
v 0.00500000 -0.00627868 0.00787500
v 0.00500000 -0.00585411 0.00684998
v 0.00500000 0.00570929 0.00575000
v 0.00500000 -0.00570929 0.00575000
v 0.00500000 -0.00585411 0.00465002
v 0.00500000 0.00368061 -0.00937500
v 0.00500000 0.00410518 -0.01040002
v 0.00500000 0.00425000 -0.01150000
v 0.00500000 0.00410519 -0.01259998
v 0.00500000 0.00368061 -0.01362500
v 0.00500000 0.00300520 -0.01450520
v 0.00500000 0.00212500 -0.01518061
v 0.00500000 0.00109998 -0.01560518
v 0.00500000 -0.00000000 -0.01575000
v 0.02840901 0.02511474 -0.01450000
v 0.02910000 0.02611067 -0.01507500
v 0.02910000 0.02626474 -0.01450000
v 0.02910000 0.02568974 -0.01549593
v 0.02910000 0.02568974 -0.01350407
v 0.02910000 0.02511474 -0.01335000
v 0.02910000 0.02611067 -0.01392500
v 0.02910000 0.02411881 -0.01392500
v 0.02910000 0.02396474 -0.01450000
v 0.02910000 0.02453974 -0.01350407
v 0.02910000 0.02453974 -0.01549593
v 0.02910000 0.02511474 -0.01565000
v 0.02910000 0.02411881 -0.01507500
v 0.02840901 0.00000000 -0.02900000
v 0.02910000 0.00099593 -0.02957500
v 0.02910000 0.00115000 -0.02900000
v 0.02910000 0.00057500 -0.02999593
v 0.02910000 0.00057500 -0.02800407
v 0.02910000 -0.00000000 -0.02785000
v 0.02910000 0.00099593 -0.02842500
v 0.02910000 -0.00099593 -0.02842500
v 0.02910000 -0.00115000 -0.02900000
v 0.02910000 -0.00057500 -0.02800407
v 0.02910000 -0.00057500 -0.02999593
v 0.02910000 -0.00000000 -0.03015000
v 0.02910000 -0.00099593 -0.02957500
v 0.02840901 -0.02511474 -0.01450000
v 0.02910000 -0.02411881 -0.01507500
v 0.02910000 -0.02396474 -0.01450000
v 0.02910000 -0.02453974 -0.01549593
v 0.02910000 -0.02453974 -0.01350407
v 0.02910000 -0.02511474 -0.01335000
v 0.02910000 -0.02411881 -0.01392500
v 0.02910000 -0.02611067 -0.01392500
v 0.02910000 -0.02626474 -0.01450000
v 0.02910000 -0.02568974 -0.01350407
v 0.02910000 -0.02568974 -0.01549593
v 0.02910000 -0.02511474 -0.01565000
v 0.02910000 -0.02611067 -0.01507500
v 0.02840901 -0.00000000 0.02900000
v 0.02910000 0.00099593 0.02842500
v 0.02910000 0.00115000 0.02900000
v 0.02910000 0.00057500 0.02800407
v 0.02910000 0.00057500 0.02999593
v 0.02910000 0.00000000 0.03015000
v 0.02910000 0.00099593 0.02957500
v 0.02910000 -0.00099593 0.02957500
v 0.02910000 -0.00115000 0.02900000
v 0.02910000 -0.00057500 0.02999593
v 0.02910000 -0.00057500 0.02800407
v 0.02910000 0.00000000 0.02785000
v 0.02910000 -0.00099593 0.02842500
v 0.02840901 -0.02511474 0.01450000
v 0.02910000 -0.02411881 0.01392500
v 0.02910000 -0.02396474 0.01450000
v 0.02910000 -0.02453974 0.01350407
v 0.02910000 -0.02453974 0.01549593
v 0.02910000 -0.02511474 0.01565000
v 0.02910000 -0.02411881 0.01507500
v 0.02910000 -0.02611067 0.01507500
v 0.02910000 -0.02626474 0.01450000
v 0.02910000 -0.02568974 0.01549593
v 0.02910000 -0.02568974 0.01350407
v 0.02910000 -0.02511474 0.01335000
v 0.02910000 -0.02611067 0.01392500
v 0.02840901 0.02511474 0.01450000
v 0.02910000 0.02611067 0.01392500
v 0.02910000 0.02626474 0.01450000
v 0.02910000 0.02568974 0.01350407
v 0.02910000 0.02568974 0.01549593
v 0.02910000 0.02511474 0.01565000
v 0.02910000 0.02611067 0.01507500
v 0.02910000 0.02411881 0.01507500
v 0.02910000 0.02396474 0.01450000
v 0.02910000 0.02453974 0.01549593
v 0.02910000 0.02453974 0.01350407
v 0.02910000 0.02511474 0.01335000
v 0.02910000 0.02411881 0.01392500
v 0.00275000 0.00141421 -0.01291421
v 0.00275000 0.00173205 -0.01250000
v 0.00275000 0.00193185 -0.01201764
v 0.00275000 0.00200000 -0.01150000
v 0.00275000 0.00193185 -0.01098236
v 0.00275000 0.00173205 -0.01050000
v 0.00275000 0.00141421 -0.01008579
v 0.00275000 0.00100000 -0.00976795
v 0.00275000 0.00051764 -0.00956815
v 0.00275000 0.00000000 -0.00950000
v 0.00275000 -0.00051764 -0.00956815
v 0.00275000 -0.00100000 -0.00976795
v 0.00275000 -0.00141421 -0.01008579
v 0.00275000 -0.00173205 -0.01050000
v 0.00275000 -0.00193185 -0.01098236
v 0.00275000 -0.00200000 -0.01150000
v 0.00275000 -0.00193185 -0.01201764
v 0.00275000 -0.00173205 -0.01250000
v 0.00275000 -0.00141421 -0.01291421
v 0.00275000 -0.00100000 -0.01323205
v 0.00275000 -0.00051764 -0.01343185
v 0.00275000 -0.00000000 -0.01350000
v 0.00275000 0.00051764 -0.01343185
v 0.00275000 0.00100000 -0.01323205
v 0.00275000 0.01137351 0.00433579
v 0.00275000 0.01169134 0.00475000
v 0.00275000 0.01189114 0.00523236
v 0.00275000 0.01195929 0.00575000
v 0.00275000 0.01189114 0.00626764
v 0.00275000 0.01169134 0.00675000
v 0.00275000 0.01137351 0.00716421
v 0.00275000 0.01095929 0.00748205
v 0.00275000 0.01047693 0.00768185
v 0.00275000 0.00995929 0.00775000
v 0.00275000 0.00944165 0.00768185
v 0.00275000 0.00895929 0.00748205
v 0.00275000 0.00854508 0.00716421
v 0.00275000 0.00822724 0.00675000
v 0.00275000 0.00802744 0.00626764
v 0.00275000 0.00795929 0.00575000
v 0.00275000 0.00802744 0.00523236
v 0.00275000 0.00822724 0.00475000
v 0.00275000 0.00854508 0.00433579
v 0.00275000 0.00895929 0.00401795
v 0.00275000 0.00944165 0.00381815
v 0.00275000 0.00995929 0.00375000
v 0.00275000 0.01047693 0.00381815
v 0.00275000 0.01095929 0.00401795
v 0.00275000 -0.00854508 0.00433579
v 0.00275000 -0.00822724 0.00475000
v 0.00275000 -0.00802744 0.00523236
v 0.00275000 -0.00795929 0.00575000
v 0.00275000 -0.00802744 0.00626764
v 0.00275000 -0.00822724 0.00675000
v 0.00275000 -0.00854508 0.00716421
v 0.00275000 -0.00895929 0.00748205
v 0.00275000 -0.00944165 0.00768185
v 0.00275000 -0.00995929 0.00775000
v 0.00275000 -0.01047693 0.00768185
v 0.00275000 -0.01095929 0.00748205
v 0.00275000 -0.01137350 0.00716421
v 0.00275000 -0.01169134 0.00675000
v 0.00275000 -0.01189114 0.00626764
v 0.00275000 -0.01195929 0.00575000
v 0.00275000 -0.01189114 0.00523236
v 0.00275000 -0.01169134 0.00475000
v 0.00275000 -0.01137351 0.00433579
v 0.00275000 -0.01095929 0.00401795
v 0.00275000 -0.01047693 0.00381815
v 0.00275000 -0.00995929 0.00375000
v 0.00275000 -0.00944165 0.00381815
v 0.00275000 -0.00895929 0.00401795
v 0.00206699 -0.01285228 0.02793531
v 0.00206699 -0.01021991 0.02900200
v 0.00206699 -0.00750035 0.02982125
v 0.00206699 -0.00471679 0.03038609
v 0.00206699 -0.00189300 0.03069168
v 0.00206699 0.00094695 0.03073542
v 0.00206699 0.00377882 0.03051693
v 0.00206699 0.00657844 0.03003809
v 0.00206699 0.00932194 0.02930297
v 0.00206699 0.01198591 0.02831784
v 0.00206699 0.01454763 0.02709113
v 0.00206699 0.01698522 0.02563327
v 0.00206699 0.01927791 0.02395673
v 0.00206699 0.02140612 0.02207579
v 0.00206699 0.02335170 0.02000651
v 0.00206699 0.02509806 0.01776654
v 0.00206699 0.02663028 0.01537500
v 0.00206699 0.02793531 0.01285228
v 0.00206699 0.02900200 0.01021991
v 0.00206699 0.02982125 0.00750035
v 0.00206699 0.03038609 0.00471679
v 0.00206699 0.03069168 0.00189300
v 0.00206699 0.03073542 -0.00094695
v 0.00206699 0.03051693 -0.00377882
v 0.00206699 0.03003809 -0.00657844
v 0.00206699 0.02930297 -0.00932194
v 0.00206699 0.02831784 -0.01198591
v 0.00206699 0.02709113 -0.01454763
v 0.00206699 0.02563327 -0.01698522
v 0.00206699 0.02395673 -0.01927791
v 0.00206699 0.02207579 -0.02140612
v 0.00206699 0.02000651 -0.02335170
v 0.00206699 0.01776654 -0.02509806
v 0.00206699 0.01537500 -0.02663028
v 0.00206699 0.01285228 -0.02793531
v 0.00206699 0.01021991 -0.02900200
v 0.00206699 0.00750035 -0.02982125
v 0.00206699 0.00471679 -0.03038609
v 0.00206699 0.00189300 -0.03069168
v 0.00206699 -0.00094695 -0.03073542
v 0.00206699 -0.00377882 -0.03051693
v 0.00206699 -0.00657844 -0.03003809
v 0.00206699 -0.00932194 -0.02930297
v 0.00206699 -0.01198591 -0.02831784
v 0.00206699 -0.01454763 -0.02709113
v 0.00206699 -0.01698522 -0.02563327
v 0.00206699 -0.01927791 -0.02395673
v 0.00206699 -0.02140612 -0.02207579
v 0.00206699 -0.02335170 -0.02000651
v 0.00206699 -0.02509806 -0.01776654
v 0.00206699 -0.02663028 -0.01537500
v 0.00206699 -0.02793531 -0.01285228
v 0.00206699 -0.02900200 -0.01021991
v 0.00206699 -0.02982125 -0.00750035
v 0.00206699 -0.03038609 -0.00471679
v 0.00206699 -0.03069168 -0.00189300
v 0.00206699 -0.03073542 0.00094695
v 0.00206699 -0.03051693 0.00377882
v 0.00206699 -0.03003809 0.00657844
v 0.00206699 -0.02930297 0.00932194
v 0.00206699 -0.02831784 0.01198591
v 0.00206699 -0.02709113 0.01454763
v 0.00206699 -0.02563327 0.01698522
v 0.00206699 -0.02395673 0.01927791
v 0.00206699 -0.02207579 0.02140612
v 0.00206699 -0.02000651 0.02335170
v 0.00206699 -0.01776654 0.02509806
v 0.00206699 -0.01537500 0.02663028
v 0.00225000 -0.01292877 0.02810157
v 0.00225000 -0.01028073 0.02917461
v 0.00225000 -0.00754499 0.02999874
v 0.00225000 -0.00474487 0.03056694
v 0.00225000 -0.00190426 0.03087434
v 0.00225000 0.00095258 0.03091834
v 0.00225000 0.00380130 0.03069856
v 0.00225000 0.00661759 0.03021686
v 0.00225000 0.00937743 0.02947737
v 0.00225000 0.01205725 0.02848638
v 0.00225000 0.01463421 0.02725236
v 0.00225000 0.01708631 0.02578583
v 0.00225000 0.01939264 0.02409931
v 0.00225000 0.02153352 0.02220718
v 0.00225000 0.02349068 0.02012558
v 0.00225000 0.02524743 0.01787229
v 0.00225000 0.02678877 0.01546651
v 0.00225000 0.02810157 0.01292877
v 0.00225000 0.02917461 0.01028073
v 0.00225000 0.02999874 0.00754499
v 0.00225000 0.03056694 0.00474487
v 0.00225000 0.03087434 0.00190426
v 0.00225000 0.03091834 -0.00095258
v 0.00225000 0.03069856 -0.00380130
v 0.00225000 0.03021686 -0.00661759
v 0.00225000 0.02947737 -0.00937743
v 0.00225000 0.02848638 -0.01205725
v 0.00225000 0.02725236 -0.01463421
v 0.00225000 0.02578583 -0.01708631
v 0.00225000 0.02409931 -0.01939264
v 0.00225000 0.02220718 -0.02153352
v 0.00225000 0.02012558 -0.02349068
v 0.00225000 0.01787229 -0.02524743
v 0.00225000 0.01546651 -0.02678877
v 0.00225000 0.01292877 -0.02810157
v 0.00225000 0.01028073 -0.02917461
v 0.00225000 0.00754499 -0.02999874
v 0.00225000 0.00474487 -0.03056694
v 0.00225000 0.00190426 -0.03087434
v 0.00225000 -0.00095258 -0.03091834
v 0.00225000 -0.00380130 -0.03069856
v 0.00225000 -0.00661759 -0.03021686
v 0.00225000 -0.00937743 -0.02947737
v 0.00225000 -0.01205725 -0.02848638
v 0.00225000 -0.01463421 -0.02725236
v 0.00225000 -0.01708631 -0.02578583
v 0.00225000 -0.01939264 -0.02409931
v 0.00225000 -0.02153352 -0.02220718
v 0.00225000 -0.02349068 -0.02012558
v 0.00225000 -0.02524743 -0.01787229
v 0.00225000 -0.02678877 -0.01546651
v 0.00225000 -0.02810157 -0.01292877
v 0.00225000 -0.02917461 -0.01028073
v 0.00225000 -0.02999874 -0.00754499
v 0.00225000 -0.03056694 -0.00474487
v 0.00225000 -0.03087434 -0.00190426
v 0.00225000 -0.03091834 0.00095258
v 0.00225000 -0.03069856 0.00380130
v 0.00225000 -0.03021686 0.00661759
v 0.00225000 -0.02947737 0.00937743
v 0.00225000 -0.02848638 0.01205725
v 0.00225000 -0.02725236 0.01463421
v 0.00225000 -0.02578583 0.01708631
v 0.00225000 -0.02409931 0.01939264
v 0.00225000 -0.02220718 0.02153352
v 0.00225000 -0.02012558 0.02349068
v 0.00225000 -0.01787229 0.02524743
v 0.00225000 -0.01546651 0.02678877
v 0.01506699 0.02793531 0.01285228
v 0.01506699 0.02663028 0.01537500
v 0.01525000 0.02810157 0.01292877
v 0.01525000 0.00661759 0.03021686
v 0.01506699 0.00657844 0.03003809
v 0.01506699 0.00932194 0.02930297
v 0.01506699 0.01198591 0.02831784
v 0.01506699 0.01454763 0.02709113
v 0.01506699 0.01698522 0.02563327
v 0.01506699 0.01927791 0.02395673
v 0.01506699 0.02140612 0.02207579
v 0.01506699 0.02335170 0.02000651
v 0.01506699 0.02509806 0.01776654
v 0.01525000 0.00937743 0.02947737
v 0.01525000 0.01205725 0.02848638
v 0.01525000 0.01463421 0.02725236
v 0.01525000 0.01708631 0.02578583
v 0.01525000 0.01939264 0.02409931
v 0.01525000 0.02153352 0.02220718
v 0.01525000 0.02349068 0.02012558
v 0.01525000 0.02524743 0.01787229
v 0.01525000 0.02678877 0.01546651
v 0.00475000 0.02810157 0.01292877
v 0.00493301 0.00657844 0.03003809
v 0.00475000 0.00661759 0.03021686
v 0.00475000 0.00937743 0.02947737
v 0.00475000 0.01205725 0.02848638
v 0.00475000 0.01463421 0.02725236
v 0.00475000 0.01708631 0.02578583
v 0.00475000 0.01939264 0.02409931
v 0.00475000 0.02153352 0.02220718
v 0.00475000 0.02349068 0.02012558
v 0.00475000 0.02524743 0.01787229
v 0.00475000 0.02678877 0.01546651
v 0.00493301 0.00932194 0.02930297
v 0.00493301 0.01198591 0.02831784
v 0.00493301 0.01454763 0.02709113
v 0.00493301 0.01698522 0.02563327
v 0.00493301 0.01927791 0.02395673
v 0.00493301 0.02140612 0.02207579
v 0.00493301 0.02335170 0.02000651
v 0.00493301 0.02509806 0.01776654
v 0.00493301 0.02663028 0.01537500
v 0.00493301 0.02793531 0.01285228
v 0.01915682 -0.03100000 0.03100000
v 0.01915682 0.03100000 0.03100000
v 0.04809841 0.02100000 0.04000000
v 0.04909841 0.02000000 0.04000000
v 0.04809841 0.02100000 0.03100000
v 0.04909841 0.02000000 0.03100000
v 0.04909841 -0.02000000 0.03100000
v 0.04909841 -0.02000000 0.04000000
v 0.04809841 -0.02100000 0.03100000
v 0.04809841 -0.02100000 0.04000000
v 0.03809841 0.02100000 0.04000000
v 0.01915841 0.02100000 0.03100000
v 0.01915841 0.02100000 0.03650000
v 0.02459841 0.02100000 0.03650000
v 0.02959855 0.02100000 0.03801677
v 0.02804256 0.02100000 0.03718508
v 0.02635423 0.02100000 0.03667293
v 0.03096237 0.02100000 0.03913604
v 0.03208164 0.02100000 0.04049987
v 0.03291333 0.02100000 0.04205585
v 0.03359841 0.02100000 0.07500000
v 0.03809841 0.02100000 0.07500000
v 0.03359841 0.02100000 0.04550000
v 0.03342548 0.02100000 0.04374419
v 0.02459841 -0.02100000 0.03650000
v 0.01915841 -0.02100000 0.03650000
v 0.01915841 -0.02100000 0.03100000
v 0.03809841 -0.02100000 0.04000000
v 0.03342548 -0.02100000 0.04374419
v 0.03291333 -0.02100000 0.04205585
v 0.03208164 -0.02100000 0.04049987
v 0.03096237 -0.02100000 0.03913604
v 0.03809841 -0.02100000 0.07500000
v 0.03359841 -0.02100000 0.07500000
v 0.03359841 -0.02100000 0.04550000
v 0.02959855 -0.02100000 0.03801677
v 0.02804256 -0.02100000 0.03718508
v 0.02635423 -0.02100000 0.03667293
v 0.04809841 0.02000000 0.04100000
v 0.03909841 0.02000000 0.04100000
v 0.04809841 -0.02000000 0.04100000
v 0.03909841 0.02000000 0.07500000
v 0.03909841 -0.02000000 0.04100000
v 0.03809841 0.02072741 0.07707056
v 0.03909841 0.01976148 0.07681173
v 0.03809841 0.01992820 0.07900000
v 0.03909841 0.01906218 0.07850000
v 0.03809841 0.01865685 0.08065686
v 0.03909841 0.01794975 0.07994975
v 0.03809841 0.01700000 0.08192820
v 0.03909841 0.01650000 0.08106218
v 0.03809841 0.01507055 0.08272741
v 0.03909841 0.01481173 0.08176148
v 0.03809841 0.01300000 0.08300000
v 0.03909841 0.01300000 0.08200000
v 0.03909841 -0.02000000 0.07500000
v 0.03909841 -0.01300000 0.08200000
v 0.03809841 -0.01300000 0.08300000
v 0.03809841 -0.01507055 0.08272741
v 0.03909841 -0.01481173 0.08176148
v 0.03809841 -0.01700000 0.08192820
v 0.03909841 -0.01650000 0.08106218
v 0.03809841 -0.01865686 0.08065686
v 0.03909841 -0.01794975 0.07994975
v 0.03809841 -0.01992820 0.07900000
v 0.03909841 -0.01906218 0.07850000
v 0.03809841 -0.02072741 0.07707056
v 0.03909841 -0.01976148 0.07681173
v 0.02909841 -0.01650000 0.04550000
v 0.02909841 0.01650000 0.04550000
v 0.02901195 -0.01650000 0.04462209
v 0.02901195 0.01650000 0.04462209
v 0.02875587 -0.01650000 0.04377792
v 0.02875587 0.01650000 0.04377792
v 0.02834003 -0.01650000 0.04299993
v 0.02834003 0.01650000 0.04299993
v 0.02778039 -0.01650000 0.04231802
v 0.02778039 0.01650000 0.04231802
v 0.02709848 -0.01650000 0.04175839
v 0.02709848 0.01650000 0.04175839
v 0.02632049 -0.01650000 0.04134254
v 0.02632049 0.01650000 0.04134254
v 0.02547632 -0.01650000 0.04108647
v 0.02547632 0.01650000 0.04108647
v 0.02459841 -0.01650000 0.04100000
v 0.02459841 0.01650000 0.04100000
v 0.02925175 0.01766469 0.04550000
v 0.02916233 0.01766469 0.04459218
v 0.02960325 0.01875000 0.04450447
v 0.03030464 0.01968198 0.04436496
v 0.02997356 0.01968198 0.04327354
v 0.03121871 0.02039711 0.04418314
v 0.03083460 0.02039711 0.04291689
v 0.03228317 0.02084667 0.04397140
v 0.03183730 0.02084667 0.04250155
v 0.02612701 0.02084667 0.03781524
v 0.02759686 0.02084667 0.03826112
v 0.02895148 0.02084667 0.03898517
v 0.03013882 0.02084667 0.03995960
v 0.03111324 0.02084667 0.04114693
v 0.03243373 0.02084667 0.04550000
v 0.03021083 0.02039711 0.04174990
v 0.02937138 0.02039711 0.04072703
v 0.02834851 0.02039711 0.03988758
v 0.02718153 0.02039711 0.03926381
v 0.02591527 0.02039711 0.03887970
v 0.02943592 0.01968198 0.04226768
v 0.02871237 0.01968198 0.04138604
v 0.02783073 0.01968198 0.04066249
v 0.02682487 0.01968198 0.04012485
v 0.02573345 0.01968198 0.03979377
v 0.02931286 0.01875000 0.04354721
v 0.02884131 0.01875000 0.04266499
v 0.02820670 0.01875000 0.04189172
v 0.02743342 0.01875000 0.04125711
v 0.02655120 0.01875000 0.04078555
v 0.02559394 0.01875000 0.04049516
v 0.02944095 0.01822207 0.04550000
v 0.02970130 0.01875000 0.04550000
v 0.03041643 0.01968198 0.04550000
v 0.03134841 0.02039711 0.04550000
v 0.03187634 0.02065746 0.04550000
v 0.02459841 0.02084667 0.03766469
v 0.02459841 0.02065746 0.03822207
v 0.02459841 0.02039711 0.03875000
v 0.02459841 0.01968198 0.03968198
v 0.02459841 0.01875000 0.04039712
v 0.02459841 0.01822207 0.04065746
v 0.02889753 0.01766469 0.04371925
v 0.02846752 0.01766469 0.04291475
v 0.02788882 0.01766469 0.04220960
v 0.02718367 0.01766469 0.04163089
v 0.02637917 0.01766469 0.04120088
v 0.02550623 0.01766469 0.04093608
v 0.02459841 0.01766469 0.04084667
v 0.02459841 -0.02065746 0.03822207
v 0.02459841 -0.02084667 0.03766469
v 0.02612701 -0.02084667 0.03781524
v 0.03187634 -0.02065746 0.04550000
v 0.03134841 -0.02039711 0.04550000
v 0.03121871 -0.02039711 0.04418314
v 0.03041643 -0.01968198 0.04550000
v 0.03030464 -0.01968198 0.04436496
v 0.02459841 -0.01822208 0.04065746
v 0.02459841 -0.01875000 0.04039712
v 0.02559394 -0.01875000 0.04049516
v 0.02944095 -0.01822208 0.04550000
v 0.02925175 -0.01766469 0.04550000
v 0.02916233 -0.01766469 0.04459218
v 0.02889753 -0.01766469 0.04371925
v 0.02846752 -0.01766469 0.04291475
v 0.02788882 -0.01766469 0.04220960
v 0.02718367 -0.01766469 0.04163089
v 0.02637917 -0.01766469 0.04120088
v 0.02550623 -0.01766469 0.04093608
v 0.02459841 -0.01766469 0.04084667
v 0.02970130 -0.01875000 0.04550000
v 0.02960325 -0.01875000 0.04450447
v 0.02931286 -0.01875000 0.04354721
v 0.02884131 -0.01875000 0.04266499
v 0.02820670 -0.01875000 0.04189172
v 0.02743342 -0.01875000 0.04125711
v 0.02655120 -0.01875000 0.04078555
v 0.02997356 -0.01968198 0.04327354
v 0.02943592 -0.01968198 0.04226768
v 0.02871237 -0.01968198 0.04138604
v 0.02783073 -0.01968198 0.04066249
v 0.02682487 -0.01968198 0.04012485
v 0.02573345 -0.01968198 0.03979377
v 0.02459841 -0.01968198 0.03968198
v 0.03083460 -0.02039711 0.04291689
v 0.03021083 -0.02039711 0.04174990
v 0.02937138 -0.02039711 0.04072703
v 0.02834851 -0.02039711 0.03988758
v 0.02718153 -0.02039711 0.03926381
v 0.02591527 -0.02039711 0.03887970
v 0.02459841 -0.02039711 0.03875000
v 0.03243373 -0.02084667 0.04550000
v 0.03228317 -0.02084667 0.04397140
v 0.03183730 -0.02084667 0.04250155
v 0.03111324 -0.02084667 0.04114693
v 0.03013882 -0.02084667 0.03995960
v 0.02895148 -0.02084667 0.03898517
v 0.02759686 -0.02084667 0.03826112
v 0.02909841 0.01650000 0.07500000
v 0.02925175 0.01766469 0.07500000
v 0.02944095 0.01822207 0.07500000
v 0.02970130 0.01875000 0.07500000
v 0.03041643 0.01968198 0.07500000
v 0.03134841 0.02039711 0.07500000
v 0.03187634 0.02065746 0.07500000
v 0.03243373 0.02084667 0.07500000
v 0.01915841 0.01650000 0.04100000
v 0.01915841 0.01822207 0.04065746
v 0.01915841 0.01968198 0.03968198
v 0.01915841 0.02065746 0.03822207
v 0.01915841 -0.01650000 0.04100000
v 0.01915841 -0.01822208 0.04065746
v 0.01915841 -0.01968198 0.03968198
v 0.01915841 -0.02065746 0.03822207
v 0.03243373 -0.02084667 0.07500000
v 0.03187634 -0.02065746 0.07500000
v 0.03134841 -0.02039711 0.07500000
v 0.03041643 -0.01968198 0.07500000
v 0.02970130 -0.01875000 0.07500000
v 0.02944095 -0.01822208 0.07500000
v 0.02925175 -0.01766469 0.07500000
v 0.02909841 -0.01650000 0.07500000
v 0.03359841 0.01507055 0.08272741
v 0.03359841 0.01606147 0.08239104
v 0.03243373 0.01600279 0.08224937
v 0.03359841 0.01700000 0.08192820
v 0.03359841 0.01744456 0.08165175
v 0.03243373 0.01735937 0.08152427
v 0.03359841 0.01992820 0.07900000
v 0.03359841 0.02039104 0.07806147
v 0.03243373 0.02024937 0.07800279
v 0.03359841 0.02072741 0.07707056
v 0.03359841 0.02084628 0.07656072
v 0.03243373 0.02069589 0.07653081
v 0.02925175 0.01391003 0.07957505
v 0.02909841 0.01368282 0.07843275
v 0.02909841 0.01300000 0.07850000
v 0.02909841 0.01643275 0.07568282
v 0.02925175 0.01757506 0.07591004
v 0.02970130 0.01863952 0.07612177
v 0.02925175 0.01300000 0.07966468
v 0.02944095 0.01300000 0.08022208
v 0.02970130 0.01412177 0.08063952
v 0.02970130 0.01300000 0.08075000
v 0.03041643 0.01430359 0.08155359
v 0.03041643 0.01300000 0.08168198
v 0.03134841 0.01444311 0.08225498
v 0.03134841 0.02025498 0.07644311
v 0.03041643 0.01955359 0.07630359
v 0.03134841 0.01983404 0.07783075
v 0.03041643 0.01917334 0.07755709
v 0.02970130 0.01831231 0.07720043
v 0.02925175 0.01730961 0.07678510
v 0.02909841 0.01623358 0.07633939
v 0.03359841 0.01965176 0.07944456
v 0.03243373 0.01952427 0.07935937
v 0.03134841 0.01915048 0.07910962
v 0.03041643 0.01855586 0.07871231
v 0.02970130 0.01778095 0.07819453
v 0.02925175 0.01687855 0.07759156
v 0.02909841 0.01591014 0.07694450
v 0.02909841 0.01547487 0.07747488
v 0.02925175 0.01629843 0.07829843
v 0.02970130 0.01706586 0.07906587
v 0.03041643 0.01772487 0.07972488
v 0.03134841 0.01823055 0.08023055
v 0.03243373 0.01854843 0.08054843
v 0.03359841 0.01865685 0.08065686
v 0.02909841 0.01494450 0.07791015
v 0.02925175 0.01559156 0.07887854
v 0.02970130 0.01619453 0.07978095
v 0.03041643 0.01671231 0.08055586
v 0.03134841 0.01710962 0.08115048
v 0.03134841 0.01583075 0.08183404
v 0.03041643 0.01555708 0.08117335
v 0.02970130 0.01520043 0.08031231
v 0.02925175 0.01478510 0.07930961
v 0.02909841 0.01433939 0.07823358
v 0.03359841 0.01456072 0.08284628
v 0.03243373 0.01453081 0.08269589
v 0.03134841 0.01300000 0.08239711
v 0.03187634 0.01300000 0.08265746
v 0.03243373 0.01300000 0.08284666
v 0.03359841 0.01300000 0.08300000
v 0.03359841 -0.02072741 0.07707056
v 0.03359841 -0.02039104 0.07806147
v 0.03243373 -0.02024938 0.07800279
v 0.03359841 -0.01992820 0.07900000
v 0.03359841 -0.01965176 0.07944456
v 0.03243373 -0.01952426 0.07935937
v 0.03359841 -0.01700000 0.08192820
v 0.03359841 -0.01606147 0.08239104
v 0.03243373 -0.01600279 0.08224937
v 0.03359841 -0.01507055 0.08272741
v 0.03359841 -0.01456072 0.08284628
v 0.03243373 -0.01453081 0.08269589
v 0.02925175 -0.01757506 0.07591004
v 0.02909841 -0.01643275 0.07568282
v 0.02909841 -0.01300000 0.07850000
v 0.02909841 -0.01368282 0.07843275
v 0.02925175 -0.01300000 0.07966468
v 0.02925175 -0.01391003 0.07957505
v 0.02944095 -0.01300000 0.08022208
v 0.02970130 -0.01412177 0.08063952
v 0.02970130 -0.01863951 0.07612177
v 0.03041643 -0.01955359 0.07630359
v 0.03134841 -0.02025498 0.07644311
v 0.03187634 -0.01300000 0.08265746
v 0.03134841 -0.01444311 0.08225498
v 0.03134841 -0.01300000 0.08239711
v 0.03041643 -0.01430359 0.08155359
v 0.03041643 -0.01300000 0.08168198
v 0.02970130 -0.01300000 0.08075000
v 0.03359841 -0.01300000 0.08300000
v 0.03243373 -0.01300000 0.08284666
v 0.03134841 -0.01583075 0.08183404
v 0.03041643 -0.01555708 0.08117335
v 0.02970130 -0.01520043 0.08031231
v 0.02925175 -0.01478510 0.07930961
v 0.02909841 -0.01433939 0.07823358
v 0.03359841 -0.01744456 0.08165175
v 0.03243373 -0.01735937 0.08152427
v 0.03134841 -0.01710962 0.08115048
v 0.03041643 -0.01671231 0.08055586
v 0.02970130 -0.01619453 0.07978095
v 0.02925175 -0.01559156 0.07887854
v 0.02909841 -0.01494450 0.07791015
v 0.02909841 -0.01547487 0.07747488
v 0.02925175 -0.01629843 0.07829843
v 0.02970130 -0.01706587 0.07906587
v 0.03041643 -0.01772487 0.07972488
v 0.03134841 -0.01823055 0.08023055
v 0.03243373 -0.01854843 0.08054843
v 0.03359841 -0.01865686 0.08065686
v 0.02909841 -0.01591014 0.07694450
v 0.02925175 -0.01687854 0.07759156
v 0.02970130 -0.01778095 0.07819453
v 0.03041643 -0.01855586 0.07871231
v 0.03134841 -0.01915048 0.07910962
v 0.03134841 -0.01983404 0.07783075
v 0.03041643 -0.01917334 0.07755709
v 0.02970130 -0.01831231 0.07720043
v 0.02925175 -0.01730961 0.07678510
v 0.02909841 -0.01623358 0.07633939
v 0.03359841 -0.02084628 0.07656072
v 0.03243373 -0.02069590 0.07653081
v 0.03209841 0.01165000 0.06200000
v 0.03209841 0.01291282 0.06128205
v 0.03209841 0.01142894 0.06117500
v 0.03209841 0.01224553 0.06001063
v 0.03209841 0.01082500 0.06057106
v 0.03209841 0.01106381 0.05919495
v 0.03209841 0.01000000 0.06035000
v 0.03209841 0.00963839 0.05902188
v 0.03209841 0.00917500 0.06057106
v 0.03209841 0.00829581 0.05953105
v 0.03209841 0.00857106 0.06117500
v 0.03209841 0.00734363 0.06060583
v 0.03209841 0.00835000 0.06200000
v 0.03209841 0.00700000 0.06200000
v 0.03209841 0.00857106 0.06282500
v 0.03209841 0.00734363 0.06339417
v 0.03209841 0.00917500 0.06342895
v 0.03209841 0.00829581 0.06446895
v 0.03209841 0.01000000 0.06365000
v 0.03209841 0.00963839 0.06497813
v 0.03209841 0.01082500 0.06342895
v 0.03209841 0.01106381 0.06480505
v 0.03209841 0.01142894 0.06282500
v 0.03209841 0.01224553 0.06398937
v 0.03209841 0.01291282 0.06271794
v 0.02909841 0.00700000 0.06200000
v 0.02909841 0.00734363 0.06339417
v 0.02909841 0.00829581 0.06446895
v 0.02909841 0.00963839 0.06497813
v 0.02909841 0.01106381 0.06480505
v 0.02909841 0.01224553 0.06398937
v 0.02909841 0.01291282 0.06271794
v 0.02909841 0.01291282 0.06128205
v 0.02909841 0.01224553 0.06001063
v 0.02909841 0.01106381 0.05919495
v 0.02909841 0.00963839 0.05902188
v 0.02909841 0.00829581 0.05953105
v 0.02909841 0.00734363 0.06060583
v 0.03209841 -0.01300000 0.06200000
v 0.02909841 -0.01300000 0.06200000
v 0.03209841 -0.01265637 0.06339417
v 0.02909841 -0.01265637 0.06339417
v 0.03209841 -0.01170419 0.06446895
v 0.02909841 -0.01170419 0.06446895
v 0.03209841 -0.01036161 0.06497813
v 0.02909841 -0.01036161 0.06497813
v 0.03209841 -0.00893619 0.06480505
v 0.02909841 -0.00893619 0.06480505
v 0.03209841 -0.00775447 0.06398937
v 0.02909841 -0.00775447 0.06398937
v 0.03209841 -0.00708718 0.06271794
v 0.02909841 -0.00708718 0.06271794
v 0.03209841 -0.00708718 0.06128205
v 0.02909841 -0.00708718 0.06128205
v 0.03209841 -0.00775447 0.06001063
v 0.02909841 -0.00775447 0.06001063
v 0.03209841 -0.00893619 0.05919495
v 0.02909841 -0.00893619 0.05919495
v 0.03209841 -0.01036161 0.05902188
v 0.02909841 -0.01036161 0.05902188
v 0.03209841 -0.01170419 0.05953105
v 0.02909841 -0.01170419 0.05953105
v 0.03209841 -0.01265637 0.06060583
v 0.02909841 -0.01265637 0.06060583
v 0.03209841 -0.00835000 0.06200000
v 0.03209841 -0.00857106 0.06117500
v 0.03209841 -0.00917500 0.06057106
v 0.03209841 -0.01000000 0.06035000
v 0.03209841 -0.01082500 0.06057106
v 0.03209841 -0.01142894 0.06117500
v 0.03209841 -0.01165000 0.06200000
v 0.03209841 -0.01142894 0.06282500
v 0.03209841 -0.01082500 0.06342895
v 0.03209841 -0.01000000 0.06365000
v 0.03209841 -0.00917500 0.06342895
v 0.03209841 -0.00857106 0.06282500
v 0.03909841 0.01082500 0.06057106
v 0.03909841 0.01000000 0.06035000
v 0.03909841 0.01082500 0.06342895
v 0.03909841 0.01142894 0.06282500
v 0.03909841 0.01165000 0.06200000
v 0.03909841 0.01142894 0.06117500
v 0.03909841 0.00917500 0.06057106
v 0.03909841 -0.00835000 0.06200000
v 0.03909841 -0.00857106 0.06117500
v 0.03909841 -0.00917500 0.06057106
v 0.03909841 -0.01000000 0.06035000
v 0.03909841 -0.01082500 0.06057106
v 0.03909841 -0.01142894 0.06117500
v 0.03909841 -0.01165000 0.06200000
v 0.03909841 -0.01142894 0.06282500
v 0.03909841 -0.01082500 0.06342895
v 0.03909841 -0.01000000 0.06365000
v 0.03909841 0.00857106 0.06117500
v 0.03909841 0.00835000 0.06200000
v 0.03909841 -0.00857106 0.06282500
v 0.03909841 0.00857106 0.06282500
v 0.03909841 -0.00917500 0.06342895
v 0.03909841 0.00917500 0.06342895
v 0.03909841 0.01000000 0.06365000
v 0.02650000 0.00767531 -0.00469996
v 0.03020000 0.00767531 -0.00469996
v 0.02650000 0.00868854 -0.00234720
v 0.03020000 0.00868854 -0.00234720
v 0.02650000 0.00899787 0.00019572
v 0.03020000 0.00899787 0.00019572
v 0.02650000 0.00857825 0.00272279
v 0.03020000 0.00857825 0.00272279
v 0.02650000 0.00746367 0.00502927
v 0.03020000 0.00746367 0.00502927
v 0.02650000 0.00574443 0.00692831
v 0.03020000 0.00574443 0.00692831
v 0.02650000 0.00355981 0.00826606
v 0.03020000 0.00355981 0.00826606
v 0.02650000 0.00108680 0.00893414
v 0.03020000 0.00108680 0.00893414
v 0.02650000 -0.00147426 0.00887843
v 0.03020000 -0.00147426 0.00887843
v 0.02650000 -0.00391589 0.00810345
v 0.03020000 -0.00391589 0.00810345
v 0.02650000 -0.00604027 0.00667197
v 0.03020000 -0.00604027 0.00667197
v 0.02650000 -0.00767531 0.00469996
v 0.03020000 -0.00767531 0.00469996
v 0.02650000 -0.00553691 0.00611597
v 0.02650000 -0.00703570 0.00430830
v 0.02650000 -0.00796449 0.00215160
v 0.02650000 -0.00868854 0.00234720
v 0.02650000 -0.00824805 -0.00017941
v 0.02650000 -0.00899787 -0.00019572
v 0.02650000 -0.00786340 -0.00249589
v 0.02650000 -0.00857825 -0.00272279
v 0.02650000 -0.00684170 -0.00461016
v 0.02650000 -0.00746367 -0.00502927
v 0.02650000 -0.00526573 -0.00635095
v 0.02650000 -0.00574443 -0.00692831
v 0.02650000 -0.00326316 -0.00757722
v 0.02650000 -0.00355981 -0.00826606
v 0.02650000 -0.00099623 -0.00818963
v 0.02650000 -0.00108680 -0.00893414
v 0.02650000 0.00135141 -0.00813856
v 0.02650000 0.00147426 -0.00887843
v 0.02650000 0.00358956 -0.00742816
v 0.02650000 0.00391589 -0.00810345
v 0.02650000 0.00553691 -0.00611597
v 0.02650000 0.00604027 -0.00667197
v 0.02650000 0.00703570 -0.00430830
v 0.02650000 0.00796449 -0.00215160
v 0.02650000 0.00824805 0.00017941
v 0.02650000 0.00786340 0.00249589
v 0.02650000 0.00684170 0.00461016
v 0.02650000 0.00526573 0.00635095
v 0.02650000 0.00326316 0.00757722
v 0.02650000 0.00099623 0.00818963
v 0.02650000 -0.00135141 0.00813856
v 0.02650000 -0.00358956 0.00742816
v 0.03050000 0.00793115 -0.00485663
v 0.03050000 0.00897815 -0.00242544
v 0.03050000 0.00929780 0.00020225
v 0.03050000 0.00886420 0.00281355
v 0.03050000 0.00771246 0.00519691
v 0.03050000 0.00593592 0.00715925
v 0.03050000 0.00367848 0.00854159
v 0.03050000 0.00112303 0.00923194
v 0.03050000 -0.00152340 0.00917438
v 0.03050000 -0.00404642 0.00837356
v 0.03050000 -0.00624161 0.00689436
v 0.03050000 -0.00793115 0.00485663
v 0.02120000 0.00703570 -0.00430830
v 0.02120000 0.00796449 -0.00215160
v 0.02120000 0.00824805 0.00017941
v 0.02120000 0.00786340 0.00249589
v 0.02120000 0.00684170 0.00461016
v 0.02120000 0.00526573 0.00635095
v 0.02120000 0.00326316 0.00757722
v 0.02120000 0.00099623 0.00818963
v 0.02120000 -0.00135141 0.00813856
v 0.02120000 -0.00358956 0.00742816
v 0.02120000 -0.00553691 0.00611597
v 0.02120000 -0.00703570 0.00430830
v 0.03050000 0.00624161 -0.00689436
v 0.03050000 0.00404642 -0.00837356
v 0.03050000 0.00968337 -0.00674200
v 0.03050000 -0.00112303 -0.00923194
v 0.03050000 -0.00000836 -0.01200000
v 0.03050000 0.00152340 -0.00917438
v 0.03050000 0.00279188 -0.01167071
v 0.03050000 0.00543800 -0.01069711
v 0.03050000 0.00778389 -0.00913296
v 0.03050000 0.00970007 -0.00706461
v 0.03050000 0.00976532 -0.00697413
v 0.03050000 0.01040698 -0.00556031
v 0.03050000 0.01065100 -0.00552777
v 0.03050000 0.01070192 -0.00542852
v 0.03050000 -0.00929780 -0.00020225
v 0.03050000 -0.01185228 -0.00187706
v 0.03050000 -0.00886420 -0.00281355
v 0.03050000 -0.01108714 -0.00459079
v 0.03050000 -0.00771246 -0.00519691
v 0.03050000 -0.00970990 -0.00705108
v 0.03050000 -0.00593592 -0.00715925
v 0.03050000 -0.00779662 -0.00912210
v 0.03050000 -0.00367848 -0.00854159
v 0.03050000 -0.00545290 -0.01068952
v 0.03050000 -0.00280815 -0.01166680
v 0.03050000 0.01167317 -0.00278155
v 0.03050000 0.01199999 0.00001899
v 0.03050000 0.00968109 -0.00632414
v 0.03050000 0.00980734 -0.00600551
v 0.03050000 0.01003375 -0.00574822
v 0.03050000 -0.00371586 0.01141019
v 0.03050000 -0.00627568 0.01022819
v 0.03050000 -0.00848904 0.00848152
v 0.03050000 -0.01023374 0.00626662
v 0.03050000 -0.00897815 0.00242544
v 0.03050000 -0.01141347 0.00370575
v 0.03050000 -0.01196310 0.00094030
v 0.03050000 0.01166431 0.00281848
v 0.03050000 0.01068469 0.00546236
v 0.03050000 0.00911520 0.00780469
v 0.03050000 0.00704248 0.00971614
v 0.03050000 0.00458097 0.01109120
v 0.03050000 0.00186656 0.01185394
v 0.03050000 -0.00095090 0.01196227
v 0.02120000 0.00574443 0.00692831
v 0.02120000 0.00746367 0.00502927
v 0.02120000 0.00857825 0.00272279
v 0.02120000 0.00899787 0.00019572
v 0.02120000 0.00868854 -0.00234720
v 0.02120000 0.00767531 -0.00469996
v 0.02120000 0.00553691 -0.00611597
v 0.02120000 0.00604027 -0.00667197
v 0.02120000 0.00358956 -0.00742816
v 0.02120000 0.00391589 -0.00810345
v 0.02120000 0.00135141 -0.00813856
v 0.02120000 0.00147426 -0.00887843
v 0.02120000 -0.00099623 -0.00818963
v 0.02120000 -0.00108680 -0.00893414
v 0.02120000 -0.00326316 -0.00757722
v 0.02120000 -0.00355981 -0.00826606
v 0.02120000 -0.00526573 -0.00635095
v 0.02120000 -0.00574443 -0.00692831
v 0.02120000 -0.00684170 -0.00461016
v 0.02120000 -0.00746367 -0.00502927
v 0.02120000 -0.00786340 -0.00249589
v 0.02120000 -0.00857825 -0.00272279
v 0.02120000 -0.00824805 -0.00017941
v 0.02120000 -0.00899787 -0.00019572
v 0.02120000 -0.00796449 0.00215160
v 0.02120000 -0.00868854 0.00234720
v 0.02120000 -0.00767531 0.00469996
v 0.02120000 -0.00604027 0.00667197
v 0.02120000 -0.00391589 0.00810345
v 0.02120000 -0.00147426 0.00887843
v 0.02120000 0.00108680 0.00893414
v 0.02120000 0.00355981 0.00826606
v 0.03010730 0.01105159 -0.00560727
v 0.03000000 0.01114784 -0.00565471
v 0.03000000 0.01215956 -0.00289744
v 0.03000000 0.01249998 0.00001978
v 0.03000000 0.01215033 0.00293591
v 0.03000000 0.01112988 0.00568996
v 0.03000000 0.00949500 0.00812989
v 0.03000000 0.00733592 0.01012098
v 0.03000000 0.00477185 0.01155333
v 0.03000000 0.00194434 0.01234786
v 0.03000000 -0.00099052 0.01246069
v 0.03000000 -0.00387069 0.01188561
v 0.03000000 -0.00653716 0.01065436
v 0.03000000 -0.00884275 0.00883492
v 0.03000000 -0.01066015 0.00652773
v 0.03000000 0.01010424 -0.00735897
v 0.02000000 0.01010424 -0.00735897
v 0.03040381 0.00981744 -0.00706653
v 0.02000000 0.00985621 -0.00712244
v 0.02000000 0.00968337 -0.00674200
v 0.02000000 0.00980734 -0.00600551
v 0.02000000 0.00968109 -0.00632414
v 0.01750000 -0.00767531 0.00469996
v 0.01750000 -0.00661091 0.00610703
v 0.01750000 -0.00391589 0.00810345
v 0.01750000 -0.00529246 0.00727941
v 0.01750000 -0.00604027 0.00667197
v 0.01750000 -0.00377062 0.00817205
v 0.01750000 -0.00210389 0.00875064
v 0.01750000 0.00108680 0.00893414
v 0.01750000 -0.00035630 0.00899294
v 0.01750000 -0.00147426 0.00887843
v 0.01750000 0.00140499 0.00888966
v 0.01750000 0.00311228 0.00844475
v 0.01750000 0.00574443 0.00692831
v 0.01750000 0.00469996 0.00767531
v 0.01750000 0.00355981 0.00826606
v 0.01750000 0.00610703 0.00661091
v 0.01750000 0.00727941 0.00529246
v 0.01750000 0.00857825 0.00272279
v 0.01750000 0.00817205 0.00377062
v 0.01750000 0.00746367 0.00502927
v 0.01750000 0.00875064 0.00210389
v 0.01750000 0.00899294 0.00035630
v 0.01750000 0.00899787 0.00019572
v 0.01750000 0.00888966 -0.00140499
v 0.01750000 0.00767531 -0.00469996
v 0.01750000 0.00844475 -0.00311228
v 0.01750000 0.00868854 -0.00234720
v 0.02000000 0.01114784 -0.00565471
v 0.02000000 0.01215956 -0.00289744
v 0.02000000 0.01249998 0.00001978
v 0.02000000 0.01215033 0.00293591
v 0.02000000 0.01112988 0.00568996
v 0.02000000 0.00949500 0.00812989
v 0.02000000 0.00733592 0.01012098
v 0.02000000 0.00477185 0.01155333
v 0.02000000 0.00194434 0.01234786
v 0.02000000 -0.00099052 0.01246069
v 0.02000000 -0.00387069 0.01188561
v 0.02000000 -0.00653716 0.01065436
v 0.02000000 -0.00884275 0.00883492
v 0.02000000 -0.01066015 0.00652773
v 0.01720000 -0.00485663 -0.00793115
v 0.01724019 -0.00477830 -0.00780323
v 0.01724019 -0.00316415 -0.00858549
v 0.01750000 -0.00469996 -0.00767531
v 0.01750000 -0.00355981 -0.00826606
v 0.01735000 -0.00472095 -0.00770958
v 0.01735000 -0.00312618 -0.00848246
v 0.01750000 0.00147426 -0.00887843
v 0.01735000 0.00211328 -0.00878972
v 0.01735000 0.00035789 -0.00903311
v 0.01750000 -0.00311228 -0.00844475
v 0.01750000 -0.00140499 -0.00888966
v 0.01735000 -0.00141126 -0.00892936
v 0.01750000 -0.00108680 -0.00893414
v 0.01750000 0.00035630 -0.00899294
v 0.01750000 0.00604027 -0.00667197
v 0.01735000 0.00664043 -0.00613431
v 0.01735000 0.00531610 -0.00731192
v 0.01750000 0.00210389 -0.00875064
v 0.01750000 0.00377062 -0.00817205
v 0.01735000 0.00378746 -0.00820854
v 0.01750000 0.00391589 -0.00810345
v 0.01750000 0.00529246 -0.00727941
v 0.01750000 0.00661091 -0.00610703
v 0.01735000 0.00770958 -0.00472095
v 0.01735000 0.00848246 -0.00312618
v 0.01735000 0.00892936 -0.00141126
v 0.01735000 0.00903311 0.00035789
v 0.01735000 0.00878972 0.00211328
v 0.01735000 0.00820854 0.00378746
v 0.01735000 0.00731192 0.00531610
v 0.01735000 0.00472095 0.00770958
v 0.01735000 0.00613431 0.00664043
v 0.01724019 -0.00142840 -0.00903782
v 0.01724019 0.00036223 -0.00914283
v 0.01724019 0.00213895 -0.00889648
v 0.01724019 0.00383347 -0.00830825
v 0.01724019 0.00538067 -0.00740074
v 0.01724019 0.00672109 -0.00620882
v 0.01724019 0.00780323 -0.00477830
v 0.01724019 0.00858549 -0.00316415
v 0.01724019 0.00903782 -0.00142840
v 0.01724019 0.00914283 0.00036223
v 0.01724019 0.00889648 0.00213895
v 0.01724019 0.00830825 0.00383347
v 0.01724019 0.00740074 0.00538067
v 0.01724019 0.00620882 0.00672109
v 0.01724019 0.00477830 0.00780323
v 0.01720000 -0.00321602 -0.00872624
v 0.01720000 -0.00145182 -0.00918598
v 0.01720000 0.00036817 -0.00929271
v 0.01720000 0.00217401 -0.00904233
v 0.01720000 0.00389631 -0.00844445
v 0.01720000 0.00546888 -0.00752206
v 0.01720000 0.00683127 -0.00631060
v 0.01720000 0.00793115 -0.00485663
v 0.01720000 0.00872624 -0.00321602
v 0.01720000 0.00918598 -0.00145182
v 0.01720000 0.00929271 0.00036817
v 0.01720000 0.00904233 0.00217401
v 0.01720000 0.00844445 0.00389631
v 0.01720000 0.00752206 0.00546888
v 0.01720000 0.00631060 0.00683127
v 0.01720000 0.00485663 0.00793115
v 0.02000000 0.01082441 -0.00554131
v 0.02000000 0.01040698 -0.00556031
v 0.02000000 0.01151296 -0.00704995
v 0.02000000 0.01003375 -0.00574822
v 0.02000000 -0.00000871 -0.01250000
v 0.02000000 -0.00292515 -0.01215292
v 0.02000000 -0.00285184 -0.01319534
v 0.02000000 0.00566458 -0.01114282
v 0.02000000 0.00599751 -0.01209462
v 0.02000000 0.00731396 -0.01134707
v 0.02000000 -0.01234613 -0.00195527
v 0.02000000 -0.01339677 -0.00166634
v 0.02000000 -0.01312596 -0.00315583
v 0.02000000 0.00135649 0.01343168
v 0.02000000 0.00810822 -0.00951350
v 0.02000000 0.00460563 -0.01269008
v 0.02000000 0.00290821 -0.01215699
v 0.02000000 0.00315583 -0.01312596
v 0.02000000 -0.00135649 -0.01343168
v 0.02000000 0.00015590 -0.01349910
v 0.02000000 0.00166634 -0.01339677
v 0.02000000 -0.00568010 -0.01113492
v 0.02000000 -0.00812147 -0.00950219
v 0.02000000 -0.00829466 -0.01065123
v 0.02000000 -0.01154910 -0.00478208
v 0.02000000 -0.01349910 -0.00015590
v 0.02000000 -0.01246157 0.00097948
v 0.02000000 -0.01343168 0.00135649
v 0.02000000 -0.00460563 0.01269008
v 0.02000000 0.00829466 0.01065123
v 0.02000000 0.00704995 0.01151296
v 0.02000000 0.00853844 -0.01045682
v 0.02000000 0.00965555 -0.00943506
v 0.02000000 0.01065123 -0.00829466
v 0.02000000 -0.00704995 -0.01151296
v 0.02000000 -0.00571657 -0.01222991
v 0.02000000 -0.00431131 -0.01279307
v 0.02000000 -0.01319534 0.00285184
v 0.02000000 -0.01188904 0.00386016
v 0.02000000 -0.01279307 0.00431131
v 0.02000000 -0.01222991 0.00571657
v 0.02000000 -0.01151296 0.00704995
v 0.02000000 -0.00965555 0.00943506
v 0.02000000 -0.01065123 0.00829466
v 0.02000000 -0.00599751 0.01209462
v 0.02000000 -0.00731396 0.01134707
v 0.02000000 -0.00853844 0.01045682
v 0.02000000 -0.00015590 0.01349910
v 0.02000000 -0.00166634 0.01339677
v 0.02000000 -0.00315583 0.01312596
v 0.02000000 -0.01269008 -0.00460563
v 0.02000000 -0.01209462 -0.00599751
v 0.02000000 -0.01011448 -0.00734488
v 0.02000000 0.00571657 0.01222991
v 0.02000000 0.00431131 0.01279307
v 0.02000000 0.00285184 0.01319534
v 0.02000000 0.00943506 0.00965555
v 0.02000000 0.01045682 0.00853844
v 0.02000000 0.01134707 0.00731396
v 0.02000000 0.01209462 0.00599751
v 0.02000000 0.01319534 -0.00285184
v 0.02000000 -0.01134707 -0.00731396
v 0.02000000 -0.01045682 -0.00853844
v 0.02000000 -0.00943506 -0.00965555
v 0.02000000 0.01269008 0.00460563
v 0.02000000 0.01312596 0.00315583
v 0.02000000 0.01343168 -0.00135649
v 0.02000000 0.01349910 0.00015590
v 0.02000000 0.01339677 0.00166634
v 0.02000000 0.01222991 -0.00571657
v 0.02000000 0.01279307 -0.00431131
v 0.01720000 -0.00793115 0.00485663
v 0.01720000 -0.00872624 0.00321602
v 0.01720000 -0.01064162 0.00486270
v 0.01720000 -0.00844445 -0.00389631
v 0.01720000 -0.01118994 -0.00341692
v 0.01720000 -0.00904233 -0.00217401
v 0.01720000 -0.01152021 -0.00204321
v 0.01720000 -0.00929271 -0.00036817
v 0.01720000 0.00341692 -0.01118994
v 0.01720000 0.00204321 -0.01152021
v 0.01720000 0.01167443 -0.00077313
v 0.01720000 0.01149612 -0.00217469
v 0.01720000 0.00726811 0.00916868
v 0.01720000 0.00832028 0.00822575
v 0.01720000 -0.01168250 -0.00063970
v 0.01720000 -0.01167443 0.00077313
v 0.01720000 -0.00918598 0.00145182
v 0.01720000 -0.01149612 0.00217469
v 0.01720000 -0.01115017 0.00354454
v 0.01720000 0.01118994 0.00341692
v 0.01720000 0.01152021 0.00204321
v 0.01720000 0.01168250 0.00063970
v 0.01720000 0.00321602 0.00872624
v 0.01720000 0.00486270 0.01064162
v 0.01720000 0.00610995 0.00997790
v 0.01720000 -0.00036817 0.00929271
v 0.01720000 0.00077313 0.01167443
v 0.01720000 0.00145182 0.00918598
v 0.01720000 0.00217469 0.01149612
v 0.01720000 0.00354454 0.01115017
v 0.01720000 0.00599555 -0.01004706
v 0.01720000 0.00474080 -0.01069649
v 0.01720000 -0.00752206 -0.00546888
v 0.01720000 -0.01004706 -0.00599555
v 0.01720000 -0.01069649 -0.00474080
v 0.01720000 -0.00726811 -0.00916868
v 0.01720000 -0.00631060 -0.00683127
v 0.01720000 -0.00832028 -0.00822575
v 0.01720000 -0.00925112 -0.00716288
v 0.01720000 0.00916868 -0.00726811
v 0.01720000 0.00822575 -0.00832028
v 0.01720000 0.00716288 -0.00925112
v 0.01720000 0.00925112 0.00716288
v 0.01720000 0.01004706 0.00599555
v 0.01720000 0.01069649 0.00474080
v 0.01720000 -0.00217401 0.00904233
v 0.01720000 -0.00204321 0.01152021
v 0.01720000 -0.00063970 0.01168250
v 0.01720000 -0.00486270 -0.01064162
v 0.01720000 -0.00610995 -0.00997790
v 0.01720000 0.00063970 -0.01168250
v 0.01720000 -0.00077313 -0.01167443
v 0.01720000 -0.00217469 -0.01149612
v 0.01720000 -0.00354454 -0.01115017
v 0.01720000 0.01115017 -0.00354454
v 0.01720000 0.01064162 -0.00486270
v 0.01720000 0.00997790 -0.00610995
v 0.01720000 -0.00546888 0.00752206
v 0.01720000 -0.00599555 0.01004706
v 0.01720000 -0.00389631 0.00844445
v 0.01720000 -0.00474080 0.01069649
v 0.01720000 -0.00341692 0.01118994
v 0.01720000 -0.00997790 0.00610995
v 0.01720000 -0.00916868 0.00726811
v 0.01720000 -0.00683127 0.00631060
v 0.01720000 -0.00822575 0.00832028
v 0.01720000 -0.00716288 0.00925112
v 0.01970000 0.01176880 -0.00720661
v 0.01985000 0.01173453 -0.00718562
v 0.01985000 0.01085621 -0.00845429
v 0.01995981 0.01164088 -0.00712828
v 0.01995981 0.01076957 -0.00838682
v 0.01995981 0.00976283 -0.00953990
v 0.01995981 0.00863331 -0.01057300
v 0.01995981 0.00739523 -0.01147315
v 0.01995981 0.00606414 -0.01222901
v 0.01995981 0.00465680 -0.01283108
v 0.01995981 0.00319089 -0.01327180
v 0.01995981 0.00168486 -0.01354562
v 0.01995981 0.00015764 -0.01364909
v 0.01995981 -0.00137157 -0.01358092
v 0.01995981 -0.00288352 -0.01334196
v 0.01995981 -0.00435922 -0.01293521
v 0.01995981 -0.00578009 -0.01236580
v 0.01995981 -0.00712828 -0.01164088
v 0.01995981 -0.00838682 -0.01076957
v 0.01995981 -0.00953990 -0.00976283
v 0.01995981 -0.01057300 -0.00863331
v 0.01995981 -0.01147315 -0.00739523
v 0.01995981 -0.01222901 -0.00606414
v 0.01995981 -0.01283108 -0.00465680
v 0.01995981 -0.01327180 -0.00319089
v 0.01995981 -0.01354562 -0.00168486
v 0.01995981 -0.01364909 -0.00015764
v 0.01995981 -0.01358092 0.00137157
v 0.01995981 -0.01334196 0.00288352
v 0.01995981 -0.01293521 0.00435922
v 0.01995981 -0.01236580 0.00578009
v 0.01995981 -0.01164088 0.00712828
v 0.01985000 0.00984137 -0.00961664
v 0.01985000 0.00870276 -0.01065806
v 0.01985000 0.00745472 -0.01156544
v 0.01985000 0.00611293 -0.01232739
v 0.01985000 0.00469426 -0.01293430
v 0.01985000 0.00321656 -0.01337857
v 0.01985000 0.00169841 -0.01365458
v 0.01985000 0.00015891 -0.01375889
v 0.01985000 -0.00138260 -0.01369017
v 0.01985000 -0.00290672 -0.01344929
v 0.01985000 -0.00439429 -0.01303927
v 0.01985000 -0.00582659 -0.01246528
v 0.01985000 -0.00718562 -0.01173453
v 0.01985000 -0.00845429 -0.01085621
v 0.01985000 -0.00961664 -0.00984137
v 0.01985000 -0.01065806 -0.00870276
v 0.01985000 -0.01156544 -0.00745472
v 0.01985000 -0.01232739 -0.00611293
v 0.01985000 -0.01293430 -0.00469426
v 0.01985000 -0.01337857 -0.00321656
v 0.01985000 -0.01365458 -0.00169841
v 0.01985000 -0.01375889 -0.00015891
v 0.01985000 -0.01369017 0.00138260
v 0.01985000 -0.01344929 0.00290672
v 0.01985000 -0.01303927 0.00439429
v 0.01985000 -0.01246528 0.00582659
v 0.01985000 -0.01173453 0.00718562
v 0.01970000 0.01088792 -0.00847899
v 0.01970000 0.00987011 -0.00964473
v 0.01970000 0.00872819 -0.01068919
v 0.01970000 0.00747650 -0.01159922
v 0.01970000 0.00613078 -0.01236339
v 0.01970000 0.00470797 -0.01297208
v 0.01970000 0.00322596 -0.01341765
v 0.01970000 0.00170337 -0.01369447
v 0.01970000 0.00015937 -0.01379908
v 0.01970000 -0.00138664 -0.01373016
v 0.01970000 -0.00291521 -0.01348857
v 0.01970000 -0.00440712 -0.01307736
v 0.01970000 -0.00584361 -0.01250169
v 0.01970000 -0.00720661 -0.01176880
v 0.01970000 -0.00847899 -0.01088792
v 0.01970000 -0.00964473 -0.00987011
v 0.01970000 -0.01068919 -0.00872819
v 0.01970000 -0.01159922 -0.00747650
v 0.01970000 -0.01236339 -0.00613078
v 0.01970000 -0.01297208 -0.00470797
v 0.01970000 -0.01341765 -0.00322596
v 0.01970000 -0.01369447 -0.00170337
v 0.01970000 -0.01379908 -0.00015937
v 0.01970000 -0.01373016 0.00138664
v 0.01970000 -0.01348857 0.00291521
v 0.01970000 -0.01307736 0.00440712
v 0.01970000 -0.01250169 0.00584361
v 0.01970000 -0.01176880 0.00720661
v 0.01715981 -0.01010582 0.00618829
v 0.01715981 -0.00928622 0.00736129
v 0.01715981 -0.00833121 0.00842695
v 0.01715981 -0.00725471 0.00936972
v 0.01715981 -0.00607242 0.01017586
v 0.01715981 -0.00480158 0.01083362
v 0.01715981 -0.00346072 0.01133340
v 0.01715981 -0.00206940 0.01166791
v 0.01715981 -0.00064790 0.01183228
v 0.01715981 0.00078305 0.01182410
v 0.01715981 0.00220257 0.01164350
v 0.01715981 0.00358998 0.01129312
v 0.01715981 0.00492504 0.01077805
v 0.01715981 0.00618829 0.01010582
v 0.01715981 0.00736129 0.00928622
v 0.01715981 0.00842695 0.00833121
v 0.01715981 0.00936972 0.00725471
v 0.01715981 0.01017586 0.00607242
v 0.01715981 0.01083362 0.00480158
v 0.01715981 0.01133340 0.00346072
v 0.01715981 0.01166791 0.00206940
v 0.01715981 0.01183228 0.00064790
v 0.01715981 0.01182410 -0.00078305
v 0.01715981 0.01164350 -0.00220257
v 0.01715981 0.01129312 -0.00358998
v 0.01715981 0.01077805 -0.00492504
v 0.01715981 0.01010582 -0.00618829
v 0.01705000 -0.01019947 0.00624563
v 0.01705000 -0.00937227 0.00742950
v 0.01705000 -0.00840841 0.00850504
v 0.01705000 -0.00732194 0.00945655
v 0.01705000 -0.00612869 0.01027016
v 0.01705000 -0.00484607 0.01093401
v 0.01705000 -0.00349279 0.01143842
v 0.01705000 -0.00208858 0.01177603
v 0.01705000 -0.00065391 0.01194192
v 0.01705000 0.00079030 0.01193367
v 0.01705000 0.00222298 0.01175140
v 0.01705000 0.00362325 0.01139777
v 0.01705000 0.00497068 0.01087793
v 0.01705000 0.00624563 0.01019947
v 0.01705000 0.00742950 0.00937227
v 0.01705000 0.00850504 0.00840841
v 0.01705000 0.00945655 0.00732194
v 0.01705000 0.01027016 0.00612869
v 0.01705000 0.01093401 0.00484607
v 0.01705000 0.01143842 0.00349279
v 0.01705000 0.01177603 0.00208858
v 0.01705000 0.01194192 0.00065391
v 0.01705000 0.01193367 -0.00079030
v 0.01705000 0.01175140 -0.00222298
v 0.01705000 0.01139777 -0.00362325
v 0.01705000 0.01087793 -0.00497068
v 0.01705000 0.01019947 -0.00624563
v 0.01690000 -0.01023374 0.00626662
v 0.01690000 -0.00940377 0.00745447
v 0.01690000 -0.00843667 0.00853362
v 0.01690000 -0.00734654 0.00948833
v 0.01690000 -0.00614929 0.01030467
v 0.01690000 -0.00486236 0.01097075
v 0.01690000 -0.00350453 0.01147686
v 0.01690000 -0.00209560 0.01181560
v 0.01690000 -0.00065610 0.01198205
v 0.01690000 0.00079296 0.01197377
v 0.01690000 0.00223046 0.01179089
v 0.01690000 0.00363543 0.01143607
v 0.01690000 0.00498739 0.01091448
v 0.01690000 0.00626662 0.01023374
v 0.01690000 0.00745447 0.00940377
v 0.01690000 0.00853362 0.00843667
v 0.01690000 0.00948833 0.00734654
v 0.01690000 0.01030467 0.00614929
v 0.01690000 0.01097075 0.00486236
v 0.01690000 0.01147686 0.00350453
v 0.01690000 0.01181560 0.00209560
v 0.01690000 0.01198205 0.00065610
v 0.01690000 0.01197377 -0.00079296
v 0.01690000 0.01179089 -0.00223046
v 0.01690000 0.01143607 -0.00363543
v 0.01690000 0.01091448 -0.00498739
v 0.01690000 0.01023374 -0.00626662
v 0.01780000 -0.01176880 0.00720661
v 0.01780000 -0.01250169 0.00584361
v 0.01780000 -0.01307736 0.00440712
v 0.01780000 -0.01348857 0.00291521
v 0.01780000 -0.01373016 0.00138664
v 0.01780000 -0.01379908 -0.00015937
v 0.01780000 -0.01369447 -0.00170337
v 0.01780000 -0.01341765 -0.00322596
v 0.01780000 -0.01297208 -0.00470797
v 0.01780000 -0.01236339 -0.00613078
v 0.01780000 -0.01159922 -0.00747650
v 0.01780000 -0.01068919 -0.00872819
v 0.01780000 -0.00964473 -0.00987011
v 0.01780000 -0.00847899 -0.01088792
v 0.01780000 -0.00720661 -0.01176880
v 0.01780000 -0.00584361 -0.01250169
v 0.01780000 -0.00440712 -0.01307736
v 0.01780000 -0.00291521 -0.01348857
v 0.01780000 -0.00138664 -0.01373016
v 0.01780000 0.00015937 -0.01379908
v 0.01780000 0.00170337 -0.01369447
v 0.01780000 0.00322596 -0.01341765
v 0.01780000 0.00470797 -0.01297208
v 0.01780000 0.00613078 -0.01236339
v 0.01780000 0.00747650 -0.01159922
v 0.01780000 0.00872819 -0.01068919
v 0.01780000 0.00987011 -0.00964473
v 0.01780000 0.01088792 -0.00847899
v 0.01780000 0.01176880 -0.00720661
v 0.01750000 0.01319858 -0.00140505
v 0.01750000 0.01349887 -0.00111989
v 0.01750000 0.01402864 -0.00141678
v 0.01750000 0.01390150 -0.00102309
v 0.01750000 0.01406134 -0.00104345
v 0.01750000 0.01308109 -0.00180214
v 0.01750000 0.01317790 -0.00220478
v 0.01750000 0.01346305 -0.00250507
v 0.01750000 0.01385400 -0.00262237
v 0.01750000 -0.00890098 -0.01040681
v 0.01750000 -0.00849834 -0.01031000
v 0.01750000 -0.00810125 -0.01042749
v 0.01750000 -0.00783677 -0.01152751
v 0.01750000 -0.00793433 -0.01165575
v 0.01750000 -0.00866331 -0.01112461
v 0.01750000 -0.00771929 -0.01113042
v 0.01750000 -0.00919804 -0.01068673
v 0.01750000 -0.00781609 -0.01072778
v 0.01750000 -0.00606473 0.01255060
v 0.01750000 -0.00612701 0.01269920
v 0.01750000 -0.00481032 0.01325409
v 0.01750000 -0.00465596 0.01330910
v 0.01750000 -0.00456207 0.01291188
v 0.01750000 -0.00467955 0.01251478
v 0.01750000 -0.00577958 0.01225031
v 0.01750000 -0.00538248 0.01213283
v 0.01750000 -0.00497985 0.01222963
v 0.01480000 -0.01023374 0.00626662
v 0.01480000 -0.00940377 0.00745447
v 0.01480000 -0.00843667 0.00853362
v 0.01480000 -0.00734654 0.00948833
v 0.01480000 -0.00614929 0.01030467
v 0.01480000 -0.00486236 0.01097075
v 0.01480000 -0.00350453 0.01147686
v 0.01480000 -0.00209560 0.01181560
v 0.01480000 -0.00065610 0.01198205
v 0.01480000 0.00079296 0.01197377
v 0.01480000 0.00223046 0.01179089
v 0.01480000 0.00363543 0.01143607
v 0.01480000 0.00498739 0.01091448
v 0.01480000 0.00626662 0.01023374
v 0.01480000 0.00745447 0.00940377
v 0.01480000 0.00853362 0.00843667
v 0.01480000 0.00948833 0.00734654
v 0.01480000 0.01030467 0.00614929
v 0.01480000 0.01097075 0.00486236
v 0.01480000 0.01147686 0.00350453
v 0.01480000 0.01181560 0.00209560
v 0.01480000 0.01198205 0.00065610
v 0.01480000 0.01197377 -0.00079296
v 0.01480000 0.01179089 -0.00223046
v 0.01480000 0.01143607 -0.00363543
v 0.01480000 0.01091448 -0.00498739
v 0.01480000 0.01023374 -0.00626662
v 0.01754019 0.01189673 -0.00728494
v 0.01750000 0.01202465 -0.00736328
v 0.01754019 0.01263758 -0.00590713
v 0.01750000 0.01277346 -0.00597064
v 0.01754019 0.01321950 -0.00445502
v 0.01750000 0.01336165 -0.00450293
v 0.01754019 0.01363519 -0.00294690
v 0.01750000 0.01378180 -0.00297858
v 0.01754019 0.01387940 -0.00140171
v 0.01754019 0.01394907 0.00016110
v 0.01750000 0.01409906 0.00016283
v 0.01754019 0.01384332 0.00172189
v 0.01750000 0.01399218 0.00174040
v 0.01754019 0.01356349 0.00326102
v 0.01750000 0.01370933 0.00329609
v 0.01754019 0.01311309 0.00475915
v 0.01750000 0.01325409 0.00481032
v 0.01754019 0.01249778 0.00619742
v 0.01750000 0.01263216 0.00626406
v 0.01754019 0.01172530 0.00755776
v 0.01750000 0.01185138 0.00763903
v 0.01754019 0.01080538 0.00882306
v 0.01750000 0.01092156 0.00891793
v 0.01754019 0.00974957 0.00997740
v 0.01750000 0.00985440 0.01008468
v 0.01754019 0.00857115 0.01100627
v 0.01750000 0.00866331 0.01112461
v 0.01754019 0.00728494 0.01189673
v 0.01750000 0.00736328 0.01202465
v 0.01754019 0.00590713 0.01263758
v 0.01750000 0.00597064 0.01277346
v 0.01754019 0.00445502 0.01321950
v 0.01750000 0.00450293 0.01336165
v 0.01754019 0.00294690 0.01363519
v 0.01750000 0.00297858 0.01378180
v 0.01754019 0.00140171 0.01387940
v 0.01750000 0.00141678 0.01402864
v 0.01754019 -0.00016110 0.01394907
v 0.01750000 -0.00016283 0.01409906
v 0.01754019 -0.00172189 0.01384332
v 0.01750000 -0.00174040 0.01399218
v 0.01754019 -0.00326102 0.01356349
v 0.01750000 -0.00329609 0.01370933
v 0.01754019 -0.00475915 0.01311309
v 0.01754019 -0.00619742 0.01249778
v 0.01750000 -0.01202465 0.00736328
v 0.01754019 -0.01189673 0.00728494
v 0.01750000 -0.01112461 0.00866331
v 0.01754019 -0.01100627 0.00857115
v 0.01750000 -0.01008468 0.00985440
v 0.01754019 -0.00997740 0.00974957
v 0.01750000 -0.00891793 0.01092156
v 0.01754019 -0.00882306 0.01080538
v 0.01750000 -0.00763903 0.01185138
v 0.01754019 -0.00755776 0.01172530
v 0.01750000 -0.00626406 0.01263216
v 0.01765000 -0.01180308 0.00722760
v 0.01765000 -0.01091963 0.00850368
v 0.01765000 -0.00989886 0.00967282
v 0.01765000 -0.00875361 0.01072032
v 0.01765000 -0.00749827 0.01163301
v 0.01765000 -0.00614864 0.01239940
v 0.01765000 -0.00472168 0.01300987
v 0.01765000 -0.00323535 0.01345672
v 0.01765000 -0.00170834 0.01373436
v 0.01765000 -0.00015983 0.01383927
v 0.01765000 0.00139068 0.01377015
v 0.01765000 0.00292370 0.01352786
v 0.01765000 0.00441996 0.01311545
v 0.01765000 0.00586063 0.01253810
v 0.01765000 0.00722760 0.01180308
v 0.01765000 0.00850368 0.01091963
v 0.01765000 0.00967282 0.00989886
v 0.01765000 0.01072032 0.00875361
v 0.01765000 0.01163301 0.00749827
v 0.01765000 0.01239940 0.00614864
v 0.01765000 0.01300987 0.00472168
v 0.01765000 0.01345672 0.00323535
v 0.01765000 0.01373436 0.00170834
v 0.01765000 0.01383927 0.00015983
v 0.01765000 0.01377015 -0.00139068
v 0.01765000 0.01352786 -0.00292370
v 0.01765000 0.01311545 -0.00441996
v 0.01765000 0.01253810 -0.00586063
v 0.01765000 0.01180308 -0.00722760
v 0.01780000 -0.01088792 0.00847899
v 0.01780000 -0.00987011 0.00964473
v 0.01780000 -0.00872819 0.01068919
v 0.01780000 -0.00747650 0.01159922
v 0.01780000 -0.00613078 0.01236339
v 0.01780000 -0.00470797 0.01297208
v 0.01780000 -0.00322596 0.01341765
v 0.01780000 -0.00170337 0.01369447
v 0.01780000 -0.00015937 0.01379908
v 0.01780000 0.00138664 0.01373016
v 0.01780000 0.00291521 0.01348857
v 0.01780000 0.00440712 0.01307736
v 0.01780000 0.00584361 0.01250169
v 0.01780000 0.00720661 0.01176880
v 0.01780000 0.00847899 0.01088792
v 0.01780000 0.00964473 0.00987011
v 0.01780000 0.01068919 0.00872819
v 0.01780000 0.01159922 0.00747650
v 0.01780000 0.01236339 0.00613078
v 0.01780000 0.01297208 0.00470797
v 0.01780000 0.01341765 0.00322596
v 0.01780000 0.01369447 0.00170337
v 0.01780000 0.01379908 0.00015937
v 0.01780000 0.01373016 -0.00138664
v 0.01780000 0.01348857 -0.00291521
v 0.01780000 0.01307736 -0.00440712
v 0.01780000 0.01250169 -0.00584361
v 0.01450000 0.01456308 -0.00224060
v 0.01750000 0.01456308 -0.00224060
v 0.01450000 0.01468056 -0.00184350
v 0.01750000 0.01468056 -0.00184350
v 0.01450000 0.01458375 -0.00144086
v 0.01750000 0.01458375 -0.00144086
v 0.01450000 0.01429860 -0.00114057
v 0.01750000 0.01429860 -0.00114057
v 0.01450000 0.01390150 -0.00102309
v 0.01450000 0.01349887 -0.00111989
v 0.01450000 0.01319858 -0.00140505
v 0.01450000 -0.00783677 -0.01152751
v 0.01450000 -0.00771929 -0.01113042
v 0.01450000 -0.00781609 -0.01072778
v 0.01450000 -0.00810125 -0.01042749
v 0.01450000 -0.00849834 -0.01031000
v 0.01450000 -0.00890098 -0.01040681
v 0.01750000 -0.00920127 -0.01069196
v 0.01450000 -0.00920127 -0.01069196
v 0.01450000 -0.00456207 0.01291188
v 0.01450000 -0.00467955 0.01251478
v 0.01450000 -0.00465888 0.01331452
v 0.01750000 -0.00465888 0.01331452
v 0.01450000 -0.00494403 0.01361481
v 0.01750000 -0.00494403 0.01361481
v 0.01450000 -0.00534112 0.01373229
v 0.01750000 -0.00534112 0.01373229
v 0.01450000 -0.00574376 0.01363549
v 0.01750000 -0.00574376 0.01363549
v 0.01450000 -0.00604405 0.01335033
v 0.01750000 -0.00604405 0.01335033
v 0.01450000 -0.01048959 0.00642328
v 0.01454019 -0.01036166 0.00634495
v 0.01454019 -0.01105092 0.00504973
v 0.01465000 -0.01026802 0.00628761
v 0.01465000 -0.01095104 0.00500409
v 0.01480000 -0.01091448 0.00498739
v 0.01480000 -0.01143607 0.00363543
v 0.01465000 -0.01147437 0.00364760
v 0.01480000 -0.01179089 0.00223046
v 0.01465000 -0.01183038 0.00223793
v 0.01480000 -0.01197377 0.00079296
v 0.01465000 -0.01201388 0.00079561
v 0.01480000 -0.01198205 -0.00065610
v 0.01465000 -0.01202218 -0.00065830
v 0.01480000 -0.01181560 -0.00209560
v 0.01465000 -0.01185518 -0.00210261
v 0.01480000 -0.01147686 -0.00350453
v 0.01465000 -0.01151530 -0.00351627
v 0.01480000 -0.01097075 -0.00486236
v 0.01465000 -0.01100750 -0.00487865
v 0.01480000 -0.01030467 -0.00614929
v 0.01465000 -0.01033919 -0.00616988
v 0.01480000 -0.00948833 -0.00734654
v 0.01465000 -0.00952011 -0.00737115
v 0.01480000 -0.00853362 -0.00843667
v 0.01465000 -0.00856220 -0.00846493
v 0.01480000 -0.00745447 -0.00940377
v 0.01465000 -0.00747944 -0.00943527
v 0.01480000 -0.00626662 -0.01023374
v 0.01465000 -0.00628761 -0.01026802
v 0.01480000 -0.00498739 -0.01091448
v 0.01465000 -0.00500409 -0.01095104
v 0.01480000 -0.00363543 -0.01143607
v 0.01465000 -0.00364760 -0.01147437
v 0.01480000 -0.00223046 -0.01179089
v 0.01465000 -0.00223793 -0.01183038
v 0.01480000 -0.00079296 -0.01197377
v 0.01465000 -0.00079561 -0.01201388
v 0.01480000 0.00065610 -0.01198205
v 0.01465000 0.00065830 -0.01202218
v 0.01480000 0.00209560 -0.01181560
v 0.01465000 0.00210261 -0.01185518
v 0.01480000 0.00350453 -0.01147686
v 0.01465000 0.00351627 -0.01151530
v 0.01480000 0.00486236 -0.01097075
v 0.01465000 0.00487865 -0.01100750
v 0.01480000 0.00614929 -0.01030467
v 0.01465000 0.00616988 -0.01033919
v 0.01480000 0.00734654 -0.00948833
v 0.01465000 0.00737115 -0.00952011
v 0.01480000 0.00843667 -0.00853362
v 0.01465000 0.00846493 -0.00856220
v 0.01480000 0.00940377 -0.00745447
v 0.01465000 0.00943527 -0.00747944
v 0.01465000 0.01026802 -0.00628761
v 0.01454019 -0.01157902 0.00368087
v 0.01454019 -0.01193827 0.00225834
v 0.01454019 -0.01212344 0.00080287
v 0.01454019 -0.01213183 -0.00066430
v 0.01454019 -0.01196330 -0.00212179
v 0.01454019 -0.01162032 -0.00354834
v 0.01454019 -0.01110789 -0.00492314
v 0.01454019 -0.01043348 -0.00622615
v 0.01454019 -0.00960693 -0.00743837
v 0.01454019 -0.00864029 -0.00854213
v 0.01454019 -0.00754765 -0.00952132
v 0.01454019 -0.00634495 -0.01036166
v 0.01454019 -0.00504973 -0.01105092
v 0.01454019 -0.00368087 -0.01157902
v 0.01454019 -0.00225834 -0.01193827
v 0.01454019 -0.00080287 -0.01212344
v 0.01454019 0.00066430 -0.01213183
v 0.01454019 0.00212179 -0.01196330
v 0.01454019 0.00354834 -0.01162032
v 0.01454019 0.00492314 -0.01110789
v 0.01454019 0.00622615 -0.01043348
v 0.01454019 0.00743837 -0.00960693
v 0.01454019 0.00854213 -0.00864029
v 0.01454019 0.00952132 -0.00754765
v 0.01454019 0.01036166 -0.00634495
v 0.01450000 -0.01118735 0.00511207
v 0.01450000 -0.01172197 0.00372631
v 0.01450000 -0.01208566 0.00228622
v 0.01450000 -0.01227312 0.00081278
v 0.01450000 -0.01228160 -0.00067251
v 0.01450000 -0.01211099 -0.00214799
v 0.01450000 -0.01176378 -0.00359214
v 0.01450000 -0.01124502 -0.00498392
v 0.01450000 -0.01056229 -0.00630302
v 0.01450000 -0.00972553 -0.00753021
v 0.01450000 -0.00874696 -0.00864759
v 0.01450000 -0.00764083 -0.00963886
v 0.01450000 -0.00642328 -0.01048959
v 0.01450000 -0.00511207 -0.01118735
v 0.01450000 -0.00372631 -0.01172197
v 0.01450000 -0.00228622 -0.01208566
v 0.01450000 -0.00081278 -0.01227312
v 0.01450000 0.00067251 -0.01228160
v 0.01450000 0.00214799 -0.01211099
v 0.01450000 0.00359214 -0.01176378
v 0.01450000 0.00498392 -0.01124502
v 0.01450000 0.00630302 -0.01056229
v 0.01450000 0.00753021 -0.00972553
v 0.01450000 0.00864759 -0.00874696
v 0.01450000 0.00963886 -0.00764083
v 0.01450000 0.01048959 -0.00642328
v 0.01450000 -0.00242549 -0.02126475
v 0.01750000 -0.00242549 -0.02126475
v 0.01450000 -0.00227864 -0.02076838
v 0.01750000 -0.00227864 -0.02076838
v 0.01450000 -0.00239964 -0.02026509
v 0.01750000 -0.00239964 -0.02026509
v 0.01450000 -0.00275609 -0.01988972
v 0.01750000 -0.00275609 -0.01988972
v 0.01450000 -0.00325246 -0.01974287
v 0.01750000 -0.00325246 -0.01974287
v 0.01450000 -0.00375575 -0.01986387
v 0.01750000 -0.00375575 -0.01986387
v 0.01450000 -0.00413112 -0.02022032
v 0.01750000 -0.00413112 -0.02022032
v 0.01450000 -0.01235755 -0.01684663
v 0.01750000 -0.01235755 -0.01684663
v 0.01450000 -0.01221070 -0.01635026
v 0.01750000 -0.01221070 -0.01635026
v 0.01450000 -0.01233170 -0.01584696
v 0.01750000 -0.01233170 -0.01584696
v 0.01450000 -0.01268814 -0.01547160
v 0.01750000 -0.01268814 -0.01547160
v 0.01450000 -0.01318451 -0.01532474
v 0.01750000 -0.01318451 -0.01532474
v 0.01450000 -0.01368781 -0.01544575
v 0.01750000 -0.01368781 -0.01544575
v 0.01450000 -0.01406317 -0.01580219
v 0.01750000 -0.01406317 -0.01580219
v 0.01450000 -0.01874990 -0.00805439
v 0.01750000 -0.01874990 -0.00805439
v 0.01450000 -0.01860305 -0.00755802
v 0.01750000 -0.01860305 -0.00755802
v 0.01450000 -0.01872405 -0.00705472
v 0.01750000 -0.01872405 -0.00705472
v 0.01450000 -0.01908050 -0.00667936
v 0.01750000 -0.01908050 -0.00667936
v 0.01450000 -0.01957687 -0.00653251
v 0.01750000 -0.01957687 -0.00653251
v 0.01450000 -0.02008016 -0.00665351
v 0.01750000 -0.02008016 -0.00665351
v 0.01450000 -0.02045553 -0.00700995
v 0.01750000 -0.02045553 -0.00700995
v 0.01450000 0.00139563 0.02047076
v 0.01750000 0.00139563 0.02047076
v 0.01450000 0.00154248 0.02096714
v 0.01750000 0.00154248 0.02096714
v 0.01450000 0.00142147 0.02147043
v 0.01750000 0.00142147 0.02147043
v 0.01450000 0.00106503 0.02184580
v 0.01750000 0.00106503 0.02184580
v 0.01450000 0.00056866 0.02199265
v 0.01750000 0.00056866 0.02199265
v 0.01450000 0.00006537 0.02187164
v 0.01750000 0.00006537 0.02187164
v 0.01450000 -0.00031000 0.02151520
v 0.01750000 -0.00031000 0.02151520
v 0.01450000 -0.00225571 0.02183938
v 0.01750000 -0.00225571 0.02183938
v 0.01450000 -0.00213823 0.02223648
v 0.01750000 -0.00213823 0.02223648
v 0.01450000 -0.00223504 0.02263911
v 0.01750000 -0.00223504 0.02263911
v 0.01450000 -0.00252019 0.02293940
v 0.01750000 -0.00252019 0.02293940
v 0.01450000 -0.00291729 0.02305689
v 0.01750000 -0.00291729 0.02305689
v 0.01450000 -0.00331992 0.02296008
v 0.01750000 -0.00331992 0.02296008
v 0.01450000 -0.00362021 0.02267493
v 0.01750000 -0.00362021 0.02267493
v 0.01450000 0.00361953 -0.02267443
v 0.01750000 0.00361953 -0.02267443
v 0.01450000 0.00373701 -0.02227733
v 0.01750000 0.00373701 -0.02227733
v 0.01450000 0.00364021 -0.02187470
v 0.01750000 0.00364021 -0.02187470
v 0.01450000 0.00335506 -0.02157441
v 0.01750000 0.00335506 -0.02157441
v 0.01450000 0.00295796 -0.02145692
v 0.01750000 0.00295796 -0.02145692
v 0.01450000 0.00255532 -0.02155373
v 0.01750000 0.00255532 -0.02155373
v 0.01450000 0.00225503 -0.02183888
v 0.01750000 0.00225503 -0.02183888
v 0.01450000 -0.02157500 -0.00335515
v 0.01750000 -0.02157500 -0.00335515
v 0.01450000 -0.02145752 -0.00295805
v 0.01750000 -0.02145752 -0.00295805
v 0.01450000 -0.02155432 -0.00255542
v 0.01750000 -0.02155432 -0.00255542
v 0.01450000 -0.02183947 -0.00225512
v 0.01750000 -0.02183947 -0.00225512
v 0.01450000 -0.02223657 -0.00213764
v 0.01750000 -0.02223657 -0.00213764
v 0.01450000 -0.02263921 -0.00223444
v 0.01750000 -0.02263921 -0.00223444
v 0.01450000 -0.02293950 -0.00251960
v 0.01750000 -0.02293950 -0.00251960
v 0.01450000 0.02293881 0.00252010
v 0.01750000 0.02293881 0.00252010
v 0.01450000 0.02305630 0.00291719
v 0.01750000 0.02305630 0.00291719
v 0.01450000 0.02295949 0.00331983
v 0.01750000 0.02295949 0.00331983
v 0.01450000 0.02267434 0.00362012
v 0.01750000 0.02267434 0.00362012
v 0.01450000 0.02227724 0.00373760
v 0.01750000 0.02227724 0.00373760
v 0.01450000 0.02187461 0.00364080
v 0.01750000 0.02187461 0.00364080
v 0.01450000 0.02157431 0.00335565
v 0.01750000 0.02157431 0.00335565
v 0.01450000 -0.01791483 0.01502179
v 0.01750000 -0.01791483 0.01502179
v 0.01450000 -0.01842360 0.01517232
v 0.01750000 -0.01842360 0.01517232
v 0.01450000 -0.01893948 0.01504829
v 0.01750000 -0.01893948 0.01504829
v 0.01450000 -0.01932423 0.01468294
v 0.01750000 -0.01932423 0.01468294
v 0.01450000 -0.01947476 0.01417416
v 0.01750000 -0.01947476 0.01417416
v 0.01450000 -0.01935073 0.01365828
v 0.01750000 -0.01935073 0.01365828
v 0.01450000 -0.01898537 0.01327353
v 0.01750000 -0.01898537 0.01327353
v 0.01450000 0.01898537 -0.01327353
v 0.01750000 0.01898537 -0.01327353
v 0.01450000 0.01847659 -0.01312300
v 0.01750000 0.01847659 -0.01312300
v 0.01450000 0.01796071 -0.01324704
v 0.01750000 0.01796071 -0.01324704
v 0.01450000 0.01757597 -0.01361239
v 0.01750000 0.01757597 -0.01361239
v 0.01450000 0.01742544 -0.01412117
v 0.01750000 0.01742544 -0.01412117
v 0.01450000 0.01754947 -0.01463705
v 0.01750000 0.01754947 -0.01463705
v 0.01450000 0.01791483 -0.01502179
v 0.01750000 0.01791483 -0.01502179
v 0.01450000 0.00221718 0.01623661
v 0.01750000 0.00221718 0.01623661
v 0.01450000 0.00233467 0.01663370
v 0.01750000 0.00233467 0.01663370
v 0.01450000 0.00223786 0.01703634
v 0.01750000 0.00223786 0.01703634
v 0.01450000 0.00195271 0.01733663
v 0.01750000 0.00195271 0.01733663
v 0.01450000 0.00155561 0.01745411
v 0.01750000 0.00155561 0.01745411
v 0.01450000 0.00115298 0.01735731
v 0.01750000 0.00115298 0.01735731
v 0.01450000 0.00085268 0.01707216
v 0.01750000 0.00085268 0.01707216
v 0.01450000 -0.00085274 -0.01707174
v 0.01750000 -0.00085274 -0.01707174
v 0.01450000 -0.00073526 -0.01667464
v 0.01750000 -0.00073526 -0.01667464
v 0.01450000 -0.00083206 -0.01627200
v 0.01750000 -0.00083206 -0.01627200
v 0.01450000 -0.00111721 -0.01597171
v 0.01750000 -0.00111721 -0.01597171
v 0.01450000 -0.00151431 -0.01585423
v 0.01750000 -0.00151431 -0.01585423
v 0.01450000 -0.00191695 -0.01595104
v 0.01750000 -0.00191695 -0.01595104
v 0.01450000 -0.00221724 -0.01623619
v 0.01750000 -0.00221724 -0.01623619
v 0.01750000 0.01675996 -0.00042281
v 0.01750000 -0.00335574 0.02157491
v 0.01750000 -0.00364089 0.02187520
v 0.01750000 -0.00390459 0.02141717
v 0.01750000 0.00390433 -0.02141678
v 0.01750000 -0.02281659 -0.01081506
v 0.01750000 -0.02072530 -0.01442305
v 0.01750000 -0.02095293 -0.01192397
v 0.01750000 0.00749636 0.02411156
v 0.01750000 -0.01266230 0.02184556
v 0.01750000 -0.00981272 0.02260369
v 0.01750000 -0.00889394 0.02363176
v 0.01750000 -0.01796071 0.01324704
v 0.01750000 -0.01847659 0.01312300
v 0.01750000 -0.01720332 0.01053443
v 0.01750000 -0.02153350 0.01318601
v 0.01750000 -0.01906946 0.01655047
v 0.01750000 -0.01754947 0.01463705
v 0.01750000 -0.01282098 0.01769103
v 0.01750000 -0.01742544 0.01412117
v 0.01750000 -0.01757597 0.01361239
v 0.01750000 -0.01608527 0.01946347
v 0.01750000 -0.00109421 0.02050644
v 0.01750000 0.00172773 0.02519082
v 0.01750000 -0.00073882 0.02523919
v 0.01750000 -0.00163167 0.02519722
v 0.01750000 -0.00488298 0.02477335
v 0.01750000 0.00102026 0.02011432
v 0.01750000 0.00051697 0.01999332
v 0.01750000 0.00129186 0.01904533
v 0.01750000 0.00002060 0.02014017
v 0.01750000 -0.00033585 0.02051554
v 0.01750000 -0.00045685 0.02101883
v 0.01750000 0.00342549 0.02501657
v 0.01750000 0.01090096 0.01316121
v 0.01750000 0.01136275 0.02254885
v 0.01750000 0.00442976 0.01712385
v 0.01750000 0.02428551 0.00691207
v 0.01750000 0.02281659 0.01081506
v 0.01750000 0.02121184 0.00684736
v 0.01750000 0.02072530 0.01442305
v 0.01750000 0.01837042 0.00858730
v 0.01750000 0.01806868 0.01763761
v 0.01750000 0.01491920 0.02037106
v 0.01750000 0.02085101 0.00625811
v 0.01750000 0.02509197 0.00282054
v 0.01750000 0.02341016 -0.00946187
v 0.01750000 0.02464825 -0.00547964
v 0.01750000 0.02158530 -0.00337760
v 0.01750000 0.02521400 -0.00134794
v 0.01750000 0.02459355 0.00153505
v 0.01750000 0.01720296 -0.01053421
v 0.01750000 0.01282064 -0.01769079
v 0.01750000 0.02106345 -0.01289817
v 0.01750000 0.01935073 -0.01365828
v 0.01750000 0.01947476 -0.01417416
v 0.01750000 0.01932423 -0.01468294
v 0.01750000 0.01906946 -0.01655047
v 0.01750000 0.00439066 -0.02062257
v 0.01750000 0.00889394 -0.02363176
v 0.01750000 0.00797393 -0.02395786
v 0.01750000 0.00571324 -0.02459515
v 0.01750000 0.00522071 -0.02470439
v 0.01750000 0.00280841 -0.02320647
v 0.01750000 0.00488298 -0.02477335
v 0.01750000 0.00073882 -0.02523919
v 0.01750000 -0.00003301 -0.02146654
v 0.01750000 -0.00148830 -0.02384311
v 0.01750000 -0.00342549 -0.02501657
v 0.01750000 -0.00749636 -0.02411156
v 0.01750000 -0.02303337 -0.00738230
v 0.01750000 -0.02377670 -0.00849889
v 0.01750000 -0.02318508 -0.01000072
v 0.01750000 -0.02145112 -0.00479840
v 0.01750000 -0.02496421 -0.00378824
v 0.01750000 -0.02193745 -0.00559260
v 0.01750000 -0.02450420 -0.00609155
v 0.01750000 -0.02283987 -0.00706631
v 0.01750000 -0.02437760 -0.00657990
v 0.01750000 -0.02428551 -0.00691207
v 0.01750000 -0.02187529 -0.00364030
v 0.01750000 -0.02227793 -0.00373711
v 0.01750000 -0.01784648 0.00108818
v 0.01750000 -0.02267502 -0.00361962
v 0.01750000 -0.02509197 -0.00282054
v 0.01750000 -0.02464825 0.00547964
v 0.01750000 -0.02521400 0.00134794
v 0.01750000 -0.02158564 0.00337785
v 0.01750000 -0.02296017 -0.00331933
v 0.01750000 -0.02305698 -0.00291669
v 0.01750000 -0.02341016 0.00946187
v 0.01750000 -0.00297858 -0.01378180
v 0.01750000 -0.00450293 -0.01336165
v 0.01750000 -0.00592021 -0.01430872
v 0.01750000 0.00481032 -0.01325409
v 0.01750000 0.00329609 -0.01370933
v 0.01750000 0.00174040 -0.01399218
v 0.01750000 0.00016283 -0.01409906
v 0.01750000 -0.00141678 -0.01402864
v 0.01750000 -0.00233472 -0.01663328
v 0.01750000 -0.00223792 -0.01703592
v 0.01750000 -0.00640654 -0.01510293
v 0.01750000 -0.00195276 -0.01733621
v 0.01750000 0.00154924 -0.01888263
v 0.01750000 -0.00115303 -0.01735689
v 0.01750000 0.00106291 -0.01967684
v 0.01750000 -0.00155567 -0.01745370
v 0.01750000 0.02263852 0.00223494
v 0.01750000 0.02155364 0.00255591
v 0.01750000 0.02183879 0.00225562
v 0.01750000 0.02223589 0.00213814
v 0.01750000 0.00016049 -0.02115055
v 0.01750000 0.00331924 -0.02295958
v 0.01750000 0.00291660 -0.02305639
v 0.01750000 0.00251951 -0.02293891
v 0.01750000 0.00223435 -0.02263861
v 0.01750000 0.00213755 -0.02223598
v 0.01750000 -0.00373770 0.02227783
v 0.01750000 -0.00462994 0.02267154
v 0.01750000 -0.00499077 0.02208229
v 0.01750000 -0.00295864 0.02145742
v 0.01750000 -0.00145504 0.01991719
v 0.01750000 -0.00255601 0.02155423
v 0.01750000 0.01426278 -0.00252575
v 0.01750000 0.01237762 -0.00757942
v 0.01750000 0.01386015 -0.00262255
v 0.01750000 0.01692679 0.00622978
v 0.01750000 0.01976821 0.00448984
v 0.01750000 0.02145683 0.00295855
v 0.01750000 0.00945734 0.01080369
v 0.01750000 0.00298614 0.01476633
v 0.01750000 -0.00015176 0.01668781
v 0.01750000 -0.00253784 0.01814892
v 0.01750000 -0.00616154 0.01295324
v 0.01750000 -0.00799564 0.01473624
v 0.01750000 -0.00498738 0.01964890
v 0.01750000 -0.01237798 0.00757964
v 0.01750000 -0.01409906 -0.00016283
v 0.01750000 -0.01402864 0.00141678
v 0.01750000 -0.01676030 0.00042306
v 0.01750000 -0.01378180 0.00297858
v 0.01750000 -0.01336165 0.00450293
v 0.01750000 -0.01277346 0.00597064
v 0.01750000 -0.01325409 -0.00481032
v 0.01750000 -0.01370933 -0.00329609
v 0.01750000 -0.01791539 -0.00696349
v 0.01750000 -0.01399218 -0.00174040
v 0.01750000 -0.01431075 -0.00107692
v 0.01750000 -0.01552932 -0.00842460
v 0.01750000 -0.01263216 -0.00626406
v 0.01750000 -0.01185138 -0.00763903
v 0.01750000 -0.00893680 -0.01179199
v 0.01750000 -0.00922195 -0.01149170
v 0.01750000 -0.01239142 -0.01034609
v 0.01750000 -0.00931876 -0.01108906
v 0.01750000 -0.00813706 -0.01181266
v 0.01750000 -0.00853970 -0.01190947
v 0.01750000 -0.00985440 -0.01008468
v 0.01750000 -0.01092156 -0.00891793
v 0.01750000 -0.00736328 -0.01202465
v 0.01750000 -0.00597064 -0.01277346
v 0.01750000 0.01893948 -0.01504829
v 0.01750000 0.01842360 -0.01517232
v 0.01750000 0.01608527 -0.01946347
v 0.01750000 0.01266230 -0.02184556
v 0.01750000 0.00799530 -0.01473599
v 0.01750000 0.01008468 -0.00985440
v 0.01750000 0.00891793 -0.01092156
v 0.01750000 0.01112461 -0.00866331
v 0.01750000 0.00763903 -0.01185138
v 0.01750000 0.00626406 -0.01263216
v 0.01750000 -0.01397367 -0.01292999
v 0.01750000 -0.00750246 -0.01689263
v 0.01750000 -0.00895775 -0.01926920
v 0.01750000 -0.01408902 -0.01680186
v 0.01750000 -0.01421003 -0.01629856
v 0.01750000 -0.01542896 -0.01530657
v 0.01750000 -0.01273291 -0.01720307
v 0.01750000 -0.01136275 -0.02254885
v 0.01750000 -0.01323621 -0.01732408
v 0.01750000 -0.01491920 -0.02037106
v 0.01750000 -0.01373258 -0.01717722
v 0.01750000 -0.01806868 -0.01763761
v 0.01750000 -0.01962856 -0.00853184
v 0.01750000 -0.02012493 -0.00838498
v 0.01750000 -0.01930415 -0.00923141
v 0.01750000 -0.02048137 -0.00800962
v 0.01750000 -0.02175369 -0.00773143
v 0.01750000 -0.02060238 -0.00750632
v 0.01750000 -0.02085127 -0.00625772
v 0.01750000 -0.01840172 -0.00775770
v 0.01750000 -0.01912527 -0.00841083
v 0.01750000 -0.02036494 -0.00546352
v 0.01750000 -0.00280086 -0.02162119
v 0.01750000 -0.00330415 -0.02174220
v 0.01750000 -0.00380052 -0.02159535
v 0.01750000 -0.00427797 -0.02071669
v 0.01750000 -0.00415696 -0.02121998
v 0.01750000 -0.02194718 -0.00804742
v 0.01750000 -0.01949764 -0.00954740
v 0.01750000 -0.00730897 -0.01657664
v 0.01750000 -0.01601565 -0.00921881
v 0.01750000 -0.01691807 -0.01069252
v 0.01750000 -0.01711157 -0.01100850
v 0.01750000 -0.01856686 -0.01338508
v 0.01750000 -0.01378017 -0.01261401
v 0.01750000 -0.01287775 -0.01114029
v 0.01750000 0.02153350 -0.01318601
v 0.01750000 -0.00607356 0.02031402
v 0.01750000 -0.00908182 0.01540137
v 0.01750000 -0.01346416 0.00824476
v 0.01750000 -0.02283583 -0.01077438
v 0.01750000 0.00191689 0.01595145
v 0.01750000 0.00093103 0.01845608
v 0.01750000 0.00073520 0.01667506
v 0.01750000 -0.00707693 0.02423798
v 0.01750000 0.00406893 0.01653459
v 0.01750000 0.00151426 0.01585465
v 0.01750000 0.00111716 0.01597213
v 0.01750000 0.00083201 0.01627242
v 0.01750000 0.01800959 0.00799805
v 0.01750000 0.01054014 0.01257196
v 0.01450000 -0.00423643 0.01761990
v 0.01450000 -0.00373912 0.01843204
v 0.01450000 -0.00273935 0.01781984
v 0.01450000 -0.00245481 0.02052939
v 0.01450000 -0.00145504 0.01991719
v 0.01450000 -0.00380052 -0.02159535
v 0.01450000 -0.00330415 -0.02174220
v 0.01450000 -0.00367996 -0.02250105
v 0.01450000 -0.01840172 -0.00775770
v 0.01450000 -0.02305698 -0.00291669
v 0.01450000 -0.02296017 -0.00331933
v 0.01450000 -0.02494559 -0.00210914
v 0.01450000 -0.02550920 -0.00502802
v 0.01450000 -0.02578341 -0.00334899
v 0.01450000 -0.02567660 -0.00330293
v 0.01450000 0.00564240 0.02538037
v 0.01450000 0.00974292 0.02410551
v 0.01450000 0.00442976 0.01712385
v 0.01450000 0.02566467 0.00416230
v 0.01450000 0.02578332 0.00334967
v 0.01450000 0.02567635 0.00330332
v 0.01450000 0.02579032 0.00329534
v 0.01450000 0.00878872 -0.02446954
v 0.01450000 0.00872967 -0.02437157
v 0.01450000 0.00921600 -0.02357736
v 0.01450000 -0.01357767 -0.02217311
v 0.01450000 -0.01704207 -0.01963589
v 0.01450000 -0.01373258 -0.01717722
v 0.01450000 -0.00974292 -0.02410551
v 0.01450000 -0.00564240 -0.02538037
v 0.01450000 -0.00205889 -0.02349371
v 0.01450000 -0.00138797 -0.02596293
v 0.01450000 -0.00086239 -0.02598569
v 0.01450000 -0.00009666 -0.02469528
v 0.01450000 0.00182208 -0.02593607
v 0.01450000 0.00135863 -0.02231870
v 0.01450000 0.00268701 -0.02586078
v 0.01450000 0.00389423 -0.02387138
v 0.01450000 0.00290431 -0.02583728
v 0.01450000 0.00711738 -0.02500686
v 0.01450000 0.00499015 -0.02208168
v 0.01450000 0.00873691 -0.02448809
v 0.01450000 0.00989006 -0.02404551
v 0.01450000 0.00946069 -0.02317777
v 0.01450000 0.01043704 -0.02381319
v 0.01450000 0.01113630 -0.02349431
v 0.01450000 0.01308910 -0.01725237
v 0.01450000 0.01485145 -0.02134091
v 0.01450000 0.01935073 -0.01365828
v 0.01450000 0.02138325 -0.01309400
v 0.01450000 0.01947476 -0.01417416
v 0.01450000 0.01932423 -0.01468294
v 0.01450000 0.01720296 -0.01053421
v 0.01450000 0.01816150 -0.01860538
v 0.01450000 0.01842360 -0.01517232
v 0.01450000 0.01893948 -0.01504829
v 0.01450000 0.02482774 -0.00771902
v 0.01450000 0.02321861 -0.01170026
v 0.01450000 0.02356341 -0.00953368
v 0.01450000 0.02097614 -0.01536234
v 0.01450000 0.02389472 0.00039382
v 0.01450000 0.02575963 -0.00352723
v 0.01450000 0.02439204 0.00120597
v 0.01450000 0.02598887 0.00076077
v 0.01450000 0.02193683 0.00559321
v 0.01450000 0.02229766 0.00618246
v 0.01450000 0.02550920 0.00502802
v 0.01450000 0.02433370 0.00915812
v 0.01450000 0.01357767 0.02217311
v 0.01450000 0.01136047 0.01287983
v 0.01450000 0.00406893 0.01653459
v 0.01450000 0.00129186 0.01904533
v 0.01450000 0.00521200 0.02547224
v 0.01450000 0.00395441 0.02569752
v 0.01450000 -0.00045685 0.02101883
v 0.01450000 -0.00109421 0.02050644
v 0.01450000 0.00218791 0.02590778
v 0.01450000 -0.00033585 0.02051554
v 0.01450000 0.00002060 0.02014017
v 0.01450000 0.00029492 0.01965581
v 0.01450000 0.00051697 0.01999332
v 0.01450000 0.00102026 0.02011432
v 0.01450000 -0.00295864 0.02145742
v 0.01450000 -0.00255601 0.02155423
v 0.01450000 -0.00209398 0.02111865
v 0.01450000 0.00138797 0.02596293
v 0.01450000 0.00086188 0.02598571
v 0.01450000 -0.00098071 0.02598150
v 0.01450000 -0.00268802 0.02586067
v 0.01450000 -0.00462994 0.02267154
v 0.01450000 -0.00795915 0.02475181
v 0.01450000 -0.00711738 0.02500686
v 0.01450000 -0.00290431 0.02583728
v 0.01450000 -0.01502316 0.01409475
v 0.01450000 -0.01816150 0.01860538
v 0.01450000 -0.01356782 0.01647141
v 0.01450000 -0.01485145 0.02134091
v 0.01450000 -0.01051155 0.02146246
v 0.01450000 -0.01113630 0.02349431
v 0.01450000 -0.01001424 0.02227460
v 0.01450000 -0.00878849 0.02446963
v 0.01450000 -0.00872993 0.02437195
v 0.01450000 -0.02321861 0.01170026
v 0.01450000 -0.01757597 0.01361239
v 0.01450000 -0.01742544 0.01412117
v 0.01450000 -0.01754947 0.01463705
v 0.01450000 -0.02097614 0.01536234
v 0.01450000 -0.01796071 0.01324704
v 0.01450000 -0.01720332 0.01053443
v 0.01450000 -0.01847659 0.01312300
v 0.01450000 -0.02575963 0.00352723
v 0.01450000 -0.02482774 0.00771902
v 0.01450000 -0.02131717 0.00381627
v 0.01450000 -0.02579035 -0.00329509
v 0.01450000 -0.02591331 -0.00212136
v 0.01450000 -0.02519028 -0.00250873
v 0.01450000 -0.02595503 -0.00152856
v 0.01450000 -0.02392974 -0.01016698
v 0.01450000 -0.02326773 -0.01050651
v 0.01450000 -0.02358773 -0.01093705
v 0.01450000 -0.02195270 -0.01131176
v 0.01450000 -0.02275388 -0.01258017
v 0.01450000 -0.02249444 -0.01303841
v 0.01450000 -0.02095293 -0.01192397
v 0.01450000 -0.02208169 -0.01372585
v 0.01450000 -0.01956380 -0.01277460
v 0.01450000 -0.02109140 -0.01520371
v 0.01450000 -0.01856686 -0.01338508
v 0.01450000 -0.02031907 -0.01622145
v 0.01450000 -0.02004159 -0.01656305
v 0.01450000 -0.01542896 -0.01530657
v 0.01450000 -0.00233472 -0.01663328
v 0.01450000 -0.00223792 -0.01703592
v 0.01450000 -0.00594703 -0.01538431
v 0.01450000 -0.00195276 -0.01733621
v 0.01450000 -0.00112874 -0.01833478
v 0.01450000 -0.00155567 -0.01745370
v 0.01450000 -0.00064242 -0.01754058
v 0.01450000 -0.00521601 -0.01419051
v 0.01450000 -0.00115303 -0.01735689
v 0.01450000 -0.00039773 -0.01714098
v 0.01450000 0.02263852 0.00223494
v 0.01450000 0.02065252 0.00349586
v 0.01450000 0.02145683 0.00295855
v 0.01450000 0.02015520 0.00268371
v 0.01450000 0.02155364 0.00255591
v 0.01450000 0.02223589 0.00213814
v 0.01450000 0.02183879 0.00225562
v 0.01450000 -0.02187529 -0.00364030
v 0.01450000 -0.02120643 -0.00439880
v 0.01450000 -0.01757802 0.00152660
v 0.01450000 -0.02227793 -0.00373711
v 0.01450000 -0.02145112 -0.00479840
v 0.01450000 -0.02267502 -0.00361962
v 0.01450000 -0.02598887 -0.00076077
v 0.01450000 -0.00335574 0.02157491
v 0.01450000 -0.00373770 0.02227783
v 0.01450000 -0.00499077 0.02208229
v 0.01450000 -0.00873756 0.02448785
v 0.01450000 -0.01949764 -0.00954740
v 0.01450000 -0.01912527 -0.00841083
v 0.01450000 -0.02181244 -0.00812993
v 0.01450000 -0.02071652 -0.00634023
v 0.01450000 -0.02060238 -0.00750632
v 0.01450000 -0.02048137 -0.00800962
v 0.01450000 -0.02049740 -0.00893519
v 0.01450000 -0.02012493 -0.00838498
v 0.01450000 -0.01962856 -0.00853184
v 0.01450000 -0.01791539 -0.00696349
v 0.01450000 -0.01891516 -0.00635129
v 0.01450000 -0.02023019 -0.00554603
v 0.01450000 -0.00704295 -0.01717401
v 0.01450000 -0.00849824 -0.01955058
v 0.01450000 -0.01273291 -0.01720307
v 0.01450000 -0.01397367 -0.01292999
v 0.01450000 -0.01421003 -0.01629856
v 0.01450000 -0.01408902 -0.01680186
v 0.01450000 -0.00222466 -0.02012448
v 0.01450000 -0.00060360 -0.02111714
v 0.01450000 -0.00280086 -0.02162119
v 0.01450000 -0.01323621 -0.01732408
v 0.01450000 -0.00415696 -0.02121998
v 0.01450000 -0.00427797 -0.02071669
v 0.01450000 -0.00864759 0.00874696
v 0.01450000 -0.00963886 0.00764083
v 0.01450000 -0.00874804 0.01025219
v 0.01450000 -0.01092820 0.00669187
v 0.01450000 -0.00498392 0.01124502
v 0.01450000 -0.00630302 0.01056229
v 0.01450000 -0.00629293 0.01201664
v 0.01450000 -0.00753021 0.00972553
v 0.01450000 -0.00774827 0.00963999
v 0.01450000 -0.00497985 0.01222963
v 0.01450000 -0.00616154 0.01295324
v 0.01450000 -0.00606473 0.01255060
v 0.01450000 -0.00577958 0.01225031
v 0.01450000 -0.00538248 0.01213283
v 0.01450000 -0.00184754 0.01615706
v 0.01450000 -0.00323667 0.01700769
v 0.01450000 -0.00214799 0.01211099
v 0.01450000 -0.00359214 0.01176378
v 0.01450000 -0.00085059 0.01554658
v 0.01450000 0.00764083 0.00963886
v 0.01450000 0.00642328 0.01048959
v 0.01450000 0.00921802 0.00938108
v 0.01450000 0.00372631 0.01172197
v 0.01450000 0.00228622 0.01208566
v 0.01450000 0.00228731 0.01362510
v 0.01450000 0.00081278 0.01227312
v 0.01450000 -0.00067251 0.01228160
v 0.01450000 0.00511207 0.01118735
v 0.01450000 0.01403631 0.00643061
v 0.01450000 0.01176378 0.00359214
v 0.01450000 0.01124502 0.00498392
v 0.01450000 0.01056229 0.00630302
v 0.01450000 0.00972553 0.00753021
v 0.01450000 0.00874696 0.00864759
v 0.01450000 0.01211099 0.00214799
v 0.01450000 0.01565738 0.00543795
v 0.01450000 0.01228160 0.00067251
v 0.01450000 0.01260111 0.00044690
v 0.01450000 0.01227312 -0.00081278
v 0.01450000 0.01208566 -0.00228622
v 0.01450000 0.01308109 -0.00180214
v 0.01450000 0.01118735 -0.00511207
v 0.01450000 0.01310800 -0.00313132
v 0.01450000 0.01092784 -0.00669165
v 0.01450000 0.01317790 -0.00220478
v 0.01450000 0.01172197 -0.00372631
v 0.01450000 0.00681398 -0.01340981
v 0.01450000 0.00485175 -0.01220824
v 0.01450000 0.00122334 -0.01813364
v 0.01450000 -0.01214673 -0.00994650
v 0.01450000 -0.00931876 -0.01108906
v 0.01450000 -0.00922195 -0.01149170
v 0.01450000 -0.00893680 -0.01179199
v 0.01450000 -0.00853970 -0.01190947
v 0.01450000 -0.00813706 -0.01181266
v 0.01450000 -0.01528463 -0.00802501
v 0.01450000 -0.01404229 -0.00063850
v 0.01450000 -0.01265316 -0.00148913
v 0.01450000 -0.01504205 -0.00002629
v 0.01450000 -0.00729270 0.01262885
v 0.01450000 0.01346305 -0.00250507
v 0.01450000 0.01386015 -0.00262255
v 0.01450000 0.01564360 -0.00468399
v 0.01450000 0.01426278 -0.00252575
v 0.01450000 0.01709894 -0.00230734
v 0.01450000 -0.00006591 0.01906656
v 0.01450000 0.00093103 0.01845608
v 0.01450000 0.01099965 0.01229058
v 0.01450000 0.01617876 0.00992936
v 0.01450000 0.01581793 0.00934011
v 0.01450000 0.01779983 0.00893670
v 0.01450000 0.01743900 0.00834745
v 0.01450000 -0.00135022 0.01696921
v 0.01450000 -0.00035328 0.01635873
v 0.01450000 0.00073520 0.01667506
v 0.01450000 0.00083201 0.01627242
v 0.01450000 0.00111716 0.01597213
v 0.01450000 0.00278462 0.01443724
v 0.01450000 0.00151426 0.01585465
v 0.01450000 0.00191689 0.01595145
v 0.01450000 0.00971533 0.01019323
v 0.01450000 0.01453362 0.00724276
v 0.01450000 0.01615469 0.00625010
v 0.01450000 0.01704207 0.01963589
v 0.01450000 0.02004159 0.01656305
v 0.01450000 0.02249444 0.01303841
v 0.01450000 0.01976206 0.00773514
v 0.01450000 0.01940123 0.00714588
v 0.01450000 0.01811692 0.00504853
v 0.01450000 0.01761960 0.00423639
v 0.01450000 0.01456334 -0.00075467
v 0.01450000 0.01938312 -0.00697388
v 0.01450000 0.02083846 -0.00459723
v 0.01450000 -0.00627508 0.01998493
v 0.01450000 -0.00677239 0.01917279
v 0.01450000 -0.00982866 0.01418174
v 0.01450000 -0.01128400 0.01180508
v 0.01450000 -0.01346416 0.00824476
v 0.01450000 -0.00364089 0.02187520
v 0.01450000 -0.00376984 0.02133465
v 0.01450000 -0.00505415 0.01923730
v 0.01450000 -0.00555146 0.01842516
v 0.01450000 -0.00860773 0.01343410
v 0.01450000 -0.01006307 0.01105745
v 0.01450000 -0.01224323 0.00749712
v 0.01450000 -0.01635708 0.00077896
v 0.01450000 -0.01628157 -0.00741453
v 0.01450000 -0.01767070 -0.00656390
v 0.01450000 -0.01867047 -0.00595170
v 0.01450000 -0.01998550 -0.00514644
v 0.01450000 -0.00546070 -0.01459010
v 0.01450000 -0.01239142 -0.01034609
v 0.01450000 -0.01552932 -0.00842460
v 0.01450000 -0.01652626 -0.00781413
v 0.01450000 -0.02193745 -0.00559260
v 0.01450000 -0.02303337 -0.00738230
v 0.01450000 -0.02433370 -0.00915812
v 0.01450000 -0.01287775 -0.01114029
v 0.01450000 -0.01601565 -0.00921881
v 0.01450000 -0.01701259 -0.00860833
v 0.01450000 0.00049232 -0.01932744
v 0.01450000 0.00097865 -0.01853323
v 0.01450000 0.01346344 -0.00824432
v 0.01450000 0.00934958 -0.01496248
v 0.01450000 0.00572117 -0.02088788
v 0.01450000 0.00547648 -0.02128747
v 0.01450000 -0.01810851 -0.01039803
v 0.01450000 -0.01711157 -0.01100850
v 0.01450000 0.00245455 -0.02052900
v 0.01450000 0.00213755 -0.02223598
v 0.01450000 0.00318557 -0.01933521
v 0.01450000 0.00294088 -0.01973480
v 0.01450000 0.00291660 -0.02305639
v 0.01450000 0.00251951 -0.02293891
v 0.01450000 0.00223435 -0.02263861
v 0.01450000 0.00331924 -0.02295958
v 0.01450000 -0.02425621 -0.00936141
v 0.03350000 -0.02153350 0.01318601
v 0.03350000 -0.01906946 0.01655047
v 0.03350000 -0.01608527 0.01946347
v 0.03350000 -0.01266230 0.02184556
v 0.03350000 -0.00889394 0.02363176
v 0.03350000 -0.00488298 0.02477335
v 0.03350000 -0.00073882 0.02523919
v 0.03350000 0.00342549 0.02501657
v 0.03350000 0.00749636 0.02411156
v 0.03350000 0.01136275 0.02254885
v 0.03350000 0.01491920 0.02037106
v 0.03350000 0.01806868 0.01763761
v 0.03350000 0.02072530 0.01442305
v 0.03350000 0.02281659 0.01081506
v 0.03350000 0.02428551 0.00691207
v 0.03350000 0.02509197 0.00282054
v 0.03350000 0.02521400 -0.00134794
v 0.03350000 0.02464825 -0.00547964
v 0.03350000 0.02341016 -0.00946187
v 0.03350000 0.02153350 -0.01318601
v 0.01500000 0.01383878 0.02259951
v 0.01500000 0.01565777 0.02137953
v 0.01500000 0.01736980 0.02001350
v 0.01500000 0.01896317 0.01851076
v 0.01500000 0.02042701 0.01688157
v 0.01500000 0.02175131 0.01513706
v 0.01500000 0.02292703 0.01328915
v 0.01500000 0.02394613 0.01135046
v 0.01500000 0.02480165 0.00933424
v 0.01500000 0.02548776 0.00725425
v 0.01500000 0.02599976 0.00512471
v 0.01500000 0.02633415 0.00296017
v 0.01500000 0.02646221 -0.00141467
v 0.01500000 0.02648865 0.00077540
v 0.01500000 0.02625501 -0.00359507
v 0.01500000 0.02586846 -0.00575091
v 0.01500000 0.02530520 -0.00786747
v 0.01500000 0.02456908 -0.00993028
v 0.01500000 0.02366512 -0.01192526
v 0.01500000 0.02259951 -0.01383878
v 0.01500000 0.02137953 -0.01565777
v 0.01500000 0.02001350 -0.01736980
v 0.01500000 0.01851076 -0.01896317
v 0.01500000 0.01688157 -0.02042701
v 0.01500000 0.00933424 -0.02480165
v 0.01500000 0.01135046 -0.02394613
v 0.01500000 0.01513706 -0.02175131
v 0.01500000 0.01328915 -0.02292703
v 0.01500000 0.00725425 -0.02548776
v 0.01500000 0.00512471 -0.02599976
v 0.01500000 0.00296017 -0.02633415
v 0.01500000 0.00077540 -0.02648865
v 0.01500000 -0.00141467 -0.02646221
v 0.01500000 -0.00359507 -0.02625501
v 0.01500000 -0.00575091 -0.02586846
v 0.01500000 -0.00786747 -0.02530520
v 0.01500000 -0.01383878 -0.02259951
v 0.01500000 -0.01192526 -0.02366512
v 0.01500000 -0.00993028 -0.02456908
v 0.03350000 -0.02195319 0.01297334
v 0.03350000 -0.02341016 0.00946187
v 0.03350000 -0.02385679 0.00900577
v 0.03350000 -0.02464825 0.00547964
v 0.03350000 -0.02504990 0.00476999
v 0.03350000 -0.02521400 0.00134794
v 0.03350000 -0.02549699 0.00039215
v 0.03350000 -0.02509197 -0.00282054
v 0.03350000 -0.02518474 -0.00399736
v 0.03350000 -0.02428551 -0.00691207
v 0.03350000 -0.02412246 -0.00826783
v 0.03350000 -0.02281659 -0.01081506
v 0.03350000 -0.02234178 -0.01229206
v 0.03350000 -0.02072530 -0.01442305
v 0.03350000 -0.01989573 -0.01595023
v 0.03350000 -0.01806868 -0.01763761
v 0.03350000 -0.01685716 -0.01913338
v 0.03350000 -0.01491920 -0.02037106
v 0.03350000 -0.01331656 -0.02174670
v 0.03350000 -0.01136275 -0.02254885
v 0.03350000 -0.00937938 -0.02371239
v 0.03350000 -0.00749636 -0.02411156
v 0.03350000 -0.00516287 -0.02497188
v 0.03350000 -0.00342549 -0.02501657
v 0.03350000 -0.00079259 -0.02548768
v 0.03350000 0.00073882 -0.02523919
v 0.03350000 0.00360128 -0.02524442
v 0.03350000 0.00488298 -0.02477335
v 0.03350000 0.00788791 -0.02424935
v 0.03350000 0.00889394 -0.02363176
v 0.03350000 0.01193962 -0.02253210
v 0.03350000 0.01266230 -0.02184556
v 0.03350000 0.01563575 -0.02014381
v 0.03350000 0.01608527 -0.01946347
v 0.03350000 0.01886623 -0.01715562
v 0.03350000 0.01906946 -0.01655047
v 0.03350000 0.02153485 -0.01365650
v 0.03350000 0.02174670 -0.01331656
v 0.03350000 0.02195319 -0.01297334
v 0.03350000 0.02385679 -0.00900577
v 0.03350000 0.02504990 -0.00476999
v 0.03350000 0.02549699 -0.00039215
v 0.03350000 0.02518474 0.00399736
v 0.03350000 0.02412246 0.00826783
v 0.03350000 0.02234178 0.01229206
v 0.03350000 0.01989573 0.01595023
v 0.03350000 0.01685716 0.01913338
v 0.03350000 0.01331656 0.02174670
v 0.03350000 0.00937938 0.02371239
v 0.03350000 0.00516287 0.02497188
v 0.03350000 0.00079259 0.02548768
v 0.03350000 -0.00360128 0.02524442
v 0.03350000 -0.00788791 0.02424935
v 0.03350000 -0.01193962 0.02253210
v 0.03350000 -0.01563575 0.02014381
v 0.03350000 -0.01886623 0.01715562
v 0.03350000 -0.02153485 0.01365650
v 0.03350000 -0.02174670 0.01331656
v 0.03750000 -0.02544272 0.00170822
v 0.03750000 -0.02561429 0.00171266
v 0.03746824 -0.02544276 0.00170774
v 0.03715321 -0.02561581 0.00165375
v 0.03707707 -0.02544883 0.00161941
v 0.03672497 -0.02562312 0.00137117
v 0.03673941 -0.02546249 0.00138250
v 0.03650701 -0.02548007 0.00100022
v 0.03648182 -0.02563480 0.00091948
v 0.03648183 -0.02548330 0.00091557
v 0.03645114 -0.02549268 0.00061013
v 0.03648182 -0.02564806 0.00040654
v 0.03648575 -0.02549678 0.00038753
v 0.03711133 -0.02549835 -0.00031643
v 0.03679550 -0.02549973 -0.00011949
v 0.03672497 -0.02565974 -0.00004516
v 0.03672498 -0.02549994 -0.00004929
v 0.03654756 -0.02549878 0.00021718
v 0.03715321 -0.02566705 -0.00032774
v 0.03750000 -0.02566857 -0.00038664
v 0.03750000 -0.02549700 -0.00039108
v 0.03750000 -0.01420072 -0.02117993
v 0.03750000 -0.01429035 -0.02132630
v 0.03746824 -0.01420033 -0.02118021
v 0.03715321 -0.01424010 -0.02135707
v 0.03707707 -0.01412686 -0.02122963
v 0.03672497 -0.01399903 -0.02150468
v 0.03645000 -0.01331756 -0.02174610
v 0.03648183 -0.01353455 -0.02161140
v 0.03648182 -0.01361369 -0.02174065
v 0.03650701 -0.01360625 -0.02156628
v 0.03673941 -0.01392853 -0.02135991
v 0.03645114 -0.01327473 -0.02177224
v 0.03648182 -0.01317610 -0.02200861
v 0.03648183 -0.01309696 -0.02187937
v 0.03711133 -0.01247513 -0.02224044
v 0.03679550 -0.01264638 -0.02214316
v 0.03672497 -0.01279076 -0.02224457
v 0.03672498 -0.01270728 -0.02210824
v 0.03654756 -0.01293748 -0.02197400
v 0.03715321 -0.01254969 -0.02239218
v 0.03750000 -0.01249944 -0.02242295
v 0.03750000 -0.01240982 -0.02227659
v 0.03750000 0.01124200 -0.02288815
v 0.03750000 0.01132394 -0.02303895
v 0.03746824 0.01124243 -0.02288795
v 0.03715321 0.01137571 -0.02301082
v 0.03707707 0.01132197 -0.02284904
v 0.03672497 0.01162409 -0.02287586
v 0.03673941 0.01153396 -0.02274242
v 0.03650701 0.01187382 -0.02256650
v 0.03648182 0.01202111 -0.02266013
v 0.03648495 0.01193805 -0.02253263
v 0.03645114 0.01221795 -0.02238237
v 0.03648182 0.01247196 -0.02241514
v 0.03648183 0.01239961 -0.02228198
v 0.03711133 0.01302321 -0.02192400
v 0.03679550 0.01285335 -0.02202367
v 0.03672497 0.01286898 -0.02219941
v 0.03672498 0.01279266 -0.02205895
v 0.03654756 0.01256130 -0.02219119
v 0.03715321 0.01311735 -0.02206445
v 0.03750000 0.01316913 -0.02203631
v 0.03750000 0.01308718 -0.02188551
v 0.03750000 -0.01124200 0.02288815
v 0.03750000 -0.01132394 0.02303895
v 0.03746824 -0.01124243 0.02288795
v 0.03715321 -0.01137571 0.02301082
v 0.03707707 -0.01132197 0.02284904
v 0.03672497 -0.01162409 0.02287586
v 0.03673941 -0.01153396 0.02274242
v 0.03650701 -0.01187382 0.02256650
v 0.03648182 -0.01202111 0.02266013
v 0.03648495 -0.01193805 0.02253263
v 0.03645114 -0.01221795 0.02238237
v 0.03648182 -0.01247196 0.02241514
v 0.03648183 -0.01239961 0.02228198
v 0.03711133 -0.01302321 0.02192400
v 0.03679550 -0.01285335 0.02202367
v 0.03672497 -0.01286898 0.02219941
v 0.03672498 -0.01279266 0.02205895
v 0.03654756 -0.01256130 0.02219119
v 0.03715321 -0.01311735 0.02206445
v 0.03750000 -0.01316913 0.02203631
v 0.03750000 -0.01308718 0.02188551
v 0.03653889 0.01295400 0.02196425
v 0.03659067 0.01294717 0.02214879
v 0.03679160 0.01273395 0.02227936
v 0.03645000 0.01339490 0.02187463
v 0.03645048 0.01328959 0.02176319
v 0.03645000 0.01331656 0.02174670
v 0.03847541 0.01298339 0.02194688
v 0.03827848 0.01271058 0.02210635
v 0.03820840 0.01273395 0.02227936
v 0.03820841 0.01264947 0.02214140
v 0.03802500 0.01261941 0.02234949
v 0.03794187 0.01249512 0.02222919
v 0.03775655 0.01252659 0.02240633
v 0.03775656 0.01243777 0.02226129
v 0.03750000 0.01249944 0.02242295
v 0.03754894 0.01241083 0.02227605
v 0.03724344 0.01252659 0.02240633
v 0.03724344 0.01243777 0.02226129
v 0.03697500 0.01261941 0.02234949
v 0.03715865 0.01245981 0.02224902
v 0.03677600 0.01266210 0.02213417
v 0.03840933 0.01294717 0.02214879
v 0.03855000 0.01339490 0.02187463
v 0.03855000 0.01331656 0.02174670
v 0.03750000 0.02544272 -0.00170822
v 0.03750000 0.02561429 -0.00171266
v 0.03746824 0.02544276 -0.00170774
v 0.03715321 0.02561581 -0.00165375
v 0.03707707 0.02544883 -0.00161941
v 0.03672497 0.02562312 -0.00137117
v 0.03673941 0.02546249 -0.00138250
v 0.03650701 0.02548007 -0.00100022
v 0.03648182 0.02563480 -0.00091948
v 0.03648183 0.02548330 -0.00091557
v 0.03645114 0.02549268 -0.00061013
v 0.03648182 0.02564806 -0.00040654
v 0.03648575 0.02549678 -0.00038753
v 0.03711133 0.02549835 0.00031643
v 0.03679550 0.02549973 0.00011949
v 0.03672497 0.02565974 0.00004516
v 0.03672498 0.02549994 0.00004929
v 0.03654756 0.02549878 -0.00021718
v 0.03715321 0.02566705 0.00032774
v 0.03750000 0.02566857 0.00038664
v 0.03750000 0.02549700 0.00039108
v 0.01550000 -0.02456908 0.00993028
v 0.01550000 -0.02259951 0.01383878
v 0.01500000 -0.02366512 0.01192526
v 0.01500000 -0.02259951 0.01383878
v 0.01500000 -0.02625501 0.00359507
v 0.01550000 -0.02646221 0.00141467
v 0.01550000 -0.02586846 0.00575091
v 0.01500000 -0.02456908 0.00993028
v 0.01500000 -0.02530520 0.00786747
v 0.01500000 -0.02586846 0.00575091
v 0.01500000 -0.02646221 0.00141467
v 0.01500000 -0.02648865 -0.00077540
v 0.01550000 -0.02633415 -0.00296017
v 0.01500000 -0.02633415 -0.00296017
v 0.01500000 -0.02599976 -0.00512471
v 0.01550000 -0.02548776 -0.00725425
v 0.01500000 -0.02548776 -0.00725425
v 0.01500000 -0.02480165 -0.00933424
v 0.01550000 -0.02394613 -0.01135046
v 0.01500000 -0.02042701 -0.01688157
v 0.01550000 -0.01896317 -0.01851076
v 0.01550000 -0.02175131 -0.01513706
v 0.01500000 -0.02394613 -0.01135046
v 0.01500000 -0.02292703 -0.01328915
v 0.01500000 -0.02175131 -0.01513706
v 0.01500000 -0.01896317 -0.01851076
v 0.01500000 -0.01736980 -0.02001350
v 0.01550000 -0.01565777 -0.02137953
v 0.01550000 -0.00786747 -0.02530520
v 0.01550000 -0.01192526 -0.02366512
v 0.01500000 -0.01565777 -0.02137953
v 0.01550000 -0.00359507 -0.02625501
v 0.01550000 0.00077540 -0.02648865
v 0.01550000 0.00933424 -0.02480165
v 0.01550000 0.00512471 -0.02599976
v 0.01550000 0.01328915 -0.02292703
v 0.01550000 0.01688157 -0.02042701
v 0.01550000 0.02001350 -0.01736980
v 0.01550000 0.02259951 -0.01383878
v 0.04025000 -0.01925827 0.01671433
v 0.04025000 -0.02174670 0.01331656
v 0.04025000 0.02174670 -0.01331656
v 0.04025000 -0.01193962 0.02253210
v 0.03851425 -0.01193541 0.02253403
v 0.03845244 -0.01178459 0.02261324
v 0.04025000 -0.00898200 0.02386574
v 0.03788866 -0.01130909 0.02285542
v 0.04025000 -0.00788791 0.02424935
v 0.03820449 -0.01148514 0.02276713
v 0.03827502 -0.01154776 0.02273540
v 0.03753176 -0.01308678 0.02188577
v 0.04025000 -0.01563575 0.02014381
v 0.03792293 -0.01301085 0.02193133
v 0.03826059 -0.01280605 0.02205119
v 0.04025000 -0.01278767 0.02206186
v 0.03849299 -0.01247354 0.02224062
v 0.03851817 -0.01239961 0.02228198
v 0.03854885 -0.01213182 0.02242918
v 0.04025000 0.01506691 0.02057275
v 0.04025000 0.01331656 0.02174670
v 0.03854952 0.01334351 0.02173017
v 0.03846111 0.01367515 0.02152266
v 0.03822400 0.01395918 0.02133990
v 0.04025000 0.01685716 0.01913338
v 0.03784135 0.01415344 0.02121193
v 0.03775656 0.01417439 0.02119787
v 0.03724344 0.01417439 0.02119787
v 0.03705813 0.01411972 0.02123437
v 0.03745106 0.01419978 0.02118059
v 0.03652459 0.01364632 0.02154094
v 0.03672152 0.01391237 0.02137043
v 0.03679159 0.01397137 0.02133194
v 0.04025000 0.00937938 0.02371239
v 0.04025000 0.01147525 0.02277210
v 0.03820449 0.02545949 -0.00143714
v 0.03788866 0.02544792 -0.00163375
v 0.04025000 0.02504990 -0.00476999
v 0.04025000 0.02549699 -0.00039215
v 0.03851505 0.02549674 -0.00039052
v 0.03854885 0.02549014 -0.00070812
v 0.04025000 0.02546364 -0.00136128
v 0.03851817 0.02548330 -0.00091557
v 0.03845244 0.02547593 -0.00110086
v 0.03827502 0.02546332 -0.00136705
v 0.03753176 0.02549702 0.00039060
v 0.04025000 0.02518474 0.00399736
v 0.03792293 0.02549852 0.00030207
v 0.04025000 0.02534041 0.00284846
v 0.03826059 0.02549992 0.00006477
v 0.03849299 0.02549771 -0.00031791
v 0.04025000 -0.01886623 0.01715562
v 0.04025000 -0.01624453 0.01965618
v 0.04025000 -0.00493133 0.02501863
v 0.04025000 -0.00360128 0.02524442
v 0.04025000 -0.00074614 0.02548908
v 0.04025000 0.00079259 0.02548768
v 0.04025000 0.00345940 0.02526425
v 0.04025000 0.00516287 0.02497188
v 0.04025000 0.00757058 0.02435028
v 0.04025000 0.01824758 0.01781224
v 0.04025000 0.01989573 0.01595023
v 0.04025000 0.02093051 0.01456585
v 0.04025000 0.02234178 0.01229206
v 0.04025000 0.02304250 0.01092214
v 0.04025000 0.02412246 0.00826783
v 0.04025000 0.02452596 0.00698051
v 0.04025000 0.02489229 -0.00553389
v 0.04025000 0.02385679 -0.00900577
v 0.04025000 0.02364194 -0.00955555
v 0.03750000 -0.02663680 0.00278945
v 0.03680641 -0.02663984 0.00267164
v 0.03594995 -0.02665446 0.00210648
v 0.03546365 -0.02667782 0.00120309
v 0.03546365 -0.02670434 0.00017721
v 0.03594995 -0.02672770 -0.00072619
v 0.03680641 -0.02674231 -0.00129134
v 0.03750000 -0.02674536 -0.00140915
v 0.03750000 -0.01573413 -0.02167342
v 0.03680641 -0.01563363 -0.02173496
v 0.03594995 -0.01515150 -0.02203020
v 0.03546365 -0.01438082 -0.02250212
v 0.03546365 -0.01350563 -0.02303804
v 0.03594995 -0.01273496 -0.02350996
v 0.03680641 -0.01225282 -0.02380520
v 0.03750000 -0.01215232 -0.02386674
v 0.03750000 0.01090267 -0.02446287
v 0.03680641 0.01100621 -0.02440660
v 0.03594995 0.01150296 -0.02413668
v 0.03546365 0.01229700 -0.02370521
v 0.03546365 0.01319871 -0.02321524
v 0.03594995 0.01399275 -0.02278377
v 0.03680641 0.01448949 -0.02251385
v 0.03750000 0.01459304 -0.02245759
v 0.03750000 -0.01090267 0.02446287
v 0.03680641 -0.01100621 0.02440660
v 0.03594995 -0.01150296 0.02413668
v 0.03546365 -0.01229700 0.02370521
v 0.03546365 -0.01319871 0.02321524
v 0.03594995 -0.01399275 0.02278377
v 0.03680641 -0.01448949 0.02251385
v 0.03750000 -0.01459304 0.02245759
v 0.03960000 0.01394323 0.02277008
v 0.03953635 0.01350563 0.02303804
v 0.03750000 0.01215232 0.02386674
v 0.03855000 0.01239226 0.02371981
v 0.03905005 0.01273496 0.02350996
v 0.03931865 0.01304777 0.02331841
v 0.03645000 0.01239226 0.02371981
v 0.03594995 0.01273496 0.02350996
v 0.03568134 0.01304777 0.02331841
v 0.03546365 0.01350563 0.02303804
v 0.03540000 0.01394323 0.02277008
v 0.03750000 0.02663680 -0.00278945
v 0.03680641 0.02663984 -0.00267164
v 0.03594995 0.02665446 -0.00210648
v 0.03546365 0.02667782 -0.00120309
v 0.03546365 0.02670434 -0.00017721
v 0.03594995 0.02672770 0.00072619
v 0.03680641 0.02674231 0.00129134
v 0.03750000 0.02674536 0.00140915
v 0.01550000 -0.02304507 0.01387568
v 0.01550000 0.02304507 -0.01387568
v 0.01550000 0.02456908 -0.00993028
v 0.01550000 0.02294064 -0.01404767
v 0.01550000 0.02283492 -0.01421887
v 0.01550000 0.02019713 -0.01776755
v 0.01550000 0.01701364 -0.02083617
v 0.01550000 0.01337045 -0.02334183
v 0.01550000 0.00936602 -0.02521681
v 0.01550000 0.00510852 -0.02641047
v 0.01550000 0.00071300 -0.02689055
v 0.01550000 -0.00370178 -0.02664408
v 0.01550000 -0.00801655 -0.02567771
v 0.01550000 -0.01211472 -0.02401757
v 0.01550000 -0.01588557 -0.02170850
v 0.01550000 -0.01922720 -0.01881289
v 0.01550000 -0.02204934 -0.01540897
v 0.01550000 -0.02427574 -0.01158873
v 0.01550000 -0.02584623 -0.00745537
v 0.01550000 -0.02671838 -0.00312058
v 0.01550000 -0.02686864 0.00129853
v 0.01550000 -0.02629294 0.00568255
v 0.01550000 -0.02500683 0.00991303
v 0.01550000 -0.02294064 0.01404767
v 0.01550000 -0.02283492 0.01421887
v 0.01550000 -0.02001350 0.01736980
v 0.01550000 -0.02019713 0.01776755
v 0.01550000 -0.01688157 0.02042701
v 0.01550000 -0.01701364 0.02083617
v 0.01550000 -0.01328915 0.02292703
v 0.01550000 -0.01337045 0.02334183
v 0.01550000 -0.00933424 0.02480165
v 0.01550000 -0.00936602 0.02521681
v 0.01550000 -0.00512471 0.02599976
v 0.01550000 -0.00510852 0.02641047
v 0.01550000 -0.00077540 0.02648865
v 0.01550000 -0.00071300 0.02689055
v 0.01550000 0.00359507 0.02625501
v 0.01550000 0.00370178 0.02664408
v 0.01550000 0.00786747 0.02530520
v 0.01550000 0.00801655 0.02567771
v 0.01550000 0.01192526 0.02366512
v 0.01550000 0.01211472 0.02401757
v 0.01550000 0.01565777 0.02137953
v 0.01550000 0.01588557 0.02170850
v 0.01550000 0.01896317 0.01851076
v 0.01550000 0.01922720 0.01881289
v 0.01550000 0.02175131 0.01513706
v 0.01550000 0.02204934 0.01540897
v 0.01550000 0.02394613 0.01135046
v 0.01550000 0.02427574 0.01158873
v 0.01550000 0.02548776 0.00725425
v 0.01550000 0.02584623 0.00745537
v 0.01550000 0.02633415 0.00296017
v 0.01550000 0.02671838 0.00312058
v 0.01550000 0.02646221 -0.00141467
v 0.01550000 0.02686864 -0.00129853
v 0.01550000 0.02586846 -0.00575091
v 0.01550000 0.02629294 -0.00568255
v 0.01550000 0.02500683 -0.00991303
v 0.04055000 -0.01948484 0.01691097
v 0.04055000 -0.02200255 0.01347323
v 0.04055000 -0.01643564 0.01988743
v 0.04055000 -0.01293811 0.02232141
v 0.04055000 -0.00908767 0.02414652
v 0.04055000 -0.00498934 0.02531297
v 0.04055000 -0.00075492 0.02578895
v 0.04055000 0.00350010 0.02556148
v 0.04055000 0.00765965 0.02463676
v 0.04055000 0.01161026 0.02304001
v 0.04055000 0.01524417 0.02081479
v 0.04055000 0.02117675 0.01473721
v 0.04055000 0.01846226 0.01802179
v 0.04055000 0.02481450 0.00706263
v 0.04055000 0.02331359 0.01105064
v 0.04055000 0.02563853 0.00288197
v 0.04055000 0.02576321 -0.00137730
v 0.04055000 0.02518514 -0.00559900
v 0.04055000 0.02392008 -0.00966797
v 0.04055000 0.02200255 -0.01347323
v 0.03750000 -0.02696350 -0.00140351
v 0.03690547 -0.02696783 -0.00131770
v 0.03635766 -0.02697896 -0.00106558
v 0.03594996 -0.02699042 -0.00071938
v 0.03541848 -0.02699671 0.00042138
v 0.03546386 -0.02699937 0.00018486
v 0.03558253 -0.02699954 -0.00015848
v 0.03590525 -0.02699172 -0.00066873
v 0.03542520 -0.02698056 0.00102443
v 0.03549100 -0.02696821 0.00130976
v 0.03687774 -0.02686454 0.00270121
v 0.03633198 -0.02688938 0.00244154
v 0.03593687 -0.02691829 0.00209898
v 0.03560348 -0.02695260 0.00159920
v 0.03750000 -0.02685493 0.00279509
v 0.03750000 -0.01226627 -0.02405283
v 0.03690547 -0.01234275 -0.02401367
v 0.03635766 -0.01256666 -0.02389726
v 0.03594996 -0.01287221 -0.02373407
v 0.03590525 -0.01291672 -0.02370988
v 0.03558253 -0.01336252 -0.02346152
v 0.03546386 -0.01365978 -0.02328970
v 0.03546333 -0.01453504 -0.02275374
v 0.03542520 -0.01437746 -0.02285364
v 0.03541848 -0.01386328 -0.02316915
v 0.03687774 -0.01577159 -0.02191477
v 0.03633198 -0.01555913 -0.02206612
v 0.03593687 -0.01527692 -0.02226243
v 0.03560348 -0.01486124 -0.02254204
v 0.03750000 -0.01584808 -0.02185951
v 0.03750000 0.01469722 -0.02264932
v 0.03690547 0.01462508 -0.02269597
v 0.03635766 0.01441230 -0.02283168
v 0.03594996 0.01411821 -0.02301470
v 0.03590525 0.01407500 -0.02304115
v 0.03558253 0.01363701 -0.02330304
v 0.03549115 0.01342519 -0.02342572
v 0.03546333 0.01243779 -0.02396458
v 0.03542520 0.01260310 -0.02387806
v 0.03541848 0.01313343 -0.02359053
v 0.03687774 0.01109295 -0.02461598
v 0.03633198 0.01133026 -0.02450766
v 0.03593687 0.01164137 -0.02436141
v 0.03560348 0.01209135 -0.02414123
v 0.03750000 0.01100685 -0.02465460
v 0.03750000 -0.01469722 0.02264932
v 0.03690547 -0.01462508 0.02269597
v 0.03635766 -0.01441230 0.02283168
v 0.03594996 -0.01411821 0.02301470
v 0.03590525 -0.01407500 0.02304115
v 0.03558253 -0.01363701 0.02330304
v 0.03549115 -0.01342519 0.02342572
v 0.03546333 -0.01243779 0.02396458
v 0.03542520 -0.01260310 0.02387806
v 0.03541848 -0.01313343 0.02359053
v 0.03687774 -0.01109295 0.02461598
v 0.03633198 -0.01133026 0.02450766
v 0.03593687 -0.01164137 0.02436141
v 0.03560348 -0.01209135 0.02414123
v 0.03750000 -0.01100685 0.02465460
v 0.03750000 0.01226627 0.02405283
v 0.03690547 0.01234275 0.02401367
v 0.03635766 0.01256666 0.02389726
v 0.03594996 0.01287221 0.02373407
v 0.03590525 0.01291672 0.02370988
v 0.03558253 0.01336252 0.02346152
v 0.03546386 0.01365978 0.02328970
v 0.03541848 0.01386328 0.02316915
v 0.03542520 0.01437746 0.02285364
v 0.03546365 0.01438082 0.02250212
v 0.03546333 0.01453504 0.02275374
v 0.03560348 0.01486124 0.02254204
v 0.03568134 0.01483868 0.02222175
v 0.03593687 0.01527692 0.02226243
v 0.03594995 0.01515150 0.02203020
v 0.03633198 0.01555913 0.02206612
v 0.03645000 0.01549419 0.02182034
v 0.03687774 0.01577159 0.02191477
v 0.03750000 0.01573413 0.02167342
v 0.03750000 0.01584808 0.02185951
v 0.03750000 0.02696350 0.00140351
v 0.03690547 0.02696783 0.00131770
v 0.03635766 0.02697896 0.00106558
v 0.03594996 0.02699042 0.00071938
v 0.03541848 0.02699671 -0.00042138
v 0.03546386 0.02699937 -0.00018486
v 0.03558253 0.02699954 0.00015848
v 0.03590525 0.02699172 0.00066873
v 0.03542520 0.02698056 -0.00102443
v 0.03549100 0.02696821 -0.00130976
v 0.03687774 0.02686454 -0.00270121
v 0.03633198 0.02688938 -0.00244154
v 0.03593687 0.02691829 -0.00209898
v 0.03560348 0.02695260 -0.00159920
v 0.03750000 0.02685493 -0.00279509
v 0.01560000 0.02302592 -0.01409989
v 0.01560000 0.02291981 -0.01427173
v 0.01560000 0.02027221 -0.01783360
v 0.01560000 0.01707689 -0.02091363
v 0.01560000 0.01342016 -0.02342860
v 0.01560000 0.00940084 -0.02531056
v 0.01560000 0.00512751 -0.02650865
v 0.01560000 0.00071565 -0.02699051
v 0.01560000 -0.00371555 -0.02674313
v 0.01560000 -0.00804635 -0.02577317
v 0.01560000 -0.01215976 -0.02410685
v 0.01560000 -0.01594462 -0.02178920
v 0.01560000 -0.01929868 -0.01888282
v 0.01560000 -0.02213131 -0.01546626
v 0.01560000 -0.02436598 -0.01163181
v 0.01560000 -0.02594231 -0.00748309
v 0.01560000 -0.02681771 -0.00313218
v 0.01560000 -0.02696852 0.00130335
v 0.01560000 -0.02639068 0.00570367
v 0.01560000 -0.02509980 0.00994989
v 0.01560000 -0.02313074 0.01392727
v 0.01560000 -0.02302592 0.01409989
v 0.04055000 0.02291981 -0.01427173
v 0.04055000 0.01948484 -0.01691097
v 0.04055000 -0.02291981 0.01427173
v 0.04055000 -0.02302592 0.01409989
v 0.04055000 -0.02313074 0.01392727
v 0.04055000 -0.02392008 0.00966797
v 0.04055000 -0.02509980 0.00994989
v 0.04055000 -0.02518514 0.00559900
v 0.04055000 -0.02639068 0.00570367
v 0.04055000 -0.02576321 0.00137730
v 0.04055000 -0.02696852 0.00130335
v 0.04055000 -0.02563853 -0.00288197
v 0.04055000 -0.02681771 -0.00313218
v 0.04055000 -0.02481450 -0.00706263
v 0.04055000 -0.02594231 -0.00748309
v 0.04055000 -0.02331359 -0.01105064
v 0.04055000 -0.02436598 -0.01163181
v 0.04055000 -0.02117675 -0.01473721
v 0.04055000 -0.02213131 -0.01546626
v 0.04055000 -0.01846226 -0.01802179
v 0.04055000 -0.01929868 -0.01888282
v 0.04055000 -0.01524417 -0.02081479
v 0.04055000 -0.01594462 -0.02178920
v 0.04055000 -0.01161026 -0.02304001
v 0.04055000 -0.01215976 -0.02410685
v 0.04055000 -0.00765965 -0.02463676
v 0.04055000 -0.00804635 -0.02577317
v 0.04055000 -0.00350010 -0.02556148
v 0.04055000 -0.00371555 -0.02674313
v 0.04055000 0.00075492 -0.02578895
v 0.04055000 0.00071565 -0.02699051
v 0.04055000 0.00498934 -0.02531297
v 0.04055000 0.00512751 -0.02650865
v 0.04055000 0.00908767 -0.02414652
v 0.04055000 0.00940084 -0.02531056
v 0.04055000 0.01293811 -0.02232141
v 0.04055000 0.01342016 -0.02342860
v 0.04055000 0.01643564 -0.01988743
v 0.04055000 0.01707689 -0.02091363
v 0.04055000 0.02027221 -0.01783360
v 0.04055000 0.02302592 -0.01409989
v 0.04055000 0.02313074 -0.01392727
v 0.04055000 0.02509980 -0.00994989
v 0.04055000 0.02639068 -0.00570367
v 0.04055000 0.02696852 -0.00130335
v 0.04055000 0.02681771 0.00313218
v 0.04055000 0.02594231 0.00748309
v 0.04055000 0.02436598 0.01163181
v 0.04055000 0.02213131 0.01546626
v 0.04055000 0.01929868 0.01888282
v 0.04055000 0.01594462 0.02178920
v 0.04055000 0.01215976 0.02410685
v 0.04055000 0.00804635 0.02577317
v 0.04055000 0.00371555 0.02674313
v 0.04055000 -0.00071565 0.02699051
v 0.04055000 -0.00512751 0.02650865
v 0.04055000 -0.00940084 0.02531056
v 0.04055000 -0.01342016 0.02342860
v 0.04055000 -0.01707689 0.02091363
v 0.04055000 -0.02027221 0.01783360
v 0.03957480 0.01317719 -0.02356612
v 0.03950899 0.01342572 -0.02342542
v 0.03939652 0.01367643 -0.02327993
v 0.03906313 0.01410600 -0.02302218
v 0.03866802 0.01439797 -0.02284072
v 0.03812226 0.01461797 -0.02270055
v 0.03809453 0.01108524 -0.02461945
v 0.03864234 0.01131487 -0.02451476
v 0.03905004 0.01162845 -0.02436758
v 0.03909475 0.01167415 -0.02434572
v 0.03941747 0.01213219 -0.02412074
v 0.03953613 0.01243793 -0.02396451
v 0.03958152 0.01264739 -0.02385463
v 0.03906313 -0.02699079 -0.00070506
v 0.03866802 -0.02697963 -0.00104865
v 0.03939652 -0.02699923 -0.00020417
v 0.03950885 -0.02696824 0.00130914
v 0.03958152 -0.02698241 0.00097436
v 0.03957480 -0.02699745 0.00037128
v 0.03953667 -0.02699937 0.00018471
v 0.03812226 -0.02696824 -0.00130926
v 0.03809453 -0.02686369 0.00270962
v 0.03864234 -0.02688785 0.00245841
v 0.03905004 -0.02691717 0.00211326
v 0.03909475 -0.02692109 0.00206275
v 0.03941747 -0.02695527 0.00155358
v 0.03809453 -0.01577845 -0.02190983
v 0.03864234 -0.01557297 -0.02205635
v 0.03953667 -0.01365964 -0.02328978
v 0.03939652 -0.01332280 -0.02348410
v 0.03906313 -0.01288480 -0.02372724
v 0.03866802 -0.01258165 -0.02388937
v 0.03905004 -0.01528872 -0.02225432
v 0.03909475 -0.01524694 -0.02228297
v 0.03941747 -0.01482308 -0.02256715
v 0.03953613 -0.01453491 -0.02275382
v 0.03958152 -0.01433502 -0.02288028
v 0.03957480 -0.01382026 -0.02319484
v 0.03812226 -0.01235027 -0.02400981
v 0.03020000 -0.00868854 0.00234720
v 0.03020000 -0.00899787 -0.00019572
v 0.03020000 -0.00857825 -0.00272279
v 0.03020000 -0.00746367 -0.00502927
v 0.03020000 -0.00574443 -0.00692831
v 0.03020000 -0.00355981 -0.00826606
v 0.03020000 -0.00108680 -0.00893414
v 0.03020000 0.00147426 -0.00887843
v 0.03020000 0.00391589 -0.00810345
v 0.03020000 0.00604027 -0.00667197
v 0.03000000 0.00810822 -0.00951350
v 0.03000000 0.00566458 -0.01114282
v 0.03000000 0.00290821 -0.01215699
v 0.03000000 -0.00000871 -0.01250000
v 0.03000000 -0.00292515 -0.01215292
v 0.03000000 -0.00568010 -0.01113492
v 0.03000000 -0.00812147 -0.00950219
v 0.03000000 -0.01011448 -0.00734488
v 0.03000000 -0.01154910 -0.00478208
v 0.03000000 -0.01234613 -0.00195527
v 0.03000000 -0.01246157 0.00097948
v 0.03000000 -0.01188904 0.00386016
v 0.01750000 -0.00574443 -0.00692831
v 0.01750000 -0.00610703 -0.00661091
v 0.01750000 -0.00727941 -0.00529246
v 0.01750000 -0.00857825 -0.00272279
v 0.01750000 -0.00817205 -0.00377062
v 0.01750000 -0.00746367 -0.00502927
v 0.01750000 -0.00875064 -0.00210389
v 0.01750000 -0.00899294 -0.00035630
v 0.01750000 -0.00899787 -0.00019572
v 0.01750000 -0.00888966 0.00140499
v 0.01750000 -0.00844475 0.00311228
v 0.01750000 -0.00868854 0.00234720
v 0.01724019 0.00316415 0.00858549
v 0.01735000 0.00312618 0.00848246
v 0.01735000 -0.00211328 0.00878972
v 0.01735000 -0.00035789 0.00903311
v 0.01735000 0.00141126 0.00892936
v 0.01735000 -0.00664043 0.00613431
v 0.01735000 -0.00531610 0.00731192
v 0.01735000 -0.00378746 0.00820854
v 0.01735000 -0.00770958 0.00472095
v 0.01735000 -0.00848246 0.00312618
v 0.01735000 -0.00892936 0.00141126
v 0.01735000 -0.00903311 -0.00035789
v 0.01735000 -0.00878972 -0.00211328
v 0.01735000 -0.00820854 -0.00378746
v 0.01735000 -0.00731192 -0.00531610
v 0.01735000 -0.00613431 -0.00664043
v 0.01724019 0.00142840 0.00903782
v 0.01724019 -0.00036223 0.00914283
v 0.01724019 -0.00213895 0.00889648
v 0.01724019 -0.00383347 0.00830825
v 0.01724019 -0.00538067 0.00740074
v 0.01724019 -0.00672109 0.00620882
v 0.01724019 -0.00780323 0.00477830
v 0.01724019 -0.00858549 0.00316415
v 0.01724019 -0.00903782 0.00142840
v 0.01724019 -0.00914283 -0.00036223
v 0.01724019 -0.00889648 -0.00213895
v 0.01724019 -0.00830825 -0.00383347
v 0.01724019 -0.00740074 -0.00538067
v 0.01724019 -0.00620882 -0.00672109
v 0.01985000 -0.01085621 0.00845429
v 0.01995981 -0.01076957 0.00838682
v 0.01995981 -0.00976283 0.00953990
v 0.01995981 -0.00863331 0.01057300
v 0.01995981 -0.00739523 0.01147315
v 0.01995981 -0.00606414 0.01222901
v 0.01995981 -0.00465680 0.01283108
v 0.01995981 -0.00319089 0.01327180
v 0.01995981 -0.00168486 0.01354562
v 0.01995981 -0.00015764 0.01364909
v 0.01995981 0.00137157 0.01358092
v 0.01995981 0.00288352 0.01334196
v 0.01995981 0.00435922 0.01293521
v 0.01995981 0.00578009 0.01236580
v 0.01995981 0.00712828 0.01164088
v 0.01995981 0.00838682 0.01076957
v 0.01995981 0.00953990 0.00976283
v 0.01995981 0.01057300 0.00863331
v 0.01995981 0.01147315 0.00739523
v 0.01995981 0.01222901 0.00606414
v 0.01995981 0.01283108 0.00465680
v 0.01995981 0.01327180 0.00319089
v 0.01995981 0.01354562 0.00168486
v 0.01995981 0.01364909 0.00015764
v 0.01995981 0.01358092 -0.00137157
v 0.01995981 0.01334196 -0.00288352
v 0.01995981 0.01293521 -0.00435922
v 0.01995981 0.01236580 -0.00578009
v 0.01985000 -0.00984137 0.00961664
v 0.01985000 -0.00870276 0.01065806
v 0.01985000 -0.00745472 0.01156544
v 0.01985000 -0.00611293 0.01232739
v 0.01985000 -0.00469426 0.01293430
v 0.01985000 -0.00321656 0.01337857
v 0.01985000 -0.00169841 0.01365458
v 0.01985000 -0.00015891 0.01375889
v 0.01985000 0.00138260 0.01369017
v 0.01985000 0.00290672 0.01344929
v 0.01985000 0.00439429 0.01303927
v 0.01985000 0.00582659 0.01246528
v 0.01985000 0.00718562 0.01173453
v 0.01985000 0.00845429 0.01085621
v 0.01985000 0.00961664 0.00984137
v 0.01985000 0.01065806 0.00870276
v 0.01985000 0.01156544 0.00745472
v 0.01985000 0.01232739 0.00611293
v 0.01985000 0.01293430 0.00469426
v 0.01985000 0.01337857 0.00321656
v 0.01985000 0.01365458 0.00169841
v 0.01985000 0.01375889 0.00015891
v 0.01985000 0.01369017 -0.00138260
v 0.01985000 0.01344929 -0.00290672
v 0.01985000 0.01303927 -0.00439429
v 0.01985000 0.01246528 -0.00582659
v 0.01970000 -0.01088792 0.00847899
v 0.01970000 -0.00987011 0.00964473
v 0.01970000 -0.00872819 0.01068919
v 0.01970000 -0.00747650 0.01159922
v 0.01970000 -0.00613078 0.01236339
v 0.01970000 -0.00470797 0.01297208
v 0.01970000 -0.00322596 0.01341765
v 0.01970000 -0.00170337 0.01369447
v 0.01970000 -0.00015937 0.01379908
v 0.01970000 0.00138664 0.01373016
v 0.01970000 0.00291521 0.01348857
v 0.01970000 0.00440712 0.01307736
v 0.01970000 0.00584361 0.01250169
v 0.01970000 0.00720661 0.01176880
v 0.01970000 0.00847899 0.01088792
v 0.01970000 0.00964473 0.00987011
v 0.01970000 0.01068919 0.00872819
v 0.01970000 0.01159922 0.00747650
v 0.01970000 0.01236339 0.00613078
v 0.01970000 0.01297208 0.00470797
v 0.01970000 0.01341765 0.00322596
v 0.01970000 0.01369447 0.00170337
v 0.01970000 0.01379908 0.00015937
v 0.01970000 0.01373016 -0.00138664
v 0.01970000 0.01348857 -0.00291521
v 0.01970000 0.01307736 -0.00440712
v 0.01970000 0.01250169 -0.00584361
v 0.01715981 0.00928622 -0.00736129
v 0.01715981 0.00833121 -0.00842695
v 0.01715981 0.00725471 -0.00936972
v 0.01715981 0.00607242 -0.01017586
v 0.01715981 0.00480158 -0.01083362
v 0.01715981 0.00346072 -0.01133340
v 0.01715981 0.00206940 -0.01166791
v 0.01715981 0.00064790 -0.01183228
v 0.01715981 -0.00078305 -0.01182410
v 0.01715981 -0.00220257 -0.01164350
v 0.01715981 -0.00358998 -0.01129312
v 0.01715981 -0.00492504 -0.01077805
v 0.01715981 -0.00618829 -0.01010582
v 0.01715981 -0.00736129 -0.00928622
v 0.01715981 -0.00842695 -0.00833121
v 0.01715981 -0.00936972 -0.00725471
v 0.01715981 -0.01017586 -0.00607242
v 0.01715981 -0.01083362 -0.00480158
v 0.01715981 -0.01133340 -0.00346072
v 0.01715981 -0.01166791 -0.00206940
v 0.01715981 -0.01183228 -0.00064790
v 0.01715981 -0.01182410 0.00078305
v 0.01715981 -0.01164350 0.00220257
v 0.01715981 -0.01129312 0.00358998
v 0.01715981 -0.01077805 0.00492504
v 0.01705000 0.00937227 -0.00742950
v 0.01705000 0.00840841 -0.00850504
v 0.01705000 0.00732194 -0.00945655
v 0.01705000 0.00612869 -0.01027016
v 0.01705000 0.00484607 -0.01093401
v 0.01705000 0.00349279 -0.01143842
v 0.01705000 0.00208858 -0.01177603
v 0.01705000 0.00065391 -0.01194192
v 0.01705000 -0.00079030 -0.01193367
v 0.01705000 -0.00222298 -0.01175140
v 0.01705000 -0.00362325 -0.01139777
v 0.01705000 -0.00497068 -0.01087793
v 0.01705000 -0.00624563 -0.01019947
v 0.01705000 -0.00742950 -0.00937227
v 0.01705000 -0.00850504 -0.00840841
v 0.01705000 -0.00945655 -0.00732194
v 0.01705000 -0.01027016 -0.00612869
v 0.01705000 -0.01093401 -0.00484607
v 0.01705000 -0.01143842 -0.00349279
v 0.01705000 -0.01177603 -0.00208858
v 0.01705000 -0.01194192 -0.00065391
v 0.01705000 -0.01193367 0.00079030
v 0.01705000 -0.01175140 0.00222298
v 0.01705000 -0.01139777 0.00362325
v 0.01705000 -0.01087793 0.00497068
v 0.01690000 0.00940377 -0.00745447
v 0.01690000 0.00843667 -0.00853362
v 0.01690000 0.00734654 -0.00948833
v 0.01690000 0.00614929 -0.01030467
v 0.01690000 0.00486236 -0.01097075
v 0.01690000 0.00350453 -0.01147686
v 0.01690000 0.00209560 -0.01181560
v 0.01690000 0.00065610 -0.01198205
v 0.01690000 -0.00079296 -0.01197377
v 0.01690000 -0.00223046 -0.01179089
v 0.01690000 -0.00363543 -0.01143607
v 0.01690000 -0.00498739 -0.01091448
v 0.01690000 -0.00626662 -0.01023374
v 0.01690000 -0.00745447 -0.00940377
v 0.01690000 -0.00853362 -0.00843667
v 0.01690000 -0.00948833 -0.00734654
v 0.01690000 -0.01030467 -0.00614929
v 0.01690000 -0.01097075 -0.00486236
v 0.01690000 -0.01147686 -0.00350453
v 0.01690000 -0.01181560 -0.00209560
v 0.01690000 -0.01198205 -0.00065610
v 0.01690000 -0.01197377 0.00079296
v 0.01690000 -0.01179089 0.00223046
v 0.01690000 -0.01143607 0.00363543
v 0.01690000 -0.01091448 0.00498739
v 0.01754019 -0.00857115 -0.01100627
v 0.01754019 -0.00974957 -0.00997740
v 0.01754019 -0.01263758 0.00590713
v 0.01754019 -0.01321950 0.00445502
v 0.01754019 -0.01363519 0.00294690
v 0.01754019 -0.01387940 0.00140171
v 0.01754019 -0.01394907 -0.00016110
v 0.01754019 -0.01384332 -0.00172189
v 0.01754019 -0.01356349 -0.00326102
v 0.01754019 -0.01311309 -0.00475915
v 0.01754019 -0.01249778 -0.00619742
v 0.01754019 -0.01172530 -0.00755776
v 0.01754019 -0.01080538 -0.00882306
v 0.01754019 0.01100627 -0.00857115
v 0.01754019 0.00997740 -0.00974957
v 0.01754019 0.00882306 -0.01080538
v 0.01754019 0.00755776 -0.01172530
v 0.01754019 0.00619742 -0.01249778
v 0.01754019 0.00475915 -0.01311309
v 0.01754019 0.00326102 -0.01356349
v 0.01754019 0.00172189 -0.01384332
v 0.01754019 0.00016110 -0.01394907
v 0.01754019 -0.00140171 -0.01387940
v 0.01754019 -0.00294690 -0.01363519
v 0.01754019 -0.00445502 -0.01321950
v 0.01754019 -0.00590713 -0.01263758
v 0.01754019 -0.00728494 -0.01189673
v 0.01765000 0.01091963 -0.00850368
v 0.01765000 0.00989886 -0.00967282
v 0.01765000 0.00875361 -0.01072032
v 0.01765000 0.00749827 -0.01163301
v 0.01765000 0.00614864 -0.01239940
v 0.01765000 0.00472168 -0.01300987
v 0.01765000 0.00323535 -0.01345672
v 0.01765000 0.00170834 -0.01373436
v 0.01765000 0.00015983 -0.01383927
v 0.01765000 -0.00139068 -0.01377015
v 0.01765000 -0.00292370 -0.01352786
v 0.01765000 -0.00441996 -0.01311545
v 0.01765000 -0.00586063 -0.01253810
v 0.01765000 -0.00722760 -0.01180308
v 0.01765000 -0.00850368 -0.01091963
v 0.01765000 -0.00967282 -0.00989886
v 0.01765000 -0.01072032 -0.00875361
v 0.01765000 -0.01163301 -0.00749827
v 0.01765000 -0.01239940 -0.00614864
v 0.01765000 -0.01300987 -0.00472168
v 0.01765000 -0.01345672 -0.00323535
v 0.01765000 -0.01373436 -0.00170834
v 0.01765000 -0.01383927 -0.00015983
v 0.01765000 -0.01377015 0.00139068
v 0.01765000 -0.01352786 0.00292370
v 0.01765000 -0.01311545 0.00441996
v 0.01765000 -0.01253810 0.00586063
v 0.01454019 0.01105092 -0.00504973
v 0.01465000 0.01095104 -0.00500409
v 0.01465000 0.01147437 -0.00364760
v 0.01465000 0.01183038 -0.00223793
v 0.01465000 0.01201388 -0.00079561
v 0.01465000 0.01202218 0.00065830
v 0.01465000 0.01185518 0.00210261
v 0.01465000 0.01151530 0.00351627
v 0.01465000 0.01100750 0.00487865
v 0.01465000 0.01033919 0.00616988
v 0.01465000 0.00952011 0.00737115
v 0.01465000 0.00856220 0.00846493
v 0.01465000 0.00747944 0.00943527
v 0.01465000 0.00628761 0.01026802
v 0.01465000 0.00500409 0.01095104
v 0.01465000 0.00364760 0.01147437
v 0.01465000 0.00223793 0.01183038
v 0.01465000 0.00079561 0.01201388
v 0.01465000 -0.00065830 0.01202218
v 0.01465000 -0.00210261 0.01185518
v 0.01465000 -0.00351627 0.01151530
v 0.01465000 -0.00487865 0.01100750
v 0.01465000 -0.00616988 0.01033919
v 0.01465000 -0.00737115 0.00952011
v 0.01465000 -0.00846493 0.00856220
v 0.01465000 -0.00943527 0.00747944
v 0.01454019 0.01157902 -0.00368087
v 0.01454019 0.01193827 -0.00225834
v 0.01454019 0.01212344 -0.00080287
v 0.01454019 0.01213183 0.00066430
v 0.01454019 0.01196330 0.00212179
v 0.01454019 0.01162032 0.00354834
v 0.01454019 0.01110789 0.00492314
v 0.01454019 0.01043348 0.00622615
v 0.01454019 0.00960693 0.00743837
v 0.01454019 0.00864029 0.00854213
v 0.01454019 0.00754765 0.00952132
v 0.01454019 0.00634495 0.01036166
v 0.01454019 0.00504973 0.01105092
v 0.01454019 0.00368087 0.01157902
v 0.01454019 0.00225834 0.01193827
v 0.01454019 0.00080287 0.01212344
v 0.01454019 -0.00066430 0.01213183
v 0.01454019 -0.00212179 0.01196330
v 0.01454019 -0.00354834 0.01162032
v 0.01454019 -0.00492314 0.01110789
v 0.01454019 -0.00622615 0.01043348
v 0.01454019 -0.00743837 0.00960693
v 0.01454019 -0.00854213 0.00864029
v 0.01454019 -0.00952132 0.00754765
v 0.01500000 -0.02137953 0.01565777
v 0.01500000 -0.02001350 0.01736980
v 0.01500000 -0.01851076 0.01896317
v 0.01500000 -0.01688157 0.02042701
v 0.01500000 -0.01513706 0.02175131
v 0.01500000 -0.00725425 0.02548776
v 0.01500000 -0.00933424 0.02480165
v 0.01500000 -0.01328915 0.02292703
v 0.01500000 -0.01135046 0.02394613
v 0.01500000 -0.00512471 0.02599976
v 0.01500000 -0.00296017 0.02633415
v 0.01500000 0.00141467 0.02646221
v 0.01500000 -0.00077540 0.02648865
v 0.01500000 0.00575091 0.02586846
v 0.01500000 0.00359507 0.02625501
v 0.01500000 0.00786747 0.02530520
v 0.01500000 0.01192526 0.02366512
v 0.01500000 0.00993028 0.02456908
v 0.03753176 -0.02549702 -0.00039060
v 0.03784679 -0.02566705 -0.00032774
v 0.03792293 -0.02549852 -0.00030207
v 0.03827503 -0.02565974 -0.00004516
v 0.03826059 -0.02549992 -0.00006477
v 0.03849299 -0.02549771 0.00031791
v 0.03851817 -0.02564806 0.00040654
v 0.03851505 -0.02549674 0.00039052
v 0.03854885 -0.02549014 0.00070812
v 0.03851817 -0.02563480 0.00091948
v 0.03851817 -0.02548330 0.00091557
v 0.03788866 -0.02544792 0.00163375
v 0.03820449 -0.02545949 0.00143714
v 0.03827503 -0.02562312 0.00137117
v 0.03827502 -0.02546332 0.00136705
v 0.03845244 -0.02547593 0.00110086
v 0.03784679 -0.02561581 0.00165375
v 0.03753176 -0.01241024 -0.02227636
v 0.03784679 -0.01254969 -0.02239218
v 0.03792293 -0.01248766 -0.02223340
v 0.03827503 -0.01279076 -0.02224457
v 0.03855000 -0.01331557 -0.02174731
v 0.03851817 -0.01309696 -0.02187936
v 0.03851817 -0.01317610 -0.02200861
v 0.03849299 -0.01302417 -0.02192271
v 0.03826059 -0.01269386 -0.02211596
v 0.03854885 -0.01335833 -0.02172105
v 0.03851817 -0.01361369 -0.02174065
v 0.03851817 -0.01353456 -0.02161140
v 0.03788866 -0.01413883 -0.02122167
v 0.03820449 -0.01397434 -0.02132999
v 0.03827503 -0.01399903 -0.02150468
v 0.03827502 -0.01391556 -0.02136836
v 0.03845244 -0.01369134 -0.02151237
v 0.03784679 -0.01424010 -0.02135707
v 0.03753176 0.01308678 -0.02188577
v 0.03784679 0.01311735 -0.02206445
v 0.03792293 0.01301085 -0.02193133
v 0.03827503 0.01286898 -0.02219941
v 0.03826059 0.01280605 -0.02205119
v 0.03849299 0.01247354 -0.02224062
v 0.03851817 0.01247196 -0.02241514
v 0.03851817 0.01239961 -0.02228198
v 0.03854885 0.01213182 -0.02242918
v 0.03851817 0.01202111 -0.02266013
v 0.03851425 0.01193541 -0.02253403
v 0.03788866 0.01130909 -0.02285542
v 0.03820449 0.01148514 -0.02276713
v 0.03827503 0.01162409 -0.02287586
v 0.03827502 0.01154776 -0.02273540
v 0.03845244 0.01178459 -0.02261324
v 0.03784679 0.01137571 -0.02301082
v 0.03784679 -0.01311735 0.02206445
v 0.03827503 -0.01286898 0.02219941
v 0.03851817 -0.01247196 0.02241514
v 0.03851817 -0.01202111 0.02266013
v 0.03827503 -0.01162409 0.02287586
v 0.03784679 -0.01137571 0.02301082
v 0.03840933 0.01384262 0.02160046
v 0.03820840 0.01405585 0.02146989
v 0.03679160 0.01405585 0.02146989
v 0.03697500 0.01417038 0.02139976
v 0.03724344 0.01426321 0.02134292
v 0.03750000 0.01429035 0.02132630
v 0.03775655 0.01426321 0.02134292
v 0.03802500 0.01417038 0.02139976
v 0.03659067 0.01384262 0.02160046
v 0.03784679 0.02566705 0.00032774
v 0.03827503 0.02565974 0.00004516
v 0.03851817 0.02564806 -0.00040654
v 0.03851817 0.02563480 -0.00091948
v 0.03827503 0.02562312 -0.00137117
v 0.03784679 0.02561581 -0.00165375
v 0.04025000 0.01925827 -0.01671433
v 0.04025000 0.01193962 -0.02253210
v 0.04025000 0.00898200 -0.02386574
v 0.04025000 0.00788791 -0.02424935
v 0.04025000 0.01563575 -0.02014381
v 0.04025000 0.01278767 -0.02206186
v 0.04025000 -0.01331656 -0.02174670
v 0.04025000 -0.01506691 -0.02057275
v 0.04025000 -0.01685716 -0.01913338
v 0.04025000 -0.00937938 -0.02371239
v 0.04025000 -0.01147525 -0.02277210
v 0.04025000 -0.02504990 0.00476999
v 0.04025000 -0.02549699 0.00039215
v 0.04025000 -0.02546364 0.00136128
v 0.04025000 -0.02518474 -0.00399736
v 0.04025000 -0.02534041 -0.00284846
v 0.04025000 0.01886623 -0.01715562
v 0.04025000 0.01624453 -0.01965618
v 0.04025000 0.00493133 -0.02501863
v 0.04025000 0.00360128 -0.02524442
v 0.04025000 0.00074614 -0.02548908
v 0.04025000 -0.00079259 -0.02548768
v 0.04025000 -0.00345940 -0.02526425
v 0.04025000 -0.00516287 -0.02497188
v 0.04025000 -0.00757058 -0.02435028
v 0.04025000 -0.01824758 -0.01781224
v 0.04025000 -0.01989573 -0.01595023
v 0.04025000 -0.02093051 -0.01456585
v 0.04025000 -0.02234178 -0.01229206
v 0.04025000 -0.02304250 -0.01092214
v 0.04025000 -0.02412246 -0.00826783
v 0.04025000 -0.02452596 -0.00698051
v 0.04025000 -0.02489229 0.00553389
v 0.04025000 -0.02385679 0.00900577
v 0.04025000 -0.02364194 0.00955555
v 0.03819358 -0.02674231 -0.00129134
v 0.03905005 -0.02672770 -0.00072619
v 0.03953635 -0.02670434 0.00017721
v 0.03953635 -0.02667782 0.00120309
v 0.03905005 -0.02665446 0.00210648
v 0.03819358 -0.02663984 0.00267164
v 0.03819358 -0.01225282 -0.02380520
v 0.03905005 -0.01273496 -0.02350996
v 0.03953635 -0.01350563 -0.02303804
v 0.03953635 -0.01438082 -0.02250212
v 0.03905005 -0.01515150 -0.02203020
v 0.03819358 -0.01563363 -0.02173496
v 0.03819358 0.01448949 -0.02251385
v 0.03905005 0.01399275 -0.02278377
v 0.03953635 0.01319871 -0.02321524
v 0.03953635 0.01229700 -0.02370521
v 0.03905005 0.01150296 -0.02413668
v 0.03819358 0.01100621 -0.02440660
v 0.03819358 -0.01448949 0.02251385
v 0.03905005 -0.01399275 0.02278377
v 0.03953635 -0.01319871 0.02321524
v 0.03953635 -0.01229700 0.02370521
v 0.03905005 -0.01150296 0.02413668
v 0.03819358 -0.01100621 0.02440660
v 0.03855000 0.01549419 0.02182034
v 0.03905005 0.01515150 0.02203020
v 0.03931865 0.01483868 0.02222175
v 0.03953635 0.01438082 0.02250212
v 0.03819358 0.02674231 0.00129134
v 0.03905005 0.02672770 0.00072619
v 0.03953635 0.02670434 -0.00017721
v 0.03953635 0.02667782 -0.00120309
v 0.03905005 0.02665446 -0.00210648
v 0.03819358 0.02663984 -0.00267164
v 0.03809453 -0.01108524 0.02461945
v 0.03864234 -0.01131487 0.02451476
v 0.03905004 -0.01162845 0.02436758
v 0.03958152 -0.01264739 0.02385463
v 0.03953613 -0.01243793 0.02396451
v 0.03941747 -0.01213219 0.02412074
v 0.03909475 -0.01167415 0.02434572
v 0.03957480 -0.01317719 0.02356612
v 0.03950899 -0.01342572 0.02342542
v 0.03906313 -0.01410600 0.02302218
v 0.03939652 -0.01367643 0.02327993
v 0.03812226 -0.01461797 0.02270055
v 0.03866802 -0.01439797 0.02284072
v 0.03905004 0.01528872 0.02225432
v 0.03809453 0.01577845 0.02190983
v 0.03864234 0.01557297 0.02205635
v 0.03957480 0.01382026 0.02319484
v 0.03958152 0.01433502 0.02288028
v 0.03953613 0.01453491 0.02275382
v 0.03941747 0.01482308 0.02256715
v 0.03909475 0.01524694 0.02228297
v 0.03812226 0.01235027 0.02400981
v 0.03866802 0.01258165 0.02388937
v 0.03906313 0.01288480 0.02372724
v 0.03939652 0.01332280 0.02348410
v 0.03953667 0.01365964 0.02328978
v 0.03809453 0.02686369 -0.00270962
v 0.03864234 0.02688785 -0.00245841
v 0.03905004 0.02691717 -0.00211326
v 0.03909475 0.02692109 -0.00206275
v 0.03941747 0.02695527 -0.00155358
v 0.03950885 0.02696824 -0.00130914
v 0.03953667 0.02699937 -0.00018471
v 0.03957480 0.02699745 -0.00037128
v 0.03958152 0.02698241 -0.00097436
v 0.03906313 0.02699079 0.00070506
v 0.03939652 0.02699923 0.00020417
v 0.03812226 0.02696824 0.00130926
v 0.03866802 0.02697963 0.00104865
v 0.01560000 -0.02291981 0.01427173
v 0.01560000 -0.02027221 0.01783360
v 0.01560000 -0.01707689 0.02091363
v 0.01560000 -0.01342016 0.02342860
v 0.01560000 -0.00940084 0.02531056
v 0.01560000 -0.00512751 0.02650865
v 0.01560000 -0.00071565 0.02699051
v 0.01560000 0.00371555 0.02674313
v 0.01560000 0.00804635 0.02577317
v 0.01560000 0.01215976 0.02410685
v 0.01560000 0.01594462 0.02178920
v 0.01560000 0.01929868 0.01888282
v 0.01560000 0.02213131 0.01546626
v 0.01560000 0.02436598 0.01163181
v 0.01560000 0.02594231 0.00748309
v 0.01560000 0.02681771 0.00313218
v 0.01560000 0.02696852 -0.00130335
v 0.01560000 0.02639068 -0.00570367
v 0.01560000 0.02509980 -0.00994989
v 0.01560000 0.02313074 -0.01392727
v 0.04700000 0.00259236 -0.01730693
v 0.04700000 0.00514283 -0.02139045
v 0.04700000 0.00555829 -0.01659384
v 0.04700000 0.00842572 -0.02032258
v 0.04700000 0.00835533 -0.01537655
v 0.04700000 0.01150114 -0.01875430
v 0.04700000 0.01089851 -0.01369206
v 0.04700000 0.01429336 -0.01672423
v 0.04700000 0.01311054 -0.01159154
v 0.04700000 0.01673363 -0.01428236
v 0.04700000 0.01492421 -0.00913882
v 0.04700000 0.01876186 -0.01148880
v 0.04700000 0.01628442 -0.00640842
v 0.04700000 0.02032812 -0.00841235
v 0.04700000 0.01714983 -0.00348330
v 0.04700000 0.02139383 -0.00512876
v 0.04700000 0.01749415 -0.00045234
v 0.04700000 0.02193275 -0.00171889
v 0.04700000 0.01730693 0.00259236
v 0.04700000 -0.01730693 -0.00259236
v 0.04700000 -0.02139045 -0.00514283
v 0.04700000 -0.01659384 -0.00555829
v 0.04700000 -0.02032258 -0.00842572
v 0.04700000 -0.01537655 -0.00835533
v 0.04700000 -0.01875430 -0.01150114
v 0.04700000 -0.01369206 -0.01089851
v 0.04700000 -0.01672423 -0.01429336
v 0.04700000 -0.01159154 -0.01311054
v 0.04700000 -0.01428236 -0.01673363
v 0.04700000 -0.00913882 -0.01492421
v 0.04700000 -0.01148880 -0.01876186
v 0.04700000 -0.00640842 -0.01628442
v 0.04700000 -0.00841235 -0.02032812
v 0.04700000 -0.00348330 -0.01714983
v 0.04700000 -0.00512876 -0.02139383
v 0.04700000 -0.00045234 -0.01749415
v 0.04700000 -0.00171889 -0.02193275
v 0.04700000 0.00173331 -0.02193161
v 0.04700000 -0.00259236 0.01730693
v 0.04700000 -0.00514283 0.02139045
v 0.04700000 -0.00555829 0.01659384
v 0.04700000 -0.00842572 0.02032258
v 0.04700000 -0.00835533 0.01537655
v 0.04700000 -0.01150114 0.01875430
v 0.04700000 -0.01089851 0.01369206
v 0.04700000 -0.01429336 0.01672423
v 0.04700000 -0.01311054 0.01159154
v 0.04700000 -0.01673363 0.01428236
v 0.04700000 -0.01492421 0.00913882
v 0.04700000 -0.01876186 0.01148880
v 0.04700000 -0.01628442 0.00640842
v 0.04700000 -0.02032812 0.00841235
v 0.04700000 -0.01714983 0.00348330
v 0.04700000 -0.02139383 0.00512876
v 0.04700000 -0.01749415 0.00045234
v 0.04700000 -0.02193275 0.00171889
v 0.04700000 -0.02193161 -0.00173331
v 0.04700000 0.02193161 0.00173331
v 0.04700000 0.02139045 0.00514283
v 0.04700000 0.01659384 0.00555829
v 0.04700000 0.02032258 0.00842572
v 0.04700000 0.01537655 0.00835533
v 0.04700000 0.01875430 0.01150114
v 0.04700000 0.01369206 0.01089851
v 0.04700000 0.01672423 0.01429336
v 0.04700000 0.01159154 0.01311054
v 0.04700000 0.01428236 0.01673363
v 0.04700000 0.00913882 0.01492421
v 0.04700000 0.01148880 0.01876186
v 0.04700000 0.00640842 0.01628442
v 0.04700000 0.00841235 0.02032812
v 0.04700000 0.00348330 0.01714983
v 0.04700000 0.00512876 0.02139383
v 0.04700000 0.00045234 0.01749415
v 0.04700000 0.00171889 0.02193275
v 0.04700000 -0.00173331 0.02193161
v 0.04200000 -0.01876186 0.01148880
v 0.04200000 -0.02032812 0.00841235
v 0.04200000 -0.02139383 0.00512876
v 0.04200000 -0.02193275 0.00171889
v 0.04200000 -0.02193161 -0.00173331
v 0.04200000 -0.02139045 -0.00514283
v 0.04200000 -0.02032258 -0.00842572
v 0.04200000 -0.01875430 -0.01150114
v 0.04200000 -0.01672423 -0.01429336
v 0.04200000 -0.01428236 -0.01673363
v 0.04200000 -0.01148880 -0.01876186
v 0.04200000 -0.00841235 -0.02032812
v 0.04200000 -0.00512876 -0.02139383
v 0.04200000 -0.00171889 -0.02193275
v 0.04200000 0.00173331 -0.02193161
v 0.04200000 0.00514283 -0.02139045
v 0.04200000 0.00842572 -0.02032258
v 0.04200000 0.01150114 -0.01875430
v 0.04200000 0.01429336 -0.01672423
v 0.04200000 0.01673363 -0.01428236
v 0.04200000 0.01876186 -0.01148880
v 0.04200000 -0.01492421 0.00913882
v 0.04200000 -0.01311054 0.01159154
v 0.04200000 -0.01089851 0.01369206
v 0.04200000 -0.00835533 0.01537655
v 0.04200000 -0.00555829 0.01659384
v 0.04200000 -0.00259236 0.01730693
v 0.04200000 0.00045234 0.01749415
v 0.04200000 0.00348330 0.01714983
v 0.04200000 0.00640842 0.01628442
v 0.04200000 0.00913882 0.01492421
v 0.04200000 0.01159154 0.01311054
v 0.04200000 0.01369206 0.01089851
v 0.04200000 0.01537655 0.00835533
v 0.04200000 0.01659384 0.00555829
v 0.04200000 0.01730693 0.00259236
v 0.04200000 0.01749415 -0.00045234
v 0.04200000 0.01714983 -0.00348330
v 0.04200000 0.01628442 -0.00640842
v 0.04200000 0.01492421 -0.00913882
v 0.04200000 0.00555829 -0.01659384
v 0.04200000 0.00259236 -0.01730693
v 0.04200000 -0.00045234 -0.01749415
v 0.04200000 -0.00348330 -0.01714983
v 0.04200000 -0.00640842 -0.01628442
v 0.04200000 -0.00913882 -0.01492421
v 0.04200000 -0.01159154 -0.01311054
v 0.04200000 -0.01369206 -0.01089851
v 0.04200000 -0.01537655 -0.00835533
v 0.04200000 -0.01659384 -0.00555829
v 0.04200000 0.02139045 0.00514283
v 0.04200000 0.02193161 0.00173331
v 0.04200000 0.02193275 -0.00171889
v 0.04200000 0.02139383 -0.00512876
v 0.04200000 0.02032812 -0.00841235
v 0.04200000 0.01311054 -0.01159154
v 0.04200000 0.01089851 -0.01369206
v 0.04200000 0.00835533 -0.01537655
v 0.04200000 -0.00514283 0.02139045
v 0.04200000 -0.00173331 0.02193161
v 0.04200000 0.00171889 0.02193275
v 0.04200000 0.00512876 0.02139383
v 0.04200000 0.00841235 0.02032812
v 0.04200000 0.01148880 0.01876186
v 0.04200000 0.01428236 0.01673363
v 0.04200000 0.01672423 0.01429336
v 0.04200000 0.01875430 0.01150114
v 0.04200000 0.02032258 0.00842572
v 0.04200000 -0.01730693 -0.00259236
v 0.04200000 -0.01749415 0.00045234
v 0.04200000 -0.01714983 0.00348330
v 0.04200000 -0.01628442 0.00640842
v 0.04200000 -0.01673363 0.01428236
v 0.04200000 -0.01429336 0.01672423
v 0.04200000 -0.01150114 0.01875430
v 0.04200000 -0.00842572 0.02032258
v 0.04200000 -0.00745021 0.01188789
v 0.04200000 -0.00730262 0.01238674
v 0.04200000 -0.00558847 0.01133708
v 0.04200000 -0.00692538 0.01274497
v 0.04200000 -0.00556249 0.01234175
v 0.04200000 -0.00544088 0.01183593
v 0.04200000 -0.00592071 0.01271899
v 0.04200000 -0.00641957 0.01286658
v 0.04200000 -0.00697037 0.01100484
v 0.04200000 -0.00732860 0.01138208
v 0.04200000 -0.00647152 0.01085725
v 0.04200000 -0.00596571 0.01097886
v 0.04200000 -0.00805461 -0.01148698
v 0.04200000 -0.00790702 -0.01098813
v 0.04200000 -0.00619287 -0.01203779
v 0.04200000 -0.00752978 -0.01062991
v 0.04200000 -0.00702397 -0.01050830
v 0.04200000 -0.00757477 -0.01237004
v 0.04200000 -0.00793300 -0.01199280
v 0.04200000 -0.00707592 -0.01251763
v 0.04200000 -0.00657011 -0.01239601
v 0.04200000 -0.00652512 -0.01065588
v 0.04200000 -0.00616689 -0.01103313
v 0.04200000 -0.00604528 -0.01153894
v 0.04200000 0.01397532 -0.00123201
v 0.04200000 0.01263841 0.00017588
v 0.04200000 0.01435256 -0.00087378
v 0.04200000 0.01301565 0.00053410
v 0.04200000 0.01261244 -0.00082879
v 0.04200000 0.01249083 -0.00032297
v 0.04200000 0.01297066 -0.00120603
v 0.04200000 0.01346951 -0.00135362
v 0.04200000 0.01437854 0.00013088
v 0.04200000 0.01450015 -0.00037493
v 0.04200000 0.01402032 0.00050812
v 0.04200000 0.01352147 0.00065571
v 0.03650000 -0.00558847 0.01133708
v 0.03650000 -0.00544088 0.01183593
v 0.03650000 -0.00556249 0.01234175
v 0.03650000 -0.00592071 0.01271899
v 0.03650000 -0.00641957 0.01286658
v 0.03650000 -0.00692538 0.01274497
v 0.03650000 -0.00730262 0.01238674
v 0.03650000 -0.00619287 -0.01203779
v 0.03650000 -0.00604528 -0.01153894
v 0.03650000 -0.00616689 -0.01103313
v 0.03650000 -0.00652512 -0.01065588
v 0.03650000 -0.00702397 -0.01050830
v 0.03650000 -0.00752978 -0.01062991
v 0.03650000 -0.00790702 -0.01098813
v 0.03650000 0.01435256 -0.00087378
v 0.03650000 0.01450015 -0.00037493
v 0.03650000 0.01437854 0.00013088
v 0.03650000 0.01402032 0.00050812
v 0.03650000 0.01352147 0.00065571
v 0.03650000 0.01301565 0.00053410
v 0.03650000 0.01263841 0.00017588
v 0.03650000 -0.01227760 0.01094790
v 0.03650000 -0.01216615 0.01114606
v 0.03650000 -0.01180694 0.01030839
v 0.03650000 -0.00369245 0.00932989
v 0.03650000 -0.00365520 0.01148173
v 0.03650000 -0.00315839 0.01357578
v 0.03650000 -0.00222503 0.01551502
v 0.03650000 -0.00226150 0.01545592
v 0.03650000 -0.00273241 0.01627218
v 0.03650000 -0.00326841 0.00721990
v 0.03650000 -0.00324886 0.00700854
v 0.03650000 -0.00331876 0.00680810
v 0.03650000 -0.00967202 0.01003639
v 0.03650000 -0.00732860 0.01138208
v 0.03650000 -0.00764475 0.00931389
v 0.03650000 -0.00697037 0.01100484
v 0.03650000 -0.00581903 0.00817434
v 0.03650000 -0.00385949 0.00648973
v 0.03650000 -0.00410716 0.00653648
v 0.03650000 -0.00365023 0.00655178
v 0.03650000 -0.00427940 0.00667055
v 0.03650000 -0.00647152 0.01085725
v 0.03650000 -0.00596571 0.01097886
v 0.03650000 -0.00351109 0.00662739
v 0.03650000 -0.00340278 0.00670483
v 0.03650000 -0.00537881 0.01559866
v 0.03650000 -0.00787789 0.01449789
v 0.03650000 -0.01016118 0.01300002
v 0.03650000 -0.00745021 0.01188789
v 0.03650000 -0.01202731 0.01036426
v 0.03650000 -0.01220018 0.01051193
v 0.03650000 -0.01228978 0.01072088
v 0.03650000 -0.00230841 0.01614457
v 0.03650000 -0.00218185 0.01595571
v 0.03650000 -0.00250551 0.01625787
v 0.03650000 -0.00215200 0.01573032
v 0.03650000 -0.00222321 0.01551798
v 0.03650000 -0.01272592 -0.01050243
v 0.03700000 -0.01311155 -0.01082069
v 0.03700000 -0.01331366 -0.01041337
v 0.03650000 -0.01282697 -0.01029877
v 0.03700000 -0.01331453 -0.00995867
v 0.03650000 -0.01282740 -0.01007142
v 0.03700000 -0.01319310 -0.00966196
v 0.03650000 -0.01272712 -0.00986739
v 0.03700000 -0.01311396 -0.00955060
v 0.03700000 -0.01296124 -0.00940033
v 0.03650000 -0.01254686 -0.00972884
v 0.03700000 -0.01275344 -0.00927351
v 0.03700000 -0.01230749 -0.00918471
v 0.03650000 -0.01232389 -0.00968444
v 0.03650000 -0.00313966 -0.01600370
v 0.03650000 -0.00334236 -0.01610666
v 0.03650000 -0.00356970 -0.01610923
v 0.03650000 -0.00657011 -0.01239601
v 0.03650000 -0.00302386 -0.01537930
v 0.03650000 -0.00296205 -0.01559809
v 0.03650000 -0.00300351 -0.01582163
v 0.03650000 -0.00385576 -0.01339441
v 0.03650000 -0.00424369 -0.01127749
v 0.03650000 -0.00416968 -0.00912660
v 0.03650000 -0.00461842 -0.00644048
v 0.03650000 -0.00443947 -0.00631549
v 0.03650000 -0.00418972 -0.00628160
v 0.03650000 -0.00623369 -0.00786270
v 0.03650000 -0.00811587 -0.00890637
v 0.03650000 -0.01017777 -0.00952314
v 0.03650000 -0.00805461 -0.01148698
v 0.03650000 -0.00707592 -0.01251763
v 0.03650000 -0.00617775 -0.01529985
v 0.03650000 -0.00757477 -0.01237004
v 0.03650000 -0.00861660 -0.01407140
v 0.03650000 -0.00793300 -0.01199280
v 0.03650000 -0.01081943 -0.01245752
v 0.03650000 -0.00369052 -0.00658728
v 0.03650000 -0.00360718 -0.00682514
v 0.03650000 -0.00384890 -0.00643708
v 0.03650000 -0.00363716 -0.00704135
v 0.03650000 -0.00391664 -0.00639609
v 0.03650000 -0.00398394 -0.00635439
v 0.03700000 -0.00258620 -0.01513753
v 0.03700000 -0.00246258 -0.01557511
v 0.03700000 -0.00248108 -0.01581785
v 0.03700000 -0.00254549 -0.01602218
v 0.03700000 -0.00260871 -0.01614329
v 0.03700000 -0.00281780 -0.01638633
v 0.03700000 -0.00322320 -0.01659226
v 0.03700000 -0.00367787 -0.01659739
v 0.03650000 0.00791657 0.00037080
v 0.03650000 0.00998870 0.00095225
v 0.03650000 0.01249083 -0.00032297
v 0.03650000 0.00768911 -0.00068695
v 0.03650000 0.00753489 -0.00048760
v 0.03650000 0.00788683 -0.00077943
v 0.03650000 0.00749503 -0.00027300
v 0.03650000 0.00992614 -0.00146719
v 0.03650000 0.00755523 0.00010790
v 0.03650000 0.00770489 0.00028196
v 0.03650000 0.00749912 -0.00011470
v 0.03650000 0.01261244 -0.00082879
v 0.03650000 0.01177107 -0.00257537
v 0.03650000 0.01297066 -0.00120603
v 0.03650000 0.01333616 -0.00405264
v 0.03650000 0.01346951 -0.00135362
v 0.03650000 0.01545833 -0.00576975
v 0.03650000 0.01397532 -0.00123201
v 0.03650000 0.01619825 -0.00314114
v 0.03650000 0.01649449 -0.00042650
v 0.03650000 0.01633894 0.00229983
v 0.03650000 0.01573585 0.00496317
v 0.03650000 0.01483080 0.00507091
v 0.03650000 0.01352778 0.00335802
v 0.03650000 0.01188844 0.00196361
v 0.03650000 0.01498937 0.00523383
v 0.03650000 0.01520369 0.00530970
v 0.03650000 0.01533249 -0.00595910
v 0.03650000 0.01513581 -0.00607315
v 0.03650000 0.01490897 -0.00608832
v 0.03650000 0.01561996 0.00515876
v 0.03650000 0.01552011 0.00523917
v 0.03650000 0.01542944 0.00528282
v 0.03650000 0.01454892 -0.00583058
v 0.03650000 0.01469886 -0.00600148
v 0.03700000 -0.00498729 -0.00610295
v 0.03700000 -0.00462941 -0.00585297
v 0.03700000 -0.00412990 -0.00578519
v 0.03700000 -0.00371834 -0.00593076
v 0.03700000 -0.00359230 -0.00600794
v 0.03700000 -0.00327556 -0.00630835
v 0.03700000 -0.00310887 -0.00678407
v 0.03700000 -0.00316884 -0.00721648
v 0.03700000 0.00777895 -0.00126765
v 0.03700000 0.00738352 -0.00108270
v 0.03700000 0.00707508 -0.00068401
v 0.03700000 0.00699536 -0.00025480
v 0.03700000 0.00699918 -0.00010705
v 0.03700000 0.00711140 0.00033814
v 0.03700000 0.00714625 0.00039987
v 0.03700000 0.00741073 0.00068627
v 0.03700000 0.00783407 0.00086395
v 0.03700000 -0.00279166 0.00737060
v 0.03700000 -0.00275255 0.00694786
v 0.03700000 -0.00289235 0.00654699
v 0.03700000 -0.00340688 0.00611500
v 0.03700000 -0.00382541 0.00599089
v 0.03700000 -0.00432074 0.00608439
v 0.03700000 -0.00466523 0.00635253
v 0.04670000 0.00369613 -0.01094424
v 0.04670000 0.00358626 -0.01006096
v 0.04670000 0.00387052 -0.00921749
v 0.04670000 0.00728176 -0.01130636
v 0.04670000 0.00449259 -0.00858088
v 0.04670000 0.00532927 -0.00827722
v 0.04670000 0.00756602 -0.01046289
v 0.04670000 0.00745615 -0.00957961
v 0.04670000 0.00697393 -0.00883147
v 0.04670000 0.00621485 -0.00836665
v 0.04670000 0.00493743 -0.01215719
v 0.04670000 0.00417835 -0.01169238
v 0.04670000 0.00582300 -0.01224663
v 0.04670000 0.00665969 -0.01194297
v 0.04670000 0.00808890 0.00975908
v 0.04670000 0.00780464 0.00891560
v 0.04670000 0.00439339 0.01100448
v 0.04670000 0.00718257 0.00827899
v 0.04670000 0.00634588 0.00797534
v 0.04670000 0.00501547 0.01164109
v 0.04670000 0.00585215 0.01194475
v 0.04670000 0.00421900 0.00927773
v 0.04670000 0.00410914 0.01016100
v 0.04670000 0.00470123 0.00852959
v 0.04670000 0.00546030 0.00806477
v 0.04670000 0.00797903 0.01064236
v 0.04670000 0.00749680 0.01139049
v 0.04670000 0.00673773 0.01185531
v 0.04670000 -0.01338078 0.00134632
v 0.04670000 -0.01275871 0.00198293
v 0.04670000 -0.00996953 -0.00074255
v 0.04670000 -0.01192202 0.00228659
v 0.04670000 -0.01366503 0.00050285
v 0.04670000 -0.01355517 -0.00038043
v 0.04670000 -0.01307294 -0.00112857
v 0.04670000 -0.01059161 -0.00137916
v 0.04670000 -0.01231387 -0.00159339
v 0.04670000 -0.01142829 -0.00168282
v 0.04670000 -0.00979514 0.00098420
v 0.04670000 -0.00968528 0.00010092
v 0.04670000 -0.01027737 0.00173233
v 0.04670000 -0.01103644 0.00219715
v 0.03700000 0.00980260 0.00141633
v 0.03700000 0.01160735 0.00237711
v 0.03700000 0.01316472 0.00370181
v 0.03700000 0.01436833 0.00527267
v 0.03700000 0.01440259 0.00532905
v 0.03700000 -0.00319450 0.00937508
v 0.03700000 -0.00315911 0.01141933
v 0.03700000 -0.00268714 0.01340868
v 0.03700000 -0.00183509 0.01519482
v 0.03700000 -0.00281521 0.01676528
v 0.03700000 -0.00236141 0.01673666
v 0.03700000 -0.00196720 0.01651005
v 0.03700000 -0.00171408 0.01613232
v 0.03700000 -0.00165438 0.01568156
v 0.03700000 -0.00179680 0.01525687
v 0.03700000 -0.01253483 0.01148382
v 0.03700000 -0.01046909 0.01339396
v 0.03700000 -0.00811661 0.01493722
v 0.03700000 -0.00554181 0.01607135
v 0.03700000 -0.01181639 0.00980848
v 0.03700000 -0.01225715 0.00992021
v 0.03700000 -0.01260287 0.01021555
v 0.03700000 -0.01278208 0.01063345
v 0.03700000 -0.01275772 0.01108750
v 0.03700000 -0.00978822 0.00955008
v 0.03700000 -0.00786231 0.00886370
v 0.03700000 -0.00612787 0.00778114
v 0.03700000 -0.00652181 -0.00745405
v 0.03700000 -0.00830988 -0.00844554
v 0.03700000 -0.01026868 -0.00903147
v 0.04200000 -0.01230749 -0.00918471
v 0.04200000 -0.01265351 -0.00923450
v 0.04200000 -0.01296124 -0.00940033
v 0.04200000 -0.01319310 -0.00966196
v 0.03700000 -0.00636496 -0.01576348
v 0.03700000 -0.00887771 -0.01449780
v 0.03700000 -0.01114730 -0.01283502
v 0.04200000 -0.00258620 -0.01513753
v 0.04200000 -0.00247325 -0.01546836
v 0.04200000 -0.00248108 -0.01581785
v 0.04200000 -0.00260871 -0.01614329
v 0.03700000 -0.00337650 -0.01325189
v 0.03700000 -0.00374503 -0.01124081
v 0.03700000 -0.00367473 -0.00919746
v 0.03700000 0.00971630 -0.00192102
v 0.03700000 0.01146899 -0.00297380
v 0.03700000 0.01295582 -0.00437721
v 0.03700000 0.01410794 -0.00606625
v 0.03700000 0.01592676 -0.00594459
v 0.03700000 0.01567508 -0.00632328
v 0.03700000 0.01528173 -0.00655138
v 0.03700000 0.01482804 -0.00658173
v 0.03700000 0.01440782 -0.00640804
v 0.03700000 0.01621269 0.00511357
v 0.03700000 0.01683405 0.00236952
v 0.03700000 0.01699432 -0.00043942
v 0.03700000 0.01668910 -0.00323633
v 0.03700000 0.01471973 0.00565490
v 0.03700000 0.01514836 0.00580663
v 0.03700000 0.01559988 0.00575288
v 0.03700000 0.01578122 0.00566558
v 0.04200000 -0.00498729 -0.00610295
v 0.04200000 -0.00462941 -0.00585297
v 0.04230000 -0.00371834 -0.00593076
v 0.04228719 -0.00385034 -0.00586114
v 0.04218910 -0.00413571 -0.00578451
v 0.04200000 -0.00443812 -0.00579595
v 0.03700000 -0.00365553 -0.00596968
v 0.04200000 -0.00316884 -0.00721648
v 0.04219009 -0.00327345 -0.00631151
v 0.04212444 -0.00321248 -0.00641618
v 0.04200000 -0.00314504 -0.00658777
v 0.04200000 -0.00310887 -0.00678407
v 0.04225593 -0.00337594 -0.00618229
v 0.04230000 -0.00359230 -0.00600794
v 0.04200000 0.00777895 -0.00126765
v 0.04200000 0.00738352 -0.00108270
v 0.04230000 0.00699536 -0.00025480
v 0.04228719 0.00700107 -0.00040392
v 0.04218910 0.00707739 -0.00068938
v 0.04200000 0.00723850 -0.00094555
v 0.03700000 0.00699766 -0.00018094
v 0.04200000 0.00783407 0.00086395
v 0.04200000 0.00743976 0.00070661
v 0.04200000 0.00727770 0.00057020
v 0.04214257 0.00714625 0.00039987
v 0.04200000 -0.00279166 0.00737060
v 0.04200000 -0.00275255 0.00694786
v 0.04200000 -0.00280038 0.00674150
v 0.04214257 -0.00289235 0.00654699
v 0.03700000 -0.00327702 0.00618556
v 0.03700000 -0.00334213 0.00615062
v 0.04200000 -0.00466523 0.00635253
v 0.04219009 -0.00382920 0.00599064
v 0.04212444 -0.00395033 0.00599018
v 0.04200000 -0.00413266 0.00601757
v 0.04200000 -0.00432074 0.00608439
v 0.04225593 -0.00366605 0.00601479
v 0.04230000 -0.00340688 0.00611500
v 0.04200000 0.00387052 -0.00921749
v 0.04200000 0.00449259 -0.00858088
v 0.04200000 0.00532927 -0.00827722
v 0.04200000 0.00621485 -0.00836665
v 0.04200000 0.00697393 -0.00883147
v 0.04200000 0.00745615 -0.00957961
v 0.04200000 0.00756602 -0.01046289
v 0.04200000 0.00728176 -0.01130636
v 0.04200000 0.00439339 0.01100448
v 0.04200000 0.00501547 0.01164109
v 0.04200000 0.00585215 0.01194475
v 0.04200000 0.00673773 0.01185531
v 0.04200000 0.00749680 0.01139049
v 0.04200000 0.00797903 0.01064236
v 0.04200000 0.00808890 0.00975908
v 0.04200000 0.00780464 0.00891560
v 0.04200000 -0.01338078 0.00134632
v 0.04200000 -0.01275871 0.00198293
v 0.04200000 -0.01192202 0.00228659
v 0.04200000 -0.01103644 0.00219715
v 0.04200000 -0.01027737 0.00173233
v 0.04200000 -0.00979514 0.00098420
v 0.04200000 -0.00968528 0.00010092
v 0.04200000 -0.00996953 -0.00074255
v 0.04200000 0.00978729 0.00141020
v 0.04200000 0.01158004 0.00235862
v 0.04200000 0.01313061 0.00366597
v 0.04200000 0.01436833 0.00527267
v 0.04200000 -0.00170648 0.00709774
v 0.04230000 -0.00163636 0.00680605
v 0.04230000 -0.00327702 0.00618556
v 0.04226635 -0.00307877 0.00632362
v 0.04230000 0.00680605 0.00163636
v 0.04225564 0.00704199 0.00016750
v 0.04230000 0.00699918 -0.00010705
v 0.04230000 0.00018094 0.00699766
v 0.04200000 0.00018869 0.00729756
v 0.04230000 0.00198590 0.00671239
v 0.04200000 0.00207101 0.00700007
v 0.04230000 0.00365553 0.00596968
v 0.04200000 0.00381219 0.00622553
v 0.04230000 0.00507604 0.00482015
v 0.04200000 0.00529358 0.00502673
v 0.04230000 0.00615062 0.00334213
v 0.04200000 0.00641422 0.00348537
v 0.04200000 0.00709774 0.00170648
v 0.03700000 -0.00180045 0.01525096
v 0.04200000 -0.00180045 0.01525096
v 0.04200000 -0.00268714 0.01340868
v 0.04200000 -0.00319450 0.00937508
v 0.04200000 -0.00315911 0.01141933
v 0.04200000 -0.00165438 0.01568156
v 0.04200000 -0.00171408 0.01613232
v 0.04200000 -0.00196720 0.01651005
v 0.04200000 -0.00236141 0.01673666
v 0.04200000 -0.00281521 0.01676528
v 0.04200000 -0.01253483 0.01148382
v 0.04200000 -0.01046909 0.01339396
v 0.04200000 -0.00811661 0.01493722
v 0.04200000 -0.00554181 0.01607135
v 0.04200000 -0.01181639 0.00980848
v 0.04200000 -0.01225715 0.00992021
v 0.04200000 -0.01260287 0.01021555
v 0.04200000 -0.01278208 0.01063345
v 0.04200000 -0.01275772 0.01108750
v 0.04200000 -0.00612787 0.00778114
v 0.04200000 -0.00786231 0.00886370
v 0.04200000 -0.00978822 0.00955008
v 0.04200000 -0.00529358 -0.00502673
v 0.04230000 -0.00507604 -0.00482015
v 0.04230000 -0.00615062 -0.00334213
v 0.04200000 -0.00641422 -0.00348537
v 0.04230000 -0.00680605 -0.00163636
v 0.04200000 -0.00709774 -0.00170648
v 0.04230000 -0.00699766 0.00018094
v 0.04200000 -0.00729756 0.00018869
v 0.04230000 -0.00671239 0.00198590
v 0.04200000 -0.00700007 0.00207101
v 0.04230000 -0.00596968 0.00365553
v 0.04200000 -0.00622553 0.00381219
v 0.04200000 -0.01026868 -0.00903147
v 0.04200000 -0.00830988 -0.00844554
v 0.04200000 -0.00652181 -0.00745405
v 0.04200000 -0.00367787 -0.01659739
v 0.04200000 -0.00636496 -0.01576348
v 0.04200000 -0.00887771 -0.01449780
v 0.04200000 -0.01114730 -0.01283502
v 0.04200000 -0.01311155 -0.01082069
v 0.04200000 -0.00367473 -0.00919746
v 0.04200000 -0.00374503 -0.01124081
v 0.04200000 -0.00337650 -0.01325189
v 0.04230000 -0.00272463 -0.00644798
v 0.04200000 0.00718786 -0.00127460
v 0.04230000 0.00689247 -0.00122222
v 0.04200000 -0.00284140 -0.00672432
v 0.04230000 -0.00198590 -0.00671239
v 0.04200000 -0.00104293 -0.00722512
v 0.04230000 -0.00100007 -0.00692819
v 0.04230000 -0.00018094 -0.00699766
v 0.04200000 0.00082376 -0.00725337
v 0.04230000 0.00078991 -0.00695529
v 0.04230000 0.00163636 -0.00680605
v 0.04200000 0.00263657 -0.00680724
v 0.04230000 0.00252822 -0.00652749
v 0.04200000 0.00427694 -0.00591589
v 0.04230000 0.00334213 -0.00615062
v 0.04230000 0.00410118 -0.00567277
v 0.04200000 0.00563759 -0.00463763
v 0.04230000 0.00482015 -0.00507604
v 0.04230000 0.00540591 -0.00444704
v 0.04200000 0.00662952 -0.00305605
v 0.04230000 0.00596968 -0.00365553
v 0.04230000 0.00635708 -0.00293046
v 0.04230000 0.00671239 -0.00198590
v 0.04200000 0.01410794 -0.00606625
v 0.04200000 0.01295582 -0.00437721
v 0.04200000 0.01146899 -0.00297380
v 0.04200000 0.00971630 -0.00192102
v 0.04200000 0.01440782 -0.00640804
v 0.04200000 0.01482804 -0.00658173
v 0.04200000 0.01528173 -0.00655138
v 0.04200000 0.01567508 -0.00632328
v 0.04200000 0.01592676 -0.00594459
v 0.04200000 0.01621269 0.00511357
v 0.04200000 0.01683405 0.00236952
v 0.04200000 0.01699432 -0.00043942
v 0.04200000 0.01668910 -0.00323633
v 0.04200000 0.01440259 0.00532905
v 0.04200000 0.01471973 0.00565490
v 0.04200000 0.01514836 0.00580663
v 0.04200000 0.01559988 0.00575288
v 0.04200000 0.01598091 0.00550476
v 0.03700000 0.01598091 0.00550476
v 0.04600000 0.00596968 -0.00365553
v 0.04600000 0.00671239 -0.00198590
v 0.04600000 0.00699766 -0.00018094
v 0.04600000 0.00680605 0.00163636
v 0.04600000 0.00615062 0.00334213
v 0.04600000 0.00507604 0.00482015
v 0.04600000 0.00365553 0.00596968
v 0.04600000 0.00198590 0.00671239
v 0.04600000 0.00018094 0.00699766
v 0.04600000 -0.00163636 0.00680605
v 0.04600000 -0.00334213 0.00615062
v 0.04230000 -0.00482015 0.00507604
v 0.04600000 -0.00482015 0.00507604
v 0.04600000 -0.00596968 0.00365553
v 0.04200000 -0.01475365 0.00903437
v 0.04200000 0.01475365 -0.00903437
v 0.04200000 0.01563275 0.00740992
v 0.04200000 0.01419991 0.00988193
v 0.04200000 0.01237973 0.01208438
v 0.04200000 0.01022186 0.01395720
v 0.04200000 0.00778517 0.01544931
v 0.04200000 0.01102080 -0.01333537
v 0.04200000 0.00867556 -0.01496745
v 0.04200000 0.01603943 -0.00648279
v 0.04200000 -0.00050620 0.01729259
v 0.04200000 -0.01306542 0.01133953
v 0.04200000 -0.01102080 0.01333537
v 0.04200000 -0.00867556 0.01496745
v 0.04200000 -0.00609367 0.01619127
v 0.04200000 -0.00334557 0.01697342
v 0.04200000 -0.01603943 0.00648279
v 0.04200000 0.00234697 0.01714006
v 0.04200000 0.00513612 0.01652000
v 0.04200000 0.01306542 -0.01133953
v 0.04200000 0.00421900 0.00927773
v 0.04200000 0.00634588 0.00797534
v 0.04200000 0.00410914 0.01016100
v 0.04200000 0.00369613 -0.01094424
v 0.04200000 0.00417835 -0.01169238
v 0.04200000 0.00334557 -0.01697342
v 0.04200000 0.00493743 -0.01215719
v 0.04200000 0.00609367 -0.01619127
v 0.04200000 0.00582300 -0.01224663
v 0.04200000 0.01688771 -0.00375437
v 0.04200000 0.01727533 -0.00092354
v 0.04200000 0.01719173 0.00193249
v 0.04200000 0.01663918 0.00473579
v 0.04200000 0.00718257 0.00827899
v 0.04200000 -0.01142829 -0.00168282
v 0.04200000 -0.00502673 0.00529358
v 0.04200000 0.00546030 0.00806477
v 0.04200000 0.00470123 0.00852959
v 0.04200000 -0.01688771 0.00375437
v 0.04200000 -0.01727533 0.00092354
v 0.04200000 -0.01366503 0.00050285
v 0.04200000 -0.01719173 -0.00193249
v 0.04200000 -0.01355517 -0.00038043
v 0.04200000 -0.01663918 -0.00473579
v 0.04200000 -0.01307294 -0.00112857
v 0.04200000 -0.01563275 -0.00740992
v 0.04200000 -0.01231387 -0.00159339
v 0.04200000 -0.01419991 -0.00988193
v 0.04200000 0.00665969 -0.01194297
v 0.04200000 0.00358626 -0.01006096
v 0.04200000 -0.01333101 -0.01004828
v 0.04200000 -0.00234697 -0.01714006
v 0.04200000 -0.00289013 -0.01644174
v 0.04200000 0.00050620 -0.01729259
v 0.04200000 -0.01059161 -0.00137916
v 0.04200000 -0.01330221 -0.01045748
v 0.04200000 -0.01237973 -0.01208438
v 0.04200000 -0.01022186 -0.01395720
v 0.04200000 -0.00778517 -0.01544931
v 0.04200000 -0.00513612 -0.01652000
v 0.04200000 -0.00326769 -0.01660210
v 0.04600000 -0.00191494 0.00461877
v 0.04600000 -0.00039393 0.00498446
v 0.04600000 0.00116563 0.00486223
v 0.04600000 0.00261109 0.00426406
v 0.04600000 0.00380096 0.00324849
v 0.04600000 0.00461877 0.00191494
v 0.04600000 -0.00461877 -0.00191494
v 0.04600000 -0.00680605 -0.00163636
v 0.04600000 -0.00498446 -0.00039393
v 0.04600000 -0.00699766 0.00018094
v 0.04600000 -0.00486223 0.00116563
v 0.04600000 -0.00671239 0.00198590
v 0.04600000 -0.00426406 0.00261109
v 0.04600000 -0.00324849 0.00380096
v 0.04600000 0.00191494 -0.00461877
v 0.04600000 0.00163636 -0.00680605
v 0.04600000 0.00039393 -0.00498446
v 0.04600000 -0.00018094 -0.00699766
v 0.04600000 -0.00116563 -0.00486223
v 0.04600000 -0.00198590 -0.00671239
v 0.04600000 -0.00261109 -0.00426406
v 0.04600000 -0.00365553 -0.00596968
v 0.04600000 -0.00380096 -0.00324849
v 0.04600000 -0.00507604 -0.00482015
v 0.04600000 -0.00615062 -0.00334213
v 0.04600000 0.00498446 0.00039393
v 0.04600000 0.00486223 -0.00116563
v 0.04600000 0.00426406 -0.00261109
v 0.04600000 0.00324849 -0.00380096
v 0.04600000 0.00482015 -0.00507604
v 0.04600000 0.00334213 -0.00615062
v 0.04220000 0.01492421 -0.00913882
v 0.04220000 0.01321646 -0.01147062
v 0.04220000 0.01114820 -0.01348954
v 0.04220000 0.00877585 -0.01514049
v 0.04220000 0.00616412 -0.01637845
v 0.04220000 0.00338424 -0.01716965
v 0.04220000 0.00051206 -0.01749251
v 0.04220000 -0.00237410 -0.01733821
v 0.04220000 -0.00519550 -0.01671098
v 0.04220000 -0.00787517 -0.01562791
v 0.04220000 -0.01034004 -0.01411856
v 0.04220000 -0.01252285 -0.01222408
v 0.04220000 -0.01436407 -0.00999617
v 0.04220000 -0.01581348 -0.00749559
v 0.04220000 -0.01683154 -0.00479054
v 0.04220000 -0.01739047 -0.00195483
v 0.04220000 -0.01747505 0.00093421
v 0.04220000 -0.01708294 0.00379777
v 0.04220000 -0.01622486 0.00655773
v 0.04220000 -0.01492421 0.00913882
v 0.04700000 -0.00426406 0.00261109
v 0.04700000 -0.00324849 0.00380096
v 0.04700000 -0.00191494 0.00461877
v 0.04700000 -0.00039393 0.00498446
v 0.04700000 0.00116563 0.00486223
v 0.04700000 0.00261109 0.00426406
v 0.04700000 0.00380096 0.00324849
v 0.04700000 0.00461877 0.00191494
v 0.04700000 0.00498446 0.00039393
v 0.04700000 0.00486223 -0.00116563
v 0.04700000 0.00426406 -0.00261109
v 0.04700000 0.01321646 -0.01147062
v 0.04700000 0.01114820 -0.01348954
v 0.04700000 0.00877585 -0.01514049
v 0.04700000 0.00616412 -0.01637845
v 0.04700000 0.00338424 -0.01716965
v 0.04700000 0.00051206 -0.01749251
v 0.04700000 -0.00237410 -0.01733821
v 0.04700000 -0.00519550 -0.01671098
v 0.04700000 -0.00787517 -0.01562791
v 0.04700000 -0.01034004 -0.01411856
v 0.04700000 -0.01252285 -0.01222408
v 0.04700000 -0.01436407 -0.00999617
v 0.04700000 -0.01581348 -0.00749559
v 0.04700000 -0.01683154 -0.00479054
v 0.04700000 -0.01739047 -0.00195483
v 0.04700000 -0.01747505 0.00093421
v 0.04700000 -0.01708294 0.00379777
v 0.04700000 -0.01622486 0.00655773
v 0.04700000 -0.00261109 -0.00426406
v 0.04700000 -0.00237321 -0.00551071
v 0.04700000 -0.00116563 -0.00486223
v 0.04700000 -0.00072453 -0.00595609
v 0.04700000 0.00039393 -0.00498446
v 0.04700000 0.00098284 -0.00591895
v 0.04700000 0.00191494 -0.00461877
v 0.04700000 0.00261059 -0.00540230
v 0.04700000 0.00324849 -0.00380096
v 0.04700000 0.00402685 -0.00444798
v 0.04700000 0.00511687 -0.00313331
v 0.04700000 0.00579236 -0.00156480
v 0.04700000 0.00599858 0.00013048
v 0.04700000 0.00571884 0.00181519
v 0.04700000 0.00497578 0.00335285
v 0.04700000 0.00382962 0.00461887
v 0.04700000 0.00237321 0.00551071
v 0.04700000 0.00072453 0.00595609
v 0.04700000 -0.00098284 0.00591895
v 0.04700000 -0.00261059 0.00540230
v 0.04700000 -0.00402685 0.00444798
v 0.04700000 -0.00511687 0.00313331
v 0.04700000 -0.00486223 0.00116563
v 0.04700000 -0.00579236 0.00156480
v 0.04700000 -0.00498446 -0.00039393
v 0.04700000 -0.00599858 -0.00013048
v 0.04700000 -0.00461877 -0.00191494
v 0.04700000 -0.00571884 -0.00181519
v 0.04700000 -0.00380096 -0.00324849
v 0.04700000 -0.00497578 -0.00335285
v 0.04700000 -0.00382962 -0.00461887
v 0.04700000 -0.00051206 0.01749251
v 0.04700000 -0.00054132 0.01849208
v 0.04700000 0.00237410 0.01733821
v 0.04700000 0.00250976 0.01832897
v 0.04700000 0.00519550 0.01671098
v 0.04700000 0.00549238 0.01766589
v 0.04700000 0.00787517 0.01562791
v 0.04700000 0.00832518 0.01652094
v 0.04700000 0.01034004 0.01411856
v 0.04700000 0.01093090 0.01492533
v 0.04700000 0.01252285 0.01222408
v 0.04700000 0.01323844 0.01292260
v 0.04700000 0.01436407 0.00999617
v 0.04700000 0.01518488 0.01056738
v 0.04700000 0.01581348 0.00749559
v 0.04700000 0.01671711 0.00792391
v 0.04700000 0.01683154 0.00479054
v 0.04700000 0.01779334 0.00506429
v 0.04700000 0.01739047 0.00195483
v 0.04700000 0.01838422 0.00206653
v 0.04700000 0.01747505 -0.00093421
v 0.04700000 0.01847362 -0.00098760
v 0.04700000 0.01708294 -0.00379777
v 0.04700000 0.01805911 -0.00401479
v 0.04700000 0.01622486 -0.00655773
v 0.04700000 0.01715200 -0.00693246
v 0.04700000 0.01577702 -0.00966104
v 0.04700000 0.01397169 -0.01212609
v 0.04700000 0.01178524 -0.01426037
v 0.04700000 0.00927733 -0.01600566
v 0.04700000 0.00651635 -0.01731436
v 0.04700000 0.00357763 -0.01815077
v 0.04700000 0.00054132 -0.01849208
v 0.04700000 -0.00250976 -0.01832897
v 0.04700000 -0.00549238 -0.01766589
v 0.04700000 -0.00832518 -0.01652094
v 0.04700000 -0.01093090 -0.01492533
v 0.04700000 -0.01323844 -0.01292260
v 0.04700000 -0.01518488 -0.01056738
v 0.04700000 -0.01671711 -0.00792391
v 0.04700000 -0.01779334 -0.00506429
v 0.04700000 -0.01838422 -0.00206653
v 0.04700000 -0.01847362 0.00098760
v 0.04700000 -0.01805911 0.00401479
v 0.04700000 -0.01715200 0.00693246
v 0.04700000 -0.01577702 0.00966104
v 0.04700000 -0.01321646 0.01147062
v 0.04700000 -0.01397169 0.01212609
v 0.04700000 -0.01114820 0.01348954
v 0.04700000 -0.01178524 0.01426037
v 0.04700000 -0.00877585 0.01514049
v 0.04700000 -0.00927733 0.01600566
v 0.04700000 -0.00616412 0.01637845
v 0.04700000 -0.00651635 0.01731436
v 0.04700000 -0.00338424 0.01716965
v 0.04700000 -0.00357763 0.01815077
v 0.04300000 -0.00544800 0.01175404
v 0.04300000 -0.00627844 0.01155438
v 0.04300000 -0.00689779 0.01096625
v 0.04300000 -0.00408351 0.00924293
v 0.04300000 -0.00384120 0.01006194
v 0.04300000 -0.00404086 0.01089238
v 0.04300000 -0.00714010 0.01014724
v 0.04300000 -0.00694044 0.00931680
v 0.04300000 -0.00462899 0.01151173
v 0.04300000 -0.00635231 0.00869745
v 0.04300000 -0.00553330 0.00845514
v 0.04300000 -0.00470286 0.00865480
v 0.04300000 -0.00604816 -0.01145679
v 0.04300000 -0.00521772 -0.01125713
v 0.04300000 -0.00459837 -0.01066900
v 0.04300000 -0.00741265 -0.00894568
v 0.04300000 -0.00765496 -0.00976469
v 0.04300000 -0.00745530 -0.01059513
v 0.04300000 -0.00435606 -0.00984999
v 0.04300000 -0.00455572 -0.00901955
v 0.04300000 -0.00686717 -0.01121448
v 0.04300000 -0.00514385 -0.00840020
v 0.04300000 -0.00596286 -0.00815789
v 0.04300000 -0.00679330 -0.00835755
v 0.04300000 0.01145351 -0.00194670
v 0.04300000 0.01228395 -0.00174704
v 0.04300000 0.01290330 -0.00115892
v 0.04300000 0.01008902 0.00056440
v 0.04300000 0.01314561 -0.00033990
v 0.04300000 0.01070837 0.00115253
v 0.04300000 0.01153881 0.00135219
v 0.04300000 0.01235782 0.00110988
v 0.04300000 0.01294595 0.00049053
v 0.04300000 0.01063450 -0.00170440
v 0.04300000 0.01004637 -0.00108504
v 0.04300000 0.00984671 -0.00025461
v 0.04300000 0.00763110 0.00585374
v 0.04300000 0.00807043 0.00609247
v 0.04900000 0.00763110 0.00585374
v 0.04900000 0.00807043 0.00609247
v 0.04300000 0.00906344 0.00321776
v 0.04300000 0.00950277 0.00345649
v 0.04300000 0.00706805 0.00531908
v 0.04300000 0.00684777 0.00457453
v 0.04300000 0.01006582 0.00399115
v 0.04300000 0.01028610 0.00473570
v 0.04300000 0.01010459 0.00549065
v 0.04300000 0.00830850 0.00303625
v 0.04300000 0.00756394 0.00325654
v 0.04300000 0.00702928 0.00381958
v 0.04300000 0.00981949 0.00368675
v 0.04300000 0.00882537 0.00627398
v 0.04300000 0.00956993 0.00605369
v 0.04900000 0.00950277 0.00345649
v 0.04900000 0.00906344 0.00321776
v 0.04870000 -0.00511687 0.00313331
v 0.04870000 -0.00461887 0.00382962
v 0.04870000 -0.00402685 0.00444798
v 0.04870000 -0.00335285 0.00497578
v 0.04870000 -0.00261059 0.00540230
v 0.04870000 -0.00181519 0.00571884
v 0.04870000 -0.00098284 0.00591895
v 0.04870000 -0.00013048 0.00599858
v 0.04870000 0.00072453 0.00595609
v 0.04870000 0.00156480 0.00579236
v 0.04870000 0.00237321 0.00551071
v 0.04870000 0.00313331 0.00511687
v 0.04870000 0.00382962 0.00461887
v 0.04870000 0.00444798 0.00402685
v 0.04870000 0.00497578 0.00335285
v 0.04870000 0.00540230 0.00261059
v 0.04870000 0.00571884 0.00181519
v 0.04870000 0.00591895 0.00098284
v 0.04870000 0.00599858 0.00013048
v 0.04870000 0.00595609 -0.00072453
v 0.04870000 0.00579236 -0.00156480
v 0.04870000 0.00551071 -0.00237321
v 0.04870000 0.00511687 -0.00313331
v 0.04850000 0.01577702 -0.00966104
v 0.04850000 0.01397169 -0.01212609
v 0.04850000 0.01178524 -0.01426037
v 0.04850000 0.00927733 -0.01600566
v 0.04850000 0.00651635 -0.01731436
v 0.04850000 0.00357763 -0.01815077
v 0.04850000 0.00054132 -0.01849208
v 0.04850000 -0.00250976 -0.01832897
v 0.04850000 -0.00549238 -0.01766589
v 0.04850000 -0.00832518 -0.01652094
v 0.04850000 -0.01093090 -0.01492533
v 0.04850000 -0.01323844 -0.01292260
v 0.04850000 -0.01518488 -0.01056738
v 0.04850000 -0.01671711 -0.00792391
v 0.04850000 -0.01779334 -0.00506429
v 0.04850000 -0.01838422 -0.00206653
v 0.04850000 -0.01847362 0.00098760
v 0.04850000 -0.01805911 0.00401479
v 0.04850000 -0.01715200 0.00693246
v 0.04850000 -0.01577702 0.00966104
v 0.04300000 -0.00800327 -0.00349526
v 0.04300000 -0.00874783 -0.00327498
v 0.04300000 -0.00950277 -0.00345649
v 0.04300000 -0.00807043 -0.00609247
v 0.04300000 -0.00750738 -0.00555780
v 0.04300000 -0.00728710 -0.00481325
v 0.04300000 -0.01010459 -0.00549065
v 0.04300000 -0.00956993 -0.00605369
v 0.04300000 -0.01028610 -0.00473570
v 0.04300000 -0.01006582 -0.00399115
v 0.04300000 -0.00882537 -0.00627398
v 0.04300000 -0.00746861 -0.00405831
v 0.04900000 -0.00408351 0.00924293
v 0.04900000 -0.00384120 0.01006194
v 0.04900000 -0.00404086 0.01089238
v 0.04900000 -0.00462899 0.01151173
v 0.04900000 -0.00544800 0.01175404
v 0.04900000 -0.00627844 0.01155438
v 0.04900000 -0.00689779 0.01096625
v 0.04900000 -0.00459837 -0.01066900
v 0.04900000 -0.00435606 -0.00984999
v 0.04900000 -0.00455572 -0.00901955
v 0.04900000 -0.00514385 -0.00840020
v 0.04900000 -0.00596286 -0.00815789
v 0.04900000 -0.00679330 -0.00835755
v 0.04900000 -0.00741265 -0.00894568
v 0.04900000 0.01290330 -0.00115892
v 0.04900000 0.01314561 -0.00033990
v 0.04900000 0.01294595 0.00049053
v 0.04900000 0.01235782 0.00110988
v 0.04900000 0.01153881 0.00135219
v 0.04900000 0.01070837 0.00115253
v 0.04900000 0.01008902 0.00056440
v 0.04900000 0.00981949 0.00368675
v 0.04900000 0.01006582 0.00399115
v 0.04900000 0.00706805 0.00531908
v 0.04900000 0.00684777 0.00457453
v 0.04900000 0.00702928 0.00381958
v 0.04900000 0.00756394 0.00325654
v 0.04900000 0.00830850 0.00303625
v 0.04900000 0.00537272 -0.00328997
v 0.04900000 0.00578624 -0.00249187
v 0.04900000 0.00608198 -0.00164304
v 0.04900000 0.00625390 -0.00076076
v 0.04900000 0.00629851 0.00013701
v 0.04900000 0.00621490 0.00103198
v 0.04900000 0.00600478 0.00190595
v 0.04900000 0.00567241 0.00274112
v 0.04900000 0.00522457 0.00352049
v 0.04900000 0.00467038 0.00422819
v 0.04900000 0.00402110 0.00484982
v 0.04900000 0.00328997 0.00537272
v 0.04900000 0.00249187 0.00578624
v 0.04900000 0.00164304 0.00608198
v 0.04900000 0.00076076 0.00625390
v 0.04900000 -0.00013701 0.00629851
v 0.04900000 -0.00103198 0.00621490
v 0.04900000 -0.00190595 0.00600478
v 0.04900000 -0.00274112 0.00567241
v 0.04900000 -0.00352049 0.00522457
v 0.04900000 -0.00422819 0.00467038
v 0.04900000 -0.00484982 0.00402110
v 0.04900000 -0.00537272 0.00328997
v 0.04900000 -0.01535061 0.00939993
v 0.04900000 -0.01668843 0.00674510
v 0.04900000 -0.01757103 0.00390628
v 0.04900000 -0.01797433 0.00096091
v 0.04900000 -0.01788735 -0.00201068
v 0.04900000 -0.01731244 -0.00492742
v 0.04900000 -0.01626530 -0.00770975
v 0.04900000 -0.01477447 -0.01028178
v 0.04900000 -0.01288064 -0.01257334
v 0.04900000 -0.01063547 -0.01452194
v 0.04900000 -0.00810018 -0.01607442
v 0.04900000 -0.00534394 -0.01718844
v 0.04900000 -0.00244193 -0.01783359
v 0.04900000 0.00052669 -0.01799229
v 0.04900000 0.00348094 -0.01766021
v 0.04900000 0.00634024 -0.01684641
v 0.04900000 0.00902659 -0.01557307
v 0.04900000 0.01146672 -0.01387495
v 0.04900000 0.01359407 -0.01179835
v 0.04900000 0.01535061 -0.00939993
v 0.04900000 -0.00750738 -0.00555780
v 0.04900000 -0.00728710 -0.00481325
v 0.04900000 -0.00746861 -0.00405831
v 0.04900000 -0.00800327 -0.00349526
v 0.04900000 -0.00874783 -0.00327498
v 0.04900000 -0.00950277 -0.00345649
v 0.04900000 -0.01006582 -0.00399115
v 0.04900000 -0.01240129 -0.00607279
v 0.04900000 -0.00828251 -0.00859492
v 0.04900000 0.00574033 -0.00480493
v 0.04900000 -0.00348094 0.01766021
v 0.04900000 -0.00634024 0.01684641
v 0.04900000 -0.00804044 0.01521905
v 0.04900000 -0.01359407 0.01179835
v 0.04900000 -0.01320002 0.00679316
v 0.04900000 -0.01146672 0.01387495
v 0.04900000 -0.00902659 0.01557307
v 0.04900000 -0.00922405 0.01328615
v 0.04900000 -0.00172963 0.01135464
v 0.04900000 0.00244193 0.01783359
v 0.04900000 -0.00052669 0.01799229
v 0.04900000 0.00534394 0.01718844
v 0.04900000 0.00238915 0.00883251
v 0.04900000 0.00810018 0.01607442
v 0.04900000 0.00667453 0.00620836
v 0.04900000 0.01063547 0.01452194
v 0.04900000 0.00882537 0.00627398
v 0.04900000 0.01288064 0.01257334
v 0.04900000 0.00956993 0.00605369
v 0.04900000 0.01477447 0.01028178
v 0.04900000 0.01010459 0.00549065
v 0.04900000 0.01731244 0.00492742
v 0.04900000 0.01089991 0.00362096
v 0.04900000 0.01788735 0.00201068
v 0.04900000 0.01797433 -0.00096091
v 0.04900000 0.01028610 0.00473570
v 0.04900000 0.01626530 0.00770975
v 0.04900000 0.01757103 -0.00390628
v 0.04900000 0.01004637 -0.00108504
v 0.04900000 0.00984671 -0.00025461
v 0.04900000 0.00971630 0.00168805
v 0.04900000 0.01668843 -0.00674510
v 0.04900000 0.01228395 -0.00174704
v 0.04900000 0.01145351 -0.00194670
v 0.04900000 0.01063450 -0.00170440
v 0.04900000 0.00187324 -0.01112011
v 0.04900000 0.00022825 -0.01380647
v 0.04900000 -0.00399713 -0.01121907
v 0.04900000 -0.00686717 -0.01121448
v 0.04900000 -0.00604816 -0.01145679
v 0.04900000 -0.00521772 -0.01125713
v 0.04900000 -0.01706711 0.00047798
v 0.04900000 -0.00807043 -0.00609247
v 0.04900000 -0.00882537 -0.00627398
v 0.04900000 -0.00956993 -0.00605369
v 0.04900000 -0.01010459 -0.00549065
v 0.04900000 -0.01028610 -0.00473570
v 0.04900000 -0.01075630 -0.00338643
v 0.04900000 -0.00688921 0.00292875
v 0.04900000 -0.00621490 -0.00103198
v 0.04900000 -0.00663752 -0.00590856
v 0.04900000 -0.00522457 -0.00352049
v 0.04900000 -0.00567241 -0.00274112
v 0.04900000 -0.00600478 -0.00190595
v 0.04900000 -0.00629851 -0.00013701
v 0.04900000 -0.00625390 0.00076076
v 0.04900000 -0.00608198 0.00164304
v 0.04900000 -0.00578624 0.00249187
v 0.04900000 0.00120554 0.00689961
v 0.04900000 0.00549092 0.00427546
v 0.04900000 -0.00291324 0.00942173
v 0.04900000 -0.00164304 -0.00608198
v 0.04900000 -0.00249187 -0.00578624
v 0.04900000 -0.00235214 -0.00853271
v 0.04900000 -0.00328997 -0.00537272
v 0.04900000 -0.00402110 -0.00484982
v 0.04900000 -0.00467038 -0.00422819
v 0.04900000 0.00274112 -0.00567241
v 0.04900000 0.00190595 -0.00600478
v 0.04900000 0.00484982 -0.00402110
v 0.04900000 0.00422819 -0.00467038
v 0.04900000 0.00352049 -0.00522457
v 0.04900000 0.00103198 -0.00621490
v 0.04900000 0.00013701 -0.00629851
v 0.04900000 -0.00076076 -0.00625390
v 0.04900000 -0.00745530 -0.01059513
v 0.04900000 -0.00765496 -0.00976469
v 0.04900000 -0.00553330 0.00845514
v 0.04900000 -0.00635231 0.00869745
v 0.04900000 -0.00470286 0.00865480
v 0.04900000 -0.00694044 0.00931680
v 0.04900000 -0.00714010 0.01014724
v 0.03700000 -0.00306041 0.00634044
v 0.04220000 -0.01321646 0.01147062
v 0.04220000 -0.01114820 0.01348954
v 0.04220000 -0.00877585 0.01514049
v 0.04220000 -0.00616412 0.01637845
v 0.04220000 -0.00338424 0.01716965
v 0.04220000 -0.00051206 0.01749251
v 0.04220000 0.00237410 0.01733821
v 0.04220000 0.00519550 0.01671098
v 0.04220000 0.00787517 0.01562791
v 0.04220000 0.01034004 0.01411856
v 0.04220000 0.01252285 0.01222408
v 0.04220000 0.01436407 0.00999617
v 0.04220000 0.01581348 0.00749559
v 0.04220000 0.01683154 0.00479054
v 0.04220000 0.01739047 0.00195483
v 0.04220000 0.01747505 -0.00093421
v 0.04220000 0.01708294 -0.00379777
v 0.04220000 0.01622486 -0.00655773
v 0.04870000 0.00461887 -0.00382962
v 0.04870000 0.00402685 -0.00444798
v 0.04870000 0.00335285 -0.00497578
v 0.04870000 0.00261059 -0.00540230
v 0.04870000 0.00181519 -0.00571884
v 0.04870000 0.00098284 -0.00591895
v 0.04870000 0.00013048 -0.00599858
v 0.04870000 -0.00072453 -0.00595609
v 0.04870000 -0.00156480 -0.00579236
v 0.04870000 -0.00237321 -0.00551071
v 0.04870000 -0.00313331 -0.00511687
v 0.04870000 -0.00382962 -0.00461887
v 0.04870000 -0.00444798 -0.00402685
v 0.04870000 -0.00497578 -0.00335285
v 0.04870000 -0.00540230 -0.00261059
v 0.04870000 -0.00571884 -0.00181519
v 0.04870000 -0.00591895 -0.00098284
v 0.04870000 -0.00599858 -0.00013048
v 0.04870000 -0.00595609 0.00072453
v 0.04870000 -0.00579236 0.00156480
v 0.04870000 -0.00551071 0.00237321
v 0.04850000 -0.01397169 0.01212609
v 0.04850000 -0.01178524 0.01426037
v 0.04850000 -0.00927733 0.01600566
v 0.04850000 -0.00651635 0.01731436
v 0.04850000 -0.00357763 0.01815077
v 0.04850000 -0.00054132 0.01849208
v 0.04850000 0.00250976 0.01832897
v 0.04850000 0.00549238 0.01766589
v 0.04850000 0.00832518 0.01652094
v 0.04850000 0.01093090 0.01492533
v 0.04850000 0.01323844 0.01292260
v 0.04850000 0.01518488 0.01056738
v 0.04850000 0.01671711 0.00792391
v 0.04850000 0.01779334 0.00506429
v 0.04850000 0.01838422 0.00206653
v 0.04850000 0.01847362 -0.00098760
v 0.04850000 0.01805911 -0.00401479
v 0.04850000 0.01715200 -0.00693246
v 0.04250000 0.01342437 0.02039084
v 0.04250000 0.01354186 0.02078793
v 0.04250000 0.01344505 0.02119057
v 0.04250000 0.01203920 0.02042665
v 0.04250000 0.01315990 0.02149086
v 0.04250000 0.01205987 0.02122639
v 0.04250000 0.01194239 0.02082929
v 0.04250000 0.01236017 0.02151154
v 0.04250000 0.01276280 0.02160834
v 0.04250000 0.01312408 0.02010568
v 0.04250000 0.01272145 0.02000888
v 0.04250000 0.01232435 0.02012636
v 0.04250000 0.02370960 -0.00021292
v 0.04250000 0.02359211 -0.00061002
v 0.04250000 0.02477381 -0.00133363
v 0.04250000 0.02400989 0.00007223
v 0.04250000 0.02507410 -0.00104847
v 0.04250000 0.02519158 -0.00065138
v 0.04250000 0.02368892 -0.00101266
v 0.04250000 0.02397407 -0.00131295
v 0.04250000 0.02437117 -0.00143043
v 0.04250000 0.02509478 -0.00024874
v 0.04250000 0.02480962 0.00005155
v 0.04250000 0.02441253 0.00016903
v 0.04250000 0.01096747 -0.02102153
v 0.04250000 0.01084999 -0.02141863
v 0.04250000 0.01203168 -0.02214224
v 0.04250000 0.01126777 -0.02073638
v 0.04250000 0.01233197 -0.02185708
v 0.04250000 0.01244946 -0.02145999
v 0.04250000 0.01094680 -0.02182127
v 0.04250000 0.01123195 -0.02212156
v 0.04250000 0.01162904 -0.02223904
v 0.04250000 0.01235265 -0.02105735
v 0.04250000 0.01206750 -0.02075706
v 0.04250000 0.01167040 -0.02063958
v 0.04250000 -0.01205987 -0.02122639
v 0.04250000 -0.01194239 -0.02082929
v 0.04250000 -0.01203920 -0.02042665
v 0.04250000 -0.01344505 -0.02119057
v 0.04250000 -0.01232435 -0.02012636
v 0.04250000 -0.01342437 -0.02039084
v 0.04250000 -0.01354186 -0.02078793
v 0.04250000 -0.01312408 -0.02010568
v 0.04250000 -0.01272145 -0.02000888
v 0.04250000 -0.01236017 -0.02151154
v 0.04250000 -0.01276280 -0.02160834
v 0.04250000 -0.01315990 -0.02149086
v 0.04250000 -0.02480962 -0.00005155
v 0.04250000 -0.02441253 -0.00016903
v 0.04250000 -0.02400989 -0.00007223
v 0.04250000 -0.02370960 0.00021292
v 0.04250000 -0.02477381 0.00133363
v 0.04250000 -0.02359211 0.00061002
v 0.04250000 -0.02509478 0.00024874
v 0.04250000 -0.02519158 0.00065138
v 0.04250000 -0.02507410 0.00104847
v 0.04250000 -0.02368892 0.00101266
v 0.04250000 -0.02397407 0.00131295
v 0.04250000 -0.02437117 0.00143043
v 0.04250000 -0.01233197 0.02185708
v 0.04250000 -0.01244946 0.02145999
v 0.04250000 -0.01126777 0.02073638
v 0.04250000 -0.01203168 0.02214224
v 0.04250000 -0.01096747 0.02102153
v 0.04250000 -0.01084999 0.02141863
v 0.04250000 -0.01235265 0.02105735
v 0.04250000 -0.01206750 0.02075706
v 0.04250000 -0.01167040 0.02063958
v 0.04250000 -0.01094680 0.02182127
v 0.04250000 -0.01123195 0.02212156
v 0.04250000 -0.01162904 0.02223904
v 0.04100000 -0.00122751 -0.02329352
v 0.04100000 -0.00169671 -0.02373908
v 0.04100000 0.00043532 -0.02504462
v 0.04100000 -0.00188028 -0.02435954
v 0.04100000 -0.00066301 -0.02564143
v 0.04100000 -0.00003389 -0.02549017
v 0.04100000 -0.00128347 -0.02545786
v 0.04100000 -0.00172902 -0.02498866
v 0.04100000 -0.00059839 -0.02314227
v 0.04100000 0.00002207 -0.02332583
v 0.04100000 0.00046763 -0.02379504
v 0.04100000 0.00061888 -0.02442416
v 0.04100000 -0.02077630 0.01399171
v 0.04100000 -0.02140542 0.01384045
v 0.04100000 -0.02187463 0.01339490
v 0.04100000 -0.01955903 0.01270981
v 0.04100000 -0.01971029 0.01333893
v 0.04100000 -0.02015584 0.01380814
v 0.04100000 -0.02205819 0.01277443
v 0.04100000 -0.02190694 0.01214532
v 0.04100000 -0.02146138 0.01167611
v 0.04100000 -0.02084092 0.01149254
v 0.04100000 -0.01974260 0.01208935
v 0.04100000 -0.02021180 0.01164380
v 0.04100000 0.02084250 0.01274805
v 0.04100000 0.02037329 0.01230250
v 0.04100000 0.02250532 0.01099695
v 0.04100000 0.02018973 0.01168203
v 0.04100000 0.02140700 0.01040014
v 0.04100000 0.02203612 0.01055140
v 0.04100000 0.02078653 0.01058371
v 0.04100000 0.02034098 0.01105291
v 0.04100000 0.02147162 0.01289931
v 0.04100000 0.02209208 0.01271574
v 0.04100000 0.02253763 0.01224653
v 0.04100000 0.02268889 0.01161741
v 0.04550000 -0.02066251 -0.00755384
v 0.03650000 -0.02066251 -0.00755384
v 0.04577992 -0.02095057 -0.00758081
v 0.03650000 -0.02085528 -0.00758754
v 0.03650000 -0.02111706 -0.00753010
v 0.03650000 -0.02132771 -0.00736442
v 0.04600000 -0.02122604 -0.00746361
v 0.04591503 -0.02111168 -0.00753260
v 0.03650000 -0.02144612 -0.00685555
v 0.03650000 -0.02137251 -0.00667423
v 0.04589039 -0.02137251 -0.00667423
v 0.04600000 -0.02143909 -0.00682754
v 0.04600000 -0.02144612 -0.00685555
v 0.03650000 -0.02144521 -0.00712355
v 0.04600000 -0.02144521 -0.00712355
v 0.04600000 -0.02132771 -0.00736442
v 0.04600000 0.00667976 -0.02148560
v 0.04600000 0.00714637 -0.02133493
v 0.04550000 0.00698756 -0.02086082
v 0.04600000 0.02167067 0.00605243
v 0.04600000 0.02143909 0.00682754
v 0.04594056 0.02140577 0.00673589
v 0.04578750 0.02129581 0.00657427
v 0.04550000 0.02104362 0.00641608
v 0.04600000 0.02217622 0.00380333
v 0.04550000 0.02179076 0.00302705
v 0.04600000 0.02228600 0.00309584
v 0.04600000 -0.01965432 -0.01095252
v 0.04550000 -0.01921756 -0.01070914
v 0.04600000 0.02248609 -0.00079118
v 0.04550000 0.02198640 -0.00077360
v 0.04600000 0.02201330 -0.00465452
v 0.04550000 0.02152412 -0.00455109
v 0.04600000 0.02088179 -0.00837858
v 0.04550000 0.02041775 -0.00819239
v 0.04600000 0.01912542 -0.01185193
v 0.04550000 0.01876186 -0.01148880
v 0.04550000 0.01870041 -0.01158855
v 0.04600000 0.01679675 -0.01497062
v 0.04550000 0.01642348 -0.01463793
v 0.04600000 0.01509539 -0.01668470
v 0.04550000 0.01365510 -0.01724930
v 0.04550000 0.01047810 -0.01934449
v 0.04600000 0.01071624 -0.01978414
v 0.04600000 0.01396544 -0.01764133
v 0.04600000 0.00444510 -0.02205654
v 0.04550000 0.00328792 -0.02175292
v 0.04600000 0.00336265 -0.02224731
v 0.04600000 -0.00052169 -0.02249395
v 0.04550000 -0.00051010 -0.02199409
v 0.04600000 -0.00439043 -0.02206749
v 0.04550000 -0.00406192 -0.02162177
v 0.04550000 -0.00429286 -0.02157710
v 0.04600000 -0.00812778 -0.02098069
v 0.04550000 -0.00771158 -0.02060416
v 0.04550000 -0.00794716 -0.02051445
v 0.04600000 -0.01162192 -0.01926606
v 0.04550000 -0.01113252 -0.01897543
v 0.04550000 -0.01136365 -0.01883792
v 0.04600000 -0.01476828 -0.01697491
v 0.04550000 -0.01422326 -0.01678389
v 0.04550000 -0.01444010 -0.01659770
v 0.04600000 -0.01747273 -0.01417582
v 0.04550000 -0.01689213 -0.01409453
v 0.04550000 -0.01708444 -0.01386080
v 0.04550000 -0.01905999 -0.01098713
v 0.04600000 -0.02152188 -0.00656190
v 0.04550000 0.02066251 0.00755384
v 0.04580541 0.02097949 0.00757579
v 0.04600000 0.02113212 0.00772552
v 0.04594093 0.02114470 0.00751645
v 0.04600000 0.02122604 0.00746361
v 0.04580265 -0.02130775 -0.00658724
v 0.04550000 -0.02104362 -0.00641608
v 0.04600000 -0.02202821 -0.00458347
v 0.04550000 -0.02153869 -0.00448162
v 0.04600000 -0.02235305 -0.00256728
v 0.04550000 -0.02185632 -0.00251023
v 0.04600000 -0.02249376 -0.00052993
v 0.04550000 -0.02199390 -0.00051816
v 0.04600000 -0.02244915 0.00151178
v 0.04550000 -0.02195028 0.00147818
v 0.04600000 -0.02221961 0.00354103
v 0.04550000 -0.02172584 0.00346234
v 0.04600000 -0.02180702 0.00554111
v 0.04550000 -0.02132242 0.00541798
v 0.04600000 -0.02121478 0.00749555
v 0.04550000 -0.02074334 0.00732898
v 0.04600000 -0.02075540 0.00868698
v 0.04550000 -0.01999337 0.00917961
v 0.04550000 -0.01542817 0.01568348
v 0.04600000 -0.01577881 0.01603992
v 0.04550000 -0.01678665 0.01422000
v 0.04600000 -0.01716817 0.01454318
v 0.04550000 -0.01800684 0.01263937
v 0.04600000 -0.01841609 0.01292662
v 0.04550000 -0.01907869 0.01095461
v 0.04600000 -0.01951230 0.01120358
v 0.04600000 -0.02044776 0.00938823
v 0.04550000 0.01989249 0.00939621
v 0.04600000 0.02034459 0.00960976
v 0.04550000 0.01895859 0.01116118
v 0.04600000 0.01938947 0.01141484
v 0.04550000 0.01786851 0.01283419
v 0.04600000 0.01827461 0.01312588
v 0.04550000 0.01663122 0.01440148
v 0.04600000 0.01700920 0.01472878
v 0.04550000 0.01525692 0.01585012
v 0.04600000 0.01560367 0.01621035
v 0.04550000 0.01375693 0.01716819
v 0.04600000 0.01406959 0.01755838
v 0.04550000 0.01214361 0.01834483
v 0.04600000 0.01241961 0.01876175
v 0.04550000 0.01043025 0.01937033
v 0.04600000 0.01066731 0.01981057
v 0.04550000 0.00863097 0.02023626
v 0.04600000 0.00882713 0.02069618
v 0.04550000 0.00676058 0.02093549
v 0.04600000 0.00691423 0.02141129
v 0.04550000 0.00483450 0.02146224
v 0.04600000 0.00494437 0.02195002
v 0.04550000 0.00286859 0.02181218
v 0.04600000 0.00293378 0.02230791
v 0.04550000 0.00087904 0.02198243
v 0.04600000 0.00089902 0.02248203
v 0.04550000 -0.00111774 0.02197159
v 0.04600000 -0.00114315 0.02247094
v 0.04550000 -0.00310532 0.02177974
v 0.04600000 -0.00317589 0.02227473
v 0.04550000 -0.00506731 0.02140846
v 0.04600000 -0.00518248 0.02189502
v 0.04550000 -0.00698756 0.02086082
v 0.04600000 -0.00714637 0.02133493
v 0.04550000 -0.00885025 0.02014133
v 0.04600000 -0.00905139 0.02059909
v 0.04550000 -0.01064002 0.01925591
v 0.04600000 -0.01088184 0.01969354
v 0.04550000 -0.01234214 0.01821185
v 0.04600000 -0.01262264 0.01862576
v 0.04550000 -0.01394259 0.01701776
v 0.04600000 -0.01425946 0.01740453
v 0.04600000 -0.01510641 0.01667472
v 0.04600000 0.01205987 0.02122639
v 0.04600000 0.01236017 0.02151154
v 0.04600000 0.01276280 0.02160834
v 0.04600000 0.01315990 0.02149086
v 0.04600000 0.01344505 0.02119057
v 0.04600000 0.01354186 0.02078793
v 0.04600000 0.01342437 0.02039084
v 0.04600000 0.02370960 -0.00021292
v 0.04600000 0.02400989 0.00007223
v 0.04600000 0.02441253 0.00016903
v 0.04600000 0.02480962 0.00005155
v 0.04600000 0.02509478 -0.00024874
v 0.04600000 0.02519158 -0.00065138
v 0.04600000 0.02507410 -0.00104847
v 0.04600000 0.01096747 -0.02102153
v 0.04600000 0.01126777 -0.02073638
v 0.04600000 0.01167040 -0.02063958
v 0.04600000 0.01206750 -0.02075706
v 0.04600000 0.01235265 -0.02105735
v 0.04600000 0.01244946 -0.02145999
v 0.04600000 0.01233197 -0.02185708
v 0.04600000 -0.01342437 -0.02039084
v 0.04600000 -0.01312408 -0.02010568
v 0.04600000 -0.01272145 -0.02000888
v 0.04600000 -0.01232435 -0.02012636
v 0.04600000 -0.01203920 -0.02042665
v 0.04600000 -0.01194239 -0.02082929
v 0.04600000 -0.01205987 -0.02122639
v 0.04600000 -0.02507410 0.00104847
v 0.04600000 -0.02477381 0.00133363
v 0.04600000 -0.02437117 0.00143043
v 0.04600000 -0.02397407 0.00131295
v 0.04600000 -0.02368892 0.00101266
v 0.04600000 -0.02359211 0.00061002
v 0.04600000 -0.02370960 0.00021292
v 0.04600000 -0.01233197 0.02185708
v 0.04600000 -0.01203168 0.02214224
v 0.04600000 -0.01162904 0.02223904
v 0.04600000 -0.01123195 0.02212156
v 0.04600000 -0.01094680 0.02182127
v 0.04600000 -0.01084999 0.02141863
v 0.04600000 -0.01096747 0.02102153
v 0.04600000 -0.00169671 -0.02373908
v 0.04600000 -0.00122751 -0.02329352
v 0.04600000 -0.00059839 -0.02314227
v 0.04600000 0.00002207 -0.02332583
v 0.04600000 0.00046763 -0.02379504
v 0.04600000 0.00061888 -0.02442416
v 0.04600000 0.00043532 -0.02504462
v 0.04600000 -0.02187463 0.01339490
v 0.04600000 -0.02140542 0.01384045
v 0.04600000 -0.02077630 0.01399171
v 0.04600000 -0.02015584 0.01380814
v 0.04600000 -0.01971029 0.01333893
v 0.04600000 -0.01955903 0.01270981
v 0.04600000 -0.01974260 0.01208935
v 0.04600000 0.02037329 0.01230250
v 0.04600000 0.02084250 0.01274805
v 0.04600000 0.02147162 0.01289931
v 0.04600000 0.02209208 0.01271574
v 0.04600000 0.02253763 0.01224653
v 0.04600000 0.02268889 0.01161741
v 0.04600000 0.02250532 0.01099695
v 0.03650000 0.02114881 0.00751393
v 0.03650000 0.02086243 0.00758756
v 0.03650000 0.02066251 0.00755384
v 0.03650000 0.02136525 0.00731245
v 0.03650000 0.02145917 0.00703206
v 0.03650000 0.02140776 0.00674086
v 0.03650000 0.02122351 0.00650958
v 0.03650000 0.02104362 0.00641608
v 0.04600000 0.02145917 0.00703206
v 0.04600000 0.02136525 0.00731245
v 0.03650000 -0.01905999 -0.01098713
v 0.03650000 -0.01689213 -0.01409453
v 0.03650000 -0.01422326 -0.01678389
v 0.03650000 -0.01113252 -0.01897543
v 0.03650000 -0.00771158 -0.02060416
v 0.03650000 -0.00406192 -0.02162177
v 0.03650000 0.01876186 -0.01148880
v 0.03650000 0.01651235 -0.01453761
v 0.03650000 0.01377308 -0.01715524
v 0.03650000 0.01062530 -0.01926403
v 0.03650000 0.00716237 -0.02080145
v 0.03650000 0.00348701 -0.02172190
v 0.03650000 -0.00029179 -0.02199806
v 0.03650000 0.01895859 0.01116118
v 0.03650000 0.01663122 0.01440148
v 0.03650000 0.01375693 0.01716819
v 0.03650000 0.01043025 0.01937033
v 0.03650000 0.00676058 0.02093549
v 0.03650000 0.00286859 0.02181218
v 0.03650000 -0.00111774 0.02197159
v 0.03650000 -0.00506731 0.02140846
v 0.03650000 -0.00885025 0.02014133
v 0.03650000 -0.01234214 0.01821185
v 0.03650000 -0.01542817 0.01568348
v 0.03650000 -0.01800684 0.01263937
v 0.03650000 -0.01999337 0.00917961
v 0.03650000 -0.02132242 0.00541798
v 0.03650000 -0.02195028 0.00147818
v 0.03650000 -0.02185632 -0.00251023
v 0.03650000 -0.02104362 -0.00641608
v 0.04600000 -0.02224868 0.00620731
v 0.04600000 0.00270845 0.02465503
v 0.04600000 -0.00670857 -0.02220557
v 0.04600000 0.02625191 0.00631166
v 0.04600000 0.02298996 0.00520013
v 0.04600000 0.02684643 0.00287559
v 0.04600000 0.00631166 -0.02625191
v 0.04600000 0.00581889 -0.02284119
v 0.04600000 0.00346375 -0.02677690
v 0.04600000 0.02302592 -0.01409989
v 0.04600000 0.02053673 -0.01752835
v 0.04600000 0.01754185 -0.02052519
v 0.04600000 0.01034065 -0.02494135
v 0.04600000 0.01411503 -0.02301664
v 0.04600000 0.01203168 -0.02214224
v 0.04600000 0.01564262 -0.01699538
v 0.04600000 0.01094680 -0.02182127
v 0.04600000 0.01123195 -0.02212156
v 0.04600000 0.01162904 -0.02223904
v 0.04600000 0.01084999 -0.02141863
v 0.04600000 -0.00003389 -0.02549017
v 0.04600000 0.00098458 -0.02698204
v 0.04600000 -0.00066301 -0.02564143
v 0.04600000 -0.00128347 -0.02545786
v 0.04600000 -0.00172902 -0.02498866
v 0.04600000 0.00212725 -0.02691607
v 0.04600000 -0.00188028 -0.02435954
v 0.04600000 -0.00702686 -0.02272535
v 0.04600000 -0.00210955 -0.02691746
v 0.04600000 -0.01032425 -0.02494814
v 0.04600000 -0.00629439 -0.02625606
v 0.04600000 -0.02104752 -0.01413981
v 0.04600000 -0.01752835 -0.02053673
v 0.04600000 -0.01354186 -0.02078793
v 0.04600000 -0.02052519 -0.01754185
v 0.04600000 -0.02301664 -0.01411503
v 0.04600000 -0.02396588 -0.01243530
v 0.04600000 -0.01236017 -0.02151154
v 0.04600000 -0.01276280 -0.02160834
v 0.04600000 -0.01409989 -0.02302592
v 0.04600000 -0.01315990 -0.02149086
v 0.04600000 -0.01344505 -0.02119057
v 0.04600000 -0.02625191 -0.00631166
v 0.04600000 -0.02494135 -0.01034065
v 0.04600000 -0.02691607 -0.00212725
v 0.04600000 -0.02509478 0.00024874
v 0.04600000 -0.02691746 0.00210955
v 0.04600000 -0.02519158 0.00065138
v 0.04600000 -0.02441253 -0.00016903
v 0.04600000 -0.02400989 -0.00007223
v 0.04600000 -0.02480962 -0.00005155
v 0.04600000 -0.01564262 0.01699538
v 0.04600000 -0.02146138 0.01167611
v 0.04600000 -0.02190694 0.01214532
v 0.04600000 -0.02494814 0.01032425
v 0.04600000 -0.02205819 0.01277443
v 0.04600000 -0.02302592 0.01409989
v 0.04600000 -0.02053673 0.01752835
v 0.04600000 -0.01754185 0.02052519
v 0.04600000 -0.02625606 0.00629439
v 0.04600000 -0.02084092 0.01149254
v 0.04600000 -0.02021180 0.01164380
v 0.04600000 -0.01034065 0.02494135
v 0.04600000 -0.00631166 0.02625191
v 0.04600000 -0.01206750 0.02075706
v 0.04600000 -0.01235265 0.02105735
v 0.04600000 -0.01411503 0.02301664
v 0.04600000 -0.01244946 0.02145999
v 0.04600000 -0.01167040 0.02063958
v 0.04600000 -0.01126777 0.02073638
v 0.04600000 0.00393150 0.02671223
v 0.04600000 0.00210955 0.02691746
v 0.04600000 0.00302674 0.02517482
v 0.04600000 -0.00212725 0.02691607
v 0.04600000 0.01864016 0.01919036
v 0.04600000 0.01704740 0.01658928
v 0.04600000 0.01312408 0.02010568
v 0.04600000 0.00803680 0.02577615
v 0.04600000 0.01194239 0.02082929
v 0.04600000 0.00629439 0.02625606
v 0.04600000 0.01272145 0.02000888
v 0.04600000 0.01232435 0.02012636
v 0.04600000 0.01203920 0.02042665
v 0.04600000 0.01752835 0.02053673
v 0.04600000 0.01409989 0.02302592
v 0.04600000 0.01032425 0.02494814
v 0.04600000 0.02494135 0.01034065
v 0.04600000 0.02448068 0.01138842
v 0.04600000 0.01672911 0.01606950
v 0.04600000 0.02052519 0.01754185
v 0.04600000 0.02301664 0.01411503
v 0.04600000 0.02203612 0.01055140
v 0.04600000 0.02140700 0.01040014
v 0.04600000 0.02078653 0.01058371
v 0.04600000 0.02034098 0.01105291
v 0.04600000 0.02018973 0.01168203
v 0.04600000 0.02477381 -0.00133363
v 0.04600000 0.02691746 -0.00210955
v 0.04600000 0.02224868 -0.00620731
v 0.04600000 0.02625606 -0.00629439
v 0.04600000 0.02494814 -0.01032425
v 0.04600000 0.02437117 -0.00143043
v 0.04600000 0.02397407 -0.00131295
v 0.04600000 0.02368892 -0.00101266
v 0.04600000 0.02359211 -0.00061002
v 0.04600000 0.02691607 0.00212725
v 0.04600000 -0.02072924 -0.01362003
v 0.03650000 0.02042759 -0.00816784
v 0.03650000 0.01754789 -0.00850421
v 0.03650000 0.01662983 -0.01018326
v 0.03650000 -0.01931522 -0.00267809
v 0.03650000 -0.01895972 -0.00455842
v 0.03650000 -0.01842162 -0.00639485
v 0.03650000 0.01770611 0.00816969
v 0.03650000 0.01682008 0.00986585
v 0.03650000 0.01577206 0.01146700
v 0.03650000 0.01555162 -0.01176423
v 0.03650000 0.01432364 -0.01323191
v 0.03650000 0.01295771 -0.01457215
v 0.03650000 0.01146700 -0.01577206
v 0.03650000 -0.02123128 -0.00651558
v 0.03650000 -0.01948471 -0.00077197
v 0.03650000 0.00986585 -0.01682008
v 0.03650000 0.00816969 -0.01770611
v 0.03650000 0.00639485 -0.01842162
v 0.03650000 -0.00114158 -0.01946656
v 0.03650000 0.01842162 0.00639485
v 0.03650000 0.01895972 0.00455842
v 0.03650000 0.02182320 0.00278350
v 0.03650000 0.01931522 0.00267809
v 0.03650000 0.02198040 -0.00092846
v 0.03650000 0.01948471 0.00077197
v 0.03650000 0.01946656 -0.00114158
v 0.03650000 0.02151073 -0.00461395
v 0.03650000 0.01926092 -0.00304414
v 0.03650000 0.01886980 -0.00491738
v 0.03650000 0.01829695 -0.00674327
v 0.03650000 -0.01946656 0.00114158
v 0.03650000 -0.01926092 0.00304414
v 0.03650000 -0.01886980 0.00491738
v 0.03650000 -0.01555162 0.01176423
v 0.03650000 -0.01432364 0.01323191
v 0.03650000 -0.01295771 0.01457215
v 0.03650000 0.00455842 -0.01895972
v 0.03650000 0.00267809 -0.01931522
v 0.03650000 0.00077197 -0.01948471
v 0.03650000 -0.00077197 0.01948471
v 0.03650000 0.00114158 0.01946656
v 0.03650000 0.00304414 0.01926092
v 0.03650000 0.01018326 0.01662983
v 0.03650000 -0.01018326 -0.01662983
v 0.03650000 -0.01829695 0.00674327
v 0.03650000 -0.01754789 0.00850421
v 0.03650000 -0.01662983 0.01018326
v 0.03650000 -0.00639485 0.01842162
v 0.03650000 -0.00455842 0.01895972
v 0.03650000 -0.00267809 0.01931522
v 0.03650000 0.01176423 0.01555162
v 0.03650000 0.01323191 0.01432364
v 0.03650000 -0.00304414 -0.01926092
v 0.03650000 -0.00491738 -0.01886980
v 0.03650000 -0.00674327 -0.01829695
v 0.03650000 -0.00850421 -0.01754789
v 0.03650000 -0.01577206 -0.01146700
v 0.03650000 -0.01682008 -0.00986585
v 0.03650000 -0.01770611 -0.00816969
v 0.03650000 -0.01146700 0.01577206
v 0.03650000 -0.00986585 0.01682008
v 0.03650000 -0.00816969 0.01770611
v 0.03650000 0.00491738 0.01886980
v 0.03650000 0.00674327 0.01829695
v 0.03650000 0.00850421 0.01754789
v 0.03650000 -0.01176423 -0.01555162
v 0.03650000 -0.01323191 -0.01432364
v 0.03650000 -0.01457215 -0.01295771
v 0.03650000 0.01457215 0.01295771
v 0.03674489 -0.01197524 -0.01905029
v 0.03670000 -0.01174991 -0.01918827
v 0.03825511 -0.01197524 -0.01905029
v 0.03830000 -0.01174991 -0.01918827
v 0.03730453 -0.01108834 -0.01959338
v 0.03769547 -0.01108834 -0.01959338
v 0.03803974 -0.01124633 -0.01949664
v 0.03730453 -0.01241148 -0.01878316
v 0.03696026 -0.01225349 -0.01887990
v 0.03769547 -0.01241148 -0.01878316
v 0.03803974 -0.01225349 -0.01887990
v 0.03825511 -0.01152458 -0.01932625
v 0.03674489 -0.01152458 -0.01932625
v 0.03696026 -0.01124633 -0.01949664
v 0.03776422 -0.02247296 0.00133644
v 0.03750000 -0.02247180 0.00138132
v 0.03776422 -0.02251200 -0.00017327
v 0.03672425 -0.02249753 0.00038618
v 0.03690951 -0.02250643 0.00004203
v 0.03723577 -0.02251200 -0.00017327
v 0.03723577 -0.02247296 0.00133644
v 0.03690951 -0.02247853 0.00112114
v 0.03672425 -0.02248743 0.00077699
v 0.03827575 -0.02248743 0.00077699
v 0.03809049 -0.02247853 0.00112114
v 0.03827575 -0.02249753 0.00038618
v 0.03809049 -0.02250643 0.00004203
v 0.03750000 -0.02251316 -0.00021815
v 0.03776422 0.01007909 -0.02013038
v 0.03750000 0.01003964 -0.02015181
v 0.03776422 0.01140605 -0.01940933
v 0.03809049 0.01121682 -0.01951216
v 0.03827575 0.01091433 -0.01967653
v 0.03809049 0.01026833 -0.02002755
v 0.03827575 0.01057082 -0.01986318
v 0.03672425 0.01057082 -0.01986318
v 0.03672425 0.01091433 -0.01967653
v 0.03690951 0.01026833 -0.02002755
v 0.03690951 0.01121682 -0.01951216
v 0.03723577 0.01007909 -0.02013038
v 0.03723577 0.01140605 -0.01940933
v 0.03750000 0.01144550 -0.01938790
v 0.03827575 0.02248743 -0.00077699
v 0.03809049 0.02247853 -0.00112114
v 0.03776422 0.02247296 -0.00133644
v 0.03827575 0.02249753 -0.00038618
v 0.03809049 0.02250643 -0.00004203
v 0.03776422 0.02251200 0.00017327
v 0.03750000 0.02247180 -0.00138132
v 0.03672425 0.02248743 -0.00077699
v 0.03672425 0.02249753 -0.00038618
v 0.03690951 0.02247853 -0.00112114
v 0.03690951 0.02250643 -0.00004203
v 0.03723577 0.02247296 -0.00133644
v 0.03723577 0.02251200 0.00017327
v 0.03750000 0.02251316 0.00021815
v 0.03776422 0.01239387 0.01879394
v 0.03750000 0.01243216 0.01877049
v 0.03776422 0.01110595 0.01958260
v 0.03723577 0.01239387 0.01879394
v 0.03723577 0.01110595 0.01958260
v 0.03750000 0.01106766 0.01960604
v 0.03827575 0.01191661 0.01908619
v 0.03809049 0.01221020 0.01890641
v 0.03827575 0.01158321 0.01929035
v 0.03809049 0.01128962 0.01947013
v 0.03672425 0.01158321 0.01929035
v 0.03690951 0.01128962 0.01947013
v 0.03672425 0.01191661 0.01908619
v 0.03690951 0.01221020 0.01890641
v 0.03672425 -0.01091433 0.01967653
v 0.03690951 -0.01121682 0.01951216
v 0.03723577 -0.01140605 0.01940933
v 0.03776422 -0.01007909 0.02013038
v 0.03750000 -0.01144550 0.01938790
v 0.03776422 -0.01140605 0.01940933
v 0.03827575 -0.01057082 0.01986318
v 0.03809049 -0.01026833 0.02002755
v 0.03827575 -0.01091433 0.01967653
v 0.03809049 -0.01121682 0.01951216
v 0.03672425 -0.01057082 0.01986318
v 0.03690951 -0.01026833 0.02002755
v 0.03723577 -0.01007909 0.02013038
v 0.03750000 -0.01003964 0.02015181
v 0.04055000 -0.02494814 0.01032425
v 0.04055000 -0.02625606 0.00629439
v 0.04055000 -0.02691746 0.00210955
v 0.04055000 -0.02691607 -0.00212725
v 0.04055000 -0.02625191 -0.00631166
v 0.04055000 -0.02494135 -0.01034065
v 0.04055000 -0.02301664 -0.01411503
v 0.04055000 -0.02052519 -0.01754185
v 0.04055000 -0.01752835 -0.02053673
v 0.04055000 -0.01409989 -0.02302592
v 0.04055000 -0.01032425 -0.02494814
v 0.04055000 -0.00629439 -0.02625606
v 0.04055000 -0.00210955 -0.02691746
v 0.04055000 0.00212725 -0.02691607
v 0.04055000 0.00631166 -0.02625191
v 0.04055000 0.01034065 -0.02494135
v 0.04055000 0.01411503 -0.02301664
v 0.04055000 0.01754185 -0.02052519
v 0.04055000 0.02053673 -0.01752835
v 0.03600000 0.01620343 -0.00992215
v 0.03600000 0.01709794 -0.00828615
v 0.03600000 0.01782780 -0.00657036
v 0.03600000 0.01838596 -0.00479130
v 0.03600000 0.01876706 -0.00296608
v 0.03600000 0.01896741 -0.00111231
v 0.03600000 0.01898511 0.00075218
v 0.03600000 0.01881996 0.00260942
v 0.03600000 0.01847357 0.00444154
v 0.03600000 0.01794927 0.00623087
v 0.03600000 0.01725210 0.00796021
v 0.03600000 0.01638879 0.00961288
v 0.03600000 0.01536765 0.01117297
v 0.03600000 0.01419851 0.01262547
v 0.03600000 0.01289263 0.01395637
v 0.03600000 0.01146258 0.01515286
v 0.03600000 0.00992215 0.01620343
v 0.03600000 0.00828615 0.01709794
v 0.03600000 0.00657036 0.01782780
v 0.03600000 0.00479130 0.01838596
v 0.03600000 0.00296608 0.01876706
v 0.03600000 0.00111231 0.01896741
v 0.03600000 -0.00075218 0.01898511
v 0.03600000 -0.00260942 0.01881996
v 0.03600000 -0.00444154 0.01847357
v 0.03600000 -0.00623087 0.01794927
v 0.03600000 -0.00796021 0.01725210
v 0.03600000 -0.00961288 0.01638879
v 0.03600000 -0.01117297 0.01536765
v 0.03600000 -0.01262547 0.01419851
v 0.03600000 -0.01395637 0.01289263
v 0.03600000 -0.01515286 0.01146258
v 0.03600000 -0.01620343 0.00992215
v 0.03678190 -0.01361610 -0.02156043
v 0.03670000 -0.01331656 -0.02174670
v 0.03734237 -0.01397884 -0.02132703
v 0.03701051 -0.01385198 -0.02140964
v 0.03696027 -0.01381657 -0.02143251
v 0.03765764 -0.01397928 -0.02132674
v 0.03794396 -0.01387974 -0.02139166
v 0.03803975 -0.01381659 -0.02143250
v 0.03816464 -0.01369425 -0.02151087
v 0.03825487 -0.01354110 -0.02160760
v 0.03828467 -0.01344925 -0.02166489
v 0.03830000 -0.01331656 -0.02174670
v 0.03750000 -0.02549961 -0.00014093
v 0.03714691 -0.02549993 -0.00005881
v 0.03690951 -0.02549972 0.00011943
v 0.03686713 -0.02549943 0.00016999
v 0.03671592 -0.02549506 0.00050202
v 0.03671547 -0.02548693 0.00081642
v 0.03683431 -0.02547614 0.00110284
v 0.03690949 -0.02547182 0.00119855
v 0.03750000 -0.02545825 0.00145854
v 0.03734400 -0.02545913 0.00144317
v 0.03723587 -0.02546080 0.00141346
v 0.03705475 -0.02546564 0.00132333
v 0.03750000 0.01287185 -0.02201285
v 0.03714691 0.01280089 -0.02205419
v 0.03690951 0.01264643 -0.02214312
v 0.03686713 0.01260250 -0.02216815
v 0.03671592 0.01231277 -0.02233038
v 0.03671547 0.01203642 -0.02248054
v 0.03683431 0.01178298 -0.02261441
v 0.03690949 0.01169793 -0.02265852
v 0.03750000 0.01146599 -0.02277676
v 0.03734400 0.01147974 -0.02276984
v 0.03723587 0.01150631 -0.02275642
v 0.03705475 0.01158679 -0.02271555
v 0.03750000 0.02549961 0.00014093
v 0.03714691 0.02549993 0.00005881
v 0.03690951 0.02549972 -0.00011943
v 0.03686713 0.02549943 -0.00016999
v 0.03671592 0.02549506 -0.00050202
v 0.03671547 0.02548693 -0.00081642
v 0.03683431 0.02547614 -0.00110284
v 0.03690949 0.02547182 -0.00119855
v 0.03750000 0.02545825 -0.00145854
v 0.03734400 0.02545913 -0.00144317
v 0.03723587 0.02546080 -0.00141346
v 0.03705475 0.02546564 -0.00132333
v 0.03750000 0.01262776 0.02215377
v 0.03714691 0.01269904 0.02211299
v 0.03690951 0.01285329 0.02202369
v 0.03686713 0.01289694 0.02199816
v 0.03671592 0.01318229 0.02182836
v 0.03671547 0.01345051 0.02166412
v 0.03683431 0.01369316 0.02151156
v 0.03690949 0.01377389 0.02145996
v 0.03750000 0.01399226 0.02131822
v 0.03734400 0.01397939 0.02132666
v 0.03723587 0.01395449 0.02134297
v 0.03705475 0.01387885 0.02139223
v 0.03750000 -0.01287185 0.02201285
v 0.03714691 -0.01280089 0.02205419
v 0.03690951 -0.01264643 0.02214312
v 0.03686713 -0.01260250 0.02216815
v 0.03671592 -0.01231277 0.02233038
v 0.03671547 -0.01203642 0.02248054
v 0.03683431 -0.01178298 0.02261441
v 0.03690949 -0.01169793 0.02265852
v 0.03750000 -0.01146599 0.02277676
v 0.03734400 -0.01147974 0.02276984
v 0.03723587 -0.01150631 0.02275642
v 0.03705475 -0.01158679 0.02271555
v 0.04055000 0.02164649 -0.01347885
v 0.04055000 0.01914598 -0.01684285
v 0.04055000 0.01612817 -0.01975176
v 0.04055000 0.01267459 -0.02212701
v 0.04055000 0.00887857 -0.02390441
v 0.04055000 0.00484265 -0.02503595
v 0.04055000 0.00067589 -0.02549104
v 0.04055000 -0.00350913 -0.02525740
v 0.04055000 -0.00759933 -0.02434132
v 0.04055000 -0.01148422 -0.02276758
v 0.04055000 -0.01505881 -0.02057868
v 0.04055000 -0.02164649 0.01347885
v 0.04055000 -0.02174670 0.01331656
v 0.04055000 -0.02184570 0.01315353
v 0.04055000 -0.02370536 0.00939711
v 0.04055000 -0.02492453 0.00538680
v 0.04055000 -0.02547027 0.00123094
v 0.04055000 -0.02532784 -0.00295817
v 0.04055000 -0.02450107 -0.00706736
v 0.04055000 -0.02301231 -0.01098560
v 0.04055000 -0.02090179 -0.01460702
v 0.04055000 -0.01822653 -0.01783377
v 0.04055000 0.01505881 0.02057868
v 0.04055000 0.01752835 0.02053673
v 0.04055000 0.01822653 0.01783377
v 0.04055000 0.02052519 0.01754185
v 0.04055000 0.02090179 0.01460702
v 0.04055000 0.02301664 0.01411503
v 0.04055000 0.02301231 0.01098560
v 0.04055000 0.02494135 0.01034065
v 0.04055000 0.02450107 0.00706736
v 0.04055000 0.02625191 0.00631166
v 0.04055000 0.02532784 0.00295817
v 0.04055000 0.02691607 0.00212725
v 0.04055000 0.02547027 -0.00123094
v 0.04055000 0.02691746 -0.00210955
v 0.04055000 0.02492453 -0.00538680
v 0.04055000 0.02625606 -0.00629439
v 0.04055000 0.02370536 -0.00939711
v 0.04055000 0.02494814 -0.01032425
v 0.04055000 0.02184570 -0.01315353
v 0.04055000 0.02174670 -0.01331656
v 0.04055000 -0.01914598 0.01684285
v 0.04055000 -0.02053673 0.01752835
v 0.04055000 -0.01612817 0.01975176
v 0.04055000 -0.01754185 0.02052519
v 0.04055000 -0.01267459 0.02212701
v 0.04055000 -0.01411503 0.02301664
v 0.04055000 -0.00887857 0.02390441
v 0.04055000 -0.01034065 0.02494135
v 0.04055000 -0.00484265 0.02503595
v 0.04055000 -0.00631166 0.02625191
v 0.04055000 -0.00067589 0.02549104
v 0.04055000 -0.00212725 0.02691607
v 0.04055000 0.00350913 0.02525740
v 0.04055000 0.00210955 0.02691746
v 0.04055000 0.00759933 0.02434132
v 0.04055000 0.00629439 0.02625606
v 0.04055000 0.01148422 0.02276758
v 0.04055000 0.01032425 0.02494814
v 0.04055000 0.01409989 0.02302592
v 0.03500000 0.01782780 -0.00657036
v 0.03500000 0.01775072 -0.00677583
v 0.03500000 0.01620343 -0.00992215
v 0.03500000 0.01876706 -0.00296608
v 0.03500000 0.01869354 -0.00339877
v 0.03500000 0.01898511 0.00075218
v 0.03500000 0.01899977 0.00009403
v 0.03500000 0.01865898 0.00358362
v 0.03500000 -0.01620343 0.00992215
v 0.03500000 -0.01410434 0.01273057
v 0.03500000 -0.01395637 0.01289263
v 0.03500000 -0.01152495 0.01510548
v 0.03500000 -0.01117297 0.01536765
v 0.03500000 -0.00855309 0.01696598
v 0.03500000 -0.00796021 0.01725210
v 0.03500000 -0.00528997 0.01824873
v 0.03500000 -0.00444154 0.01847357
v 0.03500000 -0.00184670 0.01891004
v 0.03500000 -0.00075218 0.01898511
v 0.03500000 0.00165945 0.01892739
v 0.03500000 0.00296608 0.01876706
v 0.03500000 0.00510910 0.01830019
v 0.03500000 0.00657036 0.01782780
v 0.03500000 0.00838476 0.01704981
v 0.03500000 0.00992215 0.01620343
v 0.03500000 0.01137488 0.01521881
v 0.03500000 0.01289263 0.01395637
v 0.03500000 0.01397765 0.01286955
v 0.03500000 0.01536765 0.01117297
v 0.03500000 0.01610443 0.01008203
v 0.03500000 0.01725210 0.00796021
v 0.03500000 0.01768279 0.00695118
v 0.03500000 0.01847357 0.00444154
v 0.03500000 0.02174670 -0.01331656
v 0.03785309 0.01153928 -0.02273972
v 0.03500000 0.01267459 -0.02212701
v 0.03500000 0.00887857 -0.02390441
v 0.03809049 0.01169795 -0.02265851
v 0.03813286 0.01174285 -0.02263527
v 0.03828408 0.01203660 -0.02248044
v 0.03828453 0.01231295 -0.02233028
v 0.03816569 0.01256316 -0.02219047
v 0.03809051 0.01264645 -0.02214311
v 0.03794524 0.01275477 -0.02208089
v 0.03776413 0.01283285 -0.02203561
v 0.03765600 0.01285856 -0.02202061
v 0.03500000 0.01612817 -0.01975176
v 0.03813286 -0.02547414 0.00114802
v 0.03809049 -0.02547182 0.00119853
v 0.03785309 -0.02546282 0.00137655
v 0.03500000 -0.02532784 -0.00295817
v 0.03765600 -0.02549969 -0.00012554
v 0.03828408 -0.02548693 0.00081622
v 0.03828453 -0.02549506 0.00050182
v 0.03816569 -0.02549909 0.00021522
v 0.03809051 -0.02549972 0.00011941
v 0.03794524 -0.02550000 -0.00000551
v 0.03776413 -0.02549982 -0.00009577
v 0.03500000 -0.02547027 0.00123094
v 0.03500000 -0.02492453 0.00538680
v 0.03500000 -0.02370536 0.00939711
v 0.03500000 -0.02184570 0.01315353
v 0.03500000 -0.02174670 0.01331656
v 0.03821810 -0.01301449 -0.02192882
v 0.03803973 -0.01280941 -0.02204924
v 0.03798949 -0.01277296 -0.02207038
v 0.03765763 -0.01264170 -0.02214582
v 0.03734236 -0.01264124 -0.02214608
v 0.03705604 -0.01274432 -0.02208693
v 0.03500000 -0.01148422 -0.02276758
v 0.03696025 -0.01280940 -0.02204925
v 0.03683536 -0.01293482 -0.02197590
v 0.03674513 -0.01309060 -0.02188347
v 0.03671533 -0.01318338 -0.02182770
v 0.03500000 -0.01505881 -0.02057868
v 0.03500000 -0.02450107 -0.00706736
v 0.03500000 -0.02301231 -0.01098560
v 0.03500000 -0.02090179 -0.01460702
v 0.03500000 -0.01822653 -0.01783377
v 0.03500000 0.00484265 -0.02503595
v 0.03500000 0.00067589 -0.02549104
v 0.03500000 -0.00350913 -0.02525740
v 0.03500000 -0.00759933 -0.02434132
v 0.03500000 0.02164649 -0.01347885
v 0.03500000 0.01914598 -0.01684285
v 0.03450000 0.01821784 -0.00695414
v 0.03450000 0.01662983 -0.01018326
v 0.03450000 0.01918547 -0.00348821
v 0.03450000 0.01949976 0.00009650
v 0.03450000 0.01915001 0.00367793
v 0.03450000 0.01814813 0.00713411
v 0.03450000 0.01652823 0.01034735
v 0.03450000 0.01434549 0.01320822
v 0.03450000 0.01167422 0.01561930
v 0.03450000 0.00860541 0.01749848
v 0.03450000 0.00524355 0.01878178
v 0.03450000 0.00170312 0.01942548
v 0.03450000 -0.00189530 0.01940767
v 0.03450000 -0.00542918 0.01872896
v 0.03450000 -0.00877818 0.01741246
v 0.03450000 -0.01182824 0.01550299
v 0.03450000 -0.01447551 0.01306559
v 0.03450000 -0.01662983 0.01018326
v 0.03450000 0.02132030 -0.01305545
v 0.03450000 0.02122205 -0.01321456
v 0.03450000 0.01877057 -0.01651260
v 0.03450000 0.01581193 -0.01936447
v 0.03450000 0.01242607 -0.02169315
v 0.03450000 0.00870448 -0.02343570
v 0.03450000 0.00474770 -0.02454505
v 0.03450000 0.00066264 -0.02499122
v 0.03450000 -0.00344032 -0.02476215
v 0.03450000 -0.00745033 -0.02386404
v 0.03450000 -0.01125904 -0.02232116
v 0.03450000 -0.01476354 -0.02017518
v 0.03450000 -0.01786915 -0.01748409
v 0.03450000 -0.02049195 -0.01432061
v 0.03450000 -0.02256109 -0.01077020
v 0.03450000 -0.02402066 -0.00692878
v 0.03450000 -0.02483121 -0.00290017
v 0.03450000 -0.02497086 0.00120681
v 0.03450000 -0.02443582 0.00528118
v 0.03450000 -0.02324055 0.00921286
v 0.03450000 -0.02141736 0.01289562
v 0.03450000 -0.02132030 0.01305545
v 0.03450000 0.02141736 -0.01289562
v 0.03450000 -0.01821784 0.00695414
v 0.03450000 -0.01814813 -0.00713411
v 0.03450000 -0.01915001 -0.00367793
v 0.03450000 -0.01949976 -0.00009650
v 0.03450000 -0.01918547 0.00348821
v 0.03450000 0.01447551 -0.01306559
v 0.03450000 0.01182824 -0.01550299
v 0.03450000 0.00877818 -0.01741246
v 0.03450000 0.00542918 -0.01872896
v 0.03450000 0.02402066 0.00692878
v 0.03450000 0.02483121 0.00290017
v 0.03450000 0.02497086 -0.00120681
v 0.03450000 0.02443582 -0.00528118
v 0.03450000 0.02324055 -0.00921286
v 0.03450000 -0.00474770 0.02454505
v 0.03450000 -0.00066264 0.02499122
v 0.03450000 0.00344032 0.02476215
v 0.03450000 0.00745033 0.02386404
v 0.03450000 0.01125904 0.02232116
v 0.03450000 0.01476354 0.02017518
v 0.03450000 0.01786915 0.01748409
v 0.03450000 0.02049195 0.01432061
v 0.03450000 0.02256109 0.01077020
v 0.03450000 -0.02122205 0.01321456
v 0.03450000 -0.01877057 0.01651260
v 0.03450000 -0.01581193 0.01936447
v 0.03450000 -0.01242607 0.02169315
v 0.03450000 -0.00870448 0.02343570
v 0.03450000 0.00189530 -0.01940767
v 0.03450000 -0.00170312 -0.01942548
v 0.03450000 -0.00524355 -0.01878178
v 0.03450000 -0.00860541 -0.01749848
v 0.03450000 -0.01167422 -0.01561930
v 0.03450000 -0.01434549 -0.01320822
v 0.03450000 -0.01652823 -0.01034735
v 0.03600000 -0.01709794 0.00828615
v 0.03600000 -0.01782780 0.00657036
v 0.03600000 -0.01838596 0.00479130
v 0.03600000 -0.01876706 0.00296608
v 0.03600000 -0.01896741 0.00111231
v 0.03600000 -0.01898511 -0.00075218
v 0.03600000 -0.01881996 -0.00260942
v 0.03600000 -0.01847357 -0.00444154
v 0.03600000 -0.01794927 -0.00623087
v 0.03600000 -0.01725210 -0.00796021
v 0.03600000 -0.01638879 -0.00961288
v 0.03600000 -0.01536765 -0.01117297
v 0.03600000 -0.01419851 -0.01262547
v 0.03600000 -0.01289263 -0.01395637
v 0.03600000 -0.01146258 -0.01515286
v 0.03600000 -0.00992215 -0.01620343
v 0.03600000 -0.00828615 -0.01709794
v 0.03600000 -0.00657036 -0.01782780
v 0.03600000 -0.00479130 -0.01838596
v 0.03600000 -0.00296608 -0.01876706
v 0.03600000 -0.00111231 -0.01896741
v 0.03600000 0.00075218 -0.01898511
v 0.03600000 0.00260942 -0.01881996
v 0.03600000 0.00444154 -0.01847357
v 0.03600000 0.00623087 -0.01794927
v 0.03600000 0.00796021 -0.01725210
v 0.03600000 0.00961288 -0.01638879
v 0.03600000 0.01117297 -0.01536765
v 0.03600000 0.01262547 -0.01419851
v 0.03600000 0.01395637 -0.01289263
v 0.03600000 0.01515286 -0.01146258
v 0.03785309 0.02546282 -0.00137655
v 0.03809049 0.02547182 -0.00119853
v 0.03813286 0.02547414 -0.00114802
v 0.03828408 0.02548693 -0.00081622
v 0.03828453 0.02549506 -0.00050182
v 0.03816569 0.02549909 -0.00021522
v 0.03809051 0.02549972 -0.00011941
v 0.03765600 0.02549969 0.00012554
v 0.03776413 0.02549982 0.00009577
v 0.03794524 0.02550000 0.00000551
v 0.03785309 0.01392353 0.02136317
v 0.03809049 0.01377387 0.02145997
v 0.03813286 0.01373129 0.02148724
v 0.03828408 0.01345033 0.02166422
v 0.03828453 0.01318212 0.02182846
v 0.03816569 0.01293593 0.02197525
v 0.03809051 0.01285328 0.02202370
v 0.03765600 0.01264113 0.02214615
v 0.03776413 0.01266697 0.02213138
v 0.03794524 0.01274523 0.02208640
v 0.03785309 -0.01153928 0.02273972
v 0.03809049 -0.01169795 0.02265851
v 0.03813286 -0.01174285 0.02263527
v 0.03828408 -0.01203660 0.02248044
v 0.03828453 -0.01231295 0.02233028
v 0.03816569 -0.01256316 0.02219047
v 0.03809051 -0.01264645 0.02214311
v 0.03765600 -0.01285856 0.02202061
v 0.03776413 -0.01283285 0.02203561
v 0.03794524 -0.01275477 0.02208089
v 0.03500000 -0.01782780 0.00657036
v 0.03500000 -0.01775072 0.00677583
v 0.03500000 -0.01876706 0.00296608
v 0.03500000 -0.01869354 0.00339877
v 0.03500000 -0.01898511 -0.00075218
v 0.03500000 -0.01899977 -0.00009403
v 0.03500000 -0.01865898 -0.00358362
v 0.03500000 0.01410434 -0.01273057
v 0.03500000 0.01395637 -0.01289263
v 0.03500000 0.01152495 -0.01510548
v 0.03500000 0.01117297 -0.01536765
v 0.03500000 0.00855309 -0.01696598
v 0.03500000 0.00796021 -0.01725210
v 0.03500000 0.00528997 -0.01824873
v 0.03500000 0.00444154 -0.01847357
v 0.03500000 0.00184670 -0.01891004
v 0.03500000 0.00075218 -0.01898511
v 0.03500000 -0.00165945 -0.01892739
v 0.03500000 -0.00296608 -0.01876706
v 0.03500000 -0.00510910 -0.01830019
v 0.03500000 -0.00657036 -0.01782780
v 0.03500000 -0.00838476 -0.01704981
v 0.03500000 -0.00992215 -0.01620343
v 0.03500000 -0.01137488 -0.01521881
v 0.03500000 -0.01289263 -0.01395637
v 0.03500000 -0.01397765 -0.01286955
v 0.03500000 -0.01536765 -0.01117297
v 0.03500000 -0.01610443 -0.01008203
v 0.03500000 -0.01725210 -0.00796021
v 0.03500000 -0.01768279 -0.00695118
v 0.03500000 -0.01847357 -0.00444154
v 0.03500000 0.02532784 0.00295817
v 0.03500000 0.02547027 -0.00123094
v 0.03500000 0.02492453 -0.00538680
v 0.03500000 -0.01267459 0.02212701
v 0.03500000 -0.00887857 0.02390441
v 0.03500000 -0.01612817 0.01975176
v 0.03500000 0.02370536 -0.00939711
v 0.03500000 0.02184570 -0.01315353
v 0.03500000 0.02450107 0.00706736
v 0.03500000 0.02301231 0.01098560
v 0.03500000 0.02090179 0.01460702
v 0.03500000 0.01822653 0.01783377
v 0.03500000 0.01505881 0.02057868
v 0.03500000 0.01148422 0.02276758
v 0.03500000 -0.00484265 0.02503595
v 0.03500000 -0.00067589 0.02549104
v 0.03500000 0.00350913 0.02525740
v 0.03500000 0.00759933 0.02434132
v 0.03500000 -0.02164649 0.01347885
v 0.03500000 -0.01914598 0.01684285
v 0.04630000 -0.01876186 0.01148880
v 0.04700000 -0.01648182 0.01457222
v 0.04630000 -0.01648182 0.01457222
v 0.04700000 -0.01370098 0.01721288
v 0.04630000 -0.01370098 0.01721288
v 0.04700000 -0.01050385 0.01933052
v 0.04630000 -0.01050385 0.01933052
v 0.04700000 -0.00698756 0.02086082
v 0.04630000 -0.00698756 0.02086082
v 0.04700000 -0.00325896 0.02175728
v 0.04630000 -0.00325896 0.02175728
v 0.04700000 0.00056866 0.02199265
v 0.04630000 0.00056866 0.02199265
v 0.04700000 0.00437901 0.02155978
v 0.04630000 0.00437901 0.02155978
v 0.04700000 0.00805630 0.02047184
v 0.04630000 0.00805630 0.02047184
v 0.04630000 0.01148880 0.01876186
v 0.04700000 0.01457222 0.01648182
v 0.04630000 0.01457222 0.01648182
v 0.04700000 0.01721288 0.01370098
v 0.04630000 0.01721288 0.01370098
v 0.04700000 0.01933052 0.01050385
v 0.04630000 0.01933052 0.01050385
v 0.04700000 0.02086082 0.00698756
v 0.04630000 0.02086082 0.00698756
v 0.04700000 0.02175728 0.00325896
v 0.04630000 0.02175728 0.00325896
v 0.04700000 0.02199265 -0.00056866
v 0.04630000 0.02199265 -0.00056866
v 0.04700000 0.02155978 -0.00437901
v 0.04630000 0.02155978 -0.00437901
v 0.04700000 0.02047184 -0.00805630
v 0.04630000 0.02047184 -0.00805630
v 0.04630000 0.01876186 -0.01148880
v 0.04700000 0.01155449 0.01545910
v 0.04700000 0.01419835 0.01307275
v 0.04700000 0.01635871 0.01024122
v 0.04700000 0.01796199 0.00706094
v 0.04700000 0.01895360 0.00364021
v 0.04700000 0.01929976 0.00009551
v 0.04700000 0.01898870 -0.00345244
v 0.04700000 0.01803100 -0.00688282
v 0.04700000 0.01645927 -0.01007881
v 0.04700000 0.01432704 -0.01293158
v 0.04700000 0.01648182 -0.01457222
v 0.04700000 0.01170692 -0.01534399
v 0.04700000 0.01370098 -0.01721288
v 0.04700000 0.00868814 -0.01723387
v 0.04700000 0.01050385 -0.01933052
v 0.04700000 0.00537350 -0.01853687
v 0.04700000 0.00698756 -0.02086082
v 0.04700000 0.00187586 -0.01920862
v 0.04700000 0.00325896 -0.02175728
v 0.04700000 -0.00168565 -0.01922625
v 0.04700000 -0.00056866 -0.02199265
v 0.04700000 -0.00518977 -0.01858915
v 0.04700000 -0.00437901 -0.02155978
v 0.04700000 -0.00851715 -0.01731901
v 0.04700000 -0.00805630 -0.02047184
v 0.04700000 -0.01155449 -0.01545910
v 0.04700000 -0.01457222 -0.01648182
v 0.04700000 -0.01419835 -0.01307275
v 0.04700000 -0.01721288 -0.01370098
v 0.04700000 -0.01635871 -0.01024122
v 0.04700000 -0.01933052 -0.01050385
v 0.04700000 -0.01796199 -0.00706094
v 0.04700000 -0.02086082 -0.00698756
v 0.04700000 -0.01895360 -0.00364021
v 0.04700000 -0.02175728 -0.00325896
v 0.04700000 -0.01929976 -0.00009551
v 0.04700000 -0.02199265 0.00056866
v 0.04700000 -0.01898870 0.00345244
v 0.04700000 -0.02155978 0.00437901
v 0.04700000 -0.01803100 0.00688282
v 0.04700000 -0.02047184 0.00805630
v 0.04700000 -0.01645927 0.01007881
v 0.04700000 -0.01432704 0.01293158
v 0.04700000 -0.01170692 0.01534399
v 0.04700000 -0.00868814 0.01723387
v 0.04700000 -0.00537350 0.01853687
v 0.04700000 -0.00187586 0.01920862
v 0.04700000 0.00168565 0.01922625
v 0.04700000 0.00518977 0.01858915
v 0.04700000 0.00851715 0.01731901
v 0.04600000 0.01901771 -0.01164547
v 0.04600000 0.02075100 -0.00816615
v 0.04600000 0.02185378 -0.00443872
v 0.04600000 0.02229255 -0.00057642
v 0.04600000 0.02205397 0.00330340
v 0.04600000 0.02203419 0.00343287
v 0.04600000 0.02114529 0.00708285
v 0.04600000 0.01959412 0.01064708
v 0.04600000 0.01744760 0.01388781
v 0.04600000 0.01477093 0.01670657
v 0.04600000 0.01164547 0.01901771
v 0.04600000 0.00816615 0.02075100
v 0.04600000 0.00443872 0.02185378
v 0.04600000 0.00057642 0.02229255
v 0.04600000 -0.00330340 0.02205397
v 0.04600000 -0.00708285 0.02114529
v 0.04600000 -0.01064708 0.01959412
v 0.04600000 -0.01388781 0.01744760
v 0.04600000 -0.01670657 0.01477093
v 0.04600000 -0.01880741 0.01198213
v 0.04600000 -0.01901771 0.01164547
v 0.04730000 0.01180403 0.02138305
v 0.04600000 0.01180403 0.02138305
v 0.04730000 0.01221693 0.02177514
v 0.04600000 0.01221693 0.02177514
v 0.04730000 0.01277056 0.02190824
v 0.04600000 0.01277056 0.02190824
v 0.04730000 0.01331656 0.02174670
v 0.04600000 0.01331656 0.02174670
v 0.04730000 0.01370865 0.02133380
v 0.04600000 0.01370865 0.02133380
v 0.04730000 0.01384176 0.02078018
v 0.04600000 0.01384176 0.02078018
v 0.04730000 0.01368022 0.02023417
v 0.04600000 0.01368022 0.02023417
v 0.04730000 0.02381741 -0.00156879
v 0.04600000 0.02381741 -0.00156879
v 0.04600000 0.02346727 -0.00122665
v 0.04730000 0.02342532 -0.00115589
v 0.04600000 0.02330026 -0.00076647
v 0.04730000 0.02330026 -0.00076647
v 0.04730000 0.02329222 -0.00060227
v 0.04600000 0.02334945 -0.00027941
v 0.04730000 0.02334945 -0.00027941
v 0.04730000 0.02345375 -0.00005626
v 0.04600000 0.02360510 0.00013809
v 0.04730000 0.02360510 0.00013809
v 0.04730000 0.02386666 0.00033583
v 0.04600000 0.02401657 0.00040331
v 0.04730000 0.02401657 0.00040331
v 0.04600000 0.02450238 0.00046374
v 0.04730000 0.02442028 0.00046893
v 0.04600000 0.02496629 0.00030739
v 0.04730000 0.02496629 0.00030739
v 0.04730000 0.01107528 -0.02237740
v 0.04600000 0.01107528 -0.02237740
v 0.04600000 0.01072515 -0.02203526
v 0.04730000 0.01068320 -0.02196450
v 0.04600000 0.01055813 -0.02157508
v 0.04730000 0.01055813 -0.02157508
v 0.04730000 0.01055009 -0.02141088
v 0.04600000 0.01060732 -0.02108802
v 0.04730000 0.01060732 -0.02108802
v 0.04730000 0.01071163 -0.02086487
v 0.04600000 0.01086297 -0.02067053
v 0.04730000 0.01086297 -0.02067053
v 0.04730000 0.01112453 -0.02047278
v 0.04600000 0.01127445 -0.02040530
v 0.04730000 0.01127445 -0.02040530
v 0.04600000 0.01176025 -0.02034488
v 0.04730000 0.01167816 -0.02033968
v 0.04600000 0.01222416 -0.02050122
v 0.04730000 0.01222416 -0.02050122
v 0.04730000 -0.01368022 -0.02023417
v 0.04600000 -0.01368022 -0.02023417
v 0.04730000 -0.01326732 -0.01984208
v 0.04600000 -0.01326732 -0.01984208
v 0.04730000 -0.01271369 -0.01970898
v 0.04600000 -0.01271369 -0.01970898
v 0.04730000 -0.01216768 -0.01987052
v 0.04600000 -0.01216768 -0.01987052
v 0.04730000 -0.01177560 -0.02028342
v 0.04600000 -0.01177560 -0.02028342
v 0.04730000 -0.01164249 -0.02083704
v 0.04600000 -0.01164249 -0.02083704
v 0.04730000 -0.01180403 -0.02138305
v 0.04600000 -0.01180403 -0.02138305
v 0.04730000 -0.02496629 -0.00030739
v 0.04600000 -0.02496629 -0.00030739
v 0.04730000 -0.02535837 0.00010551
v 0.04600000 -0.02535837 0.00010551
v 0.04730000 -0.02549148 0.00065913
v 0.04600000 -0.02549148 0.00065913
v 0.04730000 -0.02532994 0.00120514
v 0.04600000 -0.02532994 0.00120514
v 0.04730000 -0.02491704 0.00159722
v 0.04600000 -0.02491704 0.00159722
v 0.04730000 -0.02436342 0.00173033
v 0.04600000 -0.02436342 0.00173033
v 0.04730000 -0.02381741 0.00156879
v 0.04600000 -0.02381741 0.00156879
v 0.04730000 -0.01222416 0.02050122
v 0.04600000 -0.01222416 0.02050122
v 0.04730000 -0.01261625 0.02091412
v 0.04600000 -0.01261625 0.02091412
v 0.04730000 -0.01274936 0.02146774
v 0.04600000 -0.01274936 0.02146774
v 0.04730000 -0.01258782 0.02201375
v 0.04600000 -0.01258782 0.02201375
v 0.04730000 -0.01217492 0.02240583
v 0.04600000 -0.01217492 0.02240583
v 0.04730000 -0.01162129 0.02253894
v 0.04600000 -0.01162129 0.02253894
v 0.04730000 -0.01107528 0.02237740
v 0.04600000 -0.01107528 0.02237740
v 0.04730000 -0.01620343 0.00992215
v 0.04730000 -0.01410434 0.01273057
v 0.04730000 -0.01152495 0.01510548
v 0.04730000 -0.00855309 0.01696598
v 0.04730000 -0.00528997 0.01824873
v 0.04730000 -0.00184670 0.01891004
v 0.04730000 0.00165945 0.01892739
v 0.04730000 0.00510910 0.01830019
v 0.04730000 0.00838476 0.01704981
v 0.04730000 0.01137488 0.01521881
v 0.04730000 0.01397765 0.01286955
v 0.04730000 0.01610443 0.01008203
v 0.04730000 0.01768279 0.00695118
v 0.04730000 0.01865898 0.00358362
v 0.04730000 0.01899977 0.00009403
v 0.04730000 0.01869354 -0.00339877
v 0.04730000 0.01775072 -0.00677583
v 0.04730000 0.01620343 -0.00992215
v 0.04600000 0.00695854 -0.02118652
v 0.04600000 0.00595640 -0.02280813
v 0.04600000 0.00330340 -0.02205397
v 0.04600000 0.02302302 0.00506263
v 0.04600000 -0.01563304 0.01710677
v 0.04600000 -0.00878324 -0.02540212
v 0.04600000 -0.00713330 -0.02270767
v 0.04600000 -0.02234354 0.00614814
v 0.04600000 0.01698327 0.01667605
v 0.04600000 0.02436342 -0.00173033
v 0.04600000 0.02234354 -0.00614814
v 0.04600000 0.02491704 -0.00159722
v 0.04600000 0.02532994 -0.00120514
v 0.04600000 0.02549148 -0.00065913
v 0.04600000 0.02535837 -0.00010551
v 0.04600000 0.01672217 0.01624965
v 0.04600000 0.02148454 0.01339914
v 0.04600000 0.02060378 0.01318738
v 0.04600000 0.01994689 0.01256361
v 0.04600000 0.01968989 0.01169496
v 0.04600000 0.01990165 0.01081419
v 0.04600000 0.02052543 0.01015730
v 0.04600000 0.02139407 0.00990031
v 0.04600000 0.02227484 0.01011207
v 0.04600000 0.02293173 0.01073584
v 0.04600000 0.02435815 0.01164819
v 0.04600000 0.02318872 0.01160449
v 0.04600000 0.02297696 0.01248526
v 0.04600000 0.01164249 0.02083704
v 0.04600000 0.00304789 0.02520936
v 0.04600000 0.01177560 0.02028342
v 0.04600000 0.01216768 0.01987052
v 0.04600000 0.00278678 0.02478296
v 0.04600000 0.01271369 0.01970898
v 0.04600000 0.01326732 0.01984208
v 0.04600000 0.00025943 0.02699875
v 0.04600000 -0.01072515 0.02203526
v 0.04600000 -0.01086297 0.02067053
v 0.04600000 -0.01176025 0.02034488
v 0.04600000 -0.01127445 0.02040530
v 0.04600000 -0.01060732 0.02108802
v 0.04600000 -0.01055813 0.02157508
v 0.04600000 -0.02234627 0.01190659
v 0.04600000 -0.02172249 0.01124970
v 0.04600000 -0.02085385 0.01099271
v 0.04600000 -0.02075100 0.00816615
v 0.04600000 -0.01997308 0.01120447
v 0.04600000 -0.01931619 0.01182824
v 0.04600000 -0.01905920 0.01269689
v 0.04600000 -0.01927095 0.01357766
v 0.04600000 -0.01989473 0.01423454
v 0.04600000 -0.02076337 0.01449154
v 0.04600000 -0.02164414 0.01427978
v 0.04600000 -0.02230103 0.01365601
v 0.04600000 -0.02255803 0.01278736
v 0.04600000 -0.02450238 -0.00046374
v 0.04600000 -0.02401657 -0.00040331
v 0.04600000 -0.02114529 -0.00708285
v 0.04600000 -0.02185378 0.00443872
v 0.04600000 -0.02229255 0.00057642
v 0.04600000 -0.02330026 0.00076647
v 0.04600000 -0.02157159 0.00565301
v 0.04600000 -0.02346727 0.00122665
v 0.04600000 -0.02205397 -0.00330340
v 0.04600000 -0.02360510 -0.00013809
v 0.04600000 -0.02334945 0.00027941
v 0.04600000 -0.02200562 -0.01564457
v 0.04600000 -0.02106868 -0.01417436
v 0.04600000 -0.01384176 -0.02078018
v 0.04600000 -0.01885104 -0.01932972
v 0.04600000 -0.01370865 -0.02133380
v 0.04600000 -0.01331656 -0.02174670
v 0.04600000 -0.01277056 -0.02190824
v 0.04600000 -0.01221693 -0.02177514
v 0.04600000 -0.00687219 -0.02228127
v 0.04600000 -0.00216835 -0.02522738
v 0.04600000 0.00086172 -0.02530573
v 0.04600000 0.00111872 -0.02443708
v 0.04600000 -0.00443872 -0.02185378
v 0.04600000 -0.00212312 -0.02347797
v 0.04600000 -0.00238011 -0.02434661
v 0.04600000 -0.00154458 -0.02588427
v 0.04600000 -0.00067593 -0.02614126
v 0.04600000 0.00020484 -0.02592950
v 0.04600000 0.00090696 -0.02355631
v 0.04600000 0.00028318 -0.02289943
v 0.04600000 -0.00057642 -0.02229255
v 0.04600000 -0.00058546 -0.02264243
v 0.04600000 -0.00146623 -0.02285419
v 0.04600000 0.01162129 -0.02253894
v 0.04600000 0.01217492 -0.02240583
v 0.04600000 0.01258782 -0.02201375
v 0.04600000 0.01064708 -0.01959412
v 0.04600000 0.00708285 -0.02114529
v 0.04600000 0.01274936 -0.02146774
v 0.04600000 0.01563304 -0.01710677
v 0.04600000 0.01670657 -0.01477093
v 0.04600000 0.01388781 -0.01744760
v 0.04600000 0.01261625 -0.02091412
v 0.04600000 -0.01959412 -0.01064708
v 0.04600000 -0.02080757 -0.01374795
v 0.04600000 -0.01744760 -0.01388781
v 0.04600000 -0.01477093 -0.01670657
v 0.04600000 -0.01164547 -0.01901771
v 0.04600000 -0.00816615 -0.02075100
v 0.04600000 0.02235319 0.01314214
v 0.04830000 0.01453303 0.01971195
v 0.04830000 0.01484142 0.02075433
v 0.04830000 0.01458731 0.02181125
v 0.04830000 0.01383878 0.02259951
v 0.04830000 0.01279640 0.02290791
v 0.04830000 0.01173948 0.02265380
v 0.04830000 0.01095122 0.02190527
v 0.04830000 0.02260094 0.00046596
v 0.04830000 0.02338921 0.00121449
v 0.04730000 0.02532994 -0.00120514
v 0.04830000 0.02618275 -0.00172736
v 0.04730000 0.02549148 -0.00065913
v 0.04830000 0.02649115 -0.00068498
v 0.04730000 0.02535837 -0.00010551
v 0.04830000 0.02623703 0.00037194
v 0.04830000 0.02548851 0.00116021
v 0.04830000 0.02444613 0.00146860
v 0.04830000 0.01055307 -0.02323021
v 0.04830000 0.00980454 -0.02244195
v 0.04830000 0.00955043 -0.02138503
v 0.04830000 0.00985882 -0.02034265
v 0.04830000 0.01064708 -0.01959412
v 0.04830000 0.01274638 -0.01964840
v 0.04830000 0.01170400 -0.01934001
v 0.04830000 -0.01095122 -0.02190527
v 0.04830000 -0.01064283 -0.02086289
v 0.04830000 -0.01089694 -0.01980597
v 0.04830000 -0.01164547 -0.01901771
v 0.04830000 -0.01268784 -0.01870931
v 0.04830000 -0.01374476 -0.01896342
v 0.04830000 -0.01453303 -0.01971195
v 0.04830000 -0.02329519 0.00242160
v 0.04830000 -0.02433757 0.00273000
v 0.04830000 -0.02539449 0.00247588
v 0.04830000 -0.02618275 0.00172736
v 0.04830000 -0.02649115 0.00068498
v 0.04830000 -0.02623703 -0.00037194
v 0.04830000 -0.02548851 -0.00116021
v 0.04830000 -0.01344063 0.02253597
v 0.04830000 -0.01265236 0.02328449
v 0.04830000 -0.01159544 0.02353861
v 0.04830000 -0.01055307 0.02323021
v 0.04830000 -0.00980454 0.02244195
v 0.04730000 -0.01068320 0.02196450
v 0.04830000 -0.00955043 0.02138503
v 0.04730000 -0.01055813 0.02157508
v 0.04730000 -0.01055009 0.02141088
v 0.04830000 -0.00985882 0.02034265
v 0.04730000 -0.01060732 0.02108802
v 0.04730000 -0.01071163 0.02086487
v 0.04820000 -0.01752835 -0.02053673
v 0.04820000 -0.02052519 -0.01754185
v 0.04820000 -0.02301664 -0.01411503
v 0.04820000 -0.02494135 -0.01034065
v 0.04820000 -0.02625191 -0.00631166
v 0.04820000 -0.02691607 -0.00212725
v 0.04820000 -0.02691746 0.00210955
v 0.04820000 -0.02625606 0.00629439
v 0.04820000 -0.02494814 0.01032425
v 0.04820000 -0.02302592 0.01409989
v 0.04820000 -0.01409989 -0.02302592
v 0.04820000 -0.01032425 -0.02494814
v 0.04820000 -0.00629439 -0.02625606
v 0.04820000 -0.00210955 -0.02691746
v 0.04820000 0.00212725 -0.02691607
v 0.04820000 0.00631166 -0.02625191
v 0.04820000 0.01034065 -0.02494135
v 0.04820000 0.01411503 -0.02301664
v 0.04820000 0.01754185 -0.02052519
v 0.04820000 0.02053673 -0.01752835
v 0.04820000 0.02302592 -0.01409989
v 0.04820000 -0.01620343 0.00992215
v 0.04820000 -0.01410434 0.01273057
v 0.04820000 -0.01152495 0.01510548
v 0.04820000 -0.00855309 0.01696598
v 0.04820000 -0.00528997 0.01824873
v 0.04820000 -0.00184670 0.01891004
v 0.04820000 0.00165945 0.01892739
v 0.04820000 0.00510910 0.01830019
v 0.04820000 0.00838476 0.01704981
v 0.04820000 0.01137488 0.01521881
v 0.04820000 0.01397765 0.01286955
v 0.04820000 0.01610443 0.01008203
v 0.04820000 0.01768279 0.00695118
v 0.04820000 0.01865898 0.00358362
v 0.04820000 0.01899977 0.00009403
v 0.04820000 0.01869354 -0.00339877
v 0.04820000 0.01775072 -0.00677583
v 0.04820000 0.01620343 -0.00992215
v 0.04830000 0.02293173 0.01073584
v 0.04830000 0.02318872 0.01160449
v 0.04830000 0.02297696 0.01248526
v 0.04830000 0.02235319 0.01314214
v 0.04830000 0.02148454 0.01339914
v 0.04830000 0.02060378 0.01318738
v 0.04830000 0.01994689 0.01256361
v 0.04830000 0.00086172 -0.02530573
v 0.04830000 0.00111872 -0.02443708
v 0.04830000 0.00090696 -0.02355631
v 0.04830000 0.00028318 -0.02289943
v 0.04830000 -0.00058546 -0.02264243
v 0.04830000 -0.00146623 -0.02285419
v 0.04830000 -0.00212312 -0.02347797
v 0.04830000 -0.01931619 0.01182824
v 0.04830000 -0.01905920 0.01269689
v 0.04830000 -0.01927095 0.01357766
v 0.04830000 -0.01989473 0.01423454
v 0.04830000 -0.02076337 0.01449154
v 0.04830000 -0.02164414 0.01427978
v 0.04830000 -0.02230103 0.01365601
v 0.04850000 0.01095122 0.02190527
v 0.04850000 0.01173948 0.02265380
v 0.04850000 0.01279640 0.02290791
v 0.04850000 0.01383878 0.02259951
v 0.04850000 0.01458731 0.02181125
v 0.04850000 0.01484142 0.02075433
v 0.04850000 0.01453303 0.01971195
v 0.04850000 0.02329519 -0.00242160
v 0.04830000 0.02329519 -0.00242160
v 0.04850000 0.02254666 -0.00163334
v 0.04830000 0.02254666 -0.00163334
v 0.04850000 0.02229255 -0.00057642
v 0.04830000 0.02229255 -0.00057642
v 0.04850000 0.02260094 0.00046596
v 0.04850000 0.02338921 0.00121449
v 0.04850000 0.02444613 0.00146860
v 0.04850000 0.02548851 0.00116021
v 0.04850000 0.01055307 -0.02323021
v 0.04850000 0.00980454 -0.02244195
v 0.04850000 0.00955043 -0.02138503
v 0.04850000 0.00985882 -0.02034265
v 0.04850000 0.01064708 -0.01959412
v 0.04850000 0.01170400 -0.01934001
v 0.04850000 0.01274638 -0.01964840
v 0.04850000 -0.01453303 -0.01971195
v 0.04850000 -0.01374476 -0.01896342
v 0.04850000 -0.01268784 -0.01870931
v 0.04850000 -0.01164547 -0.01901771
v 0.04850000 -0.01089694 -0.01980597
v 0.04850000 -0.01064283 -0.02086289
v 0.04850000 -0.01095122 -0.02190527
v 0.04850000 -0.02548851 -0.00116021
v 0.04850000 -0.02623703 -0.00037194
v 0.04850000 -0.02649115 0.00068498
v 0.04850000 -0.02618275 0.00172736
v 0.04850000 -0.02539449 0.00247588
v 0.04850000 -0.02433757 0.00273000
v 0.04850000 -0.02329519 0.00242160
v 0.04850000 -0.01274638 0.01964840
v 0.04830000 -0.01274638 0.01964840
v 0.04850000 -0.01349491 0.02043667
v 0.04830000 -0.01349491 0.02043667
v 0.04850000 -0.01374902 0.02149359
v 0.04830000 -0.01374902 0.02149359
v 0.04850000 -0.01344063 0.02253597
v 0.04850000 -0.01265236 0.02328449
v 0.04850000 -0.01159544 0.02353861
v 0.04850000 -0.01055307 0.02323021
v 0.04850000 -0.02277008 0.01394323
v 0.04850000 -0.02467094 0.01020954
v 0.04850000 -0.02596432 0.00622445
v 0.04850000 -0.02661838 0.00208611
v 0.04850000 -0.02661700 -0.00210361
v 0.04850000 -0.02596023 -0.00624153
v 0.04850000 -0.02466422 -0.01022576
v 0.04850000 -0.02276090 -0.01395820
v 0.04850000 -0.02029714 -0.01734694
v 0.04850000 -0.01733359 -0.02030854
v 0.04850000 -0.01394323 -0.02277008
v 0.04850000 -0.01020954 -0.02467094
v 0.04850000 -0.00622445 -0.02596432
v 0.04850000 -0.00208611 -0.02661838
v 0.04850000 0.00210361 -0.02661700
v 0.04850000 0.00624153 -0.02596023
v 0.04850000 0.01022576 -0.02466422
v 0.04850000 0.01395820 -0.02276090
v 0.04850000 0.01734694 -0.02029714
v 0.04850000 0.02030854 -0.01733359
v 0.04850000 0.02277008 -0.01394323
v 0.04850000 0.01645927 -0.01007881
v 0.04850000 0.01803100 -0.00688282
v 0.04850000 0.01898870 -0.00345244
v 0.04850000 0.01929976 0.00009551
v 0.04850000 0.01895360 0.00364021
v 0.04850000 0.01796199 0.00706094
v 0.04850000 0.01635871 0.01024122
v 0.04850000 0.01419835 0.01307275
v 0.04850000 0.01155449 0.01545910
v 0.04850000 0.00851715 0.01731901
v 0.04850000 0.00518977 0.01858915
v 0.04850000 0.00168565 0.01922625
v 0.04850000 -0.00187586 0.01920862
v 0.04850000 -0.00537350 0.01853687
v 0.04850000 -0.00868814 0.01723387
v 0.04850000 -0.01170692 0.01534399
v 0.04850000 -0.01432704 0.01293158
v 0.04850000 -0.01645927 0.01007881
v 0.04850000 0.02310229 0.01063140
v 0.04850000 0.02338866 0.01159932
v 0.04850000 0.02315270 0.01258075
v 0.04850000 0.02245763 0.01331271
v 0.04850000 0.02148971 0.01359907
v 0.04850000 0.02050829 0.01336311
v 0.04850000 0.01977633 0.01266805
v 0.04850000 0.00103229 -0.02541017
v 0.04850000 0.00131865 -0.02444225
v 0.04850000 0.00108269 -0.02346082
v 0.04850000 0.00038763 -0.02272886
v 0.04850000 -0.00058029 -0.02244250
v 0.04850000 -0.00156172 -0.02267846
v 0.04850000 -0.00229368 -0.02337352
v 0.04850000 -0.01914563 0.01172380
v 0.04850000 -0.01885926 0.01269172
v 0.04850000 -0.01909522 0.01367315
v 0.04850000 -0.01979028 0.01440511
v 0.04850000 -0.02075821 0.01469147
v 0.04850000 -0.02173963 0.01445551
v 0.04850000 -0.02247159 0.01376045
v 0.04850000 0.02289078 0.00561264
v 0.04850000 0.01498912 -0.01624343
v 0.04850000 0.02433757 -0.00273000
v 0.04850000 0.02128185 -0.00596704
v 0.04850000 0.01733359 0.02030854
v 0.04850000 0.01821217 0.01791695
v 0.04850000 0.02029714 0.01734694
v 0.04850000 0.00622445 0.02596432
v 0.04850000 0.00208611 0.02661838
v 0.04850000 0.00185175 0.02325599
v 0.04850000 -0.02094881 0.00576311
v 0.04850000 -0.01465608 0.01603950
v 0.04850000 -0.01987759 0.01102874
v 0.04850000 -0.02085901 0.01079278
v 0.04850000 -0.02182694 0.01107914
v 0.04850000 -0.02030854 0.01733359
v 0.04850000 -0.01734694 0.02029714
v 0.04850000 -0.02252200 0.01181110
v 0.04850000 -0.02275796 0.01279253
v 0.04850000 -0.01395820 0.02276090
v 0.04850000 -0.01022576 0.02466422
v 0.04850000 -0.00624153 0.02596023
v 0.04850000 -0.00980454 0.02244195
v 0.04850000 -0.00210361 0.02661700
v 0.04850000 -0.00026819 0.01979401
v 0.04850000 -0.00955043 0.02138503
v 0.04850000 0.01268784 0.01870931
v 0.04850000 0.01164547 0.01901771
v 0.04850000 0.01612825 0.01451379
v 0.04850000 0.01089694 0.01980597
v 0.04850000 0.01064283 0.02086289
v 0.04850000 0.01020954 0.02467094
v 0.04850000 0.01394323 0.02277008
v 0.04850000 0.01374476 0.01896342
v 0.04850000 0.02276090 0.01395820
v 0.04850000 0.02466422 0.01022576
v 0.04850000 0.02501072 0.00907462
v 0.04850000 0.02596023 0.00624153
v 0.04850000 0.02661700 0.00210361
v 0.04850000 0.02623703 0.00037194
v 0.04850000 0.02649115 -0.00068498
v 0.04850000 0.02661838 -0.00208611
v 0.04850000 0.02618275 -0.00172736
v 0.04850000 0.02596432 -0.00622445
v 0.04850000 0.02539449 -0.00247588
v 0.04850000 0.02467094 -0.01020954
v 0.04850000 0.01265236 -0.02328449
v 0.04850000 0.01349491 -0.02043667
v 0.04850000 0.01374902 -0.02149359
v 0.04850000 0.01344063 -0.02253597
v 0.04850000 0.01159544 -0.02353861
v 0.04850000 0.00868814 -0.01723387
v 0.04850000 0.00540638 -0.02294037
v 0.04850000 0.01170692 -0.01534399
v 0.04850000 -0.00559602 -0.02096318
v 0.04850000 -0.00258005 -0.02434144
v 0.04850000 0.00328645 -0.02640235
v 0.04850000 0.00030032 -0.02610523
v 0.04850000 -0.00068110 -0.02634120
v 0.04850000 -0.00164902 -0.02605483
v 0.04850000 -0.00234408 -0.02532287
v 0.04850000 -0.01987253 -0.01222099
v 0.04850000 -0.01279640 -0.02290791
v 0.04850000 -0.01173948 -0.02265380
v 0.04850000 -0.01383878 -0.02259951
v 0.04850000 -0.01458731 -0.02181125
v 0.04850000 -0.01484142 -0.02075433
v 0.04850000 -0.01775259 -0.00875900
v 0.04850000 -0.02338921 -0.00121449
v 0.04850000 -0.02444613 -0.00146860
v 0.04850000 -0.01898870 0.00345244
v 0.04850000 -0.02254666 0.00163334
v 0.04850000 -0.01929976 -0.00009551
v 0.04850000 -0.02229255 0.00057642
v 0.04850000 -0.01895360 -0.00364021
v 0.04850000 -0.02260094 -0.00046596
v 0.04850000 -0.01796199 -0.00706094
v 0.04850000 -0.00518977 -0.01858915
v 0.04850000 -0.00168565 -0.01922625
v 0.04850000 0.02237033 0.00993634
v 0.04850000 0.02138891 0.00970037
v 0.04850000 0.02042098 0.00998674
v 0.04850000 0.01948996 0.01170013
v 0.04850000 0.01972592 0.01071870
v 0.04850000 0.01432704 -0.01293158
v 0.04850000 -0.01170400 0.01934001
v 0.04850000 -0.01064708 0.01959412
v 0.04850000 -0.00985882 0.02034265
v 0.04850000 -0.01803100 0.00688282
v 0.04850000 -0.00851715 -0.01731901
v 0.04850000 -0.01155449 -0.01545910
v 0.04850000 -0.01419835 -0.01307275
v 0.04850000 -0.01635871 -0.01024122
v 0.04850000 0.00537350 -0.01853687
v 0.04850000 0.00187586 -0.01920862
v 0.04630000 0.01648182 -0.01457222
v 0.04630000 0.01370098 -0.01721288
v 0.04630000 0.01050385 -0.01933052
v 0.04630000 0.00698756 -0.02086082
v 0.04630000 0.00325896 -0.02175728
v 0.04630000 -0.00056866 -0.02199265
v 0.04630000 -0.00437901 -0.02155978
v 0.04630000 -0.00805630 -0.02047184
v 0.04630000 -0.01148880 -0.01876186
v 0.04630000 -0.01457222 -0.01648182
v 0.04630000 -0.01721288 -0.01370098
v 0.04630000 -0.01933052 -0.01050385
v 0.04630000 -0.02086082 -0.00698756
v 0.04630000 -0.02175728 -0.00325896
v 0.04630000 -0.02199265 0.00056866
v 0.04630000 -0.02155978 0.00437901
v 0.04630000 -0.02047184 0.00805630
v 0.04730000 0.01326732 0.01984208
v 0.04730000 0.01271369 0.01970898
v 0.04730000 0.01216768 0.01987052
v 0.04730000 0.01177560 0.02028342
v 0.04730000 0.01164249 0.02083704
v 0.04730000 0.02491704 -0.00159722
v 0.04730000 0.02436342 -0.00173033
v 0.04730000 0.01261625 -0.02091412
v 0.04730000 0.01274936 -0.02146774
v 0.04730000 0.01258782 -0.02201375
v 0.04730000 0.01217492 -0.02240583
v 0.04730000 0.01162129 -0.02253894
v 0.04730000 -0.01221693 -0.02177514
v 0.04730000 -0.01277056 -0.02190824
v 0.04730000 -0.01331656 -0.02174670
v 0.04730000 -0.01370865 -0.02133380
v 0.04730000 -0.01384176 -0.02078018
v 0.04730000 -0.02342532 0.00115589
v 0.04730000 -0.02330026 0.00076647
v 0.04730000 -0.02329222 0.00060227
v 0.04730000 -0.02334945 0.00027941
v 0.04730000 -0.02345375 0.00005626
v 0.04730000 -0.02360510 -0.00013809
v 0.04730000 -0.02386666 -0.00033583
v 0.04730000 -0.02401657 -0.00040331
v 0.04730000 -0.02442028 -0.00046893
v 0.04730000 -0.01086297 0.02067053
v 0.04730000 -0.01112453 0.02047278
v 0.04730000 -0.01127445 0.02040530
v 0.04730000 -0.01167816 0.02033968
v 0.04730000 0.01410434 -0.01273057
v 0.04730000 0.01152495 -0.01510548
v 0.04730000 0.00855309 -0.01696598
v 0.04730000 0.00528997 -0.01824873
v 0.04730000 0.00184670 -0.01891004
v 0.04730000 -0.00165945 -0.01892739
v 0.04730000 -0.00510910 -0.01830019
v 0.04730000 -0.00838476 -0.01704981
v 0.04730000 -0.01137488 -0.01521881
v 0.04730000 -0.01397765 -0.01286955
v 0.04730000 -0.01610443 -0.01008203
v 0.04730000 -0.01768279 -0.00695118
v 0.04730000 -0.01865898 -0.00358362
v 0.04730000 -0.01899977 -0.00009403
v 0.04730000 -0.01869354 0.00339877
v 0.04730000 -0.01775072 0.00677583
v 0.04830000 0.01064283 0.02086289
v 0.04830000 0.01089694 0.01980597
v 0.04830000 0.01164547 0.01901771
v 0.04830000 0.01268784 0.01870931
v 0.04830000 0.01374476 0.01896342
v 0.04830000 0.02539449 -0.00247588
v 0.04830000 0.02433757 -0.00273000
v 0.04830000 0.01159544 -0.02353861
v 0.04830000 0.01265236 -0.02328449
v 0.04830000 0.01344063 -0.02253597
v 0.04830000 0.01374902 -0.02149359
v 0.04830000 0.01349491 -0.02043667
v 0.04830000 -0.01484142 -0.02075433
v 0.04830000 -0.01458731 -0.02181125
v 0.04830000 -0.01383878 -0.02259951
v 0.04830000 -0.01279640 -0.02290791
v 0.04830000 -0.01173948 -0.02265380
v 0.04830000 -0.02254666 0.00163334
v 0.04830000 -0.02229255 0.00057642
v 0.04830000 -0.02260094 -0.00046596
v 0.04830000 -0.02338921 -0.00121449
v 0.04830000 -0.02444613 -0.00146860
v 0.04830000 -0.01064708 0.01959412
v 0.04830000 -0.01170400 0.01934001
v 0.04820000 0.02494814 -0.01032425
v 0.04820000 0.02625606 -0.00629439
v 0.04820000 0.02691746 -0.00210955
v 0.04820000 0.02691607 0.00212725
v 0.04820000 0.02625191 0.00631166
v 0.04820000 0.02494135 0.01034065
v 0.04820000 0.02301664 0.01411503
v 0.04820000 0.02052519 0.01754185
v 0.04820000 0.01752835 0.02053673
v 0.04820000 0.01409989 0.02302592
v 0.04820000 0.01032425 0.02494814
v 0.04820000 0.00629439 0.02625606
v 0.04820000 0.00210955 0.02691746
v 0.04820000 -0.00212725 0.02691607
v 0.04820000 -0.00631166 0.02625191
v 0.04820000 -0.01034065 0.02494135
v 0.04820000 -0.01411503 0.02301664
v 0.04820000 -0.01754185 0.02052519
v 0.04820000 -0.02053673 0.01752835
v 0.04820000 0.01410434 -0.01273057
v 0.04820000 0.01152495 -0.01510548
v 0.04820000 0.00855309 -0.01696598
v 0.04820000 0.00528997 -0.01824873
v 0.04820000 0.00184670 -0.01891004
v 0.04820000 -0.00165945 -0.01892739
v 0.04820000 -0.00510910 -0.01830019
v 0.04820000 -0.00838476 -0.01704981
v 0.04820000 -0.01137488 -0.01521881
v 0.04820000 -0.01397765 -0.01286955
v 0.04820000 -0.01610443 -0.01008203
v 0.04820000 -0.01768279 -0.00695118
v 0.04820000 -0.01865898 -0.00358362
v 0.04820000 -0.01899977 -0.00009403
v 0.04820000 -0.01869354 0.00339877
v 0.04820000 -0.01775072 0.00677583
v 0.04830000 0.01968989 0.01169496
v 0.04830000 0.01990165 0.01081419
v 0.04830000 0.02052543 0.01015730
v 0.04830000 0.02139407 0.00990031
v 0.04830000 0.02227484 0.01011207
v 0.04830000 -0.00238011 -0.02434661
v 0.04830000 -0.00216835 -0.02522738
v 0.04830000 -0.00154458 -0.02588427
v 0.04830000 -0.00067593 -0.02614126
v 0.04830000 0.00020484 -0.02592950
v 0.04830000 -0.02255803 0.01278736
v 0.04830000 -0.02234627 0.01190659
v 0.04830000 -0.02172249 0.01124970
v 0.04830000 -0.02085385 0.01099271
v 0.04830000 -0.01997308 0.01120447
v 0.01550000 0.02261223 0.01381800
v 0.01450000 0.02261223 0.01381800
v 0.01550000 0.02449317 0.01011606
v 0.01450000 0.02449317 0.01011606
v 0.01550000 0.02577273 0.00616575
v 0.01450000 0.02577273 0.00616575
v 0.01550000 0.02641949 0.00206405
v 0.01450000 0.02641949 0.00206405
v 0.01550000 0.02641759 -0.00208833
v 0.01450000 0.02641759 -0.00208833
v 0.01550000 0.02576705 -0.00618944
v 0.01450000 0.02576705 -0.00618944
v 0.01550000 0.02448386 -0.01013858
v 0.01450000 0.02448386 -0.01013858
v 0.01450000 0.02259951 -0.01383878
v 0.01450000 0.02469814 0.00387322
v 0.01250000 0.02469814 0.00387322
v 0.01450000 0.02499735 0.00036385
v 0.01250000 0.02499735 0.00036385
v 0.01450000 0.02480041 -0.00315275
v 0.01250000 0.02480041 -0.00315275
v 0.01450000 0.02411121 -0.00660677
v 0.01250000 0.02411121 -0.00660677
v 0.01450000 0.02294345 -0.00992966
v 0.01250000 0.02294345 -0.00992966
v 0.01450000 0.02132030 -0.01305545
v 0.01250000 0.02132030 -0.01305545
v 0.01450000 0.02355987 0.00578909
v 0.01250000 0.02355987 0.00578909
v 0.01450000 0.02431350 0.00494077
v 0.01250000 0.02431350 0.00494077
v 0.01233635 0.00562228 0.01954373
v 0.01250000 0.00527563 0.01980954
v 0.01250000 0.00432561 0.02003844
v 0.01200000 0.00590270 0.01910911
v 0.01209107 0.00593249 0.01919522
v 0.01200000 0.00422011 0.01954970
v 0.01218201 0.00596622 0.01927999
v 0.01200000 0.00234825 0.01986166
v 0.01250000 0.00240696 0.02035821
v 0.01200000 0.00045526 0.01999482
v 0.01250000 0.00046664 0.02049469
v 0.01200000 -0.00144183 0.01994796
v 0.01250000 -0.00147788 0.02044666
v 0.01200000 -0.00332595 0.01972151
v 0.01250000 -0.00340910 0.02021455
v 0.01200000 -0.00518012 0.01931752
v 0.01250000 -0.00530962 0.01980045
v 0.01200000 -0.00698765 0.01873960
v 0.01250000 -0.00716234 0.01920809
v 0.01200000 -0.00873227 0.01799298
v 0.01250000 -0.00895058 0.01844281
v 0.01200000 -0.01039828 0.01708437
v 0.01250000 -0.01065824 0.01751148
v 0.01200000 -0.01197067 0.01602195
v 0.01250000 -0.01226994 0.01642250
v 0.01200000 -0.01343530 0.01481529
v 0.01250000 -0.01377118 0.01518567
v 0.01200000 -0.01477897 0.01347524
v 0.01250000 -0.01514844 0.01381213
v 0.01200000 -0.01598958 0.01201388
v 0.01250000 -0.01638932 0.01231423
v 0.01200000 -0.01705624 0.01044436
v 0.01250000 -0.01748264 0.01070547
v 0.01250000 0.01959236 -0.01352698
v 0.01250000 0.01974967 -0.01418126
v 0.01250000 0.01955875 -0.01482655
v 0.01250000 0.01888066 -0.01638660
v 0.01250000 -0.01848370 0.01284810
v 0.01250000 -0.02016934 0.00366710
v 0.01250000 -0.01782942 0.01300540
v 0.01250000 -0.01915209 0.00731076
v 0.01250000 -0.01734144 0.01346878
v 0.01250000 -0.01959236 0.01352698
v 0.01250000 -0.02132030 0.01305545
v 0.01250000 -0.01912898 0.01303901
v 0.01250000 -0.02317837 0.00936819
v 0.01250000 -0.02440420 0.00542538
v 0.01250000 -0.00052185 0.02425507
v 0.01250000 -0.00153666 0.02476280
v 0.01250000 -0.01730784 0.01476834
v 0.01250000 -0.00266745 0.02485729
v 0.01250000 -0.01974967 0.01418126
v 0.01250000 -0.01955875 0.01482655
v 0.01250000 -0.01909111 0.01614093
v 0.01250000 -0.01907078 0.01528992
v 0.01250000 -0.01641932 0.01885221
v 0.01250000 -0.01841650 0.01544723
v 0.01250000 -0.01336689 0.02112643
v 0.01250000 -0.01777122 0.01525632
v 0.01250000 -0.01000457 0.02291088
v 0.01250000 -0.00641031 0.02416419
v 0.01250000 -0.01715053 0.01411406
v 0.01250000 0.02049918 0.00018385
v 0.01250000 0.02011105 0.00397438
v 0.01250000 0.01902813 0.00762760
v 0.01250000 0.01776238 0.01023463
v 0.01250000 0.02017910 -0.00361304
v 0.01250000 0.01912898 -0.01303901
v 0.01250000 0.01848370 -0.01284810
v 0.01250000 0.01916187 -0.00728510
v 0.01250000 0.01782942 -0.01300540
v 0.01250000 0.01748264 -0.01070547
v 0.01250000 0.01734144 -0.01346878
v 0.01250000 0.01521784 -0.01373562
v 0.01250000 0.01715053 -0.01411406
v 0.01250000 0.01730784 -0.01476834
v 0.01250000 0.00483463 -0.02452807
v 0.01250000 0.00073151 -0.02498930
v 0.01250000 -0.00339157 -0.02476888
v 0.01250000 0.01907078 -0.01528992
v 0.01250000 0.01841650 -0.01544723
v 0.01250000 0.01592601 -0.01927076
v 0.01250000 0.01777122 -0.01525632
v 0.01250000 0.01253693 -0.02162927
v 0.01250000 0.00880588 -0.02339779
v 0.01250000 0.00570760 -0.01968942
v 0.01250000 0.00922834 -0.01830540
v 0.01250000 0.01243482 -0.01629802
v 0.01250000 0.00199249 -0.02040294
v 0.01250000 -0.00179046 -0.02042166
v 0.01250000 -0.00742214 -0.02387283
v 0.01250000 -0.00551245 -0.01974495
v 0.01250000 -0.01125025 -0.02232559
v 0.01250000 -0.00904671 -0.01839584
v 0.01250000 -0.01477148 -0.02016937
v 0.01250000 -0.01227290 -0.01642029
v 0.01250000 -0.01788978 -0.01746298
v 0.01250000 -0.01508115 -0.01388556
v 0.01250000 -0.02052010 -0.01428024
v 0.01250000 -0.01737583 -0.01087798
v 0.01250000 -0.02259069 -0.01070798
v 0.01250000 -0.01907880 -0.00749996
v 0.01250000 -0.02404505 -0.00684363
v 0.01250000 -0.02013206 -0.00386654
v 0.01250000 -0.02049975 -0.00010145
v 0.01250000 -0.02496435 0.00133459
v 0.01250000 -0.02484354 -0.00279261
v 0.01450000 -0.00266745 0.02485729
v 0.01450000 -0.00153666 0.02476280
v 0.01450000 -0.00052185 0.02425507
v 0.00660000 -0.01955875 0.01482655
v 0.00660000 -0.01907078 0.01528992
v 0.00660000 -0.01841650 0.01544723
v 0.00660000 -0.01777122 0.01525632
v 0.00660000 -0.01730784 0.01476834
v 0.00660000 -0.01715053 0.01411406
v 0.00660000 -0.01734144 0.01346878
v 0.00660000 0.01734144 -0.01346878
v 0.00660000 0.01782942 -0.01300540
v 0.00660000 0.01848370 -0.01284810
v 0.00660000 0.01912898 -0.01303901
v 0.00660000 0.01959236 -0.01352698
v 0.00660000 0.01974967 -0.01418126
v 0.00660000 0.01955875 -0.01482655
v 0.01450000 0.01709421 0.01074699
v 0.01234156 0.01742703 0.01049178
v 0.01219182 0.01709421 0.01074699
v 0.01550000 0.02318231 0.01344231
v 0.01550000 0.02549638 0.00888451
v 0.01550000 0.02391433 0.01253415
v 0.01550000 -0.02301664 -0.01411503
v 0.01550000 -0.02052519 -0.01754185
v 0.01550000 -0.01752835 -0.02053673
v 0.01550000 -0.01409989 -0.02302592
v 0.01550000 -0.01032425 -0.02494814
v 0.01550000 -0.00629439 -0.02625606
v 0.01550000 -0.00210955 -0.02691746
v 0.01550000 0.00212725 -0.02691607
v 0.01550000 0.00631166 -0.02625191
v 0.01550000 0.01034065 -0.02494135
v 0.01550000 0.01411503 -0.02301664
v 0.01550000 0.01754185 -0.02052519
v 0.01550000 0.02053673 -0.01752835
v 0.01550000 0.02302592 -0.01409989
v 0.01550000 0.02484766 -0.01056379
v 0.01550000 0.02613009 -0.00679840
v 0.01550000 0.02684538 -0.00288546
v 0.01550000 0.02697798 0.00109012
v 0.01550000 0.02652504 0.00504203
v 0.01550000 0.00327182 0.02629725
v 0.01550000 0.00196276 0.02692856
v 0.01550000 -0.00105465 0.02647901
v 0.01550000 -0.00225300 0.02690583
v 0.01550000 -0.00535297 0.02595372
v 0.01550000 -0.00641384 0.02622714
v 0.01550000 -0.00950835 0.02473543
v 0.01550000 -0.01041830 0.02490901
v 0.01550000 -0.01340984 0.02285665
v 0.01550000 -0.01416877 0.02298360
v 0.01550000 -0.01695326 0.02036755
v 0.01550000 -0.01757380 0.02049785
v 0.01550000 -0.02004399 0.01733460
v 0.01550000 -0.02055037 0.01751235
v 0.01550000 -0.02302592 0.01409989
v 0.01550000 -0.02494814 0.01032425
v 0.01550000 -0.02625606 0.00629439
v 0.01550000 -0.02691746 0.00210955
v 0.01550000 -0.02691607 -0.00212725
v 0.01550000 -0.02625191 -0.00631166
v 0.01550000 -0.02494135 -0.01034065
v 0.01550000 0.00751093 0.02541330
v 0.01550000 0.00717936 0.02573120
v 0.01550000 0.00593441 0.02633976
v 0.01450000 0.01744885 0.01110513
v 0.01450000 0.01887652 0.01296697
v 0.01450000 -0.00105465 0.02647901
v 0.01450000 0.00327182 0.02629725
v 0.01450000 0.01978405 0.01375487
v 0.01450000 0.02092799 0.01412335
v 0.01450000 0.02212477 0.01401327
v 0.01450000 0.00596622 0.01927999
v 0.01450000 0.00610156 0.01954284
v 0.01450000 0.00622007 0.01971541
v 0.01450000 0.00765569 0.02158762
v 0.01450000 0.00783347 0.02184646
v 0.01450000 0.00826727 0.02319748
v 0.01450000 0.00803167 0.02459674
v 0.01450000 0.00751093 0.02541330
v 0.01450000 0.02001350 -0.01736980
v 0.01450000 0.01888066 -0.01638660
v 0.01450000 0.01688157 -0.02042701
v 0.01450000 0.01592601 -0.01927076
v 0.01450000 0.01328915 -0.02292703
v 0.01450000 0.01253693 -0.02162927
v 0.01450000 0.00933424 -0.02480165
v 0.01450000 0.00880588 -0.02339779
v 0.01450000 0.00512471 -0.02599976
v 0.01450000 0.00483463 -0.02452807
v 0.01450000 0.00077540 -0.02648865
v 0.01450000 0.00073151 -0.02498930
v 0.01450000 -0.00359507 -0.02625501
v 0.01450000 -0.00339157 -0.02476888
v 0.01450000 -0.00786747 -0.02530520
v 0.01450000 -0.00742214 -0.02387283
v 0.01450000 -0.01192526 -0.02366512
v 0.01450000 -0.01125025 -0.02232559
v 0.01450000 -0.01565777 -0.02137953
v 0.01450000 -0.01477148 -0.02016937
v 0.01450000 -0.01896317 -0.01851076
v 0.01450000 -0.01788978 -0.01746298
v 0.01450000 -0.02175131 -0.01513706
v 0.01450000 -0.02052010 -0.01428024
v 0.01450000 -0.02394613 -0.01135046
v 0.01450000 -0.02259069 -0.01070798
v 0.01450000 -0.02548776 -0.00725425
v 0.01450000 -0.02404505 -0.00684363
v 0.01450000 -0.02633415 -0.00296017
v 0.01450000 -0.02484354 -0.00279261
v 0.01450000 -0.02646221 0.00141467
v 0.01450000 -0.02496435 0.00133459
v 0.01450000 -0.02586846 0.00575091
v 0.01450000 -0.02440420 0.00542538
v 0.01450000 -0.02456908 0.00993028
v 0.01450000 -0.02317837 0.00936819
v 0.01450000 -0.02259951 0.01383878
v 0.01450000 -0.02132030 0.01305545
v 0.01450000 -0.02004399 0.01733460
v 0.01450000 -0.01909111 0.01614093
v 0.01450000 -0.01695326 0.02036755
v 0.01450000 -0.01641932 0.01885221
v 0.01450000 -0.01340984 0.02285665
v 0.01450000 -0.01336689 0.02112643
v 0.01450000 -0.00950835 0.02473543
v 0.01450000 -0.01000457 0.02291088
v 0.01450000 -0.00535297 0.02595372
v 0.01450000 -0.00641031 0.02416419
v 0.00650000 0.01856403 0.00744156
v 0.00650000 0.01693739 0.01063601
v 0.00650000 0.01662772 0.01047462
v 0.00650000 0.01962054 0.00387744
v 0.00650000 0.01560135 0.01033915
v 0.00650000 0.01484668 -0.01340060
v 0.00650000 0.01705624 -0.01044436
v 0.00650000 -0.00537800 -0.01926336
v 0.00650000 -0.00174679 -0.01992357
v 0.00650000 0.01464475 0.01073502
v 0.00650000 -0.00873227 0.01799298
v 0.00650000 0.00581087 0.01861985
v 0.00650000 0.00590270 0.01910911
v 0.00650000 0.00900326 -0.01785893
v 0.00650000 0.01213153 -0.01590050
v 0.00650000 0.00234825 0.01986166
v 0.00650000 -0.00144183 0.01994796
v 0.00650000 -0.00518012 0.01931752
v 0.00650000 0.00194390 -0.01990531
v 0.00650000 0.00556839 -0.01920919
v 0.00650000 0.01869451 -0.00710741
v 0.00650000 0.01968692 -0.00352491
v 0.00650000 0.01999919 0.00017936
v 0.00650000 -0.01999976 -0.00009898
v 0.00650000 -0.01964103 -0.00377224
v 0.00650000 0.00659018 0.01691130
v 0.00650000 -0.01861346 -0.00731704
v 0.00650000 -0.01695203 -0.01061267
v 0.00650000 -0.01471332 -0.01354689
v 0.00650000 -0.01477897 0.01347524
v 0.00650000 -0.01705624 0.01044436
v 0.00650000 0.00598753 0.01766842
v 0.00650000 -0.01868497 0.00713245
v 0.00650000 -0.01967741 0.00357766
v 0.00650000 -0.01197067 0.01602195
v 0.00650000 -0.01197356 -0.01601980
v 0.00650000 -0.00882606 -0.01794716
v 0.01200000 0.01693739 0.01063601
v 0.01200000 0.01856403 0.00744156
v 0.01200000 0.01962054 0.00387744
v 0.01200000 0.01999919 0.00017936
v 0.01200000 0.01968692 -0.00352491
v 0.01200000 0.01869451 -0.00710741
v 0.01200000 0.01705624 -0.01044436
v 0.00660000 -0.01912898 0.01303901
v 0.00550000 -0.01970342 0.01210091
v 0.00660000 -0.01959236 0.01352698
v 0.00550000 -0.02055888 0.01300179
v 0.00660000 -0.01974967 0.01418126
v 0.00550000 -0.02084930 0.01420970
v 0.00550000 -0.02049685 0.01540099
v 0.00550000 -0.01959597 0.01625645
v 0.00550000 -0.01838806 0.01654686
v 0.00550000 -0.01719678 0.01619441
v 0.00660000 0.01777122 -0.01525632
v 0.00550000 0.01719678 -0.01619441
v 0.00660000 0.01730784 -0.01476834
v 0.00550000 0.01634132 -0.01529354
v 0.00660000 0.01715053 -0.01411406
v 0.00550000 0.01605090 -0.01408563
v 0.00550000 0.01640335 -0.01289434
v 0.00550000 0.01730422 -0.01203888
v 0.00550000 0.01851214 -0.01174846
v 0.00550000 0.01970342 -0.01210091
v 0.00550000 0.00659018 0.01691130
v 0.00550000 0.01464475 0.01073502
v 0.00550000 0.01744886 0.01110512
v 0.00550000 0.01687453 0.01059752
v 0.01209598 0.01701708 0.01068958
v 0.00550000 0.01662772 0.01047462
v 0.00550000 0.01613279 0.01034058
v 0.00550000 0.01534930 0.01038889
v 0.00550000 0.01560135 0.01033915
v 0.00550000 0.01887652 0.01296696
v 0.00550000 0.02318231 0.01344231
v 0.00550000 0.02391433 0.01253415
v 0.00550000 0.02212477 0.01401327
v 0.00550000 0.02092799 0.01412335
v 0.00550000 0.01978405 0.01375487
v 0.00550000 0.00593441 0.02633976
v 0.00550000 0.00196276 0.02692856
v 0.00550000 -0.00225300 0.02690583
v 0.00550000 -0.00641384 0.02622714
v 0.00550000 -0.01041830 0.02490901
v 0.00550000 -0.01416877 0.02298360
v 0.00550000 -0.01757380 0.02049785
v 0.00550000 -0.02055037 0.01751235
v 0.00550000 -0.02302592 0.01409989
v 0.00550000 0.00803167 0.02459674
v 0.00550000 0.00826727 0.02319748
v 0.00550000 0.00783347 0.02184646
v 0.00550000 0.00717936 0.02573120
v 0.00550000 0.00622007 0.01971541
v 0.00550000 0.00765569 0.02158762
v 0.00550000 0.00610156 0.01954284
v 0.00550000 0.00598753 0.01766842
v 0.00550000 0.00581087 0.01861985
v 0.01000000 -0.00187816 0.02165377
v 0.01000000 -0.00234736 0.02120822
v 0.01000000 -0.00297648 0.02105696
v 0.01000000 -0.00401019 0.02295932
v 0.01000000 -0.00354098 0.02340487
v 0.01000000 -0.00291186 0.02355612
v 0.01000000 -0.00419375 0.02233885
v 0.01000000 -0.00404250 0.02170973
v 0.01000000 -0.00359694 0.02124053
v 0.01000000 -0.00169459 0.02227423
v 0.01000000 -0.00184585 0.02290335
v 0.01000000 -0.00229140 0.02337256
v 0.01000000 -0.02227423 -0.00169459
v 0.01000000 -0.02165377 -0.00187816
v 0.01000000 -0.02170973 -0.00404250
v 0.01000000 -0.02290335 -0.00184585
v 0.01000000 -0.02233885 -0.00419375
v 0.01000000 -0.02295932 -0.00401019
v 0.01000000 -0.02120822 -0.00234736
v 0.01000000 -0.02105696 -0.00297648
v 0.01000000 -0.02124053 -0.00359694
v 0.01000000 -0.02340487 -0.00354098
v 0.01000000 -0.02355612 -0.00291186
v 0.01000000 -0.02337256 -0.00229140
v 0.01000000 0.00184585 -0.02290335
v 0.01000000 0.00169459 -0.02227423
v 0.01000000 0.00187816 -0.02165377
v 0.01000000 0.00354098 -0.02340487
v 0.01000000 0.00291186 -0.02355612
v 0.01000000 0.00401019 -0.02295932
v 0.01000000 0.00229140 -0.02337256
v 0.01000000 0.00234736 -0.02120822
v 0.01000000 0.00297648 -0.02105696
v 0.01000000 0.00359694 -0.02124053
v 0.01000000 0.00404250 -0.02170973
v 0.01000000 0.00419375 -0.02233885
v 0.01000000 0.02355612 0.00291186
v 0.01000000 0.02337256 0.00229140
v 0.01000000 0.02290335 0.00184585
v 0.01000000 0.02227423 0.00169459
v 0.01000000 0.02170973 0.00404250
v 0.01000000 0.02165377 0.00187816
v 0.01000000 0.02233885 0.00419375
v 0.01000000 0.02295932 0.00401019
v 0.01000000 0.02120822 0.00234736
v 0.01000000 0.02105696 0.00297648
v 0.01000000 0.02124053 0.00359694
v 0.01000000 0.02340487 0.00354098
v 0.00500000 -0.02049685 0.01540099
v 0.00500000 -0.01959597 0.01625645
v 0.00500000 -0.01838806 0.01654686
v 0.00500000 -0.01719678 0.01619441
v 0.00550000 -0.01634132 0.01529354
v 0.00500000 -0.01634132 0.01529354
v 0.00550000 -0.01605090 0.01408563
v 0.00500000 -0.01605090 0.01408563
v 0.00550000 -0.01640335 0.01289434
v 0.00500000 -0.01640335 0.01289434
v 0.00500000 0.01640335 -0.01289434
v 0.00500000 0.01730422 -0.01203888
v 0.00500000 0.01851214 -0.01174846
v 0.00500000 0.01970342 -0.01210091
v 0.00550000 0.02055888 -0.01300179
v 0.00500000 0.02055888 -0.01300179
v 0.00550000 0.02084930 -0.01420970
v 0.00500000 0.02084930 -0.01420970
v 0.00550000 0.02049685 -0.01540099
v 0.00500000 0.02049685 -0.01540099
v 0.00500000 0.00628593 0.01651452
v 0.00500000 0.01434050 0.01033824
v 0.00500000 0.01712773 0.01016637
v 0.00500000 0.01784563 0.01080087
v 0.00500000 0.01522119 0.00990558
v 0.00500000 0.01620055 0.00984519
v 0.00500000 0.01927330 0.01266271
v 0.00500000 0.01784563 0.01080088
v 0.00500000 0.02347147 0.01230203
v 0.00500000 0.02002957 0.01331930
v 0.00500000 0.02286145 0.01305883
v 0.00500000 0.02198017 0.01353464
v 0.00500000 0.02098286 0.01362637
v 0.00550000 0.02549638 0.00888451
v 0.00500000 0.02502423 0.00871998
v 0.00550000 0.02652504 0.00504203
v 0.00500000 0.02603384 0.00494866
v 0.00550000 0.02697798 0.00109012
v 0.00500000 0.02647839 0.00106993
v 0.00550000 0.02684538 -0.00288546
v 0.00500000 0.02634824 -0.00283202
v 0.00550000 0.02613009 -0.00679840
v 0.00500000 0.02564620 -0.00667250
v 0.00550000 0.02484766 -0.01056379
v 0.00500000 0.02438752 -0.01036816
v 0.00550000 0.02302592 -0.01409989
v 0.00500000 0.02259951 -0.01383878
v 0.00500000 0.00582451 0.02585198
v 0.00500000 0.00686197 0.02534486
v 0.00500000 0.00757223 0.02439947
v 0.00500000 0.00776856 0.02323342
v 0.00500000 0.00740706 0.02210757
v 0.00500000 0.00725891 0.02189187
v 0.00500000 0.00582330 0.02001966
v 0.00500000 0.00553262 0.01746093
v 0.00500000 0.00531179 0.01865021
v 0.00500000 0.00567515 0.01980395
v 0.00500000 -0.00187816 0.02165377
v 0.00500000 -0.00169459 0.02227423
v 0.00500000 -0.00184585 0.02290335
v 0.00500000 -0.00229140 0.02337256
v 0.00500000 -0.00291186 0.02355612
v 0.00500000 -0.00354098 0.02340487
v 0.00500000 -0.00401019 0.02295932
v 0.00500000 -0.02124053 -0.00359694
v 0.00500000 -0.02105696 -0.00297648
v 0.00500000 -0.02120822 -0.00234736
v 0.00500000 -0.02165377 -0.00187816
v 0.00500000 -0.02227423 -0.00169459
v 0.00500000 -0.02290335 -0.00184585
v 0.00500000 -0.02337256 -0.00229140
v 0.00500000 0.00401019 -0.02295932
v 0.00500000 0.00419375 -0.02233885
v 0.00500000 0.00404250 -0.02170973
v 0.00500000 0.00359694 -0.02124053
v 0.00500000 0.00297648 -0.02105696
v 0.00500000 0.00234736 -0.02120822
v 0.00500000 0.00187816 -0.02165377
v 0.00500000 0.02337256 0.00229140
v 0.00500000 0.02355612 0.00291186
v 0.00500000 0.02340487 0.00354098
v 0.00500000 0.02295932 0.00401019
v 0.00500000 0.02233885 0.00419375
v 0.00500000 0.02170973 0.00404250
v 0.00500000 0.02124053 0.00359694
v 0.00500000 0.02218276 -0.01358358
v 0.00500000 0.02015642 -0.01720375
v 0.00500000 -0.02259041 -0.01385364
v 0.00500000 -0.02447947 -0.01014916
v 0.00500000 -0.02175675 -0.00523090
v 0.00500000 -0.02641762 -0.00208785
v 0.00500000 -0.02508823 -0.00319087
v 0.00500000 -0.02576577 -0.00619477
v 0.00500000 -0.00629506 0.02574145
v 0.00500000 -0.00523090 0.02175675
v 0.00500000 -0.00419375 0.02233885
v 0.00500000 -0.00404250 0.02170973
v 0.00500000 -0.00359694 0.02124053
v 0.00500000 -0.00297648 0.02105696
v 0.00500000 0.00826293 0.01349383
v 0.00500000 -0.00234736 0.02120822
v 0.00500000 -0.00221128 0.02640758
v 0.00500000 0.00192642 0.02642989
v 0.00500000 -0.00856238 0.02379678
v 0.00500000 -0.01219322 0.01786740
v 0.00500000 -0.01022537 0.02444774
v 0.00500000 -0.01390638 0.02255798
v 0.00500000 -0.01970342 0.01210091
v 0.00500000 -0.01851214 0.01174846
v 0.00500000 -0.01682530 0.01030295
v 0.00500000 -0.02016981 0.01718804
v 0.00500000 -0.02259951 0.01383878
v 0.00500000 -0.02084930 0.01420970
v 0.00500000 -0.02055888 0.01300179
v 0.00500000 -0.01730422 0.01203888
v 0.00500000 -0.01724836 0.02011826
v 0.00500000 -0.02448614 0.01013306
v 0.00500000 -0.02145739 0.00273850
v 0.00500000 -0.02576984 0.00617783
v 0.00500000 -0.02641899 0.00207048
v 0.00500000 -0.01181148 -0.01928881
v 0.00500000 -0.00207048 -0.02641899
v 0.00500000 -0.00617783 -0.02576984
v 0.00500000 -0.01013306 -0.02448614
v 0.00500000 -0.01383878 -0.02259951
v 0.00500000 -0.01720375 -0.02015642
v 0.00500000 -0.00826293 -0.01349383
v 0.00500000 0.00169459 -0.02227423
v 0.00500000 0.00619477 -0.02576577
v 0.00500000 0.00523090 -0.02175675
v 0.00500000 0.00184585 -0.02290335
v 0.00500000 0.00229140 -0.02337256
v 0.00500000 0.00208785 -0.02641762
v 0.00500000 0.00291186 -0.02355612
v 0.00500000 0.00354098 -0.02340487
v 0.00500000 0.00856238 -0.02379678
v 0.00500000 0.01219322 -0.01786740
v 0.00500000 0.01014916 -0.02447947
v 0.00500000 0.01385364 -0.02259041
v 0.00500000 0.01682530 -0.01030295
v 0.00500000 0.01605090 -0.01408563
v 0.00500000 0.01634132 -0.01529354
v 0.00500000 0.01719678 -0.01619441
v 0.00500000 0.01721700 -0.02014510
v 0.00500000 0.01838806 -0.01654686
v 0.00500000 0.01959597 -0.01625645
v 0.00500000 0.02145739 -0.00273850
v 0.00500000 0.02508823 0.00319087
v 0.00500000 0.02175675 0.00523090
v 0.00500000 0.02105696 0.00297648
v 0.00500000 0.02120822 0.00234736
v 0.00500000 0.01812591 -0.00069847
v 0.00500000 0.02165377 0.00187816
v 0.00500000 0.02227423 0.00169459
v 0.00500000 0.02290335 0.00184585
v 0.00500000 -0.02295932 -0.00401019
v 0.00500000 -0.02233885 -0.00419375
v 0.00500000 -0.02170973 -0.00404250
v 0.00500000 -0.01812591 0.00069847
v 0.00500000 -0.02340487 -0.00354098
v 0.00500000 -0.01349383 0.00826293
v 0.00500000 -0.00886174 0.01582738
v 0.00500000 -0.02355612 -0.00291186
v 0.00500000 0.00463208 0.00756445
v 0.00500000 0.00000000 0.00000000
v 0.00500000 -0.00463208 -0.00756445
v 0.00500000 -0.02014510 -0.01721700
v 0.00500000 0.01349383 -0.00826293
v 0.00500000 0.00886174 -0.01582738
v 0.01200000 -0.01868497 0.00713245
v 0.01200000 -0.01967741 0.00357766
v 0.01200000 -0.01999976 -0.00009898
v 0.01200000 -0.01964103 -0.00377224
v 0.01200000 -0.01861346 -0.00731704
v 0.01200000 -0.01695203 -0.01061267
v 0.01200000 -0.01471332 -0.01354689
v 0.01200000 -0.01197356 -0.01601980
v 0.01200000 -0.00882606 -0.01794716
v 0.01200000 -0.00537800 -0.01926336
v 0.01200000 -0.00174679 -0.01992357
v 0.01200000 0.00194390 -0.01990531
v 0.01200000 0.00556839 -0.01920919
v 0.01200000 0.00900326 -0.01785893
v 0.01200000 0.01213153 -0.01590050
v 0.01200000 0.01484668 -0.01340060
v 0.00660000 -0.01782942 0.01300540
v 0.00660000 -0.01848370 0.01284810
v 0.00660000 0.01907078 -0.01528992
v 0.00660000 0.01841650 -0.01544723
v 0.00550000 -0.01730422 0.01203888
v 0.00550000 -0.01851214 0.01174846
v 0.00550000 0.01959597 -0.01625645
v 0.00550000 0.01838806 -0.01654686
v 0.00550000 -0.02494814 0.01032425
v 0.00550000 -0.02625606 0.00629439
v 0.00550000 -0.02691746 0.00210955
v 0.00550000 -0.02691607 -0.00212725
v 0.00550000 -0.02625191 -0.00631166
v 0.00550000 -0.02494135 -0.01034065
v 0.00550000 -0.02301664 -0.01411503
v 0.00550000 -0.02052519 -0.01754185
v 0.00550000 -0.01752835 -0.02053673
v 0.00550000 -0.01409989 -0.02302592
v 0.00550000 -0.01032425 -0.02494814
v 0.00550000 -0.00629439 -0.02625606
v 0.00550000 -0.00210955 -0.02691746
v 0.00550000 0.00212725 -0.02691607
v 0.00550000 0.00631166 -0.02625191
v 0.00550000 0.01034065 -0.02494135
v 0.00550000 0.01411503 -0.02301664
v 0.00550000 0.01754185 -0.02052519
v 0.00550000 0.02053673 -0.01752835
v 0.04900000 0.00583376 0.00140259
v 0.04900000 0.00438488 0.00101128
v 0.04900000 0.00598135 0.00047272
v 0.04900000 0.00448854 0.00032039
v 0.04900000 0.00598166 -0.00046879
v 0.04900000 0.00511481 0.00313667
v 0.04900000 0.00395395 0.00214850
v 0.04900000 0.00554252 0.00229792
v 0.04900000 0.00412312 0.00180244
v 0.04900000 0.00434613 0.00116673
v 0.04900000 0.00448773 -0.00033230
v 0.04900000 0.00444461 -0.00070246
v 0.04900000 0.00583468 -0.00139875
v 0.04900000 0.00437696 -0.00104839
v 0.04900000 0.00554403 -0.00229428
v 0.04900000 0.00415867 -0.00172054
v 0.04900000 0.00511687 -0.00313331
v 0.04900000 0.00383765 -0.00234998
v 0.04900000 0.00456372 -0.00389519
v 0.04900000 0.00344382 -0.00289630
v 0.04900000 0.00389819 -0.00456115
v 0.04900000 0.00140259 -0.00583376
v 0.04900000 0.00103588 -0.00437936
v 0.04900000 0.00047272 -0.00598135
v 0.04900000 0.00033932 -0.00448713
v 0.04900000 -0.00046879 -0.00598166
v 0.04900000 -0.00036216 -0.00448547
v 0.04900000 -0.00139875 -0.00583468
v 0.04900000 0.00295208 -0.00339636
v 0.04900000 0.00264632 -0.00363983
v 0.04900000 0.00313667 -0.00511481
v 0.04900000 -0.00070252 -0.00444498
v 0.04900000 -0.00105820 -0.00437382
v 0.04900000 -0.00229428 -0.00554403
v 0.04900000 -0.00172553 -0.00415583
v 0.04900000 -0.00313331 -0.00511687
v 0.04900000 -0.00234998 -0.00383765
v 0.04900000 -0.00389519 -0.00456372
v 0.04900000 -0.00289720 -0.00344287
v 0.04900000 -0.00456115 -0.00389819
v 0.04900000 0.00139875 0.00583468
v 0.04900000 0.00105779 0.00437352
v 0.04900000 0.00229428 0.00554403
v 0.04900000 0.00172530 0.00415569
v 0.04900000 0.00313331 0.00511687
v 0.04900000 0.00234998 0.00383765
v 0.04900000 0.00389519 0.00456372
v 0.04900000 0.00285501 0.00347850
v 0.04900000 0.00456115 0.00389819
v 0.04900000 0.00336371 0.00298948
v 0.04900000 0.00379018 0.00242607
v 0.04900000 0.00238571 -0.00381564
v 0.04900000 0.00214850 -0.00395394
v 0.04900000 0.00229792 -0.00554252
v 0.04900000 0.00176269 -0.00414033
v 0.04900000 0.00110024 -0.00436364
v 0.04900000 -0.00583376 -0.00140259
v 0.04900000 -0.00437882 -0.00103638
v 0.04900000 -0.00598135 -0.00047272
v 0.04900000 -0.00448669 -0.00033977
v 0.04900000 -0.00598166 0.00046879
v 0.04900000 -0.00448515 0.00036179
v 0.04900000 -0.00583468 0.00139875
v 0.04900000 -0.00444467 0.00070247
v 0.04900000 -0.00437362 0.00105792
v 0.04900000 -0.00554403 0.00229428
v 0.04900000 -0.00415574 0.00172537
v 0.04900000 -0.00511687 0.00313331
v 0.04900000 -0.00383765 0.00234998
v 0.04900000 -0.00456372 0.00389519
v 0.04900000 -0.00344241 0.00289763
v 0.04900000 -0.00389819 0.00456115
v 0.04900000 -0.00140259 0.00583376
v 0.04900000 -0.00103662 0.00437855
v 0.04900000 -0.00047272 0.00598135
v 0.04900000 -0.00033998 0.00448648
v 0.04900000 0.00046879 0.00598166
v 0.04900000 0.00036161 0.00448499
v 0.04900000 0.00070245 0.00444453
v 0.04900000 -0.00339711 -0.00295082
v 0.04900000 -0.00363958 -0.00264614
v 0.04900000 -0.00511481 -0.00313667
v 0.04900000 -0.00381618 -0.00238419
v 0.04900000 -0.00395362 -0.00214832
v 0.04900000 -0.00554252 -0.00229792
v 0.04900000 -0.00414063 -0.00176097
v 0.04900000 -0.00436368 -0.00109835
v 0.04900000 -0.00295021 0.00339747
v 0.04900000 -0.00264605 0.00363946
v 0.04900000 -0.00313667 0.00511481
v 0.04900000 -0.00238345 0.00381644
v 0.04900000 -0.00214824 0.00395346
v 0.04900000 -0.00229792 0.00554252
v 0.04900000 -0.00176013 0.00414078
v 0.04900000 -0.00109744 0.00436370
v 0.04783592 0.00031856 -0.00302135
v 0.04750000 0.00031457 -0.00298346
v 0.04750000 -0.00007754 -0.00299900
v 0.04783592 0.00302135 0.00031856
v 0.04750000 0.00298346 0.00031457
v 0.04750000 0.00299900 -0.00007754
v 0.04896527 0.00262892 0.00324862
v 0.04896527 0.00303045 0.00287769
v 0.04896527 0.00338014 0.00245752
v 0.04896527 0.00367200 0.00199529
v 0.04896527 0.00390102 0.00149893
v 0.04896527 0.00406330 0.00097692
v 0.04896527 0.00415605 0.00043820
v 0.04896527 0.00417769 -0.00010802
v 0.04896527 0.00412785 -0.00065240
v 0.04896527 0.00400738 -0.00118561
v 0.04896527 0.00381834 -0.00169853
v 0.04896527 0.00356397 -0.00218239
v 0.04896527 0.00324862 -0.00262892
v 0.04896527 0.00287769 -0.00303045
v 0.04896527 0.00245752 -0.00338014
v 0.04896527 0.00199529 -0.00367200
v 0.04896527 0.00149893 -0.00390102
v 0.04896527 0.00097692 -0.00406330
v 0.04896527 0.00043820 -0.00415605
v 0.04896527 -0.00010802 -0.00417769
v 0.04896527 -0.00065240 -0.00412785
v 0.04896527 -0.00118561 -0.00400738
v 0.04896527 -0.00169853 -0.00381834
v 0.04896527 -0.00218239 -0.00356397
v 0.04783575 0.00158653 0.00259089
v 0.04750000 0.00156665 0.00255844
v 0.04783592 0.00191116 0.00236167
v 0.04750000 0.00188719 0.00233206
v 0.04783592 0.00220307 0.00209201
v 0.04750000 0.00209668 0.00214568
v 0.04750000 0.00217544 0.00206578
v 0.04750000 0.00242647 0.00176415
v 0.04783592 0.00245729 0.00178656
v 0.04750000 0.00252157 0.00162532
v 0.04783592 0.00266946 0.00145053
v 0.04750000 0.00263598 0.00143234
v 0.04750000 0.00280039 0.00107602
v 0.04783592 0.00283595 0.00108969
v 0.04750000 0.00282002 0.00102347
v 0.04783592 0.00295392 0.00071020
v 0.04750000 0.00291688 0.00070130
v 0.04750000 0.00297706 0.00037030
v 0.04750000 0.00298482 -0.00030144
v 0.04783592 0.00300085 -0.00047428
v 0.04783592 0.00303708 -0.00007853
v 0.04750000 0.00296322 -0.00046833
v 0.04750000 0.00287674 -0.00085110
v 0.04783592 0.00291327 -0.00086191
v 0.04750000 0.00284290 -0.00095807
v 0.04783592 0.00277585 -0.00123479
v 0.04750000 0.00233206 -0.00188719
v 0.04783592 0.00259093 -0.00158655
v 0.04750000 0.00255844 -0.00156665
v 0.04750000 0.00274104 -0.00121931
v 0.04750000 0.00214568 -0.00209668
v 0.04783592 0.00209201 -0.00220307
v 0.04783592 0.00236167 -0.00191116
v 0.04750000 0.00206578 -0.00217544
v 0.04750000 0.00176415 -0.00242647
v 0.04783592 0.00178656 -0.00245729
v 0.04750000 0.00162532 -0.00252157
v 0.04783592 0.00145053 -0.00266946
v 0.04750000 0.00143234 -0.00263598
v 0.04750000 0.00107602 -0.00280039
v 0.04783592 0.00108969 -0.00283595
v 0.04750000 0.00102347 -0.00282002
v 0.04783592 0.00071020 -0.00295392
v 0.04750000 0.00070130 -0.00291688
v 0.04750000 0.00037030 -0.00297706
v 0.04750000 -0.00030144 -0.00298482
v 0.04783592 -0.00047428 -0.00300085
v 0.04783592 -0.00007853 -0.00303708
v 0.04750000 -0.00046833 -0.00296322
v 0.04750000 -0.00085110 -0.00287674
v 0.04783592 -0.00086191 -0.00291327
v 0.04750000 -0.00095807 -0.00284290
v 0.04783592 -0.00123479 -0.00277585
v 0.04750000 -0.00121931 -0.00274104
v 0.04750000 -0.00156665 -0.00255844
v 0.04783592 -0.00158655 -0.00259093
v 0.04815478 0.00198184 0.00244902
v 0.04815446 0.00164515 0.00268662
v 0.04815478 0.00228455 0.00216938
v 0.04815478 0.00254817 0.00185263
v 0.04815478 0.00276818 0.00150418
v 0.04815478 0.00294084 0.00112999
v 0.04815478 0.00306317 0.00073647
v 0.04815478 0.00313309 0.00033034
v 0.04815478 0.00314941 -0.00008143
v 0.04815478 0.00311183 -0.00049182
v 0.04815478 0.00302102 -0.00089379
v 0.04815478 0.00287851 -0.00128046
v 0.04815478 0.00268675 -0.00164523
v 0.04815478 0.00244902 -0.00198184
v 0.04815478 0.00216938 -0.00228455
v 0.04815478 0.00185263 -0.00254817
v 0.04815478 0.00150418 -0.00276818
v 0.04815478 0.00112999 -0.00294084
v 0.04815478 0.00073647 -0.00306317
v 0.04815478 0.00033034 -0.00313309
v 0.04815478 -0.00008143 -0.00314941
v 0.04815478 -0.00049182 -0.00311183
v 0.04815478 -0.00089379 -0.00302102
v 0.04815478 -0.00128046 -0.00287851
v 0.04815478 -0.00164523 -0.00268675
v 0.04844038 0.00209565 0.00258965
v 0.04843996 0.00173953 0.00284075
v 0.04844038 0.00241574 0.00229396
v 0.04844038 0.00269449 0.00195902
v 0.04844038 0.00292715 0.00159056
v 0.04844038 0.00310971 0.00119488
v 0.04844038 0.00323907 0.00077876
v 0.04844038 0.00331301 0.00034931
v 0.04844038 0.00333026 -0.00008611
v 0.04844038 0.00329053 -0.00052006
v 0.04844038 0.00319450 -0.00094511
v 0.04844038 0.00304381 -0.00135399
v 0.04844038 0.00284104 -0.00173970
v 0.04844038 0.00258965 -0.00209565
v 0.04844038 0.00229396 -0.00241574
v 0.04844038 0.00195902 -0.00269449
v 0.04844038 0.00159056 -0.00292715
v 0.04844038 0.00119488 -0.00310971
v 0.04844038 0.00077876 -0.00323907
v 0.04844038 0.00034931 -0.00331301
v 0.04844038 -0.00008611 -0.00333026
v 0.04844038 -0.00052006 -0.00329053
v 0.04844038 -0.00094511 -0.00319450
v 0.04844038 -0.00135399 -0.00304381
v 0.04844038 -0.00173970 -0.00284104
v 0.04867820 0.00224680 0.00277643
v 0.04867776 0.00186489 0.00304547
v 0.04867820 0.00258998 0.00245942
v 0.04867820 0.00288884 0.00210031
v 0.04867820 0.00313827 0.00170528
v 0.04867820 0.00333400 0.00128106
v 0.04867820 0.00347269 0.00083493
v 0.04867820 0.00355196 0.00037451
v 0.04867820 0.00357046 -0.00009232
v 0.04867820 0.00352786 -0.00055757
v 0.04867820 0.00342490 -0.00101328
v 0.04867820 0.00326334 -0.00145165
v 0.04867820 0.00304595 -0.00186518
v 0.04867820 0.00277643 -0.00224680
v 0.04867820 0.00245942 -0.00258998
v 0.04867820 0.00210031 -0.00288884
v 0.04867820 0.00170528 -0.00313827
v 0.04867820 0.00128106 -0.00333400
v 0.04867820 0.00083493 -0.00347269
v 0.04867820 0.00037451 -0.00355196
v 0.04867820 -0.00009232 -0.00357046
v 0.04867820 -0.00055757 -0.00352786
v 0.04867820 -0.00101328 -0.00342490
v 0.04867820 -0.00145165 -0.00326334
v 0.04867820 -0.00186518 -0.00304595
v 0.04885618 0.00242762 0.00299987
v 0.04885580 0.00201487 0.00329039
v 0.04885618 0.00279841 0.00265734
v 0.04885618 0.00312132 0.00226934
v 0.04885618 0.00339083 0.00184251
v 0.04885618 0.00360232 0.00138416
v 0.04885618 0.00375217 0.00090212
v 0.04885618 0.00383782 0.00040465
v 0.04885618 0.00385780 -0.00009975
v 0.04885618 0.00381178 -0.00060244
v 0.04885618 0.00370053 -0.00109482
v 0.04885618 0.00352597 -0.00156847
v 0.04885618 0.00329108 -0.00201529
v 0.04885618 0.00299987 -0.00242762
v 0.04885618 0.00265734 -0.00279841
v 0.04885618 0.00226934 -0.00312132
v 0.04885618 0.00184251 -0.00339083
v 0.04885618 0.00138416 -0.00360232
v 0.04885618 0.00090212 -0.00375217
v 0.04885618 0.00040465 -0.00383782
v 0.04885618 -0.00009975 -0.00385780
v 0.04885618 -0.00060244 -0.00381178
v 0.04885618 -0.00109482 -0.00370053
v 0.04885618 -0.00156847 -0.00352597
v 0.04885618 -0.00201529 -0.00329108
v 0.04896504 0.00218185 0.00356308
v 0.04700000 0.00456372 -0.00389519
v 0.04700000 0.00389819 -0.00456115
v 0.04700000 0.00313667 -0.00511481
v 0.04700000 0.00229792 -0.00554252
v 0.04700000 0.00140259 -0.00583376
v 0.04700000 0.00047272 -0.00598135
v 0.04700000 -0.00046879 -0.00598166
v 0.04700000 -0.00139875 -0.00583468
v 0.04700000 -0.00229428 -0.00554403
v 0.04700000 -0.00313331 -0.00511687
v 0.04700000 -0.00389519 -0.00456372
v 0.04700000 -0.00456115 -0.00389819
v 0.04700000 -0.00511481 -0.00313667
v 0.04700000 -0.00554252 -0.00229792
v 0.04700000 -0.00583376 -0.00140259
v 0.04700000 -0.00598135 -0.00047272
v 0.04700000 -0.00598166 0.00046879
v 0.04700000 -0.00583468 0.00139875
v 0.04700000 -0.00554403 0.00229428
v 0.04700000 0.00282002 0.00102347
v 0.04750000 -0.00070130 0.00291688
v 0.04750000 -0.00102347 0.00282002
v 0.04700000 -0.00102347 0.00282002
v 0.04750000 -0.00255844 0.00156665
v 0.04700000 -0.00255844 0.00156665
v 0.04750000 -0.00233206 0.00188719
v 0.04700000 -0.00214568 0.00209668
v 0.04750000 -0.00214568 0.00209668
v 0.04750000 -0.00206578 0.00217544
v 0.04700000 -0.00162532 0.00252157
v 0.04750000 -0.00176415 0.00242647
v 0.04750000 -0.00107602 0.00280039
v 0.04750000 -0.00143234 0.00263598
v 0.04750000 -0.00162532 0.00252157
v 0.04750000 -0.00037030 0.00297706
v 0.04700000 -0.00037030 0.00297706
v 0.04750000 -0.00031457 0.00298346
v 0.04700000 0.00030144 0.00298482
v 0.04750000 0.00007754 0.00299900
v 0.04750000 0.00095807 0.00284290
v 0.04750000 0.00085110 0.00287674
v 0.04700000 0.00095807 0.00284290
v 0.04750000 0.00046833 0.00296322
v 0.04750000 0.00030144 0.00298482
v 0.04750000 0.00121931 0.00274104
v 0.04700000 0.00156665 0.00255844
v 0.04700000 0.00209668 0.00214568
v 0.04700000 0.00252157 0.00162532
v 0.04700000 0.00297706 0.00037030
v 0.04700000 0.00298482 -0.00030144
v 0.04700000 0.00284290 -0.00095807
v 0.04700000 0.00255844 -0.00156665
v 0.04700000 -0.00298482 0.00030144
v 0.04700000 -0.00284290 0.00095807
v 0.04700000 -0.00030144 -0.00298482
v 0.04700000 -0.00095807 -0.00284290
v 0.04700000 -0.00156665 -0.00255844
v 0.04700000 -0.00209668 -0.00214568
v 0.04700000 0.00102347 -0.00282002
v 0.04700000 0.00037030 -0.00297706
v 0.04700000 -0.00282002 -0.00102347
v 0.04700000 -0.00297706 -0.00037030
v 0.04700000 -0.00252157 -0.00162532
v 0.04700000 0.00214568 -0.00209668
v 0.04700000 0.00162532 -0.00252157
v 0.04700000 0.00583468 -0.00139875
v 0.04700000 0.00554403 -0.00229428
v 0.04700000 0.00583376 0.00140259
v 0.04700000 0.00598135 0.00047272
v 0.04700000 0.00598166 -0.00046879
v 0.04700000 0.00456115 0.00389819
v 0.04700000 0.00511481 0.00313667
v 0.04700000 0.00554252 0.00229792
v 0.04700000 0.00139875 0.00583468
v 0.04700000 0.00229428 0.00554403
v 0.04700000 0.00313331 0.00511687
v 0.04700000 0.00389519 0.00456372
v 0.04700000 -0.00140259 0.00583376
v 0.04700000 -0.00047272 0.00598135
v 0.04700000 0.00046879 0.00598166
v 0.04700000 -0.00456372 0.00389519
v 0.04700000 -0.00389819 0.00456115
v 0.04700000 -0.00313667 0.00511481
v 0.04700000 -0.00229792 0.00554252
v 0.04783575 -0.00031856 0.00302131
v 0.04783575 -0.00302131 -0.00031856
v 0.04750000 -0.00298346 -0.00031457
v 0.04750000 -0.00299900 0.00007754
v 0.04896504 -0.00245690 0.00337930
v 0.04896504 -0.00199480 0.00367108
v 0.04896504 -0.00149856 0.00390005
v 0.04896504 -0.00097668 0.00406228
v 0.04896504 -0.00043809 0.00415501
v 0.04896504 0.00010800 0.00417665
v 0.04896504 0.00065223 0.00412682
v 0.04896504 0.00118531 0.00400638
v 0.04896504 0.00169811 0.00381739
v 0.04896504 -0.00337930 -0.00245690
v 0.04896504 -0.00302970 -0.00287697
v 0.04896504 -0.00262826 -0.00324781
v 0.04896504 -0.00390005 -0.00149856
v 0.04896504 -0.00367108 -0.00199480
v 0.04896504 -0.00287697 0.00302970
v 0.04896504 -0.00324781 0.00262826
v 0.04896504 -0.00356308 0.00218185
v 0.04896504 -0.00381739 0.00169811
v 0.04896504 -0.00400638 0.00118531
v 0.04896504 -0.00412682 0.00065223
v 0.04896504 -0.00417665 0.00010800
v 0.04896504 -0.00415501 -0.00043809
v 0.04896504 -0.00406228 -0.00097668
v 0.04783575 -0.00191114 -0.00236164
v 0.04750000 -0.00188719 -0.00233206
v 0.04783575 -0.00220304 -0.00209199
v 0.04750000 -0.00209668 -0.00214568
v 0.04750000 -0.00217544 -0.00206578
v 0.04750000 -0.00242647 -0.00176415
v 0.04783575 -0.00245725 -0.00178653
v 0.04750000 -0.00252157 -0.00162532
v 0.04783575 -0.00266942 -0.00145051
v 0.04750000 -0.00263598 -0.00143234
v 0.04750000 -0.00280039 -0.00107602
v 0.04783575 -0.00283591 -0.00108968
v 0.04750000 -0.00282002 -0.00102347
v 0.04783575 -0.00295388 -0.00071019
v 0.04750000 -0.00291688 -0.00070130
v 0.04750000 -0.00297706 -0.00037030
v 0.04750000 -0.00298482 0.00030144
v 0.04783575 -0.00300081 0.00047427
v 0.04783575 -0.00303704 0.00007853
v 0.04750000 -0.00296322 0.00046833
v 0.04750000 -0.00287674 0.00085110
v 0.04783575 -0.00291323 0.00086190
v 0.04750000 -0.00284290 0.00095807
v 0.04783575 -0.00277581 0.00123478
v 0.04783575 -0.00259089 0.00158653
v 0.04750000 -0.00274104 0.00121931
v 0.04783575 -0.00209199 0.00220304
v 0.04783575 -0.00236164 0.00191114
v 0.04783575 -0.00178653 0.00245725
v 0.04783575 -0.00145051 0.00266942
v 0.04783575 -0.00108968 0.00283591
v 0.04783575 -0.00071019 0.00295388
v 0.04783575 0.00047427 0.00300081
v 0.04783575 0.00007853 0.00303704
v 0.04783575 0.00086190 0.00291323
v 0.04783575 0.00123478 0.00277581
v 0.04815446 -0.00198175 -0.00244890
v 0.04815446 -0.00228444 -0.00216928
v 0.04815446 -0.00254804 -0.00185254
v 0.04815446 -0.00276805 -0.00150411
v 0.04815446 -0.00294069 -0.00112993
v 0.04815446 -0.00306302 -0.00073643
v 0.04815446 -0.00313294 -0.00033033
v 0.04815446 -0.00314925 0.00008143
v 0.04815446 -0.00311168 0.00049179
v 0.04815446 -0.00302087 0.00089374
v 0.04815446 -0.00287837 0.00128040
v 0.04815446 -0.00268662 0.00164515
v 0.04815446 -0.00244890 0.00198175
v 0.04815446 -0.00216928 0.00228444
v 0.04815446 -0.00185254 0.00254804
v 0.04815446 -0.00150411 0.00276805
v 0.04815446 -0.00112993 0.00294069
v 0.04815446 -0.00073643 0.00306302
v 0.04815446 -0.00033033 0.00313294
v 0.04815446 0.00008143 0.00314925
v 0.04815446 0.00049179 0.00311168
v 0.04815446 0.00089374 0.00302087
v 0.04815446 0.00128040 0.00287837
v 0.04843996 -0.00209544 -0.00258939
v 0.04843996 -0.00241550 -0.00229373
v 0.04843996 -0.00269422 -0.00195882
v 0.04843996 -0.00292685 -0.00159040
v 0.04843996 -0.00310940 -0.00119476
v 0.04843996 -0.00323875 -0.00077868
v 0.04843996 -0.00331268 -0.00034928
v 0.04843996 -0.00332993 0.00008610
v 0.04843996 -0.00329020 0.00052001
v 0.04843996 -0.00319418 0.00094502
v 0.04843996 -0.00304350 0.00135386
v 0.04843996 -0.00284075 0.00173953
v 0.04843996 -0.00258939 0.00209544
v 0.04843996 -0.00229373 0.00241550
v 0.04843996 -0.00195882 0.00269422
v 0.04843996 -0.00159040 0.00292685
v 0.04843996 -0.00119476 0.00310940
v 0.04843996 -0.00077868 0.00323875
v 0.04843996 -0.00034928 0.00331268
v 0.04843996 0.00008610 0.00332993
v 0.04843996 0.00052001 0.00329020
v 0.04843996 0.00094502 0.00319418
v 0.04843996 0.00135386 0.00304350
v 0.04867776 -0.00224645 -0.00277600
v 0.04867776 -0.00258957 -0.00245903
v 0.04867776 -0.00288839 -0.00209999
v 0.04867776 -0.00313778 -0.00170501
v 0.04867776 -0.00333348 -0.00128086
v 0.04867776 -0.00347215 -0.00083480
v 0.04867776 -0.00355141 -0.00037445
v 0.04867776 -0.00356990 0.00009231
v 0.04867776 -0.00352731 0.00055748
v 0.04867776 -0.00342437 0.00101312
v 0.04867776 -0.00326283 0.00145142
v 0.04867776 -0.00304547 0.00186489
v 0.04867776 -0.00277600 0.00224645
v 0.04867776 -0.00245903 0.00258957
v 0.04867776 -0.00209999 0.00288839
v 0.04867776 -0.00170501 0.00313778
v 0.04867776 -0.00128086 0.00333348
v 0.04867776 -0.00083480 0.00347215
v 0.04867776 -0.00037445 0.00355141
v 0.04867776 0.00009231 0.00356990
v 0.04867776 0.00055748 0.00352731
v 0.04867776 0.00101312 0.00342437
v 0.04867776 0.00145142 0.00326283
v 0.04885580 -0.00242711 -0.00299925
v 0.04885580 -0.00279783 -0.00265679
v 0.04885580 -0.00312067 -0.00226887
v 0.04885580 -0.00339012 -0.00184213
v 0.04885580 -0.00360157 -0.00138387
v 0.04885580 -0.00375139 -0.00090193
v 0.04885580 -0.00383702 -0.00040456
v 0.04885580 -0.00385700 0.00009973
v 0.04885580 -0.00381098 0.00060232
v 0.04885580 -0.00369976 0.00109460
v 0.04885580 -0.00352524 0.00156815
v 0.04885580 -0.00329039 0.00201487
v 0.04885580 -0.00299925 0.00242711
v 0.04885580 -0.00265679 0.00279783
v 0.04885580 -0.00226887 0.00312067
v 0.04885580 -0.00184213 0.00339012
v 0.04885580 -0.00138387 0.00360157
v 0.04885580 -0.00090193 0.00375139
v 0.04885580 -0.00040456 0.00383702
v 0.04885580 0.00009973 0.00385700
v 0.04885580 0.00060232 0.00381098
v 0.04885580 0.00109460 0.00369976
v 0.04885580 0.00156815 0.00352524
v 0.03625000 0.00060255 0.00317790
v 0.03625000 0.00057526 0.00318295
v 0.03875103 0.00100092 0.00307548
v 0.03875103 0.00097450 0.00308396
v 0.04125624 0.00138394 0.00292321
v 0.04125624 0.00135880 0.00293498
v 0.04375653 0.00174406 0.00272450
v 0.04375653 0.00172062 0.00273937
v 0.04625000 0.00209495 0.00250976
v 0.04625000 0.00207334 0.00252764
v 0.04375653 0.00166771 0.00317080
v 0.04625000 0.00207515 0.00296691
v 0.04625000 0.00205493 0.00293635
v 0.04125624 0.00125159 0.00335612
v 0.04375653 0.00165167 0.00313828
v 0.03875103 0.00081460 0.00348805
v 0.04125624 0.00123981 0.00332184
v 0.03625000 0.00036535 0.00356351
v 0.03875103 0.00080727 0.00345255
v 0.04625000 0.00199131 0.00278623
v 0.04375653 0.00160790 0.00298300
v 0.04625000 0.00198799 0.00267852
v 0.04375653 0.00161806 0.00287685
v 0.04625000 0.00201716 0.00259417
v 0.04375653 0.00165719 0.00279768
v 0.04125624 0.00121611 0.00316229
v 0.04125624 0.00123965 0.00305831
v 0.04125624 0.00128850 0.00298476
v 0.03875103 0.00080405 0.00329128
v 0.03875103 0.00084062 0.00319114
v 0.03875103 0.00089843 0.00312440
v 0.03625000 0.00036259 0.00352736
v 0.03625000 0.00037986 0.00336697
v 0.03625000 0.00042885 0.00327227
v 0.03625000 0.00049467 0.00321341
v 0.03625000 0.00062980 0.00317261
v 0.03875103 0.00102728 0.00306678
v 0.04125624 0.00140897 0.00291123
v 0.04375653 0.00176738 0.00270944
v 0.04625000 0.00211641 0.00249169
v 0.04625000 0.00219137 0.00334633
v 0.04625000 0.00212497 0.00307074
v 0.04432769 0.00184034 0.00355150
v 0.04375653 0.00172627 0.00341637
v 0.04125624 0.00122528 0.00399096
v 0.03963740 0.00078528 0.00434098
v 0.04175000 0.00124643 0.00423169
v 0.04175000 0.00131940 0.00398383
v 0.04175000 0.00132502 0.00395896
v 0.04125624 0.00126505 0.00377782
v 0.04175000 0.00135741 0.00376264
v 0.04125624 0.00127852 0.00360709
v 0.04248285 0.00149666 0.00370945
v 0.04375674 0.00173454 0.00360435
v 0.03875102 0.00058879 0.00437197
v 0.03875103 0.00070775 0.00411438
v 0.03875103 0.00077431 0.00390803
v 0.03875103 0.00080938 0.00374040
v 0.03625000 0.00002922 0.00441134
v 0.03752453 0.00031501 0.00440018
v 0.03625000 0.00014957 0.00422524
v 0.03625000 0.00017986 0.00417126
v 0.03625000 0.00027208 0.00397502
v 0.03625000 0.00032815 0.00381317
v 0.03625000 0.00032889 0.00381036
v 0.03625000 0.00071830 0.00317165
v 0.03875103 0.00111494 0.00305460
v 0.04125624 0.00149437 0.00288800
v 0.04375653 0.00184915 0.00267555
v 0.04625000 0.00219409 0.00244731
v 0.03625000 0.00079851 0.00320204
v 0.03875103 0.00119835 0.00307457
v 0.04125624 0.00157964 0.00289719
v 0.04375653 0.00193492 0.00267385
v 0.04625000 0.00227986 0.00243470
v 0.03625000 0.00088249 0.00327709
v 0.03875103 0.00129117 0.00313834
v 0.04125624 0.00167982 0.00294865
v 0.04375653 0.00204084 0.00271218
v 0.04625000 0.00239093 0.00245967
v 0.03625000 0.00096444 0.00344992
v 0.03875103 0.00139438 0.00329936
v 0.04125624 0.00180267 0.00309523
v 0.04375653 0.00218133 0.00284201
v 0.04625000 0.00254828 0.00257197
v 0.04175000 0.00067440 0.00394274
v 0.04327843 0.00097829 0.00387797
v 0.04625000 0.00152981 0.00369590
v 0.04587948 0.00146558 0.00372184
v 0.04411380 0.00114152 0.00383366
v 0.04175000 0.00068302 0.00395438
v 0.04175000 0.00100225 0.00429608
v 0.04175000 0.00082549 0.00412606
v 0.03963868 0.00053563 0.00437865
v 0.03625000 -0.00022373 0.00440576
v 0.03752672 0.00006310 0.00441072
v 0.03875103 0.00033733 0.00439833
v 0.03875103 0.00188207 0.00376345
v 0.03836176 0.00201996 0.00392180
v 0.03625000 0.00158759 0.00411587
v 0.04125624 0.00234543 0.00349353
v 0.04047379 0.00242907 0.00368245
v 0.04175000 0.00266298 0.00351701
v 0.04175000 0.00243234 0.00343358
v 0.04125624 0.00214799 0.00338965
v 0.04175000 0.00223236 0.00333469
v 0.04175000 0.00221975 0.00332756
v 0.04125624 0.00189287 0.00320012
v 0.04375025 0.00254590 0.00308519
v 0.04375653 0.00228412 0.00293463
v 0.04398748 0.00258286 0.00305432
v 0.04625000 0.00266312 0.00265176
v 0.04625000 0.00290081 0.00275414
v 0.04417881 0.00261196 0.00302946
v 0.03875103 0.00169944 0.00363531
v 0.03875103 0.00147050 0.00341487
v 0.03625000 0.00138932 0.00397219
v 0.03625000 0.00122442 0.00382190
v 0.03625000 0.00102529 0.00357416
v 0.03875103 0.00018862 0.00420359
v 0.04125624 0.00072171 0.00414547
v 0.04125624 0.00058359 0.00397027
v 0.04125624 0.00042761 0.00369335
v 0.04375653 0.00089303 0.00360995
v 0.04625000 0.00135431 0.00350569
v 0.04125624 0.00038788 0.00356084
v 0.04375653 0.00083679 0.00348353
v 0.04625000 0.00128186 0.00338609
v 0.03625000 -0.00052215 0.00354393
v 0.03875103 -0.00006814 0.00358126
v 0.03875103 -0.00004558 0.00371774
v 0.03875103 0.00007391 0.00401225
v 0.03625000 -0.00051710 0.00368218
v 0.03625000 -0.00043594 0.00398949
v 0.03625000 -0.00034643 0.00419387
v 0.04175000 0.00285985 0.00335887
v 0.04029971 0.00260456 0.00356036
v 0.03829762 0.00222886 0.00380671
v 0.03625000 0.00182095 0.00401808
v 0.04175000 0.00282570 0.00310276
v 0.04175000 0.00277046 0.00288523
v 0.04385229 0.00306320 0.00257218
v 0.04580079 0.00331012 0.00224569
v 0.04625000 0.00336299 0.00216571
v 0.04375655 0.00305042 0.00258718
v 0.03625000 -0.00063383 0.00318961
v 0.03625000 -0.00071507 0.00315448
v 0.03875103 -0.00022387 0.00324400
v 0.03875103 -0.00030891 0.00321948
v 0.04125624 0.00019052 0.00324613
v 0.04125624 0.00010305 0.00323262
v 0.04375653 0.00060104 0.00319635
v 0.04375653 0.00051255 0.00319405
v 0.04625000 0.00100899 0.00312815
v 0.04625000 0.00091998 0.00313709
v 0.03625000 -0.00057291 0.00324999
v 0.03875103 -0.00015579 0.00329617
v 0.04125624 0.00026468 0.00328922
v 0.04375653 0.00068009 0.00322968
v 0.04625000 0.00109247 0.00315152
v 0.03625000 -0.00052672 0.00335271
v 0.03875103 -0.00009694 0.00339218
v 0.04125624 0.00033527 0.00337697
v 0.04375653 0.00076126 0.00330778
v 0.04625000 0.00118378 0.00321950
v 0.04375653 0.00296659 0.00241887
v 0.04625000 0.00319023 0.00194096
v 0.04625000 0.00310249 0.00186637
v 0.04375653 0.00281321 0.00221835
v 0.04125624 0.00250845 0.00255690
v 0.04125624 0.00263512 0.00277522
v 0.03625000 0.00185520 0.00379912
v 0.04125624 0.00274261 0.00314756
v 0.03875103 0.00232003 0.00347080
v 0.03625000 0.00186092 0.00373748
v 0.03875103 0.00226076 0.00308782
v 0.04125624 0.00269226 0.00293667
v 0.03875103 0.00229691 0.00325523
v 0.03625000 0.00186534 0.00352069
v 0.03625000 0.00185073 0.00335004
v 0.03625000 0.00185027 0.00334717
v 0.03625000 0.00178317 0.00310682
v 0.03875103 0.00216289 0.00285517
v 0.03625000 -0.00074211 0.00314823
v 0.03875103 -0.00033652 0.00321671
v 0.04125624 0.00007531 0.00323339
v 0.04375653 0.00048512 0.00319833
v 0.04625000 0.00089302 0.00314487
v 0.04625000 0.00307159 0.00184667
v 0.04375653 0.00278533 0.00219517
v 0.04125624 0.00248374 0.00253038
v 0.03875103 0.00214175 0.00282572
v 0.04625000 0.00295241 0.00173541
v 0.04375653 0.00268218 0.00207112
v 0.04625000 0.00290557 0.00163836
v 0.04375653 0.00264829 0.00197001
v 0.04625000 0.00289791 0.00154944
v 0.04375653 0.00265184 0.00188177
v 0.04625000 0.00292217 0.00146581
v 0.04375653 0.00268607 0.00180270
v 0.04125624 0.00239719 0.00239427
v 0.04125624 0.00237640 0.00228970
v 0.04125624 0.00239112 0.00220264
v 0.04125624 0.00243509 0.00212856
v 0.03875103 0.00207322 0.00267970
v 0.03875103 0.00206590 0.00257334
v 0.03875103 0.00209156 0.00248886
v 0.03875103 0.00214461 0.00242097
v 0.03625000 0.00176594 0.00307493
v 0.03625000 0.00171649 0.00292138
v 0.03625000 0.00172273 0.00281494
v 0.03625000 0.00175891 0.00273440
v 0.03625000 0.00182015 0.00267379
v 0.03625000 -0.00076910 0.00314175
v 0.03875103 -0.00036411 0.00321370
v 0.04125624 0.00004757 0.00323391
v 0.04375653 0.00045766 0.00320238
v 0.04625000 0.00086601 0.00315242
v 0.03625000 0.00184302 0.00265807
v 0.03875103 0.00216530 0.00240248
v 0.04125624 0.00245327 0.00210759
v 0.04375653 0.00270143 0.00177958
v 0.04625000 0.00293464 0.00144068
v 0.04375653 0.00023385 0.00357499
v 0.04625000 0.00068899 0.00355444
v 0.04625000 0.00068295 0.00351830
v 0.04125624 -0.00022167 0.00357504
v 0.04375653 0.00023242 0.00353876
v 0.03875103 -0.00067455 0.00351782
v 0.04125624 -0.00021849 0.00353893
v 0.03625000 -0.00111565 0.00340403
v 0.03875103 -0.00066680 0.00348241
v 0.04625000 0.00068588 0.00335529
v 0.04375653 0.00025559 0.00337910
v 0.04625000 0.00072667 0.00325554
v 0.04375653 0.00030805 0.00328626
v 0.04625000 0.00078762 0.00319035
v 0.04375653 0.00037600 0.00322985
v 0.04125624 -0.00017525 0.00338353
v 0.04125624 -0.00011145 0.00329812
v 0.04125624 -0.00003691 0.00325080
v 0.03875103 -0.00060415 0.00333377
v 0.03875103 -0.00053000 0.00325716
v 0.03875103 -0.00045005 0.00321970
v 0.03625000 -0.00110347 0.00336988
v 0.03625000 -0.00102245 0.00323039
v 0.03625000 -0.00093918 0.00316380
v 0.03625000 -0.00085511 0.00313680
v 0.03625000 0.00186576 0.00264216
v 0.03875103 0.00218584 0.00238381
v 0.04125624 0.00247126 0.00208646
v 0.04375653 0.00271661 0.00175634
v 0.04625000 0.00294690 0.00141545
v 0.04625000 0.00064084 0.00394833
v 0.04625000 0.00069227 0.00366956
v 0.04432769 0.00023671 0.00399299
v 0.04375653 0.00018747 0.00382315
v 0.04125624 -0.00050392 0.00414429
v 0.03963740 -0.00104825 0.00428509
v 0.04175000 -0.00058252 0.00437281
v 0.04175000 -0.00041504 0.00417606
v 0.04175000 -0.00039978 0.00415563
v 0.04125624 -0.00038090 0.00396575
v 0.04175000 -0.00029035 0.00398945
v 0.04125624 -0.00029915 0.00381526
v 0.04248285 -0.00014150 0.00399750
v 0.04375674 0.00011856 0.00399824
v 0.03875102 -0.00124036 0.00423347
v 0.03875103 -0.00102691 0.00404654
v 0.03875103 -0.00088218 0.00388511
v 0.03875103 -0.00078195 0.00374623
v 0.03625000 -0.00176756 0.00404185
v 0.03752453 -0.00150194 0.00414789
v 0.03625000 -0.00158192 0.00392079
v 0.03625000 -0.00153229 0.00388379
v 0.03625000 -0.00136823 0.00374202
v 0.03625000 -0.00125118 0.00361698
v 0.03625000 -0.00124936 0.00361471
v 0.03625000 0.00194623 0.00260529
v 0.03875103 0.00226096 0.00233703
v 0.04125624 0.00253983 0.00203050
v 0.04375653 0.00277753 0.00169212
v 0.04625000 0.00299981 0.00134332
v 0.03625000 0.00203186 0.00260043
v 0.03875103 0.00234528 0.00232134
v 0.04125624 0.00262147 0.00200422
v 0.04375653 0.00285519 0.00165568
v 0.04625000 0.00307304 0.00129691
v 0.03625000 0.00213911 0.00263483
v 0.03875103 0.00245602 0.00234185
v 0.04125624 0.00273392 0.00201048
v 0.04375653 0.00296754 0.00164761
v 0.04625000 0.00318466 0.00127454
v 0.03625000 0.00228427 0.00275938
v 0.03875103 0.00261580 0.00244697
v 0.04125624 0.00290577 0.00209442
v 0.04375653 0.00314869 0.00170908
v 0.04625000 0.00337409 0.00131313
v 0.04175000 -0.00098756 0.00387618
v 0.04327843 -0.00068360 0.00394061
v 0.04625000 -0.00010570 0.00399860
v 0.04587948 -0.00017493 0.00399618
v 0.04411380 -0.00051645 0.00396652
v 0.04175000 -0.00098442 0.00389031
v 0.04175000 -0.00083177 0.00433232
v 0.04175000 -0.00092409 0.00410510
v 0.03963868 -0.00129164 0.00421796
v 0.03625000 -0.00199638 0.00393386
v 0.03752672 -0.00173635 0.00405506
v 0.03875103 -0.00148080 0.00415528
v 0.03875103 0.00325009 0.00267258
v 0.03836176 0.00344047 0.00276115
v 0.03625000 0.00312441 0.00311430
v 0.04125624 0.00356360 0.00223753
v 0.04047379 0.00371685 0.00237609
v 0.04175000 0.00386325 0.00212982
v 0.04175000 0.00361862 0.00214741
v 0.04125624 0.00334098 0.00222294
v 0.04175000 0.00339570 0.00213841
v 0.04175000 0.00338129 0.00213703
v 0.04125624 0.00303083 0.00215356
v 0.04375025 0.00358066 0.00178295
v 0.04375653 0.00328027 0.00175188
v 0.04398748 0.00360186 0.00173972
v 0.04625000 0.00351145 0.00133931
v 0.04625000 0.00377023 0.00133617
v 0.04417881 0.00361834 0.00170517
v 0.03875103 0.00303113 0.00262979
v 0.03875103 0.00273232 0.00252153
v 0.03625000 0.00288484 0.00306369
v 0.03625000 0.00267307 0.00299346
v 0.03625000 0.00239039 0.00284814
v 0.03875103 -0.00153744 0.00391689
v 0.04125624 -0.00102680 0.00408062
v 0.04125624 -0.00108172 0.00386438
v 0.04125624 -0.00111158 0.00354797
v 0.04375653 -0.00065248 0.00366109
v 0.04625000 -0.00018867 0.00375346
v 0.04125624 -0.00109398 0.00341076
v 0.04375653 -0.00065243 0.00352272
v 0.04625000 -0.00020621 0.00361473
v 0.03625000 -0.00191845 0.00302516
v 0.03875103 -0.00151888 0.00324393
v 0.03875103 -0.00155379 0.00337779
v 0.03875103 -0.00156441 0.00369543
v 0.03625000 -0.00197007 0.00315352
v 0.03625000 -0.00202093 0.00346727
v 0.03625000 -0.00202228 0.00369038
v 0.04175000 0.00397878 0.00190528
v 0.04029971 0.00382751 0.00219318
v 0.03829762 0.00358450 0.00257105
v 0.03625000 0.00329782 0.00293005
v 0.04175000 0.00384341 0.00168520
v 0.04175000 0.00370447 0.00150894
v 0.04385229 0.00384457 0.00110389
v 0.04580079 0.00393735 0.00070519
v 0.04625000 0.00395312 0.00061062
v 0.04375655 0.00383900 0.00112279
v 0.03625000 -0.00187636 0.00265605
v 0.03625000 -0.00193629 0.00259092
v 0.03875103 -0.00152397 0.00287249
v 0.03875103 -0.00159168 0.00281549
v 0.04125624 -0.00114627 0.00304298
v 0.04125624 -0.00122068 0.00299506
v 0.04375653 -0.00075099 0.00316448
v 0.04375653 -0.00083090 0.00312638
v 0.04625000 -0.00035058 0.00326810
v 0.04625000 -0.00043553 0.00324006
v 0.03625000 -0.00184528 0.00273599
v 0.03875103 -0.00148300 0.00294783
v 0.04125624 -0.00109605 0.00311250
v 0.04375653 -0.00069234 0.00322708
v 0.04625000 -0.00028381 0.00332340
v 0.03625000 -0.00184485 0.00284862
v 0.03875103 -0.00146828 0.00305949
v 0.04125624 -0.00106725 0.00322138
v 0.04375653 -0.00064995 0.00333144
v 0.04625000 -0.00022805 0.00342264
v 0.04375653 0.00369396 0.00100312
v 0.04625000 0.00370388 0.00047557
v 0.04625000 0.00359339 0.00044311
v 0.04375653 0.00347228 0.00088233
v 0.04125624 0.00333157 0.00131557
v 0.04125624 0.00353608 0.00146349
v 0.03625000 0.00324005 0.00271609
v 0.04125624 0.00378573 0.00175992
v 0.03875103 0.00353116 0.00222710
v 0.03625000 0.00322020 0.00265745
v 0.03875103 0.00332124 0.00190133
v 0.04125624 0.00365395 0.00158774
v 0.03875103 0.00342235 0.00203956
v 0.03625000 0.00313607 0.00245761
v 0.03625000 0.00305331 0.00230765
v 0.03625000 0.00305172 0.00230522
v 0.03625000 0.00289267 0.00211294
v 0.03875103 0.00313720 0.00172860
v 0.03625000 -0.00195845 0.00257421
v 0.03875103 -0.00161578 0.00280173
v 0.04125624 -0.00124633 0.00298448
v 0.04375653 -0.00085769 0.00311914
v 0.04625000 -0.00046332 0.00323621
v 0.04625000 0.00355715 0.00043769
v 0.04375653 0.00343738 0.00087249
v 0.04125624 0.00329821 0.00130139
v 0.03875103 0.00310591 0.00171029
v 0.04625000 0.00340302 0.00038453
v 0.04375653 0.00329270 0.00080112
v 0.04625000 0.00332075 0.00031491
v 0.04375653 0.00322061 0.00072254
v 0.04625000 0.00327759 0.00023680
v 0.04375653 0.00318796 0.00064048
v 0.04625000 0.00326574 0.00015053
v 0.04375653 0.00318707 0.00055432
v 0.04125624 0.00316378 0.00121225
v 0.04125624 0.00310226 0.00112517
v 0.04125624 0.00308029 0.00103966
v 0.04125624 0.00309033 0.00095410
v 0.03875103 0.00298391 0.00160477
v 0.03875103 0.00293396 0.00151058
v 0.03875103 0.00292305 0.00142297
v 0.03875103 0.00294389 0.00133938
v 0.03625000 0.00286396 0.00209081
v 0.03625000 0.00275632 0.00197066
v 0.03625000 0.00271873 0.00187088
v 0.03625000 0.00271903 0.00178258
v 0.03625000 0.00275032 0.00170231
v 0.03625000 -0.00198047 0.00255731
v 0.03875103 -0.00163976 0.00278776
v 0.04125624 -0.00127190 0.00297367
v 0.04375653 -0.00088443 0.00311166
v 0.04625000 -0.00049107 0.00323211
v 0.03625000 0.00276482 0.00167865
v 0.03875103 0.00295528 0.00131407
v 0.04125624 0.00309841 0.00092754
v 0.04375653 0.00319171 0.00052696
v 0.04625000 0.00326691 0.00012250
v 0.04375653 -0.00124045 0.00336103
v 0.04625000 -0.00081630 0.00352738
v 0.04625000 -0.00080712 0.00349191
v 0.04125624 -0.00165661 0.00317580
v 0.04375653 -0.00122702 0.00332735
v 0.03875103 -0.00204705 0.00293932
v 0.04125624 -0.00163902 0.00314411
v 0.03625000 -0.00240374 0.00265596
v 0.03875103 -0.00202558 0.00291012
v 0.04625000 -0.00073813 0.00334418
v 0.04375653 -0.00114091 0.00319092
v 0.04625000 -0.00066030 0.00326965
v 0.04375653 -0.00105522 0.00312744
v 0.04625000 -0.00057810 0.00323488
v 0.04375653 -0.00097021 0.00310355
v 0.04125624 -0.00153631 0.00301973
v 0.04125624 -0.00144328 0.00296765
v 0.04125624 -0.00135594 0.00295474
v 0.03875103 -0.00190789 0.00279982
v 0.03875103 -0.00180899 0.00275999
v 0.03875103 -0.00172071 0.00275829
v 0.03625000 -0.00237872 0.00262972
v 0.03625000 -0.00224797 0.00253524
v 0.03625000 -0.00214481 0.00250828
v 0.03625000 -0.00205703 0.00251780
v 0.03625000 0.00277912 0.00165486
v 0.03875103 0.00296645 0.00128866
v 0.04125624 0.00310625 0.00090092
v 0.04375653 0.00319611 0.00049955
v 0.04625000 0.00326784 0.00009447
v 0.04625000 -0.00102049 0.00386763
v 0.04625000 -0.00086012 0.00363388
v 0.04432769 -0.00140785 0.00374406
v 0.04375653 -0.00138375 0.00356887
v 0.04125624 -0.00214599 0.00358103
v 0.03963740 -0.00270053 0.00348826
v 0.04175000 -0.00231074 0.00375783
v 0.04175000 -0.00207771 0.00364621
v 0.04175000 -0.00205547 0.00363375
v 0.04125624 -0.00196099 0.00346797
v 0.04175000 -0.00188790 0.00352645
v 0.04125624 -0.00182510 0.00336374
v 0.04248285 -0.00175520 0.00359434
v 0.04375674 -0.00151792 0.00370080
v 0.03875102 -0.00285503 0.00336297
v 0.03875103 -0.00258400 0.00327902
v 0.03875103 -0.00238612 0.00319041
v 0.03875103 -0.00223808 0.00310430
v 0.03625000 -0.00325872 0.00297348
v 0.03752453 -0.00305919 0.00317839
v 0.03625000 -0.00303989 0.00293839
v 0.03625000 -0.00297950 0.00292478
v 0.03625000 -0.00277196 0.00286200
v 0.03625000 -0.00261417 0.00279537
v 0.03625000 -0.00261158 0.00279404
v 0.03625000 0.00283763 0.00158845
v 0.03875103 0.00301605 0.00121537
v 0.04125624 0.00314613 0.00082191
v 0.04375653 0.00322565 0.00041610
v 0.04625000 0.00328684 0.00000705
v 0.03625000 0.00291389 0.00154918
v 0.03875103 0.00308670 0.00116674
v 0.04125624 0.00321002 0.00076470
v 0.04375653 0.00328177 0.00035123
v 0.04625000 0.00333486 -0.00006513
v 0.03625000 0.00302586 0.00153698
v 0.03875103 0.00319620 0.00114043
v 0.04125624 0.00331529 0.00072468
v 0.04375653 0.00338113 0.00029816
v 0.04625000 0.00342773 -0.00013097
v 0.03625000 0.00320912 0.00159173
v 0.03875103 0.00338492 0.00117148
v 0.04125624 0.00350643 0.00073146
v 0.04375653 0.00357162 0.00028063
v 0.04625000 0.00361648 -0.00017276
v 0.04175000 -0.00247876 0.00313939
v 0.04327843 -0.00222729 0.00332188
v 0.04625000 -0.00172294 0.00360991
v 0.04587948 -0.00178520 0.00357954
v 0.04411380 -0.00208513 0.00341354
v 0.04175000 -0.00248164 0.00315358
v 0.04175000 -0.00252197 0.00361946
v 0.04175000 -0.00251390 0.00337433
v 0.03963868 -0.00289557 0.00332794
v 0.03625000 -0.00342383 0.00278176
v 0.03752672 -0.00323558 0.00299824
v 0.03875103 -0.00304288 0.00319375
v 0.03875103 0.00405614 0.00111959
v 0.03836176 0.00426609 0.00112307
v 0.03625000 0.00412099 0.00157424
v 0.04125624 0.00416559 0.00059463
v 0.04047379 0.00436196 0.00065889
v 0.04175000 0.00439553 0.00037436
v 0.04175000 0.00417920 0.00048993
v 0.04125624 0.00395629 0.00067186
v 0.04175000 0.00397190 0.00057238
v 0.04175000 0.00395817 0.00057698
v 0.04125624 0.00364473 0.00073462
v 0.04375025 0.00399628 0.00017242
v 0.04375653 0.00370923 0.00026622
v 0.04398748 0.00399807 0.00012430
v 0.04625000 0.00375261 -0.00020471
v 0.04625000 0.00398775 -0.00031284
v 0.04417881 0.00399907 0.00008604
v 0.03875103 0.00383871 0.00116956
v 0.03875103 0.00352170 0.00119220
v 0.03625000 0.00388155 0.00162545
v 0.03625000 0.00365952 0.00164743
v 0.03625000 0.00334217 0.00162964
v 0.03875103 -0.00299766 0.00295293
v 0.04125624 -0.00259777 0.00331019
v 0.04125624 -0.00255999 0.00309032
v 0.04125624 -0.00245857 0.00278911
v 0.04375653 -0.00208517 0.00307918
v 0.04625000 -0.00169902 0.00335221
v 0.04125624 -0.00238668 0.00267092
v 0.04375653 -0.00202885 0.00295280
v 0.04625000 -0.00165863 0.00321834
v 0.03625000 -0.00298304 0.00198332
v 0.03875103 -0.00270699 0.00234569
v 0.03875103 -0.00279332 0.00245378
v 0.03875103 -0.00293223 0.00273964
v 0.03625000 -0.00308240 0.00207959
v 0.03625000 -0.00325647 0.00234552
v 0.03625000 -0.00334846 0.00254880
v 0.04175000 0.00440975 0.00012224
v 0.04029971 0.00438865 0.00044677
v 0.03829762 0.00432034 0.00089082
v 0.03625000 0.00420447 0.00133539
v 0.04175000 0.00419656 -0.00002375
v 0.04175000 0.00399794 -0.00012825
v 0.04385229 0.00396118 -0.00055527
v 0.04580079 0.00388378 -0.00095724
v 0.04625000 0.00385972 -0.00105005
v 0.04375655 0.00396378 -0.00053574
v 0.03625000 -0.00279445 0.00166324
v 0.03625000 -0.00282271 0.00157936
v 0.03875103 -0.00256056 0.00200429
v 0.03875103 -0.00259924 0.00192469
v 0.04125624 -0.00228486 0.00231367
v 0.04125624 -0.00233335 0.00223963
v 0.04375653 -0.00197318 0.00258544
v 0.04375653 -0.00203068 0.00251814
v 0.04625000 -0.00164952 0.00284297
v 0.04625000 -0.00171573 0.00278280
v 0.03625000 -0.00279857 0.00174891
v 0.03875103 -0.00255378 0.00208979
v 0.04125624 -0.00226726 0.00239761
v 0.04375653 -0.00194506 0.00266648
v 0.04625000 -0.00161103 0.00292064
v 0.03625000 -0.00284399 0.00185198
v 0.03875103 -0.00258575 0.00219778
v 0.04125624 -0.00228524 0.00250879
v 0.04375653 -0.00194878 0.00277906
v 0.04625000 -0.00160045 0.00303399
v 0.04375653 0.00378261 -0.00058607
v 0.04625000 0.00357709 -0.00107205
v 0.04625000 0.00346295 -0.00105676
v 0.04375653 0.00353096 -0.00060626
v 0.04125624 0.00357863 -0.00015324
v 0.04125624 0.00382563 -0.00010129
v 0.03625000 0.00406466 0.00116342
v 0.04125624 0.00417426 0.00006797
v 0.03875103 0.00413171 0.00059830
v 0.03625000 0.00402269 0.00111793
v 0.03875103 0.00380744 0.00038608
v 0.04125624 0.00398384 -0.00003572
v 0.03875103 0.00395604 0.00047124
v 0.03625000 0.00386454 0.00096959
v 0.03625000 0.00372795 0.00086625
v 0.03625000 0.00372550 0.00086467
v 0.03625000 0.00350200 0.00075372
v 0.03875103 0.00356906 0.00030314
v 0.03625000 -0.00283616 0.00155508
v 0.03875103 -0.00261566 0.00190231
v 0.04125624 -0.00235248 0.00221953
v 0.04375653 -0.00205221 0.00250062
v 0.04625000 -0.00173954 0.00276797
v 0.04625000 0.00342764 -0.00104697
v 0.04375653 0.00349508 -0.00060105
v 0.04125624 0.00354238 -0.00015262
v 0.03875103 0.00353303 0.00029914
v 0.04625000 0.00326521 -0.00103285
v 0.04375653 0.00333387 -0.00060740
v 0.04625000 0.00316174 -0.00106299
v 0.04375653 0.00323605 -0.00064987
v 0.04625000 0.00309054 -0.00111679
v 0.04375653 0.00317285 -0.00071155
v 0.04625000 0.00304463 -0.00119078
v 0.04375653 0.00313699 -0.00078990
v 0.04125624 0.00338332 -0.00017938
v 0.04125624 0.00329170 -0.00023391
v 0.04125624 0.00323685 -0.00030309
v 0.04125624 0.00321123 -0.00038534
v 0.03875103 0.00337866 0.00025237
v 0.03875103 0.00329472 0.00018663
v 0.03875103 0.00324911 0.00011103
v 0.03875103 0.00323416 0.00002620
v 0.03625000 0.00346676 0.00074518
v 0.03625000 0.00331957 0.00067918
v 0.03625000 0.00324464 0.00060332
v 0.03625000 0.00320900 0.00052254
v 0.03625000 0.00320493 0.00043648
v 0.03625000 -0.00284940 0.00153069
v 0.03875103 -0.00263188 0.00187980
v 0.04125624 -0.00237144 0.00219926
v 0.04375653 -0.00207359 0.00248292
v 0.04625000 -0.00176323 0.00275295
v 0.03625000 0.00320856 0.00040897
v 0.03875103 0.00323426 -0.00000156
v 0.04125624 0.00320780 -0.00041288
v 0.04375653 0.00313010 -0.00081678
v 0.04625000 0.00303430 -0.00121686
v 0.04375653 -0.00250026 0.00256592
v 0.04625000 -0.00218044 0.00289041
v 0.04625000 -0.00215763 0.00286174
v 0.04125624 -0.00280510 0.00222744
v 0.04375653 -0.00247429 0.00254061
v 0.03875103 -0.00306561 0.00185259
v 0.04125624 -0.00277614 0.00220564
v 0.03625000 -0.00327620 0.00144865
v 0.03875103 -0.00303411 0.00183465
v 0.04625000 -0.00203452 0.00275484
v 0.04375653 -0.00234013 0.00245100
v 0.04625000 -0.00193310 0.00271840
v 0.04375653 -0.00223604 0.00242786
v 0.04625000 -0.00184387 0.00272007
v 0.04375653 -0.00214866 0.00244061
v 0.04125624 -0.00263172 0.00213379
v 0.04125624 -0.00252555 0.00212405
v 0.04125624 -0.00244051 0.00214778
v 0.03875103 -0.00288173 0.00178175
v 0.03875103 -0.00277518 0.00178560
v 0.03875103 -0.00269385 0.00181995
v 0.03625000 -0.00324267 0.00143485
v 0.03625000 -0.00308480 0.00140172
v 0.03625000 -0.00297960 0.00141905
v 0.03625000 -0.00290327 0.00146346
v 0.03625000 0.00321195 0.00038142
v 0.03875103 0.00323413 -0.00002931
v 0.04125624 0.00320414 -0.00044039
v 0.04375653 0.00312298 -0.00084361
v 0.04625000 0.00302374 -0.00124285
v 0.04625000 -0.00250537 0.00311819
v 0.04625000 -0.00226379 0.00296987
v 0.04432769 -0.00280898 0.00284774
v 0.04375653 -0.00271571 0.00269750
v 0.04125624 -0.00341700 0.00239858
v 0.03963740 -0.00388586 0.00208828
v 0.04175000 -0.00363941 0.00249309
v 0.04175000 -0.00338113 0.00248590
v 0.04175000 -0.00335574 0.00248356
v 0.04125624 -0.00320200 0.00237054
v 0.04175000 -0.00315902 0.00245369
v 0.04125624 -0.00303546 0.00233059
v 0.04248285 -0.00306540 0.00256969
v 0.04375674 -0.00289194 0.00276345
v 0.03875102 -0.00397605 0.00191098
v 0.03875103 -0.00369430 0.00194452
v 0.03875103 -0.00347749 0.00194406
v 0.03875103 -0.00330722 0.00192561
v 0.03625000 -0.00418641 0.00139097
v 0.03752453 -0.00408748 0.00165932
v 0.03625000 -0.00397222 0.00144792
v 0.03625000 -0.00391152 0.00146005
v 0.03625000 -0.00369639 0.00148711
v 0.03625000 -0.00352514 0.00149042
v 0.03625000 -0.00352224 0.00149026
v 0.03625000 0.00323839 0.00029695
v 0.03875103 0.00324963 -0.00011645
v 0.04125624 0.00320844 -0.00052879
v 0.04375653 0.00311602 -0.00093186
v 0.04625000 0.00300555 -0.00133044
v 0.03625000 0.00329208 0.00023006
v 0.03875103 0.00329440 -0.00018960
v 0.04125624 0.00324353 -0.00060705
v 0.04375653 0.00314090 -0.00101395
v 0.04625000 0.00302006 -0.00141591
v 0.03625000 0.00338940 0.00017338
v 0.03875103 0.00338373 -0.00025817
v 0.04125624 0.00332342 -0.00068642
v 0.04375653 0.00321009 -0.00110285
v 0.04625000 0.00307812 -0.00151383
v 0.03625000 0.00357909 0.00014885
v 0.03875103 0.00356876 -0.00030658
v 0.04125624 0.00350079 -0.00075797
v 0.04375653 0.00337698 -0.00119634
v 0.04625000 0.00323355 -0.00162878
v 0.04413183 -0.00329054 0.00227204
v 0.04625000 -0.00304227 0.00259703
v 0.04625000 -0.00300001 0.00264574
v 0.04175000 -0.00341125 0.00208887
v 0.04304519 -0.00341125 0.00208887
v 0.04175000 -0.00377610 0.00228076
v 0.04175000 -0.00366902 0.00206011
v 0.04175000 -0.00354977 0.00187156
v 0.04175000 -0.00354136 0.00185977
v 0.03963868 -0.00399883 0.00186249
v 0.03625000 -0.00425927 0.00114867
v 0.03752672 -0.00417534 0.00142300
v 0.03875103 -0.00407882 0.00167998
v 0.03875103 0.00416085 -0.00062698
v 0.03836176 0.00435406 -0.00070919
v 0.03625000 0.00440501 -0.00023802
v 0.04125624 0.00404732 -0.00115107
v 0.04047379 0.00425284 -0.00117224
v 0.04175000 0.00416778 -0.00144582
v 0.04175000 0.00401717 -0.00125226
v 0.04125624 0.00388752 -0.00099540
v 0.04175000 0.00386132 -0.00109262
v 0.04175000 0.00385064 -0.00108284
v 0.04125624 0.00362842 -0.00081133
v 0.04375025 0.00372092 -0.00146792
v 0.04375653 0.00349683 -0.00126548
v 0.04398748 0.00370298 -0.00151260
v 0.04625000 0.00334492 -0.00171334
v 0.04625000 0.00351574 -0.00190776
v 0.04417881 0.00368833 -0.00154797
v 0.03875103 0.00398254 -0.00049289
v 0.03875103 0.00370214 -0.00034328
v 0.03625000 0.00420710 -0.00009385
v 0.03625000 0.00401321 0.00001654
v 0.03625000 0.00371606 0.00012937
v 0.03875103 -0.00393957 0.00147837
v 0.04125624 -0.00371955 0.00196741
v 0.04125624 -0.00359561 0.00178190
v 0.04125624 -0.00338045 0.00154799
v 0.04239761 -0.00347823 0.00197532
v 0.04375653 -0.00315731 0.00196486
v 0.04625000 -0.00291560 0.00237135
v 0.04125624 -0.00326670 0.00146926
v 0.04375653 -0.00305445 0.00187231
v 0.04625000 -0.00282425 0.00226548
v 0.03625000 -0.00353183 0.00059854
v 0.03875103 -0.00342704 0.00104186
v 0.03875103 -0.00354987 0.00110549
v 0.03875103 -0.00379303 0.00131014
v 0.03625000 -0.00366176 0.00064607
v 0.03625000 -0.00392895 0.00081822
v 0.03625000 -0.00409566 0.00096650
v 0.04175000 0.00407822 -0.00168193
v 0.04029971 0.00419095 -0.00137688
v 0.03829762 0.00430916 -0.00094344
v 0.03625000 0.00438412 -0.00049017
v 0.04175000 0.00382409 -0.00172860
v 0.04175000 0.00360014 -0.00174328
v 0.04385229 0.00339287 -0.00211842
v 0.04580079 0.00315866 -0.00245416
v 0.04625000 0.00309893 -0.00252915
v 0.04375655 0.00340319 -0.00210164
v 0.03625000 -0.00322936 0.00038284
v 0.03625000 -0.00322106 0.00029472
v 0.03875103 -0.00315441 0.00078954
v 0.03875103 -0.00315736 0.00070108
v 0.04125624 -0.00302838 0.00118431
v 0.04125624 -0.00304256 0.00109695
v 0.04375653 -0.00285418 0.00155935
v 0.04375653 -0.00287934 0.00147448
v 0.04625000 -0.00266325 0.00192626
v 0.04625000 -0.00269926 0.00184436
v 0.03625000 -0.00326797 0.00045943
v 0.03875103 -0.00318298 0.00087040
v 0.04125624 -0.00304644 0.00126815
v 0.04375653 -0.00286145 0.00164483
v 0.04625000 -0.00265968 0.00201287
v 0.03625000 -0.00335138 0.00053511
v 0.03875103 -0.00325611 0.00095605
v 0.04125624 -0.00310808 0.00136240
v 0.04375653 -0.00291065 0.00174616
v 0.04625000 -0.00269611 0.00212072
v 0.04375653 0.00321721 -0.00207392
v 0.04625000 0.00283180 -0.00243430
v 0.04625000 0.00273374 -0.00237391
v 0.04375653 0.00297911 -0.00199001
v 0.04125624 0.00320691 -0.00159555
v 0.04125624 0.00345369 -0.00164856
v 0.03625000 0.00418646 -0.00059041
v 0.04125624 0.00384102 -0.00163573
v 0.03875103 0.00401786 -0.00113394
v 0.03625000 0.00412961 -0.00061489
v 0.03875103 0.00363531 -0.00119592
v 0.04125624 0.00362489 -0.00165301
v 0.03875103 0.00380569 -0.00117857
v 0.03625000 0.00392480 -0.00068609
v 0.03625000 0.00375799 -0.00072493
v 0.03625000 0.00375511 -0.00072538
v 0.03625000 0.00350580 -0.00073584
v 0.03875103 0.00338379 -0.00117473
v 0.03625000 -0.00322347 0.00026707
v 0.03875103 -0.00316326 0.00067396
v 0.04125624 -0.00305186 0.00107080
v 0.04375653 -0.00289188 0.00144972
v 0.04625000 -0.00271499 0.00182113
v 0.04625000 0.00270547 -0.00235061
v 0.04375653 0.00294845 -0.00197066
v 0.04125624 0.00317405 -0.00158025
v 0.03875103 0.00334925 -0.00116373
v 0.04625000 0.00256282 -0.00227164
v 0.04375653 0.00279859 -0.00191090
v 0.04625000 0.00245604 -0.00225709
v 0.04375653 0.00269196 -0.00190991
v 0.04625000 0.00236911 -0.00227727
v 0.04375653 0.00260913 -0.00194055
v 0.04625000 0.00229707 -0.00232619
v 0.04375653 0.00254451 -0.00199754
v 0.04125624 0.00301785 -0.00153999
v 0.04125624 0.00291198 -0.00155254
v 0.04125624 0.00283373 -0.00159343
v 0.04125624 0.00277687 -0.00165815
v 0.03875103 0.00318920 -0.00114367
v 0.03875103 0.00308579 -0.00116958
v 0.03875103 0.00301337 -0.00122010
v 0.03875103 0.00296520 -0.00129152
v 0.03625000 0.00347014 -0.00072931
v 0.03625000 0.00330882 -0.00072972
v 0.03625000 0.00320952 -0.00076855
v 0.03625000 0.00314410 -0.00082785
v 0.03625000 0.00310538 -0.00090482
v 0.03625000 -0.00322564 0.00023940
v 0.03875103 -0.00316893 0.00064680
v 0.04125624 -0.00306094 0.00104457
v 0.04375653 -0.00290421 0.00142485
v 0.04625000 -0.00273052 0.00179777
v 0.03625000 0.00309750 -0.00093143
v 0.03875103 0.00295401 -0.00131692
v 0.04125624 0.00276254 -0.00168192
v 0.04375653 0.00252727 -0.00201930
v 0.04625000 0.00227703 -0.00234582
v 0.04375653 -0.00332775 0.00132714
v 0.04625000 -0.00316757 0.00175365
v 0.04625000 -0.00313506 0.00173674
v 0.04125624 -0.00346857 0.00089393
v 0.04375653 -0.00329374 0.00131458
v 0.03875103 -0.00355409 0.00044553
v 0.04125624 -0.00343324 0.00088579
v 0.03625000 -0.00358218 -0.00000914
v 0.03875103 -0.00351802 0.00044195
v 0.04625000 -0.00297912 0.00168916
v 0.04375653 -0.00313473 0.00128728
v 0.04625000 -0.00287165 0.00169712
v 0.04375653 -0.00303022 0.00130848
v 0.04625000 -0.00279081 0.00173494
v 0.04375653 -0.00295558 0.00135567
v 0.04125624 -0.00327209 0.00087889
v 0.04125624 -0.00317114 0.00091318
v 0.04125624 -0.00310310 0.00096945
v 0.03875103 -0.00335730 0.00045561
v 0.03875103 -0.00326152 0.00050245
v 0.03875103 -0.00320119 0.00056692
v 0.03625000 -0.00354594 -0.00000811
v 0.03625000 -0.00338824 0.00002583
v 0.03625000 -0.00329918 0.00008446
v 0.03625000 -0.00324751 0.00015607
v 0.03625000 0.00308940 -0.00095797
v 0.03875103 0.00294260 -0.00134221
v 0.04125624 0.00274800 -0.00170556
v 0.04375653 0.00250985 -0.00204091
v 0.04625000 0.00225681 -0.00236527
v 0.04625000 -0.00355705 0.00182958
v 0.04625000 -0.00327603 0.00179235
v 0.04432769 -0.00372441 0.00145903
v 0.04375653 -0.00357810 0.00135971
v 0.04125624 -0.00409717 0.00080139
v 0.03963740 -0.00439929 0.00032722
v 0.04175000 -0.00433880 0.00079727
v 0.04175000 -0.00409992 0.00089575
v 0.04175000 -0.00407578 0.00090394
v 0.04125624 -0.00388936 0.00086323
v 0.04175000 -0.00388391 0.00095667
v 0.04125624 -0.00372097 0.00089447
v 0.04248285 -0.00384557 0.00110072
v 0.04375674 -0.00376592 0.00134828
v 0.03875102 -0.00440957 0.00012856
v 0.03875103 -0.00416582 0.00027380
v 0.03875103 -0.00396756 0.00036156
v 0.03875103 -0.00380451 0.00041397
v 0.03625000 -0.00439023 -0.00043205
v 0.03752453 -0.00440900 -0.00014666
v 0.03625000 -0.00421773 -0.00029291
v 0.03625000 -0.00416721 -0.00025714
v 0.03625000 -0.00398168 -0.00014492
v 0.03625000 -0.00382659 -0.00007224
v 0.03625000 -0.00382387 -0.00007120
v 0.03625000 0.00307919 -0.00104589
v 0.03875103 0.00292132 -0.00142812
v 0.04125624 0.00271597 -0.00178806
v 0.04375653 0.00246760 -0.00211870
v 0.04625000 0.00220456 -0.00243789
v 0.03625000 0.00310103 -0.00112884
v 0.03875103 0.00293246 -0.00151316
v 0.04125624 0.00271620 -0.00187383
v 0.04375653 0.00245695 -0.00220381
v 0.04625000 0.00218306 -0.00252187
v 0.03625000 0.00316689 -0.00122021
v 0.03875103 0.00298619 -0.00161214
v 0.04125624 0.00275690 -0.00197884
v 0.04375653 0.00248400 -0.00231316
v 0.04625000 0.00219627 -0.00263493
v 0.03625000 0.00333021 -0.00131977
v 0.03875103 0.00313553 -0.00173162
v 0.04125624 0.00288984 -0.00211634
v 0.04375653 0.00259843 -0.00246645
v 0.04625000 0.00229151 -0.00280317
v 0.04175000 -0.00399163 0.00025858
v 0.04327843 -0.00395899 0.00056757
v 0.04625000 -0.00383556 0.00113511
v 0.04587948 -0.00385465 0.00106851
v 0.04411380 -0.00393198 0.00073455
v 0.04175000 -0.00400411 0.00026593
v 0.04175000 -0.00437731 0.00054770
v 0.04175000 -0.00418974 0.00038968
v 0.03963868 -0.00441066 0.00007500
v 0.03625000 -0.00435824 -0.00068304
v 0.03752672 -0.00439315 -0.00039829
v 0.03875103 -0.00440950 -0.00012427
v 0.03875103 0.00354611 -0.00226515
v 0.03836176 0.00368918 -0.00241884
v 0.03625000 0.00392737 -0.00200912
v 0.04125624 0.00322923 -0.00269775
v 0.04047379 0.00340837 -0.00280068
v 0.04175000 0.00321939 -0.00301601
v 0.04175000 0.00316052 -0.00277793
v 0.04125624 0.00314656 -0.00249053
v 0.04175000 0.00308308 -0.00256870
v 0.04175000 0.00307731 -0.00255542
v 0.04125624 0.00298473 -0.00221700
v 0.04375025 0.00280217 -0.00285444
v 0.04375653 0.00267980 -0.00257836
v 0.04398748 0.00276760 -0.00288797
v 0.04625000 0.00235886 -0.00292571
v 0.04625000 0.00243584 -0.00317281
v 0.04417881 0.00273984 -0.00291432
v 0.03875103 0.00343775 -0.00207013
v 0.03875103 0.00324245 -0.00181940
v 0.03625000 0.00380521 -0.00179692
v 0.03625000 0.00367297 -0.00161721
v 0.03625000 0.00344741 -0.00139327
v 0.03875103 -0.00420028 -0.00025181
v 0.04125624 -0.00419820 0.00028444
v 0.04125624 -0.00400952 0.00016538
v 0.04125624 -0.00371782 0.00003921
v 0.04375653 -0.00368353 0.00051079
v 0.04625000 -0.00362805 0.00098045
v 0.04125624 -0.00358188 0.00001355
v 0.04375653 -0.00355192 0.00046808
v 0.04625000 -0.00350153 0.00092089
v 0.03625000 -0.00346993 -0.00088973
v 0.03875103 -0.00355452 -0.00044211
v 0.03875103 -0.00369261 -0.00043394
v 0.03875103 -0.00399799 -0.00034589
v 0.03625000 -0.00360796 -0.00089916
v 0.03625000 -0.00392207 -0.00085057
v 0.03625000 -0.00413468 -0.00078291
v 0.04175000 0.00304154 -0.00319528
v 0.04029971 0.00326860 -0.00296245
v 0.03829762 0.00355288 -0.00261456
v 0.03625000 0.00380573 -0.00223098
v 0.04175000 0.00279040 -0.00313455
v 0.04175000 0.00257983 -0.00305687
v 0.04385229 0.00223790 -0.00331528
v 0.04580079 0.00188738 -0.00352673
v 0.04625000 0.00180232 -0.00357095
v 0.04375655 0.00225416 -0.00330415
v 0.03625000 -0.00310588 -0.00096376
v 0.03625000 -0.00306246 -0.00104089
v 0.03875103 -0.00320283 -0.00056174
v 0.03875103 -0.00316955 -0.00064374
v 0.04125624 -0.00324827 -0.00014984
v 0.04125624 -0.00322568 -0.00023541
v 0.04375653 -0.00324167 0.00026364
v 0.04375653 -0.00323013 0.00017587
v 0.04625000 -0.00321648 0.00067648
v 0.04625000 -0.00321607 0.00058702
v 0.03625000 -0.00317230 -0.00090949
v 0.03875103 -0.00326183 -0.00049948
v 0.04125624 -0.00329886 -0.00008059
v 0.04375653 -0.00328308 0.00033877
v 0.04625000 -0.00324845 0.00075706
v 0.03625000 -0.00327929 -0.00087428
v 0.03875103 -0.00336347 -0.00045099
v 0.04125624 -0.00339351 -0.00001955
v 0.04375653 -0.00336924 0.00041133
v 0.04625000 -0.00332560 0.00084077
v 0.04375653 0.00209552 -0.00320318
v 0.04625000 0.00159685 -0.00337564
v 0.04625000 0.00153184 -0.00328058
v 0.04375653 0.00191214 -0.00302968
v 0.04125624 0.00228069 -0.00276197
v 0.04125624 0.00248457 -0.00291077
v 0.03625000 0.00358438 -0.00224215
v 0.04125624 0.00284363 -0.00305660
v 0.03875103 0.00320928 -0.00267012
v 0.03625000 0.00352249 -0.00224140
v 0.03875103 0.00283459 -0.00257114
v 0.04125624 0.00263917 -0.00298447
v 0.03875103 0.00299730 -0.00262459
v 0.03625000 0.00330643 -0.00222313
v 0.03625000 0.00313823 -0.00219077
v 0.03625000 0.00313543 -0.00219001
v 0.03625000 0.00290341 -0.00209816
v 0.03875103 0.00261344 -0.00244949
v 0.03625000 -0.00305341 -0.00106713
v 0.03875103 -0.00316391 -0.00067092
v 0.04125624 -0.00322355 -0.00026308
v 0.04375653 -0.00323152 0.00014815
v 0.04625000 -0.00322099 0.00055940
v 0.04625000 0.00151549 -0.00324780
v 0.04375653 0.00189200 -0.00299953
v 0.04125624 0.00225690 -0.00273463
v 0.03875103 0.00258636 -0.00242539
v 0.04625000 0.00141730 -0.00311764
v 0.04375653 0.00177941 -0.00288398
v 0.04625000 0.00132567 -0.00306091
v 0.04375653 0.00168240 -0.00283970
v 0.04625000 0.00123804 -0.00304400
v 0.04375653 0.00159427 -0.00283401
v 0.04625000 0.00115233 -0.00305938
v 0.04375653 0.00151205 -0.00285978
v 0.04125624 0.00213057 -0.00263433
v 0.04125624 0.00202875 -0.00260272
v 0.04125624 0.00194063 -0.00260825
v 0.04125624 0.00186237 -0.00264425
v 0.03875103 0.00244831 -0.00234196
v 0.03875103 0.00234329 -0.00232357
v 0.03875103 0.00225659 -0.00234026
v 0.03875103 0.00218354 -0.00238592
v 0.03625000 0.00287349 -0.00207769
v 0.03625000 0.00272596 -0.00201245
v 0.03625000 0.00261945 -0.00200754
v 0.03625000 0.00253556 -0.00203510
v 0.03625000 0.00246889 -0.00208966
v 0.03625000 -0.00304414 -0.00109329
v 0.03875103 -0.00315804 -0.00069804
v 0.04125624 -0.00322117 -0.00029073
v 0.04375653 -0.00323267 0.00012042
v 0.04625000 -0.00322567 0.00053174
v 0.03625000 0.00245086 -0.00211077
v 0.03875103 0.00216299 -0.00240457
v 0.04125624 0.00183961 -0.00266013
v 0.04375653 0.00148746 -0.00287265
v 0.04625000 0.00112604 -0.00306916
v 0.04375653 -0.00357985 -0.00014112
v 0.04625000 -0.00360699 0.00031368
v 0.04625000 -0.00357042 0.00031145
v 0.04125624 -0.00353229 -0.00059415
v 0.04375653 -0.00354367 -0.00013876
v 0.03875103 -0.00342804 -0.00103856
v 0.04125624 -0.00349671 -0.00058721
v 0.03625000 -0.00326876 -0.00146535
v 0.03875103 -0.00339363 -0.00102716
v 0.04625000 -0.00340860 0.00033140
v 0.04375653 -0.00338730 -0.00009902
v 0.04625000 -0.00331366 0.00038240
v 0.04375653 -0.00330045 -0.00003715
v 0.04625000 -0.00325520 0.00044983
v 0.04375653 -0.00325146 0.00003633
v 0.04125624 -0.00334668 -0.00052797
v 0.04125624 -0.00326840 -0.00045559
v 0.04125624 -0.00322913 -0.00037651
v 0.03875103 -0.00325235 -0.00094932
v 0.03875103 -0.00318392 -0.00086757
v 0.03875103 -0.00315502 -0.00078414
v 0.03625000 -0.00323608 -0.00144967
v 0.03625000 -0.00310582 -0.00135452
v 0.03625000 -0.00304830 -0.00126474
v 0.03625000 -0.00303023 -0.00117831
v 0.03625000 0.00243266 -0.00213172
v 0.03875103 0.00214227 -0.00242304
v 0.04125624 0.00181671 -0.00267582
v 0.04375653 0.00146275 -0.00288531
v 0.04625000 0.00109966 -0.00307871
v 0.04625000 -0.00399369 0.00022462
v 0.04625000 -0.00372182 0.00030491
v 0.04432769 -0.00399586 -0.00018196
v 0.04375653 -0.00382180 -0.00021319
v 0.04125624 -0.00406891 -0.00093436
v 0.03963740 -0.00415204 -0.00149042
v 0.04175000 -0.00428797 -0.00103641
v 0.04175000 -0.00410980 -0.00084928
v 0.04175000 -0.00409107 -0.00083197
v 0.04125624 -0.00390421 -0.00079335
v 0.04175000 -0.00393724 -0.00070577
v 0.04125624 -0.00376309 -0.00069632
v 0.04248285 -0.00396081 -0.00055858
v 0.04375674 -0.00398873 -0.00030002
v 0.03875102 -0.00408063 -0.00167608
v 0.03875103 -0.00391703 -0.00144426
v 0.03875103 -0.00377161 -0.00128345
v 0.03875103 -0.00364397 -0.00116926
v 0.03625000 -0.00383494 -0.00218037
v 0.03752453 -0.00396817 -0.00192729
v 0.03625000 -0.00373395 -0.00198309
v 0.03625000 -0.00370235 -0.00192986
v 0.03625000 -0.00357850 -0.00175188
v 0.03625000 -0.00346638 -0.00162240
v 0.03625000 -0.00346432 -0.00162036
v 0.03625000 0.00238758 -0.00220789
v 0.03875103 0.00208789 -0.00249286
v 0.04125624 0.00175389 -0.00273816
v 0.04375653 0.00139252 -0.00293919
v 0.04625000 0.00102239 -0.00312380
v 0.03625000 0.00237380 -0.00229255
v 0.03875103 0.00206348 -0.00257508
v 0.04125624 0.00171922 -0.00281661
v 0.04375653 0.00134816 -0.00301261
v 0.04625000 0.00096859 -0.00319177
v 0.03625000 0.00239680 -0.00240281
v 0.03875103 0.00207230 -0.00268736
v 0.04125624 0.00171369 -0.00292909
v 0.04375653 0.00132840 -0.00312351
v 0.04625000 0.00093467 -0.00330044
v 0.03625000 0.00250549 -0.00256019
v 0.03875103 0.00216014 -0.00285725
v 0.04125624 0.00177921 -0.00310877
v 0.04375653 0.00137059 -0.00331009
v 0.04625000 0.00095325 -0.00349286
v 0.04175000 -0.00375171 -0.00138732
v 0.04327843 -0.00384756 -0.00109176
v 0.04625000 -0.00396565 -0.00052309
v 0.04587948 -0.00395600 -0.00059169
v 0.04411380 -0.00389081 -0.00092824
v 0.04175000 -0.00376610 -0.00138568
v 0.04175000 -0.00422164 -0.00128006
v 0.04175000 -0.00398602 -0.00134813
v 0.03963868 -0.00405984 -0.00172546
v 0.03625000 -0.00370363 -0.00239664
v 0.03752672 -0.00385135 -0.00215071
v 0.03875103 -0.00397773 -0.00190703
v 0.03875103 0.00231821 -0.00351165
v 0.03836176 0.00238640 -0.00371024
v 0.03625000 0.00277065 -0.00343283
v 0.04125624 0.00185277 -0.00377796
v 0.04047379 0.00197456 -0.00394486
v 0.04175000 0.00171433 -0.00406471
v 0.04175000 0.00175740 -0.00382326
v 0.04125624 0.00186153 -0.00355504
v 0.04175000 0.00177175 -0.00360063
v 0.04175000 0.00177188 -0.00358615
v 0.04125624 0.00182495 -0.00323933
v 0.04375025 0.00139890 -0.00374741
v 0.04375653 0.00139940 -0.00344542
v 0.04398748 0.00135369 -0.00376398
v 0.04625000 0.00096493 -0.00363221
v 0.04625000 0.00093475 -0.00388925
v 0.04417881 0.00131761 -0.00377676
v 0.03875103 0.00229855 -0.00328942
v 0.03875103 0.00222211 -0.00298093
v 0.03625000 0.00274536 -0.00318928
v 0.03625000 0.00269765 -0.00297133
v 0.03625000 0.00258267 -0.00267501
v 0.03875103 -0.00373473 -0.00193844
v 0.04125624 -0.00395094 -0.00144772
v 0.04125624 -0.00373015 -0.00147973
v 0.04125624 -0.00341234 -0.00147635
v 0.04375653 -0.00357283 -0.00103159
v 0.04625000 -0.00371317 -0.00057998
v 0.04125624 -0.00327772 -0.00144451
v 0.04375653 -0.00343522 -0.00101708
v 0.04625000 -0.00357337 -0.00058293
v 0.03625000 -0.00280806 -0.00222416
v 0.03875103 -0.00306739 -0.00184964
v 0.03875103 -0.00319687 -0.00189835
v 0.03875103 -0.00351166 -0.00194212
v 0.03625000 -0.00293032 -0.00228891
v 0.03625000 -0.00323703 -0.00237228
v 0.03625000 -0.00345878 -0.00239695
v 0.04175000 0.00147894 -0.00415614
v 0.04029971 0.00178108 -0.00403580
v 0.03829762 0.00218228 -0.00383361
v 0.03625000 0.00256928 -0.00358603
v 0.04175000 0.00127422 -0.00399851
v 0.04175000 0.00111346 -0.00384190
v 0.04385229 0.00069598 -0.00393890
v 0.04580079 0.00028976 -0.00398950
v 0.04625000 0.00019406 -0.00399529
v 0.04375655 0.00071536 -0.00393534
v 0.03625000 -0.00244537 -0.00214371
v 0.03625000 -0.00237433 -0.00219651
v 0.03875103 -0.00269745 -0.00181588
v 0.03875103 -0.00263369 -0.00187726
v 0.04125624 -0.00290649 -0.00145807
v 0.04125624 -0.00285106 -0.00152706
v 0.04375653 -0.00306865 -0.00107766
v 0.04375653 -0.00302240 -0.00115314
v 0.04625000 -0.00321355 -0.00069027
v 0.04625000 -0.00317679 -0.00077182
v 0.03625000 -0.00252812 -0.00212116
v 0.03875103 -0.00277667 -0.00178301
v 0.04125624 -0.00298088 -0.00141539
v 0.04375653 -0.00313703 -0.00102587
v 0.04625000 -0.00327553 -0.00062965
v 0.03625000 -0.00264018 -0.00213251
v 0.03875103 -0.00288925 -0.00178004
v 0.04125624 -0.00309218 -0.00139813
v 0.04375653 -0.00324525 -0.00099462
v 0.04625000 -0.00338006 -0.00058456
v 0.04375653 0.00061151 -0.00377858
v 0.04625000 0.00008580 -0.00373330
v 0.04625000 0.00006507 -0.00362002
v 0.04375653 0.00051454 -0.00354549
v 0.04125624 0.00096012 -0.00345083
v 0.04125624 0.00108585 -0.00366969
v 0.03625000 0.00236253 -0.00350621
v 0.04125624 0.00135456 -0.00394895
v 0.03875103 0.00184579 -0.00374461
v 0.03625000 0.00230629 -0.00348034
v 0.03875103 0.00154375 -0.00350179
v 0.04125624 0.00119710 -0.00379990
v 0.03875103 0.00167066 -0.00361679
v 0.03625000 0.00211634 -0.00337578
v 0.03625000 0.00197585 -0.00327780
v 0.03625000 0.00197360 -0.00327597
v 0.03625000 0.00179900 -0.00309768
v 0.03875103 0.00139120 -0.00330070
v 0.03625000 -0.00235539 -0.00221680
v 0.03875103 -0.00261749 -0.00189979
v 0.04125624 -0.00283785 -0.00155147
v 0.04375653 -0.00301240 -0.00117903
v 0.04625000 -0.00317005 -0.00079905
v 0.04625000 0.00006347 -0.00358341
v 0.04375653 0.00050841 -0.00350975
v 0.04125624 0.00094950 -0.00341617
v 0.03875103 0.00137626 -0.00326767
v 0.04625000 0.00002671 -0.00342457
v 0.04375653 0.00045255 -0.00335840
v 0.04625000 -0.00003393 -0.00333548
v 0.04375653 0.00038193 -0.00327849
v 0.04625000 -0.00010710 -0.00328438
v 0.04375653 0.00030374 -0.00323744
v 0.04625000 -0.00019166 -0.00326358
v 0.04375653 0.00021815 -0.00322755
v 0.04125624 0.00087490 -0.00327316
v 0.04125624 0.00079473 -0.00320287
v 0.04125624 0.00071198 -0.00317209
v 0.04125624 0.00062584 -0.00317313
v 0.03875103 0.00128408 -0.00313531
v 0.03875103 0.00119562 -0.00307579
v 0.03875103 0.00110963 -0.00305578
v 0.03875103 0.00102432 -0.00306777
v 0.03625000 0.00177999 -0.00306682
v 0.03625000 0.00167175 -0.00294721
v 0.03625000 0.00157644 -0.00289940
v 0.03625000 0.00148860 -0.00289046
v 0.03625000 0.00140550 -0.00291319
v 0.03625000 -0.00233628 -0.00223693
v 0.03875103 -0.00260109 -0.00192218
v 0.04125624 -0.00282443 -0.00157576
v 0.04375653 -0.00300217 -0.00120484
v 0.04625000 -0.00316308 -0.00082623
v 0.03625000 0.00138045 -0.00292514
v 0.03875103 0.00099796 -0.00307645
v 0.04125624 0.00059859 -0.00317839
v 0.04375653 0.00019045 -0.00322930
v 0.04625000 -0.00021965 -0.00326182
v 0.03875103 -0.00105848 -0.00407252
v 0.03836176 -0.00116043 -0.00425608
v 0.03625000 -0.00069716 -0.00435600
v 0.04125624 -0.00156783 -0.00390483
v 0.04047379 -0.00161037 -0.00410701
v 0.04175000 -0.00187356 -0.00399382
v 0.04175000 -0.00166531 -0.00386426
v 0.04125624 -0.00139630 -0.00376217
v 0.04175000 -0.00149025 -0.00372596
v 0.04175000 -0.00147941 -0.00371636
v 0.04125624 -0.00118616 -0.00352374
v 0.04375025 -0.00184882 -0.00354709
v 0.04375653 -0.00162407 -0.00334540
v 0.04398748 -0.00189138 -0.00352458
v 0.04625000 -0.00205359 -0.00314750
v 0.04625000 -0.00226480 -0.00329707
v 0.04417881 -0.00192503 -0.00350632
v 0.04125624 -0.00111975 -0.00340239
v 0.04375653 -0.00154277 -0.00323343
v 0.04625000 -0.00195785 -0.00304559
v 0.03875103 -0.00090648 -0.00390920
v 0.03875103 -0.00072838 -0.00364598
v 0.03875103 -0.00067793 -0.00351717
v 0.03625000 -0.00053309 -0.00417425
v 0.03625000 -0.00040305 -0.00399295
v 0.03625000 -0.00025977 -0.00370923
v 0.03625000 -0.00022609 -0.00357505
v 0.04375653 -0.00321295 -0.00158497
v 0.04625000 -0.00342273 -0.00118054
v 0.04625000 -0.00338842 -0.00116770
v 0.04125624 -0.00298524 -0.00197949
v 0.04375653 -0.00318086 -0.00156810
v 0.03875103 -0.00270925 -0.00234308
v 0.04125624 -0.00295556 -0.00195869
v 0.03625000 -0.00239015 -0.00266819
v 0.03875103 -0.00268245 -0.00231867
v 0.04625000 -0.00324871 -0.00108365
v 0.04375653 -0.00305418 -0.00146820
v 0.04625000 -0.00318271 -0.00099845
v 0.04375653 -0.00300001 -0.00137635
v 0.04625000 -0.00315673 -0.00091307
v 0.04375653 -0.00298513 -0.00128930
v 0.04125624 -0.00284260 -0.00184354
v 0.04125624 -0.00280053 -0.00174558
v 0.04125624 -0.00279682 -0.00165736
v 0.03875103 -0.00258505 -0.00219009
v 0.03875103 -0.00255578 -0.00208758
v 0.03875103 -0.00256332 -0.00199961
v 0.03625000 -0.00236667 -0.00264057
v 0.03625000 -0.00228637 -0.00250066
v 0.03625000 -0.00227035 -0.00239525
v 0.03625000 -0.00228899 -0.00230894
v 0.03625000 0.00135530 -0.00293688
v 0.03875103 0.00097153 -0.00308490
v 0.04125624 0.00057130 -0.00318341
v 0.04375653 0.00016273 -0.00323082
v 0.04625000 -0.00024763 -0.00325981
v 0.03625000 -0.00004318 -0.00325169
v 0.03625000 0.00004359 -0.00323422
v 0.03875103 -0.00045549 -0.00321966
v 0.03875103 -0.00036721 -0.00321335
v 0.04125624 -0.00086127 -0.00313559
v 0.04125624 -0.00077290 -0.00314055
v 0.04375653 -0.00125247 -0.00300154
v 0.04375653 -0.00116543 -0.00301769
v 0.04625000 -0.00163732 -0.00285001
v 0.04625000 -0.00155211 -0.00287726
v 0.03625000 -0.00011532 -0.00329809
v 0.03875103 -0.00053292 -0.00325653
v 0.04125624 -0.00094276 -0.00316231
v 0.04375653 -0.00133671 -0.00301771
v 0.04625000 -0.00172384 -0.00285551
v 0.03625000 -0.00018186 -0.00338896
v 0.03875103 -0.00061046 -0.00333821
v 0.04125624 -0.00103006 -0.00323347
v 0.04375653 -0.00143235 -0.00307723
v 0.04625000 -0.00182729 -0.00290302
v 0.04175000 -0.00209901 -0.00388007
v 0.04029971 -0.00180741 -0.00402407
v 0.03829762 -0.00138870 -0.00418693
v 0.03625000 -0.00094575 -0.00430887
v 0.04175000 -0.00211885 -0.00362245
v 0.04175000 -0.00211004 -0.00339819
v 0.04385229 -0.00246147 -0.00315285
v 0.04580079 -0.00277089 -0.00288483
v 0.04625000 -0.00283922 -0.00281759
v 0.04375655 -0.00244586 -0.00316487
v 0.04625000 -0.00373978 -0.00141918
v 0.04625000 -0.00352407 -0.00123525
v 0.04432769 -0.00357639 -0.00179149
v 0.04375653 -0.00340468 -0.00174922
v 0.04125624 -0.00333709 -0.00250855
v 0.03963740 -0.00318687 -0.00305035
v 0.04175000 -0.00349571 -0.00269088
v 0.04175000 -0.00340905 -0.00244746
v 0.04175000 -0.00339899 -0.00242404
v 0.04125624 -0.00324399 -0.00231275
v 0.04175000 -0.00330979 -0.00224617
v 0.04125624 -0.00315454 -0.00216670
v 0.04248285 -0.00339118 -0.00212129
v 0.04375674 -0.00352186 -0.00189645
v 0.03875102 -0.00304612 -0.00319092
v 0.03875103 -0.00299095 -0.00291260
v 0.03875103 -0.00292351 -0.00270654
v 0.03875103 -0.00285335 -0.00255031
v 0.03625000 -0.00261656 -0.00355168
v 0.03752453 -0.00284121 -0.00337466
v 0.03625000 -0.00260454 -0.00333038
v 0.03625000 -0.00259732 -0.00326890
v 0.03625000 -0.00255657 -0.00305593
v 0.03625000 -0.00250680 -0.00289204
v 0.03625000 -0.00250575 -0.00288933
v 0.03625000 0.00128313 -0.00298813
v 0.03875103 0.00089345 -0.00312657
v 0.04125624 0.00048855 -0.00321481
v 0.04375653 0.00007665 -0.00325147
v 0.04625000 -0.00033656 -0.00326957
v 0.03625000 0.00123611 -0.00305986
v 0.03875103 0.00083770 -0.00319175
v 0.04125624 0.00042497 -0.00327237
v 0.04375653 0.00000626 -0.00330051
v 0.04625000 -0.00041336 -0.00330979
v 0.03625000 0.00121227 -0.00316994
v 0.03875103 0.00080009 -0.00329790
v 0.04125624 0.00037417 -0.00337288
v 0.04375653 -0.00005690 -0.00339378
v 0.04625000 -0.00048854 -0.00339526
v 0.03625000 0.00124756 -0.00335792
v 0.03875103 0.00081124 -0.00348883
v 0.04125624 0.00036094 -0.00356368
v 0.04375653 -0.00009424 -0.00358139
v 0.04625000 -0.00054984 -0.00357861
v 0.03625000 0.00007134 -0.00323373
v 0.03875103 -0.00033962 -0.00321638
v 0.04125624 -0.00074593 -0.00314707
v 0.04375653 -0.00113949 -0.00302758
v 0.04625000 -0.00152736 -0.00289048
v 0.04375653 -0.00239885 -0.00298280
v 0.04625000 -0.00271697 -0.00256183
v 0.04625000 -0.00264666 -0.00247063
v 0.04375653 -0.00229051 -0.00275477
v 0.04125624 -0.00192202 -0.00302256
v 0.04125624 -0.00200053 -0.00326245
v 0.03625000 -0.00102478 -0.00410181
v 0.04125624 -0.00202827 -0.00364900
v 0.03875103 -0.00154771 -0.00387732
v 0.03625000 -0.00104319 -0.00404271
v 0.03875103 -0.00156937 -0.00349038
v 0.04125624 -0.00202286 -0.00343225
v 0.03875103 -0.00156991 -0.00366165
v 0.03625000 -0.00109258 -0.00383158
v 0.03625000 -0.00111378 -0.00366162
v 0.03625000 -0.00111392 -0.00365872
v 0.03625000 -0.00109826 -0.00340968
v 0.03875103 -0.00152200 -0.00324246
v 0.04175000 -0.00286309 -0.00279334
v 0.04327843 -0.00307086 -0.00256232
v 0.04625000 -0.00341004 -0.00209084
v 0.04587948 -0.00337332 -0.00214959
v 0.04411380 -0.00317688 -0.00243052
v 0.04175000 -0.00287690 -0.00279769
v 0.04175000 -0.00333601 -0.00288649
v 0.04175000 -0.00309307 -0.00285284
v 0.03963868 -0.00300704 -0.00322757
v 0.03625000 -0.00240864 -0.00369584
v 0.03752672 -0.00264361 -0.00353126
v 0.03875103 -0.00285818 -0.00336005
v 0.03875103 0.00068947 -0.00415095
v 0.03836176 0.00067099 -0.00436011
v 0.03625000 0.00113485 -0.00426297
v 0.04125624 0.00015595 -0.00420493
v 0.04047379 0.00019933 -0.00440693
v 0.04175000 -0.00008715 -0.00441058
v 0.04175000 0.00005040 -0.00420752
v 0.04125624 0.00025463 -0.00400484
v 0.04175000 0.00015407 -0.00400997
v 0.04175000 0.00016007 -0.00399680
v 0.04125624 0.00034962 -0.00370155
v 0.04375025 -0.00024625 -0.00399241
v 0.04375653 -0.00012296 -0.00371674
v 0.04398748 -0.00029429 -0.00398916
v 0.04625000 -0.00059584 -0.00371066
v 0.04625000 -0.00072796 -0.00393320
v 0.04417881 -0.00033245 -0.00398616
v 0.03875103 0.00076190 -0.00393993
v 0.03875103 0.00081755 -0.00362703
v 0.03625000 0.00121081 -0.00403019
v 0.03625000 0.00125588 -0.00381168
v 0.03625000 0.00127136 -0.00349421
v 0.03625000 0.00009909 -0.00323300
v 0.03875103 -0.00031201 -0.00321918
v 0.04125624 -0.00071889 -0.00315336
v 0.04375653 -0.00111347 -0.00303724
v 0.04625000 -0.00150251 -0.00290348
v 0.04625000 -0.00262053 -0.00244494
v 0.04375653 -0.00226806 -0.00272630
v 0.04125624 -0.00190337 -0.00299148
v 0.03875103 -0.00150745 -0.00320926
v 0.04625000 -0.00252708 -0.00231133
v 0.04375653 -0.00219296 -0.00258351
v 0.04625000 -0.00250145 -0.00220666
v 0.04375653 -0.00218083 -0.00247757
v 0.04625000 -0.00251244 -0.00211809
v 0.04375653 -0.00220264 -0.00239200
v 0.04625000 -0.00255356 -0.00204133
v 0.04375653 -0.00225257 -0.00232177
v 0.04125624 -0.00184701 -0.00284035
v 0.04125624 -0.00184842 -0.00273374
v 0.04125624 -0.00188091 -0.00265165
v 0.04125624 -0.00193933 -0.00258833
v 0.03875103 -0.00147077 -0.00305219
v 0.03875103 -0.00148573 -0.00294663
v 0.03875103 -0.00152840 -0.00286933
v 0.03875103 -0.00159439 -0.00281396
v 0.03625000 -0.00108804 -0.00337489
v 0.03625000 -0.00107159 -0.00321442
v 0.03625000 -0.00109983 -0.00311160
v 0.03625000 -0.00115196 -0.00304034
v 0.03625000 -0.00122446 -0.00299379
v 0.03875103 -0.00262341 -0.00328991
v 0.04125624 -0.00302052 -0.00292954
v 0.04125624 -0.00280580 -0.00286899
v 0.04125624 -0.00251685 -0.00273664
v 0.04375653 -0.00284435 -0.00239560
v 0.04625000 -0.00315625 -0.00204012
v 0.04125624 -0.00240681 -0.00265279
v 0.04375653 -0.00272455 -0.00232638
v 0.04625000 -0.00302734 -0.00198595
v 0.03625000 -0.00166064 -0.00317401
v 0.03875103 -0.00204988 -0.00293735
v 0.03875103 -0.00214836 -0.00303451
v 0.03875103 -0.00241813 -0.00320253
v 0.03625000 -0.00174600 -0.00328289
v 0.03625000 -0.00199228 -0.00348381
v 0.03625000 -0.00218483 -0.00359654
v 0.04175000 -0.00033937 -0.00439837
v 0.04029971 -0.00001441 -0.00441131
v 0.03829762 0.00043434 -0.00438979
v 0.03625000 0.00088859 -0.00432102
v 0.04175000 -0.00046228 -0.00417109
v 0.04175000 -0.00054545 -0.00396264
v 0.04385229 -0.00096629 -0.00388144
v 0.04580079 -0.00135796 -0.00376244
v 0.04625000 -0.00144774 -0.00372881
v 0.04375655 -0.00094713 -0.00388607
v 0.04375653 -0.00097202 -0.00344825
v 0.04625000 -0.00141295 -0.00333352
v 0.04625000 -0.00139952 -0.00329943
v 0.04125624 -0.00052647 -0.00354301
v 0.04375653 -0.00096309 -0.00341311
v 0.03875103 -0.00007159 -0.00358119
v 0.04125624 -0.00052207 -0.00350703
v 0.03625000 0.00038353 -0.00356160
v 0.03875103 -0.00007180 -0.00354494
v 0.04625000 -0.00136850 -0.00313936
v 0.04375653 -0.00095256 -0.00325212
v 0.04625000 -0.00138766 -0.00303331
v 0.04375653 -0.00098457 -0.00315040
v 0.04625000 -0.00143372 -0.00295687
v 0.04375653 -0.00103930 -0.00308110
v 0.04125624 -0.00053205 -0.00334603
v 0.04125624 -0.00057670 -0.00324922
v 0.04125624 -0.00063977 -0.00318743
v 0.03875103 -0.00010218 -0.00338653
v 0.03875103 -0.00015878 -0.00329618
v 0.03875103 -0.00022920 -0.00324292
v 0.03625000 0.00037872 -0.00352567
v 0.03625000 0.00032847 -0.00337238
v 0.03625000 0.00026086 -0.00328993
v 0.03625000 0.00018425 -0.00324604
v 0.03625000 -0.00125010 -0.00298317
v 0.03875103 -0.00161848 -0.00280017
v 0.04125624 -0.00196147 -0.00257160
v 0.04375653 -0.00227241 -0.00230235
v 0.04625000 -0.00257098 -0.00201935
v 0.03625000 -0.00136203 -0.00295300
v 0.03625000 -0.00127566 -0.00297234
v 0.03875103 -0.00172566 -0.00275604
v 0.03875103 -0.00164245 -0.00278618
v 0.04125624 -0.00206216 -0.00251419
v 0.04125624 -0.00198346 -0.00255467
v 0.04375653 -0.00236502 -0.00223262
v 0.04375653 -0.00229208 -0.00228277
v 0.04625000 -0.00265497 -0.00193766
v 0.04625000 -0.00258821 -0.00199721
v 0.03625000 -0.00144680 -0.00296605
v 0.03875103 -0.00181140 -0.00275823
v 0.04125624 -0.00214748 -0.00250546
v 0.04375653 -0.00244856 -0.00221312
v 0.04625000 -0.00273624 -0.00190749
v 0.03625000 -0.00154455 -0.00302200
v 0.03875103 -0.00191545 -0.00280131
v 0.04125624 -0.00225617 -0.00253496
v 0.04375653 -0.00256014 -0.00222860
v 0.04625000 -0.00285007 -0.00190882
v 0.04375653 -0.00097825 -0.00370062
v 0.04625000 -0.00144009 -0.00344544
v 0.04125624 -0.00050062 -0.00379408
v 0.03625000 0.00073218 -0.00416401
v 0.04125624 -0.00036873 -0.00415849
v 0.03875103 0.00016314 -0.00417162
v 0.03625000 0.00069132 -0.00411750
v 0.03875103 -0.00001402 -0.00382694
v 0.04125624 -0.00045195 -0.00395829
v 0.03875103 0.00005514 -0.00398362
v 0.03625000 0.00056032 -0.00394472
v 0.03625000 0.00047183 -0.00379807
v 0.03625000 0.00047052 -0.00379548
v 0.03625000 0.00396934 -0.00211998
v 0.03625000 0.00433145 -0.00122006
v 0.03625000 0.00044255 -0.00447819
v 0.03625000 0.00139198 -0.00427930
v 0.03625000 0.00305569 -0.00330345
v 0.03625000 0.00369265 -0.00257183
v 0.03625000 0.00234998 0.00383765
v 0.03625000 0.00147294 0.00425211
v 0.03625000 0.00449228 -0.00026344
v 0.03625000 -0.00052745 -0.00446898
v 0.03625000 0.00383765 -0.00234998
v 0.03625000 0.00227673 -0.00388156
v 0.03625000 -0.00139198 0.00427930
v 0.03625000 -0.00227673 0.00388156
v 0.03625000 0.00311783 0.00324487
v 0.03625000 -0.00311783 -0.00324487
v 0.03625000 -0.00234998 -0.00383765
v 0.03625000 0.00374079 0.00250130
v 0.03625000 0.00444437 0.00070542
v 0.03625000 -0.00044255 0.00447819
v 0.03625000 0.00418993 0.00164149
v 0.03625000 -0.00147294 -0.00425211
v 0.03625000 -0.00374079 -0.00250130
v 0.03625000 -0.00418993 -0.00164149
v 0.03625000 0.00052745 0.00446898
v 0.03625000 -0.00444437 -0.00070542
v 0.03625000 -0.00449228 0.00026344
v 0.03625000 -0.00396934 0.00211998
v 0.03625000 -0.00383765 0.00234998
v 0.03625000 -0.00369265 0.00257183
v 0.03625000 -0.00305569 0.00330345
v 0.03625000 -0.00433145 0.00122006
v 0.02625000 0.00366709 -0.00224554
v 0.02645000 0.00383765 -0.00234998
v 0.02645000 0.00369265 -0.00257183
v 0.02625000 0.00352853 -0.00245753
v 0.02645000 0.00305569 -0.00330345
v 0.02625000 0.00291988 -0.00315663
v 0.02645000 0.00227673 -0.00388156
v 0.02625000 0.00217555 -0.00370904
v 0.02645000 0.00139198 -0.00427930
v 0.02625000 0.00133012 -0.00408911
v 0.02645000 0.00044255 -0.00447819
v 0.02625000 0.00042288 -0.00427916
v 0.02645000 -0.00052745 -0.00446898
v 0.02625000 -0.00050401 -0.00427036
v 0.02645000 -0.00147294 -0.00425211
v 0.02625000 -0.00140747 -0.00406313
v 0.02645000 -0.00234998 -0.00383765
v 0.02625000 -0.00224554 -0.00366709
v 0.02645000 -0.00311783 -0.00324487
v 0.02625000 -0.00297926 -0.00310065
v 0.02645000 -0.00374079 -0.00250130
v 0.02625000 -0.00357453 -0.00239013
v 0.02645000 -0.00418993 -0.00164149
v 0.02625000 -0.00400371 -0.00156854
v 0.02645000 -0.00444437 -0.00070542
v 0.02625000 -0.00424684 -0.00067406
v 0.02645000 -0.00449228 0.00026344
v 0.02625000 -0.00429263 0.00025173
v 0.02645000 -0.00433145 0.00122006
v 0.02625000 -0.00413894 0.00116583
v 0.02645000 -0.00396934 0.00211998
v 0.02625000 -0.00379293 0.00202576
v 0.02645000 -0.00383765 0.00234998
v 0.02625000 -0.00366709 0.00224554
v 0.02625000 -0.00251580 0.00154054
v 0.02625000 -0.00282879 0.00083692
v 0.02625000 0.00379293 -0.00202576
v 0.02625000 0.00251580 -0.00154054
v 0.02625000 0.00282879 -0.00083692
v 0.02625000 -0.00259205 -0.00140847
v 0.02625000 -0.00286826 -0.00068961
v 0.02625000 -0.00294901 0.00007625
v 0.02625000 0.00203135 -0.00213919
v 0.02625000 0.00140847 -0.00259205
v 0.02625000 0.00068961 -0.00286826
v 0.02625000 -0.00352853 0.00245753
v 0.02625000 -0.00203135 0.00213919
v 0.02625000 -0.00291988 0.00315663
v 0.02625000 -0.00140847 0.00259205
v 0.02625000 -0.00217555 0.00370904
v 0.02625000 -0.00068961 0.00286826
v 0.02625000 -0.00007625 -0.00294901
v 0.02625000 -0.00083692 -0.00282879
v 0.02625000 -0.00154054 -0.00251580
v 0.02625000 -0.00213919 -0.00203135
v 0.02625000 0.00259205 0.00140847
v 0.02625000 0.00400371 0.00156854
v 0.02625000 0.00286826 0.00068961
v 0.02625000 0.00424684 0.00067406
v 0.02625000 0.00294901 -0.00007625
v 0.02625000 0.00429263 -0.00025173
v 0.02625000 0.00413894 -0.00116583
v 0.02625000 -0.00133012 0.00408911
v 0.02625000 -0.00042288 0.00427916
v 0.02625000 0.00007625 0.00294901
v 0.02625000 0.00050401 0.00427036
v 0.02625000 0.00083692 0.00282879
v 0.02625000 0.00140747 0.00406313
v 0.02625000 0.00154054 0.00251580
v 0.02625000 0.00224554 0.00366709
v 0.02625000 0.00213919 0.00203135
v 0.02625000 0.00297926 0.00310065
v 0.02625000 0.00357453 0.00239013
v 0.04625000 0.00148832 0.00243051
v 0.04625000 0.00206667 0.00196249
v 0.04625000 0.00250418 0.00136073
v 0.04625000 -0.00148832 -0.00243051
v 0.04625000 -0.00206667 -0.00196249
v 0.04625000 0.00066623 -0.00277104
v 0.04625000 -0.00007367 -0.00284905
v 0.04625000 0.00080855 0.00273290
v 0.04625000 -0.00066623 0.00277104
v 0.04625000 0.00196249 -0.00206667
v 0.04625000 0.00136073 -0.00250418
v 0.04625000 0.00277104 0.00066623
v 0.04625000 -0.00136073 0.00250418
v 0.04625000 -0.00273290 0.00080855
v 0.04625000 -0.00243051 0.00148832
v 0.04625000 -0.00080855 -0.00273290
v 0.04625000 0.00273290 -0.00080855
v 0.04625000 0.00284905 -0.00007367
v 0.04625000 0.00007367 0.00284905
v 0.04625000 -0.00196249 0.00206667
v 0.04625000 -0.00284905 0.00007367
v 0.04625000 -0.00277104 -0.00066623
v 0.04625000 0.00243051 -0.00148832
v 0.04625000 -0.00250418 -0.00136073
v 0.02935000 0.00319901 -0.00316486
v 0.02935000 0.00229919 -0.00150871
v 0.02910631 0.00228490 -0.00153067
v 0.02909849 0.00318108 -0.00318288
v 0.02886711 0.00224021 -0.00159499
v 0.02885681 0.00312705 -0.00323598
v 0.02863450 0.00215999 -0.00170205
v 0.02863476 0.00303896 -0.00331884
v 0.02845244 0.00206004 -0.00182175
v 0.02828897 0.00192291 -0.00196583
v 0.02843554 0.00291444 -0.00342871
v 0.02825983 0.00189081 -0.00199672
v 0.02827176 0.00275864 -0.00355527
v 0.02816963 0.00176549 -0.00210843
v 0.02815002 0.00257439 -0.00369087
v 0.02809620 0.00160433 -0.00223338
v 0.02808718 0.00157572 -0.00225362
v 0.02807596 0.00237117 -0.00382460
v 0.02807391 0.00152550 -0.00228790
v 0.02805856 0.00227727 -0.00388124
v 0.02805170 0.00137084 -0.00238393
v 0.02805001 0.00215377 -0.00395111
v 0.02806233 0.00115306 -0.00249644
v 0.02807311 0.00192966 -0.00406527
v 0.02807393 0.00108928 -0.00252490
v 0.02814479 0.00170748 -0.00416347
v 0.02811966 0.00092853 -0.00258845
v 0.02826150 0.00149638 -0.00424392
v 0.02835612 0.00051407 -0.00270146
v 0.02861885 0.00114132 -0.00435286
v 0.02825985 0.00064625 -0.00267294
v 0.02842160 0.00130434 -0.00430682
v 0.02821818 0.00071491 -0.00265539
v 0.02834399 0.00138834 -0.00428048
v 0.02876111 0.00017223 -0.00274464
v 0.02908668 0.00094173 -0.00440036
v 0.02884385 0.00101871 -0.00438318
v 0.02853849 0.00032772 -0.00273052
v 0.02860416 0.00027489 -0.00273627
v 0.02864632 0.00024423 -0.00273916
v 0.02897472 0.00007710 -0.00274905
v 0.02922289 0.00002175 -0.00275004
v 0.02933678 0.00091450 -0.00440610
v 0.02935000 0.00001461 -0.00274996
v 0.02935000 0.00091443 -0.00440611
v 0.02960151 0.00093930 -0.00440088
v 0.02984319 0.00101325 -0.00438444
v 0.02936322 0.00319895 -0.00316492
v 0.02961332 0.00317932 -0.00318464
v 0.03055521 0.00256388 -0.00369818
v 0.03043850 0.00274625 -0.00356484
v 0.03064170 0.00227720 -0.00388129
v 0.03062689 0.00236059 -0.00383114
v 0.03027840 0.00290352 -0.00343796
v 0.03008115 0.00303086 -0.00332624
v 0.02985615 0.00312302 -0.00323987
v 0.03006524 0.00113071 -0.00435563
v 0.03026446 0.00129064 -0.00431095
v 0.03035592 0.00138823 -0.00428052
v 0.03042824 0.00148160 -0.00424910
v 0.03054998 0.00169563 -0.00416831
v 0.03062404 0.00191841 -0.00407059
v 0.03064998 0.00214285 -0.00395704
v 0.02645000 0.00234523 -0.00143610
v 0.02645000 0.00251486 -0.00111264
v 0.02645000 0.00263701 -0.00078018
v 0.02645000 0.00271883 -0.00041288
v 0.02645000 0.00274908 -0.00007108
v 0.02645000 0.00273180 0.00031588
v 0.02645000 0.00267381 0.00064285
v 0.02645000 0.00255286 0.00102244
v 0.02645000 0.00241632 0.00131298
v 0.02645000 0.00219459 0.00165719
v 0.02645000 0.00199416 0.00189363
v 0.02645000 0.00168215 0.00217551
v 0.02645000 0.00143610 0.00234523
v 0.02645000 0.00117308 0.00248724
v 0.02645000 0.00078018 0.00263701
v 0.02645000 0.00047846 0.00270806
v 0.02645000 0.00007108 0.00274908
v 0.02645000 -0.00024977 0.00273863
v 0.02645000 -0.00064285 0.00267381
v 0.02645000 -0.00096046 0.00257682
v 0.02645000 -0.00131298 0.00241632
v 0.02645000 -0.00160367 0.00223399
v 0.02645000 -0.00234523 0.00143610
v 0.02645000 -0.00213423 0.00173423
v 0.02645000 -0.00189363 0.00199416
v 0.04615000 -0.00234523 0.00143610
v 0.04615000 -0.00213423 0.00173423
v 0.04615000 -0.00160367 0.00223399
v 0.04615000 -0.00189363 0.00199416
v 0.04615000 -0.00131298 0.00241632
v 0.04615000 -0.00096046 0.00257682
v 0.04615000 -0.00064285 0.00267381
v 0.04615000 -0.00024977 0.00273863
v 0.04615000 0.00007108 0.00274908
v 0.04615000 0.00047846 0.00270806
v 0.04615000 0.00078018 0.00263701
v 0.04615000 0.00117308 0.00248724
v 0.04615000 0.00143610 0.00234523
v 0.04615000 0.00168215 0.00217551
v 0.04615000 0.00199416 0.00189363
v 0.04615000 0.00219459 0.00165719
v 0.04615000 0.00241632 0.00131298
v 0.04615000 0.00255286 0.00102244
v 0.04615000 0.00267381 0.00064285
v 0.04615000 0.00273180 0.00031588
v 0.04615000 0.00274908 -0.00007108
v 0.04615000 0.00271883 -0.00041288
v 0.04615000 0.00234523 -0.00143610
v 0.04615000 0.00251486 -0.00111264
v 0.04615000 0.00263701 -0.00078018
v 0.02908668 -0.00094173 0.00440036
v 0.02922289 -0.00002175 0.00275004
v 0.02933678 -0.00091450 0.00440610
v 0.02935000 -0.00001461 0.00274996
v 0.02935000 -0.00091443 0.00440611
v 0.02884385 -0.00101871 0.00438318
v 0.02876111 -0.00017223 0.00274464
v 0.02897472 -0.00007710 0.00274905
v 0.02825985 -0.00064625 0.00267294
v 0.02835612 -0.00051407 0.00270146
v 0.02861885 -0.00114132 0.00435286
v 0.02842160 -0.00130434 0.00430682
v 0.02834399 -0.00138834 0.00428048
v 0.02826150 -0.00149638 0.00424392
v 0.02853849 -0.00032772 0.00273052
v 0.02860416 -0.00027489 0.00273627
v 0.02864632 -0.00024423 0.00273916
v 0.02815002 -0.00257439 0.00369087
v 0.02808718 -0.00157572 0.00225362
v 0.02807596 -0.00237117 0.00382460
v 0.02807391 -0.00152550 0.00228790
v 0.02805856 -0.00227727 0.00388124
v 0.02805170 -0.00137084 0.00238393
v 0.02805001 -0.00215377 0.00395111
v 0.02806233 -0.00115306 0.00249644
v 0.02807311 -0.00192966 0.00406527
v 0.02807393 -0.00108928 0.00252490
v 0.02814479 -0.00170748 0.00416347
v 0.02811966 -0.00092853 0.00258845
v 0.02821818 -0.00071491 0.00265539
v 0.02845244 -0.00206004 0.00182175
v 0.02828897 -0.00192291 0.00196583
v 0.02863476 -0.00303896 0.00331884
v 0.02843554 -0.00291444 0.00342871
v 0.02825983 -0.00189081 0.00199672
v 0.02827176 -0.00275864 0.00355527
v 0.02816963 -0.00176549 0.00210843
v 0.02809620 -0.00160433 0.00223338
v 0.02863450 -0.00215999 0.00170205
v 0.02885681 -0.00312705 0.00323598
v 0.02886711 -0.00224021 0.00159499
v 0.02909849 -0.00318108 0.00318288
v 0.02910631 -0.00228490 0.00153067
v 0.02935000 -0.00319901 0.00316486
v 0.02935000 -0.00229919 0.00150871
v 0.02959369 -0.00004082 0.00274992
v 0.02983289 -0.00011909 0.00274743
v 0.03006550 -0.00025257 0.00273839
v 0.03024756 -0.00040739 0.00271967
v 0.03041103 -0.00060288 0.00268302
v 0.03063767 -0.00146698 0.00232588
v 0.03064830 -0.00125409 0.00244737
v 0.03062609 -0.00108936 0.00252487
v 0.03061282 -0.00103326 0.00254835
v 0.03059079 -0.00095888 0.00257733
v 0.03053037 -0.00080819 0.00262854
v 0.03044017 -0.00064627 0.00267290
v 0.03016151 -0.00211250 0.00176082
v 0.03034388 -0.00198671 0.00190135
v 0.03044015 -0.00189085 0.00199672
v 0.03048182 -0.00183877 0.00204478
v 0.03058034 -0.00166636 0.00218757
v 0.03060373 -0.00160454 0.00223322
v 0.03062608 -0.00152557 0.00228785
v 0.02947711 -0.00229538 0.00151474
v 0.02972528 -0.00226442 0.00156064
v 0.04615000 -0.00251486 0.00111264
v 0.02993889 -0.00220896 0.00163805
v 0.03009584 -0.00214607 0.00171963
v 0.02645000 -0.00251486 0.00111264
v 0.04615000 -0.00143610 -0.00234523
v 0.02645000 -0.00143610 -0.00234523
v 0.04615000 -0.00168215 -0.00217551
v 0.02645000 -0.00168215 -0.00217551
v 0.04615000 -0.00199416 -0.00189363
v 0.02645000 -0.00199416 -0.00189363
v 0.04615000 -0.00219459 -0.00165719
v 0.02645000 -0.00219459 -0.00165719
v 0.04615000 -0.00241632 -0.00131298
v 0.02645000 -0.00241632 -0.00131298
v 0.04615000 -0.00255286 -0.00102244
v 0.02645000 -0.00255286 -0.00102244
v 0.04615000 -0.00267381 -0.00064285
v 0.02645000 -0.00267381 -0.00064285
v 0.04615000 -0.00273180 -0.00031588
v 0.02645000 -0.00273180 -0.00031588
v 0.04615000 -0.00274908 0.00007108
v 0.02645000 -0.00274908 0.00007108
v 0.04615000 -0.00271883 0.00041288
v 0.02645000 -0.00271883 0.00041288
v 0.04615000 -0.00263701 0.00078018
v 0.02645000 -0.00263701 0.00078018
v 0.02645000 -0.00369265 0.00257183
v 0.02645000 -0.00305569 0.00330345
v 0.02645000 -0.00227673 0.00388156
v 0.02645000 -0.00139198 0.00427930
v 0.02645000 -0.00044255 0.00447819
v 0.02645000 0.00052745 0.00446898
v 0.02645000 0.00147294 0.00425211
v 0.02645000 0.00234998 0.00383765
v 0.02645000 0.00311783 0.00324487
v 0.02645000 0.00374079 0.00250130
v 0.02645000 0.00418993 0.00164149
v 0.02645000 0.00444437 0.00070542
v 0.02645000 0.00449228 -0.00026344
v 0.02645000 0.00433145 -0.00122006
v 0.02645000 0.00396934 -0.00211998
v 0.02959369 0.00004082 -0.00274992
v 0.02983289 0.00011909 -0.00274743
v 0.03006550 0.00025257 -0.00273839
v 0.03024756 0.00040739 -0.00271967
v 0.03041103 0.00060288 -0.00268302
v 0.03044017 0.00064627 -0.00267290
v 0.03053037 0.00080819 -0.00262854
v 0.03058034 0.00166636 -0.00218757
v 0.03060373 0.00160454 -0.00223322
v 0.03062608 0.00152557 -0.00228785
v 0.03063767 0.00146698 -0.00232588
v 0.03064830 0.00125409 -0.00244737
v 0.03062609 0.00108936 -0.00252487
v 0.03061282 0.00103326 -0.00254835
v 0.03059079 0.00095888 -0.00257733
v 0.03048182 0.00183877 -0.00204478
v 0.03044015 0.00189085 -0.00199672
v 0.03034388 0.00198671 -0.00190135
v 0.03016151 0.00211250 -0.00176082
v 0.03009584 0.00214607 -0.00171963
v 0.02993889 0.00220896 -0.00163805
v 0.02972528 0.00226442 -0.00156064
v 0.02947711 0.00229538 -0.00151474
v 0.02936322 -0.00319895 0.00316492
v 0.02961332 -0.00317932 0.00318464
v 0.03055521 -0.00256388 0.00369818
v 0.03043850 -0.00274625 0.00356484
v 0.03064170 -0.00227720 0.00388129
v 0.03062689 -0.00236059 0.00383114
v 0.03027840 -0.00290352 0.00343796
v 0.03008115 -0.00303086 0.00332624
v 0.02985615 -0.00312302 0.00323987
v 0.03042824 -0.00148160 0.00424910
v 0.03054998 -0.00169563 0.00416831
v 0.03062404 -0.00191841 0.00407059
v 0.03064998 -0.00214285 0.00395704
v 0.02960151 -0.00093930 0.00440088
v 0.02984319 -0.00101325 0.00438444
v 0.03006524 -0.00113071 0.00435563
v 0.03026446 -0.00129064 0.00431095
v 0.03035592 -0.00138823 0.00428052
v 0.02645000 -0.00117308 -0.00248724
v 0.02645000 -0.00078018 -0.00263701
v 0.02645000 -0.00047846 -0.00270806
v 0.02645000 -0.00007108 -0.00274908
v 0.02645000 0.00024977 -0.00273863
v 0.02645000 0.00064285 -0.00267381
v 0.02645000 0.00096046 -0.00257682
v 0.02645000 0.00131298 -0.00241632
v 0.02645000 0.00160367 -0.00223399
v 0.02645000 0.00213423 -0.00173423
v 0.02645000 0.00189363 -0.00199416
v 0.04615000 0.00213423 -0.00173423
v 0.04615000 0.00160367 -0.00223399
v 0.04615000 0.00189363 -0.00199416
v 0.04615000 0.00131298 -0.00241632
v 0.04615000 0.00096046 -0.00257682
v 0.04615000 0.00064285 -0.00267381
v 0.04615000 0.00024977 -0.00273863
v 0.04615000 -0.00007108 -0.00274908
v 0.04615000 -0.00047846 -0.00270806
v 0.04615000 -0.00078018 -0.00263701
v 0.04615000 -0.00117308 -0.00248724
f 1 2 3
f 4 5 6
f 6 5 7
f 6 7 8
f 7 9 8
f 8 9 10
f 8 10 11
f 10 12 11
f 11 12 13
f 11 13 14
f 13 15 14
f 14 15 16
f 14 16 17
f 16 18 17
f 17 18 19
f 17 19 20
f 19 21 20
f 20 21 22
f 20 22 23
f 22 24 23
f 23 24 25
f 23 25 26
f 25 27 26
f 26 27 28
f 26 28 29
f 30 31 32
f 33 34 35
f 35 34 36
f 34 37 36
f 36 37 38
f 36 38 39
f 39 38 40
f 39 40 41
f 41 40 42
f 42 43 41
f 41 43 44
f 41 44 45
f 44 46 45
f 45 46 47
f 45 47 48
f 48 47 49
f 48 49 50
f 49 51 50
f 50 51 52
f 50 52 4
f 4 52 53
f 4 53 5
f 5 53 54
f 5 54 55
f 55 54 56
f 57 58 35
f 35 58 59
f 35 59 33
f 33 59 60
f 33 60 61
f 61 60 62
f 61 62 63
f 63 62 64
f 63 64 65
f 65 64 66
f 65 66 67
f 67 66 68
f 67 68 69
f 69 68 70
f 69 70 71
f 71 70 72
f 71 72 73
f 73 72 74
f 73 74 75
f 75 74 76
f 75 76 77
f 77 76 78
f 77 78 79
f 79 78 80
f 79 80 56
f 56 80 81
f 56 81 55
f 28 82 29
f 29 82 83
f 29 83 32
f 32 83 84
f 32 84 30
f 30 84 85
f 30 85 86
f 85 87 86
f 86 87 88
f 86 88 89
f 88 90 89
f 89 90 91
f 89 91 92
f 91 93 92
f 92 93 94
f 92 94 95
f 94 96 95
f 95 96 97
f 95 97 98
f 98 97 99
f 98 99 100
f 100 99 101
f 100 101 102
f 101 103 102
f 102 103 104
f 102 104 105
f 104 106 105
f 105 106 107
f 105 107 108
f 107 109 108
f 108 109 110
f 108 110 111
f 110 112 111
f 111 112 113
f 111 113 114
f 113 115 114
f 114 115 116
f 114 116 117
f 116 118 117
f 117 118 119
f 117 119 120
f 119 121 120
f 120 121 122
f 120 122 123
f 122 124 123
f 123 124 125
f 123 125 126
f 125 127 126
f 126 127 128
f 126 128 129
f 128 130 129
f 129 130 131
f 129 131 3
f 3 131 132
f 3 132 1
f 1 132 133
f 1 133 57
f 57 133 134
f 57 134 58
f 135 136 137
f 137 136 138
f 137 138 139
f 140 141 135
f 135 141 142
f 135 142 136
f 143 144 145
f 145 144 146
f 145 146 147
f 147 146 148
f 147 148 149
f 150 151 152
f 140 151 141
f 141 151 150
f 141 150 153
f 153 150 154
f 153 154 155
f 155 154 156
f 155 156 157
f 157 156 158
f 157 158 159
f 159 158 160
f 159 160 161
f 161 160 162
f 161 162 143
f 143 162 163
f 143 163 144
f 164 165 166
f 166 165 167
f 166 167 168
f 168 167 169
f 168 169 170
f 152 151 171
f 171 151 172
f 171 172 166
f 166 172 173
f 166 173 164
f 173 174 164
f 164 174 175
f 164 175 176
f 176 175 177
f 176 177 178
f 178 177 179
f 178 179 180
f 180 179 181
f 180 181 182
f 182 181 139
f 182 139 149
f 149 139 138
f 149 138 147
f 169 183 170
f 170 183 184
f 170 184 185
f 185 184 186
f 185 186 187
f 187 186 188
f 187 188 189
f 189 188 190
f 152 191 150
f 150 191 192
f 150 192 193
f 193 192 194
f 193 194 195
f 195 194 190
f 195 190 196
f 196 190 188
f 197 198 199
f 200 201 202
f 203 204 205
f 205 204 206
f 207 208 31
f 31 208 209
f 31 209 205
f 205 209 210
f 205 210 203
f 211 212 213
f 213 212 214
f 213 214 215
f 215 214 201
f 215 201 206
f 211 216 212
f 212 216 217
f 212 217 218
f 218 217 219
f 218 219 208
f 208 219 220
f 208 220 209
f 206 201 205
f 205 201 200
f 205 200 221
f 222 223 224
f 224 223 225
f 226 227 228
f 228 227 229
f 228 229 225
f 225 229 230
f 225 230 224
f 222 231 223
f 223 231 232
f 223 232 233
f 233 232 234
f 233 234 201
f 201 234 235
f 201 235 202
f 202 235 236
f 202 236 228
f 228 236 237
f 228 237 226
f 225 238 228
f 228 238 197
f 228 197 239
f 239 197 199
f 239 199 240
f 241 242 243
f 242 244 243
f 243 244 245
f 243 245 199
f 199 245 246
f 246 247 199
f 199 247 248
f 199 248 240
f 240 248 249
f 240 249 250
f 250 249 251
f 251 252 250
f 250 252 253
f 250 253 254
f 254 253 255
f 256 3 2
f 255 241 254
f 254 241 243
f 254 243 2
f 2 243 257
f 2 257 256
f 258 259 260
f 123 126 261
f 256 258 3
f 3 258 260
f 3 260 129
f 129 260 262
f 129 262 126
f 126 262 263
f 126 263 261
f 261 264 123
f 123 264 265
f 123 265 266
f 259 258 267
f 267 258 268
f 267 268 269
f 269 268 270
f 269 270 271
f 117 120 272
f 272 120 123
f 272 123 273
f 273 123 266
f 273 266 270
f 270 266 274
f 270 274 271
f 108 275 105
f 105 275 276
f 105 276 102
f 277 278 102
f 279 280 281
f 281 280 277
f 282 111 272
f 272 111 114
f 272 114 117
f 276 283 102
f 102 283 284
f 102 284 277
f 277 284 285
f 277 285 281
f 279 286 280
f 280 286 287
f 280 287 282
f 282 287 288
f 282 288 111
f 111 288 289
f 111 289 108
f 108 289 290
f 108 290 275
f 291 292 293
f 278 291 102
f 102 291 293
f 102 293 100
f 100 293 98
f 294 295 92
f 296 297 298
f 297 299 298
f 298 299 300
f 298 300 293
f 300 301 293
f 293 301 302
f 293 302 98
f 98 302 294
f 98 294 95
f 95 294 92
f 295 303 92
f 92 303 304
f 92 304 89
f 304 305 89
f 89 305 306
f 89 306 86
f 86 306 296
f 86 296 30
f 30 296 298
f 30 298 31
f 31 298 307
f 31 307 207
f 292 308 293
f 293 308 309
f 293 309 298
f 298 309 310
f 298 310 307
f 198 311 199
f 199 311 312
f 199 312 243
f 243 312 313
f 243 313 257
f 314 315 316
f 225 317 238
f 238 317 318
f 238 318 197
f 197 318 319
f 197 319 198
f 198 319 320
f 198 320 311
f 311 320 321
f 311 321 312
f 312 321 322
f 312 322 313
f 322 314 313
f 313 314 316
f 313 316 257
f 257 316 323
f 257 323 256
f 256 323 324
f 256 324 258
f 258 324 325
f 258 325 268
f 268 325 326
f 268 326 270
f 270 326 327
f 270 327 273
f 273 327 328
f 273 328 272
f 272 328 329
f 272 329 282
f 282 329 330
f 282 330 280
f 280 330 331
f 280 331 277
f 277 331 332
f 277 332 278
f 278 332 333
f 278 333 291
f 291 333 334
f 291 334 292
f 292 334 335
f 292 335 308
f 308 335 336
f 308 336 309
f 309 336 337
f 309 337 310
f 310 337 338
f 310 338 307
f 307 338 339
f 307 339 207
f 207 339 340
f 207 340 208
f 208 340 341
f 208 341 218
f 218 341 342
f 218 342 212
f 212 342 343
f 212 343 214
f 214 343 344
f 214 344 201
f 201 344 345
f 201 345 233
f 233 345 346
f 233 346 223
f 223 346 347
f 223 347 225
f 225 347 348
f 225 348 317
f 317 348 349
f 350 351 352
f 318 317 353
f 354 355 356
f 356 355 357
f 356 357 358
f 350 352 353
f 319 359 320
f 320 359 360
f 320 360 321
f 354 314 355
f 355 314 322
f 355 322 361
f 361 322 321
f 361 321 362
f 362 321 360
f 318 353 319
f 352 363 353
f 353 363 364
f 353 364 319
f 319 364 365
f 319 365 359
f 366 53 367
f 367 53 368
f 367 368 369
f 366 370 53
f 53 370 371
f 53 371 54
f 372 373 374
f 374 373 351
f 374 351 375
f 369 376 367
f 367 376 377
f 367 377 378
f 378 377 372
f 378 372 379
f 379 372 374
f 351 350 375
f 375 350 353
f 375 353 380
f 380 353 317
f 380 317 349
f 381 382 383
f 315 314 354
f 315 354 384
f 384 354 356
f 384 356 385
f 383 382 386
f 385 356 383
f 383 356 358
f 383 358 381
f 387 388 389
f 389 388 390
f 389 390 382
f 382 390 391
f 382 391 386
f 392 33 389
f 389 33 393
f 389 393 387
f 392 394 33
f 33 394 395
f 33 395 34
f 396 397 398
f 399 400 401
f 401 400 402
f 396 398 403
f 404 405 406
f 406 405 407
f 406 407 402
f 402 407 408
f 402 408 401
f 398 409 403
f 403 409 410
f 403 410 411
f 411 410 412
f 411 412 413
f 399 414 400
f 400 414 415
f 400 415 416
f 417 418 419
f 419 418 420
f 421 422 396
f 396 422 423
f 396 423 397
f 424 425 426
f 426 425 427
f 426 427 421
f 421 427 428
f 421 428 422
f 415 429 416
f 416 429 430
f 416 430 431
f 432 433 434
f 417 435 418
f 418 435 436
f 418 436 433
f 433 436 437
f 433 437 434
f 438 439 440
f 440 439 441
f 440 441 420
f 420 441 442
f 420 442 419
f 438 440 443
f 443 440 444
f 443 444 445
f 446 447 448
f 430 449 431
f 431 449 450
f 431 450 451
f 451 450 452
f 451 452 453
f 434 454 432
f 432 454 455
f 432 455 406
f 406 455 456
f 406 456 404
f 457 458 444
f 444 458 459
f 444 459 445
f 446 448 460
f 461 462 463
f 453 464 451
f 451 464 465
f 451 465 462
f 462 465 466
f 462 466 463
f 467 468 469
f 469 468 470
f 469 470 457
f 457 470 471
f 457 471 458
f 472 473 474
f 424 426 475
f 475 426 476
f 475 476 477
f 463 478 461
f 461 478 479
f 461 479 476
f 476 479 480
f 476 480 477
f 448 481 460
f 460 481 482
f 460 482 469
f 469 482 483
f 469 483 467
f 472 484 473
f 473 484 485
f 473 485 446
f 446 485 486
f 446 486 447
f 413 487 411
f 411 487 488
f 411 488 474
f 474 488 489
f 474 489 472
f 490 491 327
f 385 383 492
f 349 324 323
f 342 341 493
f 327 491 328
f 380 494 375
f 375 494 495
f 375 495 374
f 385 492 384
f 384 492 496
f 384 496 315
f 315 496 497
f 315 497 498
f 498 499 315
f 315 499 349
f 315 349 316
f 316 349 323
f 499 500 349
f 349 500 501
f 349 501 380
f 380 501 502
f 380 502 494
f 493 341 503
f 503 341 340
f 503 340 504
f 504 340 339
f 504 339 505
f 505 339 338
f 505 338 506
f 507 508 324
f 332 509 333
f 333 509 510
f 333 510 334
f 334 510 511
f 334 511 335
f 335 511 512
f 335 512 513
f 514 515 516
f 338 337 506
f 506 337 336
f 506 336 517
f 517 336 335
f 517 335 518
f 518 335 513
f 518 513 519
f 519 513 520
f 519 520 521
f 522 523 524
f 522 525 523
f 523 525 348
f 523 348 526
f 526 348 347
f 526 347 527
f 527 347 346
f 527 346 528
f 528 346 345
f 528 345 529
f 529 345 344
f 529 344 530
f 530 344 343
f 530 343 531
f 531 343 342
f 531 342 532
f 532 342 493
f 491 533 328
f 328 533 534
f 328 534 535
f 521 536 519
f 519 536 537
f 519 537 538
f 538 537 539
f 538 539 515
f 515 539 540
f 540 541 515
f 515 541 542
f 515 542 543
f 349 544 545
f 546 547 515
f 515 547 548
f 515 548 516
f 535 546 328
f 328 546 515
f 328 515 549
f 549 515 543
f 525 550 348
f 348 550 551
f 348 551 349
f 349 551 552
f 349 552 544
f 545 553 349
f 349 553 554
f 349 554 324
f 324 554 555
f 324 555 507
f 508 556 324
f 324 556 557
f 324 557 325
f 325 557 490
f 325 490 326
f 326 490 327
f 524 558 522
f 522 558 559
f 522 559 560
f 560 559 561
f 560 561 516
f 516 561 562
f 516 562 514
f 549 563 328
f 328 563 564
f 328 564 565
f 565 566 328
f 328 566 567
f 328 567 329
f 329 567 568
f 329 568 330
f 330 568 569
f 330 569 331
f 331 569 570
f 331 570 332
f 332 570 571
f 332 571 509
f 406 154 432
f 432 154 150
f 432 150 433
f 433 150 193
f 433 193 418
f 418 193 195
f 418 195 420
f 420 195 196
f 420 196 440
f 440 196 188
f 440 188 444
f 444 188 186
f 444 186 457
f 457 186 184
f 457 184 469
f 469 184 183
f 469 183 460
f 460 183 169
f 460 169 446
f 446 169 167
f 446 167 473
f 473 167 165
f 473 165 474
f 474 165 164
f 474 164 411
f 411 164 176
f 411 176 403
f 403 176 178
f 403 178 396
f 396 178 180
f 396 180 421
f 421 180 182
f 421 182 426
f 426 182 149
f 426 149 476
f 476 149 148
f 476 148 461
f 461 148 146
f 461 146 462
f 462 146 144
f 462 144 451
f 451 144 163
f 451 163 431
f 431 163 162
f 431 162 416
f 416 162 160
f 416 160 400
f 400 160 158
f 400 158 402
f 402 158 156
f 402 156 406
f 406 156 154
f 572 573 574
f 575 573 572
f 572 576 577
f 578 576 572
f 574 578 572
f 572 579 580
f 581 579 572
f 577 581 572
f 572 582 583
f 584 582 572
f 580 584 572
f 583 575 572
f 575 264 573
f 573 264 261
f 573 261 574
f 574 261 263
f 574 263 578
f 578 263 262
f 578 262 576
f 576 262 260
f 576 260 577
f 577 260 259
f 577 259 581
f 581 259 267
f 581 267 579
f 579 267 269
f 579 269 580
f 580 269 271
f 580 271 584
f 584 271 274
f 584 274 582
f 582 274 266
f 582 266 583
f 583 266 265
f 583 265 575
f 575 265 264
f 585 586 587
f 588 586 585
f 585 589 590
f 591 589 585
f 587 591 585
f 585 592 593
f 594 592 585
f 590 594 585
f 585 595 596
f 597 595 585
f 593 597 585
f 596 588 585
f 588 289 586
f 586 289 288
f 586 288 587
f 587 288 287
f 587 287 591
f 591 287 286
f 591 286 589
f 589 286 279
f 589 279 590
f 590 279 281
f 590 281 594
f 594 281 285
f 594 285 592
f 592 285 284
f 592 284 593
f 593 284 283
f 593 283 597
f 597 283 276
f 597 276 595
f 595 276 275
f 595 275 596
f 596 275 290
f 596 290 588
f 588 290 289
f 598 599 600
f 601 599 598
f 598 602 603
f 604 602 598
f 600 604 598
f 598 605 606
f 607 605 598
f 603 607 598
f 598 608 609
f 610 608 598
f 606 610 598
f 609 601 598
f 601 294 599
f 599 294 302
f 599 302 600
f 600 302 301
f 600 301 604
f 604 301 300
f 604 300 602
f 602 300 299
f 602 299 603
f 603 299 297
f 603 297 607
f 607 297 296
f 607 296 605
f 605 296 306
f 605 306 606
f 606 306 305
f 606 305 610
f 610 305 304
f 610 304 608
f 608 304 303
f 608 303 609
f 609 303 295
f 609 295 601
f 601 295 294
f 611 612 613
f 614 612 611
f 611 615 616
f 617 615 611
f 613 617 611
f 611 618 619
f 620 618 611
f 616 620 611
f 611 621 622
f 623 621 611
f 619 623 611
f 622 614 611
f 614 230 612
f 612 230 229
f 612 229 613
f 613 229 227
f 613 227 617
f 617 227 226
f 617 226 615
f 615 226 237
f 615 237 616
f 616 237 236
f 616 236 620
f 620 236 235
f 620 235 618
f 618 235 234
f 618 234 619
f 619 234 232
f 619 232 623
f 623 232 231
f 623 231 621
f 621 231 222
f 621 222 622
f 622 222 224
f 622 224 614
f 614 224 230
f 624 625 626
f 627 625 624
f 624 628 629
f 630 628 624
f 626 630 624
f 624 631 632
f 633 631 624
f 629 633 624
f 624 634 635
f 636 634 624
f 632 636 624
f 635 627 624
f 627 219 625
f 625 219 217
f 625 217 626
f 626 217 216
f 626 216 630
f 630 216 211
f 630 211 628
f 628 211 213
f 628 213 629
f 629 213 215
f 629 215 633
f 633 215 206
f 633 206 631
f 631 206 204
f 631 204 632
f 632 204 203
f 632 203 636
f 636 203 210
f 636 210 634
f 634 210 209
f 634 209 635
f 635 209 220
f 635 220 627
f 627 220 219
f 637 638 639
f 640 638 637
f 637 641 642
f 643 641 637
f 639 643 637
f 637 644 645
f 646 644 637
f 642 646 637
f 637 647 648
f 649 647 637
f 645 649 637
f 648 640 637
f 640 241 638
f 638 241 255
f 638 255 639
f 639 255 253
f 639 253 643
f 643 253 252
f 643 252 641
f 641 252 251
f 641 251 642
f 642 251 249
f 642 249 646
f 646 249 248
f 646 248 644
f 644 248 247
f 644 247 645
f 645 247 246
f 645 246 649
f 649 246 245
f 649 245 647
f 647 245 244
f 647 244 648
f 648 244 242
f 648 242 640
f 640 242 241
f 650 155 157
f 650 651 155
f 155 651 652
f 155 652 153
f 652 653 153
f 153 653 654
f 153 654 141
f 654 655 141
f 141 655 656
f 141 656 142
f 656 657 142
f 142 657 658
f 142 658 136
f 658 659 136
f 136 659 660
f 136 660 138
f 660 661 138
f 138 661 662
f 138 662 147
f 662 663 147
f 147 663 664
f 147 664 145
f 664 665 145
f 145 665 666
f 145 666 143
f 666 667 143
f 143 667 668
f 143 668 161
f 668 669 161
f 161 669 670
f 161 670 159
f 670 671 159
f 159 671 672
f 159 672 157
f 157 672 673
f 157 673 650
f 650 568 651
f 651 568 567
f 651 567 652
f 652 567 566
f 652 566 653
f 653 566 565
f 653 565 654
f 654 565 564
f 654 564 655
f 655 564 563
f 655 563 656
f 656 563 549
f 656 549 657
f 657 549 543
f 657 543 658
f 658 543 542
f 658 542 659
f 659 542 541
f 659 541 660
f 660 541 540
f 660 540 661
f 661 540 539
f 661 539 662
f 662 539 537
f 662 537 663
f 663 537 536
f 663 536 664
f 664 536 521
f 664 521 665
f 665 521 520
f 665 520 666
f 666 520 513
f 666 513 667
f 667 513 512
f 667 512 668
f 668 512 511
f 668 511 669
f 669 511 510
f 669 510 670
f 670 510 509
f 670 509 671
f 671 509 571
f 671 571 672
f 672 571 570
f 672 570 673
f 673 570 569
f 673 569 650
f 650 569 568
f 674 190 194
f 674 675 190
f 190 675 676
f 190 676 189
f 676 677 189
f 189 677 678
f 189 678 187
f 678 679 187
f 187 679 680
f 187 680 185
f 680 681 185
f 185 681 682
f 185 682 170
f 682 683 170
f 170 683 684
f 170 684 168
f 684 685 168
f 168 685 686
f 168 686 166
f 686 687 166
f 166 687 688
f 166 688 171
f 688 689 171
f 171 689 690
f 171 690 152
f 690 691 152
f 152 691 692
f 152 692 191
f 692 693 191
f 191 693 694
f 191 694 192
f 694 695 192
f 192 695 696
f 192 696 194
f 194 696 697
f 194 697 674
f 674 490 675
f 675 490 557
f 675 557 676
f 676 557 556
f 676 556 677
f 677 556 508
f 677 508 678
f 678 508 507
f 678 507 679
f 679 507 555
f 679 555 680
f 680 555 554
f 680 554 681
f 681 554 553
f 681 553 682
f 682 553 545
f 682 545 683
f 683 545 544
f 683 544 684
f 684 544 552
f 684 552 685
f 685 552 551
f 685 551 686
f 686 551 550
f 686 550 687
f 687 550 525
f 687 525 688
f 688 525 522
f 688 522 689
f 689 522 560
f 689 560 690
f 690 560 516
f 690 516 691
f 691 516 548
f 691 548 692
f 692 548 547
f 692 547 693
f 693 547 546
f 693 546 694
f 694 546 535
f 694 535 695
f 695 535 534
f 695 534 696
f 696 534 533
f 696 533 697
f 697 533 491
f 697 491 674
f 674 491 490
f 698 151 140
f 698 699 151
f 151 699 700
f 151 700 172
f 700 701 172
f 172 701 702
f 172 702 173
f 702 703 173
f 173 703 704
f 173 704 174
f 704 705 174
f 174 705 706
f 174 706 175
f 706 707 175
f 175 707 708
f 175 708 177
f 708 709 177
f 177 709 710
f 177 710 179
f 710 711 179
f 179 711 712
f 179 712 181
f 712 713 181
f 181 713 714
f 181 714 139
f 714 715 139
f 139 715 716
f 139 716 137
f 716 717 137
f 137 717 718
f 137 718 135
f 718 719 135
f 135 719 720
f 135 720 140
f 140 720 721
f 140 721 698
f 698 515 699
f 699 515 514
f 699 514 700
f 700 514 562
f 700 562 701
f 701 562 561
f 701 561 702
f 702 561 559
f 702 559 703
f 703 559 558
f 703 558 704
f 704 558 524
f 704 524 705
f 705 524 523
f 705 523 706
f 706 523 526
f 706 526 707
f 707 526 527
f 707 527 708
f 708 527 528
f 708 528 709
f 709 528 529
f 709 529 710
f 710 529 530
f 710 530 711
f 711 530 531
f 711 531 712
f 712 531 532
f 712 532 713
f 713 532 493
f 713 493 714
f 714 493 503
f 714 503 715
f 715 503 504
f 715 504 716
f 716 504 505
f 716 505 717
f 717 505 506
f 717 506 718
f 718 506 517
f 718 517 719
f 719 517 518
f 719 518 720
f 720 518 519
f 720 519 721
f 721 519 538
f 721 538 698
f 698 538 515
f 413 722 487
f 487 722 723
f 487 723 488
f 488 723 724
f 488 724 489
f 489 724 725
f 489 725 472
f 472 725 726
f 472 726 484
f 484 726 727
f 484 727 485
f 485 727 728
f 485 728 486
f 486 728 729
f 486 729 447
f 447 729 730
f 447 730 448
f 448 730 731
f 448 731 481
f 481 731 732
f 481 732 482
f 482 732 733
f 482 733 483
f 483 733 734
f 483 734 467
f 467 734 735
f 467 735 468
f 468 735 736
f 468 736 470
f 470 736 737
f 470 737 471
f 471 737 738
f 471 738 458
f 458 738 739
f 458 739 459
f 459 739 740
f 459 740 445
f 445 740 741
f 445 741 443
f 443 741 742
f 443 742 438
f 438 742 743
f 438 743 439
f 439 743 744
f 439 744 441
f 441 744 745
f 441 745 442
f 442 745 746
f 442 746 419
f 419 746 747
f 419 747 417
f 417 747 748
f 417 748 435
f 435 748 749
f 435 749 436
f 436 749 750
f 436 750 437
f 437 750 751
f 437 751 434
f 434 751 752
f 434 752 454
f 454 752 753
f 454 753 455
f 455 753 754
f 455 754 456
f 456 754 755
f 456 755 404
f 404 755 756
f 404 756 405
f 405 756 757
f 405 757 407
f 407 757 758
f 407 758 408
f 408 758 759
f 408 759 401
f 401 759 760
f 401 760 399
f 399 760 761
f 399 761 414
f 414 761 762
f 414 762 415
f 415 762 763
f 415 763 429
f 429 763 764
f 429 764 430
f 430 764 765
f 430 765 449
f 449 765 766
f 449 766 450
f 450 766 767
f 450 767 452
f 452 767 768
f 452 768 453
f 453 768 769
f 453 769 464
f 464 769 770
f 464 770 465
f 465 770 771
f 465 771 466
f 466 771 772
f 466 772 463
f 463 772 773
f 463 773 478
f 478 773 774
f 478 774 479
f 479 774 775
f 479 775 480
f 480 775 776
f 480 776 477
f 477 776 777
f 477 777 475
f 475 777 778
f 475 778 424
f 424 778 779
f 424 779 425
f 425 779 780
f 425 780 427
f 427 780 781
f 427 781 428
f 428 781 782
f 428 782 422
f 422 782 783
f 422 783 423
f 423 783 784
f 423 784 397
f 397 784 785
f 397 785 398
f 398 785 786
f 398 786 409
f 409 786 787
f 409 787 410
f 410 787 788
f 410 788 412
f 412 788 789
f 412 789 413
f 413 789 722
f 789 790 722
f 722 790 791
f 722 791 723
f 723 791 792
f 723 792 724
f 724 792 793
f 724 793 725
f 725 793 794
f 725 794 726
f 726 794 795
f 726 795 727
f 727 795 796
f 727 796 728
f 728 796 797
f 728 797 729
f 729 797 798
f 729 798 730
f 730 798 799
f 730 799 731
f 731 799 800
f 731 800 732
f 732 800 801
f 732 801 733
f 733 801 802
f 733 802 734
f 734 802 803
f 734 803 735
f 735 803 804
f 735 804 736
f 736 804 805
f 736 805 737
f 737 805 806
f 737 806 738
f 738 806 807
f 738 807 739
f 739 807 808
f 739 808 740
f 740 808 809
f 740 809 741
f 741 809 810
f 741 810 742
f 742 810 811
f 742 811 743
f 743 811 812
f 743 812 744
f 744 812 813
f 744 813 745
f 745 813 814
f 745 814 746
f 746 814 815
f 746 815 747
f 747 815 816
f 747 816 748
f 748 816 817
f 748 817 749
f 749 817 818
f 749 818 750
f 750 818 819
f 750 819 751
f 751 819 820
f 751 820 752
f 752 820 821
f 752 821 753
f 753 821 822
f 753 822 754
f 754 822 823
f 754 823 755
f 755 823 824
f 755 824 756
f 756 824 825
f 756 825 757
f 757 825 826
f 757 826 758
f 758 826 827
f 758 827 759
f 759 827 828
f 759 828 760
f 760 828 829
f 760 829 761
f 761 829 830
f 761 830 762
f 762 830 831
f 762 831 763
f 763 831 832
f 763 832 764
f 764 832 833
f 764 833 765
f 765 833 834
f 765 834 766
f 766 834 835
f 766 835 767
f 767 835 836
f 767 836 768
f 768 836 837
f 768 837 769
f 769 837 838
f 769 838 770
f 770 838 839
f 770 839 771
f 771 839 840
f 771 840 772
f 772 840 841
f 772 841 773
f 773 841 842
f 773 842 774
f 774 842 843
f 774 843 775
f 775 843 844
f 775 844 776
f 776 844 845
f 776 845 777
f 777 845 846
f 777 846 778
f 778 846 847
f 778 847 779
f 779 847 848
f 779 848 780
f 780 848 849
f 780 849 781
f 781 849 850
f 781 850 782
f 782 850 851
f 782 851 783
f 783 851 852
f 783 852 784
f 784 852 853
f 784 853 785
f 785 853 854
f 785 854 786
f 786 854 855
f 786 855 787
f 787 855 856
f 787 856 788
f 788 856 857
f 788 857 789
f 789 857 790
f 857 13 790
f 790 13 12
f 790 12 791
f 791 12 10
f 791 10 792
f 792 10 9
f 792 9 793
f 793 9 7
f 793 7 794
f 794 7 5
f 794 5 795
f 795 5 55
f 795 55 796
f 796 55 81
f 796 81 797
f 797 81 80
f 797 80 798
f 798 80 78
f 798 78 799
f 799 78 76
f 799 76 800
f 800 76 74
f 800 74 801
f 801 74 72
f 801 72 802
f 802 72 70
f 802 70 803
f 803 70 68
f 803 68 804
f 804 68 66
f 804 66 805
f 805 66 64
f 805 64 806
f 806 64 62
f 806 62 807
f 807 62 60
f 807 60 808
f 808 60 59
f 808 59 809
f 809 59 58
f 809 58 810
f 810 58 134
f 810 134 811
f 811 134 133
f 811 133 812
f 812 133 132
f 812 132 813
f 813 132 131
f 813 131 814
f 814 131 130
f 814 130 815
f 815 130 128
f 815 128 816
f 816 128 127
f 816 127 817
f 817 127 125
f 817 125 818
f 818 125 124
f 818 124 819
f 819 124 122
f 819 122 820
f 820 122 121
f 820 121 821
f 821 121 119
f 821 119 822
f 822 119 118
f 822 118 823
f 823 118 116
f 823 116 824
f 824 116 115
f 824 115 825
f 825 115 113
f 825 113 826
f 826 113 112
f 826 112 827
f 827 112 110
f 827 110 828
f 828 110 109
f 828 109 829
f 829 109 107
f 829 107 830
f 830 107 106
f 830 106 831
f 831 106 104
f 831 104 832
f 832 104 103
f 832 103 833
f 833 103 101
f 833 101 834
f 834 101 99
f 834 99 835
f 835 99 97
f 835 97 836
f 836 97 96
f 836 96 837
f 837 96 94
f 837 94 838
f 838 94 93
f 838 93 839
f 839 93 91
f 839 91 840
f 840 91 90
f 840 90 841
f 841 90 88
f 841 88 842
f 842 88 87
f 842 87 843
f 843 87 85
f 843 85 844
f 844 85 84
f 844 84 845
f 845 84 83
f 845 83 846
f 846 83 82
f 846 82 847
f 847 82 28
f 847 28 848
f 848 28 27
f 848 27 849
f 849 27 25
f 849 25 850
f 850 25 24
f 850 24 851
f 851 24 22
f 851 22 852
f 852 22 21
f 852 21 853
f 853 21 19
f 853 19 854
f 854 19 18
f 854 18 855
f 855 18 16
f 855 16 856
f 856 16 15
f 856 15 857
f 857 15 13
f 358 858 381
f 858 358 859
f 860 389 382
f 34 395 37
f 37 395 394
f 37 394 392
f 376 369 52
f 52 369 368
f 52 368 53
f 373 372 861
f 861 372 377
f 861 377 376
f 352 351 373
f 373 862 352
f 352 862 863
f 352 863 363
f 363 863 864
f 363 864 364
f 364 864 865
f 364 865 365
f 365 865 866
f 365 866 359
f 359 866 867
f 359 867 360
f 360 867 868
f 360 868 362
f 362 868 869
f 362 869 361
f 361 869 870
f 361 870 355
f 355 870 859
f 355 859 357
f 357 859 358
f 373 861 862
f 862 861 871
f 862 871 863
f 863 871 872
f 863 872 864
f 864 872 873
f 864 873 865
f 865 873 874
f 865 874 866
f 866 874 875
f 866 875 867
f 867 875 876
f 867 876 868
f 868 876 877
f 868 877 869
f 869 877 878
f 869 878 870
f 870 878 879
f 870 879 859
f 859 879 860
f 859 860 858
f 858 860 382
f 858 382 381
f 376 52 861
f 861 52 51
f 861 51 871
f 871 51 49
f 871 49 872
f 872 49 47
f 872 47 873
f 873 47 46
f 873 46 874
f 874 46 44
f 874 44 875
f 875 44 43
f 875 43 876
f 876 43 42
f 876 42 877
f 877 42 40
f 877 40 878
f 878 40 38
f 878 38 879
f 879 38 37
f 879 37 860
f 860 37 392
f 860 392 389
f 390 388 880
f 33 61 393
f 393 61 387
f 378 379 881
f 881 379 374
f 366 367 882
f 882 367 378
f 54 371 56
f 56 371 370
f 56 370 366
f 366 882 56
f 56 882 883
f 56 883 79
f 79 883 884
f 79 884 77
f 77 884 885
f 77 885 75
f 75 885 886
f 75 886 73
f 73 886 887
f 73 887 71
f 71 887 888
f 71 888 69
f 69 888 889
f 69 889 67
f 67 889 890
f 67 890 65
f 65 890 891
f 65 891 63
f 63 891 880
f 63 880 61
f 61 880 388
f 61 388 387
f 378 881 882
f 882 881 892
f 882 892 883
f 883 892 893
f 883 893 884
f 884 893 894
f 884 894 885
f 885 894 895
f 885 895 886
f 886 895 896
f 886 896 887
f 887 896 897
f 887 897 888
f 888 897 898
f 888 898 889
f 889 898 899
f 889 899 890
f 890 899 900
f 890 900 891
f 891 900 901
f 891 901 880
f 374 495 881
f 881 495 494
f 881 494 892
f 892 494 502
f 892 502 893
f 893 502 501
f 893 501 894
f 894 501 500
f 894 500 895
f 895 500 499
f 895 499 896
f 896 499 498
f 896 498 897
f 897 498 497
f 897 497 898
f 898 497 496
f 898 496 899
f 899 496 492
f 899 492 900
f 900 492 383
f 900 383 901
f 901 383 386
f 901 386 880
f 880 386 391
f 880 391 390
f 6 202 228
f 202 6 200
f 200 6 902
f 200 902 221
f 250 903 240
f 240 903 6
f 240 6 239
f 239 6 228
f 11 902 8
f 8 902 6
f 902 20 23
f 11 14 902
f 902 14 17
f 902 17 20
f 23 26 902
f 902 26 29
f 902 29 32
f 221 902 205
f 205 902 32
f 205 32 31
f 2 1 254
f 254 1 903
f 254 903 250
f 35 903 57
f 57 903 1
f 35 36 903
f 903 36 39
f 903 39 41
f 6 903 4
f 4 903 50
f 41 45 903
f 903 45 48
f 903 48 50
f 904 905 906
f 906 905 907
f 908 909 910
f 910 909 911
f 904 906 912
f 912 906 913
f 913 914 915
f 916 912 917
f 917 912 913
f 917 913 918
f 918 913 915
f 916 919 912
f 912 919 920
f 912 920 921
f 922 923 924
f 924 923 912
f 924 912 925
f 925 912 921
f 905 909 907
f 907 909 908
f 926 927 928
f 910 911 928
f 928 911 929
f 930 931 929
f 929 931 932
f 929 932 933
f 934 935 929
f 929 935 936
f 929 936 930
f 933 937 929
f 929 937 938
f 929 938 928
f 928 938 939
f 928 939 926
f 940 905 904
f 940 904 941
f 941 904 912
f 905 940 909
f 909 940 942
f 909 942 911
f 941 912 943
f 943 912 923
f 911 942 929
f 929 942 944
f 943 923 945
f 943 945 946
f 946 945 947
f 946 947 948
f 948 947 949
f 948 949 950
f 950 949 951
f 950 951 952
f 952 951 953
f 952 953 954
f 954 953 955
f 954 955 956
f 929 944 934
f 934 944 957
f 956 955 958
f 958 955 959
f 958 959 960
f 958 960 961
f 961 960 962
f 961 962 963
f 963 962 964
f 963 964 965
f 965 964 966
f 965 966 967
f 967 966 968
f 967 968 969
f 969 968 934
f 969 934 957
f 970 971 972
f 972 971 973
f 972 973 974
f 974 973 975
f 974 975 976
f 976 975 977
f 976 977 978
f 978 977 979
f 978 979 980
f 980 979 981
f 980 981 982
f 982 981 983
f 982 983 984
f 984 983 985
f 984 985 986
f 986 985 987
f 971 988 989
f 990 991 992
f 991 993 994
f 993 995 996
f 915 997 918
f 918 997 998
f 918 998 917
f 917 998 999
f 917 999 916
f 916 999 1000
f 916 1000 919
f 919 1000 1001
f 919 1001 920
f 920 1001 996
f 920 996 921
f 921 996 995
f 921 995 925
f 925 995 1002
f 925 1002 924
f 993 996 994
f 994 996 1001
f 994 1001 1003
f 1003 1001 1000
f 1003 1000 1004
f 1004 1000 999
f 1004 999 1005
f 1005 999 998
f 1005 998 1006
f 1006 998 997
f 1006 997 1007
f 991 994 992
f 992 994 1003
f 992 1003 1008
f 1008 1003 1004
f 1008 1004 1009
f 1009 1004 1005
f 1009 1005 1010
f 1010 1005 1006
f 1010 1006 1011
f 1011 1006 1007
f 1011 1007 1012
f 990 992 1013
f 1013 992 1008
f 1013 1008 1014
f 1014 1008 1009
f 1014 1009 1015
f 1015 1009 1010
f 1015 1010 1016
f 1016 1010 1011
f 1016 1011 1017
f 1017 1011 1012
f 1017 1012 1018
f 988 1019 990
f 990 1019 1020
f 990 1020 991
f 991 1020 1021
f 991 1021 993
f 993 1021 1022
f 993 1022 995
f 995 1022 1023
f 995 1023 1002
f 915 1024 997
f 997 1024 1025
f 997 1025 1007
f 1007 1025 1026
f 1007 1026 1012
f 1012 1026 1027
f 1012 1027 1018
f 1018 1027 1028
f 1018 1028 1029
f 988 990 989
f 989 990 1013
f 989 1013 1030
f 1030 1013 1014
f 1030 1014 1031
f 1031 1014 1015
f 1031 1015 1032
f 1032 1015 1016
f 1032 1016 1033
f 1033 1016 1017
f 1033 1017 1034
f 1034 1017 1018
f 1034 1018 1035
f 1035 1018 1029
f 1035 1029 1036
f 971 989 973
f 973 989 1030
f 973 1030 975
f 975 1030 1031
f 975 1031 977
f 977 1031 1032
f 977 1032 979
f 979 1032 1033
f 979 1033 981
f 981 1033 1034
f 981 1034 983
f 983 1034 1035
f 983 1035 985
f 985 1035 1036
f 985 1036 987
f 1037 1038 1039
f 1040 1041 1042
f 1041 1043 1044
f 1045 1046 1047
f 1048 1049 1050
f 1049 970 972
f 1049 972 1050
f 1050 972 974
f 1050 974 1051
f 1051 974 976
f 1051 976 1052
f 1052 976 978
f 1052 978 1053
f 1053 978 980
f 1053 980 1054
f 1054 980 982
f 1054 982 1055
f 1055 982 984
f 1055 984 1056
f 1056 984 986
f 1056 986 1057
f 1043 1058 1059
f 1059 1058 1048
f 1048 1050 1059
f 1059 1050 1051
f 1059 1051 1060
f 1060 1051 1052
f 1060 1052 1061
f 1061 1052 1053
f 1061 1053 1062
f 1062 1053 1054
f 1062 1054 1063
f 1063 1054 1055
f 1063 1055 1064
f 1064 1055 1056
f 1064 1056 1047
f 1047 1056 1057
f 1047 1057 1045
f 1043 1059 1044
f 1044 1059 1060
f 1044 1060 1065
f 1065 1060 1061
f 1065 1061 1066
f 1066 1061 1062
f 1066 1062 1067
f 1067 1062 1063
f 1067 1063 1068
f 1068 1063 1064
f 1068 1064 1069
f 1069 1064 1047
f 1069 1047 1070
f 1070 1047 1046
f 1070 1046 1071
f 1041 1044 1042
f 1042 1044 1065
f 1042 1065 1072
f 1072 1065 1066
f 1072 1066 1073
f 1073 1066 1067
f 1073 1067 1074
f 1074 1067 1068
f 1074 1068 1075
f 1075 1068 1069
f 1075 1069 1076
f 1076 1069 1070
f 1076 1070 1077
f 1077 1070 1071
f 1077 1071 1078
f 936 1079 1080
f 1080 1079 1040
f 1040 1042 1080
f 1080 1042 1072
f 1080 1072 1081
f 1081 1072 1073
f 1081 1073 1082
f 1082 1073 1074
f 1082 1074 1083
f 1083 1074 1075
f 1083 1075 1084
f 1084 1075 1076
f 1084 1076 1085
f 1085 1076 1077
f 1085 1077 1039
f 1039 1077 1078
f 1039 1078 1037
f 936 1080 930
f 930 1080 1081
f 930 1081 931
f 931 1081 1082
f 931 1082 932
f 932 1082 1083
f 932 1083 933
f 933 1083 1084
f 933 1084 937
f 937 1084 1085
f 937 1085 938
f 938 1085 1039
f 938 1039 939
f 939 1039 1038
f 939 1038 926
f 971 1086 988
f 988 1086 1087
f 988 1087 1019
f 1019 1087 1088
f 1019 1088 1020
f 1020 1088 1089
f 1020 1089 1021
f 1021 1089 1090
f 1021 1090 1022
f 1022 1090 1091
f 1022 1091 1023
f 1023 1091 1092
f 1023 1092 1002
f 1002 1092 1093
f 1002 1093 924
f 924 1093 922
f 987 1036 1094
f 1094 1036 1095
f 1036 1029 1095
f 1095 1029 1028
f 1095 1028 1096
f 1028 1027 1096
f 1096 1027 1026
f 1096 1026 1097
f 915 914 1024
f 1024 914 1097
f 1024 1097 1025
f 1025 1097 1026
f 986 1098 1057
f 1057 1098 1099
f 1057 1099 1045
f 1045 1099 1046
f 1046 1099 1100
f 1046 1100 1071
f 1071 1100 1078
f 1078 1100 1101
f 1078 1101 1037
f 1037 1101 1038
f 1038 1101 927
f 1038 927 926
f 936 935 1079
f 1079 935 1102
f 1079 1102 1040
f 1040 1102 1103
f 1040 1103 1041
f 1041 1103 1104
f 1041 1104 1043
f 1043 1104 1105
f 1043 1105 1058
f 1058 1105 1106
f 1058 1106 1048
f 1048 1106 1107
f 1048 1107 1049
f 1049 1107 1108
f 1049 1108 970
f 970 1108 1109
f 1110 1111 1112
f 1113 1114 1115
f 1116 1117 1118
f 1119 1120 1121
f 1122 1123 1124
f 1086 1125 1087
f 1087 1125 1126
f 1087 1126 1088
f 1088 1126 1127
f 1124 1128 1122
f 1122 1128 1129
f 1122 1129 1130
f 1130 1129 1131
f 1130 1131 1132
f 1132 1131 1133
f 1132 1133 1134
f 1121 1092 1135
f 1135 1092 1091
f 1135 1091 1136
f 1136 1091 1090
f 1136 1090 1127
f 1127 1090 1089
f 1127 1089 1088
f 1120 922 1121
f 1121 922 1093
f 1121 1093 1092
f 1117 1119 1118
f 1118 1119 1121
f 1118 1121 1137
f 1137 1121 1135
f 1137 1135 1138
f 1138 1135 1136
f 1138 1136 1139
f 1139 1136 1127
f 1139 1127 1140
f 1140 1127 1126
f 1140 1126 1141
f 1141 1126 1125
f 1142 1116 1143
f 1143 1116 1118
f 1143 1118 1144
f 1144 1118 1137
f 1144 1137 1145
f 1145 1137 1138
f 1145 1138 1146
f 1146 1138 1139
f 1146 1139 1147
f 1147 1139 1140
f 1147 1140 1148
f 1148 1140 1141
f 1148 1149 1147
f 1147 1149 1150
f 1147 1150 1146
f 1146 1150 1151
f 1146 1151 1145
f 1145 1151 1152
f 1145 1152 1144
f 1144 1152 1153
f 1144 1153 1143
f 1143 1153 1154
f 1143 1154 1142
f 1142 1154 1155
f 1149 1156 1150
f 1150 1156 1157
f 1150 1157 1151
f 1151 1157 1158
f 1151 1158 1152
f 1152 1158 1159
f 1152 1159 1153
f 1153 1159 1160
f 1153 1160 1154
f 1154 1160 1115
f 1154 1115 1155
f 1155 1115 1114
f 1111 1113 1112
f 1112 1113 1115
f 1112 1115 1161
f 1161 1115 1160
f 1161 1160 1162
f 1162 1160 1159
f 1162 1159 1163
f 1163 1159 1158
f 1163 1158 1164
f 1164 1158 1157
f 1164 1157 1165
f 1165 1157 1156
f 1166 1110 1167
f 1167 1110 1112
f 1167 1112 1134
f 1134 1112 1161
f 1134 1161 1132
f 1132 1161 1162
f 1132 1162 1130
f 1130 1162 1163
f 1130 1163 1122
f 1122 1163 1164
f 1122 1164 1123
f 1123 1164 1165
f 1133 1168 1134
f 1134 1168 1169
f 1134 1169 1167
f 1167 1169 1170
f 1167 1170 1166
f 1166 1170 1171
f 1172 1173 1174
f 1175 1176 1177
f 1178 1179 1180
f 1181 1182 1183
f 1184 1185 1109
f 1186 1187 1188
f 1188 1187 1189
f 1188 1189 1190
f 1190 1189 1191
f 1109 1108 1184
f 1184 1108 1107
f 1184 1107 1192
f 1192 1107 1106
f 1192 1106 1193
f 1193 1106 1105
f 1193 1105 1194
f 1183 1195 1196
f 1196 1195 1197
f 1196 1197 1198
f 1198 1197 1199
f 1198 1199 1191
f 1191 1199 1200
f 1191 1200 1190
f 1182 1201 1183
f 1183 1201 1202
f 1183 1202 1195
f 1179 1181 1180
f 1180 1181 1183
f 1180 1183 1203
f 1203 1183 1196
f 1203 1196 1204
f 1204 1196 1198
f 1204 1198 1205
f 1205 1198 1191
f 1205 1191 1206
f 1206 1191 1189
f 1206 1189 1207
f 1207 1189 1187
f 1208 1178 1209
f 1209 1178 1180
f 1209 1180 1210
f 1210 1180 1203
f 1210 1203 1211
f 1211 1203 1204
f 1211 1204 1212
f 1212 1204 1205
f 1212 1205 1213
f 1213 1205 1206
f 1213 1206 1214
f 1214 1206 1207
f 1214 1215 1213
f 1213 1215 1216
f 1213 1216 1212
f 1212 1216 1217
f 1212 1217 1211
f 1211 1217 1218
f 1211 1218 1210
f 1210 1218 1219
f 1210 1219 1209
f 1209 1219 1220
f 1209 1220 1208
f 1208 1220 1221
f 1215 1222 1216
f 1216 1222 1223
f 1216 1223 1217
f 1217 1223 1224
f 1217 1224 1218
f 1218 1224 1225
f 1218 1225 1219
f 1219 1225 1226
f 1219 1226 1220
f 1220 1226 1177
f 1220 1177 1221
f 1221 1177 1176
f 1173 1175 1174
f 1174 1175 1177
f 1174 1177 1227
f 1227 1177 1226
f 1227 1226 1228
f 1228 1226 1225
f 1228 1225 1229
f 1229 1225 1224
f 1229 1224 1230
f 1230 1224 1223
f 1230 1223 1231
f 1231 1223 1222
f 1232 1172 1233
f 1233 1172 1174
f 1233 1174 1194
f 1194 1174 1227
f 1194 1227 1193
f 1193 1227 1228
f 1193 1228 1192
f 1192 1228 1229
f 1192 1229 1184
f 1184 1229 1230
f 1184 1230 1185
f 1185 1230 1231
f 1105 1104 1194
f 1194 1104 1103
f 1194 1103 1233
f 1233 1103 1102
f 1233 1102 1232
f 1232 1102 935
f 1124 1186 1128
f 1128 1186 1188
f 1128 1188 1129
f 1129 1188 1190
f 1129 1190 1131
f 1131 1190 1200
f 1131 1200 1133
f 1133 1200 1199
f 1133 1199 1168
f 1168 1199 1197
f 1168 1197 1169
f 1169 1197 1195
f 1169 1195 1170
f 1170 1195 1202
f 1170 1202 1171
f 1171 1202 1201
f 1201 1182 959
f 959 1182 960
f 1182 1181 960
f 960 1181 1179
f 960 1179 962
f 1179 1178 962
f 962 1178 1208
f 962 1208 964
f 1208 1221 964
f 964 1221 1176
f 964 1176 966
f 1176 1175 966
f 966 1175 1173
f 966 1173 968
f 935 934 1232
f 1232 934 968
f 1232 968 1172
f 1172 968 1173
f 1171 955 1166
f 1166 955 953
f 1166 953 1110
f 1110 953 1111
f 1111 953 951
f 1111 951 1113
f 1113 951 1114
f 1114 951 949
f 1114 949 1155
f 1155 949 1142
f 1142 949 947
f 1142 947 1116
f 1116 947 1117
f 1117 947 945
f 1117 945 1119
f 1119 945 1120
f 1120 945 923
f 1120 923 922
f 1234 1235 1236
f 1236 1235 1237
f 1236 1237 1238
f 1238 1237 1239
f 1238 1239 1240
f 1240 1239 1241
f 1240 1241 1242
f 1242 1241 1243
f 1242 1243 1244
f 1244 1243 1245
f 1244 1245 1246
f 1246 1245 1247
f 1246 1247 1248
f 1248 1247 1249
f 1248 1249 1250
f 1250 1249 1251
f 1250 1251 1252
f 1252 1251 1253
f 1252 1253 1254
f 1254 1253 1255
f 1254 1255 1256
f 1256 1255 1257
f 1256 1257 1234
f 1234 1257 1258
f 1234 1258 1235
f 1247 1259 1249
f 1249 1259 1260
f 1249 1260 1251
f 1251 1260 1261
f 1251 1261 1253
f 1253 1261 1262
f 1253 1262 1255
f 1255 1262 1263
f 1255 1263 1257
f 1257 1263 1264
f 1257 1264 1258
f 1258 1264 1265
f 1258 1265 1235
f 1235 1265 1266
f 1235 1266 1237
f 1237 1266 1267
f 1237 1267 1239
f 1239 1267 1268
f 1239 1268 1241
f 1241 1268 1269
f 1241 1269 1243
f 1243 1269 1270
f 1243 1270 1245
f 1245 1270 1271
f 1245 1271 1247
f 1247 1271 1259
f 1272 1273 1274
f 1274 1273 1275
f 1274 1275 1276
f 1276 1275 1277
f 1276 1277 1278
f 1278 1277 1279
f 1278 1279 1280
f 1280 1279 1281
f 1280 1281 1282
f 1282 1281 1283
f 1282 1283 1284
f 1284 1283 1285
f 1284 1285 1286
f 1286 1285 1287
f 1286 1287 1288
f 1288 1287 1289
f 1288 1289 1290
f 1290 1289 1291
f 1290 1291 1292
f 1292 1291 1293
f 1292 1293 1294
f 1294 1293 1295
f 1294 1295 1296
f 1296 1295 1297
f 1296 1297 1272
f 1272 1297 1273
f 1298 1286 1299
f 1299 1286 1288
f 1299 1288 1300
f 1300 1288 1290
f 1300 1290 1301
f 1301 1290 1292
f 1301 1292 1302
f 1302 1292 1294
f 1302 1294 1303
f 1303 1294 1296
f 1303 1296 1304
f 1304 1296 1272
f 1304 1272 1305
f 1305 1272 1274
f 1305 1274 1306
f 1306 1274 1276
f 1306 1276 1307
f 1307 1276 1278
f 1307 1278 1308
f 1308 1278 1280
f 1308 1280 1309
f 1309 1280 1282
f 1309 1282 1298
f 1298 1282 1284
f 1298 1284 1286
f 955 1171 959
f 959 1171 1201
f 941 944 940
f 940 944 942
f 986 987 1098
f 1098 987 1094
f 1297 970 1273
f 1273 970 1109
f 1273 1109 1275
f 1275 1109 1277
f 1297 1295 970
f 970 1295 1293
f 970 1293 1291
f 1287 1260 1289
f 1289 1260 1259
f 1289 1259 1291
f 1291 1259 1271
f 1291 1271 970
f 970 1271 1270
f 970 1270 971
f 971 1270 1269
f 971 1269 1268
f 1268 1267 971
f 971 1267 1266
f 971 1266 1086
f 1285 1262 1287
f 1287 1262 1261
f 1287 1261 1260
f 1231 1222 1279
f 1266 1265 1086
f 1086 1265 1264
f 1086 1264 1125
f 1125 1264 1263
f 1125 1263 1141
f 1141 1263 1148
f 1277 1109 1279
f 1279 1109 1185
f 1279 1185 1231
f 1207 1187 1279
f 1279 1187 1186
f 1279 1186 1281
f 1281 1186 1124
f 1281 1124 1283
f 1165 1156 1263
f 1263 1156 1149
f 1263 1149 1148
f 1222 1215 1279
f 1279 1215 1214
f 1279 1214 1207
f 1285 1283 1262
f 1262 1283 1124
f 1262 1124 1263
f 1263 1124 1123
f 1263 1123 1165
f 941 1310 1311
f 1312 1313 943
f 943 1313 1314
f 943 1314 941
f 941 1314 1315
f 941 1315 1310
f 1316 1317 1311
f 1311 1317 1318
f 1311 1318 941
f 941 1318 1319
f 941 1319 944
f 944 1319 1320
f 944 1320 1321
f 1321 1322 944
f 944 1322 1323
f 944 1323 957
f 957 1323 1324
f 957 1324 969
f 969 1324 1325
f 961 963 1326
f 1326 963 965
f 1326 965 1325
f 1325 965 967
f 1325 967 969
f 1316 1327 1317
f 1317 1327 1328
f 1317 1328 1329
f 1329 1328 1330
f 1329 1330 1331
f 1331 1330 956
f 1331 956 1326
f 1326 956 958
f 1326 958 961
f 1330 1332 956
f 956 1332 1333
f 956 1333 954
f 954 1333 952
f 943 946 1312
f 1312 946 948
f 1312 948 1333
f 1333 948 950
f 1333 950 952
f 1298 1317 1309
f 1309 1317 1329
f 1309 1329 1308
f 1308 1329 1331
f 1308 1331 1307
f 1307 1331 1326
f 1307 1326 1306
f 1306 1326 1325
f 1306 1325 1305
f 1305 1325 1324
f 1305 1324 1304
f 1304 1324 1323
f 1304 1323 1303
f 1303 1323 1322
f 1303 1322 1302
f 1302 1322 1321
f 1302 1321 1301
f 1301 1321 1320
f 1301 1320 1300
f 1300 1320 1319
f 1300 1319 1299
f 1299 1319 1318
f 1299 1318 1298
f 1298 1318 1317
f 1234 1314 1256
f 1256 1314 1313
f 1256 1313 1254
f 1254 1313 1312
f 1254 1312 1252
f 1252 1312 1333
f 1252 1333 1250
f 1250 1333 1332
f 1250 1332 1248
f 1248 1332 1330
f 1248 1330 1246
f 1246 1330 1328
f 1246 1328 1244
f 1244 1328 1327
f 1244 1327 1242
f 1242 1327 1316
f 1242 1316 1240
f 1240 1316 1311
f 1240 1311 1238
f 1238 1311 1310
f 1238 1310 1236
f 1236 1310 1315
f 1236 1315 1234
f 1234 1315 1314
f 907 908 906
f 906 908 910
f 906 910 913
f 913 910 928
f 928 1098 913
f 913 1098 1094
f 913 1094 914
f 1095 1096 1094
f 1094 1096 1097
f 1094 1097 914
f 1100 1099 1101
f 1101 1099 1098
f 1101 1098 927
f 927 1098 928
f 1334 1335 1336
f 1336 1335 1337
f 1336 1337 1338
f 1338 1337 1339
f 1338 1339 1340
f 1340 1339 1341
f 1340 1341 1342
f 1342 1341 1343
f 1342 1343 1344
f 1344 1343 1345
f 1344 1345 1346
f 1346 1345 1347
f 1346 1347 1348
f 1348 1347 1349
f 1348 1349 1350
f 1350 1349 1351
f 1350 1351 1352
f 1352 1351 1353
f 1352 1353 1354
f 1354 1353 1355
f 1354 1355 1356
f 1356 1355 1357
f 1358 1354 1359
f 1359 1354 1356
f 1359 1356 1360
f 1360 1356 1361
f 1360 1361 1362
f 1362 1361 1363
f 1362 1363 1364
f 1364 1363 1365
f 1364 1365 1366
f 1366 1365 1367
f 1366 1367 1368
f 1368 1367 1369
f 1368 1369 1370
f 1370 1369 1371
f 1370 1371 1372
f 1372 1371 1373
f 1372 1373 1374
f 1374 1373 1375
f 1374 1375 1376
f 1376 1375 1377
f 1376 1377 1378
f 1378 1377 1379
f 1378 1379 1380
f 1380 1379 1334
f 1380 1334 1381
f 1381 1334 1336
f 1381 1336 1382
f 1382 1336 1338
f 1382 1338 1383
f 1383 1338 1340
f 1383 1340 1384
f 1384 1340 1342
f 1384 1342 1385
f 1385 1342 1344
f 1385 1344 1386
f 1386 1344 1346
f 1386 1346 1387
f 1387 1346 1348
f 1387 1348 1388
f 1388 1348 1350
f 1388 1350 1389
f 1389 1350 1352
f 1389 1352 1358
f 1358 1352 1354
f 1335 1390 1337
f 1337 1390 1391
f 1337 1391 1339
f 1339 1391 1392
f 1339 1392 1341
f 1341 1392 1393
f 1341 1393 1343
f 1343 1393 1394
f 1343 1394 1345
f 1345 1394 1395
f 1345 1395 1347
f 1347 1395 1396
f 1347 1396 1349
f 1349 1396 1397
f 1349 1397 1351
f 1351 1397 1398
f 1351 1398 1353
f 1353 1398 1399
f 1353 1399 1355
f 1355 1399 1400
f 1355 1400 1357
f 1357 1400 1401
f 1402 1380 1403
f 1403 1380 1381
f 1403 1381 1404
f 1404 1381 1382
f 1404 1382 1405
f 1405 1382 1383
f 1405 1383 1406
f 1406 1383 1384
f 1406 1384 1407
f 1407 1384 1385
f 1407 1385 1408
f 1408 1385 1386
f 1408 1386 1409
f 1409 1386 1387
f 1409 1387 1410
f 1410 1387 1388
f 1410 1388 1411
f 1411 1388 1389
f 1411 1389 1412
f 1412 1389 1358
f 1412 1358 1413
f 1413 1358 1359
f 1414 1415 1416
f 1414 1416 1390
f 1417 1418 1419
f 1419 1418 1420
f 1419 1420 1415
f 1420 1421 1415
f 1415 1421 1422
f 1415 1422 1416
f 1416 1422 1423
f 1416 1423 1424
f 1425 1426 1427
f 1428 1429 1430
f 1430 1429 1431
f 1430 1431 1432
f 1432 1431 1433
f 1432 1433 1434
f 1434 1433 1435
f 1434 1435 1436
f 1436 1435 1437
f 1436 1437 1417
f 1417 1437 1438
f 1417 1438 1418
f 1439 1440 1393
f 1416 1441 1390
f 1390 1441 1442
f 1390 1442 1391
f 1391 1442 1443
f 1391 1443 1392
f 1392 1443 1425
f 1392 1425 1393
f 1393 1425 1427
f 1393 1427 1439
f 1398 1444 1399
f 1399 1444 1445
f 1399 1445 1400
f 1400 1445 1446
f 1400 1446 1401
f 1401 1446 1447
f 1401 1447 1448
f 1448 1447 1449
f 1448 1449 1428
f 1428 1449 1450
f 1428 1450 1429
f 1440 1451 1393
f 1393 1451 1452
f 1393 1452 1394
f 1394 1452 1453
f 1394 1453 1395
f 1395 1453 1454
f 1395 1454 1396
f 1396 1454 1455
f 1396 1455 1397
f 1397 1455 1456
f 1397 1456 1398
f 1398 1456 1457
f 1398 1457 1444
f 1407 1458 1406
f 1406 1458 1459
f 1406 1459 1405
f 1405 1459 1460
f 1405 1460 1404
f 1404 1460 1461
f 1404 1461 1403
f 1403 1461 1462
f 1403 1462 1402
f 1402 1462 1463
f 1402 1463 1464
f 1464 1463 1465
f 1464 1465 1466
f 1466 1465 1467
f 1466 1467 1468
f 1468 1467 1469
f 1468 1469 1470
f 1470 1469 1471
f 1470 1471 1472
f 1472 1471 1473
f 1472 1473 1474
f 1474 1473 1475
f 1474 1475 1476
f 1476 1475 1477
f 1476 1477 1478
f 1478 1477 1479
f 1478 1479 1480
f 1480 1479 1481
f 1480 1481 1482
f 1482 1481 1483
f 1482 1483 1413
f 1413 1483 1484
f 1413 1484 1412
f 1412 1484 1485
f 1412 1485 1411
f 1411 1485 1486
f 1411 1486 1410
f 1410 1486 1487
f 1410 1487 1409
f 1409 1487 1488
f 1409 1488 1408
f 1408 1488 1489
f 1408 1489 1407
f 1407 1489 1458
f 1427 1426 1490
f 1490 1491 1427
f 1427 1491 1492
f 1427 1492 1439
f 1439 1492 1493
f 1439 1493 1440
f 1440 1493 1494
f 1440 1494 1451
f 1451 1494 1495
f 1451 1495 1452
f 1452 1495 1496
f 1452 1496 1453
f 1453 1496 1497
f 1453 1497 1454
f 1454 1497 1498
f 1454 1498 1455
f 1455 1498 1499
f 1455 1499 1456
f 1456 1499 1500
f 1456 1500 1457
f 1457 1500 1501
f 1457 1501 1444
f 1444 1501 1502
f 1444 1502 1445
f 1445 1502 1503
f 1445 1503 1446
f 1446 1503 1504
f 1446 1504 1447
f 1505 1506 1507
f 1507 1506 1508
f 1507 1508 1424
f 1424 1508 1509
f 1510 1442 1511
f 1511 1442 1441
f 1511 1441 1509
f 1509 1441 1416
f 1509 1416 1424
f 1512 1513 1484
f 1484 1513 1485
f 1514 1486 1515
f 1515 1486 1485
f 1515 1485 1516
f 1516 1485 1513
f 1514 1517 1486
f 1486 1517 1518
f 1486 1518 1487
f 1519 1488 1520
f 1520 1488 1487
f 1520 1487 1521
f 1521 1487 1518
f 1519 1522 1488
f 1488 1522 1523
f 1488 1523 1489
f 1524 1458 1525
f 1525 1458 1489
f 1525 1489 1526
f 1526 1489 1523
f 1524 1527 1458
f 1458 1527 1528
f 1458 1528 1459
f 1529 1460 1530
f 1530 1460 1459
f 1530 1459 1531
f 1531 1459 1528
f 1529 1532 1460
f 1460 1532 1533
f 1460 1533 1461
f 1533 1534 1461
f 1461 1534 1535
f 1461 1535 1462
f 1536 1463 1537
f 1537 1463 1462
f 1537 1462 1538
f 1538 1462 1535
f 1491 1539 1540
f 1491 1540 1492
f 1492 1540 1541
f 1492 1541 1493
f 1493 1541 1542
f 1493 1542 1494
f 1494 1542 1543
f 1494 1543 1495
f 1495 1543 1544
f 1495 1544 1496
f 1496 1544 1545
f 1496 1545 1497
f 1497 1545 1546
f 1497 1546 1498
f 1498 1546 1547
f 1498 1547 1499
f 1499 1547 1548
f 1499 1548 1500
f 1500 1548 1549
f 1500 1549 1501
f 1501 1549 1550
f 1501 1550 1502
f 1502 1550 1551
f 1502 1551 1503
f 1503 1551 1552
f 1503 1552 1504
f 1553 1554 1555
f 1556 1557 1558
f 1558 1557 1559
f 1558 1559 1554
f 1560 1561 1562
f 1557 1563 1559
f 1559 1563 1564
f 1559 1564 1565
f 1565 1564 1566
f 1565 1566 1562
f 1562 1566 1567
f 1562 1567 1560
f 1568 1569 1570
f 1560 1571 1561
f 1561 1571 1572
f 1561 1572 1573
f 1573 1572 1574
f 1573 1574 1570
f 1570 1574 1575
f 1570 1575 1568
f 1568 1576 1569
f 1569 1576 1536
f 1569 1536 1577
f 1577 1536 1537
f 1577 1537 1578
f 1578 1537 1538
f 1578 1538 1579
f 1579 1538 1535
f 1579 1535 1580
f 1580 1535 1534
f 1534 1533 1580
f 1580 1533 1532
f 1580 1532 1581
f 1581 1532 1529
f 1581 1529 1582
f 1582 1529 1530
f 1582 1530 1583
f 1583 1530 1531
f 1525 1584 1524
f 1524 1584 1585
f 1524 1585 1527
f 1527 1585 1583
f 1527 1583 1528
f 1528 1583 1531
f 1554 1559 1555
f 1555 1559 1565
f 1555 1565 1586
f 1586 1565 1562
f 1586 1562 1587
f 1587 1562 1561
f 1587 1561 1588
f 1588 1561 1573
f 1588 1573 1589
f 1589 1573 1570
f 1589 1570 1590
f 1590 1570 1569
f 1590 1569 1591
f 1591 1569 1577
f 1591 1577 1592
f 1592 1577 1578
f 1592 1578 1593
f 1593 1578 1579
f 1593 1579 1594
f 1594 1579 1580
f 1594 1580 1595
f 1595 1580 1581
f 1595 1581 1596
f 1596 1581 1582
f 1596 1582 1597
f 1597 1582 1583
f 1597 1583 1598
f 1598 1583 1585
f 1598 1585 1599
f 1599 1585 1584
f 1599 1584 1600
f 1553 1555 1601
f 1601 1555 1586
f 1601 1586 1602
f 1602 1586 1587
f 1602 1587 1603
f 1603 1587 1588
f 1603 1588 1604
f 1604 1588 1589
f 1604 1589 1605
f 1605 1589 1590
f 1605 1590 1606
f 1606 1590 1591
f 1606 1591 1607
f 1607 1591 1592
f 1607 1592 1608
f 1608 1592 1593
f 1608 1593 1609
f 1609 1593 1594
f 1609 1594 1610
f 1610 1594 1595
f 1610 1595 1611
f 1611 1595 1596
f 1611 1596 1612
f 1612 1596 1597
f 1612 1597 1613
f 1613 1597 1598
f 1613 1598 1614
f 1614 1598 1599
f 1614 1599 1615
f 1615 1599 1600
f 1615 1600 1616
f 1539 1617 1618
f 1508 1506 1619
f 1618 1620 1619
f 1621 1622 1623
f 1509 1508 1511
f 1511 1508 1619
f 1511 1619 1510
f 1510 1619 1620
f 1624 1625 1626
f 1627 1628 1629
f 1548 1547 1630
f 1624 1626 1631
f 1625 1624 1632
f 1632 1624 1633
f 1632 1633 1634
f 1623 1635 1621
f 1621 1635 1636
f 1621 1636 1633
f 1633 1636 1637
f 1633 1637 1634
f 1638 1639 1640
f 1627 1629 1641
f 1628 1627 1642
f 1642 1627 1643
f 1642 1643 1644
f 1550 1549 1645
f 1545 1646 1647
f 1626 1648 1631
f 1631 1648 1649
f 1631 1649 1506
f 1506 1649 1650
f 1506 1650 1619
f 1640 1651 1638
f 1638 1651 1652
f 1638 1652 1622
f 1622 1652 1653
f 1622 1653 1623
f 1644 1643 1654
f 1654 1643 1655
f 1654 1655 1656
f 1656 1655 1657
f 1657 1655 1552
f 1657 1552 1658
f 1551 1659 1552
f 1552 1659 1660
f 1552 1660 1658
f 1645 1661 1550
f 1550 1661 1662
f 1550 1662 1551
f 1551 1662 1663
f 1551 1663 1659
f 1630 1664 1548
f 1548 1664 1665
f 1548 1665 1549
f 1549 1665 1666
f 1549 1666 1645
f 1545 1647 1546
f 1629 1667 1641
f 1641 1667 1668
f 1641 1668 1669
f 1647 1670 1546
f 1546 1670 1671
f 1546 1671 1547
f 1547 1671 1672
f 1547 1672 1630
f 1646 1545 1673
f 1673 1545 1544
f 1673 1544 1674
f 1674 1544 1675
f 1675 1544 1543
f 1675 1543 1676
f 1541 1540 1677
f 1668 1678 1669
f 1669 1678 1679
f 1669 1679 1639
f 1639 1679 1680
f 1639 1680 1640
f 1676 1543 1681
f 1681 1543 1542
f 1681 1542 1682
f 1677 1683 1541
f 1541 1683 1684
f 1541 1684 1542
f 1542 1684 1685
f 1542 1685 1682
f 1618 1619 1539
f 1539 1619 1686
f 1539 1686 1540
f 1540 1686 1687
f 1540 1687 1677
f 1688 1689 1690
f 1691 1692 1693
f 1693 1692 1694
f 1693 1694 1695
f 1605 1696 1604
f 1604 1696 1697
f 1604 1697 1603
f 1611 1698 1610
f 1610 1698 1699
f 1610 1699 1609
f 1616 1700 1615
f 1615 1700 1701
f 1615 1701 1614
f 1694 1702 1695
f 1695 1702 1703
f 1695 1703 1704
f 1704 1703 1705
f 1704 1705 1689
f 1689 1705 1706
f 1689 1706 1690
f 1613 1707 1612
f 1612 1707 1708
f 1612 1708 1611
f 1611 1708 1709
f 1611 1709 1698
f 1710 1711 1616
f 1616 1711 1712
f 1616 1712 1700
f 1713 1714 1715
f 1715 1714 1716
f 1715 1716 1710
f 1710 1716 1717
f 1710 1717 1711
f 1606 1718 1605
f 1605 1718 1719
f 1605 1719 1696
f 1720 1721 1691
f 1691 1721 1722
f 1691 1722 1692
f 1553 1723 1724
f 1724 1723 1725
f 1724 1725 1720
f 1720 1725 1726
f 1720 1726 1721
f 1608 1727 1607
f 1607 1727 1728
f 1607 1728 1606
f 1606 1728 1729
f 1606 1729 1718
f 1701 1730 1614
f 1614 1730 1731
f 1614 1731 1613
f 1613 1731 1732
f 1613 1732 1707
f 1733 1734 1713
f 1713 1734 1735
f 1713 1735 1714
f 1601 1736 1553
f 1553 1736 1737
f 1553 1737 1723
f 1697 1738 1603
f 1603 1738 1739
f 1603 1739 1602
f 1602 1739 1740
f 1602 1740 1601
f 1601 1740 1741
f 1601 1741 1736
f 1699 1742 1609
f 1609 1742 1743
f 1609 1743 1608
f 1608 1743 1744
f 1608 1744 1727
f 1745 1746 1747
f 1747 1746 1748
f 1747 1748 1733
f 1733 1748 1749
f 1733 1749 1734
f 1690 1750 1688
f 1688 1750 1751
f 1688 1751 1752
f 1752 1751 1753
f 1752 1753 1745
f 1745 1753 1754
f 1745 1754 1746
f 1755 1756 1757
f 1756 1758 1759
f 1758 1619 1650
f 1758 1650 1759
f 1759 1650 1649
f 1759 1649 1760
f 1760 1649 1648
f 1760 1648 1761
f 1761 1648 1626
f 1761 1626 1762
f 1762 1626 1625
f 1762 1625 1763
f 1763 1625 1632
f 1763 1632 1764
f 1764 1632 1634
f 1764 1634 1765
f 1765 1634 1637
f 1765 1637 1766
f 1766 1637 1636
f 1766 1636 1767
f 1767 1636 1635
f 1767 1635 1768
f 1768 1635 1623
f 1768 1623 1769
f 1769 1623 1653
f 1769 1653 1770
f 1770 1653 1652
f 1770 1652 1771
f 1771 1652 1651
f 1771 1651 1772
f 1772 1651 1640
f 1772 1640 1773
f 1773 1640 1680
f 1773 1680 1774
f 1774 1680 1679
f 1774 1679 1775
f 1775 1679 1678
f 1775 1678 1776
f 1776 1678 1668
f 1776 1668 1777
f 1777 1668 1667
f 1777 1667 1778
f 1778 1667 1629
f 1778 1629 1779
f 1779 1629 1628
f 1779 1628 1780
f 1780 1628 1642
f 1780 1642 1781
f 1781 1642 1644
f 1781 1644 1782
f 1782 1644 1654
f 1782 1654 1783
f 1783 1654 1656
f 1783 1656 1784
f 1784 1656 1657
f 1784 1657 1785
f 1785 1657 1658
f 1785 1658 1786
f 1756 1759 1757
f 1757 1759 1760
f 1757 1760 1787
f 1787 1760 1761
f 1787 1761 1788
f 1788 1761 1762
f 1788 1762 1789
f 1789 1762 1763
f 1789 1763 1790
f 1790 1763 1764
f 1790 1764 1791
f 1791 1764 1765
f 1791 1765 1792
f 1792 1765 1766
f 1792 1766 1793
f 1793 1766 1767
f 1793 1767 1794
f 1794 1767 1768
f 1794 1768 1795
f 1795 1768 1769
f 1795 1769 1796
f 1796 1769 1770
f 1796 1770 1797
f 1797 1770 1771
f 1797 1771 1798
f 1798 1771 1772
f 1798 1772 1799
f 1799 1772 1773
f 1799 1773 1800
f 1800 1773 1774
f 1800 1774 1801
f 1801 1774 1775
f 1801 1775 1802
f 1802 1775 1776
f 1802 1776 1803
f 1803 1776 1777
f 1803 1777 1804
f 1804 1777 1778
f 1804 1778 1805
f 1805 1778 1779
f 1805 1779 1806
f 1806 1779 1780
f 1806 1780 1807
f 1807 1780 1781
f 1807 1781 1808
f 1808 1781 1782
f 1808 1782 1809
f 1809 1782 1783
f 1809 1783 1810
f 1810 1783 1784
f 1810 1784 1811
f 1811 1784 1785
f 1811 1785 1812
f 1812 1785 1786
f 1812 1786 1813
f 1755 1757 1814
f 1814 1757 1787
f 1814 1787 1815
f 1815 1787 1788
f 1815 1788 1816
f 1816 1788 1789
f 1816 1789 1817
f 1817 1789 1790
f 1817 1790 1818
f 1818 1790 1791
f 1818 1791 1819
f 1819 1791 1792
f 1819 1792 1820
f 1820 1792 1793
f 1820 1793 1821
f 1821 1793 1794
f 1821 1794 1822
f 1822 1794 1795
f 1822 1795 1823
f 1823 1795 1796
f 1823 1796 1824
f 1824 1796 1797
f 1824 1797 1825
f 1825 1797 1798
f 1825 1798 1826
f 1826 1798 1799
f 1826 1799 1827
f 1827 1799 1800
f 1827 1800 1828
f 1828 1800 1801
f 1828 1801 1829
f 1829 1801 1802
f 1829 1802 1830
f 1830 1802 1803
f 1830 1803 1831
f 1831 1803 1804
f 1831 1804 1832
f 1832 1804 1805
f 1832 1805 1833
f 1833 1805 1806
f 1833 1806 1834
f 1834 1806 1807
f 1834 1807 1835
f 1835 1807 1808
f 1835 1808 1836
f 1836 1808 1809
f 1836 1809 1837
f 1837 1809 1810
f 1837 1810 1838
f 1838 1810 1811
f 1838 1811 1839
f 1839 1811 1812
f 1839 1812 1840
f 1840 1812 1813
f 1840 1813 1841
f 1750 1842 1751
f 1751 1842 1843
f 1751 1843 1753
f 1753 1843 1844
f 1753 1844 1754
f 1754 1844 1845
f 1754 1845 1746
f 1746 1845 1846
f 1746 1846 1748
f 1748 1846 1847
f 1748 1847 1749
f 1749 1847 1848
f 1749 1848 1734
f 1734 1848 1849
f 1734 1849 1735
f 1735 1849 1850
f 1735 1850 1714
f 1714 1850 1851
f 1714 1851 1716
f 1716 1851 1852
f 1716 1852 1717
f 1717 1852 1853
f 1717 1853 1711
f 1711 1853 1854
f 1711 1854 1712
f 1712 1854 1855
f 1712 1855 1700
f 1700 1855 1856
f 1700 1856 1701
f 1701 1856 1857
f 1701 1857 1730
f 1730 1857 1858
f 1730 1858 1731
f 1731 1858 1859
f 1731 1859 1732
f 1732 1859 1860
f 1732 1860 1707
f 1707 1860 1861
f 1707 1861 1708
f 1708 1861 1862
f 1708 1862 1709
f 1709 1862 1863
f 1709 1863 1698
f 1698 1863 1864
f 1698 1864 1699
f 1699 1864 1865
f 1699 1865 1742
f 1742 1865 1866
f 1742 1866 1743
f 1743 1866 1867
f 1743 1867 1744
f 1744 1867 1868
f 1842 1869 1843
f 1843 1869 1870
f 1843 1870 1844
f 1844 1870 1871
f 1844 1871 1845
f 1845 1871 1872
f 1845 1872 1846
f 1846 1872 1873
f 1846 1873 1847
f 1847 1873 1874
f 1847 1874 1848
f 1848 1874 1875
f 1848 1875 1849
f 1849 1875 1876
f 1849 1876 1850
f 1850 1876 1877
f 1850 1877 1851
f 1851 1877 1878
f 1851 1878 1852
f 1852 1878 1879
f 1852 1879 1853
f 1853 1879 1880
f 1853 1880 1854
f 1854 1880 1881
f 1854 1881 1855
f 1855 1881 1882
f 1855 1882 1856
f 1856 1882 1883
f 1856 1883 1857
f 1857 1883 1884
f 1857 1884 1858
f 1858 1884 1885
f 1858 1885 1859
f 1859 1885 1886
f 1859 1886 1860
f 1860 1886 1887
f 1860 1887 1861
f 1861 1887 1888
f 1861 1888 1862
f 1862 1888 1889
f 1862 1889 1863
f 1863 1889 1890
f 1863 1890 1864
f 1864 1890 1891
f 1864 1891 1865
f 1865 1891 1892
f 1865 1892 1866
f 1866 1892 1893
f 1866 1893 1867
f 1867 1893 1894
f 1867 1894 1868
f 1868 1894 1895
f 1869 1896 1870
f 1870 1896 1897
f 1870 1897 1871
f 1871 1897 1898
f 1871 1898 1872
f 1872 1898 1899
f 1872 1899 1873
f 1873 1899 1900
f 1873 1900 1874
f 1874 1900 1901
f 1874 1901 1875
f 1875 1901 1902
f 1875 1902 1876
f 1876 1902 1903
f 1876 1903 1877
f 1877 1903 1904
f 1877 1904 1878
f 1878 1904 1905
f 1878 1905 1879
f 1879 1905 1906
f 1879 1906 1880
f 1880 1906 1907
f 1880 1907 1881
f 1881 1907 1908
f 1881 1908 1882
f 1882 1908 1909
f 1882 1909 1883
f 1883 1909 1910
f 1883 1910 1884
f 1884 1910 1911
f 1884 1911 1885
f 1885 1911 1912
f 1885 1912 1886
f 1886 1912 1913
f 1886 1913 1887
f 1887 1913 1914
f 1887 1914 1888
f 1888 1914 1915
f 1888 1915 1889
f 1889 1915 1916
f 1889 1916 1890
f 1890 1916 1917
f 1890 1917 1891
f 1891 1917 1918
f 1891 1918 1892
f 1892 1918 1919
f 1892 1919 1893
f 1893 1919 1920
f 1893 1920 1894
f 1894 1920 1921
f 1894 1921 1895
f 1895 1921 1922
f 1841 1923 1840
f 1840 1923 1924
f 1840 1924 1839
f 1839 1924 1925
f 1839 1925 1838
f 1838 1925 1926
f 1838 1926 1837
f 1837 1926 1927
f 1837 1927 1836
f 1836 1927 1928
f 1836 1928 1835
f 1835 1928 1929
f 1835 1929 1834
f 1834 1929 1930
f 1834 1930 1833
f 1833 1930 1931
f 1833 1931 1832
f 1832 1931 1932
f 1832 1932 1831
f 1831 1932 1933
f 1831 1933 1830
f 1830 1933 1934
f 1830 1934 1829
f 1829 1934 1935
f 1829 1935 1828
f 1828 1935 1936
f 1828 1936 1827
f 1827 1936 1937
f 1827 1937 1826
f 1826 1937 1938
f 1826 1938 1825
f 1825 1938 1939
f 1825 1939 1824
f 1824 1939 1940
f 1824 1940 1823
f 1823 1940 1941
f 1823 1941 1822
f 1822 1941 1942
f 1822 1942 1821
f 1821 1942 1943
f 1821 1943 1820
f 1820 1943 1944
f 1820 1944 1819
f 1819 1944 1945
f 1819 1945 1818
f 1818 1945 1946
f 1818 1946 1817
f 1817 1946 1947
f 1817 1947 1816
f 1816 1947 1948
f 1816 1948 1815
f 1815 1948 1949
f 1815 1949 1814
f 1814 1949 1950
f 1814 1950 1755
f 1755 1950 1951
f 1952 1953 1954
f 1954 1953 1955
f 1954 1955 1956
f 1957 1952 1958
f 1958 1952 1954
f 1958 1954 1959
f 1959 1954 1960
f 1961 1962 1963
f 1964 1965 1966
f 1964 1966 1967
f 1966 1968 1961
f 1961 1963 1966
f 1966 1963 1969
f 1966 1969 1967
f 1970 1971 1972
f 1973 1974 1972
f 1972 1974 1975
f 1976 1970 1977
f 1977 1970 1972
f 1977 1972 1978
f 1978 1972 1975
f 1896 1979 1897
f 1897 1979 1980
f 1897 1980 1898
f 1898 1980 1981
f 1898 1981 1899
f 1899 1981 1982
f 1899 1982 1900
f 1900 1982 1983
f 1900 1983 1901
f 1901 1983 1984
f 1901 1984 1902
f 1902 1984 1985
f 1902 1985 1903
f 1903 1985 1986
f 1903 1986 1904
f 1904 1986 1987
f 1904 1987 1905
f 1905 1987 1988
f 1905 1988 1906
f 1906 1988 1989
f 1906 1989 1907
f 1907 1989 1990
f 1907 1990 1908
f 1908 1990 1991
f 1908 1991 1909
f 1909 1991 1992
f 1909 1992 1910
f 1910 1992 1993
f 1910 1993 1911
f 1911 1993 1994
f 1911 1994 1912
f 1912 1994 1995
f 1912 1995 1913
f 1913 1995 1996
f 1913 1996 1914
f 1914 1996 1997
f 1914 1997 1915
f 1915 1997 1998
f 1915 1998 1916
f 1916 1998 1999
f 1916 1999 1917
f 1917 1999 2000
f 1917 2000 1918
f 1918 2000 2001
f 1918 2001 1919
f 1919 2001 2002
f 1919 2002 1920
f 1920 2002 2003
f 1920 2003 1921
f 1921 2003 2004
f 1921 2004 1922
f 1922 2004 2005
f 2006 2007 2008
f 2008 2007 2009
f 2008 2009 2010
f 2010 2009 2011
f 2010 2011 2012
f 2011 2013 2012
f 2012 2013 1960
f 2012 1960 2014
f 1960 1954 2014
f 2014 1954 1956
f 2014 1956 2015
f 2015 1956 2016
f 2015 2016 2017
f 2017 2016 2018
f 2017 2018 2019
f 2019 2018 2020
f 2019 2020 2021
f 2021 2020 2022
f 2021 2022 2023
f 2023 2022 2024
f 2023 2024 2025
f 2025 2024 2026
f 2025 2026 2027
f 2027 2026 2028
f 2027 2028 2029
f 2029 2028 2030
f 2029 2030 2031
f 2031 2030 2032
f 2031 2032 2033
f 2033 2032 2034
f 2033 2034 2035
f 2035 2034 2036
f 2035 2036 2037
f 2037 2036 2038
f 2037 2038 2039
f 2039 2038 2040
f 2039 2040 2041
f 2041 2040 2042
f 2041 2042 2043
f 2043 2042 2044
f 2043 2044 2045
f 2045 2044 2046
f 2045 2046 2047
f 2047 2046 2048
f 2047 2048 2049
f 2048 1973 2049
f 2049 1973 1972
f 2049 1972 2050
f 2051 2052 2053
f 2053 2052 2054
f 2053 2054 2055
f 2055 2054 2056
f 2055 2056 2057
f 2057 2056 2058
f 2057 2058 2059
f 2059 2058 2060
f 2059 2060 2061
f 2061 2060 2050
f 2061 2050 1971
f 1971 2050 1972
f 2052 2062 2054
f 2054 2062 2063
f 2054 2063 2056
f 2056 2063 2064
f 2056 2064 2058
f 2058 2064 2065
f 2058 2065 2060
f 2060 2065 2066
f 2060 2066 2050
f 2050 2066 2067
f 2050 2067 2049
f 2049 2067 2068
f 2049 2068 2047
f 2047 2068 2069
f 2047 2069 2045
f 2045 2069 2070
f 2045 2070 2043
f 2043 2070 2071
f 2043 2071 2041
f 2041 2071 2072
f 2041 2072 2039
f 2039 2072 2073
f 2039 2073 2037
f 2037 2073 2074
f 2037 2074 2035
f 2035 2074 2075
f 2035 2075 2033
f 2033 2075 2076
f 2033 2076 2031
f 2031 2076 2077
f 2031 2077 2029
f 2029 2077 2078
f 2029 2078 2027
f 2027 2078 2079
f 2027 2079 2025
f 2025 2079 2080
f 2025 2080 2023
f 2023 2080 2081
f 2023 2081 2021
f 2021 2081 2082
f 2021 2082 2019
f 2019 2082 2083
f 2019 2083 2017
f 2017 2083 2084
f 2017 2084 2015
f 2015 2084 2085
f 2015 2085 2014
f 2014 2085 2086
f 2014 2086 2012
f 2012 2086 2087
f 2012 2087 2010
f 2010 2087 2088
f 2010 2088 2008
f 2008 2088 2089
f 2008 2089 2006
f 2006 2089 2090
f 2062 1923 2063
f 2063 1923 2091
f 2063 2091 2064
f 2064 2091 2092
f 2064 2092 2065
f 2065 2092 2093
f 2065 2093 2066
f 2066 2093 2094
f 2066 2094 2067
f 2067 2094 2095
f 2067 2095 2068
f 2068 2095 2096
f 2068 2096 2069
f 2069 2096 2097
f 2069 2097 2070
f 2070 2097 2098
f 2070 2098 2071
f 2071 2098 2099
f 2071 2099 2072
f 2072 2099 2100
f 2072 2100 2073
f 2073 2100 2101
f 2073 2101 2074
f 2074 2101 2102
f 2074 2102 2075
f 2075 2102 2103
f 2075 2103 2076
f 2076 2103 2104
f 2076 2104 2077
f 2077 2104 2105
f 2077 2105 2078
f 2078 2105 2106
f 2078 2106 2079
f 2079 2106 2107
f 2079 2107 2080
f 2080 2107 2108
f 2080 2108 2081
f 2081 2108 2109
f 2081 2109 2082
f 2082 2109 2110
f 2082 2110 2083
f 2083 2110 2111
f 2083 2111 2084
f 2084 2111 2112
f 2084 2112 2085
f 2085 2112 2113
f 2085 2113 2086
f 2086 2113 2114
f 2086 2114 2087
f 2087 2114 2115
f 2087 2115 2088
f 2088 2115 2116
f 2088 2116 2089
f 2089 2116 2117
f 2089 2117 2090
f 2090 2117 1951
f 2118 2119 2120
f 2120 2119 2121
f 2120 2121 2122
f 2122 2121 2123
f 2122 2123 2124
f 2123 2125 2124
f 2124 2125 1956
f 2124 1956 2126
f 2126 1956 1955
f 2126 1955 2127
f 2127 1955 1953
f 2127 1953 2128
f 2128 1953 1952
f 2129 1964 2130
f 2130 1964 1967
f 2130 1967 2131
f 2131 1967 1969
f 2131 1969 2132
f 2132 1969 1963
f 2132 1963 2133
f 2133 1963 1962
f 2133 1962 2134
f 2135 2136 1968
f 1968 2136 2134
f 1968 2134 1961
f 1961 2134 1962
f 2137 2138 1975
f 1975 1974 2137
f 2137 1974 1973
f 2137 1973 2139
f 2139 1973 2140
f 2139 2140 2141
f 2141 2140 2142
f 2141 2142 2143
f 2143 2142 2144
f 2143 2144 2145
f 2145 2144 2146
f 2145 2146 2147
f 2147 2146 2148
f 2149 2150 2151
f 2150 2152 2153
f 2152 1979 2154
f 2152 2154 2153
f 2153 2154 2155
f 2153 2155 2156
f 2156 2155 2157
f 2156 2157 2158
f 2158 2157 2159
f 2158 2159 2160
f 2160 2159 2161
f 2160 2161 2162
f 2162 2161 2163
f 2162 2163 2164
f 2164 2163 2165
f 2164 2165 2166
f 2166 2165 2167
f 2166 2167 2168
f 2168 2167 2169
f 2168 2169 2170
f 2170 2169 2171
f 2170 2171 2172
f 2172 2171 2173
f 2172 2173 2174
f 2174 2173 2175
f 2174 2175 2176
f 2176 2175 2177
f 2176 2177 2178
f 2178 2177 2179
f 2178 2179 2180
f 2180 2179 2181
f 2180 2181 2182
f 2182 2181 2183
f 2182 2183 2184
f 2184 2183 2185
f 2184 2185 2186
f 2186 2185 2187
f 2186 2187 2188
f 2188 2187 2189
f 2188 2189 2190
f 2190 2189 2191
f 2190 2191 2192
f 2192 2191 2193
f 2192 2193 2194
f 2194 2193 2195
f 2194 2195 2196
f 2196 2195 2197
f 2196 2197 2198
f 2198 2197 2199
f 2198 2199 2200
f 2200 2199 2201
f 2200 2201 2202
f 2202 2201 2005
f 2202 2005 2203
f 2150 2153 2151
f 2151 2153 2156
f 2151 2156 2204
f 2204 2156 2158
f 2204 2158 2205
f 2205 2158 2160
f 2205 2160 2206
f 2206 2160 2162
f 2206 2162 2207
f 2207 2162 2164
f 2207 2164 2208
f 2208 2164 2166
f 2208 2166 2209
f 2209 2166 2168
f 2209 2168 2210
f 2210 2168 2170
f 2210 2170 2211
f 2211 2170 2172
f 2211 2172 2212
f 2212 2172 2174
f 2212 2174 2213
f 2213 2174 2176
f 2213 2176 2214
f 2214 2176 2178
f 2214 2178 2215
f 2215 2178 2180
f 2215 2180 2216
f 2216 2180 2182
f 2216 2182 2217
f 2217 2182 2184
f 2217 2184 2218
f 2218 2184 2186
f 2218 2186 2219
f 2219 2186 2188
f 2219 2188 2220
f 2220 2188 2190
f 2220 2190 2221
f 2221 2190 2192
f 2221 2192 2222
f 2222 2192 2194
f 2222 2194 2223
f 2223 2194 2196
f 2223 2196 2224
f 2224 2196 2198
f 2224 2198 2225
f 2225 2198 2200
f 2225 2200 2226
f 2226 2200 2202
f 2226 2202 2227
f 2227 2202 2203
f 2227 2203 2228
f 2149 2151 2229
f 2229 2151 2204
f 2229 2204 2230
f 2230 2204 2205
f 2230 2205 2231
f 2231 2205 2206
f 2231 2206 2232
f 2232 2206 2207
f 2232 2207 2233
f 2233 2207 2208
f 2233 2208 2234
f 2234 2208 2209
f 2234 2209 2235
f 2235 2209 2210
f 2235 2210 2236
f 2236 2210 2211
f 2236 2211 2237
f 2237 2211 2212
f 2237 2212 2238
f 2238 2212 2213
f 2238 2213 2239
f 2239 2213 2214
f 2239 2214 2240
f 2240 2214 2215
f 2240 2215 2241
f 2241 2215 2216
f 2241 2216 2242
f 2242 2216 2217
f 2242 2217 2243
f 2243 2217 2218
f 2243 2218 2244
f 2244 2218 2219
f 2244 2219 2245
f 2245 2219 2220
f 2245 2220 2246
f 2246 2220 2221
f 2246 2221 2247
f 2247 2221 2222
f 2247 2222 2248
f 2248 2222 2223
f 2248 2223 2249
f 2249 2223 2224
f 2249 2224 2250
f 2250 2224 2225
f 2250 2225 2251
f 2251 2225 2226
f 2251 2226 2252
f 2252 2226 2227
f 2252 2227 2253
f 2253 2227 2228
f 2253 2228 2254
f 2255 2256 2257
f 2257 2256 2258
f 2257 2258 2259
f 2259 2258 2260
f 2259 2260 2261
f 2261 2260 2262
f 2261 2262 2263
f 2263 2262 2264
f 2263 2264 2265
f 2265 2264 2266
f 2265 2266 2267
f 2267 2266 2268
f 2269 2270 2271
f 2271 2270 2272
f 2271 2272 2273
f 2273 2272 2274
f 2273 2274 2275
f 2275 2274 2276
f 2275 2276 2277
f 2277 2276 2278
f 2277 2278 2279
f 2279 2278 2280
f 2279 2280 2281
f 2281 2280 2282
f 2283 2284 2285
f 2285 2284 2286
f 2285 2286 2287
f 2287 2286 2288
f 2287 2288 2289
f 2289 2288 2290
f 2289 2290 2291
f 2291 2290 2292
f 2291 2292 2293
f 2293 2292 2294
f 2293 2294 2295
f 2295 2294 2296
f 2297 2298 2299
f 2299 2298 2300
f 2299 2300 2301
f 2301 2300 2302
f 2301 2302 2303
f 2303 2302 2304
f 2303 2304 2305
f 2305 2304 2306
f 2305 2306 2307
f 2307 2306 2308
f 2307 2308 2309
f 2309 2308 2310
f 2311 2312 2313
f 2313 2312 2314
f 2313 2314 2315
f 2315 2314 2316
f 2315 2316 2317
f 2317 2316 2318
f 2317 2318 2319
f 2319 2318 2320
f 2319 2320 2321
f 2321 2320 2322
f 2321 2322 2323
f 2323 2322 2324
f 2325 2326 2327
f 2327 2326 2328
f 2327 2328 2329
f 2329 2328 2330
f 2329 2330 2331
f 2331 2330 2332
f 2331 2332 2333
f 2333 2332 2334
f 2333 2334 2335
f 2335 2334 2336
f 2335 2336 2337
f 2337 2336 2338
f 2339 2340 2341
f 2341 2340 2342
f 2341 2342 2343
f 2343 2342 2344
f 2343 2344 2345
f 2345 2344 2346
f 2345 2346 2347
f 2347 2346 2348
f 2347 2348 2349
f 2349 2348 2350
f 2349 2350 2351
f 2351 2350 2352
f 2353 2354 2355
f 2355 2354 2356
f 2355 2356 2357
f 2357 2356 2358
f 2357 2358 2359
f 2359 2358 2360
f 2359 2360 2361
f 2361 2360 2362
f 2361 2362 2363
f 2363 2362 2364
f 2363 2364 2365
f 2365 2364 2366
f 2367 2368 2369
f 2369 2368 2370
f 2369 2370 2371
f 2371 2370 2372
f 2371 2372 2373
f 2373 2372 2374
f 2373 2374 2375
f 2375 2374 2376
f 2375 2376 2377
f 2377 2376 2378
f 2377 2378 2379
f 2379 2378 2380
f 2381 2382 2383
f 2383 2382 2384
f 2383 2384 2385
f 2385 2384 2386
f 2385 2386 2387
f 2387 2386 2388
f 2387 2388 2389
f 2389 2388 2390
f 2389 2390 2391
f 2391 2390 2392
f 2391 2392 2393
f 2393 2392 2394
f 2395 2396 2397
f 2397 2396 2398
f 2397 2398 2399
f 2399 2398 2400
f 2399 2400 2401
f 2401 2400 2402
f 2401 2402 2403
f 2403 2402 2404
f 2403 2404 2405
f 2405 2404 2406
f 2405 2406 2407
f 2407 2406 2408
f 2409 2410 2411
f 2411 2410 2412
f 2411 2412 2413
f 2413 2412 2414
f 2413 2414 2415
f 2415 2414 2416
f 2415 2416 2417
f 2417 2416 2418
f 2417 2418 2419
f 2419 2418 2420
f 2419 2420 2421
f 2421 2420 2422
f 2018 2016 2423
f 2424 2425 2426
f 2332 2330 2427
f 2428 2429 2430
f 2300 2298 2431
f 2432 2433 2434
f 2435 2436 2437
f 2438 2380 2378
f 2378 2376 2438
f 2438 2376 2374
f 2438 2374 2439
f 2368 2440 2441
f 2441 2440 2442
f 2441 2442 2437
f 2437 2442 2443
f 2437 2443 2435
f 2374 2372 2439
f 2439 2372 2370
f 2439 2370 2444
f 2444 2370 2368
f 2444 2368 2432
f 2432 2368 2441
f 2432 2441 2433
f 2314 2312 2445
f 2316 2446 2318
f 2318 2446 2447
f 2318 2447 2320
f 2320 2447 2448
f 2320 2448 2322
f 2322 2448 2449
f 2322 2449 2324
f 2450 2451 2452
f 2452 2451 2453
f 2452 2453 2445
f 2445 2453 2454
f 2445 2454 2455
f 2455 2310 2445
f 2445 2310 2446
f 2445 2446 2314
f 2314 2446 2316
f 2310 2308 2446
f 2446 2308 2306
f 2446 2306 2456
f 2456 2306 2304
f 2456 2304 2431
f 2431 2304 2302
f 2431 2302 2300
f 2457 2458 2459
f 2459 2458 2431
f 2459 2431 2452
f 2452 2431 2298
f 2452 2298 2450
f 2460 2461 2462
f 2462 2461 2463
f 2462 2463 2464
f 2464 2463 2465
f 2464 2465 2457
f 2457 2465 2466
f 2457 2466 2458
f 2366 2364 2467
f 2364 2362 2467
f 2467 2362 2360
f 2467 2360 2468
f 2469 2470 2471
f 2471 2470 2472
f 2471 2472 2473
f 2473 2472 2468
f 2390 2388 2474
f 2394 2392 2475
f 2388 2386 2474
f 2474 2386 2384
f 2474 2384 2476
f 2476 2384 2382
f 2476 2382 2477
f 2477 2478 2476
f 2476 2478 2479
f 2476 2479 2480
f 2481 2427 2482
f 2482 2427 2483
f 2427 2330 2483
f 2483 2330 2328
f 2483 2328 2484
f 2485 2486 2487
f 2487 2486 2488
f 2486 2489 2488
f 2488 2489 2490
f 2488 2490 2491
f 2491 2490 2492
f 2493 2494 2495
f 2496 2497 2498
f 2498 2497 2499
f 2498 2499 2500
f 2500 2499 2501
f 2500 2501 2493
f 2493 2501 2502
f 2493 2502 2494
f 2503 2504 2496
f 2346 2344 2505
f 2505 2344 2342
f 2505 2342 2496
f 2496 2342 2340
f 2496 2340 2503
f 2504 2506 2496
f 2496 2506 2507
f 2496 2507 2497
f 2508 2509 2510
f 2510 2509 2350
f 2510 2350 2348
f 2506 2511 2507
f 2507 2511 2512
f 2507 2512 2509
f 2509 2512 2352
f 2509 2352 2350
f 2508 2510 2513
f 2513 2510 2437
f 2513 2437 2438
f 2438 2437 2436
f 2438 2436 2380
f 2514 2515 2516
f 2517 2518 2414
f 2414 2518 2519
f 2414 2519 2416
f 2416 2519 2520
f 2416 2520 2418
f 2418 2520 2521
f 2418 2521 2420
f 2420 2521 2514
f 2420 2514 2422
f 2422 2514 2516
f 2422 2516 2522
f 2522 2516 2523
f 2523 2516 2524
f 2523 2524 2525
f 2412 2410 2526
f 2526 2410 2527
f 2526 2527 2528
f 2528 2527 2529
f 2528 2529 2525
f 2360 2358 2468
f 2468 2358 2356
f 2468 2356 2473
f 2473 2356 2354
f 2473 2354 2471
f 2471 2354 2530
f 2531 2423 2532
f 2532 2423 2471
f 2532 2471 2533
f 2533 2471 2530
f 2534 2338 2528
f 2528 2338 2336
f 2528 2336 2334
f 2328 2326 2484
f 2484 2326 2535
f 2484 2535 2485
f 2485 2535 2536
f 2485 2536 2486
f 2486 2536 2537
f 2486 2537 2489
f 2489 2537 2538
f 2489 2538 2534
f 2534 2538 2539
f 2534 2539 2338
f 2324 2449 2540
f 2540 2449 2541
f 2540 2541 2425
f 2425 2541 2542
f 2425 2542 2426
f 2424 2426 2543
f 2543 2426 2544
f 2543 2544 2545
f 2123 2121 2423
f 2119 2546 2547
f 2009 2007 2547
f 2016 1956 2423
f 2423 1956 2125
f 2423 2125 2123
f 2009 2547 2011
f 2011 2547 2546
f 2011 2546 2013
f 2013 2546 2548
f 2013 2548 1960
f 2549 2018 2550
f 2550 2018 2423
f 2550 2423 2551
f 2551 2423 2531
f 2549 2026 2024
f 2552 2030 2549
f 2549 2030 2028
f 2549 2028 2026
f 2024 2022 2549
f 2549 2022 2020
f 2549 2020 2018
f 2038 2036 2553
f 2553 2036 2034
f 2553 2034 2552
f 2552 2034 2032
f 2552 2032 2030
f 2046 2044 2554
f 2554 2044 2042
f 2554 2042 2553
f 2553 2042 2040
f 2553 2040 2038
f 2140 2554 2142
f 2142 2554 2555
f 2142 2555 2144
f 2140 1973 2554
f 2554 1973 2048
f 2554 2048 2046
f 2556 2148 2557
f 2557 2148 2146
f 2144 2555 2146
f 2146 2555 2558
f 2146 2558 2557
f 2559 2053 2557
f 2557 2053 2055
f 2557 2055 2057
f 1971 2556 2061
f 2061 2556 2557
f 2061 2557 2059
f 2059 2557 2057
f 2560 2561 2562
f 2562 2561 2563
f 2563 2564 2562
f 2562 2564 2565
f 2562 2565 2559
f 2559 2565 2051
f 2559 2051 2053
f 2566 2567 2568
f 2568 2567 2569
f 2568 2569 2570
f 2570 2569 2560
f 2566 2571 2572
f 2572 2571 2573
f 2574 2575 2576
f 2576 2575 2577
f 2576 2577 2135
f 2578 2579 2516
f 2516 2579 2574
f 2135 1968 2576
f 2576 1968 2580
f 2576 2580 2581
f 1965 2578 2582
f 2582 2578 2516
f 2582 2516 2583
f 2583 2516 2515
f 2479 2584 2480
f 2480 2584 2585
f 2480 2585 2586
f 2586 2585 2394
f 2586 2394 2587
f 2587 2394 2475
f 2587 2475 2482
f 2482 2475 2588
f 2482 2588 2481
f 2481 2588 2517
f 2589 2590 2588
f 2589 2588 2591
f 2590 2592 2588
f 2588 2592 2593
f 2588 2593 2517
f 2278 2276 2594
f 2274 2272 2595
f 2595 2272 2596
f 2597 2598 2599
f 2599 2598 2282
f 2599 2282 2594
f 2594 2282 2280
f 2594 2280 2278
f 2272 2270 2596
f 2596 2270 2600
f 2596 2600 2601
f 2601 2600 2602
f 2601 2602 2603
f 2603 2602 2604
f 2603 2604 2605
f 2606 2607 2608
f 2607 2609 2610
f 2610 2609 2611
f 2610 2611 2612
f 2613 2284 2608
f 2608 2284 2614
f 2608 2614 2606
f 2611 2296 2612
f 2612 2296 2294
f 2612 2294 2615
f 2615 2294 2292
f 2615 2292 2290
f 2568 2288 2613
f 2613 2288 2286
f 2613 2286 2284
f 2260 2258 2489
f 2489 2258 2256
f 2489 2256 2490
f 2490 2256 2616
f 2490 2616 2617
f 2617 2618 2490
f 2490 2618 2596
f 2490 2596 2492
f 2492 2596 2601
f 2268 2595 2619
f 2619 2595 2596
f 2619 2596 2620
f 2620 2596 2618
f 2268 2266 2595
f 2595 2266 2264
f 2595 2264 2262
f 2607 2610 2608
f 2608 2610 2621
f 2608 2621 2622
f 2525 2524 2528
f 2528 2524 2623
f 2528 2623 2534
f 2534 2623 2595
f 2534 2595 2489
f 2489 2595 2262
f 2489 2262 2260
f 2566 2568 2571
f 2571 2568 2613
f 2571 2613 2624
f 2624 2613 2608
f 2624 2608 2625
f 2625 2608 2622
f 2625 2622 2626
f 2626 2622 2430
f 2626 2430 2627
f 2627 2430 2429
f 2627 2429 2605
f 2604 2597 2605
f 2605 2597 2599
f 2605 2599 2627
f 2627 2599 2594
f 2627 2594 2626
f 2626 2594 2628
f 2626 2628 2625
f 2625 2628 2629
f 2625 2629 2624
f 2624 2629 2576
f 2624 2576 2571
f 2571 2576 2581
f 2571 2581 2573
f 2574 2576 2516
f 2516 2576 2629
f 2516 2629 2524
f 2524 2629 2628
f 2524 2628 2623
f 2623 2628 2594
f 2623 2594 2595
f 2595 2594 2276
f 2595 2276 2274
f 2414 2412 2517
f 2517 2412 2526
f 2517 2526 2481
f 2481 2526 2528
f 2481 2528 2427
f 2427 2528 2334
f 2427 2334 2332
f 2560 2562 2570
f 2570 2562 2615
f 2570 2615 2568
f 2568 2615 2290
f 2568 2290 2288
f 2392 2390 2475
f 2475 2390 2474
f 2475 2474 2588
f 2588 2474 2547
f 2588 2547 2591
f 2591 2547 2007
f 2480 2630 2476
f 2476 2630 2469
f 2476 2469 2474
f 2474 2469 2471
f 2474 2471 2547
f 2547 2471 2423
f 2547 2423 2119
f 2119 2423 2121
f 2434 2433 2631
f 2631 2433 2441
f 2631 2441 2632
f 2632 2441 2437
f 2632 2437 2633
f 2633 2437 2510
f 2633 2510 2505
f 2505 2510 2348
f 2505 2348 2346
f 2428 2430 2634
f 2634 2430 2622
f 2634 2622 2495
f 2495 2622 2621
f 2495 2621 2493
f 2493 2621 2610
f 2493 2610 2500
f 2500 2610 2612
f 2500 2612 2498
f 2498 2612 2615
f 2498 2615 2496
f 2496 2615 2562
f 2496 2562 2505
f 2505 2562 2559
f 2505 2559 2633
f 2633 2559 2557
f 2633 2557 2632
f 2632 2557 2558
f 2632 2558 2631
f 2398 2396 2553
f 2553 2396 2635
f 2408 2406 2636
f 2637 2408 2554
f 2554 2408 2636
f 2554 2636 2555
f 2555 2636 2544
f 2555 2544 2558
f 2558 2544 2426
f 2558 2426 2631
f 2631 2426 2542
f 2631 2542 2434
f 2434 2542 2541
f 2434 2541 2638
f 2638 2541 2449
f 2400 2639 2402
f 2402 2639 2636
f 2402 2636 2404
f 2404 2636 2406
f 2635 2640 2553
f 2553 2640 2641
f 2553 2641 2554
f 2554 2641 2642
f 2554 2642 2637
f 2551 2366 2550
f 2550 2366 2467
f 2550 2467 2549
f 2549 2467 2643
f 2549 2643 2552
f 2552 2643 2644
f 2552 2644 2553
f 2553 2644 2639
f 2553 2639 2398
f 2398 2639 2400
f 2468 2460 2467
f 2467 2460 2462
f 2467 2462 2643
f 2643 2462 2464
f 2643 2464 2644
f 2644 2464 2457
f 2644 2457 2639
f 2639 2457 2459
f 2639 2459 2636
f 2636 2459 2452
f 2636 2452 2544
f 2544 2452 2445
f 2544 2445 2545
f 2545 2445 2312
f 2645 2646 2647
f 2646 2648 2649
f 2650 2651 2652
f 2283 2285 2653
f 2654 2655 2656
f 2657 2658 2659
f 2660 2661 2662
f 2663 2664 2665
f 2665 2664 2666
f 2667 2668 2669
f 2670 2671 2672
f 2673 2652 2674
f 2674 2652 2675
f 2674 2675 2676
f 2677 2678 2679
f 2679 2678 2680
f 2679 2680 2681
f 2681 2680 2682
f 2681 2682 2683
f 2683 2682 2684
f 2684 2682 2685
f 2684 2685 2686
f 2667 2669 2687
f 2687 2669 2688
f 2687 2688 2689
f 2689 2688 2690
f 2690 2688 2691
f 2690 2691 2692
f 2693 2694 2695
f 2695 2694 2696
f 2381 2383 2697
f 2383 2385 2697
f 2697 2385 2387
f 2697 2387 2691
f 2387 2389 2691
f 2691 2389 2391
f 2691 2391 2692
f 2692 2391 2393
f 2692 2393 2698
f 2698 2393 2699
f 2698 2699 2700
f 2701 2702 2703
f 2703 2702 2704
f 2703 2704 2694
f 2694 2704 2698
f 2694 2698 2696
f 2696 2698 2700
f 2701 2705 2706
f 2706 2705 2707
f 2706 2707 2708
f 2665 2709 2663
f 2663 2709 2710
f 2663 2710 2711
f 2711 2710 2712
f 2661 2713 2662
f 2662 2713 2714
f 2662 2714 2715
f 2716 2297 2717
f 2717 2297 2299
f 2717 2299 2718
f 2309 2719 2720
f 2299 2301 2718
f 2718 2301 2303
f 2718 2303 2721
f 2721 2303 2305
f 2721 2305 2307
f 2719 2722 2720
f 2720 2722 2723
f 2720 2723 2724
f 2724 2723 2725
f 2724 2725 2716
f 2716 2725 2726
f 2716 2726 2297
f 2727 2728 2729
f 2729 2728 2311
f 2307 2309 2721
f 2721 2309 2720
f 2721 2720 2730
f 2730 2720 2729
f 2730 2729 2731
f 2731 2729 2311
f 2311 2313 2731
f 2731 2313 2315
f 2731 2315 2732
f 2315 2317 2732
f 2732 2317 2319
f 2732 2319 2733
f 2733 2319 2321
f 2733 2321 2734
f 2734 2321 2323
f 2735 2736 2734
f 2734 2736 2737
f 2734 2737 2733
f 2738 2739 2740
f 2740 2739 2741
f 2740 2741 2742
f 2742 2741 2743
f 2742 2743 2744
f 2744 2743 2745
f 2744 2745 2746
f 2747 2377 2379
f 2748 2749 2738
f 2738 2749 2750
f 2738 2750 2739
f 2739 2750 2367
f 2367 2369 2739
f 2739 2369 2371
f 2739 2371 2751
f 2751 2371 2373
f 2751 2373 2747
f 2747 2373 2375
f 2747 2375 2377
f 2748 2738 2752
f 2752 2738 2753
f 2752 2753 2754
f 2755 2756 2757
f 2757 2756 2747
f 2757 2747 2753
f 2753 2747 2379
f 2753 2379 2754
f 2658 2758 2659
f 2659 2758 2759
f 2659 2759 2760
f 2760 2759 2761
f 2762 2763 2764
f 2764 2763 2765
f 2764 2765 2766
f 2766 2765 2767
f 2767 2765 2768
f 2767 2768 2769
f 2769 2768 2770
f 2769 2770 2771
f 2771 2770 2772
f 2771 2772 2773
f 2773 2772 2774
f 2774 2772 2775
f 2774 2775 2671
f 2776 2777 2778
f 2778 2777 2779
f 2778 2779 2780
f 2780 2779 2781
f 2780 2781 2782
f 2419 2421 2783
f 2783 2421 2776
f 2781 2784 2782
f 2782 2784 2409
f 2782 2409 2785
f 2785 2409 2411
f 2247 2413 2246
f 2246 2413 2415
f 2246 2415 2245
f 2245 2415 2417
f 2245 2417 2244
f 2786 2353 2707
f 2707 2353 2665
f 2707 2665 2708
f 2708 2665 2666
f 2353 2355 2665
f 2665 2355 2357
f 2665 2357 2709
f 2709 2357 2359
f 2359 2361 2709
f 2709 2361 2363
f 2709 2363 2787
f 2363 2365 2787
f 2787 2365 2788
f 2787 2788 2789
f 2789 2788 2790
f 2786 2707 2791
f 2791 2707 2705
f 2791 2705 2792
f 2793 2339 2794
f 2794 2339 2795
f 2795 2339 2341
f 2795 2341 2343
f 2345 2347 2757
f 2757 2347 2349
f 2757 2349 2656
f 2656 2349 2351
f 2656 2351 2654
f 2793 2794 2796
f 2796 2794 2797
f 2796 2797 2798
f 2655 2760 2656
f 2656 2760 2761
f 2656 2761 2757
f 2757 2761 2799
f 2757 2799 2755
f 2800 2727 2648
f 2323 2801 2734
f 2734 2801 2802
f 2734 2802 2735
f 2735 2802 2803
f 2804 2805 2283
f 2806 2807 2295
f 2295 2808 2806
f 2806 2808 2809
f 2806 2809 2810
f 2810 2809 2811
f 2810 2811 2804
f 2804 2811 2812
f 2804 2812 2805
f 2813 2287 2814
f 2814 2287 2289
f 2814 2289 2815
f 2815 2289 2291
f 2815 2291 2807
f 2807 2291 2293
f 2807 2293 2295
f 2271 2816 2269
f 2269 2816 2817
f 2269 2817 2818
f 2271 2273 2816
f 2816 2273 2275
f 2816 2275 2819
f 2819 2275 2277
f 2819 2277 2279
f 2279 2281 2775
f 2775 2281 2820
f 2775 2820 2671
f 2671 2820 2821
f 2671 2821 2672
f 2822 2823 2257
f 2652 2651 2675
f 2675 2651 2824
f 2675 2824 2823
f 2823 2824 2255
f 2823 2255 2257
f 2263 2816 2261
f 2261 2816 2822
f 2261 2822 2259
f 2259 2822 2257
f 2672 2825 2670
f 2670 2825 2818
f 2670 2818 2673
f 2673 2818 2817
f 2673 2817 2652
f 2652 2817 2826
f 2652 2826 2650
f 2263 2265 2816
f 2816 2265 2267
f 2816 2267 2817
f 2817 2267 2827
f 2817 2827 2826
f 2828 2829 2830
f 2830 2829 2831
f 2832 2833 2834
f 2834 2833 2835
f 2834 2835 2836
f 2832 2837 2138
f 2838 2839 2834
f 2834 2839 2840
f 2834 2840 2832
f 2832 2840 2841
f 2832 2841 2837
f 2842 2137 2139
f 2842 2139 2843
f 2844 2845 2846
f 2846 2845 2832
f 2846 2832 2842
f 2842 2832 2138
f 2842 2138 2137
f 2847 2848 2849
f 2850 2851 2852
f 2852 2851 2853
f 2852 2853 2846
f 2846 2853 2854
f 2846 2854 2844
f 2849 2848 2852
f 2852 2848 2855
f 2852 2855 2850
f 2856 2857 2858
f 2858 2859 2856
f 2856 2859 2860
f 2856 2860 2849
f 2849 2860 2861
f 2849 2861 2847
f 2857 2856 2862
f 2862 2856 2863
f 2862 2863 2864
f 2864 2863 2865
f 2864 2865 2866
f 2124 2126 2865
f 2865 2126 2127
f 2865 2127 2866
f 2866 2127 2128
f 2866 2128 2867
f 2867 2128 2868
f 2869 2870 2871
f 2868 2872 2867
f 2867 2872 2870
f 2867 2870 2873
f 2873 2870 2869
f 2250 2251 2874
f 2251 2252 2874
f 2874 2252 2253
f 2874 2253 2871
f 2871 2253 2254
f 2871 2254 2869
f 2249 2875 2248
f 2248 2875 2876
f 2248 2876 2247
f 2134 2136 2877
f 2877 2136 2878
f 2878 2879 2877
f 2877 2879 2880
f 2877 2880 2783
f 2783 2880 2881
f 2417 2419 2244
f 2244 2419 2783
f 2244 2783 2243
f 2243 2783 2242
f 2881 2882 2783
f 2783 2882 2129
f 2783 2129 2242
f 2242 2129 2130
f 2242 2130 2241
f 2241 2130 2131
f 2241 2131 2240
f 2240 2131 2132
f 2240 2132 2239
f 2239 2132 2133
f 2239 2133 2238
f 2238 2133 2134
f 2238 2134 2237
f 2237 2134 2877
f 2237 2877 2236
f 2236 2877 2883
f 2236 2883 2235
f 2884 2232 2885
f 2885 2232 2233
f 2885 2233 2234
f 2829 2149 2831
f 2831 2149 2229
f 2831 2229 2886
f 2886 2229 2230
f 2886 2230 2884
f 2884 2230 2231
f 2884 2231 2232
f 2147 2887 2645
f 2139 2141 2843
f 2843 2141 2143
f 2843 2143 2645
f 2645 2143 2145
f 2645 2145 2147
f 2888 2889 2890
f 2890 2889 2891
f 2890 2891 2892
f 2892 2891 2118
f 2892 2118 2120
f 2727 2729 2648
f 2648 2729 2720
f 2648 2720 2649
f 2649 2720 2724
f 2649 2724 2893
f 2893 2724 2716
f 2893 2716 2894
f 2715 2714 2895
f 2895 2714 2896
f 2895 2896 2897
f 2897 2896 2898
f 2897 2898 2899
f 2401 2403 2894
f 2894 2403 2405
f 2894 2405 2407
f 2646 2649 2647
f 2647 2649 2893
f 2647 2893 2900
f 2900 2893 2894
f 2900 2894 2901
f 2901 2894 2407
f 2901 2407 2902
f 2902 2903 2901
f 2901 2903 2904
f 2901 2904 2905
f 2905 2904 2906
f 2905 2906 2907
f 2907 2395 2715
f 2715 2395 2397
f 2715 2397 2399
f 2717 2660 2716
f 2716 2660 2662
f 2716 2662 2894
f 2894 2662 2715
f 2894 2715 2401
f 2401 2715 2399
f 2907 2715 2905
f 2905 2715 2895
f 2905 2895 2908
f 2908 2895 2897
f 2908 2897 2909
f 2909 2897 2899
f 2909 2899 2910
f 2645 2647 2843
f 2843 2647 2900
f 2843 2900 2842
f 2842 2900 2901
f 2842 2901 2846
f 2846 2901 2905
f 2846 2905 2852
f 2852 2905 2908
f 2852 2908 2849
f 2849 2908 2909
f 2849 2909 2856
f 2856 2909 2910
f 2856 2910 2863
f 2713 2911 2714
f 2714 2911 2912
f 2714 2912 2896
f 2896 2912 2913
f 2896 2913 2898
f 2898 2913 2914
f 2898 2914 2899
f 2899 2914 2915
f 2899 2915 2910
f 2910 2915 2916
f 2910 2916 2863
f 2863 2916 2917
f 2863 2917 2865
f 2865 2917 2918
f 2865 2918 2124
f 2124 2918 2122
f 2913 2712 2914
f 2914 2712 2710
f 2914 2710 2915
f 2915 2710 2709
f 2915 2709 2916
f 2916 2709 2787
f 2916 2787 2917
f 2917 2787 2789
f 2917 2789 2918
f 2918 2789 2892
f 2918 2892 2122
f 2122 2892 2120
f 2147 2838 2887
f 2887 2838 2834
f 2887 2834 2830
f 2830 2834 2836
f 2830 2836 2828
f 2828 2836 2835
f 2693 2381 2694
f 2694 2381 2697
f 2694 2697 2703
f 2703 2697 2919
f 2703 2919 2701
f 2701 2919 2920
f 2701 2920 2705
f 2745 2803 2746
f 2746 2803 2802
f 2746 2802 2744
f 2744 2802 2921
f 2744 2921 2742
f 2742 2921 2922
f 2742 2922 2740
f 2740 2922 2923
f 2740 2923 2738
f 2738 2923 2924
f 2738 2924 2753
f 2753 2924 2925
f 2753 2925 2757
f 2757 2925 2795
f 2757 2795 2345
f 2345 2795 2343
f 2926 2800 2927
f 2927 2800 2648
f 2927 2648 2928
f 2928 2648 2646
f 2928 2646 2929
f 2929 2646 2645
f 2929 2645 2930
f 2930 2645 2887
f 2930 2887 2931
f 2931 2887 2830
f 2931 2830 2932
f 2932 2830 2831
f 2932 2831 2933
f 2933 2831 2886
f 2235 2883 2234
f 2234 2883 2934
f 2234 2934 2885
f 2885 2934 2935
f 2885 2935 2884
f 2884 2935 2936
f 2884 2936 2886
f 2886 2936 2937
f 2886 2937 2933
f 2776 2938 2783
f 2783 2938 2939
f 2783 2939 2877
f 2877 2939 2940
f 2877 2940 2883
f 2883 2940 2941
f 2883 2941 2934
f 2934 2941 2813
f 2934 2813 2935
f 2935 2813 2814
f 2935 2814 2936
f 2936 2814 2815
f 2936 2815 2937
f 2655 2798 2760
f 2760 2798 2797
f 2760 2797 2659
f 2659 2797 2942
f 2659 2942 2657
f 2657 2942 2943
f 2657 2943 2944
f 2776 2778 2938
f 2938 2778 2945
f 2938 2945 2939
f 2939 2945 2946
f 2939 2946 2940
f 2940 2946 2947
f 2940 2947 2941
f 2941 2947 2653
f 2941 2653 2813
f 2813 2653 2285
f 2813 2285 2287
f 2948 2780 2949
f 2949 2780 2782
f 2949 2782 2876
f 2876 2782 2785
f 2876 2785 2247
f 2247 2785 2411
f 2247 2411 2413
f 2790 2792 2789
f 2789 2792 2705
f 2789 2705 2892
f 2892 2705 2920
f 2892 2920 2890
f 2890 2920 2919
f 2890 2919 2950
f 2950 2919 2697
f 2950 2697 2951
f 2951 2697 2691
f 2951 2691 2952
f 2952 2691 2688
f 2952 2688 2953
f 2953 2688 2669
f 2953 2669 2685
f 2685 2669 2668
f 2685 2668 2686
f 2686 2668 2667
f 2801 2926 2802
f 2802 2926 2927
f 2802 2927 2921
f 2921 2927 2928
f 2921 2928 2922
f 2922 2928 2929
f 2922 2929 2923
f 2923 2929 2930
f 2923 2930 2924
f 2924 2930 2931
f 2924 2931 2925
f 2925 2931 2932
f 2925 2932 2795
f 2795 2932 2933
f 2795 2933 2794
f 2794 2933 2937
f 2794 2937 2797
f 2797 2937 2815
f 2797 2815 2942
f 2942 2815 2807
f 2942 2807 2943
f 2943 2807 2806
f 2283 2653 2804
f 2804 2653 2947
f 2804 2947 2954
f 2954 2947 2946
f 2954 2946 2955
f 2955 2946 2945
f 2955 2945 2819
f 2819 2945 2778
f 2819 2778 2816
f 2816 2778 2780
f 2816 2780 2822
f 2822 2780 2948
f 2822 2948 2823
f 2331 2333 2956
f 2333 2335 2956
f 2956 2335 2337
f 2956 2337 2680
f 2680 2337 2957
f 2872 2888 2870
f 2870 2888 2890
f 2870 2890 2871
f 2871 2890 2950
f 2871 2950 2874
f 2874 2950 2951
f 2874 2951 2958
f 2958 2951 2952
f 2958 2952 2959
f 2959 2952 2953
f 2959 2953 2956
f 2956 2953 2685
f 2956 2685 2331
f 2331 2685 2329
f 2960 2682 2961
f 2961 2682 2680
f 2961 2680 2962
f 2962 2680 2957
f 2960 2963 2682
f 2682 2963 2325
f 2682 2325 2685
f 2685 2325 2327
f 2685 2327 2329
f 2279 2775 2819
f 2819 2775 2772
f 2819 2772 2955
f 2955 2772 2770
f 2955 2770 2954
f 2954 2770 2768
f 2954 2768 2804
f 2804 2768 2765
f 2804 2765 2810
f 2810 2765 2763
f 2810 2763 2806
f 2806 2763 2762
f 2806 2762 2943
f 2943 2762 2964
f 2943 2964 2944
f 2249 2250 2875
f 2875 2250 2874
f 2875 2874 2876
f 2876 2874 2958
f 2876 2958 2949
f 2949 2958 2959
f 2949 2959 2948
f 2948 2959 2956
f 2948 2956 2823
f 2823 2956 2680
f 2823 2680 2675
f 2675 2680 2678
f 2675 2678 2676
f 2676 2678 2677
f 2965 2438 2966
f 2966 2438 2439
f 2966 2439 2967
f 2967 2439 2444
f 2967 2444 2968
f 2968 2444 2432
f 2968 2432 2969
f 2432 2434 2969
f 2969 2434 2638
f 2969 2638 2970
f 2638 2449 2970
f 2970 2449 2448
f 2970 2448 2971
f 2448 2447 2971
f 2971 2447 2446
f 2971 2446 2972
f 2972 2446 2456
f 2972 2456 2973
f 2973 2456 2431
f 2973 2431 2974
f 2974 2431 2458
f 2974 2458 2975
f 2975 2458 2466
f 2975 2466 2976
f 2976 2466 2465
f 2976 2465 2977
f 2977 2465 2463
f 2977 2463 2978
f 2978 2463 2461
f 2978 2461 2979
f 2979 2461 2460
f 2979 2460 2980
f 2980 2460 2468
f 2980 2468 2981
f 2981 2468 2472
f 2981 2472 2982
f 2982 2472 2470
f 2982 2470 2983
f 2983 2470 2469
f 2983 2469 2984
f 2984 2469 2630
f 2911 2713 2985
f 2985 2986 2911
f 2911 2986 2987
f 2911 2987 2912
f 2987 2988 2912
f 2912 2988 2989
f 2912 2989 2913
f 2989 2990 2913
f 2913 2990 2991
f 2913 2991 2712
f 2991 2992 2712
f 2712 2992 2993
f 2712 2993 2711
f 2711 2993 2994
f 2711 2994 2995
f 2996 2664 2995
f 2995 2664 2663
f 2995 2663 2711
f 2997 2706 2998
f 2998 2706 2708
f 2998 2708 2996
f 2996 2708 2666
f 2996 2666 2664
f 2997 2999 2706
f 2706 2999 3000
f 2706 3000 2701
f 2701 3000 3001
f 2701 3001 2702
f 2702 3001 3002
f 3002 3003 2702
f 2702 3003 3004
f 2702 3004 2704
f 3004 3005 2704
f 2704 3005 3006
f 2704 3006 2698
f 3006 3007 2698
f 2698 3007 3008
f 2698 3008 2692
f 2684 2686 3009
f 2686 2667 3009
f 3009 2667 2687
f 3009 2687 3010
f 3008 3011 2692
f 2692 3011 3012
f 2692 3012 2690
f 2690 3012 3010
f 2690 3010 2689
f 2689 3010 2687
f 3009 3013 2684
f 2684 3013 3014
f 2684 3014 2683
f 2683 3014 3015
f 2683 3015 2681
f 2681 3015 2679
f 2679 3015 3016
f 2679 3016 2677
f 2677 3016 3017
f 2677 3017 2676
f 2676 3017 3018
f 2676 3018 2674
f 3018 3019 2674
f 2674 3019 3020
f 2674 3020 2673
f 3021 2670 3022
f 3022 2670 2673
f 3022 2673 3023
f 3023 2673 3020
f 2965 3024 3025
f 3025 3024 3026
f 3025 3026 3027
f 3027 3026 3028
f 3027 3028 3029
f 3029 3028 3030
f 3029 3030 3031
f 3031 3030 3032
f 3031 3032 3033
f 3033 3032 3034
f 3033 3034 3035
f 3035 3034 3036
f 3035 3036 3037
f 3037 3036 3038
f 3037 3038 3039
f 3039 3038 3040
f 3039 3040 3041
f 3041 3040 3042
f 3041 3042 3043
f 3043 3042 3044
f 3043 3044 3045
f 3045 3044 3046
f 3045 3046 3047
f 3047 3046 3048
f 3047 3048 3049
f 3049 3048 3050
f 3049 3050 3051
f 3051 3050 3052
f 3051 3052 3053
f 3053 3052 3054
f 3053 3054 3055
f 3055 3054 3056
f 3055 3056 3057
f 3057 3056 3058
f 3057 3058 3059
f 3059 3058 3060
f 3059 3060 2984
f 3060 3061 2984
f 2984 3061 3062
f 2984 3062 2983
f 2983 3062 3063
f 2983 3063 2982
f 2982 3063 3064
f 2982 3064 2981
f 2981 3064 3065
f 2981 3065 2980
f 2980 3065 3066
f 2980 3066 2979
f 2979 3066 3067
f 2979 3067 2978
f 2978 3067 3068
f 2978 3068 2977
f 2977 3068 3069
f 2977 3069 2976
f 2976 3069 3070
f 2976 3070 2975
f 2975 3070 3071
f 2975 3071 2974
f 2974 3071 3072
f 2974 3072 2973
f 2973 3072 3073
f 2973 3073 2972
f 2972 3073 3074
f 2972 3074 2971
f 2971 3074 3075
f 2971 3075 2970
f 2970 3075 3076
f 2970 3076 2969
f 2969 3076 3077
f 2969 3077 2968
f 2968 3077 3078
f 2968 3078 2967
f 2967 3078 3079
f 2967 3079 2966
f 2966 3079 3080
f 2966 3080 2965
f 2965 3080 3081
f 2965 3081 3024
f 3082 3083 3084
f 3084 3083 3085
f 3084 3085 3086
f 3086 3085 3087
f 3086 3087 3088
f 3088 3087 3089
f 3089 3087 3090
f 3089 3090 3091
f 3091 3090 3092
f 3092 3090 3093
f 3092 3093 3094
f 3095 3096 3097
f 3097 3096 3098
f 3097 3098 3093
f 3093 3098 3099
f 3093 3099 3094
f 3097 3100 3095
f 3095 3100 3101
f 3095 3101 3102
f 3103 3104 3105
f 3105 3104 3106
f 3105 3106 3107
f 3107 3106 3108
f 3109 3110 3111
f 3111 3110 3112
f 3111 3112 3108
f 3108 3112 3113
f 3108 3113 3107
f 3109 3111 3114
f 3114 3111 3115
f 3114 3115 3116
f 3117 3118 3119
f 3119 3118 3120
f 3119 3120 3115
f 3115 3120 3121
f 3115 3121 3116
f 3119 3122 3117
f 3117 3122 3123
f 3117 3123 3124
f 3125 3126 3127
f 3127 3126 3128
f 3127 3128 3129
f 3129 3128 3130
f 3129 3130 3131
f 3131 3130 3132
f 3132 3130 3133
f 3132 3133 3134
f 3134 3133 3135
f 3135 3133 3136
f 3135 3136 3137
f 3138 3139 3140
f 3140 3139 3141
f 3140 3141 3136
f 3136 3141 3142
f 3136 3142 3137
f 3140 3143 3138
f 3138 3143 3144
f 3138 3144 3145
f 3146 3147 3148
f 3148 3147 3149
f 3148 3149 3150
f 3150 3149 3151
f 3150 3151 3152
f 3152 3151 3153
f 3153 3151 3154
f 3153 3154 3155
f 3155 3154 3156
f 3156 3154 3157
f 3156 3157 3158
f 3159 3160 3161
f 3161 3160 3162
f 3161 3162 3157
f 3157 3162 3163
f 3157 3163 3158
f 3161 3164 3159
f 3159 3164 3165
f 3159 3165 3166
f 3167 3168 3169
f 3168 3167 3170
f 3170 3167 3171
f 3170 3171 3172
f 3173 3174 3175
f 3175 3174 3176
f 3175 3176 3177
f 3177 3176 3178
f 3177 3178 3179
f 3179 3178 3180
f 3179 3180 3181
f 3181 3180 3182
f 3181 3182 3183
f 3183 3182 3184
f 3183 3184 3185
f 3185 3184 3186
f 3185 3186 3169
f 3169 3186 3187
f 3169 3187 3167
f 3175 3188 3173
f 3173 3188 3189
f 3173 3189 3190
f 3191 3192 3193
f 3193 3192 3194
f 3193 3194 3195
f 3195 3194 3196
f 3195 3196 3197
f 3197 3196 3198
f 3198 3196 3199
f 3198 3199 3200
f 3200 3199 3201
f 3201 3199 3202
f 3201 3202 3203
f 3204 3205 3206
f 3206 3205 3207
f 3206 3207 3202
f 3202 3207 3208
f 3202 3208 3203
f 3206 3209 3204
f 3204 3209 3210
f 3204 3210 3211
f 3212 3213 3214
f 3214 3213 3215
f 3216 3217 3218
f 3214 3219 3212
f 3212 3219 3220
f 3212 3220 3218
f 3218 3220 3221
f 3218 3221 3216
f 3216 3222 3217
f 3217 3222 3223
f 3217 3223 3224
f 3223 3225 3224
f 3224 3225 3226
f 3224 3226 3227
f 3226 3228 3227
f 3227 3228 3229
f 3227 3229 3230
f 3231 3232 3233
f 3229 3234 3230
f 3230 3234 3235
f 3230 3235 3233
f 3233 3235 3236
f 3233 3236 3231
f 3231 3237 3232
f 3232 3237 3238
f 3232 3238 3239
f 3023 3240 3241
f 3238 3242 3239
f 3239 3242 3021
f 3239 3021 3241
f 3241 3021 3022
f 3241 3022 3023
f 3023 3020 3240
f 3240 3020 3019
f 3240 3019 3243
f 3019 3018 3243
f 3243 3018 3017
f 3243 3017 3244
f 3013 3245 3246
f 3017 3016 3244
f 3244 3016 3015
f 3244 3015 3246
f 3246 3015 3014
f 3246 3014 3013
f 3013 3009 3245
f 3245 3009 3010
f 3245 3010 3247
f 3010 3012 3247
f 3247 3012 3011
f 3247 3011 3248
f 3011 3008 3248
f 3248 3008 3007
f 3248 3007 3249
f 3004 3250 3005
f 3005 3250 3249
f 3005 3249 3006
f 3006 3249 3007
f 3251 3252 3081
f 3062 3061 3253
f 3254 3255 3256
f 3254 3256 3257
f 3258 3259 3260
f 3260 3259 3257
f 3260 3257 3261
f 3261 3257 3256
f 3146 3148 3076
f 3148 3150 3076
f 3076 3150 3152
f 3076 3152 3077
f 3077 3152 3153
f 3077 3153 3155
f 3160 3159 3078
f 3160 3078 3162
f 3155 3156 3077
f 3077 3156 3158
f 3077 3158 3078
f 3078 3158 3163
f 3078 3163 3162
f 3166 3262 3263
f 3262 3264 3263
f 3263 3264 3265
f 3263 3265 3266
f 3265 3267 3266
f 3266 3267 3268
f 3266 3268 3254
f 3254 3268 3269
f 3254 3269 3255
f 3270 3271 3272
f 3272 3273 3270
f 3270 3273 3274
f 3270 3274 3275
f 3275 3274 3276
f 3275 3276 3277
f 3278 3279 3070
f 3278 3070 3280
f 3281 3071 3282
f 3282 3071 3070
f 3282 3070 3283
f 3283 3070 3279
f 3167 3072 3171
f 3171 3072 3071
f 3171 3071 3172
f 3172 3071 3281
f 3167 3187 3072
f 3072 3187 3186
f 3072 3186 3184
f 3284 3182 3180
f 3180 3178 3284
f 3284 3178 3176
f 3284 3176 3285
f 3176 3174 3285
f 3285 3174 3173
f 3285 3173 3271
f 3271 3173 3190
f 3271 3190 3272
f 3193 3195 3064
f 3286 3287 3288
f 3289 3290 3291
f 3289 3291 3292
f 3291 3293 3292
f 3292 3293 3294
f 3292 3294 3288
f 3288 3294 3295
f 3288 3295 3286
f 3193 3064 3191
f 3195 3197 3064
f 3064 3197 3198
f 3064 3198 3065
f 3065 3198 3200
f 3205 3204 3066
f 3205 3066 3207
f 3200 3201 3065
f 3065 3201 3203
f 3065 3203 3066
f 3066 3203 3208
f 3066 3208 3207
f 3211 3296 3297
f 3297 3296 3298
f 3297 3298 3299
f 3299 3298 3300
f 3299 3300 3289
f 3289 3300 3301
f 3289 3301 3290
f 3081 3080 3251
f 3251 3080 3079
f 3251 3079 3302
f 3302 3079 3303
f 3303 3079 3078
f 3303 3078 3263
f 3263 3078 3159
f 3263 3159 3166
f 3258 3146 3259
f 3259 3146 3076
f 3259 3076 3304
f 3304 3076 3075
f 3304 3075 3305
f 3305 3075 3306
f 3306 3075 3074
f 3306 3074 3307
f 3307 3074 3308
f 3308 3074 3073
f 3308 3073 3309
f 3309 3073 3310
f 3310 3073 3072
f 3310 3072 3284
f 3284 3072 3184
f 3284 3184 3182
f 3277 3280 3275
f 3275 3280 3070
f 3275 3070 3311
f 3311 3070 3069
f 3311 3069 3312
f 3312 3069 3313
f 3313 3069 3068
f 3313 3068 3314
f 3314 3068 3315
f 3315 3068 3067
f 3315 3067 3316
f 3316 3067 3317
f 3317 3067 3066
f 3317 3066 3297
f 3297 3066 3204
f 3297 3204 3211
f 3287 3191 3288
f 3288 3191 3064
f 3288 3064 3318
f 3318 3064 3063
f 3318 3063 3319
f 3319 3063 3062
f 3319 3062 3320
f 3320 3062 3253
f 3083 3321 3085
f 3085 3321 3322
f 3085 3322 3087
f 3087 3322 3323
f 3087 3323 3090
f 3090 3323 3324
f 3090 3324 3093
f 3093 3324 3325
f 3093 3325 3097
f 3097 3325 3326
f 3097 3326 3100
f 3100 3326 3327
f 3100 3327 3101
f 3101 3327 3328
f 3104 3329 3106
f 3106 3329 3330
f 3106 3330 3108
f 3108 3330 3331
f 3108 3331 3111
f 3111 3331 3332
f 3111 3332 3115
f 3115 3332 3333
f 3115 3333 3119
f 3119 3333 3334
f 3119 3334 3122
f 3122 3334 3335
f 3122 3335 3123
f 3123 3335 3336
f 3126 3337 3128
f 3128 3337 3338
f 3128 3338 3130
f 3130 3338 3339
f 3130 3339 3133
f 3133 3339 3340
f 3133 3340 3136
f 3136 3340 3341
f 3136 3341 3140
f 3140 3341 3342
f 3140 3342 3143
f 3143 3342 3343
f 3143 3343 3144
f 3144 3343 3344
f 3147 3345 3149
f 3149 3345 3346
f 3149 3346 3151
f 3151 3346 3347
f 3151 3347 3154
f 3154 3347 3348
f 3154 3348 3157
f 3157 3348 3349
f 3157 3349 3161
f 3161 3349 3350
f 3161 3350 3164
f 3164 3350 3351
f 3164 3351 3165
f 3165 3351 3352
f 3353 3189 3354
f 3354 3189 3188
f 3179 3355 3177
f 3177 3355 3356
f 3177 3356 3175
f 3175 3356 3357
f 3175 3357 3188
f 3188 3357 3358
f 3188 3358 3354
f 3179 3181 3355
f 3355 3181 3183
f 3355 3183 3359
f 3359 3183 3185
f 3359 3185 3360
f 3360 3185 3169
f 3360 3169 3361
f 3361 3169 3168
f 3361 3168 3362
f 3362 3168 3170
f 3362 3170 3363
f 3192 3364 3194
f 3194 3364 3365
f 3194 3365 3196
f 3196 3365 3366
f 3196 3366 3199
f 3199 3366 3367
f 3199 3367 3202
f 3202 3367 3368
f 3202 3368 3206
f 3206 3368 3369
f 3206 3369 3209
f 3209 3369 3370
f 3209 3370 3210
f 3210 3370 3371
f 3372 3213 3212
f 3373 3250 3374
f 3373 3375 3250
f 3250 3375 3376
f 3250 3376 3249
f 3249 3376 3377
f 3249 3377 3248
f 3248 3377 3378
f 3248 3378 3247
f 3247 3378 3379
f 3247 3379 3245
f 3245 3379 3380
f 3245 3380 3246
f 3246 3380 3381
f 3246 3381 3244
f 3244 3381 3382
f 3244 3382 3243
f 3243 3382 3383
f 3243 3383 3240
f 3240 3383 3384
f 3240 3384 3241
f 3241 3384 3385
f 3241 3385 3239
f 3239 3385 3386
f 3239 3386 3232
f 3232 3386 3387
f 3232 3387 3233
f 3233 3387 3388
f 3233 3388 3230
f 3230 3388 3389
f 3230 3389 3227
f 3227 3389 3390
f 3227 3390 3224
f 3224 3390 3391
f 3224 3391 3217
f 3217 3391 3392
f 3217 3392 3218
f 3218 3392 3393
f 3218 3393 3212
f 3212 3393 3394
f 3212 3394 3372
f 3372 3395 3213
f 3213 3395 3396
f 3213 3396 3397
f 3397 3396 3398
f 3397 3398 3399
f 3399 3398 3400
f 3399 3400 3401
f 3401 3400 3402
f 3401 3402 3403
f 3403 3402 3404
f 3403 3404 3405
f 3405 3404 3406
f 3405 3406 3407
f 3407 3406 3408
f 3407 3408 3409
f 3409 3408 3410
f 3409 3410 3411
f 3411 3410 3412
f 3411 3412 3413
f 3413 3412 3414
f 3413 3414 3415
f 3415 3414 3416
f 3415 3416 3417
f 3417 3416 3418
f 3417 3418 3419
f 3419 3418 3420
f 3419 3420 3421
f 3421 3420 3422
f 3421 3422 3423
f 3423 3422 3424
f 3423 3424 3425
f 3425 3424 3426
f 3425 3426 3427
f 3427 3426 3428
f 3427 3428 3429
f 3429 3428 3430
f 3429 3430 3374
f 3374 3430 3431
f 3374 3431 3373
f 3432 3433 3252
f 3252 3251 3432
f 3432 3251 3302
f 3432 3302 3434
f 3302 3303 3434
f 3434 3303 3263
f 3434 3263 3435
f 3263 3266 3435
f 3435 3266 3254
f 3435 3254 3436
f 3254 3257 3436
f 3436 3257 3259
f 3436 3259 3437
f 3259 3304 3437
f 3437 3304 3305
f 3437 3305 3438
f 3305 3306 3438
f 3438 3306 3307
f 3438 3307 3439
f 3307 3308 3439
f 3439 3308 3309
f 3439 3309 3440
f 3309 3310 3440
f 3440 3310 3284
f 3440 3284 3441
f 3284 3285 3441
f 3441 3285 3271
f 3441 3271 3442
f 3312 3443 3444
f 3271 3270 3442
f 3442 3270 3275
f 3442 3275 3444
f 3444 3275 3311
f 3444 3311 3312
f 3316 3445 3446
f 3312 3313 3443
f 3443 3313 3314
f 3443 3314 3446
f 3446 3314 3315
f 3446 3315 3316
f 3316 3317 3445
f 3445 3317 3297
f 3445 3297 3447
f 3447 3297 3299
f 3447 3299 3448
f 3299 3289 3448
f 3448 3289 3292
f 3448 3292 3449
f 3292 3288 3449
f 3449 3288 3318
f 3449 3318 3450
f 3253 3451 3320
f 3320 3451 3450
f 3320 3450 3319
f 3319 3450 3318
f 3452 3328 3453
f 3453 3328 3327
f 3453 3327 3454
f 3454 3327 3326
f 3454 3326 3455
f 3456 3457 3325
f 3325 3457 3458
f 3325 3458 3326
f 3326 3458 3459
f 3326 3459 3455
f 3456 3325 3460
f 3460 3325 3324
f 3460 3324 3461
f 3462 3463 3323
f 3323 3463 3464
f 3323 3464 3324
f 3324 3464 3465
f 3324 3465 3461
f 3323 3322 3462
f 3462 3322 3321
f 3462 3321 3466
f 3467 3336 3468
f 3468 3336 3335
f 3468 3335 3469
f 3469 3335 3334
f 3469 3334 3470
f 3470 3334 3471
f 3471 3334 3472
f 3472 3334 3333
f 3472 3333 3473
f 3332 3474 3475
f 3332 3475 3333
f 3333 3475 3476
f 3333 3476 3473
f 3477 3478 3331
f 3331 3478 3479
f 3331 3479 3332
f 3332 3479 3480
f 3332 3480 3474
f 3331 3330 3477
f 3477 3330 3329
f 3477 3329 3481
f 3482 3344 3483
f 3483 3344 3343
f 3483 3343 3484
f 3484 3343 3342
f 3484 3342 3485
f 3485 3342 3486
f 3486 3342 3487
f 3487 3342 3341
f 3487 3341 3488
f 3340 3489 3490
f 3340 3490 3341
f 3341 3490 3491
f 3341 3491 3488
f 3492 3493 3339
f 3339 3493 3494
f 3339 3494 3340
f 3340 3494 3495
f 3340 3495 3489
f 3339 3338 3492
f 3492 3338 3337
f 3492 3337 3496
f 3497 3352 3498
f 3498 3352 3351
f 3498 3351 3499
f 3499 3351 3350
f 3499 3350 3500
f 3500 3350 3501
f 3501 3350 3502
f 3502 3350 3349
f 3502 3349 3503
f 3348 3504 3505
f 3348 3505 3349
f 3349 3505 3506
f 3349 3506 3503
f 3507 3508 3347
f 3347 3508 3509
f 3347 3509 3348
f 3348 3509 3510
f 3348 3510 3504
f 3347 3346 3507
f 3507 3346 3345
f 3507 3345 3511
f 3512 3355 3513
f 3513 3355 3359
f 3513 3359 3514
f 3514 3359 3515
f 3515 3359 3360
f 3515 3360 3516
f 3516 3360 3517
f 3517 3360 3361
f 3517 3361 3518
f 3518 3361 3362
f 3518 3362 3519
f 3519 3362 3363
f 3519 3363 3520
f 3520 3363 3521
f 3520 3521 3522
f 3522 3521 3523
f 3523 3521 3524
f 3523 3524 3525
f 3525 3524 3526
f 3525 3526 3527
f 3527 3526 3528
f 3527 3528 3529
f 3529 3528 3530
f 3529 3530 3531
f 3532 3371 3533
f 3533 3371 3370
f 3533 3370 3534
f 3534 3370 3369
f 3534 3369 3535
f 3536 3537 3368
f 3368 3537 3538
f 3368 3538 3369
f 3369 3538 3539
f 3369 3539 3535
f 3536 3368 3540
f 3540 3368 3367
f 3540 3367 3541
f 3542 3543 3366
f 3366 3543 3544
f 3366 3544 3367
f 3367 3544 3545
f 3367 3545 3541
f 3366 3365 3542
f 3542 3365 3364
f 3542 3364 3546
f 3375 3547 3548
f 3375 3548 3376
f 3376 3548 3549
f 3376 3549 3377
f 3377 3549 3550
f 3377 3550 3378
f 3378 3550 3551
f 3378 3551 3379
f 3379 3551 3552
f 3379 3552 3380
f 3380 3552 3553
f 3380 3553 3381
f 3381 3553 3554
f 3381 3554 3382
f 3382 3554 3555
f 3382 3555 3383
f 3383 3555 3556
f 3383 3556 3384
f 3384 3556 3557
f 3384 3557 3385
f 3385 3557 3558
f 3385 3558 3386
f 3386 3558 3559
f 3386 3559 3387
f 3387 3559 3560
f 3387 3560 3388
f 3388 3560 3561
f 3388 3561 3389
f 3389 3561 3562
f 3389 3562 3390
f 3390 3562 3563
f 3390 3563 3391
f 3391 3563 3564
f 3391 3564 3392
f 3392 3564 3565
f 3392 3565 3393
f 3393 3565 3566
f 3393 3566 3394
f 3394 3566 3567
f 3394 3567 3372
f 3372 3567 3568
f 3372 3568 3395
f 3569 3451 3570
f 3571 3433 3432
f 3571 3572 3433
f 3433 3572 3573
f 3433 3573 3574
f 3574 3573 3575
f 3574 3575 3576
f 3576 3575 3577
f 3576 3577 3578
f 3578 3577 3579
f 3578 3579 3580
f 3580 3579 3581
f 3580 3581 3582
f 3582 3581 3583
f 3582 3583 3584
f 3584 3583 3585
f 3584 3585 3586
f 3586 3585 3587
f 3586 3587 3588
f 3588 3587 3589
f 3588 3589 3590
f 3590 3589 3591
f 3590 3591 3592
f 3592 3591 3593
f 3592 3593 3594
f 3594 3593 3595
f 3594 3595 3596
f 3596 3595 3597
f 3596 3597 3598
f 3598 3597 3599
f 3598 3599 3600
f 3600 3599 3601
f 3600 3601 3602
f 3602 3601 3603
f 3602 3603 3604
f 3604 3603 3605
f 3604 3605 3606
f 3606 3605 3607
f 3606 3607 3570
f 3570 3607 3608
f 3570 3608 3569
f 3569 3609 3451
f 3451 3609 3610
f 3451 3610 3450
f 3450 3610 3611
f 3450 3611 3449
f 3449 3611 3612
f 3449 3612 3448
f 3448 3612 3613
f 3448 3613 3447
f 3447 3613 3614
f 3447 3614 3445
f 3445 3614 3615
f 3445 3615 3446
f 3446 3615 3616
f 3446 3616 3443
f 3443 3616 3617
f 3443 3617 3444
f 3444 3617 3618
f 3444 3618 3442
f 3442 3618 3619
f 3442 3619 3441
f 3441 3619 3620
f 3441 3620 3440
f 3440 3620 3621
f 3440 3621 3439
f 3439 3621 3622
f 3439 3622 3438
f 3438 3622 3623
f 3438 3623 3437
f 3437 3623 3624
f 3437 3624 3436
f 3436 3624 3625
f 3436 3625 3435
f 3435 3625 3626
f 3435 3626 3434
f 3434 3626 3627
f 3434 3627 3432
f 3432 3627 3628
f 3432 3628 3571
f 3572 3568 3567
f 3629 3630 3605
f 3605 3630 3631
f 3605 3631 3607
f 3607 3631 3632
f 3607 3632 3633
f 3633 3634 3607
f 3607 3634 3482
f 3607 3482 3483
f 3483 3484 3550
f 3550 3484 3485
f 3485 3486 3550
f 3550 3486 3487
f 3550 3487 3551
f 3493 3492 3552
f 3489 3495 3552
f 3552 3495 3494
f 3552 3494 3493
f 3487 3488 3551
f 3551 3488 3491
f 3551 3491 3552
f 3552 3491 3490
f 3552 3490 3489
f 3492 3496 3603
f 3603 3496 3635
f 3635 3636 3603
f 3603 3636 3637
f 3603 3637 3638
f 3638 3639 3603
f 3603 3639 3640
f 3603 3640 3605
f 3605 3640 3641
f 3605 3641 3629
f 3642 3643 3581
f 3642 3581 3644
f 3645 3646 3579
f 3579 3646 3647
f 3579 3647 3581
f 3581 3647 3648
f 3581 3648 3644
f 3643 3649 3581
f 3581 3649 3452
f 3581 3452 3453
f 3563 3453 3454
f 3454 3455 3563
f 3563 3455 3459
f 3563 3459 3458
f 3458 3457 3563
f 3563 3457 3456
f 3563 3456 3564
f 3463 3462 3565
f 3463 3565 3464
f 3456 3460 3564
f 3564 3460 3461
f 3564 3461 3565
f 3565 3461 3465
f 3565 3465 3464
f 3466 3650 3577
f 3577 3650 3651
f 3651 3652 3577
f 3577 3652 3653
f 3577 3653 3579
f 3579 3653 3654
f 3579 3654 3645
f 3483 3550 3607
f 3607 3550 3549
f 3607 3549 3608
f 3608 3549 3548
f 3608 3548 3569
f 3569 3548 3547
f 3569 3547 3609
f 3492 3603 3552
f 3552 3603 3601
f 3552 3601 3553
f 3553 3601 3599
f 3553 3599 3554
f 3554 3599 3597
f 3554 3597 3555
f 3555 3597 3595
f 3555 3595 3556
f 3556 3595 3593
f 3556 3593 3557
f 3591 3655 3656
f 3657 3658 3593
f 3593 3658 3659
f 3593 3659 3660
f 3656 3661 3591
f 3591 3661 3662
f 3591 3662 3663
f 3663 3664 3591
f 3591 3664 3665
f 3591 3665 3593
f 3593 3665 3666
f 3593 3666 3657
f 3660 3667 3593
f 3593 3667 3467
f 3593 3467 3557
f 3557 3467 3468
f 3557 3468 3469
f 3480 3479 3558
f 3480 3558 3474
f 3469 3470 3557
f 3557 3470 3471
f 3557 3471 3472
f 3472 3473 3557
f 3557 3473 3476
f 3557 3476 3558
f 3558 3476 3475
f 3558 3475 3474
f 3479 3478 3558
f 3558 3478 3477
f 3558 3477 3481
f 3453 3563 3581
f 3581 3563 3562
f 3581 3562 3583
f 3583 3562 3561
f 3583 3561 3585
f 3585 3561 3560
f 3585 3560 3587
f 3587 3560 3559
f 3587 3559 3589
f 3589 3559 3558
f 3589 3558 3591
f 3591 3558 3481
f 3591 3481 3655
f 3572 3567 3573
f 3573 3567 3566
f 3573 3566 3575
f 3575 3566 3565
f 3575 3565 3577
f 3577 3565 3462
f 3577 3462 3466
f 1356 1357 1361
f 1361 1357 3668
f 1361 3668 1363
f 1363 3668 3669
f 1363 3669 1365
f 1365 3669 3670
f 1365 3670 1367
f 1367 3670 3671
f 1367 3671 1369
f 1369 3671 3672
f 1369 3672 1371
f 1371 3672 3673
f 1371 3673 1373
f 1373 3673 3674
f 1373 3674 1375
f 1375 3674 3675
f 1375 3675 1377
f 1377 3675 3676
f 1377 3676 1379
f 1379 3676 3677
f 1379 3677 1334
f 1334 3677 1335
f 1357 1401 3668
f 3668 1401 1448
f 3668 1448 3669
f 3669 1448 1428
f 3669 1428 3670
f 3670 1428 1430
f 3670 1430 3671
f 3671 1430 1432
f 3671 1432 3672
f 3672 1432 1434
f 3672 1434 3673
f 3673 1434 1436
f 3673 1436 3674
f 3674 1436 1417
f 3674 1417 3675
f 3675 1417 1419
f 3675 1419 3676
f 3676 1419 1415
f 3676 1415 3677
f 3677 1415 1414
f 3677 1414 1335
f 1335 1414 1390
f 1413 1359 1482
f 1482 1359 1360
f 1482 1360 1480
f 1480 1360 1362
f 1480 1362 1478
f 1478 1362 1364
f 1478 1364 1476
f 1476 1364 1366
f 1476 1366 1474
f 1474 1366 1368
f 1474 1368 1472
f 1472 1368 1370
f 1472 1370 1470
f 1470 1370 1372
f 1470 1372 1468
f 1468 1372 1374
f 1468 1374 1466
f 1466 1374 1376
f 1466 1376 1464
f 1464 1376 1378
f 1464 1378 1402
f 1402 1378 1380
f 1507 1424 1423
f 1507 1423 1505
f 1505 1423 1422
f 1505 1422 3678
f 3678 1422 1421
f 3678 1421 3679
f 3679 1421 1420
f 3679 1420 3680
f 3680 1420 1418
f 3680 1418 3681
f 3681 1418 1438
f 3681 1438 3682
f 3682 1438 1437
f 3682 1437 3683
f 3683 1437 1435
f 3683 1435 3684
f 3684 1435 1433
f 3684 1433 3685
f 3685 1433 1431
f 3685 1431 3686
f 3686 1431 1429
f 3686 1429 3687
f 3687 1429 1450
f 3687 1450 3688
f 3688 1450 1449
f 3688 1449 3689
f 3689 1449 1447
f 3689 1447 1504
f 1617 1539 1491
f 1442 1510 1443
f 1443 1510 1620
f 1443 1620 1425
f 1425 1620 1618
f 1425 1618 1426
f 1426 1618 1617
f 1426 1617 1490
f 1490 1617 1491
f 1536 1576 1463
f 1463 1576 1465
f 1574 1467 1575
f 1575 1467 1465
f 1575 1465 1568
f 1568 1465 1576
f 1574 1572 1467
f 1467 1572 1571
f 1467 1571 1469
f 1566 1471 1567
f 1567 1471 1469
f 1567 1469 1560
f 1560 1469 1571
f 1566 1564 1471
f 1471 1564 1563
f 1471 1563 1473
f 3690 1475 1556
f 1556 1475 1473
f 1556 1473 1557
f 1557 1473 1563
f 3690 3691 1475
f 1475 3691 3692
f 1475 3692 1477
f 3693 1479 3694
f 3694 1479 1477
f 3694 1477 3695
f 3695 1477 3692
f 3693 3696 1479
f 1479 3696 3697
f 1479 3697 1481
f 3697 3698 1481
f 1481 3698 3699
f 1481 3699 1483
f 1512 1484 3700
f 3700 1484 1483
f 3700 1483 3701
f 3701 1483 3699
f 1504 1552 1655
f 1504 1655 3689
f 3689 1655 1643
f 3689 1643 3688
f 3688 1643 1627
f 3688 1627 3687
f 3687 1627 1641
f 3687 1641 3686
f 3686 1641 1669
f 3686 1669 3685
f 3685 1669 1639
f 3685 1639 3684
f 3684 1639 1638
f 3684 1638 3683
f 3683 1638 1622
f 3683 1622 3682
f 3682 1622 1621
f 3682 1621 3681
f 3681 1621 1633
f 3681 1633 3680
f 3680 1633 1624
f 3680 1624 3679
f 3679 1624 1631
f 3679 1631 3678
f 3678 1631 1506
f 3678 1506 1505
f 1616 1600 3702
f 1525 1526 1584
f 1584 1526 3703
f 1584 3703 1600
f 1521 3704 3705
f 1526 1523 3703
f 3703 1523 1522
f 3703 1522 3706
f 3706 1522 1519
f 3706 1519 3705
f 3705 1519 1520
f 3705 1520 1521
f 1516 3707 3708
f 1521 1518 3704
f 3704 1518 1517
f 3704 1517 3709
f 3709 1517 1514
f 3709 1514 3708
f 3708 1514 1515
f 3708 1515 1516
f 1516 1513 3707
f 3707 1513 1512
f 3707 1512 3710
f 3710 1512 3700
f 3710 3700 3711
f 3711 3700 3701
f 3711 3701 3712
f 3712 3701 3699
f 3712 3699 3713
f 3713 3699 3698
f 3698 3697 3713
f 3713 3697 3696
f 3713 3696 3714
f 3714 3696 3693
f 3714 3693 3715
f 3715 3693 3694
f 3715 3694 3716
f 3716 3694 3695
f 1556 1558 3690
f 3690 1558 3717
f 3690 3717 3691
f 3691 3717 3716
f 3691 3716 3692
f 3692 3716 3695
f 1600 3703 3702
f 3702 3703 3706
f 3702 3706 3718
f 3718 3706 3705
f 3718 3705 3719
f 3719 3705 3704
f 3719 3704 3720
f 3720 3704 3709
f 3720 3709 3721
f 3721 3709 3708
f 3721 3708 3722
f 3722 3708 3707
f 3722 3707 3723
f 3723 3707 3710
f 3723 3710 3724
f 3724 3710 3711
f 3724 3711 3725
f 3725 3711 3712
f 3725 3712 3726
f 3726 3712 3713
f 3726 3713 3727
f 3727 3713 3714
f 3727 3714 3728
f 3728 3714 3715
f 3728 3715 3729
f 3729 3715 3716
f 3729 3716 3730
f 3730 3716 3717
f 3730 3717 3731
f 3731 3717 1558
f 3731 1558 1554
f 1616 3702 1710
f 1710 3702 3718
f 1710 3718 1715
f 1715 3718 3719
f 1715 3719 1713
f 1713 3719 3720
f 1713 3720 1733
f 1733 3720 3721
f 1733 3721 1747
f 1747 3721 3722
f 1747 3722 1745
f 1745 3722 3723
f 1745 3723 1752
f 1752 3723 3724
f 1752 3724 1688
f 1688 3724 3725
f 1688 3725 1689
f 1689 3725 3726
f 1689 3726 1704
f 1704 3726 3727
f 1704 3727 1695
f 1695 3727 3728
f 1695 3728 1693
f 1693 3728 3729
f 1693 3729 1691
f 1691 3729 3730
f 1691 3730 1720
f 1720 3730 3731
f 1720 3731 1724
f 1724 3731 1554
f 1724 1554 1553
f 1841 1813 3732
f 1813 1786 3733
f 1786 1658 1660
f 1786 1660 3733
f 3733 1660 1659
f 3733 1659 3734
f 3734 1659 1663
f 3734 1663 3735
f 3735 1663 1662
f 3735 1662 3736
f 3736 1662 1661
f 3736 1661 3737
f 3737 1661 1645
f 3737 1645 3738
f 3738 1645 1666
f 3738 1666 3739
f 3739 1666 1665
f 3739 1665 3740
f 3740 1665 1664
f 3740 1664 3741
f 3741 1664 1630
f 3741 1630 3742
f 3742 1630 1672
f 3742 1672 3743
f 3743 1672 1671
f 3743 1671 3744
f 3744 1671 1670
f 3744 1670 3745
f 3745 1670 1647
f 3745 1647 3746
f 3746 1647 1646
f 3746 1646 3747
f 3747 1646 1673
f 3747 1673 3748
f 3748 1673 1674
f 3748 1674 3749
f 3749 1674 1675
f 3749 1675 3750
f 3750 1675 1676
f 3750 1676 3751
f 3751 1676 1681
f 3751 1681 3752
f 3752 1681 1682
f 3752 1682 3753
f 3753 1682 1685
f 3753 1685 3754
f 3754 1685 1684
f 3754 1684 3755
f 3755 1684 1683
f 3755 1683 3756
f 3756 1683 1677
f 3756 1677 3757
f 3757 1677 1687
f 3757 1687 3758
f 3758 1687 1686
f 3758 1686 3759
f 3759 1686 1619
f 3759 1619 1758
f 1813 3733 3732
f 3732 3733 3734
f 3732 3734 3760
f 3760 3734 3735
f 3760 3735 3761
f 3761 3735 3736
f 3761 3736 3762
f 3762 3736 3737
f 3762 3737 3763
f 3763 3737 3738
f 3763 3738 3764
f 3764 3738 3739
f 3764 3739 3765
f 3765 3739 3740
f 3765 3740 3766
f 3766 3740 3741
f 3766 3741 3767
f 3767 3741 3742
f 3767 3742 3768
f 3768 3742 3743
f 3768 3743 3769
f 3769 3743 3744
f 3769 3744 3770
f 3770 3744 3745
f 3770 3745 3771
f 3771 3745 3746
f 3771 3746 3772
f 3772 3746 3747
f 3772 3747 3773
f 3773 3747 3748
f 3773 3748 3774
f 3774 3748 3749
f 3774 3749 3775
f 3775 3749 3750
f 3775 3750 3776
f 3776 3750 3751
f 3776 3751 3777
f 3777 3751 3752
f 3777 3752 3778
f 3778 3752 3753
f 3778 3753 3779
f 3779 3753 3754
f 3779 3754 3780
f 3780 3754 3755
f 3780 3755 3781
f 3781 3755 3756
f 3781 3756 3782
f 3782 3756 3757
f 3782 3757 3783
f 3783 3757 3758
f 3783 3758 3784
f 3784 3758 3759
f 3784 3759 3785
f 3785 3759 1758
f 3785 1758 1756
f 1841 3732 3786
f 3786 3732 3760
f 3786 3760 3787
f 3787 3760 3761
f 3787 3761 3788
f 3788 3761 3762
f 3788 3762 3789
f 3789 3762 3763
f 3789 3763 3790
f 3790 3763 3764
f 3790 3764 3791
f 3791 3764 3765
f 3791 3765 3792
f 3792 3765 3766
f 3792 3766 3793
f 3793 3766 3767
f 3793 3767 3794
f 3794 3767 3768
f 3794 3768 3795
f 3795 3768 3769
f 3795 3769 3796
f 3796 3769 3770
f 3796 3770 3797
f 3797 3770 3771
f 3797 3771 3798
f 3798 3771 3772
f 3798 3772 3799
f 3799 3772 3773
f 3799 3773 3800
f 3800 3773 3774
f 3800 3774 3801
f 3801 3774 3775
f 3801 3775 3802
f 3802 3775 3776
f 3802 3776 3803
f 3803 3776 3777
f 3803 3777 3804
f 3804 3777 3778
f 3804 3778 3805
f 3805 3778 3779
f 3805 3779 3806
f 3806 3779 3780
f 3806 3780 3807
f 3807 3780 3781
f 3807 3781 3808
f 3808 3781 3782
f 3808 3782 3809
f 3809 3782 3783
f 3809 3783 3810
f 3810 3783 3784
f 3810 3784 3811
f 3811 3784 3785
f 3811 3785 3812
f 3812 3785 1756
f 3812 1756 1755
f 1744 1868 1727
f 1727 1868 3813
f 1727 3813 1728
f 1728 3813 3814
f 1728 3814 1729
f 1729 3814 3815
f 1729 3815 1718
f 1718 3815 3816
f 1718 3816 1719
f 1719 3816 3817
f 1719 3817 1696
f 1696 3817 3818
f 1696 3818 1697
f 1697 3818 3819
f 1697 3819 1738
f 1738 3819 3820
f 1738 3820 1739
f 1739 3820 3821
f 1739 3821 1740
f 1740 3821 3822
f 1740 3822 1741
f 1741 3822 3823
f 1741 3823 1736
f 1736 3823 3824
f 1736 3824 1737
f 1737 3824 3825
f 1737 3825 1723
f 1723 3825 3826
f 1723 3826 1725
f 1725 3826 3827
f 1725 3827 1726
f 1726 3827 3828
f 1726 3828 1721
f 1721 3828 3829
f 1721 3829 1722
f 1722 3829 3830
f 1722 3830 1692
f 1692 3830 3831
f 1692 3831 1694
f 1694 3831 3832
f 1694 3832 1702
f 1702 3832 3833
f 1702 3833 1703
f 1703 3833 3834
f 1703 3834 1705
f 1705 3834 3835
f 1705 3835 1706
f 1706 3835 3836
f 1706 3836 1690
f 1690 3836 3837
f 1690 3837 1750
f 1750 3837 1842
f 1868 1895 3813
f 3813 1895 3838
f 3813 3838 3814
f 3814 3838 3839
f 3814 3839 3815
f 3815 3839 3840
f 3815 3840 3816
f 3816 3840 3841
f 3816 3841 3817
f 3817 3841 3842
f 3817 3842 3818
f 3818 3842 3843
f 3818 3843 3819
f 3819 3843 3844
f 3819 3844 3820
f 3820 3844 3845
f 3820 3845 3821
f 3821 3845 3846
f 3821 3846 3822
f 3822 3846 3847
f 3822 3847 3823
f 3823 3847 3848
f 3823 3848 3824
f 3824 3848 3849
f 3824 3849 3825
f 3825 3849 3850
f 3825 3850 3826
f 3826 3850 3851
f 3826 3851 3827
f 3827 3851 3852
f 3827 3852 3828
f 3828 3852 3853
f 3828 3853 3829
f 3829 3853 3854
f 3829 3854 3830
f 3830 3854 3855
f 3830 3855 3831
f 3831 3855 3856
f 3831 3856 3832
f 3832 3856 3857
f 3832 3857 3833
f 3833 3857 3858
f 3833 3858 3834
f 3834 3858 3859
f 3834 3859 3835
f 3835 3859 3860
f 3835 3860 3836
f 3836 3860 3861
f 3836 3861 3837
f 3837 3861 3862
f 3837 3862 1842
f 1842 3862 1869
f 1895 1922 3838
f 3838 1922 3863
f 3838 3863 3839
f 3839 3863 3864
f 3839 3864 3840
f 3840 3864 3865
f 3840 3865 3841
f 3841 3865 3866
f 3841 3866 3842
f 3842 3866 3867
f 3842 3867 3843
f 3843 3867 3868
f 3843 3868 3844
f 3844 3868 3869
f 3844 3869 3845
f 3845 3869 3870
f 3845 3870 3846
f 3846 3870 3871
f 3846 3871 3847
f 3847 3871 3872
f 3847 3872 3848
f 3848 3872 3873
f 3848 3873 3849
f 3849 3873 3874
f 3849 3874 3850
f 3850 3874 3875
f 3850 3875 3851
f 3851 3875 3876
f 3851 3876 3852
f 3852 3876 3877
f 3852 3877 3853
f 3853 3877 3878
f 3853 3878 3854
f 3854 3878 3879
f 3854 3879 3855
f 3855 3879 3880
f 3855 3880 3856
f 3856 3880 3881
f 3856 3881 3857
f 3857 3881 3882
f 3857 3882 3858
f 3858 3882 3883
f 3858 3883 3859
f 3859 3883 3884
f 3859 3884 3860
f 3860 3884 3885
f 3860 3885 3861
f 3861 3885 3886
f 3861 3886 3862
f 3862 3886 3887
f 3862 3887 1869
f 1869 3887 1896
f 1755 1951 3812
f 3812 1951 2117
f 3812 2117 3811
f 3811 2117 2116
f 3811 2116 3810
f 3810 2116 2115
f 3810 2115 3809
f 3809 2115 2114
f 3809 2114 3808
f 3808 2114 2113
f 3808 2113 3807
f 3807 2113 2112
f 3807 2112 3806
f 3806 2112 2111
f 3806 2111 3805
f 3805 2111 2110
f 3805 2110 3804
f 3804 2110 2109
f 3804 2109 3803
f 3803 2109 2108
f 3803 2108 3802
f 3802 2108 2107
f 3802 2107 3801
f 3801 2107 2106
f 3801 2106 3800
f 3800 2106 2105
f 3800 2105 3799
f 3799 2105 2104
f 3799 2104 3798
f 3798 2104 2103
f 3798 2103 3797
f 3797 2103 2102
f 3797 2102 3796
f 3796 2102 2101
f 3796 2101 3795
f 3795 2101 2100
f 3795 2100 3794
f 3794 2100 2099
f 3794 2099 3793
f 3793 2099 2098
f 3793 2098 3792
f 3792 2098 2097
f 3792 2097 3791
f 3791 2097 2096
f 3791 2096 3790
f 3790 2096 2095
f 3790 2095 3789
f 3789 2095 2094
f 3789 2094 3788
f 3788 2094 2093
f 3788 2093 3787
f 3787 2093 2092
f 3787 2092 3786
f 3786 2092 2091
f 3786 2091 1841
f 1841 2091 1923
f 1922 2005 3863
f 3863 2005 2201
f 3863 2201 3864
f 3864 2201 2199
f 3864 2199 3865
f 3865 2199 2197
f 3865 2197 3866
f 3866 2197 2195
f 3866 2195 3867
f 3867 2195 2193
f 3867 2193 3868
f 3868 2193 2191
f 3868 2191 3869
f 3869 2191 2189
f 3869 2189 3870
f 3870 2189 2187
f 3870 2187 3871
f 3871 2187 2185
f 3871 2185 3872
f 3872 2185 2183
f 3872 2183 3873
f 3873 2183 2181
f 3873 2181 3874
f 3874 2181 2179
f 3874 2179 3875
f 3875 2179 2177
f 3875 2177 3876
f 3876 2177 2175
f 3876 2175 3877
f 3877 2175 2173
f 3877 2173 3878
f 3878 2173 2171
f 3878 2171 3879
f 3879 2171 2169
f 3879 2169 3880
f 3880 2169 2167
f 3880 2167 3881
f 3881 2167 2165
f 3881 2165 3882
f 3882 2165 2163
f 3882 2163 3883
f 3883 2163 2161
f 3883 2161 3884
f 3884 2161 2159
f 3884 2159 3885
f 3885 2159 2157
f 3885 2157 3886
f 3886 2157 2155
f 3886 2155 3887
f 3887 2155 2154
f 3887 2154 1896
f 1896 2154 1979
f 1968 3888 3889
f 2052 2051 3890
f 3890 2051 2565
f 3890 2565 3891
f 3891 2565 2564
f 3891 2564 3892
f 3892 2564 2563
f 3892 2563 3893
f 3893 2563 2561
f 3893 2561 3894
f 3894 2561 2560
f 3894 2560 3895
f 3895 2560 2569
f 3895 2569 3896
f 3896 2569 2567
f 3896 2567 3897
f 3897 2567 2566
f 3897 2566 3898
f 3898 2566 2572
f 3898 2572 3899
f 3899 2572 2573
f 3899 2573 3900
f 3900 2573 2581
f 3900 2581 3889
f 3889 2581 2580
f 3889 2580 1968
f 2007 2006 2591
f 2591 2006 3901
f 2591 3901 2589
f 2589 3901 3902
f 2589 3902 2590
f 2590 3902 3903
f 2590 3903 2592
f 2592 3903 3904
f 2592 3904 2593
f 2593 3904 3905
f 2593 3905 2517
f 2517 3905 3906
f 2517 3906 2518
f 2518 3906 3907
f 2518 3907 2519
f 2519 3907 3908
f 2519 3908 2520
f 2520 3908 3909
f 2520 3909 2521
f 2521 3909 3910
f 2521 3910 2514
f 2514 3910 3911
f 2514 3911 2515
f 2515 3911 3912
f 2515 3912 2583
f 2583 3912 3913
f 2583 3913 2582
f 2582 3913 3914
f 2582 3914 1965
f 1965 3914 3888
f 1965 3888 1966
f 1966 3888 1968
f 2006 2090 3901
f 3901 2090 3915
f 3901 3915 3902
f 3902 3915 3916
f 3902 3916 3903
f 3903 3916 3917
f 3903 3917 3904
f 3904 3917 3918
f 3904 3918 3905
f 3905 3918 3919
f 3905 3919 3906
f 3906 3919 3920
f 3906 3920 3907
f 3907 3920 3921
f 3907 3921 3908
f 3908 3921 3922
f 3908 3922 3909
f 3909 3922 3923
f 3909 3923 3910
f 3910 3923 3924
f 3910 3924 3911
f 3911 3924 3925
f 3911 3925 3912
f 3912 3925 3926
f 3912 3926 3913
f 3913 3926 3927
f 3913 3927 3914
f 3914 3927 3928
f 3914 3928 3888
f 3888 3928 3929
f 3888 3929 3889
f 3889 3929 3930
f 3889 3930 3900
f 3900 3930 3931
f 3900 3931 3899
f 3899 3931 3932
f 3899 3932 3898
f 3898 3932 3933
f 3898 3933 3897
f 3897 3933 3934
f 3897 3934 3896
f 3896 3934 3935
f 3896 3935 3895
f 3895 3935 3936
f 3895 3936 3894
f 3894 3936 3937
f 3894 3937 3893
f 3893 3937 3938
f 3893 3938 3892
f 3892 3938 3939
f 3892 3939 3891
f 3891 3939 3940
f 3891 3940 3890
f 3890 3940 3941
f 3890 3941 2052
f 2052 3941 2062
f 2090 1951 3915
f 3915 1951 1950
f 3915 1950 3916
f 3916 1950 1949
f 3916 1949 3917
f 3917 1949 1948
f 3917 1948 3918
f 3918 1948 1947
f 3918 1947 3919
f 3919 1947 1946
f 3919 1946 3920
f 3920 1946 1945
f 3920 1945 3921
f 3921 1945 1944
f 3921 1944 3922
f 3922 1944 1943
f 3922 1943 3923
f 3923 1943 1942
f 3923 1942 3924
f 3924 1942 1941
f 3924 1941 3925
f 3925 1941 1940
f 3925 1940 3926
f 3926 1940 1939
f 3926 1939 3927
f 3927 1939 1938
f 3927 1938 3928
f 3928 1938 1937
f 3928 1937 3929
f 3929 1937 1936
f 3929 1936 3930
f 3930 1936 1935
f 3930 1935 3931
f 3931 1935 1934
f 3931 1934 3932
f 3932 1934 1933
f 3932 1933 3933
f 3933 1933 1932
f 3933 1932 3934
f 3934 1932 1931
f 3934 1931 3935
f 3935 1931 1930
f 3935 1930 3936
f 3936 1930 1929
f 3936 1929 3937
f 3937 1929 1928
f 3937 1928 3938
f 3938 1928 1927
f 3938 1927 3939
f 3939 1927 1926
f 3939 1926 3940
f 3940 1926 1925
f 3940 1925 3941
f 3941 1925 1924
f 3941 1924 2062
f 2062 1924 1923
f 2128 1952 2868
f 2868 1952 1957
f 2868 1957 2872
f 2872 1957 1958
f 2872 1958 2888
f 1958 1959 2888
f 2888 1959 1960
f 2888 1960 2889
f 2889 1960 2548
f 2889 2548 2891
f 2891 2548 2546
f 2891 2546 2118
f 2118 2546 2119
f 2136 2135 2878
f 2878 2135 2577
f 2878 2577 2879
f 2879 2577 2575
f 2879 2575 2880
f 2880 2575 2574
f 2880 2574 2881
f 2881 2574 2579
f 2881 2579 2882
f 1964 2129 1965
f 1965 2129 2882
f 1965 2882 2578
f 2578 2882 2579
f 2838 2147 2148
f 2148 2556 2838
f 2838 2556 1971
f 2838 1971 2839
f 2839 1971 1970
f 2839 1970 2840
f 2840 1970 1976
f 2840 1976 2841
f 2841 1976 1977
f 2841 1977 2837
f 2837 1977 1978
f 2837 1978 2138
f 2138 1978 1975
f 2254 2228 3942
f 2228 2203 3943
f 2203 2005 2004
f 2203 2004 3943
f 3943 2004 2003
f 3943 2003 3944
f 3944 2003 2002
f 3944 2002 3945
f 3945 2002 2001
f 3945 2001 3946
f 3946 2001 2000
f 3946 2000 3947
f 3947 2000 1999
f 3947 1999 3948
f 3948 1999 1998
f 3948 1998 3949
f 3949 1998 1997
f 3949 1997 3950
f 3950 1997 1996
f 3950 1996 3951
f 3951 1996 1995
f 3951 1995 3952
f 3952 1995 1994
f 3952 1994 3953
f 3953 1994 1993
f 3953 1993 3954
f 3954 1993 1992
f 3954 1992 3955
f 3955 1992 1991
f 3955 1991 3956
f 3956 1991 1990
f 3956 1990 3957
f 3957 1990 1989
f 3957 1989 3958
f 3958 1989 1988
f 3958 1988 3959
f 3959 1988 1987
f 3959 1987 3960
f 3960 1987 1986
f 3960 1986 3961
f 3961 1986 1985
f 3961 1985 3962
f 3962 1985 1984
f 3962 1984 3963
f 3963 1984 1983
f 3963 1983 3964
f 3964 1983 1982
f 3964 1982 3965
f 3965 1982 1981
f 3965 1981 3966
f 3966 1981 1980
f 3966 1980 3967
f 3967 1980 1979
f 3967 1979 2152
f 2228 3943 3942
f 3942 3943 3944
f 3942 3944 3968
f 3968 3944 3945
f 3968 3945 3969
f 3969 3945 3946
f 3969 3946 3970
f 3970 3946 3947
f 3970 3947 3971
f 3971 3947 3948
f 3971 3948 3972
f 3972 3948 3949
f 3972 3949 3973
f 3973 3949 3950
f 3973 3950 3974
f 3974 3950 3951
f 3974 3951 3975
f 3975 3951 3952
f 3975 3952 3976
f 3976 3952 3953
f 3976 3953 3977
f 3977 3953 3954
f 3977 3954 3978
f 3978 3954 3955
f 3978 3955 3979
f 3979 3955 3956
f 3979 3956 3980
f 3980 3956 3957
f 3980 3957 3981
f 3981 3957 3958
f 3981 3958 3982
f 3982 3958 3959
f 3982 3959 3983
f 3983 3959 3960
f 3983 3960 3984
f 3984 3960 3961
f 3984 3961 3985
f 3985 3961 3962
f 3985 3962 3986
f 3986 3962 3963
f 3986 3963 3987
f 3987 3963 3964
f 3987 3964 3988
f 3988 3964 3965
f 3988 3965 3989
f 3989 3965 3966
f 3989 3966 3990
f 3990 3966 3967
f 3990 3967 3991
f 3991 3967 2152
f 3991 2152 2150
f 2254 3942 2869
f 2869 3942 3968
f 2869 3968 2873
f 2873 3968 3969
f 2873 3969 2867
f 2867 3969 3970
f 2867 3970 2866
f 2866 3970 3971
f 2866 3971 2864
f 2864 3971 3972
f 2864 3972 2862
f 2862 3972 3973
f 2862 3973 2857
f 2857 3973 3974
f 2857 3974 2858
f 2858 3974 3975
f 2858 3975 2859
f 2859 3975 3976
f 2859 3976 2860
f 2860 3976 3977
f 2860 3977 2861
f 2861 3977 3978
f 2861 3978 2847
f 2847 3978 3979
f 2847 3979 2848
f 2848 3979 3980
f 2848 3980 2855
f 2855 3980 3981
f 2855 3981 2850
f 2850 3981 3982
f 2850 3982 2851
f 2851 3982 3983
f 2851 3983 2853
f 2853 3983 3984
f 2853 3984 2854
f 2854 3984 3985
f 2854 3985 2844
f 2844 3985 3986
f 2844 3986 2845
f 2845 3986 3987
f 2845 3987 2832
f 2832 3987 3988
f 2832 3988 2833
f 2833 3988 3989
f 2833 3989 2835
f 2835 3989 3990
f 2835 3990 2828
f 2828 3990 3991
f 2828 3991 2829
f 2829 3991 2150
f 2829 2150 2149
f 2267 2268 2827
f 2827 2268 2619
f 2827 2619 2826
f 2826 2619 2620
f 2826 2620 2650
f 2650 2620 2618
f 2650 2618 2651
f 2651 2618 2617
f 2651 2617 2824
f 2824 2617 2616
f 2824 2616 2255
f 2255 2616 2256
f 2281 2282 2820
f 2820 2282 2598
f 2820 2598 2821
f 2821 2598 2597
f 2821 2597 2672
f 2672 2597 2604
f 2672 2604 2825
f 2825 2604 2602
f 2825 2602 2818
f 2818 2602 2600
f 2818 2600 2269
f 2269 2600 2270
f 2295 2296 2808
f 2808 2296 2611
f 2808 2611 2809
f 2809 2611 2609
f 2809 2609 2811
f 2811 2609 2607
f 2811 2607 2812
f 2812 2607 2606
f 2812 2606 2805
f 2805 2606 2614
f 2805 2614 2283
f 2283 2614 2284
f 2309 2310 2719
f 2719 2310 2455
f 2719 2455 2722
f 2722 2455 2454
f 2722 2454 2723
f 2723 2454 2453
f 2723 2453 2725
f 2725 2453 2451
f 2725 2451 2726
f 2726 2451 2450
f 2726 2450 2297
f 2297 2450 2298
f 2323 2324 2801
f 2801 2324 2540
f 2801 2540 2926
f 2926 2540 2425
f 2926 2425 2800
f 2800 2425 2424
f 2800 2424 2727
f 2727 2424 2543
f 2727 2543 2728
f 2728 2543 2545
f 2728 2545 2311
f 2311 2545 2312
f 2337 2338 2957
f 2957 2338 2539
f 2957 2539 2962
f 2962 2539 2538
f 2962 2538 2961
f 2961 2538 2537
f 2961 2537 2960
f 2960 2537 2536
f 2960 2536 2963
f 2963 2536 2535
f 2963 2535 2325
f 2325 2535 2326
f 2351 2352 2654
f 2654 2352 2512
f 2654 2512 2655
f 2655 2512 2511
f 2655 2511 2798
f 2798 2511 2506
f 2798 2506 2796
f 2796 2506 2504
f 2796 2504 2793
f 2793 2504 2503
f 2793 2503 2339
f 2339 2503 2340
f 2365 2366 2788
f 2788 2366 2551
f 2788 2551 2790
f 2790 2551 2531
f 2790 2531 2792
f 2792 2531 2532
f 2792 2532 2791
f 2791 2532 2533
f 2791 2533 2786
f 2786 2533 2530
f 2786 2530 2353
f 2353 2530 2354
f 2379 2380 2754
f 2754 2380 2436
f 2754 2436 2752
f 2752 2436 2435
f 2752 2435 2748
f 2748 2435 2443
f 2748 2443 2749
f 2749 2443 2442
f 2749 2442 2750
f 2750 2442 2440
f 2750 2440 2367
f 2367 2440 2368
f 2393 2394 2699
f 2699 2394 2585
f 2699 2585 2700
f 2700 2585 2584
f 2700 2584 2696
f 2696 2584 2479
f 2696 2479 2695
f 2695 2479 2478
f 2695 2478 2693
f 2693 2478 2477
f 2693 2477 2381
f 2381 2477 2382
f 2407 2408 2902
f 2902 2408 2637
f 2902 2637 2903
f 2903 2637 2642
f 2903 2642 2904
f 2904 2642 2641
f 2904 2641 2906
f 2906 2641 2640
f 2906 2640 2907
f 2907 2640 2635
f 2907 2635 2395
f 2395 2635 2396
f 2421 2422 2776
f 2776 2422 2522
f 2776 2522 2777
f 2777 2522 2523
f 2777 2523 2779
f 2779 2523 2525
f 2779 2525 2781
f 2781 2525 2529
f 2781 2529 2784
f 2784 2529 2527
f 2784 2527 2409
f 2409 2527 2410
f 2984 2630 3059
f 3059 2630 2480
f 3059 2480 3057
f 3057 2480 2586
f 3057 2586 3055
f 3055 2586 2587
f 3055 2587 3053
f 3053 2587 2482
f 2482 2483 3053
f 3053 2483 2484
f 3053 2484 3051
f 2494 2502 3033
f 2494 3033 2495
f 2484 2485 3051
f 3051 2485 2487
f 3051 2487 3049
f 3049 2487 2488
f 3049 2488 3047
f 3047 2488 2491
f 3047 2491 3045
f 3045 2491 2492
f 3045 2492 3043
f 3043 2492 2601
f 3043 2601 3041
f 3041 2601 2603
f 3041 2603 3039
f 3039 2603 2605
f 3039 2605 3037
f 3037 2605 2429
f 3037 2429 3035
f 3035 2429 2428
f 3035 2428 3033
f 3033 2428 2634
f 3033 2634 2495
f 2502 2501 3033
f 3033 2501 2499
f 3033 2499 3031
f 2499 2497 3031
f 3031 2497 2507
f 3031 2507 3029
f 3029 2507 2509
f 3029 2509 3027
f 3027 2509 2508
f 3027 2508 3025
f 3025 2508 2513
f 3025 2513 2965
f 2965 2513 2438
f 2670 3021 3242
f 2670 3242 2671
f 3231 2774 3237
f 3237 2774 2671
f 3237 2671 3238
f 3238 2671 3242
f 3235 2767 2769
f 3235 2769 3236
f 3236 2769 2771
f 3236 2771 3231
f 3231 2771 2773
f 3231 2773 2774
f 3234 2764 3235
f 3235 2764 2766
f 3235 2766 2767
f 2657 2944 3229
f 3229 2944 2964
f 3229 2964 3234
f 3234 2964 2762
f 3234 2762 2764
f 2759 3225 2761
f 2761 3225 3223
f 3229 3228 2657
f 2657 3228 3226
f 2657 3226 2658
f 2658 3226 3225
f 2658 3225 2758
f 2758 3225 2759
f 3222 2755 3223
f 3223 2755 2799
f 3223 2799 2761
f 3222 3216 2755
f 2755 3216 3221
f 2755 3221 2756
f 2756 3221 3220
f 2756 3220 2747
f 3220 3219 2747
f 2747 3219 3214
f 2747 3214 2751
f 3214 3215 2751
f 2751 3215 3992
f 2751 3992 2739
f 3992 3993 2739
f 2739 3993 3994
f 2739 3994 2741
f 3994 3995 2741
f 2741 3995 3996
f 2741 3996 2743
f 3997 2736 2735
f 3997 2735 3998
f 3996 3999 2743
f 2743 3999 4000
f 2743 4000 2745
f 2745 4000 3998
f 2745 3998 2803
f 2803 3998 2735
f 2736 3997 2737
f 2737 3997 4001
f 2737 4001 4002
f 4003 2730 2731
f 4003 2731 4004
f 4004 2731 2732
f 4004 2732 4002
f 4002 2732 2733
f 4002 2733 2737
f 4005 2717 4006
f 4006 2717 2718
f 4006 2718 4003
f 4003 2718 2721
f 4003 2721 2730
f 4007 2661 4005
f 4005 2661 2660
f 4005 2660 2717
f 2985 2713 4008
f 4008 2713 2661
f 4008 2661 4009
f 4009 2661 4007
f 3102 3101 4010
f 4010 3101 4011
f 4010 4011 4012
f 4012 4011 4013
f 4012 4013 4014
f 4014 4013 4015
f 4015 4013 4016
f 4015 4016 4017
f 4017 4016 4018
f 4018 4016 4019
f 4018 4019 4020
f 4021 4022 4023
f 4023 4022 4024
f 4023 4024 4019
f 4019 4024 4025
f 4019 4025 4020
f 4023 4026 4021
f 4021 4026 3083
f 4021 3083 3082
f 3124 3123 4027
f 4027 3123 4028
f 4027 4028 4029
f 4029 4028 4030
f 4031 4032 4033
f 4033 4032 4034
f 4033 4034 4030
f 4030 4034 4035
f 4030 4035 4029
f 4031 4033 4036
f 4036 4033 4037
f 4036 4037 4038
f 4039 4040 4041
f 4041 4040 4042
f 4041 4042 4037
f 4037 4042 4043
f 4037 4043 4038
f 4041 4044 4039
f 4039 4044 3104
f 4039 3104 3103
f 3145 3144 4045
f 4045 3144 4046
f 4045 4046 4047
f 4047 4046 4048
f 4047 4048 4049
f 4049 4048 4050
f 4050 4048 4051
f 4050 4051 4052
f 4052 4051 4053
f 4053 4051 4054
f 4053 4054 4055
f 4056 4057 4058
f 4058 4057 4059
f 4058 4059 4054
f 4054 4059 4060
f 4054 4060 4055
f 4058 4061 4056
f 4056 4061 3126
f 4056 3126 3125
f 3166 3165 3262
f 3262 3165 4062
f 3262 4062 3264
f 3264 4062 4063
f 3264 4063 3265
f 3265 4063 3267
f 3267 4063 4064
f 3267 4064 3268
f 3268 4064 3269
f 3269 4064 4065
f 3269 4065 3255
f 3258 3260 4066
f 4066 3260 3261
f 4066 3261 4065
f 4065 3261 3256
f 4065 3256 3255
f 4066 4067 3258
f 3258 4067 3147
f 3258 3147 3146
f 3273 4068 4069
f 4068 3273 3189
f 3189 3273 3272
f 3189 3272 3190
f 3281 3282 4070
f 4070 3282 3283
f 4070 3283 4071
f 4071 3283 3279
f 4071 3279 4072
f 4072 3279 3278
f 4072 3278 4073
f 4073 3278 3280
f 4073 3280 4074
f 4074 3280 3277
f 4074 3277 4075
f 4075 3277 3276
f 4075 3276 4069
f 4069 3276 3274
f 4069 3274 3273
f 4070 4076 3281
f 3281 4076 3170
f 3281 3170 3172
f 3211 3210 3296
f 3296 3210 4077
f 3296 4077 3298
f 3298 4077 4078
f 3298 4078 3300
f 3300 4078 3301
f 3301 4078 4079
f 3301 4079 3290
f 3290 4079 3291
f 3291 4079 4080
f 3291 4080 3293
f 3287 3286 4081
f 4081 3286 3295
f 4081 3295 4080
f 4080 3295 3294
f 4080 3294 3293
f 4081 4082 3287
f 3287 4082 3192
f 3287 3192 3191
f 3250 3004 3003
f 3250 3003 3374
f 3003 3002 3374
f 3374 3002 3001
f 3374 3001 3429
f 3001 3000 3429
f 3429 3000 2999
f 3429 2999 3427
f 2999 2997 3427
f 3427 2997 2998
f 3427 2998 3425
f 2998 2996 3425
f 3425 2996 2995
f 3425 2995 3423
f 2995 2994 3423
f 3423 2994 2993
f 3423 2993 3421
f 2993 2992 3421
f 3421 2992 2991
f 3421 2991 3419
f 2991 2990 3419
f 3419 2990 2989
f 3419 2989 3417
f 2989 2988 3417
f 3417 2988 2987
f 3417 2987 3415
f 4009 3411 3413
f 2987 2986 3415
f 3415 2986 2985
f 3415 2985 3413
f 3413 2985 4008
f 3413 4008 4009
f 4003 3407 3409
f 4009 4007 3411
f 3411 4007 4005
f 3411 4005 3409
f 3409 4005 4006
f 3409 4006 4003
f 3997 3403 3405
f 4003 4004 3407
f 3407 4004 4002
f 3407 4002 3405
f 3405 4002 4001
f 3405 4001 3997
f 3997 3998 3403
f 3403 3998 4000
f 3403 4000 3401
f 4000 3999 3401
f 3401 3999 3996
f 3401 3996 3399
f 3996 3995 3399
f 3399 3995 3994
f 3399 3994 3397
f 3215 3213 3992
f 3992 3213 3397
f 3992 3397 3993
f 3993 3397 3994
f 3024 3081 3252
f 4083 3253 3061
f 4084 4055 4060
f 4084 4060 4085
f 4056 4086 4057
f 4057 4086 4085
f 4057 4085 4059
f 4059 4085 4060
f 3125 3127 3052
f 3127 3129 3052
f 3052 3129 3131
f 3052 3131 3054
f 3054 3131 3132
f 3054 3132 3134
f 3139 3138 3056
f 3139 3056 3141
f 3134 3135 3054
f 3054 3135 3137
f 3054 3137 3056
f 3056 3137 3142
f 3056 3142 3141
f 3145 4045 4087
f 4045 4047 4087
f 4087 4047 4049
f 4087 4049 4088
f 4049 4050 4088
f 4088 4050 4052
f 4088 4052 4084
f 4084 4052 4053
f 4084 4053 4055
f 3105 3107 3040
f 4031 4036 4089
f 4089 4036 4038
f 4089 4038 4090
f 4038 4043 4090
f 4090 4043 4042
f 4090 4042 4091
f 4091 4042 4040
f 4091 4040 4039
f 3105 3040 3103
f 3107 3113 3040
f 3040 3113 3112
f 3040 3112 3042
f 3042 3112 3110
f 3042 3110 3109
f 3118 3117 3044
f 3118 3044 3120
f 3109 3114 3042
f 3042 3114 3116
f 3042 3116 3044
f 3044 3116 3121
f 3044 3121 3120
f 3124 4027 4092
f 4092 4027 4029
f 4092 4029 4093
f 4029 4035 4093
f 4093 4035 4034
f 4093 4034 4089
f 4089 4034 4032
f 4089 4032 4031
f 3084 3086 3028
f 4022 4021 4094
f 4095 4017 4018
f 4095 4018 4096
f 4018 4020 4096
f 4096 4020 4025
f 4096 4025 4094
f 4094 4025 4024
f 4094 4024 4022
f 3084 3028 3082
f 3086 3088 3028
f 3028 3088 3089
f 3028 3089 3030
f 3030 3089 3091
f 3096 3095 3032
f 3096 3032 3098
f 3091 3092 3030
f 3030 3092 3094
f 3030 3094 3032
f 3032 3094 3099
f 3032 3099 3098
f 3102 4010 4097
f 4097 4010 4012
f 4097 4012 4098
f 4098 4012 4014
f 4098 4014 4095
f 4095 4014 4015
f 4095 4015 4017
f 3061 3060 4083
f 4083 3060 3058
f 4083 3058 4099
f 4099 3058 4100
f 4100 3058 3056
f 4100 3056 4087
f 4087 3056 3138
f 4087 3138 3145
f 4056 3125 4086
f 4086 3125 3052
f 4086 3052 4101
f 4101 3052 3050
f 4101 3050 4102
f 4102 3050 4103
f 4103 3050 3048
f 4103 3048 4104
f 4104 3048 4105
f 4105 3048 3046
f 4105 3046 4106
f 4106 3046 4107
f 4107 3046 3044
f 4107 3044 4092
f 4092 3044 3117
f 4092 3117 3124
f 4039 3103 4091
f 4091 3103 3040
f 4091 3040 4108
f 4108 3040 3038
f 4108 3038 4109
f 4109 3038 4110
f 4110 3038 3036
f 4110 3036 4111
f 4111 3036 4112
f 4112 3036 3034
f 4112 3034 4113
f 4113 3034 4114
f 4114 3034 3032
f 4114 3032 4097
f 4097 3032 3095
f 4097 3095 3102
f 4021 3082 4094
f 4094 3082 3028
f 4094 3028 4115
f 4115 3028 3026
f 4115 3026 4116
f 4116 3026 3024
f 4116 3024 4117
f 4117 3024 3252
f 3101 3328 4011
f 4011 3328 4118
f 4011 4118 4013
f 4013 4118 4119
f 4013 4119 4016
f 4016 4119 4120
f 4016 4120 4019
f 4019 4120 4121
f 4019 4121 4023
f 4023 4121 4122
f 4023 4122 4026
f 4026 4122 4123
f 4026 4123 3083
f 3083 4123 3321
f 3123 3336 4028
f 4028 3336 4124
f 4028 4124 4030
f 4030 4124 4125
f 4030 4125 4033
f 4033 4125 4126
f 4033 4126 4037
f 4037 4126 4127
f 4037 4127 4041
f 4041 4127 4128
f 4041 4128 4044
f 4044 4128 4129
f 4044 4129 3104
f 3104 4129 3329
f 3144 3344 4046
f 4046 3344 4130
f 4046 4130 4048
f 4048 4130 4131
f 4048 4131 4051
f 4051 4131 4132
f 4051 4132 4054
f 4054 4132 4133
f 4054 4133 4058
f 4058 4133 4134
f 4058 4134 4061
f 4061 4134 4135
f 4061 4135 3126
f 3126 4135 3337
f 3165 3352 4062
f 4062 3352 4136
f 4062 4136 4063
f 4063 4136 4137
f 4063 4137 4064
f 4064 4137 4138
f 4064 4138 4065
f 4065 4138 4139
f 4065 4139 4066
f 4066 4139 4140
f 4066 4140 4067
f 4067 4140 4141
f 4067 4141 3147
f 3147 4141 3345
f 3363 3170 3521
f 3521 3170 4076
f 4072 3530 4071
f 4071 3530 3528
f 4071 3528 4070
f 4070 3528 3526
f 4070 3526 4076
f 4076 3526 3524
f 4076 3524 3521
f 4072 4073 3530
f 3530 4073 4074
f 3530 4074 4142
f 4142 4074 4075
f 4142 4075 4143
f 4143 4075 4069
f 4143 4069 4144
f 4144 4069 4068
f 4144 4068 4145
f 4145 4068 3189
f 4145 3189 3353
f 3210 3371 4077
f 4077 3371 4146
f 4077 4146 4078
f 4078 4146 4147
f 4078 4147 4079
f 4079 4147 4148
f 4079 4148 4080
f 4080 4148 4149
f 4080 4149 4081
f 4081 4149 4150
f 4081 4150 4082
f 4082 4150 4151
f 4082 4151 3192
f 3192 4151 3364
f 3570 3451 3253
f 3253 4083 3570
f 3570 4083 4099
f 3570 4099 3606
f 4099 4100 3606
f 3606 4100 4087
f 3606 4087 3604
f 4087 4088 3604
f 3604 4088 4084
f 3604 4084 3602
f 4084 4085 3602
f 3602 4085 4086
f 3602 4086 3600
f 4086 4101 3600
f 3600 4101 4102
f 3600 4102 3598
f 4102 4103 3598
f 3598 4103 4104
f 3598 4104 3596
f 4104 4105 3596
f 3596 4105 4106
f 3596 4106 3594
f 4106 4107 3594
f 3594 4107 4092
f 3594 4092 3592
f 4092 4093 3592
f 3592 4093 4089
f 3592 4089 3590
f 4109 3586 3588
f 4089 4090 3590
f 3590 4090 4091
f 3590 4091 3588
f 3588 4091 4108
f 3588 4108 4109
f 4113 3582 3584
f 4109 4110 3586
f 3586 4110 4111
f 3586 4111 3584
f 3584 4111 4112
f 3584 4112 4113
f 4113 4114 3582
f 3582 4114 4097
f 3582 4097 3580
f 3580 4097 4098
f 3580 4098 3578
f 4098 4095 3578
f 3578 4095 4096
f 3578 4096 3576
f 4096 4094 3576
f 3576 4094 4115
f 3576 4115 3574
f 3252 3433 4117
f 4117 3433 3574
f 4117 3574 4116
f 4116 3574 4115
f 3466 3321 3650
f 3650 3321 4123
f 3650 4123 3651
f 3651 4123 4122
f 3651 4122 3652
f 3652 4122 3653
f 3653 4122 3654
f 3654 4122 4121
f 3654 4121 3645
f 4120 3648 3647
f 4120 3647 4121
f 4121 3647 3646
f 4121 3646 3645
f 4119 3642 4120
f 4120 3642 3644
f 4120 3644 3648
f 3328 3452 4118
f 4118 3452 3649
f 4118 3649 4119
f 4119 3649 3643
f 4119 3643 3642
f 3481 3329 3655
f 3655 3329 4129
f 3655 4129 3656
f 3656 4129 4128
f 3656 4128 3661
f 3661 4128 3662
f 3662 4128 3663
f 3663 4128 4127
f 3663 4127 3664
f 4126 3657 3666
f 4126 3666 4127
f 4127 3666 3665
f 4127 3665 3664
f 4125 3659 4126
f 4126 3659 3658
f 4126 3658 3657
f 3336 3467 4124
f 4124 3467 3667
f 4124 3667 4125
f 4125 3667 3660
f 4125 3660 3659
f 3496 3337 3635
f 3635 3337 4135
f 3635 4135 3636
f 3636 4135 4134
f 3636 4134 3637
f 3641 3640 4133
f 4133 3640 3639
f 4133 3639 4134
f 4134 3639 3638
f 4134 3638 3637
f 3641 4133 3629
f 3629 4133 4132
f 3629 4132 3630
f 4131 3632 4132
f 4132 3632 3631
f 4132 3631 3630
f 3344 3482 4130
f 4130 3482 3634
f 4130 3634 4131
f 4131 3634 3633
f 4131 3633 3632
f 3511 3345 4152
f 4152 3345 4141
f 4152 4141 4153
f 4153 4141 4140
f 4153 4140 4154
f 4155 4156 4139
f 4139 4156 4157
f 4139 4157 4140
f 4140 4157 4158
f 4140 4158 4154
f 4155 4139 4159
f 4159 4139 4138
f 4159 4138 4160
f 4137 4161 4138
f 4138 4161 4162
f 4138 4162 4160
f 3352 3497 4136
f 4136 3497 4163
f 4136 4163 4137
f 4137 4163 4164
f 4137 4164 4161
f 3356 3355 3512
f 4142 4143 4165
f 3531 3530 4166
f 4166 3530 4142
f 4166 4142 4167
f 4167 4142 4165
f 3354 4168 3353
f 3353 4168 4169
f 3353 4169 4145
f 4145 4169 4170
f 4145 4170 4144
f 4144 4170 4171
f 4144 4171 4143
f 4143 4171 4172
f 4143 4172 4165
f 3512 4173 3356
f 3356 4173 4174
f 3356 4174 3357
f 3357 4174 4175
f 3357 4175 3358
f 3358 4175 4176
f 3358 4176 3354
f 3354 4176 4177
f 3354 4177 4168
f 3546 3364 4178
f 4178 3364 4151
f 4178 4151 4179
f 4179 4151 4150
f 4179 4150 4180
f 4180 4150 4181
f 4181 4150 4182
f 4182 4150 4149
f 4182 4149 4183
f 4148 4184 4185
f 4148 4185 4149
f 4149 4185 4186
f 4149 4186 4183
f 4147 4187 4148
f 4148 4187 4188
f 4148 4188 4184
f 3371 3532 4146
f 4146 3532 4189
f 4146 4189 4147
f 4147 4189 4190
f 4147 4190 4187
f 3395 3568 4191
f 3395 4191 3396
f 3396 4191 4192
f 3396 4192 3398
f 3398 4192 4193
f 3398 4193 3400
f 3400 4193 4194
f 3400 4194 3402
f 3402 4194 4195
f 3402 4195 3404
f 3404 4195 4196
f 3404 4196 3406
f 3406 4196 4197
f 3406 4197 3408
f 3408 4197 4198
f 3408 4198 3410
f 3410 4198 4199
f 3410 4199 3412
f 3412 4199 4200
f 3412 4200 3414
f 3414 4200 4201
f 3414 4201 3416
f 3416 4201 4202
f 3416 4202 3418
f 3418 4202 4203
f 3418 4203 3420
f 3420 4203 4204
f 3420 4204 3422
f 3422 4204 4205
f 3422 4205 3424
f 3424 4205 4206
f 3424 4206 3426
f 3426 4206 4207
f 3426 4207 3428
f 3428 4207 4208
f 3428 4208 3430
f 3430 4208 4209
f 3430 4209 3431
f 3431 4209 4210
f 3431 4210 3373
f 3373 4210 3547
f 3373 3547 3375
f 3609 3547 4210
f 4159 4160 3626
f 3626 4160 4162
f 3626 4162 3627
f 3627 4162 4161
f 3627 4161 4164
f 4164 4163 3627
f 3627 4163 3497
f 3627 3497 3498
f 3498 3499 4193
f 4193 3499 3500
f 3500 3501 4193
f 4193 3501 3502
f 4193 3502 4194
f 3508 3507 4195
f 3504 3510 4195
f 4195 3510 3509
f 4195 3509 3508
f 3502 3503 4194
f 4194 3503 3506
f 4194 3506 4195
f 4195 3506 3505
f 4195 3505 3504
f 3507 3511 3625
f 3625 3511 4152
f 4152 4153 3625
f 3625 4153 4154
f 3625 4154 4158
f 4158 4157 3625
f 3625 4157 4156
f 3625 4156 3626
f 3626 4156 4155
f 3626 4155 4159
f 4187 4190 3614
f 4187 3614 4188
f 4183 4186 3613
f 3613 4186 4185
f 3613 4185 3614
f 3614 4185 4184
f 3614 4184 4188
f 4190 4189 3614
f 3614 4189 3532
f 3614 3532 3533
f 4206 3533 3534
f 3534 3535 4206
f 4206 3535 3539
f 4206 3539 3538
f 3538 3537 4206
f 4206 3537 3536
f 4206 3536 4207
f 3543 3542 4208
f 3543 4208 3544
f 3536 3540 4207
f 4207 3540 3541
f 4207 3541 4208
f 4208 3541 3545
f 4208 3545 3544
f 3546 4178 3612
f 3612 4178 4179
f 4179 4180 3612
f 3612 4180 4181
f 3612 4181 3613
f 3613 4181 4182
f 3613 4182 4183
f 3498 4193 3627
f 3627 4193 4192
f 3627 4192 3628
f 3628 4192 4191
f 3628 4191 3571
f 3571 4191 3568
f 3571 3568 3572
f 3507 3625 4195
f 4195 3625 3624
f 4195 3624 4196
f 4196 3624 3623
f 4196 3623 4197
f 4197 3623 3622
f 4197 3622 4198
f 4198 3622 3621
f 4198 3621 4199
f 4199 3621 3620
f 4199 3620 4200
f 3619 4166 4167
f 4177 4176 3620
f 3620 4176 4175
f 3620 4175 4174
f 4167 4165 3619
f 3619 4165 4172
f 3619 4172 4171
f 4171 4170 3619
f 3619 4170 4169
f 3619 4169 3620
f 3620 4169 4168
f 3620 4168 4177
f 4174 4173 3620
f 3620 4173 3512
f 3620 3512 4200
f 4200 3512 3513
f 4200 3513 3514
f 3523 3525 4201
f 3523 4201 3522
f 3514 3515 4200
f 4200 3515 3516
f 4200 3516 3517
f 3517 3518 4200
f 4200 3518 3519
f 4200 3519 4201
f 4201 3519 3520
f 4201 3520 3522
f 3525 3527 4201
f 4201 3527 3529
f 4201 3529 3531
f 3533 4206 3614
f 3614 4206 4205
f 3614 4205 3615
f 3615 4205 4204
f 3615 4204 3616
f 3616 4204 4203
f 3616 4203 3617
f 3617 4203 4202
f 3617 4202 3618
f 3618 4202 4201
f 3618 4201 3619
f 3619 4201 3531
f 3619 3531 4166
f 3609 4210 3610
f 3610 4210 4209
f 3610 4209 3611
f 3611 4209 4208
f 3611 4208 3612
f 3612 4208 3542
f 3612 3542 3546
f 4211 4212 4213
f 4213 4212 4214
f 4213 4214 4215
f 4215 4214 4216
f 4215 4216 4217
f 4217 4216 4218
f 4217 4218 4219
f 4219 4218 4220
f 4219 4220 4221
f 4221 4220 4222
f 4221 4222 4223
f 4223 4222 4224
f 4223 4224 4225
f 4225 4224 4226
f 4225 4226 4227
f 4227 4226 4228
f 4227 4228 4229
f 4230 4231 4232
f 4232 4231 4233
f 4232 4233 4234
f 4234 4233 4235
f 4234 4235 4236
f 4236 4235 4237
f 4236 4237 4238
f 4238 4237 4239
f 4238 4239 4240
f 4240 4239 4241
f 4240 4241 4242
f 4242 4241 4243
f 4242 4243 4244
f 4244 4243 4245
f 4244 4245 4246
f 4246 4245 4247
f 4246 4247 4211
f 4211 4247 4248
f 4211 4248 4212
f 4249 4250 4251
f 4251 4250 4252
f 4251 4252 4253
f 4253 4252 4254
f 4253 4254 4255
f 4255 4254 4256
f 4255 4256 4257
f 4257 4256 4258
f 4257 4258 4259
f 4259 4258 4260
f 4259 4260 4261
f 4261 4260 4262
f 4261 4262 4263
f 4263 4262 4264
f 4263 4264 4265
f 4265 4264 4266
f 4265 4266 4230
f 4230 4266 4267
f 4230 4267 4231
f 4228 4268 4229
f 4229 4268 4269
f 4229 4269 4270
f 4270 4269 4271
f 4270 4271 4272
f 4272 4271 4273
f 4272 4273 4274
f 4274 4273 4275
f 4274 4275 4276
f 4276 4275 4277
f 4276 4277 4278
f 4278 4277 4279
f 4278 4279 4280
f 4280 4279 4281
f 4280 4281 4282
f 4282 4281 4283
f 4282 4283 4284
f 4284 4283 4285
f 4284 4285 4249
f 4249 4285 4286
f 4249 4286 4250
f 4260 4287 4288
f 4260 4288 4262
f 4262 4288 4289
f 4262 4289 4264
f 4264 4289 4290
f 4264 4290 4266
f 4266 4290 4291
f 4266 4291 4267
f 4267 4291 4292
f 4267 4292 4231
f 4231 4292 4293
f 4231 4293 4233
f 4233 4293 4294
f 4233 4294 4235
f 4235 4294 4295
f 4235 4295 4237
f 4237 4295 4296
f 4237 4296 4239
f 4239 4296 4297
f 4239 4297 4241
f 4241 4297 4298
f 4241 4298 4243
f 4243 4298 4299
f 4243 4299 4245
f 4245 4299 4300
f 4245 4300 4247
f 4247 4300 4301
f 4247 4301 4248
f 4248 4301 4302
f 4248 4302 4212
f 4212 4302 4303
f 4212 4303 4214
f 4214 4303 4304
f 4214 4304 4216
f 4216 4304 4305
f 4216 4305 4218
f 4218 4305 4306
f 4218 4306 4220
f 4220 4306 4307
f 4220 4307 4222
f 4259 4308 4257
f 4257 4308 4309
f 4257 4309 4255
f 4255 4309 4310
f 4255 4310 4253
f 4253 4310 4311
f 4253 4311 4251
f 4251 4311 4312
f 4251 4312 4249
f 4249 4312 4313
f 4249 4313 4284
f 4284 4313 4314
f 4284 4314 4282
f 4282 4314 4315
f 4282 4315 4280
f 4280 4315 4316
f 4280 4316 4278
f 4278 4316 4317
f 4278 4317 4276
f 4276 4317 4318
f 4276 4318 4274
f 4274 4318 4319
f 4274 4319 4272
f 4272 4319 4320
f 4272 4320 4270
f 4270 4320 4321
f 4270 4321 4229
f 4229 4321 4322
f 4229 4322 4227
f 4227 4322 4323
f 4227 4323 4225
f 4225 4323 4324
f 4225 4324 4223
f 4223 4324 4325
f 4223 4325 4221
f 4221 4325 4326
f 4327 4302 4328
f 4328 4302 4301
f 4328 4301 4329
f 4329 4301 4300
f 4329 4300 4330
f 4330 4300 4299
f 4330 4299 4331
f 4331 4299 4298
f 4331 4298 4332
f 4332 4298 4297
f 4332 4297 4333
f 4333 4297 4296
f 4333 4296 4334
f 4334 4296 4295
f 4334 4295 4335
f 4335 4295 4294
f 4335 4294 4336
f 4321 4337 4322
f 4322 4337 4338
f 4322 4338 4323
f 4323 4338 4339
f 4323 4339 4324
f 4324 4339 4340
f 4324 4340 4325
f 4325 4340 4341
f 4325 4341 4326
f 4326 4341 4307
f 4326 4307 4342
f 4342 4307 4306
f 4342 4306 4343
f 4343 4306 4305
f 4343 4305 4344
f 4344 4305 4304
f 4344 4304 4327
f 4327 4304 4303
f 4327 4303 4302
f 4312 4345 4313
f 4313 4345 4346
f 4313 4346 4314
f 4314 4346 4347
f 4314 4347 4315
f 4315 4347 4348
f 4315 4348 4316
f 4316 4348 4349
f 4316 4349 4317
f 4317 4349 4350
f 4317 4350 4318
f 4318 4350 4351
f 4318 4351 4319
f 4319 4351 4352
f 4319 4352 4320
f 4320 4352 4353
f 4320 4353 4321
f 4321 4353 4354
f 4321 4354 4337
f 4294 4293 4336
f 4336 4293 4292
f 4336 4292 4355
f 4355 4292 4291
f 4355 4291 4356
f 4356 4291 4290
f 4356 4290 4357
f 4357 4290 4289
f 4357 4289 4358
f 4358 4289 4288
f 4358 4288 4308
f 4308 4288 4287
f 4308 4287 4309
f 4309 4287 4359
f 4309 4359 4310
f 4310 4359 4360
f 4310 4360 4311
f 4311 4360 4361
f 4311 4361 4312
f 4312 4361 4362
f 4312 4362 4345
f 4222 4307 4341
f 4222 4341 4224
f 4224 4341 4340
f 4224 4340 4226
f 4226 4340 4339
f 4226 4339 4228
f 4228 4339 4338
f 4228 4338 4268
f 4268 4338 4337
f 4268 4337 4269
f 4269 4337 4354
f 4269 4354 4271
f 4271 4354 4353
f 4271 4353 4273
f 4273 4353 4352
f 4273 4352 4275
f 4275 4352 4351
f 4275 4351 4277
f 4277 4351 4350
f 4277 4350 4279
f 4279 4350 4349
f 4279 4349 4281
f 4281 4349 4348
f 4281 4348 4283
f 4283 4348 4347
f 4283 4347 4285
f 4285 4347 4346
f 4285 4346 4286
f 4286 4346 4345
f 4286 4345 4250
f 4250 4345 4362
f 4250 4362 4252
f 4252 4362 4361
f 4252 4361 4254
f 4254 4361 4360
f 4254 4360 4256
f 4256 4360 4359
f 4256 4359 4258
f 4258 4359 4287
f 4258 4287 4260
f 4221 4326 4219
f 4219 4326 4342
f 4219 4342 4217
f 4217 4342 4343
f 4217 4343 4215
f 4215 4343 4344
f 4215 4344 4213
f 4213 4344 4327
f 4213 4327 4211
f 4211 4327 4328
f 4211 4328 4246
f 4246 4328 4329
f 4246 4329 4244
f 4244 4329 4330
f 4244 4330 4242
f 4242 4330 4331
f 4242 4331 4240
f 4240 4331 4332
f 4240 4332 4238
f 4238 4332 4333
f 4238 4333 4236
f 4236 4333 4334
f 4236 4334 4234
f 4234 4334 4335
f 4234 4335 4232
f 4232 4335 4336
f 4232 4336 4230
f 4230 4336 4355
f 4230 4355 4265
f 4265 4355 4356
f 4265 4356 4263
f 4263 4356 4357
f 4263 4357 4261
f 4261 4357 4358
f 4261 4358 4259
f 4259 4358 4308
f 4363 4364 4365
f 4365 4364 4366
f 4367 4368 4369
f 4369 4368 4365
f 4369 4365 4370
f 4370 4365 4366
f 4371 4372 4373
f 4373 4372 4363
f 4373 4363 4374
f 4374 4363 4365
f 4375 4376 4377
f 4377 4376 4378
f 4377 4378 4379
f 4380 4381 4382
f 4382 4381 4375
f 4382 4375 4383
f 4383 4375 4377
f 4379 4384 4377
f 4377 4384 4385
f 4377 4385 4386
f 4387 4388 4389
f 4389 4388 4390
f 4391 4392 4393
f 4393 4392 4388
f 4393 4388 4394
f 4394 4388 4387
f 4395 4396 4397
f 4397 4396 4389
f 4397 4389 4398
f 4398 4389 4390
f 4399 4365 4400
f 4400 4365 4368
f 4400 4368 4401
f 4401 4368 4367
f 4401 4367 4402
f 4402 4367 4369
f 4402 4369 4403
f 4403 4369 4370
f 4403 4370 4404
f 4404 4370 4366
f 4404 4366 4405
f 4405 4366 4364
f 4406 4377 4407
f 4407 4377 4386
f 4407 4386 4408
f 4408 4386 4385
f 4408 4385 4409
f 4409 4385 4384
f 4409 4384 4410
f 4410 4384 4379
f 4410 4379 4411
f 4411 4379 4378
f 4411 4378 4412
f 4412 4378 4376
f 4413 4389 4414
f 4414 4389 4396
f 4414 4396 4415
f 4415 4396 4395
f 4415 4395 4416
f 4416 4395 4397
f 4416 4397 4417
f 4417 4397 4398
f 4417 4398 4418
f 4418 4398 4390
f 4418 4390 4419
f 4419 4390 4388
f 4420 4421 4422
f 4423 4399 4424
f 4424 4399 4400
f 4424 4400 4425
f 4425 4400 4401
f 4425 4401 4402
f 4426 4427 4428
f 4429 4430 4431
f 4422 4421 4432
f 4432 4421 4433
f 4432 4433 4434
f 4434 4433 4435
f 4434 4435 4436
f 4437 4438 4439
f 4439 4438 4440
f 4435 4441 4436
f 4436 4441 4442
f 4436 4442 4440
f 4440 4442 4443
f 4440 4443 4439
f 4431 4444 4429
f 4429 4444 4443
f 4429 4443 4423
f 4423 4443 4442
f 4423 4442 4399
f 4427 4425 4428
f 4428 4425 4402
f 4428 4402 4445
f 4445 4402 4403
f 4445 4403 4446
f 4446 4403 4404
f 4446 4404 4447
f 4447 4404 4405
f 4447 4405 4421
f 4421 4405 4448
f 4421 4448 4433
f 4449 4450 4422
f 4422 4450 4451
f 4422 4451 4420
f 4452 4453 4454
f 4454 4453 4455
f 4454 4455 4428
f 4428 4455 4456
f 4428 4456 4426
f 4457 4458 4459
f 4457 4459 4460
f 4460 4459 4461
f 4460 4461 4462
f 4462 4461 4463
f 4462 4463 4464
f 4463 4465 4464
f 4464 4465 4466
f 4464 4466 4467
f 4466 4468 4467
f 4467 4468 4469
f 4467 4469 4470
f 4471 4472 4473
f 4473 4474 4406
f 4475 4476 4477
f 4477 4471 4475
f 4475 4471 4473
f 4475 4473 4478
f 4478 4473 4406
f 4478 4406 4479
f 4479 4406 4407
f 4479 4407 4480
f 4481 4482 4483
f 4484 4410 4485
f 4485 4410 4411
f 4485 4411 4486
f 4486 4411 4412
f 4486 4412 4487
f 4474 4473 4488
f 4488 4473 4489
f 4488 4489 4490
f 4490 4489 4491
f 4490 4491 4492
f 4492 4491 4493
f 4492 4493 4487
f 4487 4493 4457
f 4487 4457 4486
f 4494 4495 4496
f 4496 4495 4497
f 4407 4408 4480
f 4480 4408 4409
f 4480 4409 4497
f 4497 4409 4498
f 4497 4498 4496
f 4483 4499 4481
f 4481 4499 4498
f 4481 4498 4484
f 4484 4498 4409
f 4484 4409 4410
f 4462 4464 4460
f 4460 4464 4467
f 4460 4467 4457
f 4457 4467 4470
f 4457 4470 4486
f 4475 4500 4501
f 4475 4501 4476
f 4476 4501 4502
f 4476 4502 4477
f 4502 4503 4477
f 4477 4503 4504
f 4477 4504 4471
f 4504 4505 4471
f 4471 4505 4506
f 4471 4506 4472
f 4472 4506 4507
f 4472 4507 4473
f 4508 4509 4510
f 4511 4512 4513
f 4513 4512 4514
f 4513 4514 4515
f 4516 4517 4518
f 4518 4517 4508
f 4518 4508 4514
f 4514 4508 4510
f 4514 4510 4515
f 4515 4510 4519
f 4515 4519 4520
f 4520 4519 4521
f 4520 4521 4522
f 4522 4521 4523
f 4524 4525 4526
f 4526 4525 4413
f 4526 4413 4527
f 4527 4413 4414
f 4527 4414 4528
f 4528 4414 4415
f 4528 4415 4529
f 4529 4415 4416
f 4529 4416 4417
f 4530 4529 4531
f 4531 4529 4417
f 4531 4417 4532
f 4532 4417 4418
f 4532 4418 4509
f 4509 4418 4419
f 4509 4419 4510
f 4530 4533 4534
f 4535 4536 4537
f 4538 4529 4539
f 4539 4529 4530
f 4539 4530 4540
f 4540 4530 4534
f 4523 4525 4522
f 4522 4525 4524
f 4522 4524 4541
f 4541 4524 4535
f 4541 4535 4542
f 4542 4535 4537
f 4481 4543 4544
f 4481 4544 4482
f 4482 4544 4545
f 4482 4545 4483
f 4483 4545 4546
f 4483 4546 4499
f 4496 4547 4548
f 4496 4548 4494
f 4494 4548 4549
f 4494 4549 4495
f 4495 4549 4550
f 4495 4550 4497
f 4513 4551 4552
f 4513 4552 4511
f 4511 4552 4553
f 4511 4553 4512
f 4512 4553 4554
f 4512 4554 4514
f 4518 4555 4556
f 4518 4556 4516
f 4516 4556 4557
f 4516 4557 4517
f 4557 4558 4517
f 4517 4558 4559
f 4517 4559 4508
f 4429 4560 4561
f 4429 4561 4430
f 4430 4561 4562
f 4430 4562 4431
f 4439 4563 4564
f 4439 4564 4437
f 4437 4564 4565
f 4437 4565 4438
f 4438 4565 4566
f 4438 4566 4440
f 4567 4568 4569
f 4567 4569 4570
f 4570 4569 4571
f 4570 4571 4572
f 4573 4570 4574
f 4574 4570 4572
f 4574 4572 4575
f 4575 4572 4576
f 4577 4578 4579
f 4579 4578 4567
f 4579 4567 4580
f 4580 4567 4570
f 4581 4582 4583
f 4583 4582 4584
f 4583 4584 4585
f 4583 4586 4587
f 4588 4589 4590
f 4590 4589 4583
f 4590 4583 4591
f 4591 4583 4585
f 4592 4581 4593
f 4593 4581 4583
f 4593 4583 4594
f 4594 4583 4587
f 4595 4596 4597
f 4597 4596 4598
f 4599 4595 4600
f 4600 4595 4597
f 4600 4597 4601
f 4601 4597 4602
f 4601 4602 4603
f 4603 4602 4604
f 4605 4606 4607
f 4607 4606 4597
f 4607 4597 4608
f 4608 4597 4598
f 4508 4559 4509
f 4509 4559 4609
f 4509 4609 4532
f 4532 4609 4610
f 4532 4610 4531
f 4531 4610 4611
f 4531 4611 4530
f 4530 4611 4612
f 4530 4612 4613
f 4560 4429 4614
f 4614 4429 4423
f 4614 4423 4615
f 4615 4423 4424
f 4615 4424 4616
f 4616 4424 4425
f 4616 4425 4617
f 4617 4425 4427
f 4428 4618 4619
f 4428 4619 4454
f 4454 4619 4620
f 4454 4620 4452
f 4452 4620 4621
f 4452 4621 4453
f 4453 4621 4622
f 4453 4622 4455
f 4455 4622 4623
f 4455 4623 4456
f 4421 4624 4625
f 4421 4625 4447
f 4447 4625 4626
f 4447 4626 4446
f 4446 4626 4627
f 4446 4627 4445
f 4445 4627 4618
f 4445 4618 4428
f 4422 4628 4629
f 4422 4629 4449
f 4449 4629 4630
f 4449 4630 4450
f 4450 4630 4631
f 4450 4631 4451
f 4451 4631 4632
f 4451 4632 4420
f 4420 4632 4624
f 4420 4624 4421
f 4628 4422 4633
f 4633 4422 4432
f 4633 4432 4634
f 4634 4432 4434
f 4634 4434 4635
f 4635 4434 4436
f 4635 4436 4566
f 4566 4436 4440
f 4543 4481 4636
f 4636 4481 4484
f 4636 4484 4637
f 4637 4484 4485
f 4637 4485 4638
f 4638 4485 4486
f 4638 4486 4469
f 4469 4486 4470
f 4639 4469 4468
f 4639 4468 4640
f 4640 4468 4466
f 4640 4466 4641
f 4641 4466 4642
f 4642 4466 4465
f 4642 4465 4463
f 4473 4507 4643
f 4473 4643 4489
f 4489 4643 4644
f 4489 4644 4491
f 4491 4644 4645
f 4491 4645 4493
f 4493 4645 4458
f 4493 4458 4457
f 4500 4646 4647
f 4500 4647 4501
f 4501 4647 4648
f 4501 4648 4502
f 4502 4648 4503
f 4503 4648 4649
f 4503 4649 4504
f 4500 4475 4650
f 4650 4475 4478
f 4650 4478 4651
f 4651 4478 4479
f 4651 4479 4652
f 4652 4479 4480
f 4652 4480 4550
f 4550 4480 4497
f 4551 4513 4653
f 4653 4513 4515
f 4653 4515 4654
f 4654 4515 4520
f 4654 4520 4655
f 4655 4520 4522
f 4655 4522 4656
f 4656 4522 4541
f 4524 4657 4658
f 4524 4658 4535
f 4535 4658 4659
f 4535 4659 4536
f 4536 4659 4660
f 4536 4660 4537
f 4537 4660 4661
f 4537 4661 4542
f 4542 4661 4656
f 4542 4656 4541
f 4529 4662 4663
f 4529 4663 4528
f 4528 4663 4664
f 4528 4664 4527
f 4527 4664 4665
f 4527 4665 4526
f 4526 4665 4657
f 4526 4657 4524
f 4530 4613 4666
f 4530 4666 4533
f 4533 4666 4667
f 4533 4667 4534
f 4534 4667 4668
f 4534 4668 4540
f 4540 4668 4669
f 4540 4669 4539
f 4543 4670 4671
f 4672 4546 4673
f 4673 4546 4545
f 4673 4545 4674
f 4674 4545 4675
f 4675 4545 4671
f 4671 4545 4544
f 4671 4544 4543
f 4547 4496 4676
f 4676 4496 4498
f 4677 4550 4549
f 4678 4679 4548
f 4548 4679 4680
f 4548 4680 4549
f 4549 4680 4681
f 4549 4681 4677
f 4678 4548 4682
f 4682 4548 4547
f 4682 4547 4683
f 4551 4684 4685
f 4686 4554 4687
f 4687 4554 4553
f 4687 4553 4688
f 4688 4553 4689
f 4689 4553 4685
f 4685 4553 4552
f 4685 4552 4551
f 4555 4518 4690
f 4690 4518 4514
f 4690 4514 4554
f 4691 4559 4692
f 4692 4559 4558
f 4692 4558 4693
f 4693 4558 4557
f 4693 4557 4694
f 4560 4695 4696
f 4697 4698 4562
f 4697 4562 4696
f 4696 4562 4561
f 4696 4561 4560
f 4443 4699 4439
f 4439 4699 4700
f 4439 4700 4563
f 4701 4566 4565
f 4702 4703 4564
f 4564 4703 4704
f 4564 4704 4565
f 4565 4704 4705
f 4565 4705 4701
f 4702 4564 4706
f 4706 4564 4563
f 4706 4563 4707
f 4569 4708 4571
f 4571 4708 4709
f 4571 4709 4572
f 4572 4709 4710
f 4572 4710 4576
f 4576 4710 4711
f 4576 4711 4575
f 4575 4711 4712
f 4575 4712 4574
f 4574 4712 4713
f 4574 4713 4573
f 4573 4713 4714
f 4573 4714 4570
f 4570 4714 4715
f 4583 4716 4586
f 4586 4716 4717
f 4586 4717 4587
f 4587 4717 4718
f 4587 4718 4594
f 4594 4718 4719
f 4594 4719 4593
f 4593 4719 4720
f 4593 4720 4592
f 4592 4720 4721
f 4592 4721 4581
f 4581 4721 4722
f 4581 4722 4582
f 4582 4722 4723
f 4595 4724 4596
f 4596 4724 4725
f 4596 4725 4598
f 4598 4725 4726
f 4598 4726 4608
f 4608 4726 4727
f 4608 4727 4607
f 4607 4727 4728
f 4607 4728 4605
f 4605 4728 4729
f 4605 4729 4606
f 4606 4729 4730
f 4606 4730 4597
f 4597 4730 4731
f 4559 4691 4732
f 4559 4732 4609
f 4609 4732 4733
f 4609 4733 4610
f 4610 4733 4734
f 4610 4734 4611
f 4611 4734 4735
f 4611 4735 4612
f 4698 4697 4736
f 4737 4738 4739
f 4693 4694 4740
f 4740 4694 4741
f 4740 4741 4742
f 4739 4698 4737
f 4737 4698 4736
f 4737 4736 4743
f 4743 4736 4744
f 4743 4744 4745
f 4745 4744 4746
f 4745 4746 4747
f 4747 4746 4748
f 4747 4748 4749
f 4749 4748 4750
f 4749 4750 4751
f 4751 4750 4752
f 4751 4752 4740
f 4740 4752 4753
f 4740 4753 4693
f 4754 4755 4617
f 4617 4755 4756
f 4695 4560 4757
f 4757 4560 4614
f 4757 4614 4758
f 4758 4614 4615
f 4758 4615 4756
f 4756 4615 4616
f 4756 4616 4617
f 4755 4754 4623
f 4755 4623 4759
f 4623 4622 4759
f 4759 4622 4621
f 4759 4621 4760
f 4760 4621 4620
f 4760 4620 4761
f 4761 4620 4619
f 4761 4619 4762
f 4762 4619 4618
f 4762 4618 4763
f 4624 4764 4765
f 4624 4765 4625
f 4625 4765 4766
f 4625 4766 4626
f 4626 4766 4767
f 4626 4767 4627
f 4627 4767 4763
f 4627 4763 4618
f 4628 4768 4769
f 4628 4769 4629
f 4629 4769 4770
f 4629 4770 4630
f 4630 4770 4771
f 4630 4771 4631
f 4631 4771 4772
f 4631 4772 4632
f 4632 4772 4764
f 4632 4764 4624
f 4566 4701 4635
f 4635 4701 4773
f 4635 4773 4634
f 4634 4773 4774
f 4634 4774 4633
f 4633 4774 4775
f 4633 4775 4628
f 4628 4775 4768
f 4674 4675 4776
f 4777 4672 4673
f 4673 4674 4777
f 4777 4674 4776
f 4777 4776 4778
f 4778 4776 4779
f 4778 4779 4780
f 4780 4779 4781
f 4780 4781 4782
f 4782 4781 4783
f 4782 4783 4784
f 4784 4783 4785
f 4784 4785 4786
f 4786 4785 4787
f 4469 4639 4638
f 4638 4639 4788
f 4638 4788 4637
f 4637 4788 4789
f 4637 4789 4636
f 4636 4789 4790
f 4636 4790 4543
f 4543 4790 4670
f 4507 4791 4792
f 4507 4792 4643
f 4643 4792 4793
f 4643 4793 4644
f 4644 4793 4794
f 4644 4794 4645
f 4645 4794 4795
f 4645 4795 4458
f 4550 4677 4652
f 4652 4677 4796
f 4652 4796 4651
f 4651 4796 4797
f 4651 4797 4650
f 4650 4797 4798
f 4650 4798 4500
f 4500 4798 4646
f 4682 4683 4799
f 4689 4800 4688
f 4688 4800 4801
f 4688 4801 4687
f 4687 4801 4686
f 4680 4679 4799
f 4799 4679 4678
f 4799 4678 4682
f 4680 4799 4802
f 4802 4799 4803
f 4802 4803 4804
f 4803 4805 4804
f 4804 4805 4806
f 4804 4806 4807
f 4806 4808 4807
f 4807 4808 4809
f 4807 4809 4810
f 4810 4809 4811
f 4810 4811 4812
f 4811 4813 4812
f 4812 4813 4814
f 4812 4814 4815
f 4814 4816 4815
f 4815 4816 4817
f 4815 4817 4818
f 4817 4819 4818
f 4818 4819 4820
f 4818 4820 4800
f 4800 4820 4821
f 4800 4821 4801
f 4656 4822 4655
f 4655 4822 4823
f 4655 4823 4654
f 4654 4823 4824
f 4654 4824 4653
f 4653 4824 4825
f 4653 4825 4551
f 4551 4825 4684
f 4822 4656 4661
f 4822 4661 4826
f 4826 4661 4660
f 4826 4660 4827
f 4827 4660 4659
f 4827 4659 4828
f 4828 4659 4658
f 4828 4658 4829
f 4829 4658 4657
f 4829 4657 4830
f 4662 4831 4832
f 4662 4832 4663
f 4663 4832 4833
f 4663 4833 4664
f 4664 4833 4834
f 4664 4834 4665
f 4665 4834 4830
f 4665 4830 4657
f 4613 4835 4836
f 4613 4836 4666
f 4666 4836 4837
f 4666 4837 4667
f 4667 4837 4838
f 4667 4838 4668
f 4668 4838 4669
f 4669 4838 4839
f 4669 4839 4840
f 4840 4839 4831
f 4840 4831 4662
f 4819 4841 4820
f 4820 4841 4842
f 4820 4842 4821
f 4821 4842 4801
f 4801 4842 4843
f 4801 4843 4686
f 4686 4843 4690
f 4686 4690 4554
f 4700 4699 4738
f 4555 4690 4742
f 4742 4690 4843
f 4742 4843 4740
f 4740 4843 4844
f 4740 4844 4751
f 4751 4844 4845
f 4751 4845 4749
f 4749 4845 4846
f 4749 4846 4747
f 4747 4846 4847
f 4747 4847 4745
f 4745 4847 4848
f 4745 4848 4743
f 4743 4848 4849
f 4743 4849 4737
f 4737 4849 4850
f 4737 4850 4738
f 4738 4850 4851
f 4738 4851 4700
f 4563 4700 4707
f 4707 4700 4851
f 4707 4851 4852
f 4852 4851 4853
f 4852 4853 4786
f 4786 4853 4854
f 4771 4770 4855
f 4827 4828 4856
f 4857 4838 4858
f 4858 4838 4837
f 4858 4837 4859
f 4859 4837 4836
f 4859 4836 4860
f 4860 4836 4861
f 4862 4863 4826
f 4856 4828 4864
f 4761 4762 4865
f 4865 4762 4763
f 4728 4727 4769
f 4771 4855 4772
f 4772 4855 4866
f 4772 4866 4764
f 4764 4866 4765
f 4765 4866 4867
f 4765 4867 4766
f 4766 4867 4868
f 4766 4868 4767
f 4767 4868 4869
f 4767 4869 4763
f 4763 4869 4870
f 4763 4870 4865
f 4769 4727 4770
f 4770 4727 4726
f 4770 4726 4855
f 4855 4726 4725
f 4855 4725 4871
f 4761 4865 4760
f 4760 4865 4872
f 4760 4872 4759
f 4759 4872 4873
f 4759 4873 4861
f 4827 4856 4826
f 4826 4856 4874
f 4826 4874 4862
f 4875 4697 4696
f 4701 4705 4729
f 4822 4826 4713
f 4697 4875 4736
f 4692 4693 4876
f 4877 4756 4716
f 4716 4756 4755
f 4716 4755 4717
f 4717 4755 4759
f 4717 4759 4718
f 4718 4759 4861
f 4718 4861 4719
f 4696 4695 4875
f 4875 4695 4757
f 4875 4757 4877
f 4877 4757 4758
f 4877 4758 4756
f 4723 4735 4734
f 4878 4879 4880
f 4880 4879 4881
f 4880 4881 4882
f 4882 4881 4883
f 4882 4883 4863
f 4828 4829 4864
f 4864 4829 4830
f 4864 4830 4884
f 4884 4830 4834
f 4884 4834 4885
f 4885 4834 4833
f 4885 4833 4886
f 4886 4833 4832
f 4886 4832 4887
f 4887 4832 4831
f 4887 4831 4857
f 4857 4831 4839
f 4857 4839 4838
f 4723 4734 4888
f 4735 4723 4835
f 4835 4723 4722
f 4835 4722 4836
f 4836 4722 4721
f 4836 4721 4861
f 4861 4721 4720
f 4861 4720 4719
f 4788 4639 4889
f 4705 4704 4890
f 4822 4713 4823
f 4823 4713 4712
f 4823 4712 4824
f 4710 4709 4810
f 4891 4748 4892
f 4892 4748 4746
f 4892 4746 4875
f 4875 4746 4744
f 4875 4744 4736
f 4693 4753 4876
f 4876 4753 4752
f 4876 4752 4891
f 4891 4752 4750
f 4891 4750 4748
f 4871 4725 4893
f 4893 4725 4724
f 4893 4724 4894
f 4894 4724 4895
f 4894 4895 4896
f 4896 4895 4897
f 4896 4897 4898
f 4898 4897 4899
f 4898 4899 4900
f 4900 4899 4901
f 4900 4901 4902
f 4729 4705 4730
f 4730 4705 4890
f 4730 4890 4787
f 4883 4903 4863
f 4863 4903 4715
f 4863 4715 4826
f 4826 4715 4714
f 4826 4714 4713
f 4734 4733 4888
f 4888 4733 4732
f 4888 4732 4876
f 4876 4732 4691
f 4876 4691 4692
f 4728 4769 4729
f 4729 4769 4768
f 4729 4768 4775
f 4810 4812 4710
f 4710 4812 4815
f 4710 4815 4711
f 4711 4815 4818
f 4824 4712 4825
f 4825 4712 4711
f 4825 4711 4684
f 4684 4711 4818
f 4684 4818 4685
f 4685 4818 4800
f 4685 4800 4689
f 4681 4709 4677
f 4677 4709 4708
f 4680 4802 4681
f 4681 4802 4804
f 4681 4804 4709
f 4709 4804 4807
f 4709 4807 4810
f 4648 4708 4649
f 4649 4708 4904
f 4787 4785 4730
f 4730 4785 4783
f 4730 4783 4731
f 4731 4783 4781
f 4775 4774 4729
f 4729 4774 4773
f 4729 4773 4701
f 4889 4639 4901
f 4675 4671 4776
f 4776 4671 4670
f 4776 4670 4779
f 4648 4647 4708
f 4708 4647 4646
f 4708 4646 4798
f 4639 4640 4901
f 4901 4640 4641
f 4901 4641 4902
f 4902 4641 4642
f 4902 4642 4905
f 4906 4907 4908
f 4908 4907 4649
f 4908 4649 4880
f 4880 4649 4904
f 4880 4904 4878
f 4781 4779 4731
f 4731 4779 4670
f 4731 4670 4909
f 4909 4670 4790
f 4909 4790 4889
f 4889 4790 4789
f 4889 4789 4788
f 4798 4797 4708
f 4708 4797 4796
f 4708 4796 4677
f 4905 4910 4902
f 4902 4910 4795
f 4902 4795 4911
f 4911 4795 4794
f 4911 4794 4912
f 4912 4794 4793
f 4912 4793 4913
f 4913 4793 4792
f 4913 4792 4914
f 4914 4792 4791
f 4914 4791 4906
f 4906 4791 4915
f 4906 4915 4907
f 4916 4850 4917
f 4917 4850 4849
f 4917 4849 4918
f 4918 4849 4848
f 4918 4848 4919
f 4919 4848 4847
f 4919 4847 4920
f 4920 4847 4846
f 4920 4846 4921
f 4922 4923 4924
f 4924 4923 4925
f 4924 4925 4926
f 4926 4925 4927
f 4926 4927 4928
f 4928 4927 4854
f 4928 4854 4929
f 4929 4854 4853
f 4929 4853 4916
f 4916 4853 4851
f 4916 4851 4850
f 4930 4931 4932
f 4932 4931 4933
f 4932 4933 4934
f 4934 4933 4935
f 4934 4935 4936
f 4936 4935 4937
f 4936 4937 4938
f 4938 4937 4939
f 4938 4939 4922
f 4922 4939 4940
f 4922 4940 4923
f 4846 4845 4921
f 4921 4845 4844
f 4921 4844 4941
f 4941 4844 4843
f 4941 4843 4942
f 4942 4843 4842
f 4942 4842 4943
f 4943 4842 4841
f 4943 4841 4944
f 4944 4841 4945
f 4944 4945 4930
f 4930 4945 4946
f 4930 4946 4931
f 4856 4947 4948
f 4856 4948 4874
f 4874 4948 4949
f 4874 4949 4862
f 4862 4949 4950
f 4862 4950 4863
f 4863 4950 4951
f 4863 4951 4882
f 4882 4951 4952
f 4882 4952 4880
f 4880 4952 4953
f 4880 4953 4908
f 4908 4953 4954
f 4908 4954 4906
f 4906 4954 4955
f 4906 4955 4914
f 4914 4955 4956
f 4914 4956 4913
f 4913 4956 4957
f 4913 4957 4912
f 4912 4957 4958
f 4912 4958 4911
f 4911 4958 4959
f 4911 4959 4902
f 4902 4959 4960
f 4902 4960 4900
f 4900 4960 4961
f 4900 4961 4898
f 4898 4961 4962
f 4898 4962 4896
f 4896 4962 4963
f 4896 4963 4894
f 4894 4963 4964
f 4894 4964 4893
f 4893 4964 4965
f 4893 4965 4871
f 4871 4965 4966
f 4871 4966 4855
f 4967 4928 4968
f 4968 4928 4929
f 4968 4929 4969
f 4969 4929 4916
f 4969 4916 4970
f 4970 4916 4917
f 4970 4917 4971
f 4971 4917 4918
f 4971 4918 4972
f 4972 4918 4919
f 4972 4919 4973
f 4973 4919 4920
f 4973 4920 4974
f 4974 4920 4921
f 4974 4921 4975
f 4975 4921 4941
f 4975 4941 4976
f 4976 4941 4942
f 4976 4942 4977
f 4977 4942 4943
f 4947 4221 4978
f 4947 4978 4948
f 4948 4978 4979
f 4948 4979 4949
f 4949 4979 4980
f 4949 4980 4950
f 4950 4980 4981
f 4950 4981 4951
f 4951 4981 4982
f 4951 4982 4952
f 4952 4982 4983
f 4952 4983 4953
f 4953 4983 4984
f 4953 4984 4954
f 4954 4984 4985
f 4954 4985 4955
f 4955 4985 4986
f 4955 4986 4956
f 4956 4986 4987
f 4956 4987 4957
f 4957 4987 4988
f 4957 4988 4958
f 4958 4988 4989
f 4958 4989 4959
f 4959 4989 4990
f 4959 4990 4960
f 4960 4990 4991
f 4960 4991 4961
f 4961 4991 4992
f 4961 4992 4962
f 4962 4992 4993
f 4962 4993 4963
f 4963 4993 4994
f 4963 4994 4964
f 4964 4994 4995
f 4964 4995 4965
f 4965 4995 4259
f 4965 4259 4966
f 4996 4997 4998
f 4998 4997 4999
f 4998 4999 5000
f 5000 4999 5001
f 5000 5001 5002
f 5002 5001 5003
f 5002 5003 5004
f 5004 5003 5005
f 5004 5005 4977
f 4977 5005 5006
f 4977 5006 4976
f 4976 5006 5007
f 4976 5007 4975
f 4975 5007 5008
f 4975 5008 4974
f 4974 5008 5009
f 4974 5009 4973
f 4973 5009 5010
f 4973 5010 4972
f 5010 5011 4972
f 4972 5011 5012
f 4972 5012 4971
f 4971 5012 5013
f 4971 5013 4970
f 4970 5013 5014
f 4970 5014 4969
f 4969 5014 5015
f 4969 5015 4968
f 4968 5015 5016
f 4968 5016 4967
f 4967 5016 5017
f 4967 5017 5018
f 5018 5017 5019
f 5018 5019 5020
f 5020 5019 5021
f 5020 5021 5022
f 5022 5021 5023
f 5022 5023 5024
f 5024 5023 5025
f 5024 5025 4996
f 4996 5025 5026
f 4996 5026 4997
f 5027 5028 5029
f 5029 5028 5030
f 5029 5030 5031
f 5031 5030 5032
f 5031 5032 5033
f 5033 5032 5034
f 5033 5034 5035
f 5035 5034 5036
f 5035 5036 5037
f 5037 5036 5038
f 5037 5038 5039
f 5039 5038 5040
f 5039 5040 5041
f 5041 5040 5042
f 5041 5042 5043
f 5043 5042 5044
f 5043 5044 5045
f 5045 5044 5046
f 5045 5046 5047
f 5047 5046 5048
f 5047 5048 5049
f 5049 5048 5050
f 5049 5050 5051
f 5051 5050 5052
f 5051 5052 4221
f 4221 5052 5053
f 4221 5053 4978
f 4978 5053 5054
f 4978 5054 4979
f 4979 5054 5055
f 4979 5055 4980
f 4980 5055 5056
f 4980 5056 4981
f 4981 5056 5057
f 4981 5057 4982
f 4982 5057 5058
f 4982 5058 4983
f 4983 5058 5059
f 4983 5059 4984
f 4984 5059 5060
f 4984 5060 4985
f 4985 5060 5061
f 4985 5061 4986
f 4986 5061 5062
f 4986 5062 4987
f 4987 5062 5063
f 4987 5063 4988
f 4988 5063 5064
f 4988 5064 4989
f 4989 5064 5065
f 4989 5065 4990
f 4990 5065 5066
f 4990 5066 4991
f 4991 5066 5067
f 4991 5067 4992
f 4992 5067 5068
f 4992 5068 4993
f 4993 5068 5069
f 4993 5069 4994
f 4994 5069 5070
f 4994 5070 4995
f 4995 5070 5071
f 4995 5071 4259
f 4259 5071 5072
f 4259 5072 5073
f 5073 5072 5074
f 5073 5074 5075
f 5075 5074 5076
f 5075 5076 5077
f 5077 5076 5078
f 5077 5078 5079
f 5079 5078 5080
f 5079 5080 5081
f 5081 5080 5082
f 5081 5082 5027
f 5027 5082 5028
f 5083 5084 5085
f 5086 5087 5088
f 5085 5089 5086
f 5086 5089 5090
f 5085 5086 5083
f 5083 5086 5088
f 5083 5088 5091
f 5090 5092 5086
f 5086 5092 5093
f 5086 5093 5094
f 5095 5096 5097
f 5098 5099 5100
f 5097 5101 5098
f 5098 5101 5102
f 5097 5098 5095
f 5095 5098 5100
f 5095 5100 5103
f 5102 5104 5098
f 5098 5104 5105
f 5098 5105 5106
f 5107 5108 5109
f 5110 5109 5111
f 5112 5110 5113
f 5113 5110 5111
f 5113 5111 5114
f 5114 5111 5115
f 5116 5107 5117
f 5117 5107 5109
f 5117 5109 5118
f 5118 5109 5110
f 5119 5120 5121
f 5121 5120 5122
f 5123 5124 5119
f 5119 5124 5120
f 5119 5125 5126
f 5127 5128 5129
f 5130 5123 5131
f 5131 5123 5119
f 5131 5119 5132
f 5132 5119 5126
f 5124 5133 5120
f 5120 5133 5127
f 5120 5127 5134
f 5134 5127 5129
f 5134 5129 5135
f 5124 5123 5136
f 5136 5123 5137
f 5138 5017 5139
f 5139 5017 5016
f 5139 5016 5140
f 5140 5016 5141
f 5141 5016 5015
f 5141 5015 5142
f 5142 5015 5143
f 5143 5015 5014
f 5143 5014 5144
f 5144 5014 5145
f 5145 5014 5013
f 5145 5013 5146
f 5146 5013 5147
f 5147 5013 5012
f 5147 5012 5148
f 5148 5012 5149
f 5149 5012 5011
f 5149 5011 5150
f 5150 5011 5151
f 5151 5011 5010
f 5151 5010 5152
f 5152 5010 5153
f 5153 5010 5009
f 5153 5009 5154
f 5154 5009 5155
f 5155 5009 5008
f 5155 5008 5156
f 5156 5008 5157
f 5157 5008 5007
f 5157 5007 5158
f 5158 5007 5159
f 5159 5007 5006
f 5159 5006 5160
f 5053 5161 5162
f 5053 5162 5054
f 5054 5162 5163
f 5054 5163 5055
f 5055 5163 5164
f 5055 5164 5056
f 5056 5164 5165
f 5056 5165 5057
f 5057 5165 5166
f 5057 5166 5058
f 5058 5166 5167
f 5058 5167 5059
f 5059 5167 5168
f 5059 5168 5060
f 5060 5168 5169
f 5060 5169 5061
f 5061 5169 5170
f 5061 5170 5062
f 5062 5170 5171
f 5062 5171 5063
f 5063 5171 5172
f 5063 5172 5064
f 5064 5172 5173
f 5064 5173 5065
f 5065 5173 5174
f 5065 5174 5066
f 5066 5174 5175
f 5066 5175 5067
f 5067 5175 5176
f 5067 5176 5068
f 5068 5176 5177
f 5068 5177 5069
f 5069 5177 5178
f 5069 5178 5070
f 5070 5178 5179
f 5070 5179 5071
f 5071 5179 5180
f 5071 5180 5072
f 5181 5182 5183
f 5184 5185 5186
f 5187 5188 5189
f 5189 5188 5181
f 5189 5181 5190
f 5190 5181 5183
f 5188 5191 5181
f 5181 5191 5184
f 5181 5184 5192
f 5192 5184 5186
f 5086 5193 5087
f 5087 5193 5194
f 5087 5194 5088
f 5088 5194 5195
f 5088 5195 5091
f 5091 5195 5196
f 5091 5196 5083
f 5083 5196 5197
f 5083 5197 5084
f 5084 5197 5198
f 5084 5198 5085
f 5085 5198 5199
f 5097 5200 5101
f 5101 5200 5201
f 5101 5201 5102
f 5102 5201 5202
f 5102 5202 5104
f 5104 5202 5203
f 5104 5203 5105
f 5105 5203 5204
f 5105 5204 5106
f 5106 5204 5205
f 5106 5205 5098
f 5098 5205 5206
f 5109 5207 5111
f 5111 5207 5208
f 5111 5208 5115
f 5115 5208 5209
f 5115 5209 5114
f 5114 5209 5210
f 5114 5210 5113
f 5113 5210 5211
f 5113 5211 5112
f 5112 5211 5212
f 5112 5212 5110
f 5110 5212 5213
f 5124 5136 5133
f 5133 5136 5214
f 5133 5214 5127
f 5127 5214 5215
f 5119 5121 5125
f 5125 5121 5216
f 5125 5216 5126
f 5126 5216 5217
f 5126 5217 5132
f 5132 5217 5218
f 5132 5218 5131
f 5131 5218 5219
f 5131 5219 5130
f 5130 5219 5220
f 5130 5220 5123
f 5123 5220 5137
f 5160 5221 5159
f 5159 5221 5222
f 5159 5222 5158
f 5158 5222 5223
f 5158 5223 5157
f 5157 5223 5224
f 5157 5224 5156
f 5156 5224 5225
f 5156 5225 5155
f 5155 5225 5226
f 5155 5226 5154
f 5154 5226 5227
f 5154 5227 5153
f 5153 5227 5228
f 5153 5228 5152
f 5152 5228 5229
f 5152 5229 5151
f 5151 5229 5230
f 5151 5230 5150
f 5150 5230 5231
f 5150 5231 5149
f 5149 5231 5232
f 5149 5232 5148
f 5148 5232 5233
f 5148 5233 5147
f 5147 5233 5234
f 5147 5234 5146
f 5146 5234 5235
f 5146 5235 5145
f 5145 5235 5236
f 5145 5236 5144
f 5144 5236 5237
f 5144 5237 5143
f 5143 5237 5238
f 5143 5238 5142
f 5142 5238 5239
f 5142 5239 5141
f 5141 5239 5240
f 5141 5240 5140
f 5140 5240 5241
f 5140 5241 5139
f 5139 5241 5242
f 5139 5242 5138
f 5138 5242 5243
f 5244 5180 5179
f 5244 5179 5245
f 5245 5179 5178
f 5245 5178 5246
f 5246 5178 5177
f 5246 5177 5247
f 5247 5177 5176
f 5247 5176 5248
f 5248 5176 5175
f 5248 5175 5249
f 5249 5175 5174
f 5249 5174 5250
f 5250 5174 5173
f 5250 5173 5251
f 5251 5173 5172
f 5251 5172 5252
f 5252 5172 5171
f 5252 5171 5253
f 5253 5171 5170
f 5253 5170 5254
f 5254 5170 5169
f 5254 5169 5255
f 5255 5169 5168
f 5255 5168 5256
f 5256 5168 5167
f 5256 5167 5257
f 5257 5167 5166
f 5257 5166 5258
f 5258 5166 5165
f 5258 5165 5259
f 5259 5165 5164
f 5259 5164 5260
f 5260 5164 5163
f 5260 5163 5261
f 5261 5163 5162
f 5261 5162 5262
f 5262 5162 5161
f 5262 5161 5263
f 5185 5264 5186
f 5186 5264 5265
f 5186 5265 5192
f 5192 5265 5266
f 5192 5266 5181
f 5181 5266 5267
f 5181 5267 5182
f 5182 5267 5268
f 5182 5268 5183
f 5183 5268 5269
f 5183 5269 5190
f 5190 5269 5270
f 5250 5251 5271
f 5252 5253 5272
f 5262 5263 5273
f 5274 5275 5276
f 5277 5244 5278
f 5277 5278 5279
f 5275 5280 5276
f 5276 5280 5279
f 5276 5279 5281
f 5281 5279 5278
f 5282 5283 5284
f 5283 5282 5285
f 5285 5282 5286
f 5285 5286 5287
f 5287 5286 5288
f 5287 5288 5289
f 5289 5290 5291
f 5291 5290 5292
f 5291 5292 5293
f 5293 5292 5294
f 5295 5296 5297
f 5297 5296 5298
f 5294 5299 5293
f 5293 5299 5296
f 5293 5296 5300
f 5300 5296 5295
f 5296 5210 5298
f 5298 5210 5209
f 5298 5209 5301
f 5302 5303 5273
f 5273 5303 5304
f 5303 5213 5304
f 5304 5213 5212
f 5304 5212 5296
f 5296 5212 5211
f 5296 5211 5210
f 5209 5208 5301
f 5301 5208 5207
f 5301 5207 5305
f 5305 5207 5306
f 5305 5306 5263
f 5263 5306 5307
f 5263 5307 5273
f 5273 5307 5308
f 5273 5308 5302
f 5262 5273 5261
f 5261 5273 5309
f 5261 5309 5260
f 5256 5257 5310
f 5310 5257 5258
f 5310 5258 5259
f 5256 5310 5255
f 5255 5310 5311
f 5255 5311 5254
f 5312 5253 5313
f 5313 5253 5254
f 5313 5254 5314
f 5314 5254 5311
f 5314 5311 5200
f 5200 5311 5201
f 5244 5245 5278
f 5278 5245 5246
f 5278 5246 5315
f 5315 5246 5247
f 5315 5247 5248
f 5316 5317 5272
f 5251 5252 5271
f 5271 5252 5272
f 5271 5272 5318
f 5318 5272 5317
f 5318 5319 5271
f 5271 5319 5320
f 5271 5320 5321
f 5321 5320 5270
f 5321 5270 5322
f 5322 5270 5269
f 5322 5269 5268
f 5268 5267 5323
f 5316 5272 5264
f 5264 5272 5324
f 5264 5324 5265
f 5265 5324 5325
f 5265 5325 5266
f 5266 5325 5326
f 5266 5326 5267
f 5267 5326 5327
f 5267 5327 5323
f 5323 5328 5268
f 5268 5328 5329
f 5268 5329 5322
f 5322 5329 5330
f 5322 5330 5331
f 5229 5228 5304
f 5228 5227 5304
f 5304 5227 5226
f 5304 5226 5225
f 5225 5224 5304
f 5304 5224 5223
f 5304 5223 5273
f 5273 5223 5222
f 5273 5222 5221
f 5234 5233 5332
f 5332 5233 5232
f 5332 5232 5333
f 5333 5232 5231
f 5333 5231 5230
f 5240 5239 5334
f 5334 5239 5238
f 5331 5243 5322
f 5322 5243 5242
f 5322 5242 5334
f 5334 5242 5241
f 5334 5241 5240
f 5238 5237 5334
f 5334 5237 5236
f 5334 5236 5332
f 5332 5236 5235
f 5332 5235 5234
f 5335 5336 5337
f 5338 5339 5324
f 5324 5339 5340
f 5324 5340 5325
f 5309 5341 5342
f 5221 5343 5273
f 5273 5343 5344
f 5273 5344 5309
f 5309 5344 5345
f 5309 5345 5341
f 5342 5346 5309
f 5309 5346 5347
f 5309 5347 5337
f 5337 5347 5348
f 5337 5348 5335
f 5137 5220 5304
f 5219 5218 5333
f 5217 5216 5288
f 5288 5216 5121
f 5288 5121 5289
f 5289 5121 5122
f 5289 5122 5290
f 5299 5215 5296
f 5296 5215 5214
f 5296 5214 5304
f 5304 5214 5136
f 5304 5136 5137
f 5230 5229 5333
f 5333 5229 5304
f 5333 5304 5219
f 5219 5304 5220
f 5312 5349 5253
f 5253 5349 5350
f 5253 5350 5272
f 5272 5350 5206
f 5272 5206 5324
f 5324 5206 5205
f 5324 5205 5204
f 5337 5203 5202
f 5336 5338 5337
f 5337 5338 5324
f 5337 5324 5203
f 5203 5324 5204
f 5351 5352 5322
f 5195 5194 5334
f 5334 5194 5193
f 5334 5193 5322
f 5322 5193 5353
f 5322 5353 5351
f 5352 5354 5278
f 5278 5354 5355
f 5278 5355 5281
f 5284 5274 5282
f 5282 5274 5276
f 5282 5276 5196
f 5355 5199 5281
f 5281 5199 5198
f 5281 5198 5276
f 5276 5198 5197
f 5276 5197 5196
f 5259 5260 5310
f 5310 5260 5309
f 5310 5309 5311
f 5311 5309 5337
f 5311 5337 5201
f 5201 5337 5202
f 5218 5217 5333
f 5333 5217 5288
f 5333 5288 5332
f 5332 5288 5286
f 5332 5286 5334
f 5334 5286 5282
f 5334 5282 5195
f 5195 5282 5196
f 5352 5278 5322
f 5322 5278 5315
f 5322 5315 5321
f 5321 5315 5248
f 5321 5248 5271
f 5271 5248 5249
f 5271 5249 5250
f 4405 4364 4448
f 4448 4364 4363
f 4448 4363 4433
f 4433 4363 4372
f 4433 4372 4435
f 4435 4372 4371
f 4435 4371 4441
f 4441 4371 4373
f 4441 4373 4442
f 4442 4373 4374
f 4442 4374 4399
f 4399 4374 4365
f 4412 4376 4487
f 4487 4376 4375
f 4487 4375 4492
f 4492 4375 4381
f 4492 4381 4490
f 4490 4381 4380
f 4490 4380 4488
f 4488 4380 4382
f 4488 4382 4474
f 4474 4382 4383
f 4474 4383 4406
f 4406 4383 4377
f 4419 4388 4510
f 4510 4388 4392
f 4510 4392 4519
f 4519 4392 4391
f 4519 4391 4521
f 4521 4391 4393
f 4521 4393 4523
f 4523 4393 4394
f 4523 4394 4525
f 4525 4394 4387
f 4525 4387 4413
f 4413 4387 4389
f 4431 4562 5356
f 4431 5356 4444
f 4444 5356 4699
f 4444 4699 4443
f 4617 4427 4754
f 4754 4427 4426
f 4623 4754 4456
f 4456 4754 4426
f 4642 4463 4461
f 4642 4461 4905
f 4905 4461 4459
f 4905 4459 4910
f 4910 4459 4458
f 4910 4458 4795
f 4504 4649 4907
f 4504 4907 4505
f 4505 4907 4915
f 4505 4915 4506
f 4506 4915 4791
f 4506 4791 4507
f 4539 4669 4840
f 4539 4840 4538
f 4538 4840 4662
f 4538 4662 4529
f 4676 4498 4546
f 4546 4498 4499
f 4555 4742 4556
f 4556 4742 4741
f 4556 4741 4557
f 4557 4741 4694
f 4739 4738 4699
f 4699 5356 4739
f 4739 5356 4562
f 4739 4562 4698
f 4570 4715 4580
f 4580 4715 4903
f 4580 4903 4579
f 4579 4903 4883
f 4579 4883 4577
f 4577 4883 4881
f 4577 4881 4578
f 4578 4881 4879
f 4578 4879 4567
f 4567 4879 4878
f 4567 4878 4568
f 4568 4878 4904
f 4568 4904 4569
f 4569 4904 4708
f 4582 4723 4584
f 4584 4723 4888
f 4584 4888 4585
f 4585 4888 4876
f 4585 4876 4591
f 4591 4876 4891
f 4591 4891 4590
f 4590 4891 4892
f 4590 4892 4588
f 4588 4892 4875
f 4588 4875 4589
f 4589 4875 4877
f 4589 4877 4583
f 4583 4877 4716
f 4597 4731 4602
f 4602 4731 4909
f 4602 4909 4604
f 4604 4909 4889
f 4604 4889 4603
f 4603 4889 4901
f 4603 4901 4601
f 4601 4901 4899
f 4601 4899 4600
f 4600 4899 4897
f 4600 4897 4599
f 4599 4897 4895
f 4599 4895 4595
f 4595 4895 4724
f 4612 4735 4613
f 4613 4735 4835
f 4706 4707 4852
f 4704 4703 4852
f 4852 4703 4702
f 4852 4702 4706
f 4786 4787 4852
f 4852 4787 4890
f 4852 4890 4704
f 4676 4546 4672
f 4683 4937 4799
f 4799 4937 4935
f 4799 4935 4803
f 4803 4935 4805
f 4805 4935 4933
f 4805 4933 4806
f 4806 4933 4808
f 4808 4933 4931
f 4808 4931 4809
f 4809 4931 4811
f 4811 4931 4946
f 4811 4946 4813
f 4813 4946 4814
f 4814 4946 4945
f 4814 4945 4816
f 4816 4945 4817
f 4817 4945 4841
f 4817 4841 4819
f 4786 4854 4784
f 4784 4854 4927
f 4784 4927 4782
f 4782 4927 4925
f 4782 4925 4780
f 4780 4925 4923
f 4780 4923 4778
f 4778 4923 4940
f 4778 4940 4777
f 4777 4940 4939
f 4777 4939 4672
f 4672 4939 4937
f 4672 4937 4676
f 4676 4937 4683
f 4676 4683 4547
f 4855 4966 5357
f 4855 5357 4866
f 4866 5357 5358
f 4866 5358 4867
f 4867 5358 5359
f 4867 5359 4868
f 4868 5359 5360
f 4868 5360 4869
f 4869 5360 5361
f 4869 5361 4870
f 4870 5361 5362
f 4870 5362 4865
f 4865 5362 5363
f 4865 5363 4872
f 4872 5363 5364
f 4872 5364 4873
f 4873 5364 5365
f 4873 5365 4861
f 4861 5365 5366
f 4861 5366 4860
f 4860 5366 5367
f 4860 5367 4859
f 4859 5367 5368
f 4859 5368 4858
f 4858 5368 5369
f 4858 5369 4857
f 4857 5369 5370
f 4857 5370 4887
f 4887 5370 5371
f 4887 5371 4886
f 4886 5371 5372
f 4886 5372 4885
f 4885 5372 5373
f 4885 5373 4884
f 4884 5373 5374
f 4884 5374 4864
f 4864 5374 4947
f 4864 4947 4856
f 4977 4943 5004
f 5004 4943 4944
f 5004 4944 5002
f 5002 4944 4930
f 5002 4930 5000
f 5000 4930 4932
f 5000 4932 4998
f 4998 4932 4934
f 4998 4934 4996
f 4996 4934 4936
f 4996 4936 5024
f 5024 4936 4938
f 5024 4938 5022
f 5022 4938 4922
f 5022 4922 5020
f 5020 4922 4924
f 5020 4924 5018
f 5018 4924 4926
f 5018 4926 4967
f 4967 4926 4928
f 4966 4259 5073
f 4966 5073 5357
f 5357 5073 5075
f 5357 5075 5358
f 5358 5075 5077
f 5358 5077 5359
f 5359 5077 5079
f 5359 5079 5360
f 5360 5079 5081
f 5360 5081 5361
f 5361 5081 5027
f 5361 5027 5362
f 5362 5027 5029
f 5362 5029 5363
f 5363 5029 5031
f 5363 5031 5364
f 5364 5031 5033
f 5364 5033 5365
f 5365 5033 5035
f 5365 5035 5366
f 5366 5035 5037
f 5366 5037 5367
f 5367 5037 5039
f 5367 5039 5368
f 5368 5039 5041
f 5368 5041 5369
f 5369 5041 5043
f 5369 5043 5370
f 5370 5043 5045
f 5370 5045 5371
f 5371 5045 5047
f 5371 5047 5372
f 5372 5047 5049
f 5372 5049 5373
f 5373 5049 5051
f 5373 5051 5374
f 5374 5051 4221
f 5374 4221 4947
f 5160 5006 5375
f 5375 5006 5005
f 5375 5005 5376
f 5376 5005 5377
f 5377 5005 5003
f 5377 5003 5378
f 5378 5003 5379
f 5379 5003 5001
f 5379 5001 5380
f 5380 5001 5381
f 5381 5001 4999
f 5381 4999 5382
f 5382 4999 5383
f 5383 4999 4997
f 5383 4997 5384
f 5384 4997 5385
f 5385 4997 5026
f 5385 5026 5386
f 5386 5026 5387
f 5387 5026 5025
f 5387 5025 5388
f 5388 5025 5389
f 5389 5025 5023
f 5389 5023 5390
f 5390 5023 5391
f 5391 5023 5021
f 5391 5021 5392
f 5392 5021 5393
f 5393 5021 5019
f 5393 5019 5394
f 5394 5019 5395
f 5395 5019 5017
f 5395 5017 5138
f 5072 5180 5396
f 5072 5396 5074
f 5074 5396 5397
f 5074 5397 5076
f 5076 5397 5398
f 5076 5398 5078
f 5078 5398 5399
f 5078 5399 5080
f 5080 5399 5400
f 5080 5400 5082
f 5082 5400 5401
f 5082 5401 5028
f 5028 5401 5402
f 5028 5402 5030
f 5030 5402 5403
f 5030 5403 5032
f 5032 5403 5404
f 5032 5404 5034
f 5034 5404 5405
f 5034 5405 5036
f 5036 5405 5406
f 5036 5406 5038
f 5038 5406 5407
f 5038 5407 5040
f 5040 5407 5408
f 5040 5408 5042
f 5042 5408 5409
f 5042 5409 5044
f 5044 5409 5410
f 5044 5410 5046
f 5046 5410 5411
f 5046 5411 5048
f 5048 5411 5412
f 5048 5412 5050
f 5050 5412 5413
f 5050 5413 5052
f 5052 5413 5161
f 5052 5161 5053
f 5085 5199 5089
f 5089 5199 5355
f 5089 5355 5090
f 5090 5355 5354
f 5090 5354 5092
f 5092 5354 5352
f 5092 5352 5093
f 5093 5352 5351
f 5093 5351 5094
f 5094 5351 5353
f 5094 5353 5086
f 5086 5353 5193
f 5098 5206 5099
f 5099 5206 5350
f 5099 5350 5100
f 5100 5350 5349
f 5100 5349 5103
f 5103 5349 5312
f 5103 5312 5095
f 5095 5312 5313
f 5095 5313 5096
f 5096 5313 5314
f 5096 5314 5097
f 5097 5314 5200
f 5110 5213 5118
f 5118 5213 5303
f 5118 5303 5117
f 5117 5303 5302
f 5117 5302 5116
f 5116 5302 5308
f 5116 5308 5107
f 5107 5308 5307
f 5107 5307 5108
f 5108 5307 5306
f 5108 5306 5109
f 5109 5306 5207
f 5127 5215 5128
f 5128 5215 5299
f 5128 5299 5129
f 5129 5299 5294
f 5129 5294 5135
f 5135 5294 5292
f 5135 5292 5134
f 5134 5292 5290
f 5134 5290 5120
f 5120 5290 5122
f 5138 5243 5395
f 5395 5243 5331
f 5395 5331 5394
f 5394 5331 5330
f 5394 5330 5393
f 5393 5330 5329
f 5393 5329 5392
f 5392 5329 5328
f 5392 5328 5391
f 5391 5328 5323
f 5391 5323 5390
f 5390 5323 5327
f 5390 5327 5389
f 5389 5327 5326
f 5389 5326 5388
f 5388 5326 5325
f 5388 5325 5387
f 5387 5325 5340
f 5387 5340 5386
f 5386 5340 5339
f 5386 5339 5385
f 5385 5339 5338
f 5385 5338 5384
f 5384 5338 5336
f 5384 5336 5383
f 5383 5336 5335
f 5383 5335 5382
f 5382 5335 5348
f 5382 5348 5381
f 5381 5348 5347
f 5381 5347 5380
f 5380 5347 5346
f 5380 5346 5379
f 5379 5346 5342
f 5379 5342 5378
f 5378 5342 5341
f 5378 5341 5377
f 5377 5341 5345
f 5377 5345 5376
f 5376 5345 5344
f 5376 5344 5375
f 5375 5344 5343
f 5375 5343 5160
f 5160 5343 5221
f 5263 5161 5413
f 5263 5413 5305
f 5305 5413 5412
f 5305 5412 5301
f 5301 5412 5411
f 5301 5411 5298
f 5298 5411 5410
f 5298 5410 5297
f 5297 5410 5409
f 5297 5409 5295
f 5295 5409 5408
f 5295 5408 5300
f 5300 5408 5407
f 5300 5407 5293
f 5293 5407 5406
f 5293 5406 5291
f 5291 5406 5405
f 5291 5405 5289
f 5289 5405 5404
f 5289 5404 5287
f 5287 5404 5403
f 5287 5403 5285
f 5285 5403 5402
f 5285 5402 5283
f 5283 5402 5401
f 5283 5401 5284
f 5284 5401 5400
f 5284 5400 5274
f 5274 5400 5399
f 5274 5399 5275
f 5275 5399 5398
f 5275 5398 5280
f 5280 5398 5397
f 5280 5397 5279
f 5279 5397 5396
f 5279 5396 5277
f 5277 5396 5180
f 5277 5180 5244
f 5190 5270 5189
f 5189 5270 5320
f 5189 5320 5187
f 5187 5320 5319
f 5187 5319 5188
f 5188 5319 5318
f 5188 5318 5191
f 5191 5318 5317
f 5191 5317 5184
f 5184 5317 5316
f 5184 5316 5185
f 5185 5316 5264
f 5414 5415 5416
f 5417 5416 5418
f 5419 5420 5421
f 5421 5420 5417
f 5421 5417 5422
f 5422 5417 5418
f 5423 5414 5424
f 5424 5414 5416
f 5424 5416 5425
f 5425 5416 5417
f 5426 5427 5428
f 5426 5428 5429
f 5429 5428 5430
f 5429 5430 5431
f 5427 5432 5428
f 5428 5432 5433
f 5428 5433 5434
f 5431 5435 5429
f 5429 5435 5436
f 5429 5436 5437
f 5438 5439 5440
f 5438 5440 5441
f 5441 5440 5442
f 5441 5442 5443
f 5439 5444 5440
f 5440 5444 5445
f 5440 5445 5446
f 5443 5447 5441
f 5441 5447 5448
f 5441 5448 5449
f 5450 5451 5452
f 5453 5452 5454
f 5455 5456 5457
f 5457 5456 5453
f 5457 5453 5458
f 5458 5453 5454
f 5459 5450 5460
f 5460 5450 5452
f 5460 5452 5461
f 5461 5452 5453
f 5462 5463 5464
f 5464 5465 5466
f 5466 5465 5467
f 5468 5462 5469
f 5469 5462 5464
f 5469 5464 5470
f 5470 5464 5466
f 5467 5471 5466
f 5466 5471 5472
f 5466 5472 5473
f 5474 5475 5476
f 5474 5476 5477
f 5477 5476 5478
f 5477 5478 5479
f 5475 5480 5476
f 5476 5480 5481
f 5476 5481 5482
f 5479 5483 5477
f 5477 5483 5484
f 5477 5484 5485
f 5486 5487 5488
f 5488 5487 5489
f 5490 5491 5492
f 5492 5491 5488
f 5492 5488 5493
f 5493 5488 5489
f 5494 5486 5495
f 5495 5486 5488
f 5495 5488 5496
f 5496 5488 5497
f 5498 5499 5500
f 5501 5502 5503
f 5504 5505 5500
f 5500 5505 5506
f 5500 5506 5507
f 5503 5498 5501
f 5501 5498 5500
f 5501 5500 5508
f 5508 5500 5507
f 5508 5507 5509
f 5510 5511 5512
f 5512 5511 5513
f 5514 5515 5516
f 5516 5515 5512
f 5516 5512 5517
f 5517 5512 5513
f 5518 5510 5519
f 5519 5510 5512
f 5519 5512 5520
f 5520 5512 5521
f 5522 5523 5524
f 5524 5523 5525
f 5524 5525 5526
f 5527 5528 5526
f 5526 5528 5529
f 5526 5529 5524
f 5530 5531 5532
f 5532 5533 5530
f 5530 5533 5534
f 5530 5534 5535
f 5535 5534 5536
f 5535 5536 5527
f 5527 5536 5537
f 5527 5537 5528
f 5538 5539 5540
f 5541 5542 5543
f 5543 5544 5541
f 5541 5544 5545
f 5541 5545 5546
f 5546 5545 5547
f 5546 5547 5548
f 5549 5550 5522
f 5522 5524 5549
f 5549 5524 5529
f 5549 5529 5528
f 5548 5547 5551
f 5551 5547 5552
f 5551 5552 5553
f 5553 5552 5554
f 5553 5554 5555
f 5555 5554 5556
f 5555 5556 5557
f 5556 5558 5557
f 5557 5558 5559
f 5557 5559 5560
f 5560 5559 5561
f 5560 5561 5562
f 5562 5561 5563
f 5540 5539 5564
f 5564 5539 5565
f 5564 5565 5563
f 5563 5565 5566
f 5563 5566 5562
f 5538 5540 5567
f 5567 5540 5568
f 5567 5568 5569
f 5569 5568 5570
f 5570 5568 5571
f 5570 5571 5572
f 5571 5573 5572
f 5572 5573 5574
f 5572 5574 5575
f 5574 5576 5575
f 5575 5576 5577
f 5575 5577 5578
f 5577 5579 5578
f 5578 5579 5580
f 5578 5580 5581
f 5580 5582 5581
f 5581 5582 5583
f 5581 5583 5584
f 5583 5585 5584
f 5584 5585 5586
f 5584 5586 5549
f 5549 5586 5587
f 5549 5587 5550
f 5588 5533 5532
f 5589 5590 5591
f 5591 5590 5592
f 5591 5592 5593
f 5532 5594 5588
f 5588 5594 5595
f 5588 5595 5596
f 5596 5595 5597
f 5596 5597 5598
f 5598 5597 5599
f 5598 5599 5600
f 5600 5599 5601
f 5600 5601 5602
f 5602 5601 5603
f 5602 5603 5604
f 5604 5603 5605
f 5604 5605 5606
f 5606 5605 5607
f 5606 5607 5608
f 5608 5607 5609
f 5608 5609 5610
f 5610 5609 5611
f 5612 5613 5614
f 5614 5613 5615
f 5614 5615 5616
f 5616 5615 5617
f 5616 5617 5618
f 5618 5617 5619
f 5618 5619 5611
f 5611 5619 5620
f 5611 5620 5610
f 5589 5591 5621
f 5621 5591 5622
f 5621 5622 5623
f 5623 5622 5624
f 5623 5624 5625
f 5625 5624 5626
f 5625 5626 5627
f 5627 5626 5628
f 5627 5628 5629
f 5629 5628 5630
f 5629 5630 5631
f 5631 5630 5632
f 5631 5632 5633
f 5633 5632 5634
f 5633 5634 5635
f 5635 5634 5636
f 5635 5636 5637
f 5637 5636 5638
f 5637 5638 5639
f 5639 5638 5640
f 5639 5640 5641
f 5641 5640 5642
f 5641 5642 5643
f 5643 5642 5644
f 5643 5644 5645
f 5645 5644 5646
f 5645 5646 5647
f 5647 5646 5648
f 5647 5648 5649
f 5649 5648 5650
f 5649 5650 5651
f 5651 5650 5652
f 5651 5652 5653
f 5653 5652 5654
f 5653 5654 5655
f 5655 5654 5656
f 5655 5656 5657
f 5657 5656 5658
f 5657 5658 5659
f 5659 5658 5660
f 5659 5660 5661
f 5661 5660 5662
f 5661 5662 5612
f 5612 5662 5663
f 5612 5663 5613
f 5664 5419 5665
f 5665 5419 5421
f 5665 5421 5666
f 5666 5421 5422
f 5666 5422 5667
f 5667 5422 5418
f 5667 5418 5668
f 5668 5418 5416
f 5668 5416 5669
f 5669 5416 5415
f 5669 5415 5670
f 5670 5415 5414
f 5671 5426 5672
f 5672 5426 5429
f 5672 5429 5673
f 5673 5429 5437
f 5673 5437 5674
f 5674 5437 5436
f 5674 5436 5675
f 5675 5436 5435
f 5675 5435 5676
f 5676 5435 5431
f 5676 5431 5677
f 5677 5431 5430
f 5678 5438 5679
f 5679 5438 5441
f 5679 5441 5680
f 5680 5441 5449
f 5680 5449 5681
f 5681 5449 5448
f 5681 5448 5682
f 5682 5448 5447
f 5682 5447 5683
f 5683 5447 5443
f 5683 5443 5684
f 5684 5443 5442
f 5685 5455 5686
f 5686 5455 5457
f 5686 5457 5687
f 5687 5457 5458
f 5687 5458 5688
f 5688 5458 5454
f 5688 5454 5689
f 5689 5454 5452
f 5689 5452 5690
f 5690 5452 5451
f 5690 5451 5691
f 5691 5451 5450
f 5692 5470 5693
f 5693 5470 5466
f 5693 5466 5694
f 5694 5466 5473
f 5694 5473 5695
f 5695 5473 5472
f 5695 5472 5696
f 5696 5472 5471
f 5696 5471 5697
f 5697 5471 5467
f 5697 5467 5698
f 5698 5467 5465
f 5699 5474 5700
f 5700 5474 5477
f 5700 5477 5701
f 5701 5477 5485
f 5701 5485 5702
f 5702 5485 5484
f 5702 5484 5703
f 5703 5484 5483
f 5703 5483 5704
f 5704 5483 5479
f 5704 5479 5705
f 5705 5479 5478
f 5706 5487 5707
f 5707 5487 5486
f 5707 5486 5708
f 5708 5486 5494
f 5708 5494 5709
f 5709 5494 5495
f 5709 5495 5710
f 5710 5495 5496
f 5710 5496 5711
f 5711 5496 5497
f 5711 5497 5712
f 5712 5497 5488
f 5713 5500 5714
f 5714 5500 5499
f 5714 5499 5715
f 5715 5499 5498
f 5715 5498 5716
f 5716 5498 5503
f 5716 5503 5717
f 5717 5503 5502
f 5717 5502 5718
f 5718 5502 5501
f 5718 5501 5719
f 5719 5501 5508
f 5720 5511 5721
f 5721 5511 5510
f 5721 5510 5722
f 5722 5510 5518
f 5722 5518 5723
f 5723 5518 5519
f 5723 5519 5724
f 5724 5519 5520
f 5724 5520 5725
f 5725 5520 5521
f 5725 5521 5726
f 5726 5521 5512
f 5727 5590 5728
f 5728 5590 5589
f 5728 5589 5729
f 5730 5593 5727
f 5727 5593 5592
f 5727 5592 5590
f 5731 5732 5543
f 5543 5732 5733
f 5543 5733 5544
f 5544 5733 5734
f 5544 5734 5545
f 5543 5542 5731
f 5731 5542 5735
f 5731 5735 5730
f 5730 5735 5736
f 5730 5736 5593
f 5522 5550 5523
f 5523 5550 5737
f 5550 5587 5737
f 5737 5587 5586
f 5737 5586 5738
f 5586 5585 5738
f 5738 5585 5583
f 5738 5583 5739
f 5583 5582 5739
f 5739 5582 5580
f 5739 5580 5740
f 5580 5579 5740
f 5740 5579 5577
f 5740 5577 5741
f 5577 5576 5741
f 5741 5576 5574
f 5741 5574 5742
f 5558 5743 5559
f 5559 5743 5744
f 5559 5744 5561
f 5561 5744 5745
f 5561 5745 5563
f 5563 5745 5746
f 5563 5746 5564
f 5564 5746 5747
f 5564 5747 5540
f 5540 5747 5748
f 5540 5748 5568
f 5568 5748 5749
f 5568 5749 5571
f 5571 5749 5742
f 5571 5742 5573
f 5573 5742 5574
f 5589 5621 5729
f 5729 5621 5750
f 5621 5623 5750
f 5750 5623 5625
f 5750 5625 5751
f 5625 5627 5751
f 5751 5627 5629
f 5751 5629 5752
f 5629 5631 5752
f 5752 5631 5633
f 5752 5633 5753
f 5633 5635 5753
f 5753 5635 5637
f 5753 5637 5754
f 5637 5639 5754
f 5754 5639 5641
f 5754 5641 5755
f 5641 5643 5755
f 5755 5643 5645
f 5755 5645 5756
f 5645 5647 5756
f 5756 5647 5649
f 5756 5649 5757
f 5649 5651 5757
f 5757 5651 5653
f 5757 5653 5758
f 5653 5655 5758
f 5758 5655 5657
f 5758 5657 5759
f 5657 5659 5759
f 5759 5659 5661
f 5759 5661 5760
f 5661 5612 5760
f 5760 5612 5614
f 5760 5614 5761
f 5614 5616 5761
f 5761 5616 5618
f 5761 5618 5762
f 5618 5611 5762
f 5762 5611 5609
f 5762 5609 5763
f 5609 5607 5763
f 5763 5607 5605
f 5763 5605 5764
f 5605 5603 5764
f 5764 5603 5601
f 5764 5601 5765
f 5595 5766 5597
f 5597 5766 5765
f 5597 5765 5599
f 5599 5765 5601
f 5610 5767 5608
f 5638 5636 5768
f 5578 5769 5575
f 5770 5771 5772
f 5773 5774 5775
f 5776 5557 5777
f 5777 5557 5560
f 5777 5560 5778
f 5779 5780 5781
f 5778 5560 5782
f 5782 5560 5562
f 5782 5562 5566
f 5682 5683 5780
f 5780 5683 5684
f 5780 5684 5781
f 5783 5773 5784
f 5784 5773 5779
f 5784 5779 5785
f 5785 5779 5781
f 5680 5681 5566
f 5566 5681 5682
f 5566 5682 5782
f 5782 5682 5780
f 5782 5780 5778
f 5680 5566 5679
f 5679 5566 5565
f 5679 5565 5678
f 5678 5565 5539
f 5678 5539 5786
f 5783 5786 5773
f 5773 5786 5539
f 5773 5539 5774
f 5774 5539 5538
f 5774 5538 5567
f 5575 5769 5572
f 5569 5710 5711
f 5712 5787 5788
f 5788 5787 5789
f 5790 5791 5769
f 5567 5569 5774
f 5774 5569 5711
f 5774 5711 5775
f 5775 5711 5712
f 5775 5712 5792
f 5792 5712 5788
f 5791 5793 5769
f 5769 5793 5706
f 5769 5706 5572
f 5572 5706 5707
f 5572 5707 5570
f 5570 5707 5708
f 5570 5708 5569
f 5569 5708 5709
f 5569 5709 5710
f 5794 5795 5788
f 5796 5797 5691
f 5795 5794 5797
f 5797 5794 5690
f 5797 5690 5691
f 5685 5686 5798
f 5799 5800 5801
f 5801 5800 5685
f 5801 5685 5802
f 5802 5685 5798
f 5802 5798 5803
f 5691 5804 5796
f 5796 5804 5805
f 5796 5805 5806
f 5806 5805 5807
f 5806 5807 5799
f 5799 5807 5808
f 5799 5808 5800
f 5686 5687 5798
f 5798 5687 5688
f 5798 5688 5794
f 5794 5688 5689
f 5794 5689 5690
f 5809 5810 5537
f 5533 5588 5534
f 5534 5588 5809
f 5534 5809 5536
f 5536 5809 5537
f 5608 5767 5606
f 5811 5812 5813
f 5813 5812 5814
f 5813 5814 5692
f 5815 5596 5816
f 5816 5596 5598
f 5816 5598 5698
f 5698 5598 5600
f 5698 5600 5697
f 5697 5600 5602
f 5697 5602 5696
f 5696 5602 5695
f 5588 5596 5809
f 5809 5596 5815
f 5809 5815 5811
f 5811 5815 5817
f 5811 5817 5812
f 5602 5604 5695
f 5695 5604 5606
f 5695 5606 5694
f 5694 5606 5767
f 5694 5767 5693
f 5615 5613 5818
f 5819 5820 5821
f 5821 5820 5822
f 5821 5822 5823
f 5823 5822 5713
f 5823 5713 5824
f 5713 5714 5824
f 5824 5714 5715
f 5824 5715 5825
f 5825 5715 5716
f 5825 5716 5717
f 5692 5693 5813
f 5813 5693 5767
f 5813 5767 5826
f 5826 5767 5610
f 5821 5826 5819
f 5819 5826 5610
f 5819 5610 5827
f 5827 5610 5620
f 5827 5620 5828
f 5828 5620 5619
f 5828 5619 5719
f 5829 5702 5830
f 5830 5702 5703
f 5830 5703 5704
f 5831 5832 5662
f 5662 5832 5818
f 5662 5818 5663
f 5663 5818 5613
f 5719 5619 5718
f 5718 5619 5617
f 5718 5617 5717
f 5717 5617 5615
f 5717 5615 5825
f 5825 5615 5818
f 5825 5818 5833
f 5833 5818 5832
f 5833 5832 5834
f 5834 5699 5833
f 5833 5699 5700
f 5833 5700 5829
f 5829 5700 5701
f 5829 5701 5702
f 5831 5662 5835
f 5835 5662 5660
f 5835 5660 5836
f 5836 5660 5658
f 5836 5658 5705
f 5705 5658 5656
f 5705 5656 5704
f 5704 5656 5654
f 5704 5654 5830
f 5837 5838 5839
f 5839 5838 5840
f 5841 5669 5842
f 5842 5669 5670
f 5842 5670 5843
f 5664 5665 5844
f 5839 5845 5837
f 5837 5845 5664
f 5837 5664 5846
f 5846 5664 5844
f 5843 5847 5842
f 5842 5847 5848
f 5842 5848 5839
f 5839 5848 5849
f 5839 5849 5845
f 5665 5666 5844
f 5844 5666 5667
f 5844 5667 5841
f 5841 5667 5668
f 5841 5668 5669
f 5850 5851 5841
f 5841 5851 5852
f 5841 5852 5844
f 5770 5853 5726
f 5726 5853 5725
f 5725 5853 5854
f 5725 5854 5724
f 5855 5630 5628
f 5850 5841 5856
f 5856 5841 5842
f 5856 5842 5857
f 5857 5842 5855
f 5857 5855 5854
f 5854 5855 5723
f 5854 5723 5724
f 5726 5858 5770
f 5770 5858 5859
f 5770 5859 5736
f 5736 5735 5770
f 5770 5735 5542
f 5770 5542 5771
f 5771 5542 5541
f 5771 5541 5546
f 5593 5736 5591
f 5591 5736 5859
f 5591 5859 5622
f 5622 5859 5860
f 5622 5860 5624
f 5860 5861 5624
f 5624 5861 5862
f 5624 5862 5626
f 5626 5862 5720
f 5626 5720 5628
f 5628 5720 5721
f 5628 5721 5855
f 5855 5721 5722
f 5855 5722 5723
f 5548 5672 5673
f 5677 5863 5864
f 5864 5863 5865
f 5864 5865 5866
f 5866 5865 5867
f 5776 5867 5557
f 5557 5867 5865
f 5557 5865 5555
f 5555 5865 5553
f 5863 5868 5865
f 5865 5868 5869
f 5865 5869 5553
f 5553 5869 5870
f 5553 5870 5551
f 5551 5870 5871
f 5551 5871 5548
f 5548 5871 5671
f 5548 5671 5672
f 5546 5548 5771
f 5771 5548 5673
f 5771 5673 5772
f 5772 5673 5674
f 5772 5674 5872
f 5872 5674 5675
f 5872 5675 5864
f 5864 5675 5676
f 5864 5676 5677
f 5873 5578 5581
f 5581 5584 5873
f 5873 5584 5549
f 5873 5549 5810
f 5810 5549 5528
f 5810 5528 5537
f 5810 5803 5873
f 5873 5803 5798
f 5873 5798 5578
f 5578 5798 5794
f 5578 5794 5769
f 5769 5794 5788
f 5769 5788 5790
f 5790 5788 5789
f 5840 5768 5839
f 5839 5768 5636
f 5839 5636 5842
f 5842 5636 5634
f 5842 5634 5855
f 5855 5634 5632
f 5855 5632 5630
f 5654 5652 5830
f 5830 5652 5650
f 5830 5650 5840
f 5840 5650 5648
f 5840 5648 5768
f 5768 5648 5646
f 5768 5646 5644
f 5644 5642 5768
f 5768 5642 5640
f 5768 5640 5638
f 5874 5875 5743
f 5743 5875 5876
f 5743 5876 5744
f 5877 5523 5878
f 5878 5523 5879
f 5728 5729 5733
f 5733 5729 5734
f 5880 5734 5881
f 5881 5734 5882
f 5876 5883 5744
f 5744 5883 5884
f 5744 5884 5745
f 5884 5885 5745
f 5745 5885 5886
f 5745 5886 5746
f 5727 5728 5730
f 5730 5728 5733
f 5730 5733 5731
f 5731 5733 5732
f 5887 5523 5766
f 5766 5523 5877
f 5766 5877 5765
f 5765 5877 5888
f 5765 5888 5764
f 5527 5526 5525
f 5886 5889 5746
f 5746 5889 5890
f 5746 5890 5747
f 5747 5890 5891
f 5747 5891 5748
f 5742 5749 5892
f 5880 5893 5734
f 5734 5893 5894
f 5734 5894 5895
f 5895 5894 5896
f 5895 5896 5897
f 5896 5898 5897
f 5897 5898 5899
f 5897 5899 5900
f 5899 5901 5900
f 5900 5901 5902
f 5900 5902 5874
f 5874 5902 5903
f 5874 5903 5875
f 5888 5904 5764
f 5764 5904 5905
f 5764 5905 5763
f 5763 5905 5906
f 5763 5906 5762
f 5760 5761 5907
f 5907 5908 5760
f 5760 5908 5909
f 5760 5909 5759
f 5891 5910 5748
f 5748 5910 5911
f 5748 5911 5749
f 5749 5911 5912
f 5749 5912 5892
f 5755 5756 5913
f 5913 5914 5755
f 5755 5914 5915
f 5755 5915 5754
f 5752 5753 5916
f 5887 5531 5523
f 5523 5531 5530
f 5523 5530 5525
f 5525 5530 5535
f 5525 5535 5527
f 5739 5740 5917
f 5906 5918 5762
f 5762 5918 5919
f 5762 5919 5761
f 5761 5919 5920
f 5761 5920 5907
f 5758 5921 5757
f 5757 5921 5922
f 5757 5922 5756
f 5756 5922 5923
f 5756 5923 5913
f 5916 5924 5752
f 5752 5924 5925
f 5752 5925 5751
f 5892 5926 5742
f 5742 5926 5927
f 5742 5927 5741
f 5741 5927 5928
f 5741 5928 5740
f 5740 5928 5929
f 5740 5929 5917
f 5738 5930 5737
f 5737 5930 5931
f 5737 5931 5523
f 5523 5931 5932
f 5523 5932 5879
f 5909 5933 5759
f 5759 5933 5934
f 5759 5934 5758
f 5758 5934 5935
f 5758 5935 5921
f 5915 5936 5754
f 5754 5936 5937
f 5754 5937 5753
f 5753 5937 5938
f 5753 5938 5916
f 5917 5939 5739
f 5739 5939 5940
f 5739 5940 5738
f 5738 5940 5941
f 5738 5941 5930
f 5882 5734 5942
f 5942 5734 5729
f 5942 5729 5925
f 5925 5729 5750
f 5925 5750 5751
f 5943 5944 5945
f 5945 5944 5946
f 5947 5948 5949
f 5950 5951 5952
f 5952 5951 5943
f 5952 5943 5953
f 5953 5943 5945
f 5946 5944 5954
f 5954 5944 5955
f 5954 5955 5949
f 5949 5955 5956
f 5949 5956 5947
f 5957 5958 5959
f 5960 5961 5962
f 5963 5964 5965
f 5966 5967 5968
f 5968 5967 5957
f 5968 5957 5969
f 5969 5957 5959
f 5965 5960 5963
f 5963 5960 5962
f 5963 5962 5958
f 5958 5962 5970
f 5958 5970 5959
f 5971 5972 5973
f 5973 5974 5975
f 5971 5973 5976
f 5976 5973 5975
f 5976 5975 5977
f 5978 5979 5980
f 5980 5979 5981
f 5980 5981 5982
f 5982 5981 5983
f 5982 5983 5972
f 5972 5983 5984
f 5972 5984 5973
f 5985 5986 5987
f 5988 5985 5989
f 5989 5985 5987
f 5989 5987 5990
f 5990 5987 5991
f 5992 5993 5994
f 5994 5993 5995
f 5994 5995 5996
f 5996 5995 5997
f 5996 5997 5991
f 5991 5997 5998
f 5991 5998 5990
f 5999 6000 6001
f 6002 6003 6000
f 6000 6003 6004
f 6000 6004 6001
f 6005 6006 6007
f 6007 6006 5999
f 6007 5999 6008
f 6008 5999 6001
f 6009 6010 6011
f 6011 6010 6003
f 6011 6003 6012
f 6012 6003 6002
f 6013 6014 6015
f 6016 6017 6018
f 6019 6020 6021
f 6021 6020 6016
f 6021 6016 6022
f 6022 6016 6018
f 6023 6013 6024
f 6024 6013 6015
f 6024 6015 6025
f 6025 6015 6017
f 6025 6017 6026
f 6026 6017 6016
f 5823 3572 6027
f 5823 6027 5821
f 5821 6027 6028
f 5821 6028 5826
f 5826 6028 6029
f 5826 6029 5813
f 5813 6029 6030
f 5813 6030 5811
f 5811 6030 6031
f 5811 6031 5809
f 5809 6031 6032
f 5809 6032 5810
f 5810 6032 5803
f 5803 6032 6033
f 5803 6033 5802
f 5802 6033 6034
f 5802 6034 5801
f 5801 6034 6035
f 5801 6035 5799
f 5799 6035 6036
f 5799 6036 5806
f 5806 6036 6037
f 5806 6037 5796
f 5796 6037 6038
f 5796 6038 5797
f 5797 6038 6039
f 5797 6039 5795
f 5795 6039 5788
f 5788 6039 6040
f 5788 6040 5792
f 5792 6040 5775
f 5775 6040 6041
f 5775 6041 5773
f 5773 6041 6042
f 5773 6042 5779
f 5779 6042 6043
f 5779 6043 5780
f 5780 6043 6044
f 5780 6044 5778
f 5778 6044 6045
f 5778 6045 5777
f 5777 6045 3609
f 5777 3609 5776
f 6046 5876 6047
f 6047 5876 5875
f 6047 5875 6048
f 6048 5875 5903
f 6048 5903 6049
f 6049 5903 5902
f 6049 5902 6050
f 6050 5902 5901
f 6050 5901 6051
f 6051 5901 5899
f 6051 5899 6052
f 6052 5899 5898
f 6052 5898 6053
f 6053 5898 5896
f 6053 5896 6054
f 6054 5896 5894
f 6054 5894 6055
f 6055 5894 5893
f 6055 5893 6056
f 6056 5893 5880
f 6056 5880 6057
f 6057 5880 5881
f 6057 5881 6058
f 6058 5881 5882
f 6058 5882 6059
f 6059 5882 5942
f 6059 5942 6060
f 6060 5942 5925
f 6060 5925 6061
f 6061 5925 5924
f 6061 5924 6062
f 6062 5924 5916
f 6062 5916 6063
f 6063 5916 5938
f 6063 5938 6064
f 6064 5938 5937
f 6064 5937 6065
f 6065 5937 5936
f 6065 5936 6066
f 6066 5936 5915
f 6066 5915 6067
f 6067 5915 5914
f 6067 5914 6068
f 6068 5914 5913
f 6068 5913 6069
f 6069 5913 5923
f 6069 5923 6070
f 6070 5923 5922
f 6070 5922 6071
f 6071 5922 5921
f 6071 5921 6072
f 6072 5921 5935
f 6072 5935 6073
f 6073 5935 5934
f 6073 5934 6074
f 6074 5934 5933
f 6074 5933 6075
f 6075 5933 5909
f 6075 5909 6076
f 6076 5909 5908
f 6076 5908 6077
f 6077 5908 5907
f 6077 5907 6078
f 6078 5907 5920
f 5951 6079 5943
f 5943 6079 6080
f 5943 6080 5944
f 6081 6082 5951
f 5951 6082 6083
f 5951 6083 6079
f 5951 5950 6081
f 6081 5950 5952
f 6081 5952 6084
f 6084 5952 6085
f 6085 5952 5953
f 6085 5953 6086
f 6086 5953 6087
f 6087 5953 5945
f 6087 5945 6088
f 6088 5945 6089
f 6089 5945 5946
f 6089 5946 6090
f 6091 5970 5962
f 6091 5962 6092
f 6092 5962 5961
f 6092 5961 6093
f 6093 5961 6094
f 6094 5961 5960
f 6094 5960 6095
f 6095 5960 5965
f 6095 5965 6096
f 6096 5965 6097
f 6097 5965 5964
f 6097 5964 6098
f 5963 5958 6099
f 6099 6100 5963
f 5963 6100 6101
f 5963 6101 5964
f 5964 6101 6102
f 5964 6102 6098
f 6103 5984 5983
f 6103 5983 6104
f 6104 5983 5981
f 6104 5981 6105
f 6105 5981 6106
f 6106 5981 5979
f 6106 5979 6107
f 6107 5979 5978
f 6107 5978 6108
f 6108 5978 6109
f 6109 5978 5980
f 6109 5980 6110
f 5982 5972 6111
f 6111 6112 5982
f 5982 6112 6113
f 5982 6113 5980
f 5980 6113 6114
f 5980 6114 6110
f 6115 5998 5997
f 6115 5997 6116
f 6116 5997 5995
f 6116 5995 6117
f 6117 5995 6118
f 6118 5995 5993
f 6118 5993 6119
f 6119 5993 5992
f 6119 5992 6120
f 6120 5992 6121
f 6121 5992 5994
f 6121 5994 6122
f 5996 5991 6123
f 6123 6124 5996
f 5996 6124 6125
f 5996 6125 5994
f 5994 6125 6126
f 5994 6126 6122
f 6127 6004 6003
f 6127 6003 6128
f 6128 6003 6010
f 6128 6010 6129
f 6129 6010 6130
f 6130 6010 6009
f 6130 6009 6131
f 6131 6009 6011
f 6131 6011 6132
f 6132 6011 6133
f 6133 6011 6012
f 6133 6012 6134
f 6002 6000 6135
f 6135 6136 6002
f 6002 6136 6137
f 6002 6137 6012
f 6012 6137 6138
f 6012 6138 6134
f 6139 6017 6015
f 6139 6015 6140
f 6140 6015 6014
f 6140 6014 6141
f 6141 6014 6142
f 6142 6014 6013
f 6142 6013 6143
f 6143 6013 6023
f 6143 6023 6144
f 6144 6023 6145
f 6145 6023 6024
f 6145 6024 6146
f 6025 6026 6147
f 6147 6148 6025
f 6025 6148 6149
f 6025 6149 6024
f 6024 6149 6150
f 6024 6150 6146
f 6151 3609 6152
f 6152 3609 6045
f 6152 6045 6153
f 6153 6045 6044
f 6153 6044 6154
f 6154 6044 6043
f 6154 6043 6155
f 6155 6043 6042
f 6155 6042 6156
f 6156 6042 6041
f 6156 6041 6157
f 6157 6041 6040
f 6157 6040 6158
f 6158 6040 6039
f 6158 6039 6159
f 6159 6039 6038
f 6159 6038 6160
f 6160 6038 6037
f 6160 6037 6161
f 6162 6163 3572
f 3572 6163 6164
f 3572 6164 6027
f 6027 6164 6165
f 6027 6165 6028
f 6028 6165 6166
f 6028 6166 6029
f 6029 6166 6167
f 6029 6167 6030
f 6030 6167 6168
f 6030 6168 6031
f 6031 6168 6169
f 6031 6169 6032
f 6032 6169 6170
f 6032 6170 6033
f 6033 6170 6171
f 6033 6171 6034
f 6034 6171 6172
f 6034 6172 6035
f 6035 6172 6161
f 6035 6161 6036
f 6036 6161 6037
f 6173 6174 6175
f 6175 6174 6176
f 6175 6176 6177
f 6177 6176 6178
f 6177 6178 6179
f 6179 6178 6180
f 6179 6180 6181
f 6181 6180 6182
f 6181 6182 6183
f 6183 6182 6184
f 6183 6184 6185
f 6185 6184 6186
f 6185 6186 6187
f 6187 6186 6188
f 6187 6188 6189
f 6189 6188 6190
f 6189 6190 6191
f 6191 6190 3609
f 6191 3609 6192
f 6192 3609 6151
f 6162 3572 6193
f 6193 3572 6194
f 6193 6194 6195
f 6195 6194 6196
f 6195 6196 6197
f 6197 6196 6198
f 6197 6198 6199
f 6199 6198 6200
f 6199 6200 6201
f 6201 6200 6202
f 6201 6202 6203
f 6203 6202 6204
f 6203 6204 6205
f 6205 6204 6206
f 6205 6206 6207
f 6207 6206 6208
f 6207 6208 6209
f 6209 6208 6210
f 6209 6210 6173
f 6173 6210 6211
f 6173 6211 6174
f 6048 6212 6213
f 6214 6046 6213
f 6213 6046 6047
f 6213 6047 6048
f 6050 6215 6216
f 6212 6048 6216
f 6216 6048 6049
f 6216 6049 6050
f 6052 6217 6218
f 6215 6050 6218
f 6218 6050 6051
f 6218 6051 6052
f 6217 6052 6219
f 6219 6052 6053
f 6219 6053 6054
f 6078 6220 6077
f 6077 6220 6221
f 6077 6221 6076
f 6076 6221 6222
f 6076 6222 6075
f 6075 6222 6223
f 6075 6223 6074
f 6074 6223 6224
f 6074 6224 6073
f 6073 6224 6225
f 6073 6225 6072
f 6072 6225 6226
f 6072 6226 6071
f 6071 6226 6227
f 6071 6227 6070
f 6070 6227 6228
f 6070 6228 6069
f 6069 6228 6229
f 6069 6229 6068
f 6068 6229 6230
f 6068 6230 6067
f 6067 6230 6231
f 6067 6231 6066
f 6066 6231 6232
f 6066 6232 6065
f 6065 6232 6233
f 6065 6233 6064
f 6064 6233 6234
f 6064 6234 6063
f 6063 6234 6235
f 6063 6235 6062
f 6062 6235 6236
f 6062 6236 6061
f 6061 6236 6237
f 6061 6237 6060
f 6060 6237 6238
f 6060 6238 6059
f 6059 6238 6239
f 6059 6239 6058
f 6058 6239 6240
f 6058 6240 6057
f 6057 6240 6241
f 6057 6241 6056
f 6056 6241 6242
f 6056 6242 6055
f 6055 6242 6243
f 6055 6243 6054
f 6054 6243 6244
f 6054 6244 6219
f 6245 6192 6151
f 6111 6246 6155
f 6247 6107 6108
f 6111 6155 6112
f 6247 6108 6248
f 6248 6108 6109
f 6248 6109 6110
f 6110 6114 6248
f 6248 6114 6113
f 6248 6113 6112
f 6246 6249 6155
f 6155 6249 6250
f 6155 6250 6154
f 6250 6251 6154
f 6154 6251 6252
f 6154 6252 6253
f 6253 6254 6154
f 6154 6254 6255
f 6154 6255 6153
f 6153 6255 6256
f 6153 6256 6257
f 6103 6104 6258
f 6258 6104 6105
f 6258 6105 6247
f 6247 6105 6106
f 6247 6106 6107
f 6100 6099 6166
f 6259 6167 6260
f 6260 6167 6166
f 6260 6166 6261
f 6261 6166 6099
f 6091 6092 6262
f 6091 6262 6263
f 6259 6264 6167
f 6167 6264 6265
f 6167 6265 6168
f 6168 6265 6266
f 6168 6266 6267
f 6267 6268 6168
f 6168 6268 6269
f 6168 6269 6263
f 6092 6093 6262
f 6262 6093 6094
f 6262 6094 6270
f 6094 6095 6270
f 6270 6095 6096
f 6270 6096 6097
f 6097 6098 6270
f 6270 6098 6102
f 6270 6102 6271
f 6271 6102 6101
f 6271 6101 6100
f 6100 6166 6271
f 6271 6166 6165
f 6271 6165 6272
f 6272 6165 6164
f 6272 6164 6273
f 6273 6164 6163
f 6273 6163 6274
f 6084 6085 6161
f 6161 6085 6086
f 6161 6086 6087
f 6087 6088 6161
f 6161 6088 6089
f 6161 6089 6160
f 6160 6089 6090
f 6160 6090 6275
f 6275 6276 6160
f 6160 6276 6277
f 6160 6277 6278
f 6279 6280 6281
f 6281 6280 6282
f 6281 6282 6283
f 6283 6284 6281
f 6281 6284 6285
f 6281 6285 6286
f 6286 6285 6080
f 6286 6080 6079
f 6079 6083 6286
f 6286 6083 6082
f 6286 6082 6081
f 6263 6262 6168
f 6168 6262 6287
f 6168 6287 6169
f 6169 6287 6288
f 6169 6288 6170
f 6170 6288 6289
f 6170 6289 6171
f 6171 6289 6290
f 6171 6290 6172
f 6172 6290 6286
f 6172 6286 6161
f 6161 6286 6081
f 6161 6081 6084
f 6112 6155 6248
f 6248 6155 6156
f 6248 6156 6291
f 6291 6156 6157
f 6291 6157 6292
f 6292 6157 6158
f 6292 6158 6293
f 6293 6158 6159
f 6293 6159 6294
f 6294 6159 6160
f 6294 6160 6281
f 6281 6160 6278
f 6281 6278 6279
f 6245 6151 6295
f 6295 6151 6152
f 6295 6152 6296
f 6296 6152 6153
f 6296 6153 6258
f 6258 6153 6257
f 6258 6257 6103
f 6297 6298 6214
f 6214 6213 6297
f 6297 6213 6212
f 6297 6212 6299
f 6212 6216 6299
f 6299 6216 6215
f 6299 6215 6300
f 6215 6218 6300
f 6300 6218 6217
f 6300 6217 6301
f 6217 6219 6301
f 6301 6219 6244
f 6301 6244 6302
f 6244 6243 6302
f 6302 6243 6242
f 6302 6242 6303
f 6242 6241 6303
f 6303 6241 6240
f 6303 6240 6304
f 6240 6239 6304
f 6304 6239 6238
f 6304 6238 6305
f 6238 6237 6305
f 6305 6237 6236
f 6305 6236 6306
f 6306 6236 6235
f 6306 6235 6307
f 6235 6234 6307
f 6307 6234 6233
f 6307 6233 6308
f 6233 6232 6308
f 6308 6232 6231
f 6308 6231 6309
f 6231 6230 6309
f 6309 6230 6229
f 6309 6229 6310
f 6229 6228 6310
f 6310 6228 6227
f 6310 6227 6311
f 6227 6226 6311
f 6311 6226 6225
f 6311 6225 6312
f 6225 6224 6312
f 6312 6224 6223
f 6312 6223 6313
f 6220 6314 6221
f 6221 6314 6313
f 6221 6313 6222
f 6222 6313 6223
f 6315 6245 6295
f 6315 6295 6316
f 6316 6295 6296
f 6316 6296 6317
f 6317 6296 6258
f 6317 6258 6318
f 6318 6258 6247
f 6318 6247 6319
f 6319 6247 6248
f 6319 6248 6320
f 6320 6248 6291
f 6320 6291 6321
f 6321 6291 6292
f 6321 6292 6322
f 6322 6292 6293
f 6322 6293 6323
f 6323 6293 6294
f 6323 6294 6324
f 6324 6294 6281
f 6324 6281 6325
f 6325 6281 6286
f 6325 6286 6326
f 6326 6286 6290
f 6326 6290 6327
f 6327 6290 6289
f 6327 6289 6328
f 6328 6289 6288
f 6328 6288 6329
f 6329 6288 6287
f 6329 6287 6330
f 6330 6287 6262
f 6330 6262 6331
f 6331 6262 6270
f 6331 6270 6332
f 6332 6270 6271
f 6332 6271 6333
f 6333 6271 6272
f 6333 6272 6334
f 6334 6272 6273
f 6334 6273 6335
f 6335 6273 6274
f 6335 6274 6336
f 6337 6298 6297
f 6335 6314 6338
f 6339 6330 6340
f 6340 6330 6331
f 6340 6331 6341
f 6341 6331 6332
f 6341 6332 6342
f 6342 6332 6333
f 6342 6333 6338
f 6338 6333 6334
f 6338 6334 6335
f 6337 6315 6298
f 6298 6315 6316
f 6298 6316 6343
f 6343 6316 6317
f 6343 6317 6344
f 6344 6317 6318
f 6344 6318 6345
f 6345 6318 6319
f 6345 6319 6346
f 6302 6347 6301
f 6301 6347 6348
f 6301 6348 6300
f 6300 6348 6349
f 6300 6349 6299
f 6299 6349 6350
f 6299 6350 6297
f 6297 6350 6351
f 6297 6351 6337
f 6310 6352 6309
f 6309 6352 6353
f 6309 6353 6308
f 6308 6353 6354
f 6308 6354 6307
f 6307 6354 6355
f 6307 6355 6306
f 6306 6355 6356
f 6306 6356 6305
f 6305 6356 6357
f 6305 6357 6304
f 6304 6357 6358
f 6304 6358 6303
f 6303 6358 6359
f 6303 6359 6302
f 6302 6359 6360
f 6302 6360 6347
f 6335 6336 6314
f 6314 6336 6361
f 6314 6361 6313
f 6313 6361 6362
f 6313 6362 6312
f 6312 6362 6363
f 6312 6363 6311
f 6311 6363 6364
f 6311 6364 6310
f 6310 6364 6365
f 6310 6365 6352
f 6319 6320 6346
f 6346 6320 6321
f 6346 6321 6366
f 6366 6321 6322
f 6366 6322 6367
f 6367 6322 6323
f 6367 6323 6368
f 6368 6323 6324
f 6368 6324 6369
f 6369 6324 6325
f 6369 6325 6370
f 6370 6325 6326
f 6370 6326 6371
f 6371 6326 6327
f 6371 6327 6372
f 6372 6327 6328
f 6372 6328 6339
f 6339 6328 6329
f 6339 6329 6330
f 5766 5595 5887
f 5887 5595 5594
f 5887 5594 5531
f 5531 5594 5532
f 5670 5414 5843
f 5843 5414 5423
f 5843 5423 5847
f 5847 5423 5424
f 5847 5424 5848
f 5848 5424 5425
f 5848 5425 5849
f 5849 5425 5417
f 5849 5417 5845
f 5845 5417 5420
f 5845 5420 5664
f 5664 5420 5419
f 5677 5430 5863
f 5863 5430 5428
f 5863 5428 5868
f 5868 5428 5434
f 5868 5434 5869
f 5869 5434 5433
f 5869 5433 5870
f 5870 5433 5432
f 5870 5432 5871
f 5871 5432 5427
f 5871 5427 5671
f 5671 5427 5426
f 5684 5442 5781
f 5781 5442 5440
f 5781 5440 5785
f 5785 5440 5446
f 5785 5446 5784
f 5784 5446 5445
f 5784 5445 5783
f 5783 5445 5444
f 5783 5444 5786
f 5786 5444 5439
f 5786 5439 5678
f 5678 5439 5438
f 5691 5450 5804
f 5804 5450 5459
f 5804 5459 5805
f 5805 5459 5460
f 5805 5460 5807
f 5807 5460 5461
f 5807 5461 5808
f 5808 5461 5453
f 5808 5453 5800
f 5800 5453 5456
f 5800 5456 5685
f 5685 5456 5455
f 5698 5465 5816
f 5816 5465 5464
f 5816 5464 5815
f 5815 5464 5463
f 5815 5463 5817
f 5817 5463 5462
f 5817 5462 5812
f 5812 5462 5468
f 5812 5468 5814
f 5814 5468 5469
f 5814 5469 5692
f 5692 5469 5470
f 5705 5478 5836
f 5836 5478 5476
f 5836 5476 5835
f 5835 5476 5482
f 5835 5482 5831
f 5831 5482 5481
f 5831 5481 5832
f 5832 5481 5480
f 5832 5480 5834
f 5834 5480 5475
f 5834 5475 5699
f 5699 5475 5474
f 5712 5488 5787
f 5787 5488 5491
f 5787 5491 5789
f 5789 5491 5490
f 5789 5490 5790
f 5790 5490 5492
f 5790 5492 5791
f 5791 5492 5493
f 5791 5493 5793
f 5793 5493 5489
f 5793 5489 5706
f 5706 5489 5487
f 5719 5508 5828
f 5828 5508 5509
f 5828 5509 5827
f 5827 5509 5507
f 5827 5507 5819
f 5819 5507 5506
f 5819 5506 5820
f 5820 5506 5505
f 5820 5505 5822
f 5822 5505 5504
f 5822 5504 5713
f 5713 5504 5500
f 5726 5512 5858
f 5858 5512 5515
f 5858 5515 5859
f 5859 5515 5514
f 5859 5514 5860
f 5860 5514 5516
f 5860 5516 5861
f 5861 5516 5517
f 5861 5517 5862
f 5862 5517 5513
f 5862 5513 5720
f 5720 5513 5511
f 5743 5558 5556
f 5743 5556 5874
f 5874 5556 5554
f 5874 5554 5900
f 5900 5554 5552
f 5900 5552 5897
f 5897 5552 5547
f 5897 5547 5895
f 5895 5547 5545
f 5895 5545 5734
f 5776 3609 6190
f 5776 6190 5867
f 5867 6190 6188
f 5867 6188 5866
f 5866 6188 6186
f 5866 6186 5864
f 5864 6186 6184
f 5864 6184 5872
f 5872 6184 5772
f 5772 6184 6182
f 5772 6182 5770
f 5770 6182 6180
f 5770 6180 5853
f 5853 6180 5854
f 5854 6180 6178
f 5854 6178 5857
f 5857 6178 6176
f 5857 6176 5856
f 5856 6176 6174
f 5856 6174 5850
f 5850 6174 6211
f 5850 6211 5851
f 5851 6211 6210
f 5851 6210 5852
f 5852 6210 5844
f 5844 6210 6208
f 5844 6208 5846
f 5846 6208 5837
f 5837 6208 6206
f 5837 6206 5838
f 5838 6206 6204
f 5838 6204 5840
f 5840 6204 6202
f 5840 6202 5830
f 5830 6202 6200
f 5830 6200 5829
f 5829 6200 6198
f 5829 6198 5833
f 5833 6198 6196
f 5833 6196 5825
f 5825 6196 6194
f 5825 6194 5824
f 5824 6194 3572
f 5824 3572 5823
f 6078 5920 6373
f 6373 5920 5919
f 6373 5919 6374
f 6374 5919 5918
f 6374 5918 6375
f 6375 5918 5906
f 6375 5906 6376
f 6376 5906 5905
f 6376 5905 6377
f 6377 5905 5904
f 6377 5904 6378
f 6378 5904 5888
f 6378 5888 6379
f 6379 5888 5877
f 6379 5877 6380
f 6380 5877 5878
f 6380 5878 6381
f 6381 5878 5879
f 6381 5879 6382
f 6382 5879 5932
f 6382 5932 6383
f 6383 5932 5931
f 6383 5931 6384
f 6384 5931 5930
f 6384 5930 6385
f 6385 5930 5941
f 6385 5941 6386
f 6386 5941 5940
f 6386 5940 6387
f 6387 5940 5939
f 6387 5939 6388
f 6388 5939 5917
f 6388 5917 6389
f 6389 5917 5929
f 6389 5929 6390
f 6390 5929 5928
f 6390 5928 6391
f 6391 5928 5927
f 6391 5927 6392
f 6392 5927 5926
f 6392 5926 6393
f 6393 5926 5892
f 6393 5892 6394
f 6394 5892 5912
f 6394 5912 6395
f 6395 5912 5911
f 6395 5911 6396
f 6396 5911 5910
f 6396 5910 6397
f 6397 5910 5891
f 6397 5891 6398
f 6398 5891 5890
f 6398 5890 6399
f 6399 5890 5889
f 6399 5889 6400
f 6400 5889 5886
f 6400 5886 6401
f 6401 5886 5885
f 6401 5885 6402
f 6402 5885 5884
f 6402 5884 6403
f 6403 5884 5883
f 6403 5883 6046
f 6046 5883 5876
f 6090 5946 6275
f 6275 5946 5954
f 6275 5954 5949
f 6278 6277 5949
f 5949 6277 6276
f 5949 6276 6275
f 5949 5948 6278
f 6278 5948 5947
f 6278 5947 6279
f 6279 5947 6280
f 6280 5947 5956
f 6280 5956 6282
f 6282 5956 6283
f 6283 5956 5955
f 6283 5955 6284
f 6284 5955 6285
f 6285 5955 5944
f 6285 5944 6080
f 6261 6099 5958
f 5958 5957 6261
f 6261 5957 5967
f 6261 5967 6260
f 6260 5967 6259
f 6259 5967 5966
f 6259 5966 6264
f 6264 5966 5968
f 6264 5968 6265
f 6265 5968 6266
f 6266 5968 5969
f 6266 5969 6267
f 5959 5970 6091
f 6091 6263 5959
f 5959 6263 6269
f 5959 6269 5969
f 5969 6269 6268
f 5969 6268 6267
f 6246 6111 5972
f 5972 5971 6246
f 6246 5971 5976
f 6246 5976 6249
f 6249 5976 6250
f 6250 5976 5977
f 6250 5977 6251
f 6251 5977 5975
f 6251 5975 6252
f 6252 5975 6253
f 6253 5975 5974
f 6253 5974 6254
f 5973 5984 6103
f 6103 6257 5973
f 5973 6257 6256
f 5973 6256 5974
f 5974 6256 6255
f 5974 6255 6254
f 6404 6123 5991
f 5991 5987 6404
f 6404 5987 5986
f 6404 5986 6405
f 6405 5986 6406
f 6406 5986 5985
f 6406 5985 6407
f 6407 5985 5988
f 6407 5988 6408
f 6408 5988 6409
f 6409 5988 5989
f 6409 5989 6410
f 5990 5998 6115
f 6115 6411 5990
f 5990 6411 6412
f 5990 6412 5989
f 5989 6412 6413
f 5989 6413 6410
f 6414 6135 6000
f 6000 5999 6414
f 6414 5999 6006
f 6414 6006 6415
f 6415 6006 6416
f 6416 6006 6005
f 6416 6005 6417
f 6417 6005 6007
f 6417 6007 6418
f 6418 6007 6419
f 6419 6007 6008
f 6419 6008 6420
f 6001 6004 6127
f 6127 6421 6001
f 6001 6421 6422
f 6001 6422 6008
f 6008 6422 6423
f 6008 6423 6420
f 6424 6147 6026
f 6026 6016 6424
f 6424 6016 6020
f 6424 6020 6425
f 6425 6020 6426
f 6426 6020 6019
f 6426 6019 6427
f 6427 6019 6021
f 6427 6021 6428
f 6428 6021 6429
f 6429 6021 6022
f 6429 6022 6430
f 6018 6017 6139
f 6139 6431 6018
f 6018 6431 6432
f 6018 6432 6022
f 6022 6432 6433
f 6022 6433 6430
f 6374 6434 6435
f 6220 6078 6435
f 6435 6078 6373
f 6435 6373 6374
f 6376 6436 6437
f 6434 6374 6437
f 6437 6374 6375
f 6437 6375 6376
f 6378 6438 6439
f 6436 6376 6439
f 6439 6376 6377
f 6439 6377 6378
f 6438 6378 6440
f 6440 6378 6379
f 6440 6379 6380
f 6046 6214 6403
f 6403 6214 6441
f 6403 6441 6402
f 6402 6441 6442
f 6402 6442 6401
f 6401 6442 6443
f 6401 6443 6400
f 6400 6443 6444
f 6400 6444 6399
f 6399 6444 6445
f 6399 6445 6398
f 6398 6445 6446
f 6398 6446 6397
f 6397 6446 6447
f 6397 6447 6396
f 6396 6447 6448
f 6396 6448 6395
f 6395 6448 6449
f 6395 6449 6394
f 6394 6449 6450
f 6394 6450 6393
f 6393 6450 6451
f 6393 6451 6392
f 6392 6451 6452
f 6392 6452 6391
f 6391 6452 6453
f 6391 6453 6390
f 6390 6453 6454
f 6390 6454 6389
f 6389 6454 6455
f 6389 6455 6388
f 6388 6455 6456
f 6388 6456 6387
f 6387 6456 6457
f 6387 6457 6386
f 6386 6457 6458
f 6386 6458 6385
f 6385 6458 6459
f 6385 6459 6384
f 6384 6459 6460
f 6384 6460 6383
f 6383 6460 6461
f 6383 6461 6382
f 6382 6461 6462
f 6382 6462 6381
f 6381 6462 6463
f 6381 6463 6380
f 6380 6463 6464
f 6380 6464 6440
f 6274 6163 6162
f 6124 6123 6187
f 6406 6185 6405
f 6405 6185 6187
f 6405 6187 6404
f 6404 6187 6123
f 6115 6116 6465
f 6115 6465 6411
f 6406 6407 6185
f 6185 6407 6408
f 6185 6408 6183
f 6183 6408 6409
f 6183 6409 6410
f 6410 6413 6183
f 6183 6413 6412
f 6183 6412 6411
f 6116 6117 6465
f 6465 6117 6118
f 6465 6118 6466
f 6118 6119 6466
f 6466 6119 6120
f 6466 6120 6121
f 6121 6122 6466
f 6466 6122 6126
f 6466 6126 6467
f 6467 6126 6125
f 6467 6125 6124
f 6147 6424 6199
f 6468 6143 6144
f 6147 6199 6148
f 6468 6144 6469
f 6469 6144 6145
f 6469 6145 6146
f 6146 6150 6469
f 6469 6150 6149
f 6469 6149 6148
f 6424 6425 6199
f 6199 6425 6426
f 6199 6426 6197
f 6426 6427 6197
f 6197 6427 6428
f 6197 6428 6429
f 6429 6430 6197
f 6197 6430 6433
f 6197 6433 6195
f 6195 6433 6432
f 6195 6432 6431
f 6139 6140 6470
f 6470 6140 6141
f 6470 6141 6468
f 6468 6141 6142
f 6468 6142 6143
f 6124 6187 6467
f 6467 6187 6189
f 6467 6189 6471
f 6471 6189 6191
f 6471 6191 6472
f 6472 6191 6192
f 6472 6192 6245
f 6411 6465 6183
f 6183 6465 6473
f 6183 6473 6181
f 6181 6473 6474
f 6181 6474 6179
f 6179 6474 6475
f 6179 6475 6177
f 6177 6475 6476
f 6177 6476 6175
f 6175 6476 6477
f 6175 6477 6173
f 6415 6416 6173
f 6173 6416 6417
f 6173 6417 6209
f 6417 6418 6209
f 6209 6418 6419
f 6209 6419 6420
f 6420 6423 6209
f 6209 6423 6422
f 6209 6422 6421
f 6127 6128 6478
f 6478 6128 6129
f 6129 6130 6478
f 6478 6130 6131
f 6478 6131 6477
f 6477 6131 6132
f 6477 6132 6133
f 6133 6134 6477
f 6477 6134 6138
f 6477 6138 6137
f 6137 6136 6477
f 6477 6136 6135
f 6477 6135 6173
f 6173 6135 6414
f 6173 6414 6415
f 6148 6199 6469
f 6469 6199 6201
f 6469 6201 6479
f 6479 6201 6203
f 6479 6203 6480
f 6480 6203 6205
f 6480 6205 6481
f 6481 6205 6207
f 6481 6207 6482
f 6482 6207 6209
f 6482 6209 6478
f 6478 6209 6421
f 6478 6421 6127
f 6274 6162 6483
f 6483 6162 6193
f 6483 6193 6484
f 6484 6193 6195
f 6484 6195 6470
f 6470 6195 6431
f 6470 6431 6139
f 6338 6314 6220
f 6220 6435 6338
f 6338 6435 6434
f 6338 6434 6342
f 6434 6437 6342
f 6342 6437 6436
f 6342 6436 6341
f 6436 6439 6341
f 6341 6439 6438
f 6341 6438 6340
f 6438 6440 6340
f 6340 6440 6464
f 6340 6464 6339
f 6464 6463 6339
f 6339 6463 6462
f 6339 6462 6372
f 6462 6461 6372
f 6372 6461 6460
f 6372 6460 6371
f 6460 6459 6371
f 6371 6459 6458
f 6371 6458 6370
f 6458 6457 6370
f 6370 6457 6456
f 6370 6456 6369
f 6369 6456 6455
f 6369 6455 6368
f 6455 6454 6368
f 6368 6454 6453
f 6368 6453 6367
f 6453 6452 6367
f 6367 6452 6451
f 6367 6451 6366
f 6451 6450 6366
f 6366 6450 6449
f 6366 6449 6346
f 6449 6448 6346
f 6346 6448 6447
f 6346 6447 6345
f 6447 6446 6345
f 6345 6446 6445
f 6345 6445 6344
f 6445 6444 6344
f 6344 6444 6443
f 6344 6443 6343
f 6214 6298 6441
f 6441 6298 6343
f 6441 6343 6442
f 6442 6343 6443
f 6336 6274 6483
f 6336 6483 6361
f 6361 6483 6484
f 6361 6484 6362
f 6362 6484 6470
f 6362 6470 6363
f 6363 6470 6468
f 6363 6468 6364
f 6364 6468 6469
f 6364 6469 6365
f 6365 6469 6479
f 6365 6479 6352
f 6352 6479 6480
f 6352 6480 6353
f 6353 6480 6481
f 6353 6481 6354
f 6354 6481 6482
f 6354 6482 6355
f 6355 6482 6478
f 6355 6478 6356
f 6356 6478 6477
f 6356 6477 6357
f 6357 6477 6476
f 6357 6476 6358
f 6358 6476 6475
f 6358 6475 6359
f 6359 6475 6474
f 6359 6474 6360
f 6360 6474 6473
f 6360 6473 6347
f 6347 6473 6465
f 6347 6465 6348
f 6348 6465 6466
f 6348 6466 6349
f 6349 6466 6467
f 6349 6467 6350
f 6350 6467 6471
f 6350 6471 6351
f 6351 6471 6472
f 6351 6472 6337
f 6337 6472 6245
f 6337 6245 6315
f 4260 6485 6486
f 6486 6485 6487
f 6486 6487 6488
f 6488 6487 6489
f 6488 6489 6490
f 6490 6489 6491
f 6490 6491 6492
f 6492 6491 6493
f 6492 6493 6494
f 6494 6493 6495
f 6494 6495 6496
f 6496 6495 6497
f 6496 6497 6498
f 6498 6497 6499
f 6498 6499 6500
f 6500 6499 6501
f 6500 6501 4279
f 4279 6501 6502
f 4279 6502 6503
f 6503 6502 6504
f 6503 6504 6505
f 6505 6504 6506
f 6505 6506 6507
f 6507 6506 6508
f 6507 6508 6509
f 6509 6508 6510
f 6509 6510 6511
f 6511 6510 6512
f 6511 6512 6513
f 6513 6512 6514
f 6513 6514 6515
f 6515 6514 6516
f 6515 6516 6517
f 6517 6516 6518
f 6517 6518 4222
f 4222 6518 6519
f 6520 6503 6521
f 6521 6503 6505
f 6521 6505 6522
f 6522 6505 6507
f 6522 6507 6523
f 6523 6507 6509
f 6523 6509 6524
f 6524 6509 6511
f 6524 6511 6525
f 6525 6511 6513
f 6525 6513 6526
f 6526 6513 6515
f 6526 6515 6527
f 6527 6515 6517
f 6527 6517 6528
f 6528 6517 4222
f 6528 4222 6529
f 6529 4222 6530
f 6529 6530 6531
f 6531 6530 6532
f 6531 6532 6533
f 6533 6532 6534
f 6533 6534 6535
f 6535 6534 6536
f 6535 6536 6537
f 6537 6536 6538
f 6537 6538 6539
f 6539 6538 6540
f 6539 6540 6541
f 6541 6540 6542
f 6541 6542 6543
f 6542 6544 6543
f 6543 6544 4241
f 6543 4241 6545
f 6545 4241 6546
f 6545 6546 6547
f 6547 6546 6548
f 6547 6548 6549
f 6549 6548 6550
f 6549 6550 6551
f 6551 6550 6552
f 6551 6552 6553
f 6553 6552 6554
f 6553 6554 6555
f 6555 6554 6556
f 6555 6556 6557
f 6557 6556 6558
f 6557 6558 6559
f 6559 6558 6560
f 6559 6560 6561
f 6561 6560 4260
f 6561 4260 6562
f 6562 4260 6486
f 6562 6486 6563
f 6563 6486 6488
f 6563 6488 6564
f 6564 6488 6490
f 6564 6490 6565
f 6565 6490 6492
f 6565 6492 6566
f 6566 6492 6494
f 6566 6494 6567
f 6567 6494 6496
f 6567 6496 6568
f 6568 6496 6498
f 6568 6498 6569
f 6569 6498 6500
f 6569 6500 6520
f 6520 6500 4279
f 6520 4279 6503
f 6570 6519 6571
f 6571 6519 6518
f 6571 6518 6572
f 6572 6518 6516
f 6572 6516 6573
f 6573 6516 6514
f 6573 6514 6574
f 6574 6514 6512
f 6574 6512 6575
f 6575 6512 6510
f 6575 6510 6576
f 6576 6510 6577
f 6577 6510 6508
f 6577 6508 6578
f 6578 6508 6506
f 6578 6506 6579
f 6579 6506 6504
f 6579 6504 6580
f 6580 6504 6502
f 6580 6502 6581
f 6581 6502 6501
f 6581 6501 6582
f 6582 6501 6499
f 6582 6499 6583
f 6583 6499 6497
f 6583 6497 6584
f 6584 6497 6495
f 6584 6495 6585
f 6585 6495 6493
f 6585 6493 6586
f 6586 6493 6491
f 6586 6491 6587
f 6587 6491 6489
f 6587 6489 6588
f 6588 6489 6487
f 6588 6487 6589
f 6589 6487 6485
f 6589 6485 6590
f 6591 6592 6593
f 6593 6592 6594
f 6593 6594 6595
f 6595 6594 6596
f 6595 6596 6597
f 6597 6596 6598
f 6597 6598 6599
f 6599 6598 6600
f 6599 6600 6601
f 6601 6600 6602
f 6601 6602 6603
f 6603 6602 6604
f 6605 6606 6607
f 6605 6607 6608
f 6608 6607 6609
f 6608 6609 6610
f 6610 6609 6611
f 6611 6609 6612
f 6611 6612 6613
f 6613 6612 6614
f 6614 6612 6615
f 6614 6615 6616
f 6616 6615 6617
f 6617 6615 6618
f 6617 6618 6619
f 6619 6618 6620
f 6619 6620 6621
f 6621 6620 6622
f 6621 6622 6623
f 6624 6625 6626
f 6624 6626 6627
f 6627 6626 6628
f 6627 6628 6629
f 6629 6628 6630
f 6630 6628 6631
f 6630 6631 6632
f 6632 6631 6633
f 6633 6631 6634
f 6633 6634 6635
f 6635 6634 6636
f 6636 6634 6637
f 6636 6637 6638
f 6638 6637 6639
f 6638 6639 6640
f 6640 6639 6641
f 6640 6641 6642
f 6643 6644 6645
f 6645 6644 6646
f 6645 6646 6647
f 6647 6646 6648
f 6647 6648 6649
f 6649 6648 6650
f 6649 6650 6651
f 6651 6650 6652
f 6651 6652 6653
f 6653 6652 6654
f 6653 6654 6655
f 6655 6654 6656
f 6657 6658 6659
f 6659 6658 6660
f 6659 6660 6661
f 6661 6660 6662
f 6661 6662 6663
f 6663 6662 6664
f 6663 6664 6665
f 6665 6664 6666
f 6665 6666 6667
f 6667 6666 6668
f 6667 6668 6669
f 6669 6668 6670
f 6671 6672 6673
f 6673 6672 6674
f 6673 6674 6675
f 6675 6674 6676
f 6675 6676 6677
f 6677 6676 6678
f 6677 6678 6679
f 6679 6678 6680
f 6679 6680 6681
f 6681 6680 6682
f 6681 6682 6683
f 6683 6682 6684
f 6685 6561 6686
f 6686 6561 6562
f 6686 6562 6687
f 6687 6562 6563
f 6687 6563 6688
f 6688 6563 6564
f 6688 6564 6689
f 6689 6564 6565
f 6689 6565 6690
f 6690 6565 6566
f 6690 6566 6691
f 6691 6566 6567
f 6691 6567 6692
f 6692 6567 6568
f 6692 6568 6693
f 6693 6568 6569
f 6693 6569 6694
f 6694 6569 6520
f 6694 6520 6695
f 6695 6520 6521
f 6695 6521 6696
f 6696 6521 6522
f 6696 6522 6697
f 6697 6522 6523
f 6697 6523 6698
f 6698 6523 6524
f 6698 6524 6699
f 6699 6524 6525
f 6699 6525 6700
f 6700 6525 6526
f 6700 6526 6701
f 6701 6526 6527
f 6701 6527 6702
f 6702 6527 6528
f 6703 6704 6705
f 6576 6706 6575
f 6589 6707 6588
f 5792 6704 5773
f 5797 6708 6709
f 6708 5797 5796
f 5826 6710 5813
f 5857 6711 5856
f 5770 6706 5853
f 5867 5776 6570
f 6606 6712 6572
f 6572 6712 6713
f 6572 6713 6571
f 6571 6713 6570
f 5867 6570 5866
f 5866 6570 6713
f 5866 6713 5864
f 5864 6713 6712
f 5864 6712 6714
f 6573 6609 6572
f 6572 6609 6607
f 6572 6607 6606
f 6714 6715 5864
f 5864 6715 6716
f 5864 6716 5872
f 6716 6717 5872
f 5872 6717 6622
f 5872 6622 5770
f 5770 6622 6620
f 5770 6620 6706
f 6706 6620 6618
f 6706 6618 6615
f 6575 6706 6574
f 6574 6706 6615
f 6574 6615 6573
f 6573 6615 6612
f 6573 6612 6609
f 6718 6719 6720
f 6720 6721 6578
f 6578 6721 6722
f 6578 6722 6577
f 6577 6722 6723
f 6577 6723 6576
f 6723 6724 6576
f 6576 6724 6725
f 6576 6725 6706
f 6706 6725 6726
f 6706 6726 5853
f 5853 6726 6727
f 5853 6727 6728
f 6727 6729 6728
f 6728 6729 6730
f 6728 6730 5857
f 6592 6731 6732
f 6732 6731 6733
f 5850 6600 5851
f 5851 6600 6598
f 5851 6598 5852
f 6733 6734 6732
f 6732 6734 6711
f 6732 6711 6735
f 6734 6736 6711
f 6711 6736 6737
f 6711 6737 5856
f 5856 6737 6604
f 5856 6604 5850
f 5850 6604 6602
f 5850 6602 6600
f 6598 6596 5852
f 5852 6596 6594
f 5852 6594 5846
f 5846 6594 6592
f 5846 6592 5838
f 5838 6592 6732
f 5838 6732 6738
f 6738 6732 6735
f 6738 6735 5840
f 6678 6676 5833
f 5833 6676 6707
f 5833 6707 5825
f 5829 6682 5833
f 5833 6682 6680
f 5833 6680 6678
f 6588 6707 6587
f 5830 6739 5829
f 5829 6739 6684
f 5829 6684 6682
f 6585 6586 6740
f 6676 6674 6707
f 6707 6674 6672
f 6707 6672 6587
f 6587 6672 6741
f 6587 6741 6586
f 6586 6741 6742
f 6586 6742 6740
f 6740 6743 6585
f 6585 6743 6744
f 6585 6744 6584
f 5826 5821 6745
f 6746 6747 6748
f 6748 6747 6749
f 6748 6749 6590
f 6590 6749 6750
f 6590 6750 6589
f 6589 6750 6751
f 6589 6751 6707
f 6707 6751 6752
f 6707 6752 5825
f 5825 6752 6753
f 5825 6753 5824
f 6753 6754 5824
f 5824 6754 6755
f 5824 6755 5823
f 5823 6755 6756
f 5823 6756 5821
f 5821 6756 6757
f 5821 6757 6745
f 6666 6664 5813
f 5813 6664 6662
f 5813 6662 5811
f 6666 5813 6668
f 6668 5813 6710
f 6668 6710 6670
f 6758 6759 6760
f 6662 6660 5811
f 5811 6660 6658
f 5811 6658 5809
f 6761 6762 6763
f 6745 6746 5826
f 5826 6746 6748
f 5826 6748 6710
f 6710 6748 6764
f 6710 6764 6670
f 6670 6764 6761
f 6670 6761 6765
f 6765 6761 6763
f 6760 6759 6766
f 6766 6759 6767
f 6766 6767 6762
f 6762 6767 6768
f 6762 6768 6763
f 6769 5802 6770
f 6770 5802 5810
f 6644 6771 6772
f 6772 5801 6644
f 6644 5801 6769
f 6644 6769 6646
f 6646 6769 6770
f 6654 6652 6709
f 6709 6652 6650
f 6709 6650 6770
f 6770 6650 6648
f 6770 6648 6646
f 6771 6773 6772
f 6772 6773 6774
f 6772 6774 6708
f 6774 6775 6708
f 6708 6775 6776
f 6708 6776 6709
f 6709 6776 6656
f 6709 6656 6654
f 5796 5806 6708
f 6708 5806 5799
f 6708 5799 6772
f 6777 6778 5795
f 5792 6779 6704
f 6704 6779 6780
f 6704 6780 6705
f 6781 6782 6777
f 6777 6782 6783
f 6777 6783 6778
f 6778 6784 5795
f 5795 6784 6785
f 5795 6785 5792
f 5792 6785 6786
f 5792 6786 6779
f 6780 6787 6705
f 6705 6787 6788
f 6705 6788 6789
f 6789 6788 6790
f 6789 6790 6781
f 6781 6790 6791
f 6781 6791 6782
f 5779 6792 5780
f 5780 6792 6793
f 5780 6793 6794
f 6795 6634 6796
f 6796 6634 6631
f 6796 6631 6628
f 6703 6796 6704
f 6704 6796 6628
f 6704 6628 5773
f 5773 6628 6626
f 5773 6626 5779
f 5779 6626 6625
f 5779 6625 6792
f 6794 6797 5780
f 5780 6797 6798
f 5780 6798 5778
f 5778 6798 5777
f 5776 5777 6570
f 6570 5777 6798
f 6570 6798 6799
f 6799 6798 6800
f 6797 6801 6798
f 6798 6801 6641
f 6798 6641 6800
f 6800 6641 6639
f 6800 6639 6795
f 6795 6639 6637
f 6795 6637 6634
f 6720 6578 6718
f 6718 6578 6579
f 6718 6579 6580
f 6581 6582 6735
f 6735 6582 6583
f 6735 6583 5840
f 5840 6583 6584
f 5840 6584 5830
f 5830 6584 6744
f 5830 6744 6739
f 6760 6802 6803
f 6803 6802 6804
f 6804 6805 6803
f 6803 6805 6806
f 6803 6806 6777
f 6777 6806 6807
f 6777 6807 6781
f 6730 6808 5857
f 5857 6808 6719
f 5857 6719 6711
f 6711 6719 6718
f 6711 6718 6735
f 6735 6718 6580
f 6735 6580 6581
f 6658 6758 5809
f 5809 6758 6760
f 5809 6760 5810
f 5810 6760 6803
f 5810 6803 6770
f 6770 6803 6777
f 6770 6777 6709
f 6709 6777 5795
f 6709 5795 5797
f 6603 6809 6601
f 6601 6809 6810
f 6601 6810 6599
f 6599 6810 6811
f 6599 6811 6597
f 6597 6811 6812
f 6597 6812 6595
f 6595 6812 6813
f 6595 6813 6593
f 6593 6813 6814
f 6593 6814 6591
f 6591 6814 6815
f 6816 6614 6616
f 6816 6616 6817
f 6818 6819 6820
f 6820 6819 6821
f 6820 6821 6822
f 6822 6821 6823
f 6822 6823 6623
f 6623 6823 6824
f 6623 6824 6621
f 6621 6824 6825
f 6621 6825 6619
f 6619 6825 6817
f 6619 6817 6617
f 6617 6817 6616
f 6826 6624 6827
f 6827 6624 6627
f 6827 6627 6828
f 6627 6629 6828
f 6828 6629 6630
f 6828 6630 6829
f 6829 6630 6632
f 6632 6633 6829
f 6829 6633 6635
f 6829 6635 6830
f 6642 6831 6640
f 6640 6831 6832
f 6640 6832 6638
f 6638 6832 6830
f 6638 6830 6636
f 6636 6830 6635
f 6655 6833 6653
f 6653 6833 6834
f 6653 6834 6651
f 6651 6834 6835
f 6651 6835 6649
f 6649 6835 6836
f 6649 6836 6647
f 6647 6836 6837
f 6647 6837 6645
f 6645 6837 6838
f 6645 6838 6643
f 6643 6838 6839
f 6669 6840 6667
f 6667 6840 6841
f 6667 6841 6665
f 6665 6841 6842
f 6665 6842 6663
f 6663 6842 6843
f 6663 6843 6661
f 6661 6843 6844
f 6661 6844 6659
f 6659 6844 6845
f 6659 6845 6657
f 6657 6845 6846
f 6847 6677 6848
f 6848 6677 6679
f 6848 6679 6849
f 6849 6679 6681
f 6849 6681 6850
f 6850 6681 6683
f 6850 6683 6851
f 6851 6683 6852
f 6851 6852 6853
f 6852 6854 6853
f 6853 6854 6855
f 6853 6855 6856
f 6856 6855 6857
f 6856 6857 6858
f 6772 6859 5801
f 5801 6859 6860
f 5801 6860 6769
f 6769 6860 6861
f 6769 6861 5802
f 5802 6861 6862
f 5802 6862 5810
f 5810 6862 6863
f 5810 6863 5809
f 5809 6863 6864
f 5809 6864 5811
f 5811 6864 6865
f 5811 6865 5813
f 5813 6865 6866
f 5813 6866 5826
f 5826 6866 6867
f 5826 6867 5821
f 5821 6867 6868
f 5821 6868 5823
f 6772 5799 6859
f 6859 5799 5806
f 6859 5806 6869
f 6869 5806 5796
f 6869 5796 6870
f 6870 5796 5797
f 6870 5797 6871
f 6871 5797 5795
f 6871 5795 6872
f 6872 5795 5792
f 6872 5792 6873
f 6873 5792 5773
f 6873 5773 6874
f 6874 5773 5779
f 6874 5779 6875
f 6875 5779 5780
f 6875 5780 6876
f 6876 5780 5778
f 6876 5778 6877
f 6877 5778 5777
f 6877 5777 6878
f 6878 5777 5776
f 6878 5776 6879
f 6880 6685 6881
f 6881 6685 6686
f 6881 6686 6882
f 6882 6686 6687
f 6882 6687 6883
f 6883 6687 6688
f 6883 6688 6884
f 6884 6688 6689
f 6884 6689 6885
f 6885 6689 6690
f 6885 6690 6886
f 6886 6690 6691
f 6886 6691 6887
f 6887 6691 6692
f 6887 6692 6888
f 6888 6692 6693
f 6888 6693 6889
f 6889 6693 6694
f 6889 6694 6890
f 6890 6694 6695
f 6890 6695 6891
f 6891 6695 6696
f 6891 6696 6892
f 6892 6696 6697
f 6892 6697 6893
f 6893 6697 6698
f 6893 6698 6894
f 6894 6698 6699
f 6894 6699 6895
f 6895 6699 6700
f 6895 6700 6896
f 6896 6700 6701
f 6896 6701 6897
f 6897 6701 6702
f 6727 6898 6729
f 6729 6898 6899
f 6729 6899 6730
f 6730 6899 6900
f 6730 6900 6808
f 6808 6900 6901
f 6808 6901 6719
f 6719 6901 6902
f 6719 6902 6720
f 6720 6902 6903
f 6720 6903 6721
f 6721 6903 6904
f 6779 6905 6780
f 6780 6905 6906
f 6780 6906 6787
f 6787 6906 6907
f 6787 6907 6788
f 6788 6907 6908
f 6788 6908 6790
f 6790 6908 6909
f 6790 6909 6791
f 6791 6909 6910
f 6791 6910 6782
f 6782 6910 6911
f 6750 6912 6751
f 6751 6912 6913
f 6751 6913 6752
f 6752 6913 6914
f 6752 6914 6753
f 6753 6914 6915
f 6753 6915 6754
f 6754 6915 6916
f 6754 6916 6755
f 6755 6916 6917
f 6755 6917 6756
f 6756 6917 6918
f 6919 6815 6920
f 6920 6815 6814
f 6920 6814 6921
f 6921 6814 6813
f 6921 6813 6922
f 6922 6813 6812
f 6922 6812 6923
f 6923 6812 6811
f 6923 6811 6924
f 6924 6811 6810
f 6924 6810 6925
f 6925 6810 6809
f 6926 6927 6928
f 6928 6927 6929
f 6928 6929 6930
f 6930 6929 6931
f 6930 6931 6932
f 6932 6931 6816
f 6932 6816 6933
f 6933 6816 6817
f 6933 6817 6934
f 6934 6817 6825
f 6934 6825 6935
f 6935 6825 6824
f 6936 6826 6937
f 6937 6826 6827
f 6937 6827 6938
f 6938 6827 6828
f 6938 6828 6939
f 6939 6828 6829
f 6939 6829 6940
f 6940 6829 6830
f 6940 6830 6941
f 6941 6830 6832
f 6941 6832 6942
f 6942 6832 6831
f 6943 6839 6944
f 6944 6839 6838
f 6944 6838 6945
f 6945 6838 6837
f 6945 6837 6946
f 6946 6837 6836
f 6946 6836 6947
f 6947 6836 6835
f 6947 6835 6948
f 6948 6835 6834
f 6948 6834 6949
f 6949 6834 6833
f 6950 6846 6951
f 6951 6846 6845
f 6951 6845 6952
f 6952 6845 6844
f 6952 6844 6953
f 6953 6844 6843
f 6953 6843 6954
f 6954 6843 6842
f 6954 6842 6955
f 6955 6842 6841
f 6955 6841 6956
f 6956 6841 6840
f 6957 6958 6959
f 6959 6958 6960
f 6959 6960 6961
f 6961 6960 6962
f 6961 6962 6963
f 6963 6962 6847
f 6963 6847 6964
f 6964 6847 6848
f 6964 6848 6965
f 6965 6848 6849
f 6965 6849 6966
f 6966 6849 6850
f 6967 6868 6867
f 6967 6867 6968
f 6968 6867 6866
f 6968 6866 6969
f 6969 6866 6865
f 6969 6865 6970
f 6970 6865 6864
f 6970 6864 6971
f 6971 6864 6863
f 6971 6863 6972
f 6972 6863 6862
f 6972 6862 6973
f 6973 6862 6861
f 6973 6861 6974
f 6974 6861 6860
f 6974 6860 6975
f 6975 6860 6859
f 6975 6859 6976
f 6976 6859 6869
f 6976 6869 6977
f 6977 6869 6870
f 6977 6870 6978
f 6978 6870 6871
f 6978 6871 6979
f 6979 6871 6872
f 6979 6872 6980
f 6980 6872 6873
f 6980 6873 6981
f 6981 6873 6874
f 6981 6874 6982
f 6982 6874 6875
f 6982 6875 6983
f 6983 6875 6876
f 6983 6876 6984
f 6984 6876 6877
f 6984 6877 6985
f 6985 6877 6878
f 6985 6878 6986
f 6986 6878 6879
f 6986 6879 6987
f 6897 6988 6896
f 6896 6988 6989
f 6896 6989 6895
f 6895 6989 6990
f 6895 6990 6894
f 6894 6990 6991
f 6894 6991 6893
f 6893 6991 6992
f 6893 6992 6892
f 6892 6992 6993
f 6892 6993 6891
f 6891 6993 6994
f 6891 6994 6890
f 6890 6994 6995
f 6890 6995 6889
f 6889 6995 6996
f 6889 6996 6888
f 6888 6996 6997
f 6888 6997 6887
f 6887 6997 6998
f 6887 6998 6886
f 6886 6998 6999
f 6886 6999 6885
f 6885 6999 7000
f 6885 7000 6884
f 6884 7000 7001
f 6884 7001 6883
f 6883 7001 7002
f 6883 7002 6882
f 6882 7002 7003
f 6882 7003 6881
f 6881 7003 7004
f 6881 7004 6880
f 6880 7004 7005
f 6898 7006 6899
f 6899 7006 7007
f 6899 7007 6900
f 6900 7007 7008
f 6900 7008 6901
f 6901 7008 7009
f 6901 7009 6902
f 6902 7009 7010
f 6902 7010 6903
f 6903 7010 7011
f 6903 7011 6904
f 6904 7011 7012
f 6905 7013 6906
f 6906 7013 7014
f 6906 7014 6907
f 6907 7014 7015
f 6907 7015 6908
f 6908 7015 7016
f 6908 7016 6909
f 6909 7016 7017
f 6909 7017 6910
f 6910 7017 7018
f 6910 7018 6911
f 6911 7018 7019
f 6912 7020 6913
f 6913 7020 7021
f 6913 7021 6914
f 6914 7021 7022
f 6914 7022 6915
f 6915 7022 7023
f 6915 7023 6916
f 6916 7023 7024
f 6916 7024 6917
f 6917 7024 7025
f 6917 7025 6918
f 6918 7025 7026
f 6992 6991 7027
f 6941 6942 7028
f 7029 6926 7030
f 7031 7032 7033
f 7034 7035 7036
f 7037 7038 7020
f 7020 7038 7021
f 7020 7039 7037
f 7037 7039 7040
f 7037 7040 6969
f 6969 7040 7041
f 6969 7041 6968
f 7042 7024 7043
f 7043 7024 7023
f 7043 7023 7038
f 7038 7023 7022
f 7038 7022 7021
f 7041 7044 6968
f 6968 7044 7045
f 6968 7045 6967
f 6967 7045 7026
f 6967 7026 7042
f 7042 7026 7025
f 7042 7025 7024
f 7043 6959 6961
f 7043 6961 7046
f 6961 6963 7046
f 7046 6963 6964
f 7046 6964 7047
f 6964 6965 7047
f 7047 6965 6966
f 7047 6966 7048
f 7048 6966 7049
f 7035 7050 7036
f 7036 7050 7048
f 7036 7048 7051
f 7051 7048 7049
f 7051 7049 7052
f 7053 7054 7055
f 7055 7054 7036
f 7054 7056 7036
f 7036 7056 7057
f 7036 7057 7034
f 7034 7057 6919
f 7034 6919 7058
f 6919 6920 7058
f 7058 6920 6921
f 7058 6921 7059
f 6921 6922 7059
f 7059 6922 6923
f 7059 6923 7031
f 7031 6923 6924
f 7031 6924 7032
f 7032 6924 6925
f 7032 6925 7055
f 7055 6925 7060
f 7055 7060 7053
f 7061 7009 7008
f 7061 7008 7062
f 6991 6990 6928
f 7008 7007 7062
f 7062 7007 7063
f 7062 7063 7064
f 7064 7063 7027
f 7064 7027 7065
f 7065 7027 6934
f 7065 6934 6935
f 6928 6930 6991
f 6991 6930 6932
f 6991 6932 7027
f 7027 6932 6933
f 7027 6933 6934
f 6935 7066 7065
f 7065 7066 7067
f 7065 7067 7068
f 7068 7067 7069
f 7068 7069 7070
f 7070 7069 7071
f 7070 7071 7072
f 7071 7029 7072
f 7072 7029 7030
f 7072 7030 6987
f 6987 7030 6986
f 6983 6984 7073
f 6986 7074 6985
f 6985 7074 7075
f 6985 7075 6984
f 6984 7075 7076
f 6984 7076 7073
f 7073 7077 6983
f 6983 7077 6936
f 6983 6936 6982
f 7078 6939 6940
f 6937 6938 7079
f 7078 6940 7080
f 7019 7081 7082
f 7082 7081 6979
f 7014 7013 7083
f 7083 7013 6981
f 7083 6981 6982
f 7013 7084 6981
f 6981 7084 7085
f 6981 7085 6980
f 6980 7085 7086
f 6980 7086 6979
f 6979 7086 7087
f 6979 7087 7082
f 6943 6944 7088
f 7088 6944 6945
f 6977 6978 7089
f 6946 6947 7081
f 7081 6947 6948
f 7081 6948 6979
f 6979 6948 6949
f 6979 6949 6978
f 6978 6949 7090
f 6978 7090 7089
f 7089 7091 6977
f 6977 7091 7092
f 6977 7092 6976
f 6976 7092 7093
f 6976 7093 6975
f 6975 7093 6943
f 6975 6943 6974
f 6974 6943 7088
f 6974 7088 6973
f 7094 7095 7096
f 6973 7088 6972
f 6972 7088 7094
f 6972 7094 6971
f 6971 7094 7096
f 6971 7096 6950
f 6950 6951 6971
f 6971 6951 6952
f 6971 6952 6970
f 6970 6952 6953
f 6970 6953 6969
f 6953 6954 6969
f 6969 6954 6955
f 6969 6955 7037
f 7037 6955 6956
f 7037 6956 7097
f 7097 6956 7098
f 7097 7098 7099
f 7099 7098 7100
f 7099 7100 7101
f 7101 7100 7102
f 7101 7102 7103
f 7016 7015 7079
f 6936 6937 6982
f 6982 6937 7079
f 6982 7079 7083
f 7083 7079 7015
f 7083 7015 7014
f 7104 7018 7105
f 7105 7018 7017
f 7007 7006 7063
f 7063 7006 7106
f 7063 7106 7027
f 7027 7106 7107
f 7027 7107 7108
f 7009 7061 7010
f 7010 7061 7033
f 7010 7033 7011
f 7011 7033 7032
f 7011 7032 7012
f 7012 7032 7055
f 7012 7055 7109
f 7109 7055 6995
f 7109 6995 7110
f 7110 6995 6994
f 7110 6994 7108
f 6989 7030 6990
f 6990 7030 6926
f 6990 6926 6928
f 6940 6941 7080
f 7080 6941 7028
f 7080 7028 7111
f 7111 7028 6988
f 6989 6988 7030
f 7030 6988 7028
f 7030 7028 6986
f 6986 7028 6942
f 6986 6942 7074
f 7108 6994 7027
f 7027 6994 6993
f 7027 6993 6992
f 6959 7043 6957
f 6957 7043 7038
f 6957 7038 7112
f 7112 7038 7003
f 7112 7003 7113
f 7113 7003 7002
f 7113 7002 7114
f 7114 7002 7001
f 7114 7001 7052
f 7052 7001 7000
f 7052 7000 7051
f 7051 7000 6999
f 7051 6999 7036
f 6999 6998 7036
f 7036 6998 6997
f 7036 6997 7055
f 7055 6997 6996
f 7055 6996 6995
f 7097 7115 7037
f 7037 7115 7005
f 7037 7005 7038
f 7038 7005 7004
f 7038 7004 7003
f 7116 7081 7104
f 7104 7081 7019
f 7104 7019 7018
f 6945 6946 7088
f 7088 6946 7081
f 7088 7081 7117
f 7117 7081 7116
f 7117 7118 7088
f 7088 7118 7119
f 7088 7119 7094
f 7094 7119 7103
f 7094 7103 7095
f 7095 7103 7102
f 7120 7079 7078
f 7078 7079 6938
f 7078 6938 6939
f 7017 7016 7105
f 7105 7016 7079
f 7105 7079 7121
f 7121 7079 7120
f 4222 6519 6530
f 6530 6519 7122
f 6530 7122 6532
f 6532 7122 7123
f 6532 7123 6534
f 6534 7123 7124
f 6534 7124 6536
f 6536 7124 7125
f 6536 7125 6538
f 6538 7125 7126
f 6538 7126 6540
f 6540 7126 7127
f 6540 7127 6542
f 6542 7127 7128
f 6542 7128 6544
f 6544 7128 7129
f 6544 7129 4241
f 4241 7129 7130
f 4241 7130 6546
f 6546 7130 7131
f 6546 7131 6548
f 6548 7131 7132
f 6548 7132 6550
f 6550 7132 7133
f 6550 7133 6552
f 6552 7133 7134
f 6552 7134 6554
f 6554 7134 7135
f 6554 7135 6556
f 6556 7135 7136
f 6556 7136 6558
f 6558 7136 7137
f 6558 7137 6560
f 6560 7137 7138
f 6560 7138 4260
f 4260 7138 6485
f 6590 6485 6748
f 6748 6485 7138
f 6748 7138 6764
f 6764 7138 7137
f 7125 6703 7126
f 7126 6703 6705
f 7126 6705 7127
f 7127 6705 6789
f 7127 6789 7128
f 7128 6789 6781
f 7128 6781 7129
f 7129 6781 6807
f 7129 6807 7130
f 7130 6807 6806
f 7130 6806 7131
f 7131 6806 6805
f 7131 6805 7132
f 7132 6805 6804
f 7132 6804 7133
f 7133 6804 6802
f 7133 6802 7134
f 7134 6802 6760
f 7134 6760 7135
f 7135 6760 6766
f 7135 6766 7136
f 7136 6766 6762
f 7136 6762 7137
f 7137 6762 6761
f 7137 6761 6764
f 6519 6570 7122
f 7122 6570 6799
f 7122 6799 7123
f 7123 6799 6800
f 7123 6800 7124
f 7124 6800 6795
f 7124 6795 7125
f 7125 6795 6796
f 7125 6796 6703
f 6603 6604 7139
f 7139 6604 6737
f 7139 6737 7140
f 7140 6737 6736
f 7140 6736 7141
f 7141 6736 6734
f 7141 6734 7142
f 7142 6734 6733
f 7142 6733 7143
f 7143 6733 6731
f 7143 6731 6591
f 6591 6731 6592
f 6623 6622 6822
f 6822 6622 6717
f 6822 6717 6820
f 6820 6717 6716
f 6820 6716 6818
f 6818 6716 6715
f 6818 6715 7144
f 7144 6715 6714
f 7144 6714 7145
f 7145 6714 6712
f 7145 6712 6605
f 6605 6712 6606
f 6642 6641 7146
f 7146 6641 6801
f 7146 6801 7147
f 7147 6801 6797
f 7147 6797 7148
f 7148 6797 6794
f 7148 6794 7149
f 7149 6794 6793
f 7149 6793 7150
f 7150 6793 6792
f 7150 6792 6624
f 6624 6792 6625
f 6655 6656 7151
f 7151 6656 6776
f 7151 6776 7152
f 7152 6776 6775
f 7152 6775 7153
f 7153 6775 6774
f 7153 6774 7154
f 7154 6774 6773
f 7154 6773 7155
f 7155 6773 6771
f 7155 6771 6643
f 6643 6771 6644
f 6669 6670 6765
f 6669 6765 7156
f 7156 6765 6763
f 7156 6763 7157
f 7157 6763 7158
f 7158 6763 6768
f 7158 6768 7159
f 7159 6768 7160
f 7160 6768 6767
f 7160 6767 7161
f 7161 6767 7162
f 7162 6767 6759
f 7162 6759 7163
f 7163 6759 6758
f 7163 6758 7164
f 7164 6758 6658
f 7164 6658 6657
f 6683 6684 6739
f 6683 6739 6852
f 6852 6739 6744
f 6852 6744 6854
f 6854 6744 6855
f 6855 6744 6743
f 6855 6743 6857
f 6857 6743 6858
f 6858 6743 6740
f 6858 6740 7165
f 7165 6740 7166
f 7166 6740 6742
f 7166 6742 7167
f 7167 6742 6741
f 7167 6741 7168
f 7168 6741 6672
f 7168 6672 6671
f 6702 6528 7169
f 7169 6528 6529
f 7169 6529 7170
f 7170 6529 6531
f 7170 6531 7171
f 7171 6531 6533
f 7171 6533 7172
f 7172 6533 6535
f 7172 6535 7173
f 7173 6535 6537
f 7173 6537 7174
f 7174 6537 6539
f 7174 6539 7175
f 7175 6539 6541
f 7175 6541 7176
f 7176 6541 6543
f 7176 6543 7177
f 7177 6543 6545
f 7177 6545 7178
f 7178 6545 6547
f 7178 6547 7179
f 7179 6547 6549
f 7179 6549 7180
f 7180 6549 6551
f 7180 6551 7181
f 7181 6551 6553
f 7181 6553 7182
f 7182 6553 6555
f 7182 6555 7183
f 7183 6555 6557
f 7183 6557 7184
f 7184 6557 6559
f 7184 6559 6685
f 6685 6559 6561
f 6591 6815 7143
f 7143 6815 7185
f 7143 7185 7142
f 7142 7185 7186
f 7142 7186 7141
f 7141 7186 7187
f 7141 7187 7140
f 7140 7187 7188
f 7140 7188 7139
f 7139 7188 7189
f 7139 7189 6603
f 6603 7189 6809
f 6819 6818 7190
f 7190 6818 7144
f 7190 7144 7191
f 7191 7144 7145
f 7191 7145 6927
f 6927 7145 6605
f 6927 6605 6929
f 6929 6605 6608
f 6929 6608 6931
f 6608 6610 6931
f 6931 6610 6611
f 6931 6611 6816
f 6816 6611 6613
f 6816 6613 6614
f 6624 6826 7150
f 7150 6826 7192
f 7150 7192 7149
f 7149 7192 7193
f 7149 7193 7148
f 7148 7193 7194
f 7148 7194 7147
f 7147 7194 7195
f 7147 7195 7146
f 7146 7195 7196
f 7146 7196 6642
f 6642 7196 6831
f 6643 6839 7155
f 7155 6839 7197
f 7155 7197 7154
f 7154 7197 7198
f 7154 7198 7153
f 7153 7198 7199
f 7153 7199 7152
f 7152 7199 7200
f 7152 7200 7151
f 7151 7200 7201
f 7151 7201 6655
f 6655 7201 6833
f 6840 6669 7202
f 7202 6669 7156
f 7202 7156 7203
f 7156 7157 7203
f 7203 7157 7158
f 7203 7158 7204
f 7204 7158 7159
f 7159 7160 7204
f 7204 7160 7161
f 7204 7161 7205
f 6657 6846 7164
f 7164 6846 7206
f 7164 7206 7163
f 7163 7206 7205
f 7163 7205 7162
f 7162 7205 7161
f 6856 6858 7165
f 6856 7165 7207
f 6677 6847 6675
f 6675 6847 6962
f 6675 6962 6673
f 6673 6962 6960
f 6673 6960 6671
f 6671 6960 6958
f 6671 6958 7168
f 7168 6958 7208
f 7168 7208 7167
f 7167 7208 7207
f 7167 7207 7166
f 7166 7207 7165
f 6879 5776 5867
f 6879 5867 7209
f 7209 5867 5866
f 7209 5866 7210
f 7210 5866 5864
f 7210 5864 7211
f 7211 5864 5872
f 7211 5872 7212
f 7212 5872 5770
f 7212 5770 7213
f 7213 5770 5853
f 7213 5853 7214
f 7214 5853 6728
f 7214 6728 7215
f 6728 5857 7215
f 7215 5857 5856
f 7215 5856 7216
f 7216 5856 5850
f 7216 5850 7217
f 7217 5850 5851
f 7217 5851 7218
f 7218 5851 5852
f 7218 5852 7219
f 7219 5852 5846
f 7219 5846 7220
f 7220 5846 5838
f 7220 5838 7221
f 7221 5838 6738
f 7221 6738 7222
f 6738 5840 7222
f 7222 5840 5830
f 7222 5830 7223
f 7223 5830 5829
f 7223 5829 7224
f 7224 5829 5833
f 7224 5833 7225
f 7225 5833 5825
f 7225 5825 7226
f 7226 5825 5824
f 7226 5824 7227
f 7227 5824 5823
f 7227 5823 6868
f 6897 6702 7228
f 7228 6702 7169
f 7228 7169 7229
f 7229 7169 7170
f 7229 7170 7230
f 7230 7170 7171
f 7230 7171 7231
f 7231 7171 7172
f 7231 7172 7232
f 7232 7172 7173
f 7232 7173 7233
f 7233 7173 7174
f 7233 7174 7234
f 7234 7174 7175
f 7234 7175 7235
f 7235 7175 7176
f 7235 7176 7236
f 7236 7176 7177
f 7236 7177 7237
f 7237 7177 7178
f 7237 7178 7238
f 7238 7178 7179
f 7238 7179 7239
f 7239 7179 7180
f 7239 7180 7240
f 7240 7180 7181
f 7240 7181 7241
f 7241 7181 7182
f 7241 7182 7242
f 7242 7182 7183
f 7242 7183 7243
f 7243 7183 7184
f 7243 7184 6880
f 6880 7184 6685
f 6721 6904 6722
f 6722 6904 7244
f 6722 7244 6723
f 6723 7244 7245
f 6723 7245 6724
f 6724 7245 7246
f 6724 7246 6725
f 6725 7246 7247
f 6725 7247 6726
f 6726 7247 7248
f 6726 7248 6727
f 6727 7248 6898
f 6782 6911 6783
f 6783 6911 7249
f 6783 7249 6778
f 6778 7249 7250
f 6778 7250 6784
f 6784 7250 7251
f 6784 7251 6785
f 6785 7251 7252
f 6785 7252 6786
f 6786 7252 7253
f 6786 7253 6779
f 6779 7253 6905
f 6756 6918 6757
f 6757 6918 7254
f 6757 7254 6745
f 6745 7254 7255
f 6745 7255 6746
f 6746 7255 7256
f 6746 7256 6747
f 6747 7256 7257
f 6747 7257 6749
f 6749 7257 7258
f 6749 7258 6750
f 6750 7258 6912
f 6925 6809 7060
f 7060 6809 7189
f 7060 7189 7053
f 7053 7189 7188
f 7053 7188 7054
f 7054 7188 7187
f 7054 7187 7056
f 7056 7187 7186
f 7056 7186 7057
f 7057 7186 7185
f 7057 7185 6919
f 6919 7185 6815
f 6935 6824 7066
f 7066 6824 6823
f 7066 6823 7067
f 7067 6823 6821
f 7067 6821 7069
f 7069 6821 6819
f 7069 6819 7071
f 7071 6819 7190
f 7071 7190 7029
f 7029 7190 7191
f 7029 7191 6926
f 6926 7191 6927
f 6942 6831 7074
f 7074 6831 7196
f 7074 7196 7075
f 7075 7196 7195
f 7075 7195 7076
f 7076 7195 7194
f 7076 7194 7073
f 7073 7194 7193
f 7073 7193 7077
f 7077 7193 7192
f 7077 7192 6936
f 6936 7192 6826
f 6949 6833 7090
f 7090 6833 7201
f 7090 7201 7089
f 7089 7201 7200
f 7089 7200 7091
f 7091 7200 7199
f 7091 7199 7092
f 7092 7199 7198
f 7092 7198 7093
f 7093 7198 7197
f 7093 7197 6943
f 6943 7197 6839
f 6956 6840 7098
f 7098 6840 7202
f 7098 7202 7100
f 7100 7202 7203
f 7100 7203 7102
f 7102 7203 7204
f 7102 7204 7095
f 7095 7204 7205
f 7095 7205 7096
f 7096 7205 7206
f 7096 7206 6950
f 6950 7206 6846
f 6966 6850 7049
f 7049 6850 6851
f 7049 6851 7052
f 7052 6851 6853
f 7052 6853 7114
f 7114 6853 6856
f 7114 6856 7113
f 7113 6856 7207
f 7113 7207 7112
f 7112 7207 7208
f 7112 7208 6957
f 6957 7208 6958
f 6987 6879 7209
f 6987 7209 7072
f 7072 7209 7210
f 7072 7210 7070
f 7070 7210 7211
f 7070 7211 7068
f 7068 7211 7212
f 7068 7212 7065
f 7065 7212 7213
f 7065 7213 7064
f 7064 7213 7214
f 7064 7214 7062
f 7062 7214 7215
f 7062 7215 7061
f 7061 7215 7216
f 7061 7216 7033
f 7033 7216 7217
f 7033 7217 7031
f 7031 7217 7218
f 7031 7218 7059
f 7059 7218 7219
f 7059 7219 7058
f 7058 7219 7220
f 7058 7220 7034
f 7034 7220 7221
f 7034 7221 7035
f 7035 7221 7222
f 7035 7222 7050
f 7050 7222 7223
f 7050 7223 7048
f 7048 7223 7224
f 7048 7224 7047
f 7047 7224 7225
f 7047 7225 7046
f 7046 7225 7226
f 7046 7226 7043
f 7043 7226 7227
f 7043 7227 7042
f 7042 7227 6868
f 7042 6868 6967
f 6880 7005 7243
f 7243 7005 7115
f 7243 7115 7242
f 7242 7115 7097
f 7242 7097 7241
f 7241 7097 7099
f 7241 7099 7240
f 7240 7099 7101
f 7240 7101 7239
f 7239 7101 7103
f 7239 7103 7238
f 7238 7103 7119
f 7238 7119 7237
f 7237 7119 7118
f 7237 7118 7236
f 7236 7118 7117
f 7236 7117 7235
f 7235 7117 7116
f 7235 7116 7234
f 7234 7116 7104
f 7234 7104 7233
f 7233 7104 7105
f 7233 7105 7232
f 7232 7105 7121
f 7232 7121 7231
f 7231 7121 7120
f 7231 7120 7230
f 7230 7120 7078
f 7230 7078 7229
f 7229 7078 7080
f 7229 7080 7228
f 7228 7080 7111
f 7228 7111 6897
f 6897 7111 6988
f 6904 7012 7244
f 7244 7012 7109
f 7244 7109 7245
f 7245 7109 7110
f 7245 7110 7246
f 7246 7110 7108
f 7246 7108 7247
f 7247 7108 7107
f 7247 7107 7248
f 7248 7107 7106
f 7248 7106 6898
f 6898 7106 7006
f 6911 7019 7249
f 7249 7019 7082
f 7249 7082 7250
f 7250 7082 7087
f 7250 7087 7251
f 7251 7087 7086
f 7251 7086 7252
f 7252 7086 7085
f 7252 7085 7253
f 7253 7085 7084
f 7253 7084 6905
f 6905 7084 7013
f 6918 7026 7254
f 7254 7026 7045
f 7254 7045 7255
f 7255 7045 7044
f 7255 7044 7256
f 7256 7044 7041
f 7256 7041 7257
f 7257 7041 7040
f 7257 7040 7258
f 7258 7040 7039
f 7258 7039 6912
f 6912 7039 7020
f 7259 7260 7261
f 7261 7260 7262
f 7261 7262 7263
f 7263 7262 7264
f 7263 7264 7265
f 7265 7264 7266
f 7265 7266 7267
f 7267 7266 7268
f 7267 7268 7269
f 7269 7268 7270
f 7269 7270 7271
f 7271 7270 7272
f 7271 7272 3250
f 3250 7272 7273
f 7274 7275 7276
f 7276 7275 7277
f 7276 7277 7278
f 7278 7277 7279
f 7278 7279 7280
f 7280 7279 7281
f 7280 7281 7282
f 7282 7281 7283
f 7282 7283 7284
f 7284 7283 7285
f 7286 7287 7288
f 7288 7287 7289
f 7288 7289 7274
f 7274 7289 7275
f 7290 7291 7292
f 7293 7294 7295
f 7295 7294 7296
f 7296 7290 7295
f 7295 7290 7292
f 7295 7292 7297
f 7297 7292 7298
f 7297 7298 7299
f 7299 7298 7300
f 7299 7300 7301
f 7301 7300 7302
f 7301 7302 7303
f 7303 7302 7304
f 7303 7304 7305
f 7305 7304 7306
f 7305 7306 7307
f 7307 7306 7308
f 7307 7308 7309
f 7309 7308 7310
f 7309 7310 7311
f 7311 7310 7312
f 7311 7312 7313
f 7313 7312 7314
f 7313 7314 7315
f 7315 7314 7316
f 7315 7316 7317
f 7317 7316 7318
f 7317 7318 7319
f 7319 7318 7320
f 7319 7320 7321
f 7321 7320 7322
f 7323 7324 7285
f 7285 7324 7325
f 7285 7325 7326
f 7327 7328 7329
f 7329 7328 7330
f 7329 7330 7331
f 7332 7333 7334
f 7334 7333 7335
f 7334 7335 7336
f 7337 7338 7339
f 7339 7338 7340
f 7332 7341 7333
f 7333 7341 7342
f 7333 7342 7343
f 7343 7342 7344
f 7343 7344 7345
f 7345 7344 7346
f 7345 7346 7347
f 7347 7346 7348
f 7347 7348 7349
f 7349 7348 7339
f 7349 7339 7350
f 7350 7339 7340
f 7330 7322 7331
f 7331 7322 7320
f 7331 7320 7351
f 7351 7320 7318
f 7351 7318 7339
f 7339 7318 7316
f 7339 7316 7314
f 7352 7275 7353
f 7353 7275 7289
f 7353 7289 7354
f 7354 7289 7287
f 7354 7287 7355
f 7300 7298 7337
f 7337 7298 7292
f 7337 7292 7291
f 7356 7279 7352
f 7352 7279 7277
f 7352 7277 7275
f 7281 7279 7357
f 7357 7279 7356
f 7357 7356 7358
f 7358 7356 7359
f 7358 7359 7360
f 7360 7359 7361
f 7360 7361 7362
f 7362 7361 7363
f 7362 7363 7364
f 7364 7363 7365
f 7323 7285 7357
f 7357 7285 7283
f 7357 7283 7281
f 7314 7312 7339
f 7339 7312 7310
f 7339 7310 7337
f 7337 7310 7308
f 7337 7308 7306
f 7306 7304 7337
f 7337 7304 7302
f 7337 7302 7300
f 7366 7365 7367
f 7367 7365 7368
f 7325 7369 7326
f 7326 7369 7370
f 7326 7370 7371
f 7371 7370 7372
f 7371 7372 7373
f 7373 7372 7365
f 7373 7365 7374
f 7374 7365 7366
f 7375 7368 7376
f 7376 7368 7365
f 7376 7365 7377
f 7377 7365 7363
f 7375 7378 7368
f 7368 7378 7379
f 7368 7379 7380
f 7380 7379 7381
f 7380 7381 7382
f 7382 7381 7383
f 7382 7383 7384
f 7384 7383 7385
f 7384 7385 7386
f 7386 7385 7387
f 7386 7387 7388
f 7388 7387 7389
f 7388 7389 7390
f 7390 7389 7391
f 7390 7391 7392
f 7392 7391 7393
f 7327 7334 7328
f 7328 7334 7336
f 7328 7336 7394
f 7394 7336 7395
f 7394 7395 7393
f 7393 7395 7396
f 7393 7396 7392
f 7397 7340 7398
f 7398 7340 7338
f 7398 7338 7399
f 7399 7338 7337
f 7342 7400 7344
f 7344 7400 7401
f 7344 7401 7346
f 7346 7401 7402
f 7346 7402 7348
f 7348 7402 7403
f 7348 7403 7339
f 7339 7403 7404
f 7339 7404 7351
f 7351 7404 7405
f 7351 7405 7331
f 7331 7405 7406
f 7362 7407 7360
f 7360 7407 7408
f 7360 7408 7358
f 7358 7408 7409
f 7358 7409 7357
f 7357 7409 7410
f 7357 7410 7323
f 7323 7410 7411
f 7323 7411 7324
f 7324 7411 7412
f 7324 7412 7325
f 7325 7412 7413
f 7287 7286 7355
f 7355 7286 7414
f 7355 7414 7415
f 7415 7414 7416
f 7417 7259 7261
f 7263 7418 7261
f 7261 7418 7419
f 7261 7419 7417
f 3230 7420 3233
f 3233 7420 7421
f 3233 7421 3232
f 3232 7421 7422
f 3232 7422 3239
f 3239 7422 7423
f 3239 7423 3241
f 3241 7423 7424
f 3241 7424 3240
f 3240 7424 7425
f 3240 7425 3243
f 3243 7425 7426
f 3243 7426 3244
f 3244 7426 7427
f 3244 7427 3246
f 3246 7427 7428
f 3246 7428 3245
f 3245 7428 7429
f 3245 7429 3247
f 3247 7429 7430
f 3247 7430 3248
f 3248 7430 7431
f 3248 7431 3249
f 3249 7431 7432
f 3249 7432 3250
f 3250 7432 7433
f 3250 7433 7271
f 7271 7433 7434
f 7271 7434 7269
f 7269 7434 7435
f 7269 7435 7267
f 7267 7435 7436
f 7267 7436 7265
f 7265 7436 7437
f 7265 7437 7263
f 7263 7437 7438
f 7263 7438 7418
f 7439 7440 7441
f 7441 7440 7442
f 7441 7442 7443
f 7443 7442 7444
f 7443 7444 7445
f 7445 7444 7446
f 7445 7446 7447
f 7447 7446 7448
f 7447 7448 7449
f 7449 7448 7450
f 7449 7450 7451
f 7451 7450 7452
f 7451 7452 3213
f 3213 7452 7453
f 3213 7453 3212
f 3212 7453 7454
f 3212 7454 3218
f 3218 7454 7455
f 3218 7455 3217
f 3217 7455 7456
f 3217 7456 3224
f 3224 7456 7457
f 3224 7457 3227
f 3227 7457 7458
f 3227 7458 3230
f 3230 7458 7459
f 3230 7459 7420
f 7460 7461 7439
f 7439 7461 7462
f 7439 7462 7440
f 7463 7414 7286
f 7463 7286 7464
f 7465 7398 7466
f 7466 7398 7399
f 7264 7262 7286
f 7286 7262 7260
f 7467 7464 7468
f 7468 7464 7286
f 7468 7286 7469
f 7469 7286 7260
f 7470 7471 7399
f 7399 7471 7472
f 7399 7472 7466
f 7466 7472 7473
f 7466 7473 7474
f 7474 7475 7466
f 7466 7475 7476
f 7466 7476 7477
f 7286 7288 7264
f 7264 7288 7274
f 7264 7274 7266
f 7266 7274 7276
f 7266 7276 7268
f 7268 7276 7278
f 7268 7278 7270
f 7270 7278 7280
f 7270 7280 7272
f 7272 7280 7282
f 7272 7282 7273
f 7273 7282 7284
f 7273 7284 7478
f 7478 7284 7479
f 7478 7479 7480
f 7480 7479 7481
f 7480 7481 7482
f 7482 7481 7483
f 7482 7483 7484
f 7484 7483 7485
f 7484 7485 7486
f 7486 7485 7487
f 7486 7487 7488
f 7488 7487 7489
f 7488 7489 7490
f 7490 7489 7491
f 7490 7491 7492
f 7492 7491 7493
f 7492 7493 7494
f 7494 7493 7495
f 7494 7495 7496
f 7496 7495 7497
f 7496 7497 7498
f 7498 7497 7499
f 7498 7499 7500
f 7500 7499 7501
f 7500 7501 7502
f 7502 7501 7503
f 7502 7503 7504
f 7504 7503 7505
f 7504 7505 7506
f 7506 7505 7507
f 7506 7507 7508
f 7508 7507 7509
f 7508 7509 7510
f 7510 7509 7511
f 7510 7511 7512
f 7512 7511 7513
f 7512 7513 7514
f 7514 7513 7515
f 7514 7515 7516
f 7516 7515 7517
f 7516 7517 7518
f 7518 7517 7519
f 7518 7519 7520
f 7520 7519 7521
f 7520 7521 7522
f 7522 7521 7523
f 7522 7523 7524
f 7524 7523 7525
f 7524 7525 7465
f 7465 7525 7397
f 7465 7397 7398
f 7526 7527 7528
f 7526 7528 7529
f 7530 7531 7532
f 7533 7534 7535
f 7536 7537 7538
f 7535 7539 7530
f 7530 7539 7540
f 7530 7540 7531
f 7538 7541 7536
f 7536 7541 7542
f 7536 7542 7543
f 7534 7544 7535
f 7535 7544 7545
f 7535 7545 7539
f 7532 7546 7530
f 7530 7546 7547
f 7530 7547 7528
f 7528 7547 7548
f 7528 7548 7529
f 7549 7550 7551
f 7551 7550 7552
f 7551 7552 7535
f 7535 7552 7553
f 7535 7553 7554
f 7555 7556 7557
f 7557 7556 7558
f 7557 7558 7551
f 7551 7558 7559
f 7551 7559 7549
f 7537 7536 7557
f 7557 7536 7560
f 7557 7560 7555
f 7554 7561 7535
f 7535 7561 7562
f 7535 7562 7533
f 7563 7527 7564
f 7564 7527 7526
f 7564 7526 7565
f 7565 7526 7529
f 7565 7529 7566
f 7566 7529 7548
f 7566 7548 7567
f 7567 7548 7547
f 7567 7547 7568
f 7568 7547 7546
f 7568 7546 7569
f 7569 7546 7532
f 7470 7399 7337
f 7337 7291 7470
f 7470 7291 7290
f 7470 7290 7296
f 7570 7571 7572
f 7572 7571 7573
f 7572 7573 7574
f 7574 7573 7575
f 7574 7575 7400
f 7400 7575 7576
f 7400 7576 7401
f 7401 7576 7577
f 7401 7577 7402
f 7402 7577 7578
f 7402 7578 7403
f 7403 7578 7579
f 7580 7581 7582
f 7582 7581 7583
f 7582 7583 7584
f 7584 7583 7585
f 7584 7585 7407
f 7407 7585 7586
f 7407 7586 7408
f 7408 7586 7587
f 7408 7587 7409
f 7409 7587 7588
f 7409 7588 7410
f 7410 7588 7589
f 7590 7551 7591
f 7591 7551 7535
f 7563 7592 7527
f 7527 7592 7593
f 7527 7593 7528
f 7414 7463 7416
f 7416 7463 7592
f 7416 7592 7594
f 7594 7592 7563
f 7593 7595 7528
f 7528 7595 7596
f 7528 7596 7530
f 7591 7535 7597
f 7597 7535 7530
f 7597 7530 7598
f 7598 7530 7596
f 7464 7599 7463
f 7463 7599 7592
f 7260 7259 7417
f 7469 7260 7600
f 7600 7260 7417
f 7600 7417 7601
f 7601 7417 7419
f 7600 7602 7469
f 7469 7602 7603
f 7469 7603 7468
f 7468 7603 7604
f 7468 7604 7467
f 7467 7604 7599
f 7467 7599 7464
f 7440 7462 7605
f 7605 7606 7440
f 7440 7606 7607
f 7440 7607 7442
f 7442 7607 7608
f 7442 7608 7444
f 7444 7608 7609
f 7444 7609 7446
f 7446 7609 7610
f 7446 7610 7448
f 7448 7610 7611
f 7448 7611 7450
f 7450 7611 7612
f 7450 7612 7452
f 7452 7612 7613
f 7452 7613 7453
f 7614 7475 7615
f 7615 7475 7474
f 7615 7474 7616
f 7617 7477 7614
f 7614 7477 7476
f 7614 7476 7475
f 7460 7477 7461
f 7461 7477 7617
f 7461 7617 7462
f 7462 7617 7605
f 7472 7618 7473
f 7473 7618 7619
f 7294 7293 7538
f 7620 7471 7296
f 7296 7471 7470
f 7551 7590 7557
f 7557 7590 7621
f 7557 7621 7537
f 7537 7621 7622
f 7537 7622 7538
f 7538 7622 7620
f 7538 7620 7294
f 7294 7620 7296
f 7623 7624 7625
f 7626 7627 7628
f 7629 7626 7630
f 7630 7626 7623
f 7630 7623 7631
f 7631 7623 7625
f 7632 7623 7633
f 7633 7623 7626
f 7633 7626 7634
f 7634 7626 7628
f 7635 7636 7637
f 7635 7637 7638
f 7638 7637 7639
f 7638 7639 7640
f 7636 7641 7637
f 7637 7641 7642
f 7637 7642 7643
f 7640 7644 7638
f 7638 7644 7645
f 7638 7645 7646
f 7647 7648 7649
f 7650 7651 7652
f 7652 7651 7653
f 7654 7655 7649
f 7649 7655 7656
f 7649 7656 7657
f 7653 7647 7652
f 7652 7647 7649
f 7652 7649 7658
f 7658 7649 7657
f 7659 7660 7661
f 7661 7662 7663
f 7663 7662 7664
f 7663 7665 7666
f 7664 7667 7663
f 7663 7667 7668
f 7663 7668 7669
f 7661 7663 7659
f 7659 7663 7666
f 7659 7666 7670
f 7576 7671 7577
f 7577 7671 7672
f 7577 7672 7578
f 7578 7672 7673
f 7578 7673 7579
f 7579 7673 7674
f 7579 7674 7675
f 7675 7674 7676
f 7675 7676 7677
f 7677 7676 7678
f 7677 7678 7679
f 7679 7678 7680
f 7586 7681 7587
f 7587 7681 7682
f 7587 7682 7588
f 7588 7682 7683
f 7588 7683 7589
f 7589 7683 7684
f 7589 7684 7685
f 7685 7684 7686
f 7685 7686 7687
f 7687 7686 7688
f 7687 7688 7689
f 7689 7688 7690
f 7691 7590 7692
f 7692 7590 7591
f 7693 7593 7694
f 7694 7593 7592
f 7695 7692 7591
f 7591 7597 7695
f 7695 7597 7598
f 7695 7598 7696
f 7696 7598 7596
f 7696 7596 7693
f 7693 7596 7595
f 7693 7595 7593
f 7599 7697 7592
f 7592 7697 7698
f 7600 7601 7699
f 7700 7697 7599
f 7699 7701 7600
f 7600 7701 7702
f 7600 7702 7602
f 7602 7702 7703
f 7602 7703 7603
f 7603 7703 7700
f 7603 7700 7604
f 7604 7700 7599
f 7699 7601 7704
f 7699 7704 7705
f 7705 7704 7706
f 7705 7706 7707
f 7707 7706 7708
f 7707 7708 7709
f 7709 7708 7710
f 7709 7710 7711
f 7711 7710 7712
f 7711 7712 7713
f 7713 7712 7714
f 7713 7714 7715
f 7715 7714 7716
f 7715 7716 7717
f 7718 7605 7617
f 7718 7617 7719
f 7719 7617 7614
f 7719 7614 7720
f 7720 7614 7615
f 7720 7615 7721
f 7721 7615 7616
f 7721 7616 7722
f 7723 7619 7724
f 7724 7619 7618
f 7590 7691 7621
f 7621 7691 7725
f 7621 7725 7622
f 7622 7725 7726
f 7622 7726 7620
f 7620 7726 7727
f 7728 7623 7729
f 7729 7623 7632
f 7729 7632 7730
f 7730 7632 7633
f 7730 7633 7731
f 7731 7633 7634
f 7731 7634 7732
f 7732 7634 7628
f 7732 7628 7733
f 7733 7628 7627
f 7733 7627 7734
f 7734 7627 7626
f 7735 7643 7736
f 7736 7643 7642
f 7736 7642 7737
f 7737 7642 7641
f 7737 7641 7738
f 7738 7641 7636
f 7738 7636 7739
f 7739 7636 7635
f 7739 7635 7740
f 7740 7635 7638
f 7740 7638 7741
f 7741 7638 7646
f 7742 7652 7743
f 7743 7652 7658
f 7743 7658 7744
f 7744 7658 7657
f 7744 7657 7745
f 7745 7657 7656
f 7745 7656 7746
f 7746 7656 7655
f 7746 7655 7747
f 7747 7655 7654
f 7747 7654 7748
f 7748 7654 7649
f 7749 7660 7750
f 7750 7660 7659
f 7750 7659 7751
f 7751 7659 7670
f 7751 7670 7752
f 7752 7670 7666
f 7752 7666 7753
f 7753 7666 7665
f 7753 7665 7754
f 7754 7665 7663
f 7754 7663 7755
f 7755 7663 7669
f 7717 7756 7715
f 7756 7717 7757
f 7758 7759 7760
f 7761 7762 7763
f 7733 7734 7764
f 7720 7721 7722
f 7764 7734 7765
f 7765 7734 7766
f 7765 7766 7767
f 7768 7769 7770
f 7770 7769 7771
f 7770 7771 7728
f 7726 7725 7728
f 7728 7725 7691
f 7728 7691 7770
f 7733 7764 7732
f 7732 7764 7772
f 7732 7772 7731
f 7731 7772 7773
f 7731 7773 7730
f 7730 7773 7718
f 7730 7718 7729
f 7729 7718 7719
f 7729 7719 7720
f 7726 7728 7727
f 7727 7728 7729
f 7727 7729 7724
f 7720 7722 7729
f 7729 7722 7723
f 7729 7723 7724
f 7774 7775 7776
f 7776 7775 7777
f 7778 7779 7780
f 7781 7671 7782
f 7782 7671 7783
f 7782 7783 7784
f 7779 7785 7780
f 7780 7785 7680
f 7780 7680 7775
f 7680 7678 7775
f 7775 7678 7676
f 7775 7676 7777
f 7777 7676 7674
f 7777 7674 7786
f 7786 7674 7673
f 7786 7673 7781
f 7781 7673 7672
f 7781 7672 7671
f 7784 7778 7782
f 7782 7778 7780
f 7782 7780 7787
f 7787 7780 7788
f 7787 7788 7789
f 7762 7761 7788
f 7788 7761 7790
f 7788 7790 7789
f 7791 7792 7793
f 7793 7794 7791
f 7791 7794 7795
f 7791 7795 7796
f 7745 7746 7797
f 7746 7747 7797
f 7797 7747 7748
f 7797 7748 7791
f 7791 7748 7798
f 7791 7798 7792
f 7799 7742 7800
f 7800 7742 7743
f 7800 7743 7744
f 7798 7801 7792
f 7792 7801 7802
f 7792 7802 7803
f 7803 7802 7804
f 7803 7804 7799
f 7799 7804 7805
f 7799 7805 7742
f 7806 7807 7808
f 7808 7807 7809
f 7684 7683 7810
f 7757 7690 7756
f 7756 7690 7688
f 7756 7688 7686
f 7683 7682 7810
f 7810 7682 7681
f 7810 7681 7807
f 7681 7811 7807
f 7807 7811 7812
f 7807 7812 7809
f 7809 7812 7813
f 7809 7813 7814
f 7814 7813 7815
f 7814 7815 7757
f 7757 7815 7816
f 7757 7816 7690
f 7686 7684 7756
f 7756 7684 7810
f 7756 7810 7715
f 7715 7810 7817
f 7709 7711 7817
f 7817 7711 7713
f 7817 7713 7715
f 7818 7819 7707
f 7707 7819 7705
f 7692 7695 7819
f 7819 7695 7696
f 7696 7693 7819
f 7819 7693 7698
f 7819 7698 7705
f 7705 7698 7697
f 7703 7702 7700
f 7700 7702 7701
f 7700 7701 7697
f 7697 7701 7699
f 7697 7699 7705
f 7820 7821 7822
f 7818 7749 7750
f 7820 7822 7755
f 7755 7822 7819
f 7755 7819 7754
f 7823 7824 7817
f 7817 7824 7825
f 7707 7709 7818
f 7818 7709 7817
f 7818 7817 7749
f 7749 7817 7825
f 7750 7751 7818
f 7818 7751 7752
f 7818 7752 7819
f 7819 7752 7753
f 7819 7753 7754
f 7826 7827 7760
f 7738 7739 7788
f 7827 7828 7760
f 7760 7828 7735
f 7760 7735 7829
f 7829 7735 7736
f 7829 7736 7737
f 7759 7763 7760
f 7760 7763 7762
f 7760 7762 7826
f 7826 7762 7830
f 7737 7738 7829
f 7829 7738 7788
f 7829 7788 7831
f 7831 7788 7780
f 7831 7780 7832
f 7832 7780 7775
f 7832 7775 7765
f 7765 7775 7774
f 7765 7774 7764
f 7764 7774 7776
f 7739 7740 7788
f 7788 7740 7741
f 7788 7741 7762
f 7762 7741 7833
f 7762 7833 7830
f 7767 7768 7765
f 7765 7768 7770
f 7765 7770 7832
f 7832 7770 7834
f 7832 7834 7831
f 7831 7834 7835
f 7831 7835 7829
f 7829 7835 7836
f 7829 7836 7760
f 7760 7836 7797
f 7760 7797 7758
f 7758 7797 7791
f 7758 7791 7837
f 7837 7791 7796
f 7691 7692 7770
f 7770 7692 7819
f 7770 7819 7834
f 7834 7819 7822
f 7834 7822 7835
f 7835 7822 7838
f 7835 7838 7836
f 7836 7838 7839
f 7836 7839 7797
f 7797 7839 7800
f 7797 7800 7745
f 7745 7800 7744
f 7821 7823 7822
f 7822 7823 7817
f 7822 7817 7838
f 7838 7817 7810
f 7838 7810 7839
f 7839 7810 7807
f 7839 7807 7800
f 7800 7807 7806
f 7800 7806 7799
f 7799 7806 7808
f 3213 7514 7451
f 7451 7514 7516
f 7451 7516 7449
f 7449 7516 7518
f 7449 7518 7447
f 7447 7518 7520
f 7447 7520 7445
f 7445 7520 7522
f 7445 7522 7443
f 7443 7522 7524
f 7443 7524 7441
f 7441 7524 7465
f 7441 7465 7439
f 7439 7465 7466
f 7439 7466 7460
f 7460 7466 7477
f 3250 7273 3249
f 3249 7273 7478
f 3249 7478 3248
f 3248 7478 7480
f 3248 7480 3247
f 3247 7480 7482
f 3247 7482 3245
f 3245 7482 7484
f 3245 7484 3246
f 3246 7484 7486
f 3246 7486 3244
f 3244 7486 7488
f 3244 7488 3243
f 3243 7488 7490
f 3243 7490 3240
f 3240 7490 7492
f 3240 7492 3241
f 3241 7492 7494
f 3241 7494 3239
f 3239 7494 7496
f 3239 7496 3232
f 3232 7496 7498
f 3232 7498 3233
f 3233 7498 7500
f 3233 7500 3230
f 3230 7500 7502
f 3230 7502 3227
f 3227 7502 7504
f 3227 7504 3224
f 3224 7504 7506
f 3224 7506 3217
f 3217 7506 7508
f 3217 7508 3218
f 3218 7508 7510
f 3218 7510 3212
f 3212 7510 7512
f 3212 7512 3213
f 3213 7512 7514
f 7515 7333 7517
f 7517 7333 7343
f 7517 7343 7519
f 7519 7343 7345
f 7519 7345 7521
f 7521 7345 7347
f 7521 7347 7523
f 7523 7347 7349
f 7523 7349 7525
f 7525 7349 7350
f 7525 7350 7397
f 7397 7350 7340
f 7284 7285 7479
f 7479 7285 7326
f 7479 7326 7481
f 7481 7326 7371
f 7481 7371 7483
f 7483 7371 7373
f 7483 7373 7485
f 7485 7373 7374
f 7485 7374 7487
f 7487 7374 7366
f 7487 7366 7489
f 7489 7366 7367
f 7489 7367 7491
f 7491 7367 7368
f 7491 7368 7493
f 7493 7368 7380
f 7493 7380 7495
f 7495 7380 7382
f 7495 7382 7497
f 7497 7382 7384
f 7497 7384 7499
f 7499 7384 7386
f 7499 7386 7501
f 7501 7386 7388
f 7501 7388 7503
f 7503 7388 7390
f 7503 7390 7505
f 7505 7390 7392
f 7505 7392 7507
f 7507 7392 7396
f 7507 7396 7509
f 7509 7396 7395
f 7509 7395 7511
f 7511 7395 7336
f 7511 7336 7513
f 7513 7336 7335
f 7513 7335 7515
f 7515 7335 7333
f 7594 7563 7564
f 7354 7355 7415
f 7569 7361 7568
f 7568 7361 7359
f 7568 7359 7567
f 7567 7359 7356
f 7567 7356 7566
f 7566 7356 7352
f 7566 7352 7565
f 7565 7352 7353
f 7565 7353 7564
f 7564 7353 7354
f 7564 7354 7594
f 7594 7354 7415
f 7594 7415 7416
f 7321 7322 7840
f 7840 7322 7330
f 7840 7330 7841
f 7841 7330 7328
f 7841 7328 7842
f 7842 7328 7394
f 7842 7394 7843
f 7843 7394 7393
f 7843 7393 7844
f 7844 7393 7391
f 7844 7391 7845
f 7845 7391 7389
f 7845 7389 7846
f 7846 7389 7387
f 7846 7387 7847
f 7847 7387 7385
f 7847 7385 7848
f 7848 7385 7383
f 7848 7383 7849
f 7849 7383 7381
f 7849 7381 7850
f 7850 7381 7379
f 7850 7379 7851
f 7851 7379 7378
f 7851 7378 7852
f 7852 7378 7375
f 7852 7375 7853
f 7853 7375 7376
f 7853 7376 7854
f 7854 7376 7377
f 7854 7377 7855
f 7855 7377 7363
f 7855 7363 7569
f 7569 7363 7361
f 7331 7406 7329
f 7329 7406 7856
f 7329 7856 7327
f 7327 7856 7857
f 7327 7857 7334
f 7334 7857 7570
f 7334 7570 7332
f 7332 7570 7572
f 7332 7572 7341
f 7341 7572 7574
f 7341 7574 7342
f 7342 7574 7400
f 7325 7413 7369
f 7369 7413 7858
f 7369 7858 7370
f 7370 7858 7859
f 7370 7859 7372
f 7372 7859 7580
f 7372 7580 7365
f 7365 7580 7582
f 7365 7582 7364
f 7364 7582 7584
f 7364 7584 7362
f 7362 7584 7407
f 7538 7293 7295
f 7538 7295 7541
f 7321 7556 7319
f 7319 7556 7555
f 7560 7315 7555
f 7555 7315 7317
f 7555 7317 7319
f 7536 7311 7560
f 7560 7311 7313
f 7560 7313 7315
f 7543 7307 7536
f 7536 7307 7309
f 7536 7309 7311
f 7542 7303 7543
f 7543 7303 7305
f 7543 7305 7307
f 7295 7297 7541
f 7541 7297 7299
f 7541 7299 7542
f 7542 7299 7301
f 7542 7301 7303
f 7569 7532 7855
f 7855 7532 7531
f 7855 7531 7854
f 7854 7531 7540
f 7854 7540 7853
f 7853 7540 7539
f 7853 7539 7852
f 7852 7539 7545
f 7852 7545 7851
f 7851 7545 7544
f 7851 7544 7850
f 7850 7544 7534
f 7850 7534 7849
f 7849 7534 7533
f 7849 7533 7848
f 7848 7533 7562
f 7848 7562 7847
f 7847 7562 7561
f 7847 7561 7846
f 7846 7561 7554
f 7846 7554 7845
f 7845 7554 7553
f 7845 7553 7844
f 7844 7553 7552
f 7844 7552 7843
f 7843 7552 7550
f 7843 7550 7842
f 7842 7550 7549
f 7842 7549 7841
f 7841 7549 7559
f 7841 7559 7840
f 7840 7559 7558
f 7840 7558 7321
f 7321 7558 7556
f 7403 7579 7404
f 7404 7579 7675
f 7404 7675 7405
f 7405 7675 7677
f 7405 7677 7406
f 7406 7677 7679
f 7406 7679 7856
f 7856 7679 7860
f 7856 7860 7857
f 7857 7860 7861
f 7857 7861 7570
f 7570 7861 7571
f 7410 7589 7411
f 7411 7589 7685
f 7411 7685 7412
f 7412 7685 7687
f 7412 7687 7413
f 7413 7687 7689
f 7413 7689 7858
f 7858 7689 7862
f 7858 7862 7859
f 7859 7862 7863
f 7859 7863 7580
f 7580 7863 7581
f 7453 7613 7864
f 7453 7864 7454
f 7454 7864 7865
f 7454 7865 7455
f 7455 7865 7866
f 7455 7866 7456
f 7456 7866 7867
f 7456 7867 7457
f 7457 7867 7868
f 7457 7868 7458
f 7458 7868 7869
f 7458 7869 7459
f 7459 7869 7870
f 7459 7870 7420
f 7420 7870 7871
f 7420 7871 7421
f 7421 7871 7872
f 7421 7872 7422
f 7422 7872 7873
f 7422 7873 7423
f 7423 7873 7874
f 7423 7874 7424
f 7424 7874 7875
f 7424 7875 7425
f 7425 7875 7876
f 7425 7876 7426
f 7426 7876 7877
f 7426 7877 7427
f 7427 7877 7878
f 7427 7878 7428
f 7428 7878 7879
f 7428 7879 7429
f 7429 7879 7880
f 7429 7880 7430
f 7430 7880 7881
f 7430 7881 7431
f 7431 7881 7882
f 7431 7882 7432
f 7432 7882 7716
f 7432 7716 7433
f 7433 7716 7714
f 7433 7714 7434
f 7434 7714 7712
f 7434 7712 7435
f 7435 7712 7710
f 7435 7710 7436
f 7436 7710 7708
f 7436 7708 7437
f 7437 7708 7706
f 7437 7706 7438
f 7438 7706 7704
f 7438 7704 7418
f 7418 7704 7601
f 7418 7601 7419
f 7616 7474 7619
f 7619 7474 7473
f 7618 7472 7620
f 7620 7472 7471
f 7679 7680 7860
f 7860 7680 7785
f 7860 7785 7861
f 7861 7785 7779
f 7861 7779 7571
f 7571 7779 7778
f 7571 7778 7573
f 7573 7778 7784
f 7573 7784 7575
f 7575 7784 7783
f 7575 7783 7576
f 7576 7783 7671
f 7689 7690 7862
f 7862 7690 7816
f 7862 7816 7863
f 7863 7816 7815
f 7863 7815 7581
f 7581 7815 7813
f 7581 7813 7583
f 7583 7813 7812
f 7583 7812 7585
f 7585 7812 7811
f 7585 7811 7586
f 7586 7811 7681
f 7717 7716 7882
f 7717 7882 7757
f 7757 7882 7881
f 7757 7881 7814
f 7814 7881 7880
f 7814 7880 7809
f 7809 7880 7879
f 7809 7879 7808
f 7808 7879 7878
f 7808 7878 7799
f 7799 7878 7877
f 7799 7877 7803
f 7803 7877 7876
f 7803 7876 7792
f 7792 7876 7875
f 7792 7875 7793
f 7793 7875 7874
f 7793 7874 7794
f 7794 7874 7873
f 7794 7873 7795
f 7795 7873 7872
f 7795 7872 7796
f 7796 7872 7871
f 7796 7871 7837
f 7837 7871 7870
f 7837 7870 7758
f 7758 7870 7869
f 7758 7869 7759
f 7759 7869 7868
f 7759 7868 7763
f 7763 7868 7867
f 7763 7867 7761
f 7761 7867 7866
f 7761 7866 7790
f 7790 7866 7865
f 7790 7865 7789
f 7789 7865 7864
f 7789 7864 7787
f 7787 7864 7613
f 7787 7613 7782
f 7782 7613 7612
f 7782 7612 7781
f 7781 7612 7611
f 7781 7611 7786
f 7786 7611 7610
f 7786 7610 7777
f 7777 7610 7609
f 7777 7609 7776
f 7776 7609 7608
f 7776 7608 7764
f 7764 7608 7607
f 7764 7607 7772
f 7772 7607 7606
f 7772 7606 7773
f 7773 7606 7605
f 7773 7605 7718
f 7722 7616 7723
f 7723 7616 7619
f 7620 7727 7618
f 7618 7727 7724
f 7734 7626 7766
f 7766 7626 7629
f 7766 7629 7767
f 7767 7629 7630
f 7767 7630 7768
f 7768 7630 7631
f 7768 7631 7769
f 7769 7631 7625
f 7769 7625 7771
f 7771 7625 7624
f 7771 7624 7728
f 7728 7624 7623
f 7741 7646 7833
f 7833 7646 7645
f 7833 7645 7830
f 7830 7645 7644
f 7830 7644 7826
f 7826 7644 7640
f 7826 7640 7827
f 7827 7640 7639
f 7827 7639 7828
f 7828 7639 7637
f 7828 7637 7735
f 7735 7637 7643
f 7748 7649 7798
f 7798 7649 7648
f 7798 7648 7801
f 7801 7648 7647
f 7801 7647 7802
f 7802 7647 7653
f 7802 7653 7804
f 7804 7653 7651
f 7804 7651 7805
f 7805 7651 7650
f 7805 7650 7742
f 7742 7650 7652
f 7755 7669 7820
f 7820 7669 7668
f 7820 7668 7821
f 7821 7668 7667
f 7821 7667 7823
f 7823 7667 7664
f 7823 7664 7824
f 7824 7664 7662
f 7824 7662 7825
f 7825 7662 7661
f 7825 7661 7749
f 7749 7661 7660
f 7883 7884 7885
f 7885 7884 7886
f 7885 7886 7887
f 7888 7889 7890
f 7890 7889 7891
f 7890 7891 7883
f 7883 7891 7892
f 7883 7892 7884
f 7886 7893 7887
f 7887 7893 7894
f 7887 7894 7895
f 7895 7894 7896
f 7895 7896 7897
f 7897 7896 7898
f 7897 7898 7899
f 7899 7898 7900
f 7899 7900 7901
f 7901 7900 7902
f 7901 7902 7903
f 7904 7905 7906
f 7906 7905 7907
f 7906 7907 7908
f 7908 7907 7909
f 7908 7909 7910
f 7902 7911 7903
f 7903 7911 7912
f 7903 7912 7913
f 7909 7914 7910
f 7910 7914 7915
f 7910 7915 7916
f 7916 7915 7917
f 7916 7917 7918
f 7918 7917 7919
f 7918 7919 7920
f 7920 7919 7921
f 7920 7921 7922
f 7923 7924 7925
f 7925 7924 7926
f 7925 7926 7927
f 7927 7926 7928
f 7927 7928 7929
f 7929 7928 7930
f 7929 7930 7931
f 7931 7930 7932
f 7931 7932 7888
f 7888 7932 7933
f 7888 7933 7889
f 7912 7934 7913
f 7913 7934 7935
f 7913 7935 7936
f 7936 7935 7937
f 7936 7937 7904
f 7904 7937 7938
f 7904 7938 7905
f 7939 7940 7941
f 7941 7940 7942
f 7941 7942 7943
f 7943 7942 7944
f 7943 7944 7945
f 7944 7946 7945
f 7945 7946 7947
f 7945 7947 7948
f 7948 7947 7949
f 7948 7949 7950
f 7950 7949 7951
f 7950 7951 7952
f 7952 7951 7953
f 7952 7953 7954
f 7955 7956 7957
f 7957 7956 7958
f 7957 7958 7959
f 7959 7958 7960
f 7959 7960 7923
f 7923 7960 7961
f 7923 7961 7924
f 7921 7962 7922
f 7922 7962 7963
f 7922 7963 7964
f 7963 7965 7964
f 7964 7965 7966
f 7964 7966 7967
f 7967 7966 7968
f 7967 7968 7939
f 7939 7968 7969
f 7939 7969 7940
f 7953 7970 7954
f 7954 7970 7971
f 7954 7971 7972
f 7971 7973 7972
f 7972 7973 7974
f 7972 7974 7975
f 7975 7974 7976
f 7975 7976 7955
f 7955 7976 7977
f 7955 7977 7956
f 7978 7979 7980
f 7981 7982 7983
f 7930 7984 7985
f 7930 7985 7932
f 7932 7985 7986
f 7932 7986 7933
f 7933 7986 7987
f 7933 7987 7889
f 7889 7987 7988
f 7889 7988 7891
f 7891 7988 7892
f 7892 7988 7989
f 7892 7989 7884
f 7884 7989 7990
f 7884 7990 7886
f 7886 7990 7991
f 7886 7991 7893
f 7893 7991 7992
f 7893 7992 7894
f 7894 7992 7993
f 7894 7993 7896
f 7896 7993 7994
f 7896 7994 7898
f 7898 7994 7995
f 7898 7995 7900
f 7900 7995 7996
f 7900 7996 7902
f 7902 7996 7997
f 7902 7997 7911
f 7911 7997 7998
f 7911 7998 7912
f 7912 7998 7934
f 7934 7998 7999
f 7934 7999 7935
f 7935 7999 8000
f 7935 8000 7937
f 7937 8000 7938
f 7938 8000 8001
f 7938 8001 7905
f 7905 8001 8002
f 7905 8002 7907
f 7907 8002 8003
f 7907 8003 7909
f 7909 8003 8004
f 7909 8004 7914
f 7914 8004 8005
f 7914 8005 7915
f 7915 8005 8006
f 7915 8006 7917
f 7917 8006 8007
f 7917 8007 7919
f 8008 8009 8010
f 8010 8009 8011
f 8010 8011 8012
f 8012 8011 8013
f 8013 8014 8012
f 8012 8014 8015
f 8012 8015 8016
f 8016 8015 8017
f 8016 8017 8018
f 8017 8019 8018
f 8018 8019 8020
f 8018 8020 8021
f 8021 8020 8022
f 8021 8022 8023
f 8023 8022 8024
f 8023 8024 7981
f 7981 8024 8025
f 7981 8025 7982
f 8026 8027 7983
f 7983 8027 8028
f 7983 8028 7981
f 8026 8029 8027
f 8027 8029 8030
f 8027 8030 8031
f 8031 8030 8032
f 8031 8032 8033
f 8034 8035 8036
f 8036 8035 8033
f 8036 8033 8037
f 8037 8033 8032
f 8038 8039 8034
f 8034 8039 8040
f 8034 8040 8035
f 8038 8041 8039
f 8039 8041 8042
f 8039 8042 8043
f 8043 8042 8044
f 8043 8044 8045
f 8044 8046 8045
f 8045 8046 8047
f 8045 8047 8048
f 8048 8047 8049
f 8048 8049 8050
f 8050 8049 8051
f 8050 8051 7978
f 7978 8051 8052
f 7978 8052 7979
f 8053 8054 7980
f 7980 8054 8055
f 7980 8055 7978
f 8053 8056 8054
f 8054 8056 8057
f 8054 8057 8058
f 8058 8057 8059
f 8058 8059 8060
f 8059 8061 8060
f 8060 8061 8062
f 8060 8062 8063
f 8064 8065 8008
f 8008 8010 8064
f 8064 8010 8012
f 8064 8012 8066
f 8066 8012 8016
f 8066 8016 8067
f 8067 8016 8018
f 8067 8018 8068
f 8068 8018 8021
f 8068 8021 8069
f 8069 8021 8023
f 8069 8023 8070
f 8070 8023 7981
f 8070 7981 8071
f 8071 7981 8028
f 8071 8028 8072
f 8072 8028 8027
f 8072 8027 8073
f 8073 8027 8031
f 8073 8031 8074
f 8074 8031 8033
f 8074 8033 8075
f 8075 8033 8035
f 8075 8035 8076
f 8076 8035 8040
f 8076 8040 8077
f 8077 8040 8039
f 8077 8039 8078
f 8078 8039 8043
f 8078 8043 8079
f 8079 8043 8045
f 8079 8045 8080
f 8080 8045 8048
f 8080 8048 8081
f 8081 8048 8050
f 8081 8050 8082
f 8082 8050 7978
f 8082 7978 8083
f 8083 7978 8055
f 8083 8055 8084
f 8084 8055 8054
f 8084 8054 8085
f 8085 8054 8058
f 8085 8058 8086
f 8086 8058 8060
f 8086 8060 8087
f 8087 8060 8063
f 8087 8063 8088
f 8089 8090 8065
f 8065 8064 8089
f 8089 8064 8066
f 8089 8066 8091
f 8091 8066 8067
f 8091 8067 8092
f 8092 8067 8068
f 8092 8068 8093
f 8093 8068 8069
f 8093 8069 8094
f 8094 8069 8070
f 8094 8070 8095
f 8095 8070 8071
f 8095 8071 8096
f 8096 8071 8072
f 8096 8072 8097
f 8097 8072 8073
f 8097 8073 8098
f 8098 8073 8074
f 8098 8074 8099
f 8099 8074 8075
f 8099 8075 8100
f 8100 8075 8076
f 8100 8076 8101
f 8101 8076 8077
f 8101 8077 8102
f 8102 8077 8078
f 8102 8078 8103
f 8103 8078 8079
f 8103 8079 8104
f 8104 8079 8080
f 8104 8080 8105
f 8105 8080 8081
f 8105 8081 8106
f 8106 8081 8082
f 8106 8082 8107
f 8107 8082 8083
f 8107 8083 8108
f 8108 8083 8084
f 8108 8084 8109
f 8109 8084 8085
f 8109 8085 8110
f 8110 8085 8086
f 8110 8086 8111
f 8111 8086 8087
f 8111 8087 8112
f 8112 8087 8088
f 8112 8088 8113
f 8114 8115 8090
f 8090 8089 8114
f 8114 8089 8091
f 8114 8091 8116
f 8116 8091 8092
f 8116 8092 8117
f 8117 8092 8093
f 8117 8093 8118
f 8118 8093 8094
f 8118 8094 8119
f 8119 8094 8095
f 8119 8095 8120
f 8120 8095 8096
f 8120 8096 8121
f 8121 8096 8097
f 8121 8097 8122
f 8122 8097 8098
f 8122 8098 8123
f 8123 8098 8099
f 8123 8099 8124
f 8124 8099 8100
f 8124 8100 8125
f 8125 8100 8101
f 8125 8101 8126
f 8126 8101 8102
f 8126 8102 8127
f 8127 8102 8103
f 8127 8103 8128
f 8128 8103 8104
f 8128 8104 8129
f 8129 8104 8105
f 8129 8105 8130
f 8130 8105 8106
f 8130 8106 8131
f 8131 8106 8107
f 8131 8107 8132
f 8132 8107 8108
f 8132 8108 8133
f 8133 8108 8109
f 8133 8109 8134
f 8134 8109 8110
f 8134 8110 8135
f 8135 8110 8111
f 8135 8111 8136
f 8136 8111 8112
f 8136 8112 8137
f 8137 8112 8113
f 8137 8113 8138
f 8139 8140 8115
f 8115 8114 8139
f 8139 8114 8116
f 8139 8116 8141
f 8141 8116 8117
f 8141 8117 8142
f 8142 8117 8118
f 8142 8118 8143
f 8143 8118 8119
f 8143 8119 8144
f 8144 8119 8120
f 8144 8120 8145
f 8145 8120 8121
f 8145 8121 8146
f 8146 8121 8122
f 8146 8122 8147
f 8147 8122 8123
f 8147 8123 8148
f 8148 8123 8124
f 8148 8124 8149
f 8149 8124 8125
f 8149 8125 8150
f 8150 8125 8126
f 8150 8126 8151
f 8151 8126 8127
f 8151 8127 8152
f 8152 8127 8128
f 8152 8128 8153
f 8153 8128 8129
f 8153 8129 8154
f 8154 8129 8130
f 8154 8130 8155
f 8155 8130 8131
f 8155 8131 8156
f 8156 8131 8132
f 8156 8132 8157
f 8157 8132 8133
f 8157 8133 8158
f 8158 8133 8134
f 8158 8134 8159
f 8159 8134 8135
f 8159 8135 8160
f 8160 8135 8136
f 8160 8136 8161
f 8161 8136 8137
f 8161 8137 8162
f 8162 8137 8138
f 8162 8138 8163
f 7930 7928 7984
f 7984 7928 8164
f 7984 8164 8140
f 8140 8139 7984
f 7984 8139 8141
f 7984 8141 7985
f 7985 8141 8142
f 7985 8142 7986
f 7986 8142 8143
f 7986 8143 7987
f 7987 8143 8144
f 7987 8144 7988
f 7988 8144 8145
f 7988 8145 7989
f 7989 8145 8146
f 7989 8146 7990
f 7990 8146 8147
f 7990 8147 7991
f 7991 8147 8148
f 7991 8148 7992
f 7992 8148 8149
f 7992 8149 7993
f 7993 8149 8150
f 7993 8150 7994
f 7994 8150 8151
f 7994 8151 7995
f 7995 8151 8152
f 7995 8152 7996
f 7996 8152 8153
f 7996 8153 7997
f 7997 8153 8154
f 7997 8154 7998
f 7998 8154 8155
f 7998 8155 7999
f 7999 8155 8156
f 7999 8156 8000
f 8000 8156 8157
f 8000 8157 8001
f 8001 8157 8158
f 8001 8158 8002
f 8002 8158 8159
f 8002 8159 8003
f 8003 8159 8160
f 8003 8160 8004
f 8004 8160 8161
f 8004 8161 8005
f 8005 8161 8162
f 8005 8162 8006
f 8006 8162 8163
f 8006 8163 8007
f 5006 7899 7901
f 5006 7901 8165
f 8165 7901 7903
f 8165 7903 8166
f 8166 7903 7913
f 8166 7913 8167
f 8167 7913 7936
f 8167 7936 8168
f 8168 7936 7904
f 8168 7904 8169
f 8169 7904 7906
f 8169 7906 8170
f 8170 7906 7908
f 8170 7908 8171
f 8171 7908 7910
f 8171 7910 8172
f 8172 7910 7916
f 8172 7916 8173
f 8173 7916 7918
f 8173 7918 8174
f 8174 7918 7920
f 8174 7920 8175
f 8175 7920 7922
f 8175 7922 8176
f 8176 7922 7964
f 8176 7964 8177
f 8177 7964 7967
f 8177 7967 8178
f 8178 7967 7939
f 8178 7939 8179
f 8179 7939 7941
f 8179 7941 8180
f 8180 7941 7943
f 8180 7943 8181
f 8181 7943 7945
f 8181 7945 8182
f 8182 7945 7948
f 8182 7948 8183
f 8183 7948 7950
f 8183 7950 5017
f 8024 8022 8184
f 8185 8186 8187
f 8188 8189 8190
f 8190 8189 8191
f 8190 8191 8192
f 8192 8191 8193
f 8193 8191 8194
f 8193 8194 8195
f 8186 8196 8187
f 8187 8196 8197
f 8187 8197 8194
f 8194 8197 8198
f 8194 8198 8195
f 8185 8187 8199
f 8199 8187 8200
f 8199 8200 8201
f 8201 8200 8202
f 8201 8202 8203
f 8204 8205 8206
f 8206 8205 8207
f 8206 8207 8202
f 8202 8207 8208
f 8202 8208 8203
f 8204 8206 8209
f 8209 8206 8210
f 8209 8210 8009
f 8009 8210 8011
f 8011 8210 8211
f 8011 8211 8013
f 8013 8211 8014
f 8014 8211 8212
f 8014 8212 8015
f 8022 8020 8184
f 8184 8020 8019
f 8184 8019 8212
f 8212 8019 8017
f 8212 8017 8015
f 8024 8184 8025
f 8025 8184 8213
f 8025 8213 7982
f 7982 8213 8214
f 7982 8214 7983
f 8032 8030 8215
f 8215 8030 8029
f 8215 8029 8214
f 8214 8029 8026
f 8214 8026 7983
f 8032 8215 8037
f 8037 8215 8216
f 8037 8216 8036
f 8217 8182 8218
f 8218 8182 8183
f 8218 8183 8189
f 8189 8183 5017
f 8189 5017 8191
f 8219 8172 8220
f 8220 8172 8173
f 8220 8173 8221
f 8221 8173 8174
f 8221 8174 8222
f 8223 8169 8224
f 8224 8169 8170
f 8224 8170 8219
f 8219 8170 8171
f 8219 8171 8172
f 8225 8179 8226
f 8226 8179 8180
f 8226 8180 8217
f 8217 8180 8181
f 8217 8181 8182
f 8174 8175 8222
f 8222 8175 8176
f 8222 8176 8227
f 8227 8176 8177
f 8227 8177 8225
f 8225 8177 8178
f 8225 8178 8179
f 8228 8166 8229
f 8229 8166 8167
f 8229 8167 8223
f 8223 8167 8168
f 8223 8168 8169
f 8214 8230 8215
f 8215 8230 8231
f 8215 8231 8216
f 8216 8231 5006
f 8216 5006 8228
f 8228 5006 8165
f 8228 8165 8166
f 8184 8232 8213
f 8213 8232 8233
f 8213 8233 8214
f 8214 8233 8234
f 8214 8234 8230
f 8211 8235 8212
f 8212 8235 8236
f 8212 8236 8184
f 8184 8236 8237
f 8184 8237 8232
f 8202 8238 8206
f 8206 8238 8239
f 8206 8239 8210
f 8210 8239 8240
f 8210 8240 8211
f 8211 8240 8241
f 8211 8241 8235
f 8187 8242 8200
f 8200 8242 8243
f 8200 8243 8202
f 8202 8243 8244
f 8202 8244 8238
f 5017 8245 8191
f 8191 8245 8246
f 8191 8246 8194
f 8194 8246 8247
f 8194 8247 8187
f 8187 8247 8248
f 8187 8248 8242
f 8249 8201 8203
f 8250 8251 8252
f 8253 8254 7973
f 7973 8254 7974
f 7974 8254 8255
f 7974 8255 7976
f 7976 8255 7977
f 7977 8255 8256
f 7977 8256 7956
f 7956 8256 8257
f 7956 8257 7958
f 7958 8257 8258
f 7958 8258 7960
f 7960 8258 8259
f 7960 8259 7961
f 7961 8259 8260
f 7961 8260 7924
f 7924 8260 8261
f 7924 8261 7926
f 7926 8261 8164
f 7926 8164 7928
f 8262 7962 8263
f 8263 7962 7921
f 8263 7921 8264
f 8265 7966 8266
f 8266 7966 7965
f 8266 7965 8262
f 8262 7965 7963
f 8262 7963 7962
f 7973 7971 8253
f 8253 7971 7970
f 8253 7970 8267
f 8267 7970 7953
f 8267 7953 8268
f 8268 7953 7951
f 8268 7951 8269
f 8269 7951 7949
f 8269 7949 8270
f 8270 7949 7947
f 8270 7947 8271
f 8271 7947 7946
f 8271 7946 8272
f 8272 7946 7944
f 8272 7944 8273
f 8273 7944 7942
f 8273 7942 8274
f 8274 7942 7940
f 8274 7940 8275
f 8275 7940 7969
f 8275 7969 8265
f 8265 7969 7968
f 8265 7968 7966
f 8063 8062 8276
f 8276 8062 8277
f 8276 8277 8278
f 8278 8277 8279
f 8279 8280 8278
f 8278 8280 8281
f 8278 8281 8282
f 8282 8281 8283
f 8282 8283 8284
f 8283 8285 8284
f 8284 8285 8286
f 8284 8286 8287
f 8287 8286 8288
f 8287 8288 8289
f 8289 8288 8290
f 8289 8290 8250
f 8250 8290 8291
f 8250 8291 8251
f 8292 8293 8252
f 8252 8293 8294
f 8252 8294 8250
f 8292 8295 8293
f 8293 8295 8296
f 8293 8296 8297
f 8297 8296 8298
f 8297 8298 8299
f 8190 8300 8188
f 8188 8300 8299
f 8188 8299 8301
f 8301 8299 8298
f 8192 8302 8190
f 8190 8302 8303
f 8190 8303 8300
f 8192 8193 8302
f 8302 8193 8195
f 8302 8195 8304
f 8304 8195 8198
f 8304 8198 8305
f 8198 8197 8305
f 8305 8197 8196
f 8305 8196 8306
f 8306 8196 8186
f 8306 8186 8307
f 8307 8186 8185
f 8307 8185 8249
f 8249 8185 8199
f 8249 8199 8201
f 8208 8308 8203
f 8203 8308 8309
f 8203 8309 8249
f 8208 8207 8308
f 8308 8207 8205
f 8308 8205 8310
f 8310 8205 8204
f 8310 8204 8311
f 8204 8209 8311
f 8311 8209 8009
f 8311 8009 8008
f 8312 8088 8063
f 8063 8276 8312
f 8312 8276 8278
f 8312 8278 8313
f 8313 8278 8282
f 8313 8282 8314
f 8314 8282 8284
f 8314 8284 8315
f 8315 8284 8287
f 8315 8287 8316
f 8316 8287 8289
f 8316 8289 8317
f 8317 8289 8250
f 8317 8250 8318
f 8318 8250 8294
f 8318 8294 8319
f 8319 8294 8293
f 8319 8293 8320
f 8320 8293 8297
f 8320 8297 8321
f 8321 8297 8299
f 8321 8299 8322
f 8322 8299 8300
f 8322 8300 8323
f 8323 8300 8303
f 8323 8303 8324
f 8324 8303 8302
f 8324 8302 8325
f 8325 8302 8304
f 8325 8304 8326
f 8326 8304 8305
f 8326 8305 8327
f 8327 8305 8306
f 8327 8306 8328
f 8328 8306 8307
f 8328 8307 8329
f 8329 8307 8249
f 8329 8249 8330
f 8330 8249 8309
f 8330 8309 8331
f 8331 8309 8308
f 8331 8308 8332
f 8332 8308 8310
f 8332 8310 8333
f 8333 8310 8311
f 8333 8311 8334
f 8334 8311 8008
f 8334 8008 8065
f 8335 8113 8088
f 8088 8312 8335
f 8335 8312 8313
f 8335 8313 8336
f 8336 8313 8314
f 8336 8314 8337
f 8337 8314 8315
f 8337 8315 8338
f 8338 8315 8316
f 8338 8316 8339
f 8339 8316 8317
f 8339 8317 8340
f 8340 8317 8318
f 8340 8318 8341
f 8341 8318 8319
f 8341 8319 8342
f 8342 8319 8320
f 8342 8320 8343
f 8343 8320 8321
f 8343 8321 8344
f 8344 8321 8322
f 8344 8322 8345
f 8345 8322 8323
f 8345 8323 8346
f 8346 8323 8324
f 8346 8324 8347
f 8347 8324 8325
f 8347 8325 8348
f 8348 8325 8326
f 8348 8326 8349
f 8349 8326 8327
f 8349 8327 8350
f 8350 8327 8328
f 8350 8328 8351
f 8351 8328 8329
f 8351 8329 8352
f 8352 8329 8330
f 8352 8330 8353
f 8353 8330 8331
f 8353 8331 8354
f 8354 8331 8332
f 8354 8332 8355
f 8355 8332 8333
f 8355 8333 8356
f 8356 8333 8334
f 8356 8334 8357
f 8357 8334 8065
f 8357 8065 8090
f 8358 8138 8113
f 8113 8335 8358
f 8358 8335 8336
f 8358 8336 8359
f 8359 8336 8337
f 8359 8337 8360
f 8360 8337 8338
f 8360 8338 8361
f 8361 8338 8339
f 8361 8339 8362
f 8362 8339 8340
f 8362 8340 8363
f 8363 8340 8341
f 8363 8341 8364
f 8364 8341 8342
f 8364 8342 8365
f 8365 8342 8343
f 8365 8343 8366
f 8366 8343 8344
f 8366 8344 8367
f 8367 8344 8345
f 8367 8345 8368
f 8368 8345 8346
f 8368 8346 8369
f 8369 8346 8347
f 8369 8347 8370
f 8370 8347 8348
f 8370 8348 8371
f 8371 8348 8349
f 8371 8349 8372
f 8372 8349 8350
f 8372 8350 8373
f 8373 8350 8351
f 8373 8351 8374
f 8374 8351 8352
f 8374 8352 8375
f 8375 8352 8353
f 8375 8353 8376
f 8376 8353 8354
f 8376 8354 8377
f 8377 8354 8355
f 8377 8355 8378
f 8378 8355 8356
f 8378 8356 8379
f 8379 8356 8357
f 8379 8357 8380
f 8380 8357 8090
f 8380 8090 8115
f 8381 8163 8138
f 8138 8358 8381
f 8381 8358 8359
f 8381 8359 8382
f 8382 8359 8360
f 8382 8360 8383
f 8383 8360 8361
f 8383 8361 8384
f 8384 8361 8362
f 8384 8362 8385
f 8385 8362 8363
f 8385 8363 8386
f 8386 8363 8364
f 8386 8364 8387
f 8387 8364 8365
f 8387 8365 8388
f 8388 8365 8366
f 8388 8366 8389
f 8389 8366 8367
f 8389 8367 8390
f 8390 8367 8368
f 8390 8368 8391
f 8391 8368 8369
f 8391 8369 8392
f 8392 8369 8370
f 8392 8370 8393
f 8393 8370 8371
f 8393 8371 8394
f 8394 8371 8372
f 8394 8372 8395
f 8395 8372 8373
f 8395 8373 8396
f 8396 8373 8374
f 8396 8374 8397
f 8397 8374 8375
f 8397 8375 8398
f 8398 8375 8376
f 8398 8376 8399
f 8399 8376 8377
f 8399 8377 8400
f 8400 8377 8378
f 8400 8378 8401
f 8401 8378 8379
f 8401 8379 8402
f 8402 8379 8380
f 8402 8380 8403
f 8403 8380 8115
f 8403 8115 8140
f 7921 7919 8264
f 8264 7919 8007
f 8264 8007 8163
f 8163 8381 8264
f 8264 8381 8382
f 8264 8382 8263
f 8263 8382 8383
f 8263 8383 8262
f 8262 8383 8384
f 8262 8384 8266
f 8266 8384 8385
f 8266 8385 8265
f 8265 8385 8386
f 8265 8386 8275
f 8275 8386 8387
f 8275 8387 8274
f 8274 8387 8388
f 8274 8388 8273
f 8273 8388 8389
f 8273 8389 8272
f 8272 8389 8390
f 8272 8390 8271
f 8271 8390 8391
f 8271 8391 8270
f 8270 8391 8392
f 8270 8392 8269
f 8269 8392 8393
f 8269 8393 8268
f 8268 8393 8394
f 8268 8394 8267
f 8267 8394 8395
f 8267 8395 8253
f 8253 8395 8396
f 8253 8396 8254
f 8254 8396 8397
f 8254 8397 8255
f 8255 8397 8398
f 8255 8398 8256
f 8256 8398 8399
f 8256 8399 8257
f 8257 8399 8400
f 8257 8400 8258
f 8258 8400 8401
f 8258 8401 8259
f 8259 8401 8402
f 8259 8402 8260
f 8260 8402 8403
f 8260 8403 8261
f 8261 8403 8140
f 8261 8140 8164
f 5017 7950 7952
f 5017 7952 8245
f 8245 7952 7954
f 8245 7954 8246
f 8246 7954 7972
f 8246 7972 8247
f 8247 7972 7975
f 8247 7975 8248
f 8248 7975 7955
f 8248 7955 8242
f 8242 7955 7957
f 8242 7957 8243
f 8243 7957 7959
f 8243 7959 8244
f 8244 7959 7923
f 8244 7923 8238
f 8238 7923 7925
f 8238 7925 8239
f 8239 7925 7927
f 8239 7927 8240
f 8240 7927 7929
f 8240 7929 8241
f 8241 7929 7931
f 8241 7931 8235
f 8235 7931 7888
f 8235 7888 8236
f 8236 7888 7890
f 8236 7890 8237
f 8237 7890 7883
f 8237 7883 8232
f 8232 7883 7885
f 8232 7885 8233
f 8233 7885 7887
f 8233 7887 8234
f 8234 7887 7895
f 8234 7895 8230
f 8230 7895 7897
f 8230 7897 8231
f 8231 7897 7899
f 8231 7899 5006
f 8290 8288 8225
f 8051 8049 8223
f 8036 8216 8034
f 8034 8216 8228
f 8034 8228 8038
f 8038 8228 8041
f 8041 8228 8229
f 8041 8229 8042
f 8049 8047 8223
f 8223 8047 8046
f 8223 8046 8229
f 8229 8046 8044
f 8229 8044 8042
f 8051 8223 8052
f 8052 8223 8224
f 8052 8224 7979
f 7979 8224 8219
f 7979 8219 7980
f 8059 8057 8220
f 8220 8057 8056
f 8220 8056 8219
f 8219 8056 8053
f 8219 8053 7980
f 8059 8220 8061
f 8061 8220 8221
f 8061 8221 8062
f 8062 8221 8277
f 8277 8221 8222
f 8277 8222 8279
f 8279 8222 8280
f 8280 8222 8227
f 8280 8227 8281
f 8288 8286 8225
f 8225 8286 8285
f 8225 8285 8227
f 8227 8285 8283
f 8227 8283 8281
f 8290 8225 8291
f 8291 8225 8226
f 8291 8226 8251
f 8251 8226 8217
f 8251 8217 8252
f 8298 8296 8218
f 8218 8296 8295
f 8218 8295 8217
f 8217 8295 8292
f 8217 8292 8252
f 8298 8218 8301
f 8301 8218 8189
f 8301 8189 8188
f 8404 8405 8406
f 8406 8405 8407
f 8406 8407 8408
f 8408 8407 8409
f 8408 8409 8410
f 8410 8409 8411
f 8410 8411 8412
f 8412 8411 8413
f 8414 8415 8416
f 8417 8414 8418
f 8419 8417 8420
f 8421 8419 8422
f 8414 8416 8418
f 8418 8416 8423
f 8418 8423 8424
f 8424 8423 8425
f 8424 8425 8426
f 8426 8425 8427
f 8426 8427 8428
f 8428 8427 8413
f 8428 8413 8411
f 8417 8418 8420
f 8420 8418 8424
f 8420 8424 8429
f 8429 8424 8426
f 8429 8426 8430
f 8430 8426 8428
f 8430 8428 8431
f 8431 8428 8411
f 8431 8411 8409
f 8419 8420 8422
f 8422 8420 8429
f 8422 8429 8432
f 8432 8429 8430
f 8432 8430 8433
f 8433 8430 8431
f 8433 8431 8434
f 8434 8431 8409
f 8434 8409 8407
f 8421 8422 8435
f 8435 8422 8432
f 8435 8432 8436
f 8436 8432 8433
f 8436 8433 8437
f 8437 8433 8434
f 8437 8434 8438
f 8438 8434 8407
f 8438 8407 8405
f 8439 8404 8440
f 8440 8404 8406
f 8440 8406 8441
f 8441 8406 8408
f 8441 8408 8442
f 8442 8408 8410
f 8442 8410 8443
f 8443 8410 8412
f 8444 8445 8446
f 8446 8445 8447
f 8448 8449 8450
f 8450 8451 8448
f 8448 8451 8452
f 8448 8452 8453
f 8453 8452 8454
f 8453 8454 8455
f 8455 8454 8456
f 8455 8456 8447
f 8447 8456 8457
f 8447 8457 8446
f 8458 8449 8459
f 8459 8449 8448
f 8459 8448 8460
f 8460 8448 8453
f 8460 8453 8461
f 8461 8453 8455
f 8462 8463 8464
f 8464 8463 8458
f 8464 8458 8465
f 8465 8458 8459
f 8465 8459 8466
f 8466 8459 8460
f 8466 8460 8467
f 8467 8460 8461
f 8467 8461 8468
f 8468 8461 8421
f 8445 8415 8447
f 8447 8415 8414
f 8447 8414 8455
f 8455 8414 8417
f 8455 8417 8461
f 8461 8417 8419
f 8461 8419 8421
f 8469 8439 8470
f 8470 8439 8440
f 8470 8440 8471
f 8471 8440 8441
f 8471 8441 8472
f 8472 8441 8442
f 8472 8442 8473
f 8473 8442 8443
f 8474 8469 8475
f 8475 8469 8470
f 8475 8470 8476
f 8476 8470 8471
f 8476 8471 8477
f 8477 8471 8472
f 8477 8472 8478
f 8478 8472 8473
f 8479 8474 8480
f 8480 8474 8475
f 8480 8475 8481
f 8481 8475 8476
f 8481 8476 8482
f 8482 8476 8477
f 8482 8477 8483
f 8483 8477 8478
f 8484 8479 8485
f 8485 8479 8480
f 8485 8480 8486
f 8486 8480 8481
f 8486 8481 8487
f 8487 8481 8482
f 8487 8482 8488
f 8488 8482 8483
f 8454 8489 8456
f 8456 8489 8490
f 8491 8444 8492
f 8492 8444 8446
f 8490 8493 8456
f 8456 8493 8492
f 8456 8492 8457
f 8457 8492 8446
f 8494 8489 8454
f 8451 8450 8495
f 8454 8452 8494
f 8494 8452 8451
f 8494 8451 8496
f 8496 8451 8495
f 8450 8449 8495
f 8495 8449 8497
f 8462 8498 8463
f 8463 8498 8499
f 8449 8458 8497
f 8497 8458 8463
f 8497 8463 8500
f 8500 8463 8499
f 8501 8502 8503
f 8504 8505 8502
f 8505 8504 8506
f 8506 8504 8507
f 8507 8504 8508
f 8507 8508 8509
f 8509 8508 8510
f 8510 8508 8511
f 8510 8511 8512
f 8512 8511 8513
f 8512 8513 8514
f 8515 8516 8513
f 8513 8516 8517
f 8513 8517 8514
f 8511 8486 8513
f 8513 8486 8487
f 8513 8487 8515
f 8515 8487 8488
f 8502 8501 8504
f 8504 8501 8518
f 8504 8518 8508
f 8508 8518 8519
f 8508 8519 8511
f 8511 8519 8485
f 8511 8485 8486
f 8503 8520 8501
f 8501 8520 8521
f 8501 8521 8518
f 8518 8521 8522
f 8518 8522 8519
f 8519 8522 8484
f 8519 8484 8485
f 8497 8500 8523
f 8523 8500 8499
f 8495 8497 8524
f 8495 8524 8496
f 8496 8524 8525
f 8496 8525 8494
f 8494 8525 8489
f 8489 8525 8526
f 8489 8526 8490
f 8490 8526 8527
f 8490 8527 8493
f 8493 8527 8492
f 8492 8527 8528
f 8492 8528 8491
f 8526 8529 8527
f 8527 8529 8530
f 8527 8530 8528
f 8528 8530 8531
f 8532 8533 8534
f 8497 8523 8524
f 8524 8523 8535
f 8524 8535 8525
f 8525 8535 8534
f 8525 8534 8526
f 8526 8534 8533
f 8526 8533 8529
f 8532 8534 8536
f 8536 8534 8535
f 8536 8535 8537
f 8537 8535 8523
f 8537 8523 8538
f 8538 8523 8499
f 8538 8499 8498
f 8506 8539 8540
f 8506 8540 8505
f 8505 8540 8541
f 8505 8541 8502
f 8502 8541 8542
f 8502 8542 8503
f 8539 8506 8543
f 8543 8506 8507
f 8543 8507 8544
f 8544 8507 8509
f 8544 8509 8510
f 8514 8544 8512
f 8512 8544 8510
f 8545 8516 8546
f 8546 8516 8547
f 8514 8517 8544
f 8544 8517 8516
f 8544 8516 8548
f 8548 8516 8545
f 8549 8550 8551
f 8551 8550 8552
f 8551 8552 8553
f 8553 8552 8554
f 8553 8554 8555
f 8555 8554 8556
f 8555 8556 8557
f 8557 8556 8558
f 8559 8549 8560
f 8560 8549 8551
f 8560 8551 8561
f 8561 8551 8553
f 8561 8553 8562
f 8562 8553 8555
f 8562 8555 8563
f 8563 8555 8557
f 8564 8559 8565
f 8565 8559 8560
f 8565 8560 8566
f 8566 8560 8561
f 8566 8561 8567
f 8567 8561 8562
f 8567 8562 8568
f 8568 8562 8563
f 8532 8564 8533
f 8533 8564 8565
f 8533 8565 8529
f 8529 8565 8566
f 8529 8566 8530
f 8530 8566 8567
f 8530 8567 8531
f 8531 8567 8568
f 8569 8570 8571
f 8572 8573 8574
f 8575 8542 8541
f 8544 8548 8569
f 8569 8548 8545
f 8569 8545 8570
f 8570 8545 8546
f 8570 8546 8547
f 8544 8576 8543
f 8543 8576 8539
f 8539 8576 8540
f 8540 8576 8577
f 8540 8577 8541
f 8541 8577 8578
f 8541 8578 8575
f 8574 8579 8580
f 8580 8579 8581
f 8582 8581 8583
f 8583 8581 8579
f 8583 8579 8584
f 8584 8579 8585
f 8574 8573 8579
f 8579 8573 8586
f 8579 8586 8585
f 8571 8572 8569
f 8569 8572 8574
f 8569 8574 8544
f 8544 8574 8580
f 8544 8580 8576
f 8576 8580 8581
f 8576 8581 8577
f 8577 8581 8582
f 8577 8582 8578
f 8550 8587 8552
f 8552 8587 8588
f 8552 8588 8554
f 8554 8588 8589
f 8554 8589 8556
f 8556 8589 8590
f 8556 8590 8558
f 8558 8590 8591
f 8572 8571 8592
f 8573 8572 8593
f 8586 8573 8594
f 8585 8586 8595
f 8572 8592 8593
f 8593 8592 8596
f 8593 8596 8597
f 8597 8596 8598
f 8597 8598 8599
f 8599 8598 8600
f 8599 8600 8601
f 8601 8600 8602
f 8601 8602 8603
f 8573 8593 8594
f 8594 8593 8597
f 8594 8597 8604
f 8604 8597 8599
f 8604 8599 8605
f 8605 8599 8601
f 8605 8601 8606
f 8606 8601 8603
f 8606 8603 8607
f 8586 8594 8595
f 8595 8594 8604
f 8595 8604 8608
f 8608 8604 8605
f 8608 8605 8609
f 8609 8605 8606
f 8609 8606 8610
f 8610 8606 8607
f 8610 8607 8611
f 8585 8595 8612
f 8612 8595 8608
f 8612 8608 8613
f 8613 8608 8609
f 8613 8609 8614
f 8614 8609 8610
f 8614 8610 8615
f 8615 8610 8611
f 8615 8611 8616
f 8587 8617 8588
f 8588 8617 8618
f 8588 8618 8589
f 8589 8618 8619
f 8589 8619 8590
f 8590 8619 8620
f 8590 8620 8591
f 8591 8620 8621
f 8622 8616 8623
f 8623 8616 8611
f 8623 8611 8624
f 8624 8611 8607
f 8624 8607 8625
f 8625 8607 8603
f 8625 8603 8626
f 8626 8603 8602
f 8627 8628 8629
f 8630 8627 8631
f 8632 8630 8633
f 8634 8632 8635
f 8627 8629 8631
f 8631 8629 8636
f 8631 8636 8637
f 8637 8636 8638
f 8637 8638 8639
f 8639 8638 8640
f 8639 8640 8641
f 8641 8640 8621
f 8641 8621 8620
f 8630 8631 8633
f 8633 8631 8637
f 8633 8637 8642
f 8642 8637 8639
f 8642 8639 8643
f 8643 8639 8641
f 8643 8641 8644
f 8644 8641 8620
f 8644 8620 8619
f 8632 8633 8635
f 8635 8633 8642
f 8635 8642 8645
f 8645 8642 8643
f 8645 8643 8646
f 8646 8643 8644
f 8646 8644 8647
f 8647 8644 8619
f 8647 8619 8618
f 8634 8635 8648
f 8648 8635 8645
f 8648 8645 8649
f 8649 8645 8646
f 8649 8646 8650
f 8650 8646 8647
f 8650 8647 8651
f 8651 8647 8618
f 8651 8618 8617
f 8652 8622 8653
f 8653 8622 8623
f 8653 8623 8654
f 8654 8623 8624
f 8654 8624 8655
f 8655 8624 8625
f 8655 8625 8656
f 8656 8625 8626
f 8657 8658 8659
f 8659 8658 8660
f 8661 8662 8663
f 8663 8664 8661
f 8661 8664 8665
f 8661 8665 8666
f 8666 8665 8667
f 8666 8667 8668
f 8668 8667 8669
f 8668 8669 8660
f 8660 8669 8670
f 8660 8670 8659
f 8671 8662 8672
f 8672 8662 8661
f 8672 8661 8673
f 8673 8661 8666
f 8673 8666 8674
f 8674 8666 8668
f 8675 8676 8677
f 8677 8676 8671
f 8677 8671 8678
f 8678 8671 8672
f 8678 8672 8679
f 8679 8672 8673
f 8679 8673 8680
f 8680 8673 8674
f 8680 8674 8681
f 8681 8674 8634
f 8658 8628 8660
f 8660 8628 8627
f 8660 8627 8668
f 8668 8627 8630
f 8668 8630 8674
f 8674 8630 8632
f 8674 8632 8634
f 8682 8652 8683
f 8683 8652 8653
f 8683 8653 8684
f 8684 8653 8654
f 8684 8654 8685
f 8685 8654 8655
f 8685 8655 8686
f 8686 8655 8656
f 8687 8682 8688
f 8688 8682 8683
f 8688 8683 8689
f 8689 8683 8684
f 8689 8684 8690
f 8690 8684 8685
f 8690 8685 8691
f 8691 8685 8686
f 8692 8687 8693
f 8693 8687 8688
f 8693 8688 8694
f 8694 8688 8689
f 8694 8689 8695
f 8695 8689 8690
f 8695 8690 8696
f 8696 8690 8691
f 8697 8692 8698
f 8698 8692 8693
f 8698 8693 8699
f 8699 8693 8694
f 8699 8694 8700
f 8700 8694 8695
f 8700 8695 8701
f 8701 8695 8696
f 8667 8702 8669
f 8669 8702 8703
f 8704 8657 8705
f 8705 8657 8659
f 8703 8706 8669
f 8669 8706 8705
f 8669 8705 8670
f 8670 8705 8659
f 8707 8702 8667
f 8664 8663 8708
f 8667 8665 8707
f 8707 8665 8664
f 8707 8664 8709
f 8709 8664 8708
f 8663 8662 8708
f 8708 8662 8710
f 8675 8711 8676
f 8676 8711 8712
f 8662 8671 8710
f 8710 8671 8676
f 8710 8676 8713
f 8713 8676 8712
f 8714 8715 8716
f 8717 8718 8715
f 8718 8717 8719
f 8719 8717 8720
f 8720 8717 8721
f 8720 8721 8722
f 8722 8721 8723
f 8723 8721 8724
f 8723 8724 8725
f 8725 8724 8726
f 8725 8726 8727
f 8728 8729 8726
f 8726 8729 8730
f 8726 8730 8727
f 8724 8699 8726
f 8726 8699 8700
f 8726 8700 8728
f 8728 8700 8701
f 8715 8714 8717
f 8717 8714 8731
f 8717 8731 8721
f 8721 8731 8732
f 8721 8732 8724
f 8724 8732 8698
f 8724 8698 8699
f 8716 8733 8714
f 8714 8733 8734
f 8714 8734 8731
f 8731 8734 8735
f 8731 8735 8732
f 8732 8735 8697
f 8732 8697 8698
f 8710 8713 8736
f 8736 8713 8712
f 8708 8710 8737
f 8708 8737 8709
f 8709 8737 8738
f 8709 8738 8707
f 8707 8738 8702
f 8702 8738 8739
f 8702 8739 8703
f 8703 8739 8740
f 8703 8740 8706
f 8706 8740 8705
f 8705 8740 8741
f 8705 8741 8704
f 8739 8742 8740
f 8740 8742 8743
f 8740 8743 8741
f 8741 8743 8744
f 8745 8746 8747
f 8710 8736 8737
f 8737 8736 8748
f 8737 8748 8738
f 8738 8748 8747
f 8738 8747 8739
f 8739 8747 8746
f 8739 8746 8742
f 8745 8747 8749
f 8749 8747 8748
f 8749 8748 8750
f 8750 8748 8736
f 8750 8736 8751
f 8751 8736 8712
f 8751 8712 8711
f 8719 8752 8753
f 8719 8753 8718
f 8718 8753 8754
f 8718 8754 8715
f 8715 8754 8755
f 8715 8755 8716
f 8752 8719 8756
f 8756 8719 8720
f 8756 8720 8757
f 8757 8720 8722
f 8757 8722 8723
f 8727 8757 8725
f 8725 8757 8723
f 8758 8729 8759
f 8759 8729 8760
f 8727 8730 8757
f 8757 8730 8729
f 8757 8729 8761
f 8761 8729 8758
f 8762 8763 8764
f 8764 8763 8765
f 8764 8765 8766
f 8766 8765 8767
f 8766 8767 8768
f 8768 8767 8769
f 8768 8769 8770
f 8770 8769 8771
f 8772 8762 8773
f 8773 8762 8764
f 8773 8764 8774
f 8774 8764 8766
f 8774 8766 8775
f 8775 8766 8768
f 8775 8768 8776
f 8776 8768 8770
f 8777 8772 8778
f 8778 8772 8773
f 8778 8773 8779
f 8779 8773 8774
f 8779 8774 8780
f 8780 8774 8775
f 8780 8775 8781
f 8781 8775 8776
f 8745 8777 8746
f 8746 8777 8778
f 8746 8778 8742
f 8742 8778 8779
f 8742 8779 8743
f 8743 8779 8780
f 8743 8780 8744
f 8744 8780 8781
f 8782 8783 8784
f 8785 8786 8787
f 8788 8755 8754
f 8757 8761 8782
f 8782 8761 8758
f 8782 8758 8783
f 8783 8758 8759
f 8783 8759 8760
f 8757 8789 8756
f 8756 8789 8752
f 8752 8789 8753
f 8753 8789 8790
f 8753 8790 8754
f 8754 8790 8791
f 8754 8791 8788
f 8787 8792 8793
f 8793 8792 8794
f 8795 8794 8796
f 8796 8794 8792
f 8796 8792 8797
f 8797 8792 8798
f 8787 8786 8792
f 8792 8786 8799
f 8792 8799 8798
f 8784 8785 8782
f 8782 8785 8787
f 8782 8787 8757
f 8757 8787 8793
f 8757 8793 8789
f 8789 8793 8794
f 8789 8794 8790
f 8790 8794 8795
f 8790 8795 8791
f 8763 8800 8765
f 8765 8800 8801
f 8765 8801 8767
f 8767 8801 8802
f 8767 8802 8769
f 8769 8802 8803
f 8769 8803 8771
f 8771 8803 8804
f 8785 8784 8805
f 8786 8785 8806
f 8799 8786 8807
f 8798 8799 8808
f 8785 8805 8806
f 8806 8805 8809
f 8806 8809 8810
f 8810 8809 8811
f 8810 8811 8812
f 8812 8811 8813
f 8812 8813 8814
f 8814 8813 8815
f 8814 8815 8816
f 8786 8806 8807
f 8807 8806 8810
f 8807 8810 8817
f 8817 8810 8812
f 8817 8812 8818
f 8818 8812 8814
f 8818 8814 8819
f 8819 8814 8816
f 8819 8816 8820
f 8799 8807 8808
f 8808 8807 8817
f 8808 8817 8821
f 8821 8817 8818
f 8821 8818 8822
f 8822 8818 8819
f 8822 8819 8823
f 8823 8819 8820
f 8823 8820 8824
f 8798 8808 8825
f 8825 8808 8821
f 8825 8821 8826
f 8826 8821 8822
f 8826 8822 8827
f 8827 8822 8823
f 8827 8823 8828
f 8828 8823 8824
f 8828 8824 8829
f 8800 8830 8801
f 8801 8830 8831
f 8801 8831 8802
f 8802 8831 8832
f 8802 8832 8803
f 8803 8832 8833
f 8803 8833 8804
f 8804 8833 8834
f 8835 8829 8836
f 8836 8829 8824
f 8836 8824 8837
f 8837 8824 8820
f 8837 8820 8838
f 8838 8820 8816
f 8838 8816 8839
f 8839 8816 8815
f 8840 8841 8842
f 8843 8840 8844
f 8845 8843 8846
f 8847 8845 8848
f 8840 8842 8844
f 8844 8842 8849
f 8844 8849 8850
f 8850 8849 8851
f 8850 8851 8852
f 8852 8851 8853
f 8852 8853 8854
f 8854 8853 8834
f 8854 8834 8833
f 8843 8844 8846
f 8846 8844 8850
f 8846 8850 8855
f 8855 8850 8852
f 8855 8852 8856
f 8856 8852 8854
f 8856 8854 8857
f 8857 8854 8833
f 8857 8833 8832
f 8845 8846 8848
f 8848 8846 8855
f 8848 8855 8858
f 8858 8855 8856
f 8858 8856 8859
f 8859 8856 8857
f 8859 8857 8860
f 8860 8857 8832
f 8860 8832 8831
f 8847 8848 8861
f 8861 8848 8858
f 8861 8858 8862
f 8862 8858 8859
f 8862 8859 8863
f 8863 8859 8860
f 8863 8860 8864
f 8864 8860 8831
f 8864 8831 8830
f 8865 8835 8866
f 8866 8835 8836
f 8866 8836 8867
f 8867 8836 8837
f 8867 8837 8868
f 8868 8837 8838
f 8868 8838 8869
f 8869 8838 8839
f 8870 8871 8872
f 8872 8871 8873
f 8874 8875 8876
f 8876 8877 8874
f 8874 8877 8878
f 8874 8878 8879
f 8879 8878 8880
f 8879 8880 8881
f 8881 8880 8882
f 8881 8882 8873
f 8873 8882 8883
f 8873 8883 8872
f 8884 8875 8885
f 8885 8875 8874
f 8885 8874 8886
f 8886 8874 8879
f 8886 8879 8887
f 8887 8879 8881
f 8888 8889 8890
f 8890 8889 8884
f 8890 8884 8891
f 8891 8884 8885
f 8891 8885 8892
f 8892 8885 8886
f 8892 8886 8893
f 8893 8886 8887
f 8893 8887 8894
f 8894 8887 8847
f 8871 8841 8873
f 8873 8841 8840
f 8873 8840 8881
f 8881 8840 8843
f 8881 8843 8887
f 8887 8843 8845
f 8887 8845 8847
f 8895 8865 8896
f 8896 8865 8866
f 8896 8866 8897
f 8897 8866 8867
f 8897 8867 8898
f 8898 8867 8868
f 8898 8868 8899
f 8899 8868 8869
f 8900 8895 8901
f 8901 8895 8896
f 8901 8896 8902
f 8902 8896 8897
f 8902 8897 8903
f 8903 8897 8898
f 8903 8898 8904
f 8904 8898 8899
f 8905 8900 8906
f 8906 8900 8901
f 8906 8901 8907
f 8907 8901 8902
f 8907 8902 8908
f 8908 8902 8903
f 8908 8903 8909
f 8909 8903 8904
f 8910 8905 8911
f 8911 8905 8906
f 8911 8906 8912
f 8912 8906 8907
f 8912 8907 8913
f 8913 8907 8908
f 8913 8908 8914
f 8914 8908 8909
f 8880 8915 8882
f 8882 8915 8916
f 8917 8870 8918
f 8918 8870 8872
f 8916 8919 8882
f 8882 8919 8918
f 8882 8918 8883
f 8883 8918 8872
f 8920 8915 8880
f 8877 8876 8921
f 8880 8878 8920
f 8920 8878 8877
f 8920 8877 8922
f 8922 8877 8921
f 8876 8875 8921
f 8921 8875 8923
f 8888 8924 8889
f 8889 8924 8925
f 8875 8884 8923
f 8923 8884 8889
f 8923 8889 8926
f 8926 8889 8925
f 8927 8928 8929
f 8930 8931 8928
f 8931 8930 8932
f 8932 8930 8933
f 8933 8930 8934
f 8933 8934 8935
f 8935 8934 8936
f 8936 8934 8937
f 8936 8937 8938
f 8938 8937 8939
f 8938 8939 8940
f 8941 8942 8939
f 8939 8942 8943
f 8939 8943 8940
f 8937 8912 8939
f 8939 8912 8913
f 8939 8913 8941
f 8941 8913 8914
f 8928 8927 8930
f 8930 8927 8944
f 8930 8944 8934
f 8934 8944 8945
f 8934 8945 8937
f 8937 8945 8911
f 8937 8911 8912
f 8929 8946 8927
f 8927 8946 8947
f 8927 8947 8944
f 8944 8947 8948
f 8944 8948 8945
f 8945 8948 8910
f 8945 8910 8911
f 8923 8926 8949
f 8949 8926 8925
f 8921 8923 8950
f 8921 8950 8922
f 8922 8950 8951
f 8922 8951 8920
f 8920 8951 8915
f 8915 8951 8952
f 8915 8952 8916
f 8916 8952 8953
f 8916 8953 8919
f 8919 8953 8918
f 8918 8953 8954
f 8918 8954 8917
f 8952 8955 8953
f 8953 8955 8956
f 8953 8956 8954
f 8954 8956 8957
f 8958 8959 8960
f 8923 8949 8950
f 8950 8949 8961
f 8950 8961 8951
f 8951 8961 8960
f 8951 8960 8952
f 8952 8960 8959
f 8952 8959 8955
f 8958 8960 8962
f 8962 8960 8961
f 8962 8961 8963
f 8963 8961 8949
f 8963 8949 8964
f 8964 8949 8925
f 8964 8925 8924
f 8932 8965 8966
f 8932 8966 8931
f 8931 8966 8967
f 8931 8967 8928
f 8928 8967 8968
f 8928 8968 8929
f 8965 8932 8969
f 8969 8932 8933
f 8969 8933 8970
f 8970 8933 8935
f 8970 8935 8936
f 8940 8970 8938
f 8938 8970 8936
f 8971 8942 8972
f 8972 8942 8973
f 8940 8943 8970
f 8970 8943 8942
f 8970 8942 8974
f 8974 8942 8971
f 8975 8976 8977
f 8977 8976 8978
f 8977 8978 8979
f 8979 8978 8980
f 8979 8980 8981
f 8981 8980 8982
f 8981 8982 8983
f 8983 8982 8984
f 8985 8975 8986
f 8986 8975 8977
f 8986 8977 8987
f 8987 8977 8979
f 8987 8979 8988
f 8988 8979 8981
f 8988 8981 8989
f 8989 8981 8983
f 8990 8985 8991
f 8991 8985 8986
f 8991 8986 8992
f 8992 8986 8987
f 8992 8987 8993
f 8993 8987 8988
f 8993 8988 8994
f 8994 8988 8989
f 8958 8990 8959
f 8959 8990 8991
f 8959 8991 8955
f 8955 8991 8992
f 8955 8992 8956
f 8956 8992 8993
f 8956 8993 8957
f 8957 8993 8994
f 8995 8996 8997
f 8998 8999 9000
f 9001 8968 8967
f 8970 8974 8995
f 8995 8974 8971
f 8995 8971 8996
f 8996 8971 8972
f 8996 8972 8973
f 8970 9002 8969
f 8969 9002 8965
f 8965 9002 8966
f 8966 9002 9003
f 8966 9003 8967
f 8967 9003 9004
f 8967 9004 9001
f 9000 9005 9006
f 9006 9005 9007
f 9008 9007 9009
f 9009 9007 9005
f 9009 9005 9010
f 9010 9005 9011
f 9000 8999 9005
f 9005 8999 9012
f 9005 9012 9011
f 8997 8998 8995
f 8995 8998 9000
f 8995 9000 8970
f 8970 9000 9006
f 8970 9006 9002
f 9002 9006 9007
f 9002 9007 9003
f 9003 9007 9008
f 9003 9008 9004
f 8976 9013 8978
f 8978 9013 9014
f 8978 9014 8980
f 8980 9014 9015
f 8980 9015 8982
f 8982 9015 9016
f 8982 9016 8984
f 8984 9016 9017
f 8998 8997 9018
f 8999 8998 9019
f 9012 8999 9020
f 9011 9012 9021
f 8998 9018 9019
f 9019 9018 9022
f 9019 9022 9023
f 9023 9022 9024
f 9023 9024 9025
f 9025 9024 9026
f 9025 9026 9027
f 9027 9026 9028
f 9027 9028 9029
f 8999 9019 9020
f 9020 9019 9023
f 9020 9023 9030
f 9030 9023 9025
f 9030 9025 9031
f 9031 9025 9027
f 9031 9027 9032
f 9032 9027 9029
f 9032 9029 9033
f 9012 9020 9021
f 9021 9020 9030
f 9021 9030 9034
f 9034 9030 9031
f 9034 9031 9035
f 9035 9031 9032
f 9035 9032 9036
f 9036 9032 9033
f 9036 9033 9037
f 9011 9021 9038
f 9038 9021 9034
f 9038 9034 9039
f 9039 9034 9035
f 9039 9035 9040
f 9040 9035 9036
f 9040 9036 9041
f 9041 9036 9037
f 9041 9037 9042
f 9013 9043 9014
f 9014 9043 9044
f 9014 9044 9015
f 9015 9044 9045
f 9015 9045 9016
f 9016 9045 9046
f 9016 9046 9017
f 9017 9046 9047
f 9048 9042 9049
f 9049 9042 9037
f 9049 9037 9050
f 9050 9037 9033
f 9050 9033 9051
f 9051 9033 9029
f 9051 9029 9052
f 9052 9029 9028
f 9053 9054 9055
f 9056 9053 9057
f 9058 9056 9059
f 9060 9058 9061
f 9053 9055 9057
f 9057 9055 9062
f 9057 9062 9063
f 9063 9062 9064
f 9063 9064 9065
f 9065 9064 9066
f 9065 9066 9067
f 9067 9066 9047
f 9067 9047 9046
f 9056 9057 9059
f 9059 9057 9063
f 9059 9063 9068
f 9068 9063 9065
f 9068 9065 9069
f 9069 9065 9067
f 9069 9067 9070
f 9070 9067 9046
f 9070 9046 9045
f 9058 9059 9061
f 9061 9059 9068
f 9061 9068 9071
f 9071 9068 9069
f 9071 9069 9072
f 9072 9069 9070
f 9072 9070 9073
f 9073 9070 9045
f 9073 9045 9044
f 9060 9061 9074
f 9074 9061 9071
f 9074 9071 9075
f 9075 9071 9072
f 9075 9072 9076
f 9076 9072 9073
f 9076 9073 9077
f 9077 9073 9044
f 9077 9044 9043
f 9078 9048 9079
f 9079 9048 9049
f 9079 9049 9080
f 9080 9049 9050
f 9080 9050 9081
f 9081 9050 9051
f 9081 9051 9082
f 9082 9051 9052
f 9083 9084 9085
f 9085 9084 9086
f 9087 9088 9089
f 9089 9090 9087
f 9087 9090 9091
f 9087 9091 9092
f 9092 9091 9093
f 9092 9093 9094
f 9094 9093 9095
f 9094 9095 9086
f 9086 9095 9096
f 9086 9096 9085
f 9097 9088 9098
f 9098 9088 9087
f 9098 9087 9099
f 9099 9087 9092
f 9099 9092 9100
f 9100 9092 9094
f 9101 9102 9103
f 9103 9102 9097
f 9103 9097 9104
f 9104 9097 9098
f 9104 9098 9105
f 9105 9098 9099
f 9105 9099 9106
f 9106 9099 9100
f 9106 9100 9107
f 9107 9100 9060
f 9084 9054 9086
f 9086 9054 9053
f 9086 9053 9094
f 9094 9053 9056
f 9094 9056 9100
f 9100 9056 9058
f 9100 9058 9060
f 9108 9078 9109
f 9109 9078 9079
f 9109 9079 9110
f 9110 9079 9080
f 9110 9080 9111
f 9111 9080 9081
f 9111 9081 9112
f 9112 9081 9082
f 9113 9108 9114
f 9114 9108 9109
f 9114 9109 9115
f 9115 9109 9110
f 9115 9110 9116
f 9116 9110 9111
f 9116 9111 9117
f 9117 9111 9112
f 9118 9113 9119
f 9119 9113 9114
f 9119 9114 9120
f 9120 9114 9115
f 9120 9115 9121
f 9121 9115 9116
f 9121 9116 9122
f 9122 9116 9117
f 9123 9118 9124
f 9124 9118 9119
f 9124 9119 9125
f 9125 9119 9120
f 9125 9120 9126
f 9126 9120 9121
f 9126 9121 9127
f 9127 9121 9122
f 9128 9129 9130
f 9093 9131 9095
f 9095 9131 9132
f 9095 9132 9096
f 9132 9128 9096
f 9096 9128 9130
f 9096 9130 9085
f 9085 9130 9083
f 9133 9134 9131
f 9131 9134 9135
f 9131 9135 9136
f 9089 9133 9090
f 9090 9133 9131
f 9090 9131 9091
f 9091 9131 9093
f 9089 9088 9133
f 9133 9088 9137
f 9101 9138 9102
f 9102 9138 9139
f 9088 9097 9137
f 9137 9097 9102
f 9137 9102 9140
f 9140 9102 9139
f 9141 9142 9143
f 9144 9145 9142
f 9145 9144 9146
f 9146 9144 9147
f 9147 9144 9148
f 9147 9148 9149
f 9149 9148 9150
f 9150 9148 9151
f 9150 9151 9152
f 9152 9151 9153
f 9152 9153 9154
f 9155 9156 9153
f 9153 9156 9157
f 9153 9157 9154
f 9151 9125 9153
f 9153 9125 9126
f 9153 9126 9155
f 9155 9126 9127
f 9142 9141 9144
f 9144 9141 9158
f 9144 9158 9148
f 9148 9158 9159
f 9148 9159 9151
f 9151 9159 9124
f 9151 9124 9125
f 9143 9160 9141
f 9141 9160 9161
f 9141 9161 9158
f 9158 9161 9162
f 9158 9162 9159
f 9159 9162 9123
f 9159 9123 9124
f 9137 9140 9163
f 9163 9140 9139
f 9133 9137 9164
f 9133 9164 9134
f 9134 9164 9165
f 9134 9165 9135
f 9135 9165 9136
f 9136 9165 9166
f 9136 9166 9167
f 9167 9166 9168
f 9167 9168 9132
f 9132 9168 9128
f 9128 9168 9169
f 9128 9169 9129
f 9166 9170 9168
f 9168 9170 9171
f 9168 9171 9169
f 9169 9171 9172
f 9173 9174 9175
f 9137 9163 9164
f 9164 9163 9176
f 9164 9176 9165
f 9165 9176 9175
f 9165 9175 9166
f 9166 9175 9174
f 9166 9174 9170
f 9173 9175 9177
f 9177 9175 9176
f 9177 9176 9178
f 9178 9176 9163
f 9178 9163 9179
f 9179 9163 9139
f 9179 9139 9138
f 9146 9180 9181
f 9146 9181 9145
f 9145 9181 9182
f 9145 9182 9142
f 9142 9182 9183
f 9142 9183 9143
f 9180 9146 9184
f 9184 9146 9147
f 9184 9147 9185
f 9185 9147 9149
f 9185 9149 9150
f 9154 9185 9152
f 9152 9185 9150
f 9186 9156 9187
f 9187 9156 9188
f 9154 9157 9185
f 9185 9157 9156
f 9185 9156 9189
f 9189 9156 9186
f 9190 9191 9192
f 9192 9191 9193
f 9192 9193 9194
f 9194 9193 9195
f 9194 9195 9196
f 9196 9195 9197
f 9196 9197 9198
f 9198 9197 9199
f 9200 9190 9201
f 9201 9190 9192
f 9201 9192 9202
f 9202 9192 9194
f 9202 9194 9203
f 9203 9194 9196
f 9203 9196 9204
f 9204 9196 9198
f 9205 9200 9206
f 9206 9200 9201
f 9206 9201 9207
f 9207 9201 9202
f 9207 9202 9208
f 9208 9202 9203
f 9208 9203 9209
f 9209 9203 9204
f 9173 9205 9174
f 9174 9205 9206
f 9174 9206 9170
f 9170 9206 9207
f 9170 9207 9171
f 9171 9207 9208
f 9171 9208 9172
f 9172 9208 9209
f 9210 9211 9212
f 9213 9214 9215
f 9216 9183 9182
f 9185 9189 9210
f 9210 9189 9186
f 9210 9186 9211
f 9211 9186 9187
f 9211 9187 9188
f 9185 9217 9184
f 9184 9217 9180
f 9180 9217 9181
f 9181 9217 9218
f 9181 9218 9182
f 9182 9218 9219
f 9182 9219 9216
f 9215 9220 9221
f 9221 9220 9222
f 9223 9222 9224
f 9224 9222 9220
f 9224 9220 9225
f 9225 9220 9226
f 9215 9214 9220
f 9220 9214 9227
f 9220 9227 9226
f 9212 9213 9210
f 9210 9213 9215
f 9210 9215 9185
f 9185 9215 9221
f 9185 9221 9217
f 9217 9221 9222
f 9217 9222 9218
f 9218 9222 9223
f 9218 9223 9219
f 9191 9228 9193
f 9193 9228 9229
f 9193 9229 9195
f 9195 9229 9230
f 9195 9230 9197
f 9197 9230 9231
f 9197 9231 9199
f 9199 9231 9232
f 9213 9212 9233
f 9214 9213 9234
f 9227 9214 9235
f 9226 9227 9236
f 9213 9233 9234
f 9234 9233 9237
f 9234 9237 9238
f 9238 9237 9239
f 9238 9239 9240
f 9240 9239 9241
f 9240 9241 9242
f 9242 9241 9243
f 9242 9243 9244
f 9214 9234 9235
f 9235 9234 9238
f 9235 9238 9245
f 9245 9238 9240
f 9245 9240 9246
f 9246 9240 9242
f 9246 9242 9247
f 9247 9242 9244
f 9247 9244 9248
f 9227 9235 9236
f 9236 9235 9245
f 9236 9245 9249
f 9249 9245 9246
f 9249 9246 9250
f 9250 9246 9247
f 9250 9247 9251
f 9251 9247 9248
f 9251 9248 9252
f 9226 9236 9253
f 9253 9236 9249
f 9253 9249 9254
f 9254 9249 9250
f 9254 9250 9255
f 9255 9250 9251
f 9255 9251 9256
f 9256 9251 9252
f 9256 9252 9257
f 9228 9258 9229
f 9229 9258 9259
f 9229 9259 9230
f 9230 9259 9260
f 9230 9260 9231
f 9231 9260 9261
f 9231 9261 9232
f 9232 9261 9262
f 9263 9257 9264
f 9264 9257 9252
f 9264 9252 9265
f 9265 9252 9248
f 9265 9248 9266
f 9266 9248 9244
f 9266 9244 9267
f 9267 9244 9243
f 9268 9269 9270
f 9271 9268 9272
f 9273 9271 9274
f 9275 9273 9276
f 9268 9270 9272
f 9272 9270 9277
f 9272 9277 9278
f 9278 9277 9279
f 9278 9279 9280
f 9280 9279 9281
f 9280 9281 9282
f 9282 9281 9262
f 9282 9262 9261
f 9271 9272 9274
f 9274 9272 9278
f 9274 9278 9283
f 9283 9278 9280
f 9283 9280 9284
f 9284 9280 9282
f 9284 9282 9285
f 9285 9282 9261
f 9285 9261 9260
f 9273 9274 9276
f 9276 9274 9283
f 9276 9283 9286
f 9286 9283 9284
f 9286 9284 9287
f 9287 9284 9285
f 9287 9285 9288
f 9288 9285 9260
f 9288 9260 9259
f 9275 9276 9289
f 9289 9276 9286
f 9289 9286 9290
f 9290 9286 9287
f 9290 9287 9291
f 9291 9287 9288
f 9291 9288 9292
f 9292 9288 9259
f 9292 9259 9258
f 9293 9263 9294
f 9294 9263 9264
f 9294 9264 9295
f 9295 9264 9265
f 9295 9265 9296
f 9296 9265 9266
f 9296 9266 9297
f 9297 9266 9267
f 9298 9299 9300
f 9300 9299 9301
f 9302 9303 9304
f 9304 9305 9302
f 9302 9305 9306
f 9302 9306 9307
f 9307 9306 9308
f 9307 9308 9309
f 9309 9308 9310
f 9309 9310 9301
f 9301 9310 9311
f 9301 9311 9300
f 9312 9303 9313
f 9313 9303 9302
f 9313 9302 9314
f 9314 9302 9307
f 9314 9307 9315
f 9315 9307 9309
f 9316 9317 9318
f 9318 9317 9312
f 9318 9312 9319
f 9319 9312 9313
f 9319 9313 9320
f 9320 9313 9314
f 9320 9314 9321
f 9321 9314 9315
f 9321 9315 9322
f 9322 9315 9275
f 9299 9269 9301
f 9301 9269 9268
f 9301 9268 9309
f 9309 9268 9271
f 9309 9271 9315
f 9315 9271 9273
f 9315 9273 9275
f 9323 9293 9324
f 9324 9293 9294
f 9324 9294 9325
f 9325 9294 9295
f 9325 9295 9326
f 9326 9295 9296
f 9326 9296 9327
f 9327 9296 9297
f 9328 9323 9329
f 9329 9323 9324
f 9329 9324 9330
f 9330 9324 9325
f 9330 9325 9331
f 9331 9325 9326
f 9331 9326 9332
f 9332 9326 9327
f 9333 9328 9334
f 9334 9328 9329
f 9334 9329 9335
f 9335 9329 9330
f 9335 9330 9336
f 9336 9330 9331
f 9336 9331 9337
f 9337 9331 9332
f 9338 9333 9339
f 9339 9333 9334
f 9339 9334 9340
f 9340 9334 9335
f 9340 9335 9341
f 9341 9335 9336
f 9341 9336 9342
f 9342 9336 9337
f 9308 9343 9310
f 9310 9343 9344
f 9345 9298 9346
f 9346 9298 9300
f 9344 9347 9310
f 9310 9347 9346
f 9310 9346 9311
f 9311 9346 9300
f 9348 9343 9308
f 9305 9304 9349
f 9308 9306 9348
f 9348 9306 9305
f 9348 9305 9350
f 9350 9305 9349
f 9304 9303 9349
f 9349 9303 9351
f 9316 9352 9317
f 9317 9352 9353
f 9303 9312 9351
f 9351 9312 9317
f 9351 9317 9354
f 9354 9317 9353
f 9355 9356 9357
f 9358 9359 9356
f 9359 9358 9360
f 9360 9358 9361
f 9361 9358 9362
f 9361 9362 9363
f 9363 9362 9364
f 9364 9362 9365
f 9364 9365 9366
f 9366 9365 9367
f 9366 9367 9368
f 9369 9370 9367
f 9367 9370 9371
f 9367 9371 9368
f 9365 9340 9367
f 9367 9340 9341
f 9367 9341 9369
f 9369 9341 9342
f 9356 9355 9358
f 9358 9355 9372
f 9358 9372 9362
f 9362 9372 9373
f 9362 9373 9365
f 9365 9373 9339
f 9365 9339 9340
f 9357 9374 9355
f 9355 9374 9375
f 9355 9375 9372
f 9372 9375 9376
f 9372 9376 9373
f 9373 9376 9338
f 9373 9338 9339
f 9351 9354 9377
f 9377 9354 9353
f 9349 9351 9378
f 9349 9378 9350
f 9350 9378 9379
f 9350 9379 9348
f 9348 9379 9343
f 9343 9379 9380
f 9343 9380 9344
f 9344 9380 9381
f 9344 9381 9347
f 9347 9381 9346
f 9346 9381 9382
f 9346 9382 9345
f 9380 9383 9381
f 9381 9383 9384
f 9381 9384 9382
f 9382 9384 9385
f 9386 9387 9388
f 9351 9377 9378
f 9378 9377 9389
f 9378 9389 9379
f 9379 9389 9388
f 9379 9388 9380
f 9380 9388 9387
f 9380 9387 9383
f 9386 9388 9390
f 9390 9388 9389
f 9390 9389 9391
f 9391 9389 9377
f 9391 9377 9392
f 9392 9377 9353
f 9392 9353 9352
f 9360 9393 9394
f 9360 9394 9359
f 9359 9394 9395
f 9359 9395 9356
f 9356 9395 9396
f 9356 9396 9357
f 9393 9360 9397
f 9397 9360 9361
f 9397 9361 9398
f 9398 9361 9363
f 9398 9363 9364
f 9368 9398 9366
f 9366 9398 9364
f 9399 9370 9400
f 9400 9370 9401
f 9368 9371 9398
f 9398 9371 9370
f 9398 9370 9402
f 9402 9370 9399
f 9403 9404 9405
f 9405 9404 9406
f 9405 9406 9407
f 9407 9406 9408
f 9407 9408 9409
f 9409 9408 9410
f 9409 9410 9411
f 9411 9410 9412
f 9413 9403 9414
f 9414 9403 9405
f 9414 9405 9415
f 9415 9405 9407
f 9415 9407 9416
f 9416 9407 9409
f 9416 9409 9417
f 9417 9409 9411
f 9418 9413 9419
f 9419 9413 9414
f 9419 9414 9420
f 9420 9414 9415
f 9420 9415 9421
f 9421 9415 9416
f 9421 9416 9422
f 9422 9416 9417
f 9386 9418 9387
f 9387 9418 9419
f 9387 9419 9383
f 9383 9419 9420
f 9383 9420 9384
f 9384 9420 9421
f 9384 9421 9385
f 9385 9421 9422
f 9423 9424 9425
f 9426 9427 9428
f 9429 9396 9395
f 9398 9402 9423
f 9423 9402 9399
f 9423 9399 9424
f 9424 9399 9400
f 9424 9400 9401
f 9398 9430 9397
f 9397 9430 9393
f 9393 9430 9394
f 9394 9430 9431
f 9394 9431 9395
f 9395 9431 9432
f 9395 9432 9429
f 9428 9433 9434
f 9434 9433 9435
f 9436 9435 9437
f 9437 9435 9433
f 9437 9433 9438
f 9438 9433 9439
f 9428 9427 9433
f 9433 9427 9440
f 9433 9440 9439
f 9425 9426 9423
f 9423 9426 9428
f 9423 9428 9398
f 9398 9428 9434
f 9398 9434 9430
f 9430 9434 9435
f 9430 9435 9431
f 9431 9435 9436
f 9431 9436 9432
f 9404 9441 9406
f 9406 9441 9442
f 9406 9442 9408
f 9408 9442 9443
f 9408 9443 9410
f 9410 9443 9444
f 9410 9444 9412
f 9412 9444 9445
f 9426 9425 9446
f 9427 9426 9447
f 9440 9427 9448
f 9439 9440 9449
f 9426 9446 9447
f 9447 9446 9450
f 9447 9450 9451
f 9451 9450 9452
f 9451 9452 9453
f 9453 9452 9454
f 9453 9454 9455
f 9455 9454 9456
f 9455 9456 9457
f 9427 9447 9448
f 9448 9447 9451
f 9448 9451 9458
f 9458 9451 9453
f 9458 9453 9459
f 9459 9453 9455
f 9459 9455 9460
f 9460 9455 9457
f 9460 9457 9461
f 9440 9448 9449
f 9449 9448 9458
f 9449 9458 9462
f 9462 9458 9459
f 9462 9459 9463
f 9463 9459 9460
f 9463 9460 9464
f 9464 9460 9461
f 9464 9461 9465
f 9439 9449 9466
f 9466 9449 9462
f 9466 9462 9467
f 9467 9462 9463
f 9467 9463 9468
f 9468 9463 9464
f 9468 9464 9469
f 9469 9464 9465
f 9469 9465 9470
f 9441 9471 9442
f 9442 9471 9472
f 9442 9472 9443
f 9443 9472 9473
f 9443 9473 9444
f 9444 9473 9474
f 9444 9474 9445
f 9445 9474 9475
f 9476 9470 9477
f 9477 9470 9465
f 9477 9465 9478
f 9478 9465 9461
f 9478 9461 9479
f 9479 9461 9457
f 9479 9457 9480
f 9480 9457 9456
f 9481 9482 9483
f 9484 9481 9485
f 9486 9484 9487
f 9488 9486 9489
f 9481 9483 9485
f 9485 9483 9490
f 9485 9490 9491
f 9491 9490 9492
f 9491 9492 9493
f 9493 9492 9494
f 9493 9494 9495
f 9495 9494 9475
f 9495 9475 9474
f 9484 9485 9487
f 9487 9485 9491
f 9487 9491 9496
f 9496 9491 9493
f 9496 9493 9497
f 9497 9493 9495
f 9497 9495 9498
f 9498 9495 9474
f 9498 9474 9473
f 9486 9487 9489
f 9489 9487 9496
f 9489 9496 9499
f 9499 9496 9497
f 9499 9497 9500
f 9500 9497 9498
f 9500 9498 9501
f 9501 9498 9473
f 9501 9473 9472
f 9488 9489 9502
f 9502 9489 9499
f 9502 9499 9503
f 9503 9499 9500
f 9503 9500 9504
f 9504 9500 9501
f 9504 9501 9505
f 9505 9501 9472
f 9505 9472 9471
f 9506 9476 9507
f 9507 9476 9477
f 9507 9477 9508
f 9508 9477 9478
f 9508 9478 9509
f 9509 9478 9479
f 9509 9479 9510
f 9510 9479 9480
f 9511 9512 9513
f 9513 9512 9514
f 9515 9516 9517
f 9517 9518 9515
f 9515 9518 9519
f 9515 9519 9520
f 9520 9519 9521
f 9520 9521 9522
f 9522 9521 9523
f 9522 9523 9514
f 9514 9523 9524
f 9514 9524 9513
f 9525 9516 9526
f 9526 9516 9515
f 9526 9515 9527
f 9527 9515 9520
f 9527 9520 9528
f 9528 9520 9522
f 9529 9530 9531
f 9531 9530 9525
f 9531 9525 9532
f 9532 9525 9526
f 9532 9526 9533
f 9533 9526 9527
f 9533 9527 9534
f 9534 9527 9528
f 9534 9528 9535
f 9535 9528 9488
f 9512 9482 9514
f 9514 9482 9481
f 9514 9481 9522
f 9522 9481 9484
f 9522 9484 9528
f 9528 9484 9486
f 9528 9486 9488
f 9536 9506 9537
f 9537 9506 9507
f 9537 9507 9538
f 9538 9507 9508
f 9538 9508 9539
f 9539 9508 9509
f 9539 9509 9540
f 9540 9509 9510
f 9541 9536 9542
f 9542 9536 9537
f 9542 9537 9543
f 9543 9537 9538
f 9543 9538 9544
f 9544 9538 9539
f 9544 9539 9545
f 9545 9539 9540
f 9546 9541 9547
f 9547 9541 9542
f 9547 9542 9548
f 9548 9542 9543
f 9548 9543 9549
f 9549 9543 9544
f 9549 9544 9550
f 9550 9544 9545
f 9551 9546 9552
f 9552 9546 9547
f 9552 9547 9553
f 9553 9547 9548
f 9553 9548 9554
f 9554 9548 9549
f 9554 9549 9555
f 9555 9549 9550
f 9521 9556 9523
f 9523 9556 9557
f 9558 9511 9559
f 9559 9511 9513
f 9557 9560 9523
f 9523 9560 9559
f 9523 9559 9524
f 9524 9559 9513
f 9561 9556 9521
f 9518 9517 9562
f 9521 9519 9561
f 9561 9519 9518
f 9561 9518 9563
f 9563 9518 9562
f 9517 9516 9562
f 9562 9516 9564
f 9529 9565 9530
f 9530 9565 9566
f 9516 9525 9564
f 9564 9525 9530
f 9564 9530 9567
f 9567 9530 9566
f 9568 9569 9570
f 9571 9572 9569
f 9572 9571 9573
f 9573 9571 9574
f 9574 9571 9575
f 9574 9575 9576
f 9576 9575 9577
f 9577 9575 9578
f 9577 9578 9579
f 9579 9578 9580
f 9579 9580 9581
f 9582 9583 9580
f 9580 9583 9584
f 9580 9584 9581
f 9578 9553 9580
f 9580 9553 9554
f 9580 9554 9582
f 9582 9554 9555
f 9569 9568 9571
f 9571 9568 9585
f 9571 9585 9575
f 9575 9585 9586
f 9575 9586 9578
f 9578 9586 9552
f 9578 9552 9553
f 9570 9587 9568
f 9568 9587 9588
f 9568 9588 9585
f 9585 9588 9589
f 9585 9589 9586
f 9586 9589 9551
f 9586 9551 9552
f 9564 9567 9590
f 9590 9567 9566
f 9562 9564 9591
f 9562 9591 9563
f 9563 9591 9592
f 9563 9592 9561
f 9561 9592 9556
f 9556 9592 9593
f 9556 9593 9557
f 9557 9593 9594
f 9557 9594 9560
f 9560 9594 9559
f 9559 9594 9595
f 9559 9595 9558
f 9593 9596 9594
f 9594 9596 9597
f 9594 9597 9595
f 9595 9597 9598
f 9599 9600 9601
f 9564 9590 9591
f 9591 9590 9602
f 9591 9602 9592
f 9592 9602 9601
f 9592 9601 9593
f 9593 9601 9600
f 9593 9600 9596
f 9599 9601 9603
f 9603 9601 9602
f 9603 9602 9604
f 9604 9602 9590
f 9604 9590 9605
f 9605 9590 9566
f 9605 9566 9565
f 9573 9606 9607
f 9573 9607 9572
f 9572 9607 9608
f 9572 9608 9569
f 9569 9608 9609
f 9569 9609 9570
f 9606 9573 9610
f 9610 9573 9574
f 9610 9574 9611
f 9611 9574 9576
f 9611 9576 9577
f 9581 9611 9579
f 9579 9611 9577
f 9612 9583 9613
f 9613 9583 9614
f 9581 9584 9611
f 9611 9584 9583
f 9611 9583 9615
f 9615 9583 9612
f 9616 9617 9618
f 9618 9617 9619
f 9618 9619 9620
f 9620 9619 9621
f 9620 9621 9622
f 9622 9621 9623
f 9622 9623 9624
f 9624 9623 9625
f 9626 9616 9627
f 9627 9616 9618
f 9627 9618 9628
f 9628 9618 9620
f 9628 9620 9629
f 9629 9620 9622
f 9629 9622 9630
f 9630 9622 9624
f 9631 9626 9632
f 9632 9626 9627
f 9632 9627 9633
f 9633 9627 9628
f 9633 9628 9634
f 9634 9628 9629
f 9634 9629 9635
f 9635 9629 9630
f 9599 9631 9600
f 9600 9631 9632
f 9600 9632 9596
f 9596 9632 9633
f 9596 9633 9597
f 9597 9633 9634
f 9597 9634 9598
f 9598 9634 9635
f 9636 9637 9638
f 9639 9640 9641
f 9642 9609 9608
f 9611 9615 9636
f 9636 9615 9612
f 9636 9612 9637
f 9637 9612 9613
f 9637 9613 9614
f 9611 9643 9610
f 9610 9643 9606
f 9606 9643 9607
f 9607 9643 9644
f 9607 9644 9608
f 9608 9644 9645
f 9608 9645 9642
f 9641 9646 9647
f 9647 9646 9648
f 9649 9648 9650
f 9650 9648 9646
f 9650 9646 9651
f 9651 9646 9652
f 9641 9640 9646
f 9646 9640 9653
f 9646 9653 9652
f 9638 9639 9636
f 9636 9639 9641
f 9636 9641 9611
f 9611 9641 9647
f 9611 9647 9643
f 9643 9647 9648
f 9643 9648 9644
f 9644 9648 9649
f 9644 9649 9645
f 9617 9654 9619
f 9619 9654 9655
f 9619 9655 9621
f 9621 9655 9656
f 9621 9656 9623
f 9623 9656 9657
f 9623 9657 9625
f 9625 9657 9658
f 9639 9638 9659
f 9640 9639 9660
f 9653 9640 9661
f 9652 9653 9662
f 9639 9659 9660
f 9660 9659 9663
f 9660 9663 9664
f 9664 9663 9665
f 9664 9665 9666
f 9666 9665 9667
f 9666 9667 9668
f 9668 9667 9669
f 9668 9669 9670
f 9640 9660 9661
f 9661 9660 9664
f 9661 9664 9671
f 9671 9664 9666
f 9671 9666 9672
f 9672 9666 9668
f 9672 9668 9673
f 9673 9668 9670
f 9673 9670 9674
f 9653 9661 9662
f 9662 9661 9671
f 9662 9671 9675
f 9675 9671 9672
f 9675 9672 9676
f 9676 9672 9673
f 9676 9673 9677
f 9677 9673 9674
f 9677 9674 9678
f 9652 9662 9679
f 9679 9662 9675
f 9679 9675 9680
f 9680 9675 9676
f 9680 9676 9681
f 9681 9676 9677
f 9681 9677 9682
f 9682 9677 9678
f 9682 9678 9683
f 9654 9684 9655
f 9655 9684 9685
f 9655 9685 9656
f 9656 9685 9686
f 9656 9686 9657
f 9657 9686 9687
f 9657 9687 9658
f 9658 9687 9688
f 9689 9683 9690
f 9690 9683 9678
f 9690 9678 9691
f 9691 9678 9674
f 9691 9674 9692
f 9692 9674 9670
f 9692 9670 9693
f 9693 9670 9669
f 9694 9695 9696
f 9697 9698 9695
f 9698 9697 9699
f 9699 9697 9700
f 9700 9697 9701
f 9700 9701 9702
f 9702 9701 9703
f 9703 9701 9704
f 9703 9704 9705
f 9705 9704 9706
f 9705 9706 9707
f 9708 9709 9706
f 9706 9709 9710
f 9706 9710 9707
f 9704 9711 9706
f 9706 9711 9712
f 9706 9712 9708
f 9708 9712 9713
f 9695 9694 9697
f 9697 9694 9714
f 9697 9714 9701
f 9701 9714 9715
f 9701 9715 9704
f 9704 9715 9716
f 9704 9716 9711
f 9696 9717 9694
f 9694 9717 9718
f 9694 9718 9714
f 9714 9718 9719
f 9714 9719 9715
f 9715 9719 9720
f 9715 9720 9716
f 9721 9722 9723
f 9724 9721 9725
f 9726 9724 9727
f 9728 9726 9729
f 9721 9723 9725
f 9725 9723 9730
f 9725 9730 9731
f 9731 9730 9732
f 9731 9732 9733
f 9733 9732 9734
f 9733 9734 9735
f 9735 9734 9688
f 9735 9688 9687
f 9724 9725 9727
f 9727 9725 9731
f 9727 9731 9736
f 9736 9731 9733
f 9736 9733 9737
f 9737 9733 9735
f 9737 9735 9738
f 9738 9735 9687
f 9738 9687 9686
f 9726 9727 9729
f 9729 9727 9736
f 9729 9736 9739
f 9739 9736 9737
f 9739 9737 9740
f 9740 9737 9738
f 9740 9738 9741
f 9741 9738 9686
f 9741 9686 9685
f 9728 9729 9742
f 9742 9729 9739
f 9742 9739 9743
f 9743 9739 9740
f 9743 9740 9744
f 9744 9740 9741
f 9744 9741 9745
f 9745 9741 9685
f 9745 9685 9684
f 9746 9689 9747
f 9747 9689 9690
f 9747 9690 9748
f 9748 9690 9691
f 9748 9691 9749
f 9749 9691 9692
f 9749 9692 9750
f 9750 9692 9693
f 9751 9752 9753
f 9753 9752 9754
f 9753 9754 9755
f 9755 9754 9756
f 9755 9756 9757
f 9757 9756 9758
f 9757 9758 9759
f 9759 9758 9760
f 9761 9751 9762
f 9762 9751 9753
f 9762 9753 9763
f 9763 9753 9755
f 9763 9755 9764
f 9764 9755 9757
f 9764 9757 9765
f 9765 9757 9759
f 9766 9761 9767
f 9767 9761 9762
f 9767 9762 9768
f 9768 9762 9763
f 9768 9763 9769
f 9769 9763 9764
f 9769 9764 9770
f 9770 9764 9765
f 9720 9766 9716
f 9716 9766 9767
f 9716 9767 9711
f 9711 9767 9768
f 9711 9768 9712
f 9712 9768 9769
f 9712 9769 9713
f 9713 9769 9770
f 9699 9771 9772
f 9699 9772 9698
f 9698 9772 9773
f 9698 9773 9695
f 9695 9773 9774
f 9695 9774 9696
f 9771 9699 9775
f 9775 9699 9700
f 9775 9700 9776
f 9776 9700 9702
f 9776 9702 9703
f 9707 9776 9705
f 9705 9776 9703
f 9777 9709 9778
f 9778 9709 9779
f 9707 9710 9776
f 9776 9710 9709
f 9776 9709 9780
f 9780 9709 9777
f 9781 9782 9783
f 9783 9782 9784
f 9785 9786 9787
f 9787 9788 9785
f 9785 9788 9789
f 9785 9789 9790
f 9790 9789 9791
f 9790 9791 9792
f 9792 9791 9793
f 9792 9793 9784
f 9784 9793 9794
f 9784 9794 9783
f 9795 9786 9796
f 9796 9786 9785
f 9796 9785 9797
f 9797 9785 9790
f 9797 9790 9798
f 9798 9790 9792
f 9799 9800 9801
f 9801 9800 9795
f 9801 9795 9802
f 9802 9795 9796
f 9802 9796 9803
f 9803 9796 9797
f 9803 9797 9804
f 9804 9797 9798
f 9804 9798 9805
f 9805 9798 9728
f 9782 9722 9784
f 9784 9722 9721
f 9784 9721 9792
f 9792 9721 9724
f 9792 9724 9798
f 9798 9724 9726
f 9798 9726 9728
f 9806 9746 9807
f 9807 9746 9747
f 9807 9747 9808
f 9808 9747 9748
f 9808 9748 9809
f 9809 9748 9749
f 9809 9749 9810
f 9810 9749 9750
f 9811 9806 9812
f 9812 9806 9807
f 9812 9807 9813
f 9813 9807 9808
f 9813 9808 9814
f 9814 9808 9809
f 9814 9809 9815
f 9815 9809 9810
f 9816 9811 9817
f 9817 9811 9812
f 9817 9812 9818
f 9818 9812 9813
f 9818 9813 9819
f 9819 9813 9814
f 9819 9814 9820
f 9820 9814 9815
f 9821 9816 9822
f 9822 9816 9817
f 9822 9817 9823
f 9823 9817 9818
f 9823 9818 9824
f 9824 9818 9819
f 9824 9819 9825
f 9825 9819 9820
f 9752 9826 9754
f 9754 9826 9827
f 9754 9827 9756
f 9756 9827 9828
f 9756 9828 9758
f 9758 9828 9829
f 9758 9829 9760
f 9760 9829 9830
f 9831 9832 9833
f 9834 9835 9836
f 9837 9774 9773
f 9776 9780 9831
f 9831 9780 9777
f 9831 9777 9832
f 9832 9777 9778
f 9832 9778 9779
f 9776 9838 9775
f 9775 9838 9771
f 9771 9838 9772
f 9772 9838 9839
f 9772 9839 9773
f 9773 9839 9840
f 9773 9840 9837
f 9836 9841 9842
f 9842 9841 9843
f 9844 9843 9845
f 9845 9843 9841
f 9845 9841 9846
f 9846 9841 9847
f 9836 9835 9841
f 9841 9835 9848
f 9841 9848 9847
f 9833 9834 9831
f 9831 9834 9836
f 9831 9836 9776
f 9776 9836 9842
f 9776 9842 9838
f 9838 9842 9843
f 9838 9843 9839
f 9839 9843 9844
f 9839 9844 9840
f 9791 9849 9793
f 9793 9849 9850
f 9851 9781 9852
f 9852 9781 9783
f 9850 9853 9793
f 9793 9853 9852
f 9793 9852 9794
f 9794 9852 9783
f 9854 9849 9791
f 9788 9787 9855
f 9791 9789 9854
f 9854 9789 9788
f 9854 9788 9856
f 9856 9788 9855
f 9787 9786 9855
f 9855 9786 9857
f 9799 9858 9800
f 9800 9858 9859
f 9786 9795 9857
f 9857 9795 9800
f 9857 9800 9860
f 9860 9800 9859
f 9861 9862 9863
f 9864 9865 9862
f 9865 9864 9866
f 9866 9864 9867
f 9867 9864 9868
f 9867 9868 9869
f 9869 9868 9870
f 9870 9868 9871
f 9870 9871 9872
f 9872 9871 9873
f 9872 9873 9874
f 9875 9876 9873
f 9873 9876 9877
f 9873 9877 9874
f 9871 9823 9873
f 9873 9823 9824
f 9873 9824 9875
f 9875 9824 9825
f 9862 9861 9864
f 9864 9861 9878
f 9864 9878 9868
f 9868 9878 9879
f 9868 9879 9871
f 9871 9879 9822
f 9871 9822 9823
f 9863 9880 9861
f 9861 9880 9881
f 9861 9881 9878
f 9878 9881 9882
f 9878 9882 9879
f 9879 9882 9821
f 9879 9821 9822
f 9826 9883 9827
f 9827 9883 9884
f 9827 9884 9828
f 9828 9884 9885
f 9828 9885 9829
f 9829 9885 9886
f 9829 9886 9830
f 9830 9886 9887
f 9834 9833 9888
f 9835 9834 9889
f 9848 9835 9890
f 9847 9848 9891
f 9834 9888 9889
f 9889 9888 9892
f 9889 9892 9893
f 9893 9892 9894
f 9893 9894 9895
f 9895 9894 9896
f 9895 9896 9897
f 9897 9896 9898
f 9897 9898 9899
f 9835 9889 9890
f 9890 9889 9893
f 9890 9893 9900
f 9900 9893 9895
f 9900 9895 9901
f 9901 9895 9897
f 9901 9897 9902
f 9902 9897 9899
f 9902 9899 9903
f 9848 9890 9891
f 9891 9890 9900
f 9891 9900 9904
f 9904 9900 9901
f 9904 9901 9905
f 9905 9901 9902
f 9905 9902 9906
f 9906 9902 9903
f 9906 9903 9907
f 9847 9891 9908
f 9908 9891 9904
f 9908 9904 9909
f 9909 9904 9905
f 9909 9905 9910
f 9910 9905 9906
f 9910 9906 9911
f 9911 9906 9907
f 9911 9907 9912
f 9857 9860 9913
f 9913 9860 9859
f 9855 9857 9914
f 9855 9914 9856
f 9856 9914 9915
f 9856 9915 9854
f 9854 9915 9849
f 9849 9915 9916
f 9849 9916 9850
f 9850 9916 9917
f 9850 9917 9853
f 9853 9917 9852
f 9852 9917 9918
f 9852 9918 9851
f 9916 9919 9917
f 9917 9919 9920
f 9917 9920 9918
f 9918 9920 9921
f 9922 9923 9924
f 9857 9913 9914
f 9914 9913 9925
f 9914 9925 9915
f 9915 9925 9924
f 9915 9924 9916
f 9916 9924 9923
f 9916 9923 9919
f 9922 9924 9926
f 9926 9924 9925
f 9926 9925 9927
f 9927 9925 9913
f 9927 9913 9928
f 9928 9913 9859
f 9928 9859 9858
f 9866 9929 9930
f 9866 9930 9865
f 9865 9930 9931
f 9865 9931 9862
f 9862 9931 9932
f 9862 9932 9863
f 9929 9866 9933
f 9933 9866 9867
f 9933 9867 9934
f 9934 9867 9869
f 9934 9869 9870
f 9935 9876 9936
f 9936 9876 9937
f 9935 9938 9876
f 9876 9938 9934
f 9876 9934 9877
f 9870 9872 9934
f 9934 9872 9874
f 9934 9874 9877
f 9939 9940 9941
f 9942 9939 9943
f 9944 9942 9945
f 9946 9944 9947
f 9939 9941 9943
f 9943 9941 9948
f 9943 9948 9949
f 9949 9948 9950
f 9949 9950 9951
f 9951 9950 9952
f 9951 9952 9953
f 9953 9952 9887
f 9953 9887 9886
f 9942 9943 9945
f 9945 9943 9949
f 9945 9949 9954
f 9954 9949 9951
f 9954 9951 9955
f 9955 9951 9953
f 9955 9953 9956
f 9956 9953 9886
f 9956 9886 9885
f 9944 9945 9947
f 9947 9945 9954
f 9947 9954 9957
f 9957 9954 9955
f 9957 9955 9958
f 9958 9955 9956
f 9958 9956 9959
f 9959 9956 9885
f 9959 9885 9884
f 9946 9947 9960
f 9960 9947 9957
f 9960 9957 9961
f 9961 9957 9958
f 9961 9958 9962
f 9962 9958 9959
f 9962 9959 9963
f 9963 9959 9884
f 9963 9884 9883
f 9964 9912 9965
f 9965 9912 9907
f 9965 9907 9966
f 9966 9907 9903
f 9966 9903 9967
f 9967 9903 9899
f 9967 9899 9968
f 9968 9899 9898
f 9969 9970 9971
f 9971 9970 9972
f 9971 9972 9973
f 9973 9972 9974
f 9973 9974 9975
f 9975 9974 9976
f 9975 9976 9977
f 9977 9976 9978
f 9979 9969 9980
f 9980 9969 9971
f 9980 9971 9981
f 9981 9971 9973
f 9981 9973 9982
f 9982 9973 9975
f 9982 9975 9983
f 9983 9975 9977
f 9984 9979 9985
f 9985 9979 9980
f 9985 9980 9986
f 9986 9980 9981
f 9986 9981 9987
f 9987 9981 9982
f 9987 9982 9988
f 9988 9982 9983
f 9922 9984 9923
f 9923 9984 9985
f 9923 9985 9919
f 9919 9985 9986
f 9919 9986 9920
f 9920 9986 9987
f 9920 9987 9921
f 9921 9987 9988
f 9989 9990 9940
f 9939 9942 9991
f 9992 9932 9931
f 9934 9938 9989
f 9989 9938 9935
f 9989 9935 9990
f 9990 9935 9936
f 9990 9936 9937
f 9934 9993 9933
f 9933 9993 9929
f 9929 9993 9930
f 9930 9993 9994
f 9930 9994 9931
f 9931 9994 9995
f 9931 9995 9992
f 9991 9996 9997
f 9997 9996 9998
f 9999 9998 10000
f 10000 9998 9996
f 10000 9996 10001
f 10001 9996 9946
f 9991 9942 9996
f 9996 9942 9944
f 9996 9944 9946
f 9940 9939 9989
f 9989 9939 9991
f 9989 9991 9934
f 9934 9991 9997
f 9934 9997 9993
f 9993 9997 9998
f 9993 9998 9994
f 9994 9998 9999
f 9994 9999 9995
f 9970 9964 9972
f 9972 9964 9965
f 9972 9965 9974
f 9974 9965 9966
f 9974 9966 9976
f 9976 9966 9967
f 9976 9967 9978
f 9978 9967 9968
f 10002 10003 9357
f 10004 10005 9932
f 9932 10005 9863
f 10006 10007 9587
f 9470 9476 9551
f 9551 9476 9506
f 9436 9437 9588
f 9588 9437 9438
f 9588 9438 9589
f 9589 9438 9439
f 9589 9439 9551
f 9551 9439 9466
f 9683 9689 9821
f 9821 9689 9746
f 10004 9718 9717
f 10008 10009 8542
f 8542 10009 8503
f 10010 9143 9183
f 9587 10007 9588
f 9588 10007 9432
f 9588 9432 9436
f 9506 9536 9551
f 9551 9536 9541
f 9551 9541 9546
f 9649 9650 9881
f 9881 9650 9651
f 9881 9651 9882
f 9882 9651 9652
f 9882 9652 9821
f 9821 9652 9679
f 10004 9717 10011
f 9962 9963 9883
f 10002 9357 10012
f 10012 9357 9396
f 10012 9396 10007
f 10007 9396 9429
f 10007 9429 9432
f 9469 9470 9468
f 9468 9470 9551
f 9468 9551 9467
f 9467 9551 9466
f 9587 9570 10006
f 10006 9570 9609
f 10006 9609 10013
f 10013 9609 9642
f 10013 9642 9645
f 9863 10005 9880
f 9880 10005 10013
f 9880 10013 9881
f 9881 10013 9645
f 9881 9645 9649
f 9746 9806 9821
f 9821 9806 9811
f 9821 9811 9816
f 10014 10015 8675
f 8675 10015 8711
f 10008 8734 8733
f 9682 9683 9681
f 9681 9683 9821
f 9681 9821 9680
f 9680 9821 9679
f 9999 9718 9995
f 9995 9718 10004
f 9995 10004 9992
f 9992 10004 9932
f 9752 9751 9946
f 9946 9751 9761
f 9999 10000 9718
f 9718 10000 10001
f 9718 10001 9719
f 9719 10001 9946
f 9719 9946 9720
f 9720 9946 9761
f 9720 9761 9766
f 10008 8733 10016
f 8616 8622 8697
f 8697 8622 8652
f 9219 9223 10003
f 9255 9256 9257
f 9961 9962 9960
f 9960 9962 9883
f 9960 9883 9946
f 9946 9883 9826
f 9946 9826 9752
f 10017 10018 9799
f 9799 10018 9858
f 10014 8537 8538
f 8612 8697 8585
f 8585 8697 8735
f 8585 8735 8584
f 8584 8735 8734
f 8584 8734 8583
f 8791 8795 10019
f 8829 8835 8910
f 8910 8835 8865
f 9004 9008 10020
f 9042 9048 9123
f 9123 9048 9078
f 9223 9375 10003
f 10003 9375 9374
f 10003 9374 9357
f 9912 9964 9922
f 9922 9964 9970
f 10014 8538 10021
f 8617 8587 8532
f 8532 8587 8550
f 8437 8438 8405
f 8542 8575 10008
f 10008 8575 8578
f 10008 8578 8734
f 8734 8578 8582
f 8734 8582 8583
f 8652 8682 8697
f 8697 8682 8687
f 8697 8687 8692
f 8795 8947 10019
f 10019 8947 8946
f 10019 8946 10022
f 9038 9123 9011
f 9011 9123 9162
f 9011 9162 9010
f 9010 9162 9161
f 9010 9161 9009
f 10010 9183 10003
f 10003 9183 9216
f 10003 9216 9219
f 9293 9323 9226
f 9226 9323 9328
f 9223 9224 9375
f 9375 9224 9225
f 9375 9225 9376
f 9376 9225 9226
f 9376 9226 9338
f 9338 9226 9328
f 9338 9328 9333
f 9844 9845 9927
f 9927 9845 9846
f 9927 9846 9926
f 9926 9846 9847
f 9926 9847 9922
f 9922 9847 9908
f 10017 9604 9605
f 8648 8532 8634
f 8634 8532 8536
f 8634 8536 8681
f 8681 8536 8537
f 8681 8537 8680
f 8615 8616 8614
f 8614 8616 8697
f 8614 8697 8613
f 8613 8697 8612
f 8733 8716 10016
f 10016 8716 8755
f 10016 8755 10019
f 10019 8755 8788
f 10019 8788 8791
f 8825 8910 8798
f 8798 8910 8948
f 8798 8948 8797
f 8797 8948 8947
f 8797 8947 8796
f 8796 8947 8795
f 8865 8895 8910
f 8910 8895 8900
f 8910 8900 8905
f 8946 8929 10022
f 10022 8929 8968
f 10022 8968 10020
f 10020 8968 9001
f 10020 9001 9004
f 9143 10010 9160
f 9160 10010 10020
f 9160 10020 9161
f 9161 10020 9008
f 9161 9008 9009
f 9078 9108 9123
f 9123 9108 9113
f 9123 9113 9118
f 9254 9255 9253
f 9253 9255 9257
f 9253 9257 9226
f 9226 9257 9263
f 9226 9263 9293
f 9717 9696 10011
f 10011 9696 9774
f 10011 9774 10023
f 10023 9774 9837
f 10023 9837 9840
f 9858 10018 9928
f 9928 10018 10023
f 9928 10023 9927
f 9927 10023 9840
f 9927 9840 9844
f 9970 9969 9922
f 9922 9969 9979
f 9922 9979 9984
f 10017 9605 10024
f 9684 9654 9599
f 9599 9654 9617
f 9532 9533 10025
f 9504 9505 9471
f 8863 8864 8830
f 8675 8677 10014
f 10014 8677 8678
f 10014 8678 8537
f 8537 8678 8679
f 8537 8679 8680
f 8550 8549 8532
f 8532 8549 8559
f 8532 8559 8564
f 8538 8498 10021
f 10021 8498 8462
f 10021 8462 10026
f 10026 8462 8464
f 10026 8464 8465
f 8503 10009 8520
f 8520 10009 10026
f 8520 10026 8521
f 8521 10026 8465
f 8521 8465 8466
f 8439 8469 8421
f 8421 8469 8474
f 8466 8467 8521
f 8521 8467 8468
f 8521 8468 8522
f 8522 8468 8421
f 8522 8421 8484
f 8484 8421 8474
f 8484 8474 8479
f 8828 8829 8827
f 8827 8829 8910
f 8827 8910 8826
f 8826 8910 8825
f 9041 9042 9040
f 9040 9042 9123
f 9040 9123 9039
f 9039 9123 9038
f 9911 9912 9910
f 9910 9912 9922
f 9910 9922 9909
f 9909 9922 9908
f 9742 9599 9728
f 9728 9599 9603
f 9728 9603 9805
f 9805 9603 9604
f 9805 9604 9804
f 9533 9391 10025
f 10025 9391 9392
f 10025 9392 10027
f 9319 9320 10028
f 9291 9292 9258
f 9043 9013 8958
f 8958 9013 8976
f 8651 8617 8650
f 8650 8617 8532
f 8650 8532 8649
f 8649 8532 8648
f 8436 8437 8435
f 8435 8437 8405
f 8435 8405 8421
f 8421 8405 8404
f 8421 8404 8439
f 9799 9801 10017
f 10017 9801 9802
f 10017 9802 9604
f 9604 9802 9803
f 9604 9803 9804
f 9617 9616 9599
f 9599 9616 9626
f 9599 9626 9631
f 9605 9565 10024
f 10024 9565 9529
f 10024 9529 10025
f 10025 9529 9531
f 10025 9531 9532
f 9404 9403 9488
f 9488 9403 9413
f 9533 9534 9391
f 9391 9534 9535
f 9391 9535 9390
f 9390 9535 9488
f 9390 9488 9386
f 9386 9488 9413
f 9386 9413 9418
f 10028 9320 9178
f 9104 9105 10029
f 10029 9105 8963
f 10029 8963 10030
f 10030 8963 8964
f 10030 8964 10031
f 8964 8924 10031
f 10031 8924 8888
f 10031 8888 10032
f 10032 8888 8890
f 10032 8890 8891
f 8711 10015 8751
f 8751 10015 10032
f 8751 10032 8750
f 8750 10032 8891
f 8750 8891 8892
f 8763 8762 8847
f 8847 8762 8772
f 8892 8893 8750
f 8750 8893 8894
f 8750 8894 8749
f 8749 8894 8847
f 8749 8847 8745
f 8745 8847 8772
f 8745 8772 8777
f 9745 9684 9744
f 9744 9684 9599
f 9744 9599 9743
f 9743 9599 9742
f 9503 9504 9502
f 9502 9504 9471
f 9502 9471 9488
f 9488 9471 9441
f 9488 9441 9404
f 9392 9352 10027
f 10027 9352 9316
f 10027 9316 10028
f 10028 9316 9318
f 10028 9318 9319
f 9191 9190 9275
f 9275 9190 9200
f 9320 9321 9178
f 9178 9321 9322
f 9178 9322 9177
f 9177 9322 9275
f 9177 9275 9173
f 9173 9275 9200
f 9173 9200 9205
f 9178 9179 10028
f 10028 9179 9138
f 10028 9138 10033
f 10033 9138 9101
f 10033 9101 10029
f 10029 9101 9103
f 10029 9103 9104
f 9074 8958 9060
f 9060 8958 8962
f 9060 8962 9107
f 9107 8962 8963
f 9107 8963 9106
f 9106 8963 9105
f 8976 8975 8958
f 8958 8975 8985
f 8958 8985 8990
f 8862 8863 8861
f 8861 8863 8830
f 8861 8830 8847
f 8847 8830 8800
f 8847 8800 8763
f 9290 9291 9289
f 9289 9291 9258
f 9289 9258 9275
f 9275 9258 9228
f 9275 9228 9191
f 9077 9043 9076
f 9076 9043 8958
f 9076 8958 9075
f 9075 8958 9074
f 10034 10035 10036
f 10034 10036 10037
f 10037 10036 10038
f 10037 10038 10039
f 10039 10038 10040
f 10039 10040 10041
f 10041 10040 10042
f 10041 10042 10043
f 10043 10042 10044
f 10043 10044 10045
f 10045 10044 10046
f 10045 10046 10047
f 10047 10046 10048
f 10047 10048 10049
f 10049 10048 10050
f 10049 10050 10051
f 10051 10050 10052
f 10051 10052 10053
f 10053 10052 10054
f 10053 10054 10055
f 10055 10054 10056
f 10055 10056 10057
f 10057 10056 10058
f 10057 10058 10059
f 10059 10058 10060
f 10059 10060 10061
f 10061 10060 10062
f 10061 10062 10063
f 10063 10062 10064
f 10063 10064 10065
f 10065 10064 10066
f 10065 10066 10067
f 10065 10068 10069
f 10070 10071 10072
f 10073 10057 10074
f 10074 10057 10059
f 10074 10059 10075
f 10075 10059 10061
f 10075 10061 10069
f 10069 10061 10063
f 10069 10063 10065
f 10070 10034 10071
f 10071 10034 10037
f 10071 10037 10076
f 10076 10037 10039
f 10076 10039 10077
f 10077 10039 10041
f 10077 10041 10078
f 10065 10067 10068
f 10068 10067 10079
f 10068 10079 10080
f 10080 10079 10081
f 10080 10081 10082
f 10082 10081 10083
f 10082 10083 10084
f 10041 10043 10078
f 10078 10043 10045
f 10078 10045 10085
f 10085 10045 10047
f 10085 10047 10086
f 10086 10047 10049
f 10086 10049 10087
f 10087 10049 10051
f 10087 10051 10088
f 10088 10051 10053
f 10088 10053 10073
f 10073 10053 10055
f 10073 10055 10057
f 10089 10090 10091
f 10091 10090 10092
f 10091 10092 10093
f 10093 10092 10094
f 10093 10094 10072
f 10072 10094 10095
f 10072 10095 10070
f 10083 10096 10084
f 10084 10096 10097
f 10084 10097 10098
f 10098 10097 10099
f 10098 10099 10100
f 10100 10099 10101
f 10100 10101 10102
f 10102 10101 10103
f 10102 10103 10104
f 10104 10103 10105
f 10104 10105 10089
f 10089 10105 10106
f 10089 10106 10090
f 9342 9337 9450
f 9450 9337 9452
f 9452 9337 9332
f 9452 9332 9327
f 8909 9024 9022
f 8909 9022 8914
f 8811 8809 8696
f 9988 9732 9730
f 9241 9239 9122
f 9122 9239 9237
f 9122 9237 9127
f 8696 8809 8701
f 9988 9730 9921
f 9894 9892 9770
f 9422 9279 9277
f 8909 8904 9024
f 9024 8904 8899
f 9024 8899 8869
f 9770 9892 9713
f 9422 9277 9385
f 9492 9490 9635
f 8994 8851 8849
f 8531 8568 10107
f 9401 9370 9424
f 9424 9370 9369
f 9424 9369 9425
f 9425 9369 9342
f 9425 9342 9446
f 9446 9342 9450
f 9988 9983 9732
f 9732 9983 9977
f 9732 9977 9978
f 9635 9490 9598
f 8994 8849 8957
f 9327 9297 9452
f 9452 9297 9267
f 9452 9267 9243
f 9188 9156 9211
f 9211 9156 9155
f 9211 9155 9212
f 9212 9155 9127
f 9212 9127 9233
f 9233 9127 9237
f 8973 8942 8996
f 8996 8942 8941
f 8996 8941 8997
f 8997 8941 8914
f 8997 8914 9018
f 9018 8914 9022
f 9422 9417 9279
f 9279 9417 9411
f 9279 9411 9412
f 8444 8491 8528
f 8869 8839 9024
f 9024 8839 8815
f 9024 8815 8696
f 8696 8815 8813
f 8696 8813 8811
f 8760 8729 8783
f 8783 8729 8728
f 8783 8728 8784
f 8784 8728 8701
f 8784 8701 8805
f 8805 8701 8809
f 9781 9851 9782
f 9782 9851 9918
f 9782 9918 9722
f 9722 9918 9921
f 9722 9921 9723
f 9723 9921 9730
f 8994 8989 8851
f 8851 8989 8983
f 8851 8983 8984
f 9055 9172 9062
f 9062 9172 9209
f 9062 9209 9064
f 8621 8640 8781
f 8640 8638 8781
f 8781 8638 8636
f 8781 8636 8744
f 9978 9968 9732
f 9732 9968 9898
f 9732 9898 9770
f 9770 9898 9896
f 9770 9896 9894
f 9779 9709 9832
f 9832 9709 9708
f 9832 9708 9833
f 9833 9708 9713
f 9833 9713 9888
f 9888 9713 9892
f 9298 9345 9299
f 9299 9345 9382
f 9299 9382 9269
f 9269 9382 9385
f 9269 9385 9270
f 9270 9385 9277
f 9172 9130 9169
f 9169 9130 9129
f 8602 8600 8483
f 8600 8598 8483
f 8483 8598 8596
f 8483 8596 8488
f 9820 9950 9948
f 9412 9445 9279
f 9279 9445 9475
f 9279 9475 9635
f 9635 9475 9494
f 9635 9494 9492
f 9511 9558 9512
f 9512 9558 9595
f 9512 9595 9482
f 9482 9595 9598
f 9482 9598 9483
f 9483 9598 9490
f 8870 8917 8871
f 8871 8917 8954
f 8871 8954 8841
f 8841 8954 8957
f 8841 8957 8842
f 8842 8957 8849
f 9820 9948 9825
f 9665 9663 9550
f 8984 9017 8851
f 8851 9017 9047
f 8851 9047 9209
f 9209 9047 9066
f 9209 9066 9064
f 9083 9130 9084
f 9084 9130 9172
f 9084 9172 9054
f 9054 9172 9055
f 8657 8704 8658
f 8658 8704 8741
f 8658 8741 8628
f 8628 8741 8744
f 8628 8744 8629
f 8629 8744 8636
f 9550 9663 9555
f 10108 10109 8473
f 8547 8516 8570
f 8570 8516 8515
f 8570 8515 8571
f 8571 8515 8488
f 8571 8488 8592
f 8592 8488 8596
f 9820 9815 9950
f 9950 9815 9810
f 9950 9810 9750
f 9760 10110 9759
f 9759 10110 10111
f 9759 10111 9765
f 9540 10112 9545
f 9545 10112 10113
f 10107 8427 8425
f 8425 8423 10107
f 10107 8423 8416
f 10107 8416 8415
f 10107 8568 10114
f 10114 8568 8563
f 10114 8563 8557
f 8776 8558 8781
f 8781 8558 8591
f 8781 8591 8621
f 8834 8853 10115
f 10116 10117 9454
f 10118 8686 10109
f 10109 8686 8656
f 8473 10109 8478
f 8478 10109 8656
f 8478 8656 8483
f 8483 8656 8626
f 8483 8626 8602
f 8528 8531 8444
f 8444 8531 10107
f 8444 10107 8445
f 8445 10107 8415
f 9937 9876 9990
f 9990 9876 9875
f 9990 9875 9940
f 9940 9875 9825
f 9940 9825 9941
f 9941 9825 9948
f 10115 8853 10119
f 10120 10121 9281
f 9550 9545 9950
f 9950 9545 10113
f 9950 10113 9952
f 9952 10113 10122
f 9952 10122 9887
f 9887 10122 10110
f 9887 10110 9830
f 9830 10110 9760
f 9117 9452 9122
f 9122 9452 9243
f 9122 9243 9241
f 9052 9028 10123
f 10123 9028 9026
f 10123 9026 10124
f 9750 9693 9950
f 9950 9693 9669
f 9950 9669 9550
f 9550 9669 9667
f 9550 9667 9665
f 9614 9583 9637
f 9637 9583 9582
f 9637 9582 9638
f 9638 9582 9555
f 9638 9555 9659
f 9659 9555 9663
f 8558 10115 8557
f 8557 10115 10125
f 8557 10125 10114
f 10126 9198 10121
f 10121 9198 9199
f 10127 9624 10128
f 10128 9624 9625
f 9454 9452 10116
f 10116 9452 9117
f 10116 9117 10129
f 10129 9117 9112
f 10129 9112 10123
f 10123 9112 9082
f 10123 9082 9052
f 8776 8770 8558
f 8558 8770 8771
f 8558 8771 10115
f 10115 8771 8804
f 10115 8804 8834
f 9199 9232 10121
f 10121 9232 9262
f 10121 9262 9281
f 9625 9658 10128
f 10128 9658 9688
f 10128 9688 10130
f 10130 9688 9734
f 10130 9734 10111
f 10111 9734 9732
f 10111 9732 9765
f 9765 9732 9770
f 9540 9510 10112
f 10112 9510 9480
f 10112 9480 10117
f 10117 9480 9456
f 10117 9456 9454
f 9026 9024 10124
f 10124 9024 8696
f 10124 8696 10118
f 10118 8696 8691
f 10118 8691 8686
f 8473 8443 10108
f 10108 8443 8412
f 10108 8412 10107
f 10107 8412 8413
f 10107 8413 8427
f 8853 8851 10119
f 10119 8851 9209
f 10119 9209 10126
f 10126 9209 9204
f 10126 9204 9198
f 9281 9279 10120
f 10120 9279 9635
f 10120 9635 10127
f 10127 9635 9630
f 10127 9630 9624
f 10131 10132 10133
f 10131 10133 10134
f 10134 10133 10135
f 10134 10135 10136
f 10136 10135 10137
f 10136 10137 10138
f 10137 10139 10138
f 10138 10139 10140
f 10138 10140 10141
f 10141 10140 10142
f 10141 10142 10143
f 10143 10142 10144
f 10143 10144 10145
f 10144 10146 10145
f 10145 10146 10147
f 10145 10147 10148
f 10148 10147 10149
f 10148 10149 10150
f 10150 10149 10151
f 10150 10151 10152
f 10152 10151 10153
f 10152 10153 10154
f 10154 10153 10155
f 10154 10155 10156
f 10156 10155 10157
f 10156 10157 10158
f 10159 10160 10161
f 10161 10160 10162
f 10157 10163 10158
f 10158 10163 10161
f 10158 10161 10164
f 10164 10161 10162
f 10165 10166 10167
f 10159 10168 10160
f 10160 10168 10169
f 10160 10169 10167
f 10167 10169 10170
f 10167 10170 10165
f 10165 10171 10166
f 10166 10171 10172
f 10166 10172 10173
f 10173 10172 10174
f 10173 10174 10175
f 10035 10012 10007
f 10044 10160 10167
f 10167 10166 10044
f 10044 10166 10173
f 10044 10173 10175
f 10175 10176 10004
f 10004 10176 10177
f 10040 10152 10042
f 10042 10152 10154
f 10042 10154 10156
f 10156 10158 10042
f 10042 10158 10164
f 10042 10164 10044
f 10044 10164 10162
f 10044 10162 10160
f 10141 10143 10038
f 10143 10145 10038
f 10038 10145 10148
f 10038 10148 10040
f 10040 10148 10150
f 10040 10150 10152
f 10178 10131 10036
f 10179 10178 10007
f 10007 10178 10036
f 10007 10036 10035
f 10131 10134 10036
f 10036 10134 10136
f 10036 10136 10038
f 10038 10136 10138
f 10038 10138 10141
f 10180 10181 10006
f 10013 10182 10006
f 10006 10182 10183
f 10006 10183 10180
f 10181 10184 10006
f 10006 10184 10185
f 10006 10185 10007
f 10007 10185 10186
f 10007 10186 10179
f 10177 10187 10004
f 10004 10187 10188
f 10004 10188 10005
f 10005 10188 10189
f 10005 10189 10190
f 10190 10191 10005
f 10005 10191 10192
f 10005 10192 10013
f 10013 10192 10193
f 10013 10193 10182
f 10175 10004 10044
f 10044 10004 10011
f 10044 10011 10046
f 10046 10011 10023
f 10046 10023 10048
f 10048 10023 10018
f 10048 10018 10050
f 10050 10018 10017
f 10050 10017 10052
f 10052 10017 10024
f 10052 10024 10054
f 10054 10024 10025
f 10054 10025 10056
f 10056 10025 10027
f 10056 10027 10058
f 10058 10027 10028
f 10058 10028 10060
f 10060 10028 10033
f 10060 10033 10062
f 10062 10033 10029
f 10062 10029 10064
f 10064 10029 10030
f 10064 10030 10066
f 10072 10071 10194
f 10194 10195 10072
f 10072 10195 10196
f 10072 10196 10093
f 10196 10197 10093
f 10093 10197 10198
f 10093 10198 10091
f 10198 10199 10091
f 10091 10199 10200
f 10091 10200 10089
f 10200 10201 10089
f 10089 10201 10202
f 10089 10202 10104
f 10202 10203 10104
f 10104 10203 10204
f 10104 10204 10102
f 10102 10204 10205
f 10205 10206 10102
f 10102 10206 10207
f 10102 10207 10100
f 10207 10208 10100
f 10100 10208 10209
f 10100 10209 10098
f 10209 10210 10098
f 10098 10210 10211
f 10098 10211 10084
f 10211 10212 10084
f 10084 10212 10213
f 10084 10213 10082
f 10213 10214 10082
f 10082 10214 10215
f 10082 10215 10080
f 10216 10068 10217
f 10217 10068 10080
f 10217 10080 10218
f 10218 10080 10215
f 10121 10219 10220
f 10221 10119 10126
f 10121 10220 10126
f 10126 10220 10222
f 10126 10222 10221
f 10221 10223 10119
f 10119 10223 10224
f 10119 10224 10115
f 10115 10224 10225
f 10115 10225 10125
f 10225 10226 10125
f 10125 10226 10227
f 10125 10227 10114
f 10227 10228 10114
f 10114 10228 10229
f 10114 10229 10107
f 10107 10229 10230
f 10230 10231 10107
f 10107 10231 10232
f 10107 10232 10108
f 10232 10233 10108
f 10108 10233 10234
f 10108 10234 10109
f 10234 10235 10109
f 10109 10235 10236
f 10109 10236 10118
f 10236 10237 10118
f 10118 10237 10238
f 10118 10238 10124
f 10238 10239 10124
f 10124 10239 10240
f 10124 10240 10123
f 10241 10129 10242
f 10242 10129 10123
f 10242 10123 10243
f 10243 10123 10240
f 10244 10245 10246
f 10246 10245 10247
f 10246 10247 10248
f 10249 10250 10244
f 10244 10250 10251
f 10244 10251 10245
f 10252 10253 10254
f 10254 10255 10252
f 10252 10255 10256
f 10252 10256 10257
f 10253 10258 10254
f 10254 10258 10259
f 10254 10259 10249
f 10249 10259 10260
f 10249 10260 10250
f 10261 10262 10263
f 10263 10262 10264
f 10263 10264 10265
f 10265 10264 10266
f 10265 10266 10267
f 10267 10266 10268
f 10267 10268 10269
f 10269 10268 10270
f 10269 10270 10271
f 10271 10270 10272
f 10271 10272 10257
f 10257 10272 10273
f 10257 10273 10252
f 10274 10275 10276
f 10276 10275 10277
f 10277 10275 10278
f 10277 10278 10279
f 10279 10278 10280
f 10279 10280 10261
f 10261 10280 10281
f 10261 10281 10262
f 10274 10276 10282
f 10282 10276 10283
f 10282 10283 10284
f 10284 10283 10285
f 10284 10285 10286
f 10286 10285 10287
f 10286 10287 10288
f 10247 10245 10209
f 10245 10251 10209
f 10209 10251 10250
f 10209 10250 10210
f 10289 10228 10290
f 10290 10228 10227
f 10290 10227 10291
f 10291 10227 10226
f 10291 10226 10292
f 10292 10226 10293
f 10221 10294 10223
f 10223 10294 10295
f 10223 10295 10224
f 10224 10295 10296
f 10296 10297 10224
f 10224 10297 10298
f 10224 10298 10225
f 10225 10298 10299
f 10225 10299 10226
f 10226 10299 10300
f 10226 10300 10293
f 10301 10302 10220
f 10220 10302 10303
f 10303 10304 10220
f 10220 10304 10305
f 10220 10305 10222
f 10222 10305 10306
f 10222 10306 10221
f 10221 10306 10307
f 10221 10307 10294
f 10308 10309 10310
f 10310 10309 10311
f 10310 10311 10312
f 10301 10220 10312
f 10312 10220 10219
f 10312 10219 10310
f 10275 10274 10217
f 10217 10274 10282
f 10217 10282 10216
f 10216 10282 10284
f 10216 10284 10313
f 10313 10284 10286
f 10313 10286 10288
f 10213 10268 10214
f 10214 10268 10266
f 10214 10266 10215
f 10215 10266 10264
f 10264 10262 10215
f 10215 10262 10281
f 10215 10281 10218
f 10218 10281 10280
f 10218 10280 10217
f 10217 10280 10278
f 10217 10278 10275
f 10258 10253 10211
f 10258 10211 10259
f 10210 10250 10211
f 10211 10250 10260
f 10211 10260 10259
f 10253 10252 10211
f 10211 10252 10273
f 10211 10273 10212
f 10212 10273 10272
f 10212 10272 10213
f 10213 10272 10270
f 10213 10270 10268
f 10314 10315 10316
f 10316 10315 10317
f 10316 10317 10318
f 10318 10317 10319
f 10318 10319 10320
f 10320 10319 10321
f 10320 10321 10322
f 10322 10321 10323
f 10322 10323 10324
f 10324 10323 10325
f 10324 10325 10326
f 10326 10325 10327
f 10326 10327 10328
f 10328 10327 10329
f 10328 10329 10330
f 10330 10329 10331
f 10330 10331 10332
f 10332 10331 10333
f 10332 10333 10334
f 10334 10333 10335
f 10334 10335 10310
f 10310 10335 10313
f 10310 10313 10308
f 10308 10313 10288
f 10289 10247 10228
f 10228 10247 10209
f 10228 10209 10229
f 10229 10209 10208
f 10229 10208 10230
f 10230 10208 10207
f 10230 10207 10231
f 10231 10207 10206
f 9132 9131 9167
f 9167 9131 9136
f 10067 10066 10336
f 10067 10336 10079
f 10079 10336 10337
f 10079 10337 10081
f 10081 10337 10338
f 10081 10338 10083
f 10083 10338 10339
f 10083 10339 10096
f 10096 10339 10340
f 10096 10340 10097
f 10097 10340 10341
f 10097 10341 10099
f 10099 10341 10342
f 10099 10342 10101
f 10101 10342 10343
f 10101 10343 10103
f 10103 10343 10344
f 10103 10344 10105
f 10105 10344 10345
f 10105 10345 10106
f 10106 10345 10346
f 10106 10346 10090
f 10090 10346 10347
f 10090 10347 10092
f 10092 10347 10348
f 10092 10348 10094
f 10094 10348 10349
f 10094 10349 10095
f 10095 10349 10350
f 10095 10350 10070
f 10070 10350 10035
f 10070 10035 10034
f 10175 10174 10351
f 10175 10351 10176
f 10176 10351 10352
f 10176 10352 10177
f 10177 10352 10353
f 10177 10353 10187
f 10353 10354 10187
f 10187 10354 10355
f 10187 10355 10188
f 10188 10355 10356
f 10188 10356 10189
f 10189 10356 10190
f 10190 10356 10357
f 10190 10357 10191
f 10358 10181 10359
f 10359 10181 10180
f 10359 10180 10360
f 10360 10180 10183
f 10360 10183 10361
f 10361 10183 10182
f 10361 10182 10362
f 10362 10182 10193
f 10362 10193 10363
f 10363 10193 10192
f 10363 10192 10364
f 10364 10192 10191
f 10364 10191 10365
f 10365 10191 10357
f 10358 10366 10181
f 10181 10366 10367
f 10181 10367 10184
f 10184 10367 10368
f 10184 10368 10185
f 10368 10369 10185
f 10185 10369 10370
f 10185 10370 10186
f 10186 10370 10371
f 10186 10371 10179
f 10371 10372 10179
f 10179 10372 10373
f 10179 10373 10178
f 10178 10373 10132
f 10178 10132 10131
f 10066 10030 10031
f 10374 10287 10336
f 10375 10374 10031
f 10031 10374 10336
f 10031 10336 10066
f 10376 10377 10032
f 10015 10378 10032
f 10032 10378 10379
f 10032 10379 10376
f 10377 10380 10032
f 10032 10380 10381
f 10032 10381 10031
f 10031 10381 10382
f 10031 10382 10375
f 10383 10384 10014
f 10014 10384 10385
f 10014 10385 10015
f 10015 10385 10386
f 10015 10386 10378
f 10340 10254 10249
f 10249 10244 10340
f 10340 10244 10246
f 10340 10246 10248
f 10248 10387 10021
f 10021 10387 10388
f 10388 10389 10021
f 10021 10389 10390
f 10021 10390 10014
f 10014 10390 10391
f 10014 10391 10383
f 10338 10267 10339
f 10339 10267 10269
f 10339 10269 10271
f 10271 10257 10339
f 10339 10257 10256
f 10339 10256 10340
f 10340 10256 10255
f 10340 10255 10254
f 10277 10279 10337
f 10287 10285 10336
f 10336 10285 10283
f 10336 10283 10337
f 10337 10283 10276
f 10337 10276 10277
f 10279 10261 10337
f 10337 10261 10263
f 10337 10263 10338
f 10338 10263 10265
f 10338 10265 10267
f 10248 10021 10340
f 10340 10021 10026
f 10340 10026 10341
f 10341 10026 10009
f 10341 10009 10342
f 10342 10009 10008
f 10342 10008 10343
f 10343 10008 10016
f 10343 10016 10344
f 10344 10016 10019
f 10344 10019 10345
f 10345 10019 10022
f 10345 10022 10346
f 10346 10022 10020
f 10346 10020 10347
f 10347 10020 10010
f 10347 10010 10348
f 10348 10010 10003
f 10348 10003 10349
f 10349 10003 10002
f 10349 10002 10350
f 10350 10002 10012
f 10350 10012 10035
f 10069 10068 10216
f 10216 10313 10069
f 10069 10313 10335
f 10069 10335 10075
f 10335 10333 10075
f 10075 10333 10331
f 10075 10331 10074
f 10331 10329 10074
f 10074 10329 10327
f 10074 10327 10073
f 10327 10325 10073
f 10073 10325 10323
f 10073 10323 10088
f 10323 10321 10088
f 10088 10321 10319
f 10088 10319 10087
f 10087 10319 10317
f 10317 10315 10087
f 10087 10315 10392
f 10087 10392 10086
f 10392 10393 10086
f 10086 10393 10394
f 10086 10394 10085
f 10394 10395 10085
f 10085 10395 10396
f 10085 10396 10078
f 10396 10397 10078
f 10078 10397 10398
f 10078 10398 10077
f 10398 10399 10077
f 10077 10399 10400
f 10077 10400 10076
f 10194 10071 10401
f 10401 10071 10076
f 10401 10076 10402
f 10402 10076 10400
f 10129 10241 10403
f 10404 10117 10116
f 10129 10403 10116
f 10116 10403 10405
f 10116 10405 10404
f 10404 10406 10117
f 10117 10406 10407
f 10117 10407 10112
f 10112 10407 10408
f 10112 10408 10113
f 10408 10409 10113
f 10113 10409 10410
f 10113 10410 10122
f 10410 10411 10122
f 10122 10411 10412
f 10122 10412 10110
f 10110 10412 10413
f 10413 10314 10110
f 10110 10314 10316
f 10110 10316 10111
f 10316 10318 10111
f 10111 10318 10320
f 10111 10320 10130
f 10320 10322 10130
f 10130 10322 10324
f 10130 10324 10128
f 10324 10326 10128
f 10128 10326 10328
f 10128 10328 10127
f 10328 10330 10127
f 10127 10330 10332
f 10127 10332 10120
f 10219 10121 10310
f 10310 10121 10120
f 10310 10120 10334
f 10334 10120 10332
f 10304 10303 10377
f 10375 10308 10374
f 10374 10308 10288
f 10374 10288 10287
f 10377 10303 10380
f 10380 10303 10302
f 10380 10302 10381
f 10302 10301 10381
f 10381 10301 10312
f 10381 10312 10382
f 10382 10312 10311
f 10382 10311 10375
f 10375 10311 10309
f 10375 10309 10308
f 10383 10300 10299
f 10383 10299 10384
f 10299 10298 10384
f 10384 10298 10297
f 10384 10297 10385
f 10385 10297 10296
f 10385 10296 10386
f 10386 10296 10295
f 10386 10295 10378
f 10378 10295 10294
f 10378 10294 10379
f 10379 10294 10307
f 10379 10307 10376
f 10376 10307 10306
f 10376 10306 10377
f 10377 10306 10305
f 10377 10305 10304
f 10383 10391 10300
f 10300 10391 10390
f 10300 10390 10293
f 10293 10390 10389
f 10293 10389 10292
f 10292 10389 10291
f 10291 10389 10388
f 10291 10388 10290
f 10290 10388 10387
f 10290 10387 10289
f 10289 10387 10248
f 10289 10248 10247
f 10373 10372 10242
f 10372 10371 10242
f 10242 10371 10370
f 10242 10370 10241
f 10241 10370 10403
f 10140 10139 10401
f 10401 10139 10137
f 10401 10137 10194
f 10194 10137 10135
f 10194 10135 10195
f 10195 10135 10133
f 10195 10133 10132
f 10398 10153 10399
f 10399 10153 10151
f 10399 10151 10400
f 10400 10151 10149
f 10149 10147 10400
f 10400 10147 10146
f 10400 10146 10402
f 10402 10146 10144
f 10402 10144 10401
f 10401 10144 10142
f 10401 10142 10140
f 10170 10169 10396
f 10396 10169 10168
f 10396 10168 10159
f 10159 10161 10396
f 10396 10161 10163
f 10396 10163 10397
f 10397 10163 10157
f 10397 10157 10398
f 10398 10157 10155
f 10398 10155 10153
f 10174 10172 10394
f 10394 10172 10171
f 10394 10171 10165
f 10170 10396 10165
f 10165 10396 10395
f 10165 10395 10394
f 10351 10411 10352
f 10352 10411 10410
f 10352 10410 10353
f 10353 10410 10409
f 10353 10409 10354
f 10354 10409 10355
f 10404 10361 10406
f 10406 10361 10362
f 10406 10362 10407
f 10407 10362 10363
f 10363 10364 10407
f 10407 10364 10365
f 10407 10365 10408
f 10408 10365 10357
f 10408 10357 10409
f 10409 10357 10356
f 10409 10356 10355
f 10370 10369 10403
f 10403 10369 10368
f 10403 10368 10367
f 10367 10366 10403
f 10403 10366 10358
f 10403 10358 10405
f 10405 10358 10359
f 10405 10359 10404
f 10404 10359 10360
f 10404 10360 10361
f 10231 10206 10232
f 10232 10206 10205
f 10232 10205 10233
f 10233 10205 10204
f 10233 10204 10234
f 10234 10204 10203
f 10234 10203 10235
f 10235 10203 10202
f 10235 10202 10236
f 10236 10202 10201
f 10236 10201 10237
f 10237 10201 10200
f 10237 10200 10238
f 10238 10200 10199
f 10238 10199 10239
f 10239 10199 10198
f 10239 10198 10240
f 10240 10198 10197
f 10240 10197 10243
f 10243 10197 10196
f 10243 10196 10242
f 10242 10196 10195
f 10242 10195 10373
f 10373 10195 10132
f 10351 10174 10411
f 10411 10174 10394
f 10411 10394 10412
f 10412 10394 10393
f 10412 10393 10413
f 10413 10393 10392
f 10413 10392 10314
f 10314 10392 10315

