mtllib material.mtl
usemtl mtl_GRIPPER_BASE
v -0.02390000 -0.02449490 0.02500000
v -0.02390000 -0.10000000 0.02500000
v -0.01405351 -0.10000000 0.02500000
v -0.00627997 0.06357445 0.02500000
v -0.00503229 0.06382074 0.02500000
v -0.01140617 0.06318855 0.02500000
v -0.00742493 0.06270052 0.02500000
v -0.01405351 0.10000000 0.02500000
v -0.01413254 0.06000284 0.02500000
v -0.01403237 0.06162287 0.02500000
v -0.00835294 0.05597090 0.02500000
v -0.00468903 0.05496992 0.02500000
v -0.00706966 0.05814822 0.02500000
v -0.00371010 0.05669644 0.02500000
v -0.00481497 0.06113389 0.02500000
v -0.00548847 0.06092658 0.02500000
v -0.00606264 0.06032329 0.02500000
v 0.00410000 0.10000000 0.02500000
v -0.00334302 0.06338836 0.02500000
v -0.00229335 0.06230369 0.02500000
v -0.01038390 0.02474150 0.02500000
v -0.01238202 0.02610085 0.02500000
v -0.01405351 0.01544152 0.02500000
v -0.00362702 0.06022127 0.02500000
v -0.00407989 0.06086900 0.02500000
v -0.00338511 0.05865447 0.02500000
v -0.00460139 0.06111499 0.02500000
v -0.01361887 0.06318855 0.02500000
v -0.01413254 0.03087564 0.02500000
v -0.01365221 0.03356604 0.02500000
v -0.01203990 0.03579218 0.02500000
v -0.01367198 0.05726533 0.02500000
v -0.00680659 0.05880168 0.02500000
v -0.01197053 0.05854735 0.02500000
v -0.01153464 0.05791399 0.02500000
v -0.01223593 0.06006458 0.02500000
v -0.01104204 0.05767636 0.02500000
v -0.01082089 0.05765678 0.02500000
v -0.00188835 0.06142941 0.02500000
v -0.00148851 0.05866435 0.02500000
v 0.00410000 0.01544152 0.02500000
v -0.00166262 0.05676032 0.02500000
v -0.00231827 0.05496992 0.02500000
v -0.00197431 0.02793881 0.02500000
v -0.00362278 0.02564662 0.02500000
v -0.00616786 0.02439612 0.02500000
v -0.00765988 0.02424493 0.02500000
v -0.00872672 0.06030906 0.02500000
v -0.01204740 0.06168821 0.02500000
v -0.00913222 0.05936320 0.02500000
v -0.00960066 0.05847048 0.02500000
v -0.01017571 0.05785119 0.02500000
v -0.00521103 0.03670972 0.02500000
v -0.00293772 0.03504702 0.02500000
v -0.00169021 0.03251400 0.02500000
v -0.00148851 0.03066573 0.02500000
v -0.00792659 0.03720506 0.02500000
v -0.00955301 0.03703061 0.02500000
v -0.00968419 0.05510564 0.02500000
v -0.01060604 0.05496992 0.02500000
v -0.01209204 0.05532444 0.02500000
v -0.01267071 0.05574142 0.02500000
v -0.03390000 0.02449490 0.02500000
v -0.03390000 0.01833030 0.02500000
v -0.03090000 0.01833030 0.02500000
v -0.02390000 0.10000000 0.02500000
v -0.02390000 0.02449490 0.02500000
v -0.01381226 0.02854818 0.02500000
v -0.02390000 0.01833030 0.02500000
v -0.02390000 0.01544152 0.02500000
v -0.02390000 0.00268375 0.02500000
v -0.01590000 -0.00268375 0.02500000
v -0.02390000 -0.00268375 0.02500000
v -0.02390000 -0.01833030 0.02500000
v -0.01590000 0.00268375 0.02500000
v -0.03090000 -0.01833030 0.02500000
v -0.03390000 -0.02449490 0.02500000
v -0.03390000 -0.01833030 0.02500000
v -0.00148851 -0.02964581 0.02500000
v -0.00164656 -0.00505761 0.02500000
v -0.00179596 -0.02731070 0.02500000
v -0.00281771 -0.02550482 0.02500000
v -0.01397449 -0.02408688 0.02500000
v -0.00691408 -0.02408688 0.02500000
v -0.00450590 -0.02444715 0.02500000
v -0.00765494 -0.06030906 0.02500000
v -0.00765494 -0.06034363 0.02500000
v -0.00735057 -0.06018263 0.02500000
v -0.00164656 -0.06034363 0.02500000
v -0.00705484 -0.06003741 0.02500000
v -0.00164656 -0.05568609 0.02500000
v -0.01397449 -0.00505761 0.02500000
v -0.01397449 -0.00056305 0.02500000
v -0.01364673 0.00240597 0.02500000
v -0.01239969 0.00492070 0.02500000
v -0.00530642 0.00609587 0.02500000
v -0.00796116 0.00663812 0.02500000
v -0.01051150 0.00621956 0.02500000
v -0.00184340 -0.03206222 0.02500000
v -0.00279234 -0.03364112 0.02500000
v -0.01397449 -0.05275722 0.02500000
v -0.00457196 -0.03469716 0.02500000
v -0.00676344 -0.03499236 0.02500000
v -0.00817354 -0.06034363 0.02500000
v -0.00817354 -0.06030906 0.02500000
v -0.01397449 -0.06034363 0.02500000
v -0.00848686 -0.06017855 0.02500000
v -0.00323509 0.00444063 0.02500000
v -0.00199057 0.00200056 0.02500000
v -0.00164656 -0.00061985 0.02500000
v -0.00675603 -0.03230550 0.02500000
v -0.00498482 -0.03200212 0.02500000
v -0.01397449 -0.03230550 0.02500000
v -0.00405096 -0.03129134 0.02500000
v -0.00360768 -0.03024907 0.02500000
v -0.00808711 -0.05781483 0.02500000
v -0.00164656 -0.05228307 0.02500000
v -0.00354316 -0.02951245 0.02500000
v -0.00380038 -0.02816478 0.02500000
v -0.00440101 -0.02738878 0.02500000
v -0.00555033 -0.02687891 0.02500000
v -0.00664737 -0.02677373 0.02500000
v -0.01397449 -0.02677373 0.02500000
v 0.00410000 -0.10000000 0.02500000
v -0.00164656 -0.06303049 0.02500000
v -0.01397449 -0.06303049 0.02500000
v -0.01397449 -0.03499236 0.02500000
v -0.01397449 -0.05591081 0.02500000
v -0.00879093 -0.06002754 0.02500000
v -0.03090000 0.01148708 0.02879318
v -0.02390000 0.01148708 0.02879318
v -0.03090000 0.00391209 0.03075216
v -0.02390000 0.00391209 0.03075216
v -0.02390000 0.00000000 0.03100000
v -0.03090000 -0.00391209 0.03075216
v -0.02390000 -0.00391209 0.03075216
v -0.03090000 -0.01148708 0.02879318
v -0.02390000 -0.01148708 0.02879318
v -0.02390000 0.02949883 0.01883664
v -0.02390000 0.03298504 0.01170414
v -0.02390000 0.10000000 -0.02500000
v -0.02390000 0.02449490 -0.02500000
v -0.02390000 0.02949883 -0.01883664
v -0.02390000 0.03298504 -0.01170414
v -0.02390000 0.03477418 -0.00396946
v -0.02390000 0.03477418 0.00396946
v -0.02390000 -0.01833030 -0.02500000
v -0.03090000 -0.01833030 -0.02500000
v -0.03090000 -0.01148708 -0.02879318
v -0.02390000 -0.01148708 -0.02879318
v -0.03090000 -0.00391209 -0.03075216
v -0.02390000 -0.00391209 -0.03075216
v -0.02390000 0.00000000 -0.03100000
v -0.03090000 0.00391209 -0.03075216
v -0.02390000 0.00391209 -0.03075216
v -0.03090000 0.01148708 -0.02879318
v -0.02390000 0.01148708 -0.02879318
v -0.03090000 0.01833030 -0.02500000
v -0.02390000 0.01833030 -0.02500000
v -0.02590000 -0.02650967 0.01606976
v -0.03090000 -0.02650967 0.01606976
v -0.02590000 -0.02684679 0.01550000
v -0.03090000 -0.02717166 0.01492317
v -0.02590000 -0.02717166 0.01492317
v -0.03090000 -0.02717166 -0.01492317
v -0.03090000 -0.02650967 -0.01606976
v -0.02590000 -0.02717166 -0.01492317
v -0.02590000 -0.02650967 -0.01606976
v -0.02390000 -0.02449490 -0.02500000
v -0.02390000 -0.10000000 -0.02500000
v -0.02390000 -0.02949883 -0.01883664
v -0.02390000 -0.03298504 -0.01170414
v -0.02390000 -0.02949883 0.01883664
v -0.02390000 -0.03298504 0.01170414
v -0.02390000 -0.03477418 0.00396946
v -0.02390000 -0.03477418 -0.00396946
v -0.01590000 -0.01360147 -0.01800000
v -0.01590000 -0.10000000 -0.01800000
v -0.01990000 -0.01360147 -0.01800000
v -0.01990000 -0.10000000 -0.01800000
v -0.01590000 0.01161325 0.01621671
v -0.01590000 0.01174328 0.01526031
v -0.01590000 0.01230609 0.01447619
v -0.01590000 0.02616474 0.01631865
v -0.01590000 0.10000000 0.01800000
v -0.01590000 0.02511474 0.01660000
v -0.01590000 0.01360147 0.01800000
v -0.01590000 0.02406474 0.01631865
v -0.01590000 0.02329608 0.01555000
v -0.01590000 0.02013989 -0.01492538
v -0.01590000 0.01895702 -0.01411931
v -0.01590000 0.01360147 -0.01800000
v -0.01590000 0.01194627 0.01712264
v -0.01590000 0.02301474 0.01450000
v -0.01590000 0.02329608 0.01345000
v -0.01590000 0.01537132 0.01116792
v -0.01590000 0.02406474 0.01268135
v -0.01590000 0.01174328 -0.01526031
v -0.01590000 0.01230609 -0.01447619
v -0.01590000 0.01830380 -0.01284564
v -0.01590000 0.01537132 -0.01116792
v -0.01590000 0.01833938 -0.01141467
v -0.01590000 0.01807007 -0.00587132
v -0.01590000 0.02511474 0.01240000
v -0.01590000 0.01900000 0.00000000
v -0.01590000 0.01807007 0.00587132
v -0.01590000 0.01905508 -0.01017503
v -0.01590000 0.02027655 -0.00942874
v -0.01590000 0.02616474 0.01268135
v -0.01590000 0.02170619 -0.00935761
v -0.01590000 0.02693339 0.01345000
v -0.01590000 0.02299570 -0.00997897
v -0.01590000 0.02646502 -0.01289167
v -0.01590000 0.02704314 -0.01366858
v -0.01590000 0.10000000 -0.01800000
v -0.01590000 0.02721117 -0.01462229
v -0.01590000 0.02693339 -0.01555000
v -0.01590000 0.01266479 0.01776710
v -0.01590000 0.02721474 0.01450000
v -0.01590000 0.02693339 0.01555000
v -0.01590000 0.01266479 -0.01776710
v -0.01590000 0.01194627 -0.01712264
v -0.01590000 0.01161325 -0.01621671
v -0.01590000 0.02626886 -0.01625442
v -0.01590000 0.02535891 -0.01658576
v -0.01590000 0.02439702 -0.01647355
v -0.01990000 -0.01360147 0.01800000
v -0.01990000 -0.10000000 0.01800000
v -0.01590000 -0.01360147 0.01800000
v -0.01590000 -0.10000000 0.01800000
v -0.01590000 0.00473313 0.02200000
v -0.01990000 0.00473313 0.02200000
v -0.01990000 0.10000000 0.02200000
v 0.00010000 -0.10000000 0.02200000
v -0.01990000 -0.10000000 0.02200000
v -0.01990000 -0.00473313 0.02200000
v -0.01590000 -0.00473313 0.02200000
v 0.00010000 0.10000000 0.02200000
v -0.02390000 0.00168875 -0.02802500
v -0.02390000 0.00195000 -0.02900000
v -0.02390000 0.00168875 -0.02997500
v -0.02390000 0.00097500 -0.03068875
v -0.02390000 -0.00168875 -0.02802500
v -0.02390000 -0.00195000 -0.02900000
v -0.02390000 -0.00168875 -0.02997500
v -0.02390000 -0.00097500 -0.02731125
v -0.02390000 0.00000000 -0.02705000
v -0.02390000 0.00097500 -0.02731125
v -0.02390000 0.00000000 -0.03095000
v -0.02390000 -0.00050470 -0.03088356
v -0.02390000 -0.00097500 -0.03068875
v -0.03090000 0.01983198 -0.01145000
v -0.03090000 0.01963102 -0.01220000
v -0.03090000 0.01931551 -0.01205000
v -0.03090000 -0.02286030 0.02093817
v -0.03090000 -0.01931551 0.02095000
v -0.03090000 -0.01931551 0.00135000
v -0.03090000 -0.00130000 0.02690000
v -0.03090000 -0.02416211 -0.01505000
v -0.03090000 -0.02401474 -0.01450000
v -0.03090000 -0.02332288 -0.01465000
v -0.03090000 -0.02332288 -0.01205000
v -0.03090000 -0.02416211 -0.01395000
v -0.03090000 -0.02456474 -0.01354737
v -0.03090000 -0.02511474 -0.01340000
v -0.03090000 -0.02621474 -0.01450000
v -0.03090000 -0.02731287 -0.01466312
v -0.03090000 -0.02606736 -0.01395000
v -0.03090000 -0.02852572 -0.01213604
v -0.03090000 -0.02566474 -0.01354737
v -0.03090000 -0.02606736 -0.01505000
v -0.03090000 -0.02566474 -0.01545263
v -0.03090000 -0.02286030 -0.02093817
v -0.03090000 -0.02511474 -0.01560000
v -0.03090000 -0.02456474 -0.01545263
v -0.03090000 -0.00132528 -0.01895372
v -0.03090000 -0.00587132 -0.01807007
v -0.03090000 -0.01116792 -0.01537132
v -0.03090000 -0.00055000 -0.02804737
v -0.03090000 -0.00095263 -0.02845000
v -0.03090000 0.00095263 -0.02955000
v -0.03090000 0.00110000 -0.02900000
v -0.03090000 -0.00110000 -0.02900000
v -0.03090000 -0.00095263 -0.02955000
v -0.03090000 0.00000000 -0.02790000
v -0.03090000 0.00000000 -0.01900000
v -0.03090000 0.00055000 -0.02804737
v -0.03090000 0.00132528 -0.01895372
v -0.03090000 0.00095263 -0.02845000
v -0.03090000 -0.00055000 -0.02995263
v -0.03090000 0.00000000 -0.03010000
v -0.03090000 0.00055000 -0.02995263
v -0.03090000 0.00587132 -0.01807007
v -0.03090000 0.01116792 -0.01537132
v -0.03090000 0.02416211 -0.01505000
v -0.03090000 0.02456474 -0.01545263
v -0.03090000 0.02363816 -0.02005585
v -0.03090000 0.02511474 -0.01560000
v -0.03090000 0.02566474 -0.01545263
v -0.03090000 0.02606736 -0.01505000
v -0.03090000 0.02765176 -0.01401358
v -0.03090000 0.02621474 -0.01450000
v -0.03090000 0.03015132 -0.00720401
v -0.03090000 0.02606736 -0.01395000
v -0.03090000 0.02566474 -0.01354737
v -0.03090000 0.02511474 -0.01340000
v -0.03090000 0.02401474 -0.01450000
v -0.03090000 0.02332288 -0.01465000
v -0.03090000 0.02416211 -0.01395000
v -0.03090000 0.02332288 -0.01205000
v -0.03090000 0.02456474 -0.01354737
v -0.03090000 0.02416211 0.01505000
v -0.03090000 0.02401474 0.01450000
v -0.03090000 0.02335540 0.02038444
v -0.03090000 0.03015132 0.00720401
v -0.03090000 0.03100000 0.00000000
v -0.03090000 0.02332288 0.00135000
v -0.03090000 0.02416211 0.01395000
v -0.03090000 0.02456474 0.01354737
v -0.03090000 0.02511474 0.01340000
v -0.03090000 0.02363816 0.02005585
v -0.03090000 0.02765176 0.01401358
v -0.03090000 0.02606736 0.01505000
v -0.03090000 0.02566474 0.01354737
v -0.03090000 0.02606736 0.01395000
v -0.03090000 0.02621474 0.01450000
v -0.03090000 0.02566474 0.01545263
v -0.03090000 0.02511474 0.01560000
v -0.03090000 0.02456474 0.01545263
v -0.03090000 0.01940337 0.02417663
v -0.03090000 0.02276435 0.02104244
v -0.03090000 0.01931551 0.02095000
v -0.03090000 0.00095263 0.02845000
v -0.03090000 0.00110000 0.02900000
v -0.03090000 0.00095263 0.02955000
v -0.03090000 0.00055000 0.02995263
v -0.03090000 0.00000000 0.03010000
v -0.03090000 -0.00055000 0.02995263
v -0.03090000 -0.00095263 0.02955000
v -0.03090000 -0.00110000 0.02900000
v -0.03090000 -0.00095263 0.02845000
v -0.03090000 -0.00055000 0.02804737
v -0.03090000 0.00000000 0.02790000
v -0.03090000 0.00130000 0.02690000
v -0.03090000 0.00055000 0.02804737
v -0.03090000 -0.00150000 0.02440000
v -0.03090000 -0.00129904 0.02365000
v -0.03090000 -0.00129904 0.02515000
v -0.03090000 -0.02332288 0.00135000
v -0.03090000 -0.02416211 0.01395000
v -0.03090000 -0.02401474 0.01450000
v -0.03090000 -0.02621474 0.01450000
v -0.03090000 -0.03002767 0.00770320
v -0.03090000 -0.02606736 0.01395000
v -0.03090000 -0.02566474 0.01354737
v -0.03090000 -0.02511474 0.01340000
v -0.03090000 -0.02456474 0.01354737
v -0.03090000 -0.02416211 0.01505000
v -0.03090000 -0.02456474 0.01545263
v -0.03090000 -0.02511474 0.01560000
v -0.03090000 -0.02566474 0.01545263
v -0.03090000 -0.02606736 0.01505000
v -0.03090000 -0.03100000 0.00000000
v -0.03090000 -0.02860737 0.00135000
v -0.03090000 -0.03002767 -0.00770320
v -0.03090000 -0.02883430 -0.01138347
v -0.03090000 -0.01931551 -0.01465000
v -0.03090000 -0.02038102 -0.01349904
v -0.03090000 -0.01983198 -0.01295000
v -0.03090000 -0.01931551 -0.01205000
v -0.03090000 -0.02188102 -0.01349904
v -0.03090000 -0.02113102 -0.01370000
v -0.03090000 -0.01963102 -0.01220000
v -0.03090000 -0.01983198 -0.01145000
v -0.03090000 -0.02038102 -0.01090096
v -0.03090000 -0.02113102 -0.01070000
v -0.03090000 -0.02188102 -0.01090096
v -0.03090000 -0.02243006 -0.01145000
v -0.03090000 -0.02263102 -0.01220000
v -0.03090000 -0.02243006 -0.01295000
v -0.03090000 0.00129904 0.02515000
v -0.03090000 0.00075000 0.02569904
v -0.03090000 0.00000000 0.02590000
v -0.03090000 -0.00075000 0.02569904
v -0.03090000 -0.00130000 0.02095000
v -0.03090000 -0.00075000 0.02310096
v -0.03090000 0.00000000 0.02290000
v -0.03090000 0.00130000 0.02095000
v -0.03090000 0.00075000 0.02310096
v -0.03090000 0.00129904 0.02365000
v -0.03090000 0.01931551 -0.01465000
v -0.03090000 0.01983198 -0.01295000
v -0.03090000 0.02038102 -0.01349904
v -0.03090000 0.02113102 -0.01370000
v -0.03090000 0.02188102 -0.01349904
v -0.03090000 0.02243006 -0.01295000
v -0.03090000 0.02263102 -0.01220000
v -0.03090000 0.02038102 -0.01090096
v -0.03090000 0.01931551 0.00135000
v -0.03090000 0.02243006 -0.01145000
v -0.03090000 0.02188102 -0.01090096
v -0.03090000 0.02113102 -0.01070000
v -0.03090000 0.00000000 0.01900000
v -0.03090000 -0.00587132 0.01807007
v -0.03090000 -0.01116792 0.01537132
v -0.03090000 -0.01537132 0.01116792
v -0.03090000 -0.01807007 0.00587132
v -0.03090000 -0.01900000 0.00000000
v -0.03090000 -0.01807007 -0.00587132
v -0.03090000 0.01900000 0.00000000
v -0.03090000 0.01807007 0.00587132
v -0.03090000 0.01537132 0.01116792
v -0.03090000 0.01116792 0.01537132
v -0.03090000 0.00587132 0.01807007
v -0.03090000 0.00150000 0.02440000
v -0.03090000 0.01537132 -0.01116792
v -0.03090000 0.01807007 -0.00587132
v -0.03090000 -0.01537132 -0.01116792
v -0.02390000 -0.00182526 0.02831377
v -0.02390000 -0.00193527 0.02923922
v -0.02390000 0.00238157 0.02577500
v -0.02390000 0.00129833 0.02754506
v -0.02390000 0.00047483 0.02710870
v -0.02390000 0.00137500 0.02678157
v -0.02390000 -0.00238157 0.02577500
v -0.02390000 0.00160322 0.03011004
v -0.02390000 0.00182526 0.02831377
v -0.02390000 0.00193527 0.02923922
v -0.02390000 -0.00129833 0.02754506
v -0.02390000 -0.00137500 0.02678157
v -0.02390000 -0.00047483 0.02710870
v -0.02390000 -0.00160322 0.03011004
v -0.02390000 -0.00090497 0.03072729
v -0.02390000 0.00000000 0.03095000
v -0.02390000 0.00046598 0.03089350
v -0.02390000 0.00090497 0.03072729
v -0.02590000 -0.02621474 -0.01450000
v -0.02590000 -0.02606736 -0.01505000
v -0.02590000 -0.02566474 -0.01545263
v -0.02590000 -0.02511474 -0.01560000
v -0.02590000 -0.02456474 -0.01545263
v -0.02590000 -0.02416211 -0.01505000
v -0.02590000 -0.02401474 -0.01450000
v -0.02590000 -0.02416211 -0.01395000
v -0.02590000 -0.02456474 -0.01354737
v -0.02590000 -0.02511474 -0.01340000
v -0.02590000 -0.02566474 -0.01354737
v -0.02590000 -0.02606736 -0.01395000
v -0.02590000 -0.02299570 -0.00997897
v -0.02590000 -0.02646502 -0.01289167
v -0.02590000 -0.02704314 -0.01366858
v -0.02590000 -0.02250602 -0.01458157
v -0.02590000 -0.02439702 -0.01647355
v -0.02590000 -0.02113102 -0.01495000
v -0.02590000 -0.02013989 -0.01492538
v -0.02590000 -0.01975602 -0.01458157
v -0.02590000 -0.01895702 -0.01411931
v -0.02590000 -0.01874945 -0.01357500
v -0.02590000 -0.01830380 -0.01284564
v -0.02590000 -0.01838102 -0.01220000
v -0.02590000 -0.01833938 -0.01141467
v -0.02590000 -0.01874945 -0.01082500
v -0.02590000 -0.01905508 -0.01017503
v -0.02590000 -0.01975602 -0.00981843
v -0.02590000 -0.02027655 -0.00942874
v -0.02590000 -0.02113102 -0.00945000
v -0.02590000 -0.02170619 -0.00935761
v -0.02590000 -0.02250602 -0.00981843
v -0.02590000 -0.02351259 -0.01082500
v -0.02590000 -0.02388102 -0.01220000
v -0.02590000 -0.02351259 -0.01357500
v -0.02590000 -0.02535891 -0.01658576
v -0.02590000 -0.02626886 -0.01625442
v -0.02590000 -0.02721117 -0.01462229
v -0.02590000 -0.02621474 0.01450000
v -0.02590000 -0.02606736 0.01395000
v -0.02590000 -0.02566474 0.01354737
v -0.02590000 -0.02511474 0.01340000
v -0.02590000 -0.02456474 0.01354737
v -0.02590000 -0.02416211 0.01395000
v -0.02590000 -0.02401474 0.01450000
v -0.02590000 -0.02416211 0.01505000
v -0.02590000 -0.02456474 0.01545263
v -0.02590000 -0.02511474 0.01560000
v -0.02590000 -0.02566474 0.01545263
v -0.02590000 -0.02606736 0.01505000
v -0.02590000 -0.02721474 0.01450000
v -0.02590000 -0.02693339 0.01345000
v -0.02590000 -0.02616474 0.01268135
v -0.02590000 -0.02511474 0.01240000
v -0.02590000 -0.02406474 0.01268135
v -0.02590000 -0.02329608 0.01345000
v -0.02590000 -0.02301474 0.01450000
v -0.02590000 -0.02329608 0.01555000
v -0.02590000 -0.02406474 0.01631865
v -0.02590000 -0.02511474 0.01660000
v -0.02590000 -0.02616474 0.01631865
v -0.02590000 -0.00110000 0.02900000
v -0.02590000 -0.00095263 0.02845000
v -0.02590000 -0.00055000 0.02804737
v -0.02590000 0.00000000 0.02790000
v -0.02590000 0.00055000 0.02804737
v -0.02590000 0.00095263 0.02845000
v -0.02590000 0.00110000 0.02900000
v -0.02590000 0.00095263 0.02955000
v -0.02590000 0.00055000 0.02995263
v -0.02590000 0.00000000 0.03010000
v -0.02590000 -0.00055000 0.02995263
v -0.02590000 -0.00095263 0.02955000
v -0.02590000 -0.00047483 0.02710870
v -0.02590000 0.00000000 0.02715000
v -0.02590000 0.00047483 0.02710870
v -0.02590000 0.00129833 0.02754506
v -0.02590000 0.00182526 0.02831377
v -0.02590000 0.00193527 0.02923922
v -0.02590000 0.00160322 0.03011004
v -0.02590000 0.00090497 0.03072729
v -0.02590000 0.00000000 0.03095000
v -0.02590000 -0.00090497 0.03072729
v -0.02590000 -0.00160322 0.03011004
v -0.02590000 -0.00193527 0.02923922
v -0.02590000 -0.00182526 0.02831377
v -0.02590000 -0.00129833 0.02754506
v -0.02590000 0.02401474 0.01450000
v -0.02590000 0.02416211 0.01395000
v -0.02590000 0.02456474 0.01354737
v -0.02590000 0.02511474 0.01340000
v -0.02590000 0.02566474 0.01354737
v -0.02590000 0.02606736 0.01395000
v -0.02590000 0.02621474 0.01450000
v -0.02590000 0.02606736 0.01505000
v -0.02590000 0.02566474 0.01545263
v -0.02590000 0.02511474 0.01560000
v -0.02590000 0.02456474 0.01545263
v -0.02590000 0.02416211 0.01505000
v -0.02590000 0.02717166 0.01492317
v -0.02590000 0.02684679 0.01550000
v -0.02590000 0.02650967 0.01606976
v -0.02590000 0.02616474 0.01631865
v -0.02590000 0.02511474 0.01660000
v -0.02590000 0.02406474 0.01631865
v -0.02590000 0.02329608 0.01555000
v -0.02590000 0.02301474 0.01450000
v -0.02590000 0.02329608 0.01345000
v -0.02590000 0.02406474 0.01268135
v -0.02590000 0.02511474 0.01240000
v -0.02590000 0.02616474 0.01268135
v -0.02590000 0.02693339 0.01345000
v -0.02590000 0.02721474 0.01450000
v -0.02590000 -0.00110000 -0.02900000
v -0.02590000 -0.00095263 -0.02955000
v -0.02590000 -0.00055000 -0.02995263
v -0.02590000 0.00000000 -0.03010000
v -0.02590000 0.00055000 -0.02995263
v -0.02590000 0.00095263 -0.02955000
v -0.02590000 0.00110000 -0.02900000
v -0.02590000 0.00095263 -0.02845000
v -0.02590000 0.00055000 -0.02804737
v -0.02590000 0.00000000 -0.02790000
v -0.02590000 -0.00055000 -0.02804737
v -0.02590000 -0.00095263 -0.02845000
v -0.02590000 -0.00097500 -0.02731125
v -0.02590000 -0.00168875 -0.02802500
v -0.02590000 -0.00195000 -0.02900000
v -0.02590000 -0.00168875 -0.02997500
v -0.02590000 -0.00097500 -0.03068875
v -0.02590000 0.00000000 -0.03095000
v -0.02590000 0.00097500 -0.03068875
v -0.02590000 0.00168875 -0.02997500
v -0.02590000 0.00195000 -0.02900000
v -0.02590000 0.00168875 -0.02802500
v -0.02590000 0.00097500 -0.02731125
v -0.02590000 0.00000000 -0.02705000
v -0.02590000 0.02401474 -0.01450000
v -0.02590000 0.02416211 -0.01505000
v -0.02590000 0.02456474 -0.01545263
v -0.02590000 0.02511474 -0.01560000
v -0.02590000 0.02566474 -0.01545263
v -0.02590000 0.02606736 -0.01505000
v -0.02590000 0.02621474 -0.01450000
v -0.02590000 0.02606736 -0.01395000
v -0.02590000 0.02566474 -0.01354737
v -0.02590000 0.02511474 -0.01340000
v -0.02590000 0.02456474 -0.01354737
v -0.02590000 0.02416211 -0.01395000
v -0.02590000 0.02299570 -0.00997897
v -0.02590000 0.02646502 -0.01289167
v -0.02590000 0.02704314 -0.01366858
v -0.02590000 0.02721117 -0.01462229
v -0.02590000 0.02013989 -0.01492538
v -0.02590000 0.02439702 -0.01647355
v -0.02590000 0.02535891 -0.01658576
v -0.02590000 0.02626886 -0.01625442
v -0.02590000 0.02650967 -0.01606976
v -0.02590000 0.02717166 -0.01492317
v -0.02590000 0.02351259 -0.01082500
v -0.02590000 0.02250602 -0.00981843
v -0.02590000 0.02170619 -0.00935761
v -0.02590000 0.02113102 -0.00945000
v -0.02590000 0.02027655 -0.00942874
v -0.02590000 0.01975602 -0.00981843
v -0.02590000 0.01905508 -0.01017503
v -0.02590000 0.01874945 -0.01082500
v -0.02590000 0.01833938 -0.01141467
v -0.02590000 0.01838102 -0.01220000
v -0.02590000 0.01830380 -0.01284564
v -0.02590000 0.01874945 -0.01357500
v -0.02590000 0.01895702 -0.01411931
v -0.02590000 0.01975602 -0.01458157
v -0.02590000 0.02113102 -0.01495000
v -0.02590000 0.02250602 -0.01458157
v -0.02590000 0.02351259 -0.01357500
v -0.02590000 0.02388102 -0.01220000
v -0.02690000 -0.02388102 -0.01220000
v -0.02690000 -0.02351259 -0.01357500
v -0.02690000 -0.02250602 -0.01458157
v -0.02690000 -0.02113102 -0.01495000
v -0.02690000 -0.01975602 -0.01458157
v -0.02690000 -0.01874945 -0.01357500
v -0.02690000 -0.01838102 -0.01220000
v -0.02690000 -0.01874945 -0.01082500
v -0.02690000 -0.01975602 -0.00981843
v -0.02690000 -0.02113102 -0.00945000
v -0.02690000 -0.02250602 -0.00981843
v -0.02690000 -0.02351259 -0.01082500
v -0.02690000 -0.02263102 -0.01220000
v -0.02690000 -0.02243006 -0.01295000
v -0.02690000 -0.02188102 -0.01349904
v -0.02690000 -0.02113102 -0.01370000
v -0.02690000 -0.02038102 -0.01349904
v -0.02690000 -0.01983198 -0.01295000
v -0.02690000 -0.01963102 -0.01220000
v -0.02690000 -0.01983198 -0.01145000
v -0.02690000 -0.02038102 -0.01090096
v -0.02690000 -0.02113102 -0.01070000
v -0.02690000 -0.02188102 -0.01090096
v -0.02690000 -0.02243006 -0.01145000
v -0.02690000 -0.00137500 0.02678157
v -0.02690000 -0.00238157 0.02577500
v -0.02690000 -0.00275000 0.02440000
v -0.02690000 0.00000000 0.02715000
v -0.02690000 0.00137500 0.02678157
v -0.01590000 0.00275000 0.02440000
v -0.02690000 0.00238157 0.02577500
v -0.02690000 0.00275000 0.02440000
v -0.01590000 -0.00275000 0.02440000
v -0.01590000 -0.00274023 0.02416842
v -0.01990000 -0.00274023 0.02416842
v -0.01590000 0.00274023 0.02416842
v -0.01990000 0.00274023 0.02416842
v -0.01990000 0.00238157 0.02302500
v -0.02690000 0.00238157 0.02302500
v -0.01990000 0.00137500 0.02201843
v -0.02690000 0.00137500 0.02201843
v -0.01990000 0.00000000 0.02165000
v -0.02690000 0.00000000 0.02165000
v -0.01990000 -0.00137500 0.02201843
v -0.02690000 -0.00137500 0.02201843
v -0.01990000 -0.00238157 0.02302500
v -0.02690000 -0.00238157 0.02302500
v -0.02690000 -0.00150000 0.02440000
v -0.02690000 -0.00129904 0.02365000
v -0.02690000 -0.00075000 0.02310096
v -0.02690000 0.00000000 0.02290000
v -0.02690000 0.00075000 0.02310096
v -0.02690000 0.00129904 0.02365000
v -0.02690000 0.00150000 0.02440000
v -0.02690000 0.00129904 0.02515000
v -0.02690000 0.00075000 0.02569904
v -0.02690000 0.00000000 0.02590000
v -0.02690000 -0.00075000 0.02569904
v -0.02690000 -0.00129904 0.02515000
v -0.02690000 0.01838102 -0.01220000
v -0.02690000 0.01874945 -0.01357500
v -0.02690000 0.01975602 -0.01458157
v -0.02690000 0.02113102 -0.01495000
v -0.02690000 0.02250602 -0.01458157
v -0.02690000 0.02351259 -0.01357500
v -0.02690000 0.02388102 -0.01220000
v -0.02690000 0.02351259 -0.01082500
v -0.02690000 0.02250602 -0.00981843
v -0.02690000 0.02113102 -0.00945000
v -0.02690000 0.01975602 -0.00981843
v -0.02690000 0.01874945 -0.01082500
v -0.02690000 0.01963102 -0.01220000
v -0.02690000 0.01983198 -0.01295000
v -0.02690000 0.02038102 -0.01349904
v -0.02690000 0.02113102 -0.01370000
v -0.02690000 0.02188102 -0.01349904
v -0.02690000 0.02243006 -0.01295000
v -0.02690000 0.02263102 -0.01220000
v -0.02690000 0.02243006 -0.01145000
v -0.02690000 0.02188102 -0.01090096
v -0.02690000 0.02113102 -0.01070000
v -0.02690000 0.02038102 -0.01090096
v -0.02690000 0.01983198 -0.01145000
v -0.01990000 -0.01230609 0.01447619
v -0.01590000 -0.01230609 0.01447619
v -0.01590000 -0.01537132 0.01116792
v -0.01990000 0.01230609 -0.01447619
v -0.01990000 0.01230609 0.01447619
v -0.01990000 0.01116792 -0.01537132
v -0.01990000 0.00587132 -0.01807007
v -0.01990000 0.00000000 -0.01900000
v -0.01990000 -0.00587132 -0.01807007
v -0.01990000 -0.01116792 -0.01537132
v -0.01990000 -0.01230609 -0.01447619
v -0.01590000 -0.01230609 -0.01447619
v -0.01990000 0.01116792 0.01537132
v -0.01990000 0.00587132 0.01807007
v -0.01990000 0.00000000 0.01900000
v -0.01990000 -0.00587132 0.01807007
v -0.01990000 -0.01116792 0.01537132
v -0.01590000 -0.01807007 0.00587132
v -0.01590000 -0.01900000 0.00000000
v -0.01590000 -0.01807007 -0.00587132
v -0.01590000 -0.01537132 -0.01116792
v -0.00390000 -0.10000000 -0.01300000
v -0.00390000 -0.10000000 -0.01800000
v 0.00410000 -0.10000000 -0.01300000
v 0.00010000 -0.10000000 -0.01800000
v 0.00410000 -0.10000000 -0.02500000
v 0.00010000 -0.10000000 -0.02200000
v -0.01990000 -0.10000000 -0.02200000
v -0.00390000 -0.10000000 0.01800000
v -0.00390000 -0.10000000 0.01300000
v 0.00010000 -0.10000000 0.01800000
v 0.00410000 -0.10000000 0.01300000
v -0.00390000 0.10000000 0.01300000
v -0.00390000 0.10000000 0.01800000
v 0.00410000 0.10000000 0.01300000
v 0.00010000 0.10000000 0.01800000
v -0.01990000 0.10000000 0.01800000
v -0.00390000 0.10000000 -0.01800000
v -0.00390000 0.10000000 -0.01300000
v 0.00010000 0.10000000 -0.01800000
v 0.00410000 0.10000000 -0.01300000
v 0.00010000 0.10000000 -0.02200000
v 0.00410000 0.10000000 -0.02500000
v -0.01990000 0.10000000 -0.02200000
v -0.01990000 0.10000000 -0.01800000
v -0.01990000 -0.01174328 -0.01526031
v -0.01990000 -0.01161325 -0.01621671
v -0.01990000 -0.01194627 -0.01712264
v -0.01990000 -0.01266479 -0.01776710
v -0.01990000 0.01360147 -0.01800000
v -0.01990000 0.01266479 -0.01776710
v -0.01990000 0.01194627 -0.01712264
v -0.01990000 0.01161325 -0.01621671
v -0.01990000 0.01174328 -0.01526031
v -0.01590000 -0.01194627 0.01712264
v -0.01590000 -0.01266479 0.01776710
v -0.01590000 -0.02693339 0.01555000
v -0.01590000 -0.02616474 0.01631865
v -0.01590000 -0.02511474 0.01660000
v -0.01590000 -0.01161325 0.01621671
v -0.01590000 -0.02329608 0.01555000
v -0.01590000 -0.02406474 0.01631865
v -0.01590000 -0.02406474 0.01268135
v -0.01590000 -0.02329608 0.01345000
v -0.01590000 -0.02301474 0.01450000
v -0.01590000 -0.01174328 0.01526031
v -0.01590000 -0.02693339 -0.01555000
v -0.01590000 -0.02721117 -0.01462229
v -0.01590000 -0.02704314 -0.01366858
v -0.01590000 -0.02693339 0.01345000
v -0.01590000 -0.02721474 0.01450000
v -0.01590000 -0.02013989 -0.01492538
v -0.01590000 -0.02439702 -0.01647355
v -0.01590000 -0.02535891 -0.01658576
v -0.01590000 -0.02626886 -0.01625442
v -0.01590000 -0.02646502 -0.01289167
v -0.01590000 -0.02299570 -0.00997897
v -0.01590000 -0.02616474 0.01268135
v -0.01590000 -0.02170619 -0.00935761
v -0.01590000 -0.02511474 0.01240000
v -0.01590000 -0.01895702 -0.01411931
v -0.01590000 -0.01266479 -0.01776710
v -0.01590000 -0.01194627 -0.01712264
v -0.01590000 -0.02027655 -0.00942874
v -0.01590000 -0.01905508 -0.01017503
v -0.01590000 -0.01833938 -0.01141467
v -0.01590000 -0.01830380 -0.01284564
v -0.01590000 -0.01174328 -0.01526031
v -0.01590000 -0.01161325 -0.01621671
v -0.03390000 0.01833030 -0.02500000
v -0.03390000 0.02449490 -0.02500000
v -0.03390000 -0.02449490 -0.02500000
v -0.03390000 -0.01833030 -0.02500000
v -0.01990000 0.01360147 0.01800000
v -0.01990000 0.01194627 0.01712264
v -0.01990000 0.01161325 0.01621671
v -0.01990000 0.01174328 0.01526031
v -0.01990000 0.00392899 0.02216878
v -0.01990000 0.00326057 0.02264664
v -0.01990000 0.00284070 0.02335292
v -0.01990000 -0.01194627 0.01712264
v -0.01990000 -0.01161325 0.01621671
v -0.01990000 0.01266479 0.01776710
v -0.01990000 -0.01174328 0.01526031
v -0.01990000 -0.00284070 0.02335292
v -0.01990000 -0.00326057 0.02264664
v -0.01990000 -0.00392899 0.02216878
v -0.01990000 -0.01266479 0.01776710
v -0.02390000 0.02650967 -0.01606976
v -0.02390000 0.02717166 -0.01492317
v -0.02390000 0.02693339 -0.01555000
v -0.02390000 0.02717166 0.01492317
v -0.02390000 0.02650967 0.01606976
v -0.02390000 0.02693339 0.01555000
v -0.03390000 -0.02717166 0.01492317
v -0.03390000 -0.02693339 0.01555000
v -0.03390000 -0.02650967 0.01606976
v -0.03390000 -0.02717166 -0.01492317
v -0.03390000 -0.02693339 -0.01555000
v -0.03390000 -0.02650967 -0.01606976
v -0.01590000 0.00392899 0.02216878
v -0.01590000 -0.00392899 0.02216878
v -0.01590000 0.00284070 0.02335292
v -0.01590000 -0.00284070 0.02335292
v -0.01590000 -0.00326057 0.02264664
v -0.01590000 0.00326057 0.02264664
v -0.03390000 -0.02949883 -0.01883664
v -0.03390000 -0.03298504 -0.01170414
v -0.03390000 -0.03477418 -0.00396946
v -0.03390000 -0.03477418 0.00396946
v -0.03390000 -0.03298504 0.01170414
v -0.03390000 -0.02949883 0.01883664
v -0.03390000 -0.02286030 0.02093817
v -0.03390000 -0.03002767 0.00770320
v -0.03390000 -0.03100000 0.00000000
v -0.03390000 -0.03002767 -0.00770320
v -0.03390000 -0.02286030 -0.02093817
v -0.02390000 0.02684679 0.01550000
v -0.02390000 0.02684679 -0.01550000
v -0.03390000 0.02363816 -0.02005585
v -0.03390000 0.02765176 -0.01401358
v -0.03390000 0.03015132 -0.00720401
v -0.03390000 0.03100000 0.00000000
v -0.03390000 0.03015132 0.00720401
v -0.03390000 0.02765176 0.01401358
v -0.03390000 0.02363816 0.02005585
v -0.03390000 0.02949883 0.01883664
v -0.03390000 0.03298504 0.01170414
v -0.03390000 0.03477418 0.00396946
v -0.03390000 0.03477418 -0.00396946
v -0.03390000 0.03298504 -0.01170414
v -0.03390000 0.02949883 -0.01883664
v -0.00808711 -0.05781483 0.02350000
v -0.00164656 -0.05228307 0.02350000
v -0.00164656 -0.05568609 0.02350000
v -0.00705484 -0.06003741 0.02350000
v -0.00765494 -0.06030906 0.02350000
v -0.00735057 -0.06018263 0.02350000
v -0.00765494 -0.06034363 0.02350000
v -0.00164656 -0.06034363 0.02350000
v -0.00164656 -0.06303049 0.02350000
v -0.01397449 -0.06303049 0.02350000
v -0.01397449 -0.06034363 0.02350000
v -0.00817354 -0.06034363 0.02350000
v -0.00817354 -0.06030906 0.02350000
v -0.00879093 -0.06002754 0.02350000
v -0.00848686 -0.06017855 0.02350000
v -0.01397449 -0.05591081 0.02350000
v -0.01397449 -0.05275722 0.02350000
v -0.01397449 -0.02408688 0.02350000
v -0.00691408 -0.02408688 0.02350000
v -0.00148851 -0.02964581 0.02350000
v -0.00179596 -0.02731070 0.02350000
v -0.00281771 -0.02550482 0.02350000
v -0.00450590 -0.02444715 0.02350000
v -0.00676344 -0.03499236 0.02350000
v -0.00457196 -0.03469716 0.02350000
v -0.00279234 -0.03364112 0.02350000
v -0.00184340 -0.03206222 0.02350000
v -0.01397449 -0.03499236 0.02350000
v -0.01397449 -0.03230550 0.02350000
v -0.00675603 -0.03230550 0.02350000
v -0.00354316 -0.02951245 0.02350000
v -0.00360768 -0.03024907 0.02350000
v -0.00405096 -0.03129134 0.02350000
v -0.00498482 -0.03200212 0.02350000
v -0.00664737 -0.02677373 0.02350000
v -0.00555033 -0.02687891 0.02350000
v -0.00440101 -0.02738878 0.02350000
v -0.00380038 -0.02816478 0.02350000
v -0.01397449 -0.02677373 0.02350000
v -0.00164656 -0.00061985 0.02350000
v -0.00164656 -0.00505761 0.02350000
v -0.01397449 -0.00505761 0.02350000
v -0.01397449 -0.00056305 0.02350000
v -0.00796116 0.00663812 0.02350000
v -0.01051150 0.00621956 0.02350000
v -0.01239969 0.00492070 0.02350000
v -0.01364673 0.00240597 0.02350000
v -0.00199057 0.00200056 0.02350000
v -0.00323509 0.00444063 0.02350000
v -0.00530642 0.00609587 0.02350000
v -0.01207788 -0.00069147 0.02350000
v -0.01207788 -0.00237076 0.02350000
v -0.00354316 -0.00237076 0.02350000
v -0.00354316 -0.00070876 0.02350000
v -0.00396632 0.00157191 0.02350000
v -0.00510116 0.00306601 0.02350000
v -0.00686083 0.00385580 0.02350000
v -0.00793400 0.00395126 0.02350000
v -0.00996204 0.00352753 0.02350000
v -0.01108173 0.00262967 0.02350000
v -0.01192900 0.00079450 0.02350000
v -0.01207788 -0.00069147 0.02500000
v -0.01207788 -0.00237076 0.02500000
v -0.01192900 0.00079450 0.02500000
v -0.01108173 0.00262967 0.02500000
v -0.00996204 0.00352753 0.02500000
v -0.00793400 0.00395126 0.02500000
v -0.00686083 0.00385580 0.02500000
v -0.00510116 0.00306601 0.02500000
v -0.00396632 0.00157191 0.02500000
v -0.00354316 -0.00070876 0.02500000
v -0.00354316 -0.00237076 0.02500000
v -0.00765988 0.02424493 0.02350000
v -0.00616786 0.02439612 0.02350000
v -0.00362278 0.02564662 0.02350000
v -0.00197431 0.02793881 0.02350000
v -0.00148851 0.03066573 0.02350000
v -0.01413254 0.03087564 0.02350000
v -0.01381226 0.02854818 0.02350000
v -0.01238202 0.02610085 0.02350000
v -0.01038390 0.02474150 0.02350000
v -0.00792659 0.03720506 0.02350000
v -0.00955301 0.03703061 0.02350000
v -0.01203990 0.03579218 0.02350000
v -0.01365221 0.03356604 0.02350000
v -0.00169021 0.03251400 0.02350000
v -0.00293772 0.03504702 0.02350000
v -0.00521103 0.03670972 0.02350000
v -0.01207788 0.03079414 0.02350000
v -0.00394385 0.03256333 0.02350000
v -0.00496696 0.03374161 0.02350000
v -0.00679789 0.03445055 0.02350000
v -0.00776113 0.03451820 0.02350000
v -0.01165000 0.02892507 0.02350000
v -0.01056665 0.02773078 0.02350000
v -0.00862195 0.02698681 0.02350000
v -0.00779323 0.02693179 0.02350000
v -0.01198670 0.03173125 0.02350000
v -0.01133170 0.03313280 0.02350000
v -0.01002889 0.03409833 0.02350000
v -0.00354316 0.03070277 0.02350000
v -0.00359966 0.02997504 0.02350000
v -0.00420606 0.02850925 0.02350000
v -0.00553448 0.02741844 0.02350000
v -0.00779323 0.02693179 0.02500000
v -0.00862195 0.02698681 0.02500000
v -0.01056665 0.02773078 0.02500000
v -0.01165000 0.02892507 0.02500000
v -0.01207788 0.03079414 0.02500000
v -0.01198670 0.03173125 0.02500000
v -0.01133170 0.03313280 0.02500000
v -0.01002889 0.03409833 0.02500000
v -0.00776113 0.03451820 0.02500000
v -0.00679789 0.03445055 0.02500000
v -0.00496696 0.03374161 0.02500000
v -0.00394385 0.03256333 0.02500000
v -0.00354316 0.03070277 0.02500000
v -0.00359966 0.02997504 0.02500000
v -0.00420606 0.02850925 0.02500000
v -0.00553448 0.02741844 0.02500000
v -0.00231827 0.05496992 0.02350000
v -0.00468903 0.05496992 0.02350000
v -0.00338511 0.05865447 0.02350000
v -0.00371010 0.05669644 0.02350000
v -0.00481497 0.06113389 0.02350000
v -0.00460139 0.06111499 0.02350000
v -0.00407989 0.06086900 0.02350000
v -0.00362702 0.06022127 0.02350000
v -0.00706966 0.05814822 0.02350000
v -0.00680659 0.05880168 0.02350000
v -0.00606264 0.06032329 0.02350000
v -0.00548847 0.06092658 0.02350000
v -0.01060604 0.05496992 0.02350000
v -0.00968419 0.05510564 0.02350000
v -0.00835294 0.05597090 0.02350000
v -0.01413254 0.06000284 0.02350000
v -0.01367198 0.05726533 0.02350000
v -0.01267071 0.05574142 0.02350000
v -0.01209204 0.05532444 0.02350000
v -0.01361887 0.06318855 0.02350000
v -0.01403237 0.06162287 0.02350000
v -0.01140617 0.06318855 0.02350000
v -0.01223593 0.06006458 0.02350000
v -0.01204740 0.06168821 0.02350000
v -0.01082089 0.05765678 0.02350000
v -0.01104204 0.05767636 0.02350000
v -0.01153464 0.05791399 0.02350000
v -0.01197053 0.05854735 0.02350000
v -0.00872672 0.06030906 0.02350000
v -0.00913222 0.05936320 0.02350000
v -0.00960066 0.05847048 0.02350000
v -0.01017571 0.05785119 0.02350000
v -0.00503229 0.06382074 0.02350000
v -0.00627997 0.06357445 0.02350000
v -0.00742493 0.06270052 0.02350000
v -0.00148851 0.05866435 0.02350000
v -0.00188835 0.06142941 0.02350000
v -0.00229335 0.06230369 0.02350000
v -0.00334302 0.06338836 0.02350000
v -0.00166262 0.05676032 0.02350000
v -0.01700000 -0.00129269 0.00639465
v -0.01700000 -0.00037058 0.00651347
v -0.01700000 -0.00169769 0.00739840
v -0.01700000 -0.00023326 0.00758710
v -0.01700000 0.00026925 0.00854576
v -0.01700000 -0.00160668 0.00914815
v -0.01700000 -0.00212857 0.00793747
v -0.01700000 0.00753321 0.00093231
v -0.01700000 0.00767865 0.00089717
v -0.01700000 0.00785407 0.00135658
v -0.01700000 0.00939993 0.01535061
v -0.01700000 0.00595622 0.00613400
v -0.01700000 0.01192273 0.01348512
v -0.01700000 0.00625715 0.00582671
v -0.01700000 0.01408326 0.01120989
v -0.01700000 0.01581588 0.00859406
v -0.01700000 -0.00432402 -0.00488523
v -0.01700000 -0.00497454 -0.00422097
v -0.01700000 -0.00488096 -0.00581332
v -0.01700000 -0.00591407 -0.00475839
v -0.01700000 -0.00493061 -0.00595447
v -0.01700000 -0.00838731 -0.00166000
v -0.01700000 -0.01706795 -0.00571710
v -0.01700000 -0.00829321 -0.00207969
v -0.01700000 -0.01581588 -0.00859406
v -0.01700000 -0.00723363 -0.00230066
v -0.01700000 0.00659152 0.01674968
v -0.01700000 0.00333815 0.00787142
v -0.01700000 0.00372977 0.00769359
v -0.01700000 0.00372966 0.00661121
v -0.01700000 0.00335274 0.00559658
v -0.01700000 0.00411423 0.00506317
v -0.01700000 0.00586605 0.00481746
v -0.01700000 0.00776986 0.00356815
v -0.01700000 0.00721020 0.00237309
v -0.01700000 0.00624810 0.00187720
v -0.01700000 0.00645149 0.00096998
v -0.01700000 0.00769044 -0.00152871
v -0.01700000 0.00736130 -0.00185195
v -0.01700000 0.00814585 -0.00259763
v -0.01700000 0.00839228 -0.00282034
v -0.01700000 0.00800491 -0.00300399
v -0.01700000 0.00951333 -0.00377121
v -0.01700000 0.00419241 -0.00632789
v -0.01700000 0.00426985 -0.00740749
v -0.01700000 0.01348512 -0.01192273
v -0.01700000 -0.00752348 -0.00100781
v -0.01700000 -0.00648664 -0.00069715
v -0.01700000 -0.00651987 0.00023199
v -0.01700000 -0.01780141 -0.00266642
v -0.01700000 -0.00848446 0.00105660
v -0.01700000 -0.01799399 0.00046527
v -0.01700000 -0.00842059 0.00148194
v -0.01700000 0.00493901 0.00576408
v -0.01700000 0.00514805 0.00400751
v -0.01700000 0.00566543 0.00323503
v -0.01700000 0.00668772 0.00359067
v -0.01700000 0.00793947 0.00317290
v -0.01700000 0.00991880 0.00337861
v -0.01700000 0.00869744 0.00256058
v -0.01700000 0.00749788 -0.00041468
v -0.01700000 0.00650430 -0.00050663
v -0.01700000 0.00636623 -0.00142606
v -0.01700000 0.01120989 -0.01408326
v -0.01700000 0.00389193 -0.00761284
v -0.01700000 0.00859406 -0.01581588
v -0.01700000 -0.00249087 -0.00789755
v -0.01700000 -0.00311383 -0.00573295
v -0.01700000 -0.00341810 -0.00675688
v -0.01700000 -0.00373158 -0.00651656
v -0.01700000 -0.00757626 0.00046778
v -0.01700000 -0.00929637 0.00887313
v -0.01700000 -0.00731663 0.00442374
v -0.01700000 -0.00859452 0.00758151
v -0.01700000 -0.00747348 0.00663064
v -0.01700000 0.01135319 0.00370019
v -0.01700000 0.01280689 0.00348190
v -0.01700000 0.01706795 0.00571710
v -0.01700000 0.01408357 0.00275321
v -0.01700000 0.01780141 0.00266642
v -0.01700000 0.01501080 0.00161254
v -0.01700000 0.01799399 -0.00046527
v -0.01700000 0.01674968 -0.00659152
v -0.01700000 0.00665741 -0.00536483
v -0.01700000 0.01535061 -0.00939993
v -0.01700000 0.00637919 -0.00569284
v -0.01700000 0.00244569 -0.00604824
v -0.01700000 0.00156111 -0.00633447
v -0.01700000 0.00302824 -0.00696048
v -0.01700000 0.00162341 -0.00741505
v -0.01700000 -0.00630046 0.00169317
v -0.01700000 -0.00599580 0.00257157
v -0.01700000 -0.00737950 0.00177804
v -0.01700000 -0.00689567 0.00317306
v -0.01700000 -0.01763982 0.00358282
v -0.01700000 0.00069866 0.00852141
v -0.01700000 0.00108956 0.00751208
v -0.01700000 0.01546336 0.00021394
v -0.01700000 0.01538013 -0.00125370
v -0.01700000 0.01763982 -0.00358282
v -0.01700000 0.01477234 -0.00259217
v -0.01700000 0.01372209 -0.00362069
v -0.01700000 0.00087904 -0.00850469
v -0.01700000 0.00030933 -0.00758438
v -0.01700000 -0.00183494 -0.00835078
v -0.01700000 0.00110461 0.00642981
v -0.01700000 0.00200738 0.00620749
v -0.01700000 0.00252327 0.00715902
v -0.01700000 -0.00608465 0.00614894
v -0.01700000 -0.00623888 0.00432376
v -0.01700000 -0.00550164 0.00610461
v -0.01700000 -0.00526336 0.00385482
v -0.01700000 -0.00466195 0.00456385
v -0.01700000 -0.00528378 0.00544979
v -0.01700000 0.00446542 -0.00475632
v -0.01700000 0.00374397 -0.00534278
v -0.01700000 0.00533816 -0.00539653
v -0.01700000 0.00009567 -0.00652330
v -0.01700000 -0.00083258 -0.00647066
v -0.01700000 -0.00116484 -0.00750078
v -0.01700000 -0.00579677 -0.00299332
v -0.01700000 -0.00616341 -0.00213893
v -0.01700000 -0.00665138 -0.00365755
v -0.01700000 -0.00722127 -0.00457775
v -0.01700000 -0.00964760 -0.00815350
v -0.01700000 -0.00880422 -0.00694950
v -0.01700000 -0.00752984 0.00405019
v -0.01700000 -0.01674968 0.00659152
v -0.01700000 -0.01535061 0.00939993
v -0.01700000 -0.00948423 0.01033108
v -0.01700000 -0.01348512 0.01192273
v -0.01700000 -0.00913274 0.01175843
v -0.01700000 -0.01120989 0.01408326
v -0.01700000 -0.00828936 0.01296243
v -0.01700000 -0.00859406 0.01581588
v -0.01700000 -0.00706800 0.01378045
v -0.01700000 -0.00571710 0.01706795
v -0.01700000 -0.00563361 0.01410204
v -0.01700000 -0.00266642 0.01780141
v -0.01700000 -0.00417991 0.01388374
v -0.01700000 0.00046527 0.01799399
v -0.01700000 -0.00290324 0.01315505
v -0.01700000 -0.00197601 0.01201438
v -0.01700000 -0.00203831 -0.00929614
v -0.01700000 -0.00212154 -0.01076378
v -0.01700000 0.00266642 -0.01780141
v -0.01700000 -0.00272932 -0.01210225
v -0.01700000 -0.00046527 -0.01799399
v -0.01700000 -0.00377958 -0.01313077
v -0.01700000 -0.00358282 -0.01763982
v -0.01700000 -0.00513045 -0.01371045
v -0.01700000 -0.00659152 -0.01674968
v -0.01700000 -0.00659951 -0.01376299
v -0.01700000 -0.00939993 -0.01535061
v -0.01700000 -0.00798834 -0.01328129
v -0.01700000 -0.01192273 -0.01348512
v -0.01700000 -0.00910938 -0.01233042
v -0.01700000 -0.01408326 -0.01120989
v -0.01700000 -0.00981123 -0.01103880
v -0.01700000 -0.00999909 -0.00958085
v -0.01700000 -0.00698192 -0.00493511
v -0.01700000 -0.00758286 -0.00613148
v -0.01700000 -0.00614847 -0.00580989
v -0.01700000 0.00358282 0.01763982
v -0.01700000 -0.00152345 0.01061578
v -0.01700000 0.00588206 -0.00282205
v -0.01700000 0.00542118 -0.00362951
v -0.01700000 0.00692714 -0.00310374
v -0.01700000 0.00619521 -0.00438610
v -0.01700000 0.01237122 -0.00420037
v -0.01700000 0.01090216 -0.00425290
v -0.01700000 -0.00226728 -0.00611735
v -0.01700000 -0.00245135 -0.00718397
v -0.01700000 -0.00225257 -0.00824793
v -0.01700000 0.00571710 -0.01706795
v -0.01700000 0.00130562 -0.00844973
v -0.01700000 -0.00295828 0.00699050
v -0.01700000 -0.00295933 0.00700743
v -0.01700000 -0.00326471 0.00678116
v -0.01700000 -0.00426929 0.00629562
v -0.01700000 -0.00425566 0.00628553
v -0.01700000 -0.00269849 0.00593976
v -0.01700000 -0.00351541 0.00549586
v -0.00500000 0.00595622 0.00613400
v -0.00500000 0.00625715 0.00582671
v -0.00500000 0.00776986 0.00356815
v -0.00500000 0.00793947 0.00317290
v -0.00500000 0.00333815 0.00787142
v -0.00500000 0.00372977 0.00769359
v -0.00500000 0.00026925 0.00854576
v -0.00500000 0.00069866 0.00852141
v -0.00500000 0.00665741 -0.00536483
v -0.00500000 0.00637919 -0.00569284
v -0.00500000 0.00426985 -0.00740749
v -0.00500000 0.00389193 -0.00761284
v -0.00500000 0.00814585 -0.00259763
v -0.00500000 0.00800491 -0.00300399
v -0.00500000 0.00853415 0.00052041
v -0.00500000 0.00854952 0.00009057
v -0.01700000 0.00853415 0.00052041
v -0.01700000 0.00854952 0.00009057
v -0.00500000 -0.00183494 -0.00835078
v -0.00500000 -0.00225257 -0.00824793
v -0.00500000 -0.00472768 -0.00712401
v -0.00500000 -0.00507996 -0.00687725
v -0.01700000 -0.00472768 -0.00712401
v -0.01700000 -0.00507996 -0.00687725
v -0.00500000 -0.00698192 -0.00493511
v -0.00500000 -0.00722127 -0.00457775
v -0.00500000 0.00130562 -0.00844973
v -0.00500000 0.00087904 -0.00850469
v -0.00500000 -0.00848446 0.00105660
v -0.00500000 -0.00842059 0.00148194
v -0.00500000 -0.00752984 0.00405019
v -0.00500000 -0.00731663 0.00442374
v -0.00500000 -0.00555827 0.00649678
v -0.00500000 -0.00522452 0.00676808
v -0.01700000 -0.00555827 0.00649678
v -0.01700000 -0.00522452 0.00676808
v -0.00500000 -0.00829321 -0.00207969
v -0.00500000 -0.00838731 -0.00166000
v -0.00500000 0.00586605 0.00481746
v -0.00500000 0.00493901 0.00576408
v -0.00500000 0.00514805 0.00400751
v -0.00500000 0.00394046 0.00307779
v -0.00500000 0.00411423 0.00506317
v -0.00500000 0.00272759 0.00419049
v -0.00500000 0.00335274 0.00559658
v -0.00500000 0.00121915 0.00484909
v -0.00500000 -0.00245135 -0.00718397
v -0.00500000 -0.00116484 -0.00750078
v -0.00500000 -0.00226728 -0.00611735
v -0.00500000 -0.00083258 -0.00647066
v -0.00500000 0.00030933 -0.00758438
v -0.00500000 0.00162341 -0.00741505
v -0.00500000 0.00009567 -0.00652330
v -0.00500000 0.00156111 -0.00633447
v -0.00500000 0.00244569 -0.00604824
v -0.00500000 0.00588206 -0.00282205
v -0.00500000 0.00499999 0.00000853
v -0.00500000 0.00473185 -0.00161542
v -0.00500000 0.00758057 -0.00039179
v -0.00500000 0.00753321 0.00093231
v -0.00500000 0.00650430 -0.00050663
v -0.00500000 0.00645149 0.00096998
v -0.00500000 -0.00439330 -0.00238724
v -0.00500000 -0.00497454 -0.00422097
v -0.00500000 -0.00432402 -0.00488523
v -0.00500000 -0.00488096 -0.00581332
v -0.00500000 -0.00379577 -0.00657348
v -0.00500000 -0.00311383 -0.00573295
v -0.00500000 -0.00338012 -0.00368439
v -0.00500000 0.00302824 -0.00696048
v -0.00500000 0.00419241 -0.00632789
v -0.00500000 0.00374397 -0.00534278
v -0.00500000 0.00446542 -0.00475632
v -0.00500000 0.00533816 -0.00539653
v -0.00500000 0.00619521 -0.00438610
v -0.00500000 0.00542118 -0.00362951
v -0.00500000 0.00624810 0.00187720
v -0.00500000 0.00472631 0.00163157
v -0.00500000 0.00636623 -0.00142606
v -0.00500000 0.00736130 -0.00185195
v -0.00500000 0.00692714 -0.00310374
v -0.00500000 0.00372966 0.00661121
v -0.00500000 0.00252327 0.00715902
v -0.00500000 0.00200738 0.00620749
v -0.00500000 0.00110461 0.00642981
v -0.00500000 0.00395094 -0.00306432
v -0.00500000 0.00274188 -0.00418116
v -0.00500000 0.00123570 -0.00484490
v -0.00500000 -0.00040439 -0.00498362
v -0.00500000 0.00721020 0.00237309
v -0.00500000 0.00668772 0.00359067
v -0.00500000 0.00566543 0.00323503
v -0.00500000 0.00108956 0.00751208
v -0.00500000 -0.00023326 0.00758710
v -0.00500000 -0.00037058 0.00651347
v -0.00500000 -0.00200066 -0.00458229
v -0.00500000 -0.00242680 0.00819836
v -0.00500000 -0.00283602 0.00806595
v -0.00500000 -0.00169769 0.00739840
v -0.00500000 -0.00295828 0.00699050
v -0.00500000 -0.00129269 0.00639465
v -0.00500000 -0.00269849 0.00593976
v -0.00500000 -0.00351541 0.00549586
v -0.00500000 -0.00440142 0.00237223
v -0.00500000 -0.00339268 0.00367283
v -0.00500000 -0.00623888 0.00432376
v -0.00500000 -0.00689567 0.00317306
v -0.00500000 -0.00526336 0.00385482
v -0.00500000 -0.00599580 0.00257157
v -0.00500000 -0.00630046 0.00169317
v -0.00500000 -0.00493039 -0.00083139
v -0.00500000 -0.00493320 0.00081455
v -0.00500000 -0.00042140 0.00498221
v -0.00500000 -0.00201629 0.00457543
v -0.00500000 -0.00425566 0.00628553
v -0.00500000 -0.00528378 0.00544979
v -0.00500000 -0.00466195 0.00456385
v -0.00500000 -0.00752348 -0.00100781
v -0.00500000 -0.00723363 -0.00230066
v -0.00500000 -0.00648664 -0.00069715
v -0.00500000 -0.00616341 -0.00213893
v -0.00500000 -0.00579677 -0.00299332
v -0.00500000 -0.00737950 0.00177804
v -0.00500000 -0.00757626 0.00046778
v -0.00500000 -0.00651987 0.00023199
v -0.00500000 -0.00665138 -0.00365755
v -0.00500000 -0.00591407 -0.00475839
v -0.01700000 -0.00283602 0.00806595
v -0.01700000 -0.00242680 0.00819836
v -0.01700000 -0.00379577 -0.00657348
v -0.01700000 0.00758057 -0.00039179
v -0.03100000 0.01408326 0.01120989
v -0.03100000 0.01192273 0.01348512
v -0.03100000 0.00939993 0.01535061
v -0.03100000 0.00659152 0.01674968
v -0.03100000 0.00358282 0.01763982
v -0.03100000 0.00046527 0.01799399
v -0.03100000 -0.00266642 0.01780141
v -0.03100000 -0.00571710 0.01706795
v -0.03100000 -0.00859406 0.01581588
v -0.03100000 -0.01120989 0.01408326
v -0.03100000 -0.01348512 0.01192273
v -0.03100000 -0.01535061 0.00939993
v -0.03100000 -0.01674968 0.00659152
v -0.03100000 -0.01763982 0.00358282
v -0.03100000 -0.01799399 0.00046527
v -0.03100000 -0.01780141 -0.00266642
v -0.03100000 -0.01706795 -0.00571710
v -0.03100000 -0.01581588 -0.00859406
v -0.03100000 -0.01408326 -0.01120989
v -0.03100000 -0.01192273 -0.01348512
v -0.03100000 -0.00939993 -0.01535061
v -0.03100000 -0.00659152 -0.01674968
v -0.03100000 -0.00358282 -0.01763982
v -0.03100000 -0.00046527 -0.01799399
v -0.03100000 0.00266642 -0.01780141
v -0.03100000 0.00571710 -0.01706795
v -0.03100000 0.00859406 -0.01581588
v -0.03100000 0.01120989 -0.01408326
v -0.03100000 0.01348512 -0.01192273
v -0.03100000 0.01535061 -0.00939993
v -0.03100000 0.01674968 -0.00659152
v -0.03100000 0.01763982 -0.00358282
v -0.03100000 0.01799399 -0.00046527
v -0.03100000 0.01780141 0.00266642
v -0.03100000 0.01706795 0.00571710
v -0.03100000 0.01581588 0.00859406
v -0.03100000 -0.00798250 -0.01088159
v -0.03100000 -0.00766796 -0.01132350
v -0.03100000 0.00983371 -0.00181342
v -0.03100000 -0.00470079 -0.01164042
v -0.03100000 0.00951917 -0.00137151
v -0.03100000 -0.00399836 -0.01082412
v -0.03100000 -0.00375574 -0.00977488
v -0.03100000 0.01280088 -0.00213034
v -0.03100000 -0.00677294 -0.01192241
v -0.03100000 -0.00570211 -0.01203679
v -0.03100000 0.00979066 0.00117032
v -0.03100000 -0.00324088 0.01013705
v -0.03100000 -0.00351366 0.01117885
v -0.03100000 0.01072873 -0.00241233
v -0.03100000 0.01179956 -0.00252671
v -0.03100000 0.01350331 -0.00131403
v -0.03100000 0.01374592 -0.00026480
v -0.03100000 0.01347314 0.00077700
v -0.03100000 0.01274746 0.00157270
v -0.03100000 0.00930400 0.00020964
v -0.03100000 0.00931953 -0.00086717
v -0.03100000 -0.00418592 0.00827151
v -0.03100000 -0.00518725 0.00787514
v -0.03100000 -0.00766727 0.00953467
v -0.03100000 -0.00746763 0.00903033
v -0.03100000 -0.00683363 -0.00771528
v -0.03100000 -0.00771101 -0.00833976
v -0.03100000 0.01173512 0.00194002
v -0.03100000 0.01066803 0.00179480
v -0.03100000 -0.00348350 0.00908781
v -0.03100000 -0.00715310 0.00858843
v -0.03100000 -0.00625808 0.00798951
v -0.03100000 -0.00576655 -0.00757006
v -0.03100000 -0.00475421 -0.00793738
v -0.03100000 -0.00402852 -0.00873308
v -0.03100000 -0.00818213 -0.01037725
v -0.03100000 -0.00819767 -0.00930045
v -0.03100000 -0.00423935 0.01197455
v -0.03100000 -0.00768281 0.01061148
v -0.03100000 -0.00719615 0.01157217
v -0.03100000 -0.00631877 0.01219665
v -0.03100000 -0.00525169 0.01234187
v -0.01700000 -0.00461559 0.00620148
v -0.01700000 -0.00221446 0.00780968
v -0.02840000 -0.00715310 0.00858843
v -0.02840000 -0.00766727 0.00953467
v -0.02840000 -0.00768281 0.01061148
v -0.02840000 -0.00719615 0.01157217
v -0.02840000 -0.00631877 0.01219665
v -0.02840000 -0.00525169 0.01234187
v -0.02840000 -0.00423935 0.01197455
v -0.02840000 -0.00351366 0.01117885
v -0.02840000 -0.00324088 0.01013705
v -0.02840000 -0.00348350 0.00908781
v -0.02840000 -0.00418592 0.00827151
v -0.02840000 -0.00518725 0.00787514
v -0.02840000 -0.00625808 0.00798951
v -0.02840000 -0.00417991 0.01388374
v -0.02840000 -0.00563361 0.01410204
v -0.02840000 -0.00706800 0.01378045
v -0.02840000 -0.00160668 0.00914815
v -0.02840000 -0.00152345 0.01061578
v -0.02840000 -0.00197601 0.01201438
v -0.02840000 -0.00290324 0.01315505
v -0.02840000 -0.00608465 0.00614894
v -0.02840000 -0.00461559 0.00620148
v -0.02840000 -0.00326471 0.00678116
v -0.02840000 -0.00221446 0.00780968
v -0.02840000 -0.00828936 0.01296243
v -0.02840000 -0.00913274 0.01175843
v -0.02840000 -0.00948423 0.01033108
v -0.02840000 -0.00929637 0.00887313
v -0.02840000 -0.00859452 0.00758151
v -0.02840000 -0.00747348 0.00663064
v -0.01700000 0.00750257 -0.00007077
v -0.02840000 0.00983371 -0.00181342
v -0.02840000 0.00931953 -0.00086717
v -0.02840000 0.00930400 0.00020964
v -0.02840000 0.00979066 0.00117032
v -0.02840000 0.01066803 0.00179480
v -0.02840000 0.01173512 0.00194002
v -0.02840000 0.01274746 0.00157270
v -0.02840000 0.01347314 0.00077700
v -0.02840000 0.01374592 -0.00026480
v -0.02840000 0.01350331 -0.00131403
v -0.02840000 0.01280088 -0.00213034
v -0.02840000 0.01179956 -0.00252671
v -0.02840000 0.01072873 -0.00241233
v -0.02840000 0.01538013 -0.00125370
v -0.02840000 0.01546336 0.00021394
v -0.02840000 0.01501080 0.00161254
v -0.02840000 0.00785407 0.00135658
v -0.02840000 0.00750257 -0.00007077
v -0.02840000 0.00769044 -0.00152871
v -0.02840000 0.00839228 -0.00282034
v -0.02840000 0.01408357 0.00275321
v -0.02840000 0.01280689 0.00348190
v -0.02840000 0.01135319 0.00370019
v -0.02840000 0.00991880 0.00337861
v -0.02840000 0.00869744 0.00256058
v -0.02840000 0.00951333 -0.00377121
v -0.02840000 0.01090216 -0.00425290
v -0.02840000 0.01237122 -0.00420037
v -0.02840000 0.01372209 -0.00362069
v -0.02840000 0.01477234 -0.00259217
v -0.01700000 -0.00469478 -0.00602819
v -0.02840000 -0.00766796 -0.01132350
v -0.02840000 -0.00818213 -0.01037725
v -0.02840000 -0.00819767 -0.00930045
v -0.02840000 -0.00771101 -0.00833976
v -0.02840000 -0.00683363 -0.00771528
v -0.02840000 -0.00576655 -0.00757006
v -0.02840000 -0.00475421 -0.00793738
v -0.02840000 -0.00402852 -0.00873308
v -0.02840000 -0.00375574 -0.00977488
v -0.02840000 -0.00399836 -0.01082412
v -0.02840000 -0.00470079 -0.01164042
v -0.02840000 -0.00570211 -0.01203679
v -0.02840000 -0.00677294 -0.01192241
v -0.02840000 -0.00212154 -0.01076378
v -0.02840000 -0.00203831 -0.00929614
v -0.02840000 -0.00249087 -0.00789755
v -0.02840000 -0.00659951 -0.01376299
v -0.02840000 -0.00513045 -0.01371045
v -0.02840000 -0.00377958 -0.01313077
v -0.02840000 -0.00272932 -0.01210225
v -0.02840000 -0.00964760 -0.00815350
v -0.02840000 -0.00999909 -0.00958085
v -0.02840000 -0.00981123 -0.01103880
v -0.02840000 -0.00910938 -0.01233042
v -0.02840000 -0.00798834 -0.01328129
v -0.02840000 -0.00341810 -0.00675688
v -0.02840000 -0.00469478 -0.00602819
v -0.02840000 -0.00614847 -0.00580989
v -0.02840000 -0.00758286 -0.00613148
v -0.02840000 -0.00880422 -0.00694950
v -0.00000000 0.00439330 0.00238724
v -0.00000000 0.00472631 0.00163157
v -0.00000000 0.00499999 0.00000853
v -0.00000000 0.00473185 -0.00161542
v -0.00000000 0.00395094 -0.00306432
v -0.00000000 0.00274188 -0.00418116
v -0.00000000 0.00123570 -0.00484490
v -0.00000000 -0.00040439 -0.00498362
v -0.00000000 -0.00200066 -0.00458229
v -0.00000000 -0.00338012 -0.00368439
v -0.00000000 -0.00439330 -0.00238724
v -0.00000000 -0.00493039 -0.00083139
v -0.00000000 -0.00493320 0.00081455
v -0.00000000 -0.00440142 0.00237223
v -0.00000000 -0.00339268 0.00367283
v -0.00000000 -0.00201629 0.00457543
v -0.00000000 -0.00042140 0.00498221
v -0.00000000 0.00121915 0.00484909
v -0.00000000 0.00272759 0.00419049
v -0.00000000 0.00394046 0.00307779
v -0.00000000 0.00000000 0.00000000
v -0.01700000 -0.00042641 0.00026111
v -0.01700000 -0.00049983 0.00001292
v -0.01700000 0.00000000 0.00000000
v -0.01700000 -0.00043933 -0.00023872
v -0.01700000 -0.00026111 -0.00042641
v -0.01700000 0.00026111 0.00042641
v -0.01700000 0.00001292 0.00049983
v -0.01700000 -0.00023872 0.00043933
v -0.01700000 0.00042641 -0.00026111
v -0.01700000 0.00049983 -0.00001292
v -0.01700000 0.00043933 0.00023872
v -0.01700000 -0.00001292 -0.00049983
v -0.01700000 0.00023872 -0.00043933
v -0.00500000 0.00043933 0.00023872
v -0.00500000 0.00026111 0.00042641
v -0.00500000 0.00001292 0.00049983
v -0.00500000 -0.00023872 0.00043933
v -0.00500000 -0.00042641 0.00026111
v -0.00500000 -0.00049983 0.00001292
v -0.00500000 -0.00043933 -0.00023872
v -0.00500000 -0.00026111 -0.00042641
v -0.00500000 -0.00001292 -0.00049983
v -0.00500000 0.00023872 -0.00043933
v -0.00500000 0.00042641 -0.00026111
v -0.00500000 0.00049983 -0.00001292
v -0.00500000 0.00000000 0.00000000
f 1 2 3
f 4 5 6
f 4 6 7
f 8 9 10
f 11 12 13
f 13 12 14
f 15 16 17
f 18 19 20
f 21 22 23
f 24 25 26
f 26 25 27
f 10 28 8
f 8 28 6
f 8 6 18
f 18 6 5
f 18 5 19
f 29 30 9
f 9 30 31
f 9 31 32
f 27 15 26
f 26 15 17
f 26 17 14
f 14 17 33
f 14 33 13
f 34 35 36
f 36 35 37
f 36 37 38
f 20 39 18
f 18 39 40
f 18 40 41
f 41 40 42
f 41 42 43
f 44 45 41
f 41 45 46
f 41 46 23
f 23 46 47
f 23 47 21
f 7 6 48
f 48 6 49
f 48 49 50
f 50 49 36
f 50 36 51
f 51 36 38
f 51 38 52
f 53 54 43
f 43 54 55
f 43 55 41
f 41 55 56
f 41 56 44
f 53 43 57
f 57 43 12
f 57 12 58
f 11 59 12
f 12 59 60
f 12 60 58
f 58 60 61
f 58 61 31
f 31 61 62
f 31 62 32
f 63 64 65
f 8 66 9
f 9 66 67
f 9 67 29
f 29 67 23
f 29 23 68
f 68 23 22
f 63 65 67
f 67 65 69
f 67 69 23
f 23 69 70
f 23 70 71
f 72 73 74
f 71 75 23
f 23 75 72
f 23 72 3
f 3 72 74
f 3 74 1
f 1 74 76
f 1 76 77
f 77 76 78
f 79 80 81
f 81 80 82
f 83 84 80
f 80 84 85
f 80 85 82
f 86 87 88
f 88 87 89
f 88 89 90
f 90 89 91
f 92 93 23
f 23 93 94
f 23 94 95
f 96 41 97
f 97 41 23
f 97 23 98
f 98 23 95
f 99 100 101
f 101 100 102
f 101 102 103
f 104 105 106
f 106 105 107
f 96 108 41
f 41 108 109
f 41 109 110
f 111 112 113
f 113 112 114
f 113 114 115
f 101 116 99
f 99 116 117
f 99 117 79
f 79 117 41
f 79 41 80
f 80 41 110
f 115 118 113
f 113 118 119
f 113 119 120
f 120 121 113
f 113 121 122
f 113 122 123
f 117 91 41
f 41 91 89
f 41 89 124
f 124 89 125
f 124 125 3
f 3 125 126
f 3 126 106
f 103 127 101
f 101 127 3
f 101 3 128
f 128 3 106
f 128 106 129
f 129 106 107
f 80 92 83
f 83 92 23
f 83 23 123
f 123 23 3
f 123 3 113
f 113 3 127
f 69 65 130
f 69 130 131
f 131 130 132
f 131 132 133
f 133 132 134
f 134 132 135
f 134 135 136
f 136 135 137
f 136 137 138
f 138 137 76
f 138 76 74
f 139 67 66
f 139 66 140
f 141 142 143
f 143 144 141
f 141 144 145
f 141 145 66
f 66 145 146
f 66 146 140
f 147 148 149
f 147 149 150
f 150 149 151
f 150 151 152
f 152 151 153
f 153 151 154
f 153 154 155
f 155 154 156
f 155 156 157
f 157 156 158
f 157 158 159
f 160 161 162
f 162 161 163
f 162 163 164
f 165 166 167
f 167 166 168
f 169 170 171
f 171 170 172
f 2 1 173
f 173 174 2
f 2 174 175
f 2 175 170
f 170 175 176
f 170 176 172
f 177 178 179
f 179 178 180
f 181 182 183
f 184 185 186
f 186 185 187
f 186 187 188
f 188 187 189
f 190 191 192
f 193 181 194
f 194 181 183
f 194 183 195
f 195 183 196
f 195 196 197
f 198 191 199
f 199 191 200
f 199 200 201
f 201 200 202
f 201 202 203
f 203 202 204
f 203 204 205
f 205 204 197
f 205 197 206
f 206 197 196
f 202 207 204
f 204 207 208
f 204 208 209
f 209 208 210
f 209 210 211
f 211 210 212
f 213 214 215
f 215 214 216
f 215 216 217
f 189 187 194
f 194 187 218
f 194 218 193
f 212 213 211
f 211 213 215
f 211 215 219
f 219 215 185
f 219 185 220
f 220 185 184
f 221 192 222
f 222 192 191
f 222 191 223
f 223 191 198
f 217 224 215
f 215 224 225
f 215 225 192
f 192 225 226
f 192 226 190
f 227 228 229
f 229 228 230
f 231 232 233
f 234 235 236
f 236 237 234
f 234 237 231
f 234 231 238
f 238 231 233
f 159 239 157
f 157 239 240
f 157 240 155
f 240 241 155
f 155 241 242
f 155 242 153
f 243 147 244
f 244 147 150
f 244 150 245
f 245 150 152
f 243 246 147
f 147 246 247
f 147 247 159
f 159 247 248
f 159 248 239
f 242 249 153
f 153 249 250
f 153 250 152
f 152 250 251
f 152 251 245
f 252 253 254
f 255 256 257
f 135 258 137
f 259 260 261
f 261 260 262
f 260 263 262
f 262 263 264
f 262 264 265
f 166 165 266
f 266 165 267
f 266 267 268
f 268 267 269
f 268 269 270
f 266 271 166
f 166 271 272
f 166 272 273
f 273 272 274
f 273 274 275
f 276 151 277
f 277 151 149
f 277 149 278
f 279 280 276
f 154 281 282
f 276 280 151
f 151 280 283
f 151 283 284
f 279 276 285
f 285 276 286
f 285 286 287
f 287 286 288
f 287 288 289
f 284 290 151
f 151 290 291
f 151 291 154
f 154 291 292
f 154 292 281
f 282 289 154
f 154 289 288
f 154 288 156
f 288 293 156
f 156 293 294
f 156 294 158
f 295 296 297
f 297 296 298
f 298 299 297
f 297 299 300
f 297 300 301
f 301 300 302
f 301 302 303
f 302 304 303
f 303 304 305
f 303 305 306
f 295 297 307
f 307 297 308
f 307 308 309
f 309 308 310
f 309 310 311
f 312 313 314
f 315 316 317
f 317 316 303
f 317 303 310
f 310 303 306
f 310 306 311
f 313 318 317
f 318 319 317
f 317 319 320
f 317 320 315
f 321 322 323
f 320 324 315
f 315 324 325
f 315 325 322
f 322 325 326
f 322 326 323
f 323 327 321
f 321 327 328
f 321 328 314
f 314 328 329
f 314 329 312
f 330 331 332
f 332 331 314
f 333 334 132
f 132 334 335
f 335 336 132
f 132 336 337
f 132 337 135
f 135 337 338
f 338 339 135
f 135 339 340
f 135 340 258
f 258 340 341
f 341 342 258
f 258 342 343
f 258 343 344
f 344 343 345
f 344 345 333
f 76 346 347
f 137 258 76
f 76 258 348
f 76 348 346
f 349 350 351
f 163 352 353
f 353 352 354
f 354 355 353
f 353 355 356
f 353 356 349
f 349 356 357
f 349 357 350
f 358 359 255
f 255 359 360
f 255 360 161
f 161 360 361
f 161 361 163
f 163 361 362
f 163 362 352
f 363 364 365
f 365 364 366
f 363 353 364
f 364 353 349
f 364 349 366
f 366 349 262
f 366 262 269
f 269 262 265
f 269 265 270
f 367 148 273
f 368 369 367
f 367 369 370
f 261 371 372
f 275 259 273
f 273 259 261
f 273 261 367
f 367 261 372
f 367 372 368
f 369 373 370
f 370 373 374
f 370 374 257
f 257 374 375
f 375 376 257
f 257 376 349
f 257 349 255
f 255 349 351
f 255 351 358
f 376 377 349
f 349 377 378
f 349 378 262
f 262 378 379
f 262 379 261
f 261 379 380
f 261 380 371
f 381 382 344
f 344 382 383
f 344 383 258
f 258 383 384
f 258 384 348
f 255 76 256
f 256 76 347
f 256 347 385
f 385 347 386
f 386 387 388
f 388 387 389
f 388 389 390
f 254 253 391
f 391 253 392
f 391 392 393
f 393 394 391
f 391 394 308
f 391 308 158
f 158 308 297
f 394 395 308
f 308 395 396
f 308 396 310
f 310 396 397
f 310 397 317
f 398 252 399
f 397 400 317
f 317 400 401
f 317 401 399
f 399 401 402
f 399 402 398
f 386 388 385
f 385 388 403
f 385 403 256
f 256 403 404
f 256 404 405
f 405 406 256
f 256 406 407
f 256 407 257
f 257 407 408
f 257 408 370
f 370 408 409
f 252 254 399
f 399 254 410
f 399 410 411
f 412 413 332
f 332 413 414
f 313 317 314
f 314 317 399
f 314 399 332
f 332 399 411
f 332 411 412
f 333 132 344
f 344 132 130
f 344 130 381
f 381 130 65
f 381 65 415
f 415 65 330
f 415 330 390
f 390 330 332
f 390 332 388
f 388 332 414
f 388 414 403
f 158 294 391
f 391 294 416
f 391 416 254
f 254 416 417
f 254 417 410
f 409 418 370
f 370 418 278
f 370 278 367
f 367 278 149
f 367 149 148
f 419 420 138
f 70 69 131
f 421 71 70
f 138 420 136
f 422 423 424
f 74 73 425
f 131 133 426
f 424 421 422
f 422 421 70
f 422 70 427
f 427 70 131
f 427 131 428
f 428 131 426
f 138 74 419
f 419 74 425
f 419 425 429
f 429 425 430
f 429 430 431
f 420 432 136
f 136 432 433
f 136 433 134
f 433 434 134
f 134 434 435
f 134 435 133
f 133 435 436
f 133 436 426
f 266 437 271
f 271 437 438
f 271 438 272
f 272 438 439
f 272 439 274
f 274 439 440
f 274 440 275
f 275 440 441
f 275 441 259
f 259 441 442
f 259 442 260
f 260 442 443
f 260 443 263
f 263 443 444
f 263 444 264
f 264 444 445
f 264 445 265
f 265 445 446
f 265 446 270
f 270 446 447
f 270 447 268
f 268 447 448
f 268 448 266
f 266 448 437
f 446 449 447
f 447 449 450
f 447 450 448
f 448 450 451
f 448 451 437
f 452 453 454
f 454 453 455
f 454 455 456
f 456 455 457
f 456 457 458
f 458 457 459
f 458 459 460
f 460 459 461
f 460 461 462
f 462 461 463
f 462 463 464
f 464 463 465
f 464 465 466
f 466 465 467
f 466 467 468
f 468 467 449
f 468 449 469
f 469 449 446
f 469 446 470
f 470 446 445
f 470 445 471
f 471 445 444
f 471 444 452
f 444 443 452
f 452 443 442
f 452 442 453
f 453 442 441
f 453 441 472
f 472 441 440
f 472 440 473
f 473 440 439
f 473 439 168
f 168 439 438
f 168 438 167
f 167 438 437
f 167 437 474
f 474 437 451
f 352 475 354
f 354 475 476
f 354 476 355
f 355 476 477
f 355 477 356
f 356 477 478
f 356 478 357
f 357 478 479
f 357 479 350
f 350 479 480
f 350 480 351
f 351 480 481
f 351 481 358
f 358 481 482
f 358 482 359
f 359 482 483
f 359 483 360
f 360 483 484
f 360 484 361
f 361 484 485
f 361 485 362
f 362 485 486
f 362 486 352
f 352 486 475
f 486 485 160
f 160 162 486
f 486 162 164
f 486 164 475
f 475 164 487
f 475 487 476
f 476 487 488
f 476 488 477
f 477 488 489
f 477 489 478
f 478 489 490
f 478 490 479
f 479 490 491
f 479 491 480
f 480 491 492
f 480 492 481
f 481 492 493
f 481 493 482
f 482 493 494
f 482 494 483
f 483 494 495
f 483 495 484
f 484 495 496
f 484 496 485
f 485 496 497
f 485 497 160
f 340 498 341
f 341 498 499
f 341 499 342
f 342 499 500
f 342 500 343
f 343 500 501
f 343 501 345
f 345 501 502
f 345 502 333
f 333 502 503
f 333 503 334
f 334 503 504
f 334 504 335
f 335 504 505
f 335 505 336
f 336 505 506
f 336 506 337
f 337 506 507
f 337 507 338
f 338 507 508
f 338 508 339
f 339 508 509
f 339 509 340
f 340 509 498
f 501 500 510
f 510 511 501
f 501 511 512
f 501 512 502
f 502 512 513
f 502 513 503
f 503 513 514
f 503 514 504
f 504 514 515
f 504 515 505
f 505 515 516
f 505 516 506
f 506 516 517
f 506 517 507
f 507 517 518
f 507 518 508
f 508 518 519
f 508 519 509
f 509 519 520
f 509 520 498
f 498 520 521
f 498 521 499
f 499 521 522
f 499 522 500
f 500 522 523
f 500 523 510
f 512 423 513
f 513 423 422
f 513 422 514
f 514 422 427
f 514 427 515
f 515 427 428
f 515 428 516
f 516 428 426
f 516 426 517
f 426 436 517
f 517 436 435
f 517 435 518
f 518 435 434
f 518 434 519
f 519 434 433
f 519 433 520
f 520 433 432
f 520 432 521
f 521 432 420
f 521 420 522
f 522 420 419
f 522 419 523
f 523 419 429
f 523 429 510
f 510 429 431
f 313 524 318
f 318 524 525
f 318 525 319
f 319 525 526
f 319 526 320
f 320 526 527
f 320 527 324
f 324 527 528
f 324 528 325
f 325 528 529
f 325 529 326
f 326 529 530
f 326 530 323
f 323 530 531
f 323 531 327
f 327 531 532
f 327 532 328
f 328 532 533
f 328 533 329
f 329 533 534
f 329 534 312
f 312 534 535
f 312 535 313
f 313 535 524
f 531 530 536
f 536 537 531
f 531 537 538
f 531 538 532
f 532 538 539
f 532 539 533
f 533 539 540
f 533 540 534
f 534 540 541
f 534 541 535
f 535 541 542
f 535 542 524
f 524 542 543
f 524 543 525
f 525 543 544
f 525 544 526
f 526 544 545
f 526 545 527
f 527 545 546
f 527 546 528
f 528 546 547
f 528 547 529
f 529 547 548
f 529 548 530
f 530 548 549
f 530 549 536
f 283 550 284
f 284 550 551
f 284 551 290
f 290 551 552
f 290 552 291
f 291 552 553
f 291 553 292
f 292 553 554
f 292 554 281
f 281 554 555
f 281 555 282
f 282 555 556
f 282 556 289
f 289 556 557
f 289 557 287
f 287 557 558
f 287 558 285
f 285 558 559
f 285 559 279
f 279 559 560
f 279 560 280
f 280 560 561
f 280 561 283
f 283 561 550
f 560 562 561
f 561 562 563
f 561 563 550
f 550 563 564
f 550 564 551
f 551 564 565
f 551 565 552
f 552 565 566
f 552 566 553
f 553 566 567
f 553 567 554
f 554 567 568
f 554 568 555
f 555 568 569
f 555 569 556
f 556 569 570
f 556 570 557
f 557 570 571
f 557 571 558
f 558 571 572
f 558 572 559
f 559 572 573
f 559 573 560
f 560 573 562
f 245 251 566
f 566 251 250
f 566 250 567
f 567 250 249
f 567 249 568
f 568 249 242
f 568 242 569
f 569 242 241
f 569 241 570
f 570 241 240
f 570 240 571
f 571 240 239
f 571 239 572
f 572 239 248
f 572 248 573
f 573 248 247
f 573 247 562
f 562 247 246
f 562 246 563
f 563 246 243
f 563 243 564
f 564 243 244
f 564 244 565
f 565 244 245
f 565 245 566
f 307 574 295
f 295 574 575
f 295 575 296
f 296 575 576
f 296 576 298
f 298 576 577
f 298 577 299
f 299 577 578
f 299 578 300
f 300 578 579
f 300 579 302
f 302 579 580
f 302 580 304
f 304 580 581
f 304 581 305
f 305 581 582
f 305 582 306
f 306 582 583
f 306 583 311
f 311 583 584
f 311 584 309
f 309 584 585
f 309 585 307
f 307 585 574
f 586 583 587
f 587 583 582
f 587 582 588
f 588 582 581
f 588 581 589
f 589 581 580
f 575 590 576
f 576 590 591
f 576 591 577
f 577 591 592
f 577 592 578
f 578 592 593
f 578 593 579
f 579 593 594
f 579 594 580
f 580 594 595
f 580 595 589
f 584 583 596
f 596 583 586
f 596 586 597
f 597 586 598
f 597 598 599
f 599 598 600
f 599 600 601
f 601 600 602
f 601 602 603
f 603 602 604
f 603 604 605
f 605 604 606
f 605 606 607
f 607 606 608
f 607 608 609
f 609 608 590
f 609 590 610
f 610 590 575
f 610 575 611
f 611 575 574
f 611 574 612
f 612 574 585
f 612 585 613
f 613 585 584
f 613 584 596
f 614 470 615
f 615 470 471
f 615 471 616
f 616 471 452
f 616 452 617
f 617 452 454
f 617 454 618
f 618 454 456
f 618 456 619
f 619 456 458
f 619 458 620
f 620 458 460
f 620 460 621
f 621 460 462
f 621 462 622
f 622 462 464
f 622 464 623
f 623 464 466
f 623 466 624
f 624 466 468
f 624 468 625
f 625 468 469
f 625 469 614
f 614 469 470
f 379 626 380
f 380 626 627
f 380 627 371
f 371 627 628
f 371 628 372
f 372 628 629
f 372 629 368
f 368 629 630
f 368 630 369
f 369 630 631
f 369 631 373
f 373 631 632
f 373 632 374
f 374 632 633
f 374 633 375
f 375 633 634
f 375 634 376
f 376 634 635
f 376 635 377
f 377 635 636
f 377 636 378
f 378 636 637
f 378 637 379
f 379 637 626
f 630 618 631
f 631 618 619
f 631 619 632
f 632 619 620
f 632 620 633
f 633 620 621
f 633 621 634
f 634 621 622
f 634 622 635
f 635 622 623
f 635 623 636
f 636 623 624
f 636 624 637
f 637 624 625
f 637 625 626
f 626 625 614
f 626 614 627
f 627 614 615
f 627 615 628
f 628 615 616
f 628 616 629
f 629 616 617
f 629 617 630
f 630 617 618
f 638 430 639
f 639 430 425
f 639 425 640
f 640 425 73
f 431 430 510
f 510 430 638
f 510 638 511
f 511 638 641
f 511 641 512
f 512 641 642
f 512 642 423
f 423 642 424
f 643 75 71
f 424 642 421
f 421 642 644
f 421 644 71
f 71 644 645
f 71 645 643
f 646 647 648
f 649 643 650
f 650 643 645
f 650 645 651
f 651 645 652
f 651 652 653
f 653 652 654
f 653 654 655
f 655 654 656
f 655 656 657
f 657 656 658
f 657 658 659
f 659 658 660
f 659 660 648
f 648 660 640
f 648 640 646
f 646 640 73
f 646 73 72
f 346 661 347
f 347 661 662
f 347 662 386
f 386 662 663
f 386 663 387
f 387 663 664
f 387 664 389
f 389 664 665
f 389 665 390
f 390 665 666
f 390 666 415
f 415 666 667
f 415 667 381
f 381 667 668
f 381 668 382
f 382 668 669
f 382 669 383
f 383 669 670
f 383 670 384
f 384 670 671
f 384 671 348
f 348 671 672
f 348 672 346
f 346 672 661
f 667 645 668
f 668 645 644
f 668 644 669
f 669 644 642
f 669 642 670
f 670 642 641
f 670 641 671
f 671 641 638
f 671 638 672
f 672 638 639
f 672 639 661
f 661 639 640
f 661 640 662
f 662 640 660
f 662 660 663
f 663 660 658
f 663 658 664
f 664 658 656
f 664 656 665
f 665 656 654
f 665 654 666
f 666 654 652
f 666 652 667
f 667 652 645
f 673 605 674
f 674 605 607
f 674 607 675
f 675 607 609
f 675 609 676
f 676 609 610
f 676 610 677
f 677 610 611
f 677 611 678
f 678 611 612
f 678 612 679
f 679 612 613
f 679 613 680
f 680 613 596
f 680 596 681
f 681 596 597
f 681 597 682
f 682 597 599
f 682 599 683
f 683 599 601
f 683 601 684
f 684 601 603
f 684 603 673
f 673 603 605
f 253 685 392
f 392 685 686
f 392 686 393
f 393 686 687
f 393 687 394
f 394 687 688
f 394 688 395
f 395 688 689
f 395 689 396
f 396 689 690
f 396 690 397
f 397 690 691
f 397 691 400
f 400 691 692
f 400 692 401
f 401 692 693
f 401 693 402
f 402 693 694
f 402 694 398
f 398 694 695
f 398 695 252
f 252 695 696
f 252 696 253
f 253 696 685
f 689 677 690
f 690 677 678
f 690 678 691
f 691 678 679
f 691 679 692
f 692 679 680
f 692 680 693
f 693 680 681
f 693 681 694
f 694 681 682
f 694 682 695
f 695 682 683
f 695 683 696
f 696 683 684
f 696 684 685
f 685 684 673
f 685 673 686
f 686 673 674
f 686 674 687
f 687 674 675
f 687 675 688
f 688 675 676
f 688 676 689
f 689 676 677
f 697 698 699
f 700 199 201
f 183 701 412
f 416 294 702
f 702 294 703
f 294 293 703
f 703 293 288
f 703 288 704
f 288 286 704
f 704 286 276
f 704 276 705
f 705 276 277
f 705 277 706
f 706 277 278
f 706 278 707
f 707 278 418
f 707 418 708
f 412 701 413
f 413 701 709
f 413 709 414
f 414 709 710
f 414 710 403
f 403 710 711
f 403 711 404
f 404 711 712
f 404 712 405
f 405 712 713
f 405 713 406
f 702 700 416
f 416 700 201
f 416 201 417
f 417 201 203
f 417 203 410
f 410 203 205
f 410 205 411
f 411 205 206
f 411 206 412
f 412 206 196
f 412 196 183
f 713 697 406
f 406 697 699
f 406 699 407
f 407 699 714
f 407 714 408
f 408 714 715
f 408 715 409
f 409 715 716
f 409 716 418
f 418 716 717
f 418 717 708
f 718 719 720
f 720 719 721
f 720 721 722
f 722 721 723
f 722 723 170
f 178 230 180
f 180 230 228
f 723 724 170
f 170 724 180
f 170 180 2
f 2 180 228
f 2 228 235
f 725 726 727
f 727 726 728
f 727 728 234
f 234 728 124
f 234 124 235
f 235 124 3
f 235 3 2
f 729 730 731
f 731 730 732
f 731 732 18
f 18 732 238
f 18 238 8
f 8 238 233
f 8 233 66
f 66 233 733
f 66 733 141
f 734 735 736
f 736 735 737
f 736 737 738
f 738 737 739
f 738 739 740
f 740 739 141
f 740 141 741
f 741 141 733
f 741 733 215
f 215 733 185
f 718 735 719
f 719 735 734
f 719 734 721
f 721 734 736
f 721 736 723
f 723 736 738
f 723 738 724
f 724 738 740
f 707 742 706
f 706 742 743
f 706 743 705
f 743 744 705
f 705 744 745
f 705 745 704
f 704 745 179
f 746 747 704
f 704 747 748
f 704 748 703
f 703 748 749
f 703 749 702
f 702 749 750
f 702 750 700
f 741 746 740
f 740 746 704
f 740 704 724
f 724 704 179
f 724 179 180
f 746 741 192
f 192 741 215
f 751 752 229
f 753 754 230
f 230 754 755
f 230 755 229
f 756 751 757
f 757 751 229
f 757 229 758
f 758 229 755
f 759 714 760
f 760 714 699
f 760 699 761
f 761 699 698
f 761 698 757
f 757 698 762
f 757 762 756
f 178 763 764
f 764 765 178
f 178 765 766
f 178 766 230
f 230 766 767
f 230 767 753
f 768 769 177
f 177 769 770
f 177 770 178
f 178 770 771
f 178 771 763
f 765 772 766
f 766 772 773
f 766 773 774
f 774 773 775
f 774 775 776
f 776 775 716
f 776 716 759
f 759 716 715
f 759 715 714
f 768 177 777
f 777 177 778
f 777 778 779
f 775 780 716
f 716 780 781
f 716 781 717
f 717 781 782
f 717 782 708
f 708 782 783
f 708 783 784
f 784 783 777
f 784 777 785
f 785 777 779
f 142 141 739
f 739 722 169
f 169 722 170
f 786 787 158
f 158 787 142
f 158 142 159
f 159 142 739
f 159 739 147
f 147 739 169
f 147 169 148
f 148 169 788
f 148 788 789
f 722 739 720
f 720 739 737
f 720 737 718
f 718 737 735
f 124 728 41
f 41 728 731
f 41 731 18
f 187 185 790
f 790 185 733
f 791 710 792
f 792 710 709
f 792 709 793
f 793 709 701
f 794 795 651
f 651 795 796
f 651 796 650
f 235 228 236
f 236 228 227
f 659 797 798
f 657 712 655
f 655 712 711
f 655 711 653
f 653 711 710
f 653 710 651
f 651 710 791
f 651 791 794
f 794 791 799
f 794 799 232
f 232 799 790
f 232 790 233
f 233 790 733
f 657 659 712
f 712 659 798
f 712 798 713
f 713 798 800
f 713 800 697
f 659 648 801
f 801 802 659
f 659 802 803
f 659 803 797
f 797 803 236
f 797 236 804
f 804 236 227
f 234 238 727
f 727 238 732
f 727 732 725
f 725 732 730
f 725 730 726
f 726 730 729
f 726 729 728
f 728 729 731
f 586 212 598
f 598 212 210
f 598 210 600
f 600 210 208
f 600 208 602
f 602 208 207
f 602 207 604
f 604 207 202
f 604 202 606
f 606 202 200
f 606 200 608
f 608 200 191
f 608 191 590
f 590 191 190
f 586 587 212
f 212 587 213
f 805 594 593
f 216 806 217
f 217 806 807
f 217 807 224
f 591 226 592
f 592 226 225
f 592 225 593
f 593 225 224
f 593 224 805
f 805 224 807
f 595 806 589
f 589 806 216
f 589 216 588
f 588 216 214
f 588 214 587
f 587 214 213
f 591 590 226
f 226 590 190
f 808 536 549
f 184 809 220
f 220 809 810
f 220 810 219
f 538 809 539
f 539 809 184
f 539 184 540
f 540 184 186
f 540 186 541
f 541 186 188
f 541 188 542
f 542 188 189
f 542 189 543
f 543 189 194
f 543 194 544
f 544 194 195
f 544 195 545
f 545 195 197
f 545 197 546
f 546 197 204
f 546 204 547
f 547 204 209
f 547 209 548
f 548 209 211
f 548 211 549
f 549 211 219
f 549 219 808
f 808 219 810
f 163 811 812
f 813 161 812
f 812 161 160
f 163 812 164
f 164 812 753
f 164 753 487
f 487 753 767
f 487 767 488
f 488 767 766
f 488 766 489
f 489 766 774
f 489 774 490
f 490 774 776
f 490 776 491
f 491 776 759
f 491 759 492
f 492 759 760
f 492 760 493
f 493 760 761
f 493 761 494
f 494 761 757
f 494 757 495
f 495 757 758
f 495 758 496
f 496 758 755
f 496 755 497
f 497 755 754
f 497 754 160
f 160 754 753
f 160 753 812
f 814 165 815
f 815 165 167
f 450 772 451
f 451 772 765
f 451 765 474
f 474 765 764
f 474 764 167
f 167 764 763
f 167 763 815
f 769 453 770
f 770 453 472
f 770 472 771
f 771 472 473
f 771 473 763
f 763 473 168
f 763 168 815
f 815 168 166
f 815 166 816
f 450 449 772
f 772 449 773
f 455 768 457
f 457 768 777
f 457 777 459
f 459 777 783
f 459 783 461
f 461 783 782
f 461 782 463
f 463 782 781
f 463 781 465
f 465 781 780
f 465 780 467
f 467 780 775
f 467 775 449
f 449 775 773
f 455 453 768
f 768 453 769
f 231 237 817
f 817 237 818
f 649 819 820
f 818 821 817
f 817 821 820
f 817 820 822
f 822 820 819
f 820 647 649
f 649 647 646
f 649 646 643
f 643 646 72
f 643 72 75
f 648 647 820
f 648 820 801
f 801 820 821
f 801 821 802
f 802 821 818
f 802 818 803
f 803 818 237
f 803 237 236
f 232 231 817
f 232 817 794
f 794 817 822
f 794 822 795
f 795 822 819
f 795 819 796
f 796 819 649
f 796 649 650
f 227 229 752
f 227 752 804
f 804 752 751
f 804 751 797
f 797 751 756
f 797 756 798
f 798 756 762
f 798 762 800
f 800 762 698
f 800 698 697
f 701 183 182
f 701 182 793
f 793 182 181
f 793 181 792
f 792 181 193
f 792 193 791
f 791 193 218
f 791 218 799
f 799 218 187
f 799 187 790
f 707 708 784
f 707 784 742
f 742 784 785
f 742 785 743
f 743 785 779
f 743 779 744
f 744 779 778
f 744 778 745
f 745 778 177
f 745 177 179
f 746 192 221
f 746 221 747
f 747 221 222
f 747 222 748
f 748 222 223
f 748 223 749
f 749 223 198
f 749 198 750
f 750 198 199
f 750 199 700
f 788 169 171
f 788 171 823
f 823 171 172
f 823 172 824
f 824 172 176
f 824 176 825
f 825 176 175
f 825 175 826
f 826 175 174
f 826 174 827
f 827 174 173
f 827 173 828
f 828 173 1
f 828 1 77
f 78 76 829
f 829 76 255
f 829 255 813
f 813 255 161
f 267 165 814
f 811 163 830
f 830 163 353
f 830 353 831
f 831 353 363
f 831 363 832
f 363 365 832
f 832 365 366
f 832 366 814
f 814 366 269
f 814 269 267
f 816 166 833
f 833 166 273
f 833 273 789
f 789 273 148
f 814 815 823
f 823 815 816
f 823 816 788
f 788 816 833
f 788 833 789
f 813 828 829
f 829 828 77
f 829 77 78
f 814 823 832
f 832 823 824
f 832 824 831
f 813 812 828
f 828 812 811
f 828 811 827
f 827 811 830
f 827 830 826
f 826 830 831
f 826 831 825
f 825 831 824
f 808 810 834
f 834 810 809
f 536 808 537
f 537 808 834
f 537 834 538
f 538 834 809
f 805 807 835
f 835 807 806
f 806 595 835
f 835 595 594
f 835 594 805
f 786 158 836
f 836 158 297
f 836 297 837
f 837 297 301
f 837 301 838
f 838 301 303
f 838 303 839
f 839 303 316
f 839 316 840
f 840 316 315
f 840 315 841
f 841 315 322
f 841 322 842
f 842 322 321
f 321 314 842
f 842 314 331
f 842 331 64
f 64 331 330
f 64 330 65
f 63 67 139
f 63 139 843
f 843 139 140
f 843 140 844
f 844 140 146
f 844 146 845
f 845 146 145
f 845 145 846
f 846 145 144
f 846 144 847
f 847 144 143
f 847 143 848
f 848 143 142
f 848 142 787
f 842 64 63
f 839 846 838
f 838 846 847
f 838 847 837
f 837 847 848
f 837 848 836
f 836 848 787
f 836 787 786
f 842 63 841
f 841 63 843
f 841 843 840
f 840 843 844
f 840 844 839
f 839 844 845
f 839 845 846
f 849 850 116
f 116 850 117
f 850 851 117
f 117 851 91
f 851 852 91
f 91 852 90
f 853 86 88
f 853 88 854
f 854 88 90
f 854 90 852
f 853 855 86
f 86 855 87
f 855 856 87
f 87 856 89
f 856 857 89
f 89 857 125
f 857 858 125
f 125 858 126
f 858 859 126
f 126 859 106
f 859 860 106
f 106 860 104
f 860 861 104
f 104 861 105
f 862 129 107
f 862 107 863
f 863 107 105
f 863 105 861
f 862 864 129
f 129 864 128
f 864 865 128
f 128 865 101
f 865 849 101
f 101 849 116
f 861 860 849
f 859 858 860
f 860 858 857
f 857 856 855
f 861 849 863
f 857 855 860
f 860 855 853
f 860 853 849
f 851 850 852
f 852 850 849
f 852 849 854
f 854 849 853
f 865 864 849
f 849 864 862
f 849 862 863
f 866 867 83
f 83 867 84
f 868 79 81
f 868 81 869
f 869 81 82
f 869 82 870
f 870 82 85
f 870 85 871
f 871 85 84
f 871 84 867
f 872 103 102
f 872 102 873
f 873 102 100
f 873 100 874
f 874 100 99
f 874 99 875
f 875 99 79
f 875 79 868
f 872 876 103
f 103 876 127
f 876 877 127
f 127 877 113
f 877 878 113
f 113 878 111
f 879 118 115
f 879 115 880
f 880 115 114
f 880 114 881
f 881 114 112
f 881 112 882
f 882 112 111
f 882 111 878
f 883 122 121
f 883 121 884
f 884 121 120
f 884 120 885
f 885 120 119
f 885 119 886
f 886 119 118
f 886 118 879
f 883 887 122
f 122 887 123
f 887 866 123
f 123 866 83
f 877 876 878
f 878 876 872
f 878 872 882
f 872 873 882
f 882 873 874
f 882 874 881
f 881 874 875
f 881 875 880
f 880 875 868
f 866 887 867
f 867 887 883
f 867 883 871
f 871 883 884
f 871 884 870
f 870 884 885
f 870 885 869
f 869 885 886
f 869 886 868
f 868 886 879
f 868 879 880
f 888 889 110
f 110 889 80
f 889 890 80
f 80 890 92
f 890 891 92
f 92 891 93
f 892 97 98
f 892 98 893
f 893 98 95
f 893 95 894
f 894 95 94
f 894 94 895
f 895 94 93
f 895 93 891
f 888 110 109
f 888 109 896
f 896 109 108
f 896 108 897
f 897 108 96
f 897 96 898
f 898 96 97
f 898 97 892
f 899 891 900
f 900 891 890
f 900 890 901
f 901 890 889
f 901 889 902
f 902 889 888
f 902 888 903
f 903 888 896
f 903 896 904
f 904 896 897
f 904 897 905
f 905 897 898
f 905 898 906
f 906 898 892
f 906 892 907
f 907 892 893
f 907 893 908
f 908 893 894
f 908 894 909
f 909 894 895
f 909 895 899
f 899 895 891
f 899 900 910
f 910 900 911
f 899 910 912
f 899 912 909
f 909 912 913
f 909 913 908
f 908 913 914
f 908 914 907
f 907 914 915
f 907 915 906
f 906 915 916
f 906 916 905
f 905 916 917
f 905 917 904
f 904 917 918
f 904 918 903
f 903 918 919
f 903 919 902
f 901 902 920
f 920 902 919
f 900 901 911
f 911 901 920
f 921 47 46
f 921 46 922
f 922 46 45
f 922 45 923
f 923 45 44
f 923 44 924
f 924 44 56
f 924 56 925
f 926 29 68
f 926 68 927
f 927 68 22
f 927 22 928
f 928 22 21
f 928 21 929
f 929 21 47
f 929 47 921
f 930 57 58
f 930 58 931
f 931 58 31
f 931 31 932
f 932 31 30
f 932 30 933
f 933 30 29
f 933 29 926
f 925 56 55
f 925 55 934
f 934 55 54
f 934 54 935
f 935 54 53
f 935 53 936
f 936 53 57
f 936 57 930
f 933 926 937
f 925 934 938
f 938 934 939
f 939 934 935
f 939 935 940
f 940 935 936
f 940 936 941
f 937 926 942
f 942 926 927
f 942 927 943
f 943 927 928
f 943 928 944
f 944 928 929
f 944 929 945
f 937 946 933
f 933 946 947
f 933 947 932
f 932 947 948
f 932 948 931
f 931 948 941
f 931 941 930
f 930 941 936
f 938 949 925
f 925 949 950
f 925 950 924
f 924 950 951
f 924 951 923
f 923 951 952
f 923 952 922
f 922 952 945
f 922 945 921
f 921 945 929
f 945 953 954
f 945 954 944
f 944 954 955
f 944 955 943
f 943 955 956
f 943 956 942
f 942 956 957
f 942 957 937
f 937 957 958
f 937 958 946
f 946 958 959
f 946 959 947
f 947 959 960
f 947 960 948
f 948 960 961
f 948 961 941
f 941 961 962
f 941 962 940
f 940 962 963
f 940 963 939
f 939 963 964
f 939 964 938
f 938 964 965
f 938 965 949
f 949 965 966
f 949 966 950
f 950 966 967
f 950 967 951
f 951 967 968
f 951 968 952
f 952 968 953
f 952 953 945
f 969 970 43
f 43 970 12
f 971 26 14
f 971 14 972
f 972 14 12
f 972 12 970
f 973 15 27
f 973 27 974
f 974 27 25
f 974 25 975
f 975 25 24
f 975 24 976
f 976 24 26
f 976 26 971
f 977 13 33
f 977 33 978
f 978 33 17
f 978 17 979
f 979 17 16
f 979 16 980
f 980 16 15
f 980 15 973
f 981 60 59
f 981 59 982
f 982 59 11
f 982 11 983
f 983 11 13
f 983 13 977
f 984 9 32
f 984 32 985
f 985 32 62
f 985 62 986
f 986 62 61
f 986 61 987
f 987 61 60
f 987 60 981
f 988 28 10
f 988 10 989
f 989 10 9
f 989 9 984
f 988 990 28
f 28 990 6
f 991 36 49
f 991 49 992
f 992 49 6
f 992 6 990
f 993 38 37
f 993 37 994
f 994 37 35
f 994 35 995
f 995 35 34
f 995 34 996
f 996 34 36
f 996 36 991
f 997 48 50
f 997 50 998
f 998 50 51
f 998 51 999
f 999 51 52
f 999 52 1000
f 1000 52 38
f 1000 38 993
f 1001 5 4
f 1001 4 1002
f 1002 4 7
f 1002 7 1003
f 1003 7 48
f 1003 48 997
f 1004 40 39
f 1004 39 1005
f 1005 39 20
f 1005 20 1006
f 1006 20 19
f 1006 19 1007
f 1007 19 5
f 1007 5 1001
f 969 43 42
f 969 42 1008
f 1008 42 40
f 1008 40 1004
f 990 988 992
f 992 988 989
f 992 989 991
f 991 989 984
f 991 984 996
f 996 984 985
f 996 985 995
f 995 985 986
f 995 986 994
f 994 986 987
f 994 987 993
f 987 981 993
f 993 981 982
f 993 982 1000
f 1000 982 983
f 1000 983 999
f 999 983 977
f 999 977 998
f 998 977 978
f 970 969 972
f 972 969 1008
f 972 1008 971
f 971 1008 1004
f 971 1004 976
f 976 1004 1005
f 976 1005 975
f 975 1005 1006
f 975 1006 974
f 974 1006 1007
f 974 1007 973
f 973 1007 1001
f 973 1001 980
f 980 1001 1002
f 980 1002 979
f 979 1002 1003
f 979 1003 978
f 978 1003 997
f 978 997 998
f 911 920 910
f 910 920 919
f 910 919 912
f 918 917 919
f 919 917 916
f 919 916 915
f 915 914 919
f 919 914 913
f 919 913 912
f 954 953 961
f 961 953 962
f 968 967 953
f 953 967 966
f 953 966 965
f 965 964 953
f 953 964 963
f 953 963 962
f 960 959 961
f 961 959 958
f 961 958 957
f 957 956 961
f 961 956 955
f 961 955 954
f 1009 1010 1011
f 1011 1010 1012
f 1013 1014 1012
f 1012 1014 1015
f 1012 1015 1011
f 1016 1017 1018
f 1019 1020 1021
f 1021 1020 1022
f 1021 1022 1023
f 1023 1022 1024
f 1025 1026 1027
f 1027 1026 1028
f 1027 1028 1029
f 1030 1031 1032
f 1032 1031 1033
f 1032 1033 1034
f 1035 1036 1037
f 1038 1039 1040
f 1022 1041 1042
f 1043 1044 1045
f 1046 1047 1048
f 1046 1048 1049
f 1049 1048 1050
f 1049 1050 1051
f 1052 1053 1054
f 1055 1056 1057
f 1058 1059 1060
f 1060 1059 1061
f 1040 1062 1038
f 1038 1062 1020
f 1038 1020 1037
f 1037 1020 1019
f 1037 1019 1035
f 1063 1064 1041
f 1041 1064 1065
f 1041 1065 1042
f 1022 1042 1024
f 1024 1042 1066
f 1024 1066 1067
f 1045 1016 1043
f 1043 1016 1018
f 1043 1018 1066
f 1066 1018 1068
f 1066 1068 1067
f 1069 1070 1046
f 1046 1070 1071
f 1046 1071 1047
f 1054 1053 1072
f 1072 1053 1073
f 1072 1073 1074
f 1075 1076 1077
f 1077 1076 1078
f 1057 1079 1055
f 1055 1079 1059
f 1055 1059 1030
f 1030 1059 1058
f 1030 1058 1031
f 1080 1081 1082
f 1082 1081 1083
f 1067 1084 1024
f 1024 1084 1085
f 1024 1085 1086
f 1086 1085 1087
f 1086 1087 1088
f 1088 1087 1089
f 1088 1089 1090
f 1091 1092 1093
f 1093 1092 1094
f 1095 1096 1097
f 1097 1096 1098
f 1099 1100 1101
f 1101 1100 1102
f 1101 1102 1061
f 1061 1102 1103
f 1061 1103 1060
f 1104 1105 1036
f 1089 1106 1090
f 1090 1106 1107
f 1090 1107 1108
f 1108 1107 1109
f 1108 1109 1091
f 1091 1109 1110
f 1111 1112 1113
f 1114 1115 1105
f 1105 1115 1116
f 1105 1116 1036
f 1083 1081 1117
f 1117 1081 1118
f 1117 1118 1119
f 1120 1121 1118
f 1118 1121 1122
f 1118 1122 1119
f 1123 1124 1125
f 1125 1124 1052
f 1125 1052 1094
f 1094 1052 1054
f 1094 1054 1093
f 1126 1127 1112
f 1112 1127 1128
f 1112 1128 1113
f 1129 1130 1131
f 1131 1130 1034
f 1131 1034 1132
f 1033 1133 1134
f 1102 1135 1103
f 1103 1135 1081
f 1103 1081 1136
f 1136 1081 1080
f 1136 1080 1137
f 1137 1080 1138
f 1137 1138 1139
f 1139 1138 1140
f 1139 1140 1141
f 1141 1140 1142
f 1141 1142 1143
f 1143 1142 1144
f 1143 1144 1145
f 1145 1144 1146
f 1145 1146 1147
f 1147 1146 1148
f 1147 1148 1149
f 1149 1148 1150
f 1149 1150 1151
f 1152 1153 1154
f 1154 1153 1155
f 1154 1155 1156
f 1156 1155 1157
f 1156 1157 1158
f 1158 1157 1159
f 1158 1159 1160
f 1160 1159 1161
f 1160 1161 1162
f 1162 1161 1163
f 1162 1163 1164
f 1164 1163 1165
f 1164 1165 1166
f 1166 1165 1167
f 1166 1167 1033
f 1033 1167 1168
f 1033 1168 1133
f 1034 1033 1132
f 1132 1033 1134
f 1132 1134 1169
f 1169 1134 1170
f 1169 1170 1028
f 1028 1170 1171
f 1028 1171 1029
f 1035 1172 1036
f 1036 1172 1149
f 1036 1149 1104
f 1104 1149 1151
f 1104 1151 1013
f 1013 1151 1173
f 1013 1173 1014
f 1174 1175 1176
f 1176 1175 1177
f 1110 1178 1091
f 1091 1178 1179
f 1091 1179 1092
f 1092 1179 1051
f 1092 1051 1177
f 1177 1051 1050
f 1177 1050 1176
f 1180 1076 1181
f 1181 1076 1075
f 1181 1075 1182
f 1182 1075 1152
f 1182 1152 1113
f 1113 1152 1154
f 1113 1154 1111
f 1111 1154 1183
f 1111 1183 1184
f 1184 1183 1074
f 1184 1074 1098
f 1098 1074 1073
f 1098 1073 1097
f 1185 1186 1187
f 1187 1188 1189
f 1185 1187 1190
f 1190 1187 1189
f 1190 1189 1191
f 1192 1193 1020
f 1020 1193 1022
f 1194 1195 1042
f 1042 1195 1066
f 1196 1197 1036
f 1036 1197 1037
f 1198 1199 1013
f 1013 1199 1104
f 1200 1201 1092
f 1092 1201 1094
f 1202 1203 1053
f 1053 1203 1073
f 1204 1205 1048
f 1048 1205 1050
f 1206 1207 1208
f 1208 1207 1209
f 1210 1211 1113
f 1113 1211 1182
f 1212 1213 1214
f 1214 1213 1215
f 1216 1217 1169
f 1169 1217 1132
f 1218 1219 1184
f 1184 1219 1111
f 1220 1221 1059
f 1059 1221 1061
f 1222 1223 1135
f 1135 1223 1081
f 1224 1225 1226
f 1226 1225 1227
f 1228 1229 1032
f 1032 1229 1030
f 1193 1192 1230
f 1230 1192 1231
f 1230 1231 1232
f 1233 1234 1235
f 1235 1234 1236
f 1235 1236 1237
f 1211 1210 1238
f 1238 1210 1239
f 1238 1239 1240
f 1240 1239 1241
f 1219 1218 1242
f 1242 1218 1243
f 1242 1243 1244
f 1244 1243 1245
f 1244 1245 1241
f 1241 1245 1246
f 1247 1248 1249
f 1207 1206 1250
f 1250 1206 1251
f 1250 1251 1252
f 1252 1251 1253
f 1254 1255 1256
f 1213 1212 1257
f 1257 1212 1258
f 1257 1258 1256
f 1256 1258 1259
f 1256 1259 1254
f 1254 1259 1260
f 1203 1202 1261
f 1261 1202 1262
f 1261 1262 1246
f 1246 1262 1263
f 1246 1263 1241
f 1241 1263 1264
f 1201 1200 1265
f 1265 1200 1266
f 1265 1266 1264
f 1264 1266 1267
f 1264 1267 1241
f 1247 1249 1267
f 1268 1233 1253
f 1253 1233 1269
f 1253 1269 1252
f 1252 1269 1248
f 1252 1248 1270
f 1270 1248 1247
f 1270 1247 1271
f 1271 1247 1272
f 1271 1272 1204
f 1204 1272 1205
f 1197 1196 1273
f 1273 1196 1274
f 1273 1274 1236
f 1236 1274 1275
f 1236 1275 1276
f 1249 1277 1267
f 1267 1277 1278
f 1267 1278 1241
f 1241 1278 1279
f 1241 1279 1280
f 1195 1194 1281
f 1281 1194 1282
f 1281 1282 1268
f 1268 1282 1283
f 1268 1283 1233
f 1233 1283 1232
f 1233 1232 1234
f 1234 1232 1231
f 1199 1198 1284
f 1284 1198 1285
f 1284 1285 1276
f 1276 1285 1286
f 1276 1286 1236
f 1259 1240 1260
f 1260 1240 1241
f 1260 1241 1287
f 1287 1241 1280
f 1288 1289 1290
f 1290 1289 1291
f 1290 1291 1292
f 1292 1291 1293
f 1294 1295 1296
f 1223 1222 1297
f 1297 1222 1298
f 1297 1298 1299
f 1299 1298 1300
f 1301 1302 1303
f 1237 1236 1304
f 1304 1236 1286
f 1304 1286 1305
f 1305 1286 1292
f 1305 1292 1296
f 1296 1292 1293
f 1296 1293 1294
f 1225 1224 1306
f 1306 1224 1307
f 1306 1307 1294
f 1294 1307 1308
f 1294 1308 1295
f 1295 1308 1299
f 1295 1299 1303
f 1303 1299 1300
f 1303 1300 1301
f 1229 1228 1309
f 1309 1228 1310
f 1309 1310 1311
f 1302 1312 1313
f 1221 1220 1314
f 1314 1220 1315
f 1314 1315 1301
f 1301 1315 1316
f 1301 1316 1302
f 1302 1316 1311
f 1302 1311 1312
f 1312 1311 1310
f 1217 1216 1317
f 1317 1216 1318
f 1317 1318 1313
f 1313 1318 1255
f 1313 1255 1302
f 1302 1255 1254
f 1289 1288 1319
f 1319 1288 1320
f 1188 1227 1225
f 1188 1225 1189
f 1225 1306 1189
f 1189 1306 1294
f 1189 1294 1191
f 1293 1291 1190
f 1190 1291 1185
f 1185 1291 1186
f 1186 1291 1289
f 1186 1289 1319
f 1294 1293 1191
f 1191 1293 1190
f 1320 1288 1015
f 1015 1288 1290
f 1015 1290 1011
f 1011 1290 1292
f 1011 1292 1009
f 1010 1286 1285
f 1010 1285 1012
f 1012 1285 1198
f 1012 1198 1013
f 1292 1286 1009
f 1009 1286 1010
f 1132 1217 1317
f 1132 1317 1131
f 1131 1317 1313
f 1131 1313 1129
f 1130 1312 1310
f 1130 1310 1034
f 1034 1310 1228
f 1034 1228 1032
f 1313 1312 1129
f 1129 1312 1130
f 1030 1229 1309
f 1030 1309 1055
f 1055 1309 1311
f 1055 1311 1056
f 1057 1316 1315
f 1057 1315 1079
f 1079 1315 1220
f 1079 1220 1059
f 1311 1316 1056
f 1056 1316 1057
f 1081 1223 1297
f 1081 1297 1118
f 1118 1297 1299
f 1118 1299 1120
f 1308 1307 1121
f 1121 1307 1122
f 1122 1307 1119
f 1119 1307 1224
f 1119 1224 1226
f 1299 1308 1120
f 1120 1308 1121
f 1061 1221 1314
f 1061 1314 1101
f 1101 1314 1301
f 1101 1301 1099
f 1100 1300 1298
f 1100 1298 1102
f 1102 1298 1222
f 1102 1222 1135
f 1301 1300 1099
f 1099 1300 1100
f 1073 1203 1261
f 1073 1261 1097
f 1097 1261 1246
f 1097 1246 1095
f 1096 1245 1243
f 1096 1243 1098
f 1098 1243 1218
f 1098 1218 1184
f 1246 1245 1095
f 1095 1245 1096
f 1111 1219 1242
f 1111 1242 1112
f 1112 1242 1244
f 1112 1244 1126
f 1127 1241 1239
f 1127 1239 1128
f 1128 1239 1210
f 1128 1210 1113
f 1244 1241 1126
f 1126 1241 1127
f 1215 1213 1029
f 1029 1213 1257
f 1029 1257 1027
f 1027 1257 1256
f 1027 1256 1025
f 1026 1255 1318
f 1026 1318 1028
f 1028 1318 1216
f 1028 1216 1169
f 1256 1255 1025
f 1025 1255 1026
f 1182 1211 1238
f 1182 1238 1181
f 1181 1238 1240
f 1181 1240 1180
f 1076 1259 1078
f 1078 1259 1258
f 1078 1258 1321
f 1321 1258 1212
f 1321 1212 1214
f 1240 1259 1180
f 1180 1259 1076
f 1207 1250 1209
f 1209 1250 1322
f 1322 1250 1069
f 1069 1250 1252
f 1069 1252 1070
f 1071 1270 1271
f 1071 1271 1047
f 1047 1271 1204
f 1047 1204 1048
f 1252 1270 1070
f 1070 1270 1071
f 1066 1195 1281
f 1066 1281 1043
f 1043 1281 1268
f 1043 1268 1044
f 1253 1251 1045
f 1045 1251 1016
f 1016 1251 1017
f 1017 1251 1206
f 1017 1206 1208
f 1268 1253 1044
f 1044 1253 1045
f 1050 1205 1272
f 1050 1272 1176
f 1176 1272 1247
f 1176 1247 1174
f 1175 1267 1266
f 1175 1266 1177
f 1177 1266 1200
f 1177 1200 1092
f 1247 1267 1174
f 1174 1267 1175
f 1094 1201 1265
f 1094 1265 1125
f 1125 1265 1264
f 1125 1264 1123
f 1124 1263 1262
f 1124 1262 1052
f 1052 1262 1202
f 1052 1202 1053
f 1264 1263 1123
f 1123 1263 1124
f 1104 1199 1284
f 1104 1284 1105
f 1105 1284 1276
f 1105 1276 1114
f 1115 1275 1274
f 1115 1274 1116
f 1116 1274 1196
f 1116 1196 1036
f 1276 1275 1114
f 1114 1275 1115
f 1037 1197 1273
f 1037 1273 1038
f 1038 1273 1236
f 1038 1236 1039
f 1040 1234 1231
f 1040 1231 1062
f 1062 1231 1192
f 1062 1192 1020
f 1236 1234 1039
f 1039 1234 1040
f 1022 1193 1230
f 1022 1230 1041
f 1041 1230 1232
f 1041 1232 1063
f 1064 1283 1282
f 1064 1282 1065
f 1065 1282 1194
f 1065 1194 1042
f 1232 1283 1063
f 1063 1283 1064
f 1024 1323 1023
f 1023 1323 1324
f 1023 1324 1021
f 1021 1324 1325
f 1021 1325 1019
f 1019 1325 1326
f 1019 1326 1035
f 1035 1326 1327
f 1035 1327 1172
f 1172 1327 1328
f 1172 1328 1149
f 1149 1328 1329
f 1149 1329 1147
f 1147 1329 1330
f 1147 1330 1145
f 1145 1330 1331
f 1145 1331 1143
f 1143 1331 1332
f 1143 1332 1141
f 1141 1332 1333
f 1141 1333 1139
f 1139 1333 1334
f 1139 1334 1137
f 1137 1334 1335
f 1137 1335 1136
f 1136 1335 1336
f 1136 1336 1103
f 1103 1336 1337
f 1103 1337 1060
f 1060 1337 1338
f 1060 1338 1058
f 1058 1338 1339
f 1058 1339 1031
f 1031 1339 1340
f 1031 1340 1033
f 1033 1340 1341
f 1033 1341 1166
f 1166 1341 1342
f 1166 1342 1164
f 1164 1342 1343
f 1164 1343 1162
f 1162 1343 1344
f 1162 1344 1160
f 1160 1344 1345
f 1160 1345 1158
f 1158 1345 1346
f 1158 1346 1156
f 1156 1346 1347
f 1156 1347 1154
f 1154 1347 1348
f 1154 1348 1183
f 1183 1348 1349
f 1183 1349 1074
f 1074 1349 1350
f 1074 1350 1072
f 1072 1350 1351
f 1072 1351 1054
f 1054 1351 1352
f 1054 1352 1093
f 1093 1352 1353
f 1093 1353 1091
f 1091 1353 1354
f 1091 1354 1108
f 1108 1354 1355
f 1108 1355 1090
f 1090 1355 1356
f 1090 1356 1088
f 1088 1356 1357
f 1088 1357 1086
f 1086 1357 1358
f 1086 1358 1024
f 1024 1358 1323
f 1342 1359 1360
f 1361 1362 1363
f 1363 1362 1364
f 1363 1364 1365
f 1366 1353 1352
f 1342 1360 1343
f 1343 1360 1367
f 1343 1367 1344
f 1344 1367 1368
f 1344 1368 1345
f 1369 1370 1371
f 1347 1361 1348
f 1348 1361 1372
f 1348 1372 1349
f 1368 1362 1345
f 1345 1362 1361
f 1345 1361 1346
f 1346 1361 1347
f 1366 1352 1373
f 1373 1352 1351
f 1373 1351 1372
f 1372 1351 1350
f 1372 1350 1349
f 1353 1366 1354
f 1354 1366 1374
f 1354 1374 1355
f 1355 1374 1375
f 1355 1375 1356
f 1356 1375 1376
f 1356 1376 1357
f 1357 1376 1377
f 1357 1377 1358
f 1378 1379 1380
f 1380 1379 1363
f 1380 1363 1381
f 1382 1383 1336
f 1336 1383 1384
f 1336 1384 1337
f 1337 1384 1385
f 1337 1385 1338
f 1358 1377 1323
f 1323 1377 1386
f 1323 1386 1324
f 1324 1386 1325
f 1325 1386 1387
f 1325 1387 1326
f 1378 1380 1369
f 1369 1380 1388
f 1369 1388 1370
f 1383 1389 1384
f 1384 1389 1390
f 1384 1390 1391
f 1391 1390 1381
f 1391 1381 1392
f 1392 1381 1363
f 1392 1363 1393
f 1393 1363 1365
f 1359 1342 1394
f 1394 1342 1341
f 1394 1341 1395
f 1395 1341 1340
f 1395 1340 1385
f 1385 1340 1339
f 1385 1339 1338
f 1330 1329 1369
f 1369 1329 1328
f 1369 1328 1387
f 1387 1328 1327
f 1387 1327 1326
f 1371 1396 1369
f 1369 1396 1331
f 1369 1331 1330
f 1336 1335 1382
f 1382 1335 1334
f 1382 1334 1397
f 1397 1334 1333
f 1397 1333 1398
f 1398 1333 1332
f 1398 1332 1399
f 1399 1332 1331
f 1399 1331 1400
f 1400 1331 1396
f 1119 1226 1401
f 1401 1226 1227
f 1401 1227 1188
f 1320 1015 1319
f 1319 1015 1402
f 1319 1402 1186
f 1390 1389 1403
f 1403 1389 1383
f 1403 1383 1404
f 1404 1383 1382
f 1404 1382 1405
f 1405 1382 1397
f 1405 1397 1406
f 1406 1397 1398
f 1406 1398 1407
f 1407 1398 1399
f 1407 1399 1408
f 1408 1399 1400
f 1408 1400 1409
f 1409 1400 1396
f 1409 1396 1410
f 1410 1396 1371
f 1410 1371 1411
f 1411 1371 1370
f 1411 1370 1412
f 1412 1370 1388
f 1412 1388 1413
f 1413 1388 1380
f 1413 1380 1414
f 1414 1380 1381
f 1414 1381 1415
f 1415 1381 1390
f 1415 1390 1403
f 1409 1416 1408
f 1408 1416 1417
f 1408 1417 1407
f 1407 1417 1418
f 1407 1418 1406
f 1412 1419 1411
f 1411 1419 1420
f 1411 1420 1410
f 1410 1420 1421
f 1410 1421 1409
f 1409 1421 1422
f 1409 1422 1416
f 1415 1423 1414
f 1414 1423 1424
f 1414 1424 1413
f 1413 1424 1425
f 1413 1425 1412
f 1412 1425 1426
f 1412 1426 1419
f 1418 1427 1406
f 1406 1427 1428
f 1406 1428 1405
f 1405 1428 1429
f 1405 1429 1404
f 1404 1429 1430
f 1404 1430 1403
f 1403 1430 1431
f 1403 1431 1415
f 1415 1431 1432
f 1415 1432 1423
f 1424 1423 1119
f 1119 1401 1424
f 1424 1401 1188
f 1424 1188 1425
f 1188 1187 1425
f 1425 1187 1186
f 1425 1186 1426
f 1186 1402 1426
f 1426 1402 1015
f 1426 1015 1419
f 1419 1015 1014
f 1419 1014 1420
f 1420 1014 1173
f 1420 1173 1421
f 1421 1173 1151
f 1421 1151 1422
f 1422 1151 1150
f 1422 1150 1416
f 1416 1150 1148
f 1416 1148 1417
f 1417 1148 1146
f 1417 1146 1418
f 1418 1146 1144
f 1418 1144 1427
f 1427 1144 1142
f 1427 1142 1428
f 1428 1142 1140
f 1428 1140 1429
f 1429 1140 1138
f 1429 1138 1430
f 1430 1138 1080
f 1430 1080 1431
f 1431 1080 1082
f 1431 1082 1432
f 1432 1082 1083
f 1432 1083 1423
f 1423 1083 1117
f 1423 1117 1119
f 1322 1069 1433
f 1017 1208 1433
f 1433 1208 1209
f 1433 1209 1322
f 1372 1361 1434
f 1434 1361 1363
f 1434 1363 1435
f 1435 1363 1379
f 1435 1379 1436
f 1436 1379 1378
f 1436 1378 1437
f 1437 1378 1369
f 1437 1369 1438
f 1438 1369 1387
f 1438 1387 1439
f 1439 1387 1386
f 1439 1386 1440
f 1440 1386 1377
f 1440 1377 1441
f 1441 1377 1376
f 1441 1376 1442
f 1442 1376 1375
f 1442 1375 1443
f 1443 1375 1374
f 1443 1374 1444
f 1444 1374 1366
f 1444 1366 1445
f 1445 1366 1373
f 1445 1373 1446
f 1446 1373 1372
f 1446 1372 1434
f 1443 1447 1442
f 1442 1447 1448
f 1442 1448 1441
f 1441 1448 1449
f 1441 1449 1440
f 1437 1450 1436
f 1436 1450 1451
f 1436 1451 1435
f 1435 1451 1452
f 1435 1452 1434
f 1434 1452 1453
f 1434 1453 1446
f 1449 1454 1440
f 1440 1454 1455
f 1440 1455 1439
f 1439 1455 1456
f 1439 1456 1438
f 1438 1456 1457
f 1438 1457 1437
f 1437 1457 1458
f 1437 1458 1450
f 1453 1459 1446
f 1446 1459 1460
f 1446 1460 1445
f 1445 1460 1461
f 1445 1461 1444
f 1444 1461 1462
f 1444 1462 1443
f 1443 1462 1463
f 1443 1463 1447
f 1451 1450 1017
f 1017 1433 1451
f 1451 1433 1069
f 1451 1069 1452
f 1452 1069 1046
f 1452 1046 1453
f 1453 1046 1049
f 1453 1049 1459
f 1459 1049 1051
f 1459 1051 1460
f 1460 1051 1179
f 1460 1179 1461
f 1461 1179 1178
f 1461 1178 1462
f 1462 1178 1110
f 1462 1110 1463
f 1463 1110 1109
f 1463 1109 1447
f 1447 1109 1107
f 1447 1107 1448
f 1448 1107 1106
f 1448 1106 1449
f 1449 1106 1089
f 1449 1089 1454
f 1454 1089 1087
f 1454 1087 1455
f 1455 1087 1085
f 1455 1085 1456
f 1456 1085 1084
f 1456 1084 1457
f 1457 1084 1067
f 1457 1067 1458
f 1458 1067 1068
f 1458 1068 1450
f 1450 1068 1018
f 1450 1018 1017
f 1215 1029 1464
f 1214 1215 1321
f 1321 1215 1464
f 1321 1464 1078
f 1367 1360 1465
f 1465 1360 1359
f 1465 1359 1466
f 1466 1359 1394
f 1466 1394 1467
f 1467 1394 1395
f 1467 1395 1468
f 1468 1395 1385
f 1468 1385 1469
f 1469 1385 1384
f 1469 1384 1470
f 1470 1384 1391
f 1470 1391 1471
f 1471 1391 1392
f 1471 1392 1472
f 1472 1392 1393
f 1472 1393 1473
f 1473 1393 1365
f 1473 1365 1474
f 1474 1365 1364
f 1474 1364 1475
f 1475 1364 1362
f 1475 1362 1476
f 1476 1362 1368
f 1476 1368 1477
f 1477 1368 1367
f 1477 1367 1465
f 1474 1478 1473
f 1473 1478 1479
f 1473 1479 1472
f 1472 1479 1480
f 1472 1480 1471
f 1477 1481 1476
f 1476 1481 1482
f 1476 1482 1475
f 1475 1482 1483
f 1475 1483 1474
f 1474 1483 1484
f 1474 1484 1478
f 1468 1485 1467
f 1467 1485 1486
f 1467 1486 1466
f 1466 1486 1487
f 1466 1487 1465
f 1465 1487 1488
f 1465 1488 1477
f 1477 1488 1489
f 1477 1489 1481
f 1480 1490 1471
f 1471 1490 1491
f 1471 1491 1470
f 1470 1491 1492
f 1470 1492 1469
f 1469 1492 1493
f 1469 1493 1468
f 1468 1493 1494
f 1468 1494 1485
f 1491 1490 1078
f 1078 1464 1491
f 1491 1464 1029
f 1491 1029 1492
f 1492 1029 1171
f 1492 1171 1493
f 1493 1171 1170
f 1493 1170 1494
f 1494 1170 1134
f 1494 1134 1485
f 1485 1134 1133
f 1485 1133 1486
f 1486 1133 1168
f 1486 1168 1487
f 1487 1168 1167
f 1487 1167 1488
f 1488 1167 1165
f 1488 1165 1489
f 1489 1165 1163
f 1489 1163 1481
f 1481 1163 1161
f 1481 1161 1482
f 1482 1161 1159
f 1482 1159 1483
f 1483 1159 1157
f 1483 1157 1484
f 1484 1157 1155
f 1484 1155 1478
f 1478 1155 1153
f 1478 1153 1479
f 1479 1153 1152
f 1479 1152 1480
f 1480 1152 1075
f 1480 1075 1490
f 1490 1075 1077
f 1490 1077 1078
f 1495 1496 1269
f 1269 1496 1497
f 1269 1497 1248
f 1248 1497 1498
f 1248 1498 1249
f 1249 1498 1499
f 1249 1499 1277
f 1277 1499 1500
f 1277 1500 1278
f 1278 1500 1501
f 1278 1501 1279
f 1279 1501 1502
f 1279 1502 1280
f 1280 1502 1503
f 1280 1503 1287
f 1287 1503 1504
f 1287 1504 1260
f 1260 1504 1505
f 1260 1505 1254
f 1254 1505 1506
f 1254 1506 1302
f 1302 1506 1507
f 1302 1507 1303
f 1303 1507 1508
f 1303 1508 1295
f 1295 1508 1509
f 1295 1509 1296
f 1296 1509 1510
f 1296 1510 1305
f 1305 1510 1511
f 1305 1511 1304
f 1304 1511 1512
f 1304 1512 1237
f 1237 1512 1513
f 1237 1513 1235
f 1235 1513 1514
f 1235 1514 1233
f 1233 1514 1495
f 1233 1495 1269
f 1495 1514 1515
f 1495 1515 1496
f 1499 1498 1515
f 1515 1498 1497
f 1515 1497 1496
f 1502 1501 1515
f 1515 1501 1500
f 1515 1500 1499
f 1505 1504 1515
f 1515 1504 1503
f 1515 1503 1502
f 1508 1507 1515
f 1515 1507 1506
f 1515 1506 1505
f 1511 1510 1515
f 1515 1510 1509
f 1515 1509 1508
f 1514 1513 1515
f 1515 1513 1512
f 1515 1512 1511
f 1516 1517 1518
f 1518 1517 1519
f 1518 1519 1520
f 1521 1522 1518
f 1518 1522 1523
f 1518 1523 1516
f 1524 1525 1518
f 1518 1525 1526
f 1518 1526 1521
f 1520 1527 1518
f 1518 1527 1528
f 1518 1528 1524
f 1526 1529 1521
f 1521 1529 1530
f 1521 1530 1522
f 1522 1530 1531
f 1522 1531 1523
f 1523 1531 1532
f 1523 1532 1516
f 1516 1532 1533
f 1516 1533 1517
f 1517 1533 1534
f 1517 1534 1519
f 1519 1534 1535
f 1519 1535 1520
f 1520 1535 1536
f 1520 1536 1527
f 1527 1536 1537
f 1527 1537 1528
f 1528 1537 1538
f 1528 1538 1524
f 1524 1538 1539
f 1524 1539 1525
f 1525 1539 1540
f 1525 1540 1526
f 1526 1540 1529
f 1531 1530 1541
f 1541 1530 1529
f 1541 1529 1540
f 1534 1533 1541
f 1541 1533 1532
f 1541 1532 1531
f 1537 1536 1541
f 1541 1536 1535
f 1541 1535 1534
f 1540 1539 1541
f 1541 1539 1538
f 1541 1538 1537

