mtllib material.mtl
usemtl mtl_LINK2
v 0.00000000 0.01325000 -0.03550000
v 0.00000000 0.01325000 -0.03900000
v -0.00661862 0.01325000 -0.03487755
v -0.00760852 0.01325000 -0.03825063
v -0.01300515 0.01325000 -0.03303205
v -0.01492465 0.01325000 -0.03603130
v -0.01893562 0.01325000 -0.03002819
v -0.02166724 0.01325000 -0.03242731
v -0.02420206 0.01325000 -0.02597133
v -0.02757716 0.01325000 -0.02757716
v -0.02861981 0.01325000 -0.02100373
v -0.03242731 0.01325000 -0.02166724
v -0.03203394 0.01325000 -0.01529958
v -0.03603130 0.01325000 -0.01492465
v -0.03425274 0.01325000 -0.00932738
v -0.03786819 0.01325000 -0.00932738
v 0.00000000 -0.01275000 0.03550000
v 0.00000000 -0.01275000 0.03900000
v -0.00661862 -0.01275000 0.03487755
v -0.00760852 -0.01275000 0.03825063
v -0.01300515 -0.01275000 0.03303205
v -0.01492465 -0.01275000 0.03603130
v -0.01893562 -0.01275000 0.03002819
v -0.02166724 -0.01275000 0.03242731
v -0.02420206 -0.01275000 0.02597133
v -0.02757716 -0.01275000 0.02757716
v -0.02861981 -0.01275000 0.02100373
v -0.03242731 -0.01275000 0.02166724
v -0.03203394 -0.01275000 0.01529958
v -0.03603130 -0.01275000 0.01492465
v -0.03425274 -0.01275000 0.00932738
v -0.03786819 -0.01275000 0.00932738
v -0.02608877 -0.00227469 0.01579956
v -0.02359739 -0.00775000 0.01932391
v -0.02643286 -0.00469427 0.01521690
v -0.02458885 -0.00775000 0.01804546
v -0.02717076 -0.00775000 0.01385641
v -0.02596632 0.00025000 0.01600000
v -0.02608785 0.00276515 0.01580108
v -0.02359739 0.00825000 0.01932391
v -0.02643286 0.00519427 0.01521690
v -0.02458885 0.00825000 0.01804546
v -0.02717076 0.00825000 0.01385641
v 0.00000000 0.00825000 0.03050000
v 0.00000000 -0.00775000 0.03050000
v -0.00568642 0.00825000 0.02996522
v -0.00568642 -0.00775000 0.02996522
v -0.00669050 0.00825000 0.02975714
v -0.00669050 -0.00775000 0.02975714
v -0.01117344 0.00825000 0.02837965
v -0.01117344 -0.00775000 0.02837965
v -0.01305509 0.00825000 0.02756473
v -0.01305509 -0.00775000 0.02756473
v -0.01626863 0.00825000 0.02579887
v -0.01626863 -0.00775000 0.02579887
v -0.01878374 0.00825000 0.02402959
v -0.01878374 -0.00775000 0.02402959
v -0.02079332 0.00825000 0.02231340
v -0.02079332 -0.00775000 0.02231340
v 0.00000000 -0.05475000 0.03050000
v 0.00000000 -0.04325000 0.03050000
v 0.00000000 -0.05475000 0.04150000
v 0.00000000 -0.04325000 0.03900000
v 0.00000000 -0.05375000 0.04250000
v 0.00000000 0.01325000 0.03900000
v 0.00000000 0.05425000 0.04250000
v 0.00000000 0.04375000 0.03900000
v 0.00000000 0.05525000 0.04150000
v 0.00000000 0.04375000 0.03050000
v 0.00000000 0.05525000 0.03050000
v 0.00000000 -0.00775000 0.03400000
v 0.00000000 -0.00875000 0.03426795
v 0.00000000 0.00925000 0.03426795
v 0.00000000 0.00998205 0.03500000
v 0.00000000 0.01325000 0.03550000
v 0.00000000 -0.00948205 0.03700000
v 0.00000000 -0.00975000 0.03600000
v 0.00000000 -0.00948205 0.03500000
v 0.00000000 0.00651795 0.03500000
v 0.00000000 0.00725000 0.03426795
v 0.00000000 0.00825000 0.03400000
v 0.00000000 0.00998205 0.03700000
v 0.00000000 0.01025000 0.03600000
v 0.00000000 -0.00875000 0.03773205
v 0.00000000 -0.00775000 0.03800000
v 0.00000000 -0.00675000 0.03773205
v 0.00000000 -0.00601795 0.03700000
v 0.00000000 0.00651795 0.03700000
v 0.00000000 0.00625000 0.03600000
v 0.00000000 -0.00575000 0.03600000
v 0.00000000 -0.00601795 0.03500000
v 0.00000000 -0.00675000 0.03426795
v 0.00000000 0.00725000 0.03773205
v 0.00000000 0.00825000 0.03800000
v 0.00000000 0.00925000 0.03773205
v -0.03533078 0.03109281 0.02362172
v -0.03382695 0.02889439 0.02572911
v -0.03391573 0.05425000 0.02561197
v -0.02166890 -0.00470335 -0.03656103
v -0.01535277 -0.05375000 -0.03963007
v -0.02213844 -0.00657937 -0.03627864
v -0.02237337 -0.05375000 -0.03613423
v -0.02134526 -0.00286499 -0.03675092
v -0.02116179 -0.00095044 -0.03685687
v -0.02113751 -0.00034668 -0.03687080
v -0.02113719 0.00083436 -0.03687098
v -0.01535277 0.05425000 -0.03963007
v -0.02125375 0.00260986 -0.03680392
v -0.02151169 0.00440808 -0.03665375
v -0.02442189 -0.01255743 -0.03478248
v -0.02561691 -0.01498172 -0.03391200
v -0.02589315 -0.01550938 -0.03370155
v -0.02336812 -0.01013355 -0.03549903
v -0.02274945 -0.00849321 -0.03589864
v -0.03076868 -0.02376029 -0.02931789
v -0.02910753 -0.02111101 -0.03096776
v -0.02863207 -0.05375000 -0.03140788
v -0.02862108 -0.02031057 -0.03141789
v -0.02746901 -0.01835743 -0.03242997
v -0.03611661 -0.03172575 -0.02240179
v -0.03470173 -0.02967839 -0.02453650
v -0.03391573 -0.05375000 -0.02561197
v -0.03403667 -0.02870360 -0.02545104
v -0.03242006 -0.02629421 -0.02748071
v -0.03958490 -0.03662509 -0.01546887
v -0.03856218 -0.03519529 -0.01786640
v -0.03804444 -0.05375000 -0.01894388
v -0.03803907 -0.03445952 -0.01895466
v -0.03740503 -0.03356332 -0.02017707
v -0.04199432 -0.03995441 -0.00653658
v -0.04154285 -0.03933432 -0.00896894
v -0.04087759 -0.05375000 -0.01163068
v -0.04095441 -0.03852364 -0.01135722
v -0.04022878 -0.03751986 -0.01370749
v -0.04248332 -0.04062428 -0.00119069
v -0.04231870 -0.05375000 -0.00392141
v -0.04248270 -0.04062344 0.00121236
v -0.04231870 -0.05375000 0.00392141
v -0.04234463 -0.04043448 0.00363069
v -0.04234885 -0.04044025 -0.00358124
v -0.04231855 -0.04039876 -0.00392310
v -0.04207944 -0.04007115 -0.00596410
v -0.04104029 -0.03864213 0.01104287
v -0.04159693 -0.03940868 0.00871469
v -0.04087759 -0.05375000 0.01163068
v -0.04202209 -0.03999251 0.00635559
v -0.04231457 -0.04039332 0.00396570
v -0.03909766 -0.03594529 0.01666202
v -0.04000344 -0.03720717 0.01435183
v -0.03804444 -0.05375000 0.01894388
v -0.04035350 -0.03769273 0.01333585
v -0.04087595 -0.03841534 0.01163643
v -0.03537463 -0.03065629 0.02355601
v -0.03566724 -0.03107910 0.02311057
v -0.03391573 -0.05375000 0.02561197
v -0.03692367 -0.03287949 0.02104502
v -0.03806949 -0.03450239 0.01889349
v -0.02900679 -0.02094628 0.03106214
v -0.03068434 -0.02362849 0.02940614
v -0.02863207 -0.05375000 0.03140788
v -0.03231926 -0.02614184 0.02759920
v -0.03388839 -0.02848506 0.02564814
v -0.02237337 -0.05375000 0.03613423
v -0.02351613 -0.01049722 0.03540115
v -0.02470254 -0.01315114 0.03458373
v -0.02610644 -0.01591008 0.03353661
v -0.02731743 -0.01809343 0.03255777
v -0.02862213 -0.02031232 0.03141693
v -0.02117165 -0.00112209 0.03685120
v -0.02136533 -0.00300785 0.03673925
v -0.01535277 -0.05375000 0.03963007
v -0.02164831 0.00510614 0.03657322
v -0.01535277 0.05425000 0.03963007
v -0.02216207 0.00716166 0.03626420
v -0.02237337 0.05425000 0.03613423
v -0.02113568 -0.00027350 0.03687185
v -0.02133332 0.00327697 0.03675785
v -0.02116393 0.00148971 0.03685564
v -0.02171674 -0.00492263 0.03653263
v -0.02223578 -0.00691309 0.03621905
v -0.02265434 -0.00821921 0.03595874
v -0.02661159 0.01733835 0.03313719
v -0.02523793 0.01474005 0.03419498
v -0.02399530 0.01211816 0.03507814
v -0.02366286 0.01134903 0.03530325
v -0.02283864 0.00924404 0.03584196
v -0.03116872 0.02488206 0.02889223
v -0.02960741 0.02242094 0.03049019
v -0.02863207 0.05425000 0.03140788
v -0.02862197 0.02081206 0.03141708
v -0.02807899 0.01990249 0.03190330
v -0.03221918 0.02649032 0.02771596
v -0.03967408 0.03724928 0.01523866
v -0.03870904 0.03590130 0.01754594
v -0.03804444 0.05425000 0.01894388
v -0.03798180 0.03487876 0.01906917
v -0.03671831 0.03308681 0.02140130
v -0.04173825 0.04010290 0.00801051
v -0.04119188 0.03935115 0.01046321
v -0.04087759 0.05425000 0.01163068
v -0.04087531 0.03891445 0.01163870
v -0.04050184 0.03839815 0.01287831
v -0.04249264 0.04113702 0.00079117
v -0.04231870 0.05425000 0.00392141
v -0.04248970 0.04113301 -0.00093559
v -0.04231870 0.05425000 -0.00392141
v -0.04236997 0.04096917 -0.00332196
v -0.04237759 0.04097959 0.00322337
v -0.04231845 0.04089863 0.00392410
v -0.04212569 0.04063455 0.00562813
v -0.04102318 0.03911853 -0.01110626
v -0.04120962 0.03937560 -0.01039313
v -0.04087759 0.05425000 -0.01163068
v -0.04173010 0.04009171 -0.00805287
v -0.04211679 0.04062235 -0.00569437
v -0.04231847 0.04089866 -0.00392386
v -0.03851496 0.03562900 -0.01796796
v -0.03947614 0.03697357 -0.01574434
v -0.03804444 0.05425000 -0.01894388
v -0.04031333 0.03813706 -0.01345682
v -0.04087601 0.03891542 -0.01163622
v -0.03508894 0.03074209 -0.02397949
v -0.03645273 0.03270741 -0.02185059
v -0.03391573 0.05425000 -0.02561197
v -0.03743328 0.03410336 -0.02012460
v -0.03803978 0.03496052 -0.01895324
v -0.02999225 0.02303663 -0.03011171
v -0.03046629 0.02378650 -0.02963200
v -0.02863207 0.05425000 -0.03140788
v -0.03208219 0.02628243 -0.02787442
v -0.03362813 0.02860036 -0.02598843
v -0.03391085 0.02901819 -0.02561844
v -0.02156483 0.00469187 -0.03662251
v -0.02205558 0.00678368 -0.03632907
v -0.02237337 0.05425000 -0.03613423
v -0.02235456 0.00780299 -0.03614587
v -0.02273445 0.00895048 -0.03590814
v -0.02361971 0.01124641 -0.03533213
v -0.02387308 0.01183958 -0.03516143
v -0.02508437 0.01443302 -0.03430779
v -0.02660784 0.01733157 -0.03314020
v -0.02826707 0.02021960 -0.03173678
v -0.02862303 0.02081380 -0.03141611
v -0.00780935 -0.05375000 0.04177636
v -0.00780935 0.05425000 0.04177636
v -0.00780935 0.05425000 -0.04177636
v -0.00780935 -0.05375000 -0.04177636
v 0.00000000 0.05425000 -0.04250000
v 0.00000000 -0.05375000 -0.04250000
v -0.01323345 -0.05475000 -0.02747955
v -0.01138624 -0.05475000 -0.02859732
v -0.00678689 -0.05475000 -0.02973530
v -0.01019665 -0.05475000 -0.02978690
v -0.00976124 -0.05475000 -0.03141190
v -0.01499153 -0.05475000 -0.03869760
v -0.00762560 -0.05475000 -0.04079339
v -0.01138624 -0.05475000 -0.03422649
v -0.01019665 -0.05475000 -0.03303690
v 0.00000000 -0.05475000 -0.04150000
v 0.00000000 -0.05475000 -0.03050000
v -0.03714928 -0.05475000 0.01849814
v -0.03991576 -0.05475000 0.01135701
v -0.03466190 -0.05475000 0.01301124
v -0.03422649 -0.05475000 0.01138624
v -0.04132297 -0.05475000 0.00382914
v -0.03303690 -0.05475000 0.01019665
v -0.02973530 -0.05475000 -0.00678689
v -0.03050000 -0.05475000 0.00000000
v -0.03141190 -0.05475000 -0.00976124
v -0.01582582 -0.05475000 -0.02978690
v -0.02978690 -0.05475000 -0.01582582
v -0.03141190 -0.05475000 -0.01626124
v -0.03422649 -0.05475000 0.01463624
v -0.03303690 -0.05475000 0.01582582
v -0.03311772 -0.05475000 0.02500934
v -0.03141190 -0.05475000 0.01626124
v -0.02795837 -0.05475000 0.03066887
v -0.02978690 -0.05475000 0.01582582
v -0.01582582 -0.05475000 0.03303690
v -0.01499153 -0.05475000 0.03869760
v -0.02184694 -0.05475000 0.03528401
v -0.01301124 -0.05475000 -0.03466190
v -0.01463624 -0.05475000 -0.03422649
v -0.02184694 -0.05475000 -0.03528401
v -0.01582582 -0.05475000 -0.03303690
v -0.02795837 -0.05475000 -0.03066887
v -0.01626124 -0.05475000 -0.03141190
v -0.03311772 -0.05475000 -0.02500934
v -0.03714928 -0.05475000 -0.01849814
v -0.01463624 -0.05475000 0.03422649
v -0.01301124 -0.05475000 0.03466190
v -0.00762560 -0.05475000 0.04079339
v -0.01138624 -0.05475000 0.03422649
v -0.01019665 -0.05475000 0.03303690
v -0.00976124 -0.05475000 0.03141190
v -0.00678689 -0.05475000 0.02973530
v -0.02978690 -0.05475000 -0.01019665
v -0.02859732 -0.05475000 -0.01138624
v -0.02747955 -0.05475000 -0.01323345
v -0.02816190 -0.05475000 -0.01301124
v -0.02384586 -0.05475000 -0.01901644
v -0.02859732 -0.05475000 -0.01463624
v -0.02747955 -0.05475000 0.01323345
v -0.02816190 -0.05475000 0.01301124
v -0.02859732 -0.05475000 0.01138624
v -0.02973530 -0.05475000 0.00678689
v -0.02978690 -0.05475000 0.01019665
v -0.03141190 -0.05475000 0.00976124
v -0.02859732 -0.05475000 0.01463624
v -0.02384586 -0.05475000 0.01901644
v -0.01901644 -0.05475000 -0.02384586
v -0.01463624 -0.05475000 -0.02859732
v -0.01301124 -0.05475000 -0.02816190
v -0.01019665 -0.05475000 0.02978690
v -0.01138624 -0.05475000 0.02859732
v -0.01323345 -0.05475000 0.02747955
v -0.01301124 -0.05475000 0.02816190
v -0.01901644 -0.05475000 0.02384586
v -0.01463624 -0.05475000 0.02859732
v -0.01582582 -0.05475000 0.02978690
v -0.01626124 -0.05475000 0.03141190
v -0.03303690 -0.05475000 -0.01582582
v -0.03422649 -0.05475000 -0.01463624
v -0.03991576 -0.05475000 -0.01135701
v -0.03466190 -0.05475000 -0.01301124
v -0.04132297 -0.05475000 -0.00382914
v -0.03422649 -0.05475000 -0.01138624
v -0.03303690 -0.05475000 -0.01019665
v -0.00678689 0.05525000 0.02973530
v -0.01323345 0.05525000 0.02747955
v -0.01138624 0.05525000 0.02859732
v -0.01301124 0.05525000 0.02816190
v -0.01019665 0.05525000 0.02978690
v -0.00976124 0.05525000 0.03141190
v -0.01019665 0.05525000 0.03303690
v -0.00762560 0.05525000 0.04079339
v -0.01138624 0.05525000 0.03422649
v -0.01499153 0.05525000 0.03869760
v -0.03714928 0.05525000 0.01849814
v -0.03311772 0.05525000 0.02500934
v -0.03141190 0.05525000 0.01626124
v -0.03303690 0.05525000 0.01582582
v -0.03422649 0.05525000 0.01463624
v -0.03991576 0.05525000 0.01135701
v -0.03466190 0.05525000 0.01301124
v -0.04132297 0.05525000 0.00382914
v -0.03303690 0.05525000 0.01019665
v -0.03141190 0.05525000 0.00976124
v -0.03141190 0.05525000 -0.00976124
v -0.03303690 0.05525000 -0.01019665
v -0.04132297 0.05525000 -0.00382914
v -0.03422649 0.05525000 -0.01138624
v -0.03991576 0.05525000 -0.01135701
v -0.03466190 0.05525000 -0.01301124
v -0.03714928 0.05525000 -0.01849814
v -0.01301124 0.05525000 0.03466190
v -0.01463624 0.05525000 0.03422649
v -0.02184694 0.05525000 0.03528401
v -0.01582582 0.05525000 0.03303690
v -0.02795837 0.05525000 0.03066887
v -0.01626124 0.05525000 0.03141190
v -0.01582582 0.05525000 0.02978690
v -0.01626124 0.05525000 -0.03141190
v -0.01582582 0.05525000 -0.03303690
v -0.02184694 0.05525000 -0.03528401
v -0.01499153 0.05525000 -0.03869760
v -0.01463624 0.05525000 0.02859732
v -0.01901644 0.05525000 0.02384586
v -0.02978690 0.05525000 0.01582582
v -0.02859732 0.05525000 0.01463624
v -0.02384586 0.05525000 0.01901644
v -0.02816190 0.05525000 0.01301124
v -0.02747955 0.05525000 0.01323345
v -0.02859732 0.05525000 0.01138624
v -0.02973530 0.05525000 0.00678689
v -0.01463624 0.05525000 -0.03422649
v -0.01301124 0.05525000 -0.03466190
v -0.00762560 0.05525000 -0.04079339
v -0.01138624 0.05525000 -0.03422649
v 0.00000000 0.05525000 -0.04150000
v -0.01019665 0.05525000 -0.03303690
v 0.00000000 0.05525000 -0.03050000
v -0.00976124 0.05525000 -0.03141190
v -0.00678689 0.05525000 -0.02973530
v -0.02973530 0.05525000 -0.00678689
v -0.02747955 0.05525000 -0.01323345
v -0.02859732 0.05525000 -0.01138624
v -0.02816190 0.05525000 -0.01301124
v -0.03422649 0.05525000 0.01138624
v -0.03422649 0.05525000 -0.01463624
v -0.03303690 0.05525000 -0.01582582
v -0.03311772 0.05525000 -0.02500934
v -0.03141190 0.05525000 -0.01626124
v -0.02795837 0.05525000 -0.03066887
v -0.02978690 0.05525000 -0.01582582
v -0.02859732 0.05525000 -0.01463624
v -0.02384586 0.05525000 -0.01901644
v -0.02978690 0.05525000 -0.01019665
v -0.03050000 0.05525000 0.00000000
v -0.02978690 0.05525000 0.01019665
v -0.01582582 0.05525000 -0.02978690
v -0.01463624 0.05525000 -0.02859732
v -0.01901644 0.05525000 -0.02384586
v -0.01301124 0.05525000 -0.02816190
v -0.01323345 0.05525000 -0.02747955
v -0.01138624 0.05525000 -0.02859732
v -0.01019665 0.05525000 -0.02978690
v -0.03891961 0.01605304 -0.00250280
v -0.03868532 0.01546690 -0.00494427
v -0.03825063 0.04375000 -0.00760852
v -0.03825063 0.01432517 -0.00760852
v -0.03603130 0.04375000 -0.01492465
v -0.03900000 0.01625000 0.00000000
v -0.03900000 0.04375000 0.00000000
v -0.03891893 0.01605138 0.00251325
v -0.03825063 0.04375000 0.00760852
v -0.03868532 0.01546690 0.00494427
v -0.03603130 0.04375000 0.01492465
v -0.03786819 0.01325000 0.00932738
v -0.03825063 0.01432517 0.00760852
v -0.00760852 0.04375000 0.03825063
v -0.00760852 0.01325000 0.03825063
v -0.01492465 0.04375000 0.03603130
v -0.01492465 0.01325000 0.03603130
v -0.02166724 0.04375000 0.03242731
v -0.02166724 0.01325000 0.03242731
v -0.02757716 0.04375000 0.02757716
v -0.02757716 0.01325000 0.02757716
v -0.03242731 0.04375000 0.02166724
v -0.03242731 0.01325000 0.02166724
v -0.03603130 0.01325000 0.01492465
v -0.03242731 0.04375000 -0.02166724
v -0.02757716 0.04375000 -0.02757716
v -0.02166724 0.04375000 -0.03242731
v -0.01492465 0.04375000 -0.03603130
v -0.00760852 0.04375000 -0.03825063
v 0.00000000 0.04375000 -0.03900000
v -0.03288415 0.04375000 0.01386124
v -0.01448348 0.04375000 0.03226190
v -0.01471124 0.04375000 0.03141190
v -0.03288415 0.04375000 -0.01386124
v -0.03311190 0.04375000 -0.01301124
v -0.03226190 0.04375000 0.01448348
v -0.03141190 0.04375000 0.01471124
v -0.03056190 0.04375000 0.01448348
v -0.01131124 0.04375000 -0.03141190
v 0.00000000 0.04375000 -0.03050000
v -0.00678689 0.04375000 -0.02973530
v -0.03141190 0.04375000 -0.01131124
v -0.02971190 0.04375000 0.01301124
v -0.02993966 0.04375000 0.01216124
v -0.01386124 0.04375000 0.03288415
v -0.01301124 0.04375000 0.03311190
v -0.01216124 0.04375000 0.03288415
v -0.01153899 0.04375000 0.03226190
v -0.01131124 0.04375000 0.03141190
v -0.00678689 0.04375000 0.02973530
v -0.01153899 0.04375000 0.03056190
v -0.01323345 0.04375000 0.02747955
v -0.01323345 0.04375000 -0.02747955
v -0.01216124 0.04375000 -0.02993966
v -0.01153899 0.04375000 -0.03056190
v -0.01153899 0.04375000 -0.03226190
v -0.01216124 0.04375000 -0.03288415
v -0.01216124 0.04375000 0.02993966
v -0.01301124 0.04375000 0.02971190
v -0.01901644 0.04375000 0.02384586
v -0.01386124 0.04375000 0.02993966
v -0.02384586 0.04375000 0.01901644
v -0.01448348 0.04375000 0.03056190
v -0.01301124 0.04375000 -0.03311190
v -0.01386124 0.04375000 -0.03288415
v -0.03288415 0.04375000 -0.01216124
v -0.03226190 0.04375000 -0.01153899
v -0.03226190 0.04375000 -0.01448348
v -0.03141190 0.04375000 -0.01471124
v -0.03056190 0.04375000 0.01153899
v -0.03141190 0.04375000 0.01131124
v -0.03226190 0.04375000 0.01153899
v -0.03288415 0.04375000 0.01216124
v -0.03311190 0.04375000 0.01301124
v -0.02993966 0.04375000 0.01386124
v -0.02747955 0.04375000 0.01323345
v -0.02973530 0.04375000 0.00678689
v -0.03056190 0.04375000 -0.01448348
v -0.03050000 0.04375000 0.00000000
v -0.02973530 0.04375000 -0.00678689
v -0.03056190 0.04375000 -0.01153899
v -0.02747955 0.04375000 -0.01323345
v -0.02993966 0.04375000 -0.01216124
v -0.02971190 0.04375000 -0.01301124
v -0.02384586 0.04375000 -0.01901644
v -0.02993966 0.04375000 -0.01386124
v -0.01901644 0.04375000 -0.02384586
v -0.01448348 0.04375000 -0.03226190
v -0.01471124 0.04375000 -0.03141190
v -0.01448348 0.04375000 -0.03056190
v -0.01386124 0.04375000 -0.02993966
v -0.01301124 0.04375000 -0.02971190
v -0.03425274 0.01325000 0.00932738
v -0.03203394 0.01325000 0.01529958
v -0.02861981 0.01325000 0.02100373
v -0.02420206 0.01325000 0.02597133
v -0.01893562 0.01325000 0.03002819
v -0.01300515 0.01325000 0.03303205
v -0.00661862 0.01325000 0.03487755
v -0.00678689 -0.04325000 0.02973530
v -0.01323345 -0.04325000 0.02747955
v -0.01901644 -0.04325000 0.02384586
v -0.02384586 -0.04325000 0.01901644
v -0.02747955 -0.04325000 0.01323345
v -0.02973530 -0.04325000 0.00678689
v -0.03050000 -0.04325000 0.00000000
v -0.02973530 -0.04325000 -0.00678689
v -0.02747955 -0.04325000 -0.01323345
v -0.02384586 -0.04325000 -0.01901644
v -0.01901644 -0.04325000 -0.02384586
v -0.01323345 -0.04325000 -0.02747955
v -0.00678689 -0.04325000 -0.02973530
v 0.00000000 -0.04325000 -0.03050000
v -0.01386124 -0.04325000 -0.03288415
v -0.01301124 -0.04325000 -0.03311190
v -0.01492465 -0.04325000 -0.03603130
v -0.03141190 -0.04325000 0.01131124
v -0.02971190 -0.04325000 -0.01301124
v -0.02993966 -0.04325000 -0.01216124
v -0.03242731 -0.04325000 -0.02166724
v -0.03603130 -0.04325000 -0.01492465
v -0.03288415 -0.04325000 -0.01386124
v -0.01216124 -0.04325000 0.02993966
v -0.01153899 -0.04325000 0.03056190
v -0.01131124 -0.04325000 0.03141190
v -0.03141190 -0.04325000 0.01471124
v -0.03226190 -0.04325000 0.01448348
v -0.03242731 -0.04325000 0.02166724
v -0.00760852 -0.04325000 -0.03825063
v -0.01216124 -0.04325000 -0.03288415
v 0.00000000 -0.04325000 -0.03900000
v -0.01153899 -0.04325000 -0.03226190
v -0.01131124 -0.04325000 -0.03141190
v -0.01153899 -0.04325000 -0.03056190
v -0.01448348 -0.04325000 -0.03226190
v -0.02166724 -0.04325000 -0.03242731
v -0.01471124 -0.04325000 -0.03141190
v -0.02166724 -0.04325000 0.03242731
v -0.01492465 -0.04325000 0.03603130
v -0.01386124 -0.04325000 0.03288415
v -0.03603130 -0.04325000 0.01492465
v -0.03056190 -0.04325000 -0.01153899
v -0.03141190 -0.04325000 -0.01131124
v -0.03900000 -0.04325000 0.00000000
v -0.03226190 -0.04325000 -0.01153899
v -0.03825063 -0.04325000 -0.00760852
v -0.03288415 -0.04325000 -0.01216124
v -0.03311190 -0.04325000 -0.01301124
v -0.03226190 -0.04325000 -0.01448348
v -0.03141190 -0.04325000 -0.01471124
v -0.02757716 -0.04325000 -0.02757716
v -0.03056190 -0.04325000 -0.01448348
v -0.01153899 -0.04325000 0.03226190
v -0.00760852 -0.04325000 0.03825063
v -0.01216124 -0.04325000 0.03288415
v -0.01301124 -0.04325000 0.03311190
v -0.03288415 -0.04325000 0.01386124
v -0.03311190 -0.04325000 0.01301124
v -0.03825063 -0.04325000 0.00760852
v -0.03288415 -0.04325000 0.01216124
v -0.03226190 -0.04325000 0.01153899
v -0.03056190 -0.04325000 0.01448348
v -0.02757716 -0.04325000 0.02757716
v -0.01216124 -0.04325000 -0.02993966
v -0.01301124 -0.04325000 -0.02971190
v -0.01386124 -0.04325000 -0.02993966
v -0.01448348 -0.04325000 -0.03056190
v -0.02971190 -0.04325000 0.01301124
v -0.02993966 -0.04325000 0.01386124
v -0.02993966 -0.04325000 -0.01386124
v -0.01448348 -0.04325000 0.03226190
v -0.01471124 -0.04325000 0.03141190
v -0.01448348 -0.04325000 0.03056190
v -0.01386124 -0.04325000 0.02993966
v -0.01301124 -0.04325000 0.02971190
v -0.03056190 -0.04325000 0.01153899
v -0.02993966 -0.04325000 0.01216124
v -0.03891961 -0.01555304 0.00250280
v -0.03868532 -0.01496691 0.00494427
v -0.03825063 -0.01382517 0.00760852
v -0.03900000 -0.01575000 0.00000000
v -0.03891893 -0.01555138 -0.00251325
v -0.03868532 -0.01496691 -0.00494427
v -0.03786819 -0.01275000 -0.00932738
v -0.03825063 -0.01382517 -0.00760852
v 0.00000000 -0.01275000 -0.03900000
v -0.00760852 -0.01275000 -0.03825063
v -0.01492465 -0.01275000 -0.03603130
v -0.02166724 -0.01275000 -0.03242731
v -0.02757716 -0.01275000 -0.02757716
v -0.03242731 -0.01275000 -0.02166724
v -0.03603130 -0.01275000 -0.01492465
v -0.03425274 -0.01275000 -0.00932738
v -0.03203394 -0.01275000 -0.01529958
v -0.02861981 -0.01275000 -0.02100373
v -0.02420206 -0.01275000 -0.02597133
v -0.01893562 -0.01275000 -0.03002819
v -0.01300515 -0.01275000 -0.03303205
v -0.00661862 -0.01275000 -0.03487755
v 0.00000000 -0.01275000 -0.03550000
v -0.02608881 0.00277508 -0.01579949
v -0.02359739 0.00825000 -0.01932391
v -0.02643286 0.00519427 -0.01521690
v -0.02458885 0.00825000 -0.01804546
v -0.02717076 0.00825000 -0.01385641
v -0.02596632 0.00025000 -0.01600000
v -0.02608796 -0.00226626 -0.01580090
v -0.02359739 -0.00775000 -0.01932391
v -0.02643286 -0.00469427 -0.01521690
v -0.02458885 -0.00775000 -0.01804546
v -0.02717076 -0.00775000 -0.01385641
v -0.02079332 0.00825000 -0.02231340
v -0.02079332 -0.00775000 -0.02231340
v -0.01878374 0.00825000 -0.02402959
v -0.01878374 -0.00775000 -0.02402959
v -0.01626863 0.00825000 -0.02579887
v -0.01626863 -0.00775000 -0.02579887
v -0.01305509 0.00825000 -0.02756473
v -0.01305509 -0.00775000 -0.02756473
v -0.01117344 0.00825000 -0.02837965
v -0.01117344 -0.00775000 -0.02837965
v -0.00669050 0.00825000 -0.02975714
v -0.00669050 -0.00775000 -0.02975714
v -0.00568642 0.00825000 -0.02996522
v -0.00568642 -0.00775000 -0.02996522
v 0.00000000 0.00825000 -0.03050000
v 0.00000000 -0.00775000 -0.03050000
v -0.06773205 -0.02028381 -0.01911959
v -0.06735410 -0.02064995 -0.01881840
v -0.08901519 -0.01781156 -0.01626270
v -0.04767953 -0.02830579 0.01351565
v -0.04656063 -0.02738454 0.01571441
v -0.08901519 -0.02079807 0.01215211
v -0.02925009 0.01130762 -0.03304124
v -0.02775379 0.00930067 -0.03391954
v -0.08901519 0.00629421 -0.02354066
v -0.08901519 0.00025000 -0.02430422
v -0.02436472 0.00025000 -0.03570384
v -0.02437457 -0.00021767 -0.03569904
v -0.02440455 -0.00069087 -0.03568442
v -0.02463119 -0.00219085 -0.03557321
v -0.02503099 -0.00362969 -0.03537424
v -0.02490243 0.00372956 -0.03543862
v -0.02483679 0.00350748 -0.03547135
v -0.02550865 0.00536485 -0.03513175
v -0.02451815 0.00209937 -0.03562883
v -0.02437416 0.00070802 -0.03569924
v -0.08901519 0.00530313 -0.02377312
v -0.02744080 0.00884040 -0.03409593
v -0.02665807 0.00759712 -0.03452639
v -0.02634726 0.00705494 -0.03469319
v -0.08901519 0.01453566 -0.01966253
v -0.03739853 0.01988242 -0.02702784
v -0.08901519 0.01195865 -0.02129795
v -0.03589835 0.01846024 -0.02832078
v -0.03531276 0.01789227 -0.02879919
v -0.03318166 0.01574973 -0.03042901
v -0.08901519 0.01013542 -0.02220301
v -0.03176665 0.01424340 -0.03142378
v -0.03113203 0.01353928 -0.03184926
v -0.06735410 0.02114995 -0.01881840
v -0.06773205 0.02078381 -0.01911959
v -0.08901519 0.01831156 -0.01626270
v -0.06793180 0.02042717 -0.01944486
v -0.08901519 0.01688738 -0.01771701
v -0.06800000 0.02005590 -0.01980590
v -0.06793173 0.01969468 -0.02017736
v -0.06773205 0.01936959 -0.02053381
v -0.06741381 0.01910352 -0.02085408
v -0.06700000 0.01891817 -0.02111766
v -0.06600000 0.01884112 -0.02141955
v -0.06553838 0.01893966 -0.02144172
v -0.06500000 0.01916800 -0.02136749
v -0.06426795 0.01980177 -0.02096598
v -0.06406827 0.02017648 -0.02065913
v -0.03789445 0.02034331 -0.02657744
v -0.06406830 0.02090922 -0.01992637
v -0.04244775 0.02440784 -0.02176337
v -0.06400000 0.02055462 -0.02030462
v -0.04160868 0.02367837 -0.02275963
v -0.03980415 0.02208158 -0.02472162
v -0.06500000 0.02161749 -0.01891800
v -0.04645100 0.02779377 -0.01591167
v -0.06472168 0.02152300 -0.01909773
v -0.04584083 0.02728675 -0.01696204
v -0.04450463 0.02616562 -0.01903082
v -0.06426795 0.02121598 -0.01955177
v -0.04329337 0.02513549 -0.02069502
v -0.06600000 0.02166955 -0.01859112
v -0.06700000 0.02136766 -0.01866817
v -0.08901519 0.02129807 -0.01215211
v -0.08901519 0.02077073 -0.01302285
v -0.04702816 0.02827064 -0.01483980
v -0.04806233 0.02911883 -0.01266634
v -0.05029014 0.03092043 -0.00534382
v -0.04981247 0.03053695 -0.00756203
v -0.08901519 0.02336469 -0.00751042
v -0.04916952 0.03001841 -0.00976813
v -0.04893921 0.02983198 -0.01044161
v -0.05060290 0.03117072 -0.00311613
v -0.08901519 0.02442108 -0.00254048
v -0.05075080 0.03128887 -0.00087745
v -0.08901519 0.02450626 -0.00152607
v -0.05075442 0.03129176 0.00074199
v -0.08901519 0.02442108 0.00254048
v -0.05061230 0.03117824 0.00302361
v -0.05030114 0.03092925 0.00528158
v -0.08901519 0.02336469 0.00751042
v -0.04982254 0.03054505 0.00752216
v -0.04914761 0.03000069 0.00983428
v -0.08901519 0.02412373 0.00455416
v -0.04829520 0.02930875 0.01211805
v -0.08901519 0.02129807 0.01215211
v -0.04727268 0.02847191 0.01435854
v -0.04645148 0.02779416 0.01591082
v -0.08901519 0.02224112 0.01034823
v -0.06464006 0.02148518 0.01916126
v -0.04244822 0.02440825 0.02176280
v -0.04362143 0.02541587 0.02026103
v -0.06426795 0.01980177 0.02096598
v -0.06500000 0.01916800 0.02136749
v -0.03739961 0.01988343 0.02702687
v -0.06406847 0.02017588 0.02065966
v -0.06426795 0.02121598 0.01955177
v -0.06406849 0.02090970 0.01992583
v -0.04190743 0.02393898 0.02241167
v -0.06400000 0.02055462 0.02030462
v -0.04004976 0.02230133 0.02446754
v -0.03806369 0.02049964 0.02642094
v -0.04518221 0.02673605 0.01801700
v -0.04608057 0.02748632 0.01655847
v -0.06500000 0.02161749 0.01891800
v -0.06600000 0.02166955 0.01859112
v -0.06700000 0.02136766 0.01866817
v -0.08901519 0.01897672 0.01549209
v -0.06735410 0.02114995 0.01881840
v -0.08901519 0.01831156 0.01626270
v -0.06773205 0.02078381 0.01911959
v -0.06793183 0.02042709 0.01944494
v -0.06600000 0.01884112 0.02141955
v -0.06700000 0.01891817 0.02111766
v -0.08901519 0.01453566 0.01966253
v -0.06741372 0.01910346 0.02085416
v -0.06773205 0.01936959 0.02053381
v -0.06793182 0.01969490 0.02017712
v -0.06800000 0.02005590 0.01980590
v -0.03676606 0.01928822 0.02758525
v -0.08901519 0.01013542 0.02220301
v -0.03483737 0.01742519 0.02917748
v -0.03294933 0.01550769 0.03059688
v -0.08901519 0.00530313 0.02377312
v -0.02665627 0.00759406 0.03452737
v -0.02749411 0.00892006 0.03406606
v -0.02790477 0.00951668 0.03383356
v -0.02943978 0.01154461 0.03292562
v -0.08901519 0.00919698 0.02259749
v -0.03113666 0.01354449 0.03184620
v -0.03176641 0.01424314 0.03142394
v -0.02647596 0.00728355 0.03462440
v -0.08901519 0.00329613 0.02411257
v -0.02564020 0.00565999 0.03506405
v -0.08901519 0.00025000 0.02430422
v -0.02461645 0.00262191 0.03558048
v -0.02500555 0.00405366 0.03538701
v -0.02437230 -0.00016032 0.03570015
v -0.02436472 0.00025049 0.03570384
v -0.02440719 0.00122164 0.03568313
v -0.08901519 -0.00279613 0.02411257
v -0.02465599 -0.00230272 0.03556098
v -0.02441673 -0.00082539 0.03567847
v -0.02624829 -0.00637477 0.03474580
v -0.02573125 -0.00535623 0.03501695
v -0.02509008 -0.00380119 0.03534453
v -0.02665869 -0.00709816 0.03452606
v -0.08901519 -0.00480313 0.02377312
v -0.02731286 -0.00814690 0.03416733
v -0.03409543 -0.01618440 0.02975060
v -0.03200857 -0.01400676 0.03125830
v -0.08901519 -0.00963542 0.02220301
v -0.03176571 -0.01374238 0.03142442
v -0.08901519 -0.00869698 0.02259749
v -0.03051265 -0.01233119 0.03225281
v -0.02877842 -0.01020352 0.03332447
v -0.06600000 -0.01834112 0.02141955
v -0.06500000 -0.01866800 0.02136749
v -0.03739750 -0.01938146 0.02702876
v -0.06741402 -0.01860365 0.02085392
v -0.06700000 -0.01841816 0.02111766
v -0.08901519 -0.01403566 0.01966253
v -0.08901519 -0.01781156 0.01626270
v -0.06793172 -0.01992739 0.01944466
v -0.06800000 -0.01955589 0.01980590
v -0.06773205 -0.01886959 0.02053381
v -0.06793166 -0.01919449 0.02017756
v -0.03616771 -0.01821894 0.02809593
v -0.06426795 -0.01930177 0.02096598
v -0.06406851 -0.01967578 0.02065975
v -0.03818730 -0.02011352 0.02630571
v -0.06400000 -0.02005462 0.02030462
v -0.06406838 -0.02040942 0.01992615
v -0.04245194 -0.02391147 0.02175824
v -0.04232305 -0.02379991 0.02191525
v -0.04196159 -0.02348612 0.02234781
v -0.04012564 -0.02186906 0.02438826
v -0.04529054 -0.02632688 0.01784850
v -0.06483930 -0.02106881 0.01901543
v -0.06426795 -0.02071598 0.01955177
v -0.04387511 -0.02513196 0.01991729
v -0.06700000 -0.02086766 0.01866817
v -0.06735410 -0.02064995 0.01881840
v -0.06773205 -0.02028381 0.01911959
v -0.06500000 -0.02111749 0.01891800
v -0.06600000 -0.02116955 0.01859112
v -0.08901519 -0.01847672 0.01549209
v -0.05017317 -0.03032666 0.00596528
v -0.08901519 -0.02286469 0.00751042
v -0.05053446 -0.03061601 0.00372033
v -0.08901519 -0.02362373 0.00455416
v -0.05057160 -0.03064570 0.00340588
v -0.08901519 -0.02392108 0.00254048
v -0.05074215 -0.03078197 0.00113703
v -0.04964795 -0.02990453 0.00818534
v -0.04919688 -0.02954053 0.00968486
v -0.08901519 -0.02174111 0.01034823
v -0.04896034 -0.02934910 0.01038172
v -0.04811196 -0.02865934 0.01255164
v -0.05074291 -0.03078257 -0.00111670
v -0.08901519 -0.02400626 -0.00152607
v -0.08901519 -0.02392108 -0.00254048
v -0.04958115 -0.02985071 -0.00842490
v -0.05013886 -0.03029914 -0.00613545
v -0.08901519 -0.02286469 -0.00751042
v -0.05024401 -0.03038346 -0.00559730
v -0.05057680 -0.03064986 -0.00335946
v -0.08901519 -0.02079807 -0.01215211
v -0.04645049 -0.02729334 -0.01591258
v -0.04716251 -0.02788128 -0.01457758
v -0.04795789 -0.02853353 -0.01290407
v -0.04885426 -0.02926313 -0.01067877
v -0.04919653 -0.02954024 -0.00968593
v -0.08901519 -0.02027073 -0.01302285
v -0.06700000 -0.02086766 -0.01866817
v -0.06600000 -0.02116955 -0.01859112
v -0.06500000 -0.02111749 -0.01891800
v -0.04589915 -0.02683534 -0.01686488
v -0.06470933 -0.02101761 -0.01910698
v -0.04446973 -0.02563613 -0.01908129
v -0.06426795 -0.01930177 -0.02096598
v -0.06500000 -0.01866800 -0.02136749
v -0.03739719 -0.01938117 -0.02702904
v -0.06406831 -0.01967634 -0.02065926
v -0.06438196 -0.02082119 -0.01940869
v -0.04244910 -0.02390901 -0.02176173
v -0.04287816 -0.02427912 -0.02122825
v -0.06426795 -0.02071598 -0.01955177
v -0.06406826 -0.02040912 -0.01992649
v -0.04113036 -0.02275898 -0.02330220
v -0.06400000 -0.02005462 -0.02030462
v -0.04030881 -0.02203225 -0.02419537
v -0.03831183 -0.02022800 -0.02618882
v -0.06600000 -0.01834112 -0.02141955
v -0.06700000 -0.01841816 -0.02111766
v -0.08901519 -0.01403566 -0.01966253
v -0.06741329 -0.01860319 -0.02085450
v -0.06773205 -0.01886959 -0.02053381
v -0.06793182 -0.01919490 -0.02017713
v -0.08901519 -0.01638738 -0.01771701
v -0.06800000 -0.01955589 -0.01980590
v -0.06793178 -0.01992724 -0.01944479
v -0.03627188 -0.01831857 -0.02800815
v -0.08901519 -0.01145865 -0.02129795
v -0.08901519 -0.00963542 -0.02220301
v -0.03219583 -0.01420885 -0.03112893
v -0.03421988 -0.01630972 -0.02965590
v -0.02843174 -0.00974424 -0.03352888
v -0.02990794 -0.01161650 -0.03263604
v -0.08901519 -0.00579421 -0.02354066
v -0.03024917 -0.01202287 -0.03242107
v -0.03176683 -0.01374360 -0.03142366
v -0.02561100 -0.00509574 -0.03507911
v -0.02636578 -0.00658822 -0.03468331
v -0.08901519 -0.00480313 -0.02377312
v -0.02665616 -0.00709388 -0.03452743
v -0.02713002 -0.00786439 -0.03426865
v -0.09000000 -0.00254142 -0.02030906
v -0.09000000 -0.00544444 -0.02217839
v -0.09000000 -0.00791722 -0.01880283
v -0.09000000 -0.01078108 -0.02006547
v -0.09000000 -0.01268730 -0.01590208
v -0.09000000 -0.01542460 -0.01669176
v -0.09000000 -0.01649788 -0.01182195
v -0.09000000 -0.01908322 -0.01226924
v -0.09000000 -0.01906635 -0.00686503
v -0.09000000 -0.02152707 -0.00707580
v -0.09000000 -0.02020221 -0.00139897
v -0.09000000 -0.02260258 -0.00143776
v -0.09000000 -0.01982122 0.00417085
v -0.09000000 -0.02224219 0.00429061
v -0.09000000 -0.01795165 0.00943133
v -0.09000000 -0.02046852 0.00974940
v -0.09000000 -0.01473214 0.01399234
v -0.09000000 -0.01739303 0.01459559
v -0.09000000 -0.01040147 0.01751560
v -0.09000000 -0.01320897 0.01852468
v -0.09000000 -0.00528083 0.01973980
v -0.09000000 -0.00817923 0.02128981
v -0.09000000 0.00025000 0.02050000
v -0.09000000 -0.00261985 0.02271721
v -0.09000000 0.00025000 0.02289777
v -0.09000000 0.00311985 0.02271721
v -0.09000000 0.00578083 0.01973980
v -0.09000000 0.00867923 0.02128981
v -0.09000000 0.01090147 0.01751560
v -0.09000000 0.01370897 0.01852468
v -0.09000000 0.01523214 0.01399234
v -0.09000000 0.01789303 0.01459559
v -0.09000000 0.01845165 0.00943133
v -0.09000000 0.02096852 0.00974940
v -0.09000000 0.02032122 0.00417085
v -0.09000000 0.02274219 0.00429061
v -0.09000000 0.02070221 -0.00139897
v -0.09000000 0.02310259 -0.00143776
v -0.09000000 0.01956635 -0.00686503
v -0.09000000 0.02202707 -0.00707580
v -0.09000000 0.01699788 -0.01182195
v -0.09000000 0.01958323 -0.01226924
v -0.09000000 0.01318730 -0.01590208
v -0.09000000 0.01592460 -0.01669176
v -0.09000000 0.00841722 -0.01880283
v -0.09000000 0.01128108 -0.02006547
v -0.09000000 0.00304142 -0.02030906
v -0.09000000 0.00594444 -0.02217839
v -0.09000000 0.00025000 -0.02289777
v -0.02193092 -0.00088431 -0.03645876
v -0.02540443 -0.00704491 -0.03482571
v -0.02612242 -0.00840489 -0.03439226
v -0.02734343 -0.01040639 -0.03361814
v -0.02872494 -0.01239676 -0.03268290
v -0.02904377 -0.01282824 -0.03245763
v -0.02212246 -0.00269304 -0.03634565
v -0.02246015 -0.00442895 -0.03614299
v -0.02294962 -0.00619907 -0.03584182
v -0.02358578 -0.00800293 -0.03543690
v -0.02422894 -0.00954702 -0.03501154
v -0.02532203 -0.01182454 -0.03425010
v -0.02655764 -0.01409646 -0.03332736
v -0.02684261 -0.01459002 -0.03310467
v -0.02846318 -0.01724749 -0.03176256
v -0.03013792 -0.01980447 -0.03022691
v -0.03463190 -0.01947346 -0.02783632
v -0.03273721 -0.01736333 -0.02955992
v -0.03085852 -0.01514518 -0.03110326
v -0.03906699 -0.02407983 -0.02294656
v -0.03832297 -0.02333304 -0.02386975
v -0.03650380 -0.02146591 -0.02593902
v -0.03182339 -0.02225059 -0.02850474
v -0.03348449 -0.02457462 -0.02660107
v -0.03509421 -0.02676731 -0.02451614
v -0.03575106 -0.02764890 -0.02358322
v -0.03713660 -0.02948854 -0.02142189
v -0.03838239 -0.03112377 -0.01919429
v -0.03948628 -0.03256121 -0.01690792
v -0.04332183 -0.02819089 -0.01638436
v -0.04205948 -0.02699777 -0.01862396
v -0.04064010 -0.02563006 -0.02081382
v -0.04588548 -0.03054844 -0.01025371
v -0.04511528 -0.02984942 -0.01243878
v -0.04442618 -0.02921722 -0.01409689
v -0.04044836 -0.03380723 -0.01456477
v -0.04104671 -0.03457977 -0.01286169
v -0.04171347 -0.03543903 -0.01061201
v -0.04224774 -0.03612670 -0.00835014
v -0.04265341 -0.03664856 -0.00606777
v -0.04272946 -0.03674637 -0.00553320
v -0.04296921 -0.03705472 -0.00331640
v -0.04656125 -0.03115503 0.00783024
v -0.04700491 -0.03154976 0.00569149
v -0.04730838 -0.03181810 0.00354287
v -0.04733948 -0.03184553 0.00324277
v -0.04748215 -0.03197115 0.00108158
v -0.04748278 -0.03197171 -0.00106224
v -0.04734384 -0.03184937 -0.00319849
v -0.04706453 -0.03160258 -0.00533844
v -0.04697602 -0.03152414 -0.00585487
v -0.04650461 -0.03110443 -0.00806204
v -0.04308832 -0.03720792 -0.00110160
v -0.04308778 -0.03720723 0.00112166
v -0.04296547 -0.03704992 0.00336229
v -0.04293879 -0.03701560 0.00367330
v -0.04267824 -0.03668049 0.00589867
v -0.04229653 -0.03618947 0.00811064
v -0.04179182 -0.03553991 0.01031298
v -0.04116191 -0.03472833 0.01250426
v -0.04153078 -0.02649162 0.01947435
v -0.04278591 -0.02768698 0.01737553
v -0.04390148 -0.02873161 0.01523074
v -0.04487469 -0.02962942 0.01304321
v -0.04524816 -0.02997059 0.01209123
v -0.04597615 -0.03063020 0.00996367
v -0.03638990 -0.02134689 0.02606069
v -0.03815672 -0.02316490 0.02406947
v -0.03981687 -0.02482351 0.02196313
v -0.04014199 -0.02514325 0.02151851
v -0.04083799 -0.03431047 0.01348294
v -0.03999172 -0.03321649 0.01572718
v -0.03901814 -0.03195276 0.01792077
v -0.03791888 -0.03051716 0.02006032
v -0.03669840 -0.02890937 0.02213694
v -0.03641212 -0.02852972 0.02258764
v -0.03494731 -0.02656920 0.02471775
v -0.03338355 -0.02443536 0.02672338
v -0.03173815 -0.02212927 0.02859656
v -0.03003528 -0.01965189 0.03032578
v -0.02830769 -0.01700166 0.03189717
v -0.03453598 -0.01936910 0.02792805
v -0.03262196 -0.01723130 0.02965909
v -0.03068427 -0.01493132 0.03123885
v -0.02928980 -0.01315548 0.03228128
v -0.02766820 -0.01089497 0.03340411
v -0.02629407 -0.00870583 0.03428629
v -0.02352805 -0.00018786 0.03588670
v -0.02356993 -0.00089758 0.03586411
v -0.02379537 -0.00247399 0.03574168
v -0.02420424 -0.00407272 0.03551600
v -0.02480772 -0.00573136 0.03517417
v -0.02529399 -0.00681736 0.03489100
v -0.02356094 0.00128687 0.03586897
v -0.02375812 0.00278107 0.03576201
v -0.02412463 0.00430865 0.03556031
v -0.02472204 0.00602207 0.03522334
v -0.02550799 0.00775312 0.03476416
v -0.02646418 0.00949677 0.03418036
v -0.02684944 0.01013204 0.03393708
v -0.02828721 0.01228918 0.03298632
v -0.02987201 0.01441201 0.03185509
v -0.02706247 -0.01496460 0.03293024
v -0.02561261 -0.01238154 0.03403919
v -0.02438266 -0.00988906 0.03490744
v -0.02348682 -0.00774482 0.03550091
v -0.02305104 -0.00651377 0.03577830
v -0.02251004 -0.00463594 0.03611270
v -0.02214341 -0.00282797 0.03633319
v -0.02194122 -0.00104649 0.03645271
v -0.02190366 -0.00024466 0.03647475
v -0.02193316 0.00142141 0.03645745
v -0.02211000 0.00310990 0.03635304
v -0.02243867 0.00483720 0.03615601
v -0.02297425 0.00677668 0.03582643
v -0.02367857 0.00873916 0.03537654
v -0.02453499 0.01071985 0.03480333
v -0.02487990 0.01144263 0.03456408
v -0.02616627 0.01390212 0.03362704
v -0.02758255 0.01633151 0.03250827
v -0.02908795 0.01871950 0.03120846
v -0.03064652 0.02105388 0.02972724
v -0.03155895 0.01648977 0.03054564
v -0.03330849 0.01851111 0.02905908
v -0.03508651 0.02046486 0.02739467
v -0.03976810 0.02527541 0.02202883
v -0.03808781 0.02359506 0.02415158
v -0.03627679 0.02172842 0.02618068
v -0.04348110 0.02883991 0.01607650
v -0.04269027 0.02809665 0.01754576
v -0.04130464 0.02677394 0.01982489
v -0.03222720 0.02332239 0.02806232
v -0.03328328 0.02479680 0.02684397
v -0.03488640 0.02698695 0.02480061
v -0.03636916 0.02897266 0.02265421
v -0.03772043 0.03075682 0.02041694
v -0.03893452 0.03234391 0.01809457
v -0.03962526 0.03324156 0.01659302
v -0.04053160 0.03441480 0.01434131
v -0.04129860 0.03540455 0.01206512
v -0.04192981 0.03621756 0.00976264
v -0.04242379 0.03685319 0.00744850
v -0.04277072 0.03729944 0.00521988
v -0.04299470 0.03758750 0.00298440
v -0.04309656 0.03771852 0.00073193
v -0.04309397 0.03771519 -0.00086556
v -0.04298795 0.03757882 -0.00307585
v -0.04276279 0.03728923 -0.00528163
v -0.04241646 0.03684376 -0.00748828
v -0.04194593 0.03623831 -0.00969620
v -0.04177622 0.03601982 -0.01037325
v -0.04112482 0.03518051 -0.01262053
v -0.04430929 0.02960936 -0.01435789
v -0.04520537 0.03043160 -0.01220427
v -0.04595809 0.03111392 -0.01002213
v -0.04615463 0.03129080 -0.00936574
v -0.04670053 0.03177925 -0.00722811
v -0.04710333 0.03213693 -0.00509546
v -0.04736569 0.03236863 -0.00296640
v -0.04748937 0.03247750 -0.00083462
v -0.04749240 0.03248017 0.00070576
v -0.04737356 0.03237557 0.00287818
v -0.04711257 0.03214511 0.00503583
v -0.04670905 0.03178684 0.00718964
v -0.04613596 0.03127402 0.00943013
v -0.04540594 0.03061416 0.01166444
v -0.04452193 0.02980545 0.01387912
v -0.04034671 0.03417583 -0.01483251
v -0.03944154 0.03300313 -0.01700783
v -0.03840952 0.03165922 -0.01914207
v -0.04101168 0.02649086 -0.02026815
v -0.04209045 0.02752730 -0.01857272
v -0.04327057 0.02864286 -0.01648206
v -0.03746317 0.03041872 -0.02086759
v -0.03613191 0.02865710 -0.02301705
v -0.03468910 0.02672007 -0.02506625
v -0.03612185 0.02156572 -0.02634367
v -0.03786462 0.02336831 -0.02441489
v -0.03949887 0.02500921 -0.02238708
v -0.03314592 0.02460660 -0.02700774
v -0.03151759 0.02231427 -0.02883172
v -0.03103727 0.02162265 -0.02933191
v -0.02928028 0.01901408 -0.03103350
v -0.03428782 0.01959799 -0.02816302
v -0.03374766 0.01900199 -0.02866328
v -0.03177467 0.01674540 -0.03036974
v -0.02986769 0.01440649 -0.03185830
v -0.02810973 0.01203730 -0.03310744
v -0.02670783 0.00990206 -0.03402705
v -0.02641416 0.00941193 -0.03421160
v -0.02757869 0.01632519 -0.03251144
v -0.02600756 0.01361449 -0.03374659
v -0.02475313 0.01118090 -0.03465259
v -0.02449020 0.01062338 -0.03483404
v -0.02357018 0.00846268 -0.03544702
v -0.02286328 0.00642019 -0.03589559
v -0.02235159 0.00444609 -0.03620860
v -0.02229615 0.00417814 -0.03624193
v -0.02202694 0.00247973 -0.03640222
v -0.02190524 0.00080218 -0.03647383
v -0.02538702 0.00750943 -0.03483603
v -0.02459825 0.00570731 -0.03529401
v -0.02402752 0.00396288 -0.03561412
v -0.02396569 0.00372594 -0.03564825
v -0.02366549 0.00222349 -0.03581239
v -0.02352981 0.00073877 -0.03588575
v -0.02270477 0.00077023 -0.03614460
v -0.02283294 0.00235060 -0.03607086
v -0.02311644 0.00395012 -0.03590583
v -0.02317482 0.00420240 -0.03587151
v -0.02371360 0.00606023 -0.03554945
v -0.02445777 0.00798048 -0.03508827
v -0.02542603 0.01000903 -0.03445879
v -0.02570269 0.01053189 -0.03427260
v -0.02702223 0.01281099 -0.03334401
v -0.02867389 0.01534246 -0.03208077
v -0.03046119 0.01784442 -0.03057326
v -0.03230470 0.02026098 -0.02884307
v -0.03280827 0.02089965 -0.02833559
v -0.03451386 0.02300939 -0.02648938
v -0.03612769 0.02494342 -0.02453192
v -0.03763373 0.02670475 -0.02247474
v -0.03902032 0.02829540 -0.02032709
v -0.04000386 0.02940797 -0.01861080
v -0.04107396 0.03060507 -0.01649778
v -0.04200997 0.03164155 -0.01435538
v -0.04281231 0.03252255 -0.01218847
v -0.04348207 0.03325288 -0.00999849
v -0.04365624 0.03344205 -0.00934086
v -0.04413835 0.03396410 -0.00720256
v -0.04449240 0.03434600 -0.00507389
v -0.04472219 0.03459318 -0.00295241
v -0.04483027 0.03470926 -0.00083049
v -0.04483292 0.03471210 0.00070227
v -0.04472908 0.03460058 0.00286457
v -0.04450051 0.03435473 0.00501443
v -0.04414585 0.03397221 0.00716412
v -0.04363970 0.03342410 0.00940535
v -0.04299117 0.03271803 0.01164617
v -0.04220082 0.03185172 0.01387319
v -0.04126414 0.03081645 0.01608837
v -0.04054858 0.03001901 0.01757235
v -0.03928788 0.02859929 0.01987817
v -0.03788107 0.02699052 0.02211147
v -0.03633381 0.02518677 0.02426473
v -0.03465762 0.02318391 0.02632396
v -0.03355186 0.02182887 0.02755598
v -0.03189490 0.01973508 0.02924452
v -0.03025926 0.01757082 0.03075149
v -0.02867794 0.01534836 0.03207752
v -0.02718913 0.01307999 0.03322161
v -0.02583607 0.01077726 0.03418181
v -0.02547317 0.01009952 0.03442727
v -0.02457185 0.00824023 0.03501586
v -0.02383042 0.00639555 0.03547832
v -0.02326651 0.00457059 0.03581738
v -0.02292042 0.00294416 0.03602021
v -0.02273418 0.00135362 0.03612772
v -0.02270311 -0.00021605 0.03614555
v -0.02274267 -0.00097146 0.03612285
v -0.02295560 -0.00264954 0.03599977
v -0.02334167 -0.00435180 0.03577282
v -0.02391127 -0.00611852 0.03542881
v -0.02437002 -0.00727577 0.03514365
v -0.02531287 -0.00928921 0.03453412
v -0.02660685 -0.01162515 0.03364372
v -0.02813134 -0.01403969 0.03250874
v -0.02943982 -0.01593838 0.03145368
v -0.03125364 -0.01839989 0.02985293
v -0.03303944 -0.02069022 0.02809718
v -0.03476255 -0.02281098 0.02620218
v -0.03639743 -0.02476173 0.02418141
v -0.03792585 -0.02654216 0.02204486
v -0.03822416 -0.02688543 0.02159410
v -0.03949419 -0.02833297 0.01952326
v -0.04063528 -0.02961594 0.01740031
v -0.04164319 -0.03073654 0.01523513
v -0.04251682 -0.03169887 0.01303194
v -0.04285049 -0.03206430 0.01207489
v -0.04349808 -0.03277028 0.00993991
v -0.04401559 -0.03333139 0.00780437
v -0.04440604 -0.03375296 0.00566839
v -0.04467205 -0.03403929 0.00352654
v -0.04469927 -0.03406854 0.00322764
v -0.04482397 -0.03420249 0.00107624
v -0.04482452 -0.03420309 -0.00105699
v -0.04470308 -0.03407264 -0.00318354
v -0.04445837 -0.03380934 -0.00531621
v -0.04438067 -0.03372561 -0.00583141
v -0.04396562 -0.03327733 -0.00803615
v -0.04341764 -0.03268282 -0.01023064
v -0.04273188 -0.03193453 -0.01242416
v -0.04211491 -0.03125716 -0.01409248
v -0.04112028 -0.03015659 -0.01639914
v -0.03997569 -0.02887627 -0.01866264
v -0.03868049 -0.02740806 -0.02087991
v -0.03723649 -0.02574380 -0.02304219
v -0.03655085 -0.02494219 -0.02397876
v -0.03486817 -0.02293866 -0.02607870
v -0.03312876 -0.02080208 -0.02800412
v -0.03136134 -0.01854127 -0.02975239
v -0.02960315 -0.01616714 -0.03131636
v -0.02790023 -0.01369000 -0.03268711
v -0.02760064 -0.01322899 -0.03291490
v -0.02630120 -0.01110361 -0.03385987
v -0.02515111 -0.00896825 -0.03464099
v -0.02447419 -0.00751830 -0.03507788
v -0.02380450 -0.00582255 -0.03549414
v -0.02328913 -0.00415697 -0.03580399
v -0.02293354 -0.00252247 -0.03601260
v -0.02273182 -0.00081867 -0.03612908
v -0.02469457 -0.00545355 -0.03523906
v -0.02414859 -0.00388976 -0.03554699
v -0.02377201 -0.00235462 -0.03575443
v -0.02355844 -0.00075403 -0.03587031
v -0.06787354 -0.01473214 0.01399234
v -0.06773205 -0.01493554 0.01377133
v -0.06700000 -0.01541860 0.01321911
v -0.06651969 -0.01554686 0.01306558
v -0.04600000 -0.01795165 0.00943133
v -0.06600000 -0.01559075 0.01301232
v -0.06548275 -0.01554727 0.01306507
v -0.06500000 -0.01541860 0.01321911
v -0.06426795 -0.01493554 0.01377133
v -0.04600000 -0.01473214 0.01399234
v -0.06412646 -0.01473214 0.01399234
v -0.06400000 -0.01424569 0.01449569
v -0.04600000 -0.01040147 0.01751560
v -0.06406821 -0.01387488 0.01485725
v -0.06651821 -0.01281527 0.01579711
v -0.06700000 -0.01296911 0.01566860
v -0.06426795 -0.01352133 0.01518554
v -0.06500000 -0.01296911 0.01566860
v -0.06548214 -0.01281520 0.01579717
v -0.06600000 -0.01276232 0.01584075
v -0.06773205 -0.01352133 0.01518554
v -0.06793196 -0.01387534 0.01485681
v -0.06800000 -0.01424569 0.01449569
v -0.04600000 0.01845165 0.00943133
v -0.04600000 0.01523214 0.01399234
v -0.06412646 0.01523214 0.01399234
v -0.06426795 0.01543554 0.01377133
v -0.06500000 0.01591860 0.01321911
v -0.06548032 0.01604686 0.01306558
v -0.06600000 0.01609075 0.01301232
v -0.06651725 0.01604727 0.01306507
v -0.06700000 0.01591860 0.01321911
v -0.06773205 0.01543554 0.01377133
v -0.06787354 0.01523214 0.01399234
v -0.06800000 0.01474569 0.01449569
v -0.06793179 0.01437488 0.01485725
v -0.06773205 0.01402132 0.01518554
v -0.06700000 0.01346911 0.01566860
v -0.06651786 0.01331520 0.01579717
v -0.06500000 0.01346911 0.01566860
v -0.04600000 0.01090147 0.01751560
v -0.06548179 0.01331527 0.01579711
v -0.06600000 0.01326232 0.01584075
v -0.06426795 0.01402132 0.01518554
v -0.06406803 0.01437534 0.01485681
v -0.06400000 0.01474569 0.01449569
v -0.06500000 0.01591860 -0.01321911
v -0.04600000 0.01699788 -0.01182195
v -0.06548179 0.01604711 -0.01306527
v -0.06600000 0.01609075 -0.01301232
v -0.06426795 0.01543554 -0.01377133
v -0.06406803 0.01510681 -0.01412534
v -0.04600000 0.01318730 -0.01590208
v -0.06400000 0.01474569 -0.01449569
v -0.06406805 0.01437531 -0.01485684
v -0.06426795 0.01402132 -0.01518554
v -0.06500000 0.01346911 -0.01566860
v -0.06548032 0.01331558 -0.01579686
v -0.06600000 0.01326232 -0.01584075
v -0.06651725 0.01331507 -0.01579727
v -0.06700000 0.01346911 -0.01566860
v -0.06773205 0.01402132 -0.01518554
v -0.06793168 0.01437458 -0.01485753
v -0.06800000 0.01474569 -0.01449569
v -0.06793179 0.01510725 -0.01412488
v -0.06773205 0.01543554 -0.01377133
v -0.06700000 0.01591860 -0.01321911
v -0.06651786 0.01604717 -0.01306520
v -0.04600000 0.02032122 0.00417085
v -0.04600000 0.02070221 -0.00139897
v -0.04600000 0.01956635 -0.00686503
v -0.04600000 0.00841722 -0.01880283
v -0.04600000 0.00304142 -0.02030906
v -0.04600000 -0.00254142 -0.02030906
v -0.04600000 -0.00791722 -0.01880283
v -0.04600000 -0.01268730 -0.01590208
v -0.06500000 -0.01296911 -0.01566860
v -0.06426795 -0.01352133 -0.01518554
v -0.06406832 -0.01387458 -0.01485753
v -0.06400000 -0.01424569 -0.01449569
v -0.04600000 -0.01649788 -0.01182195
v -0.06406821 -0.01460725 -0.01412488
v -0.06651821 -0.01554711 -0.01306527
v -0.06700000 -0.01541860 -0.01321911
v -0.06426795 -0.01493554 -0.01377133
v -0.06500000 -0.01541860 -0.01321911
v -0.06548214 -0.01554717 -0.01306520
v -0.06600000 -0.01559075 -0.01301232
v -0.06800000 -0.01424569 -0.01449569
v -0.06793196 -0.01460681 -0.01412534
v -0.06773205 -0.01493554 -0.01377133
v -0.06793195 -0.01387531 -0.01485684
v -0.06773205 -0.01352133 -0.01518554
v -0.06700000 -0.01296911 -0.01566860
v -0.06651969 -0.01281558 -0.01579686
v -0.06600000 -0.01276232 -0.01584075
v -0.06548275 -0.01281507 -0.01579727
v -0.04600000 -0.01906635 -0.00686503
v -0.04600000 -0.02020221 -0.00139897
v -0.04600000 -0.01982122 0.00417085
v -0.04600000 -0.00528083 0.01973980
v -0.04600000 0.00025000 0.02050000
v -0.04600000 0.00578083 0.01973980
v -0.04600000 -0.01269427 0.00940456
v -0.04600000 -0.00915456 0.01294427
v -0.04600000 -0.00469427 0.01521690
v -0.04600000 0.00025000 0.01600000
v -0.04600000 0.00519427 0.01521690
v -0.04600000 0.00965456 0.01294427
v -0.04600000 0.01319427 0.00940456
v -0.04600000 0.00025000 -0.01600000
v -0.04600000 -0.00469427 -0.01521690
v -0.04600000 -0.00915456 -0.01294427
v -0.04600000 -0.01269427 -0.00940456
v -0.04600000 -0.01496691 -0.00494427
v -0.04600000 -0.01575000 0.00000000
v -0.04600000 -0.01496691 0.00494427
v -0.04600000 0.01546690 0.00494427
v -0.04600000 0.01625000 0.00000000
v -0.04600000 0.01546690 -0.00494427
v -0.04600000 0.01319427 -0.00940456
v -0.04600000 0.00965456 -0.01294427
v -0.04600000 0.00519427 -0.01521690
v 0.00000000 0.00925000 -0.03773205
v 0.00000000 0.00825000 -0.03800000
v 0.00000000 -0.00948205 -0.03500000
v 0.00000000 -0.00875000 -0.03426795
v 0.00000000 -0.00948205 -0.03700000
v 0.00000000 -0.00975000 -0.03600000
v 0.00000000 0.00825000 -0.03400000
v 0.00000000 0.00925000 -0.03426795
v 0.00000000 0.00725000 -0.03773205
v 0.00000000 0.00998205 -0.03500000
v 0.00000000 0.01025000 -0.03600000
v 0.00000000 0.00998205 -0.03700000
v 0.00000000 0.00651795 -0.03700000
v 0.00000000 -0.00675000 -0.03773205
v 0.00000000 -0.00775000 -0.03800000
v 0.00000000 -0.00875000 -0.03773205
v 0.00000000 0.00651795 -0.03500000
v 0.00000000 0.00725000 -0.03426795
v 0.00000000 -0.00775000 -0.03400000
v 0.00000000 -0.00675000 -0.03426795
v 0.00000000 -0.00601795 -0.03500000
v 0.00000000 0.00625000 -0.03600000
v 0.00000000 -0.00575000 -0.03600000
v 0.00000000 -0.00601795 -0.03700000
v -0.01301124 -0.05135000 0.03311190
v -0.01386124 -0.05135000 0.03288415
v -0.01448348 -0.05135000 0.03226190
v -0.01471124 -0.05135000 0.03141190
v -0.01448348 -0.05135000 0.03056190
v -0.01386124 -0.05135000 0.02993966
v -0.01301124 -0.05135000 0.02971190
v -0.01216124 -0.05135000 0.02993966
v -0.01153899 -0.05135000 0.03056190
v -0.01131124 -0.05135000 0.03141190
v -0.01153899 -0.05135000 0.03226190
v -0.01216124 -0.05135000 0.03288415
v -0.01626124 -0.05135000 0.03141190
v -0.01582582 -0.05135000 0.02978690
v -0.01463624 -0.05135000 0.02859732
v -0.01301124 -0.05135000 0.02816190
v -0.01138624 -0.05135000 0.02859732
v -0.01019665 -0.05135000 0.02978690
v -0.00976124 -0.05135000 0.03141190
v -0.01019665 -0.05135000 0.03303690
v -0.01138624 -0.05135000 0.03422649
v -0.01301124 -0.05135000 0.03466190
v -0.01463624 -0.05135000 0.03422649
v -0.01582582 -0.05135000 0.03303690
v -0.03141190 -0.05135000 0.01471124
v -0.03226190 -0.05135000 0.01448348
v -0.03288415 -0.05135000 0.01386124
v -0.03311190 -0.05135000 0.01301124
v -0.03288415 -0.05135000 0.01216124
v -0.03226190 -0.05135000 0.01153899
v -0.03141190 -0.05135000 0.01131124
v -0.03056190 -0.05135000 0.01153899
v -0.02993966 -0.05135000 0.01216124
v -0.02971190 -0.05135000 0.01301124
v -0.02993966 -0.05135000 0.01386124
v -0.03056190 -0.05135000 0.01448348
v -0.03422649 -0.05135000 0.01138624
v -0.03303690 -0.05135000 0.01019665
v -0.03141190 -0.05135000 0.00976124
v -0.02978690 -0.05135000 0.01019665
v -0.02859732 -0.05135000 0.01138624
v -0.02816190 -0.05135000 0.01301124
v -0.02859732 -0.05135000 0.01463624
v -0.02978690 -0.05135000 0.01582582
v -0.03141190 -0.05135000 0.01626124
v -0.03303690 -0.05135000 0.01582582
v -0.03422649 -0.05135000 0.01463624
v -0.03466190 -0.05135000 0.01301124
v -0.03141190 -0.05135000 -0.01131124
v -0.03226190 -0.05135000 -0.01153899
v -0.03288415 -0.05135000 -0.01216124
v -0.03311190 -0.05135000 -0.01301124
v -0.03288415 -0.05135000 -0.01386124
v -0.03226190 -0.05135000 -0.01448348
v -0.03141190 -0.05135000 -0.01471124
v -0.03056190 -0.05135000 -0.01448348
v -0.02993966 -0.05135000 -0.01386124
v -0.02971190 -0.05135000 -0.01301124
v -0.02993966 -0.05135000 -0.01216124
v -0.03056190 -0.05135000 -0.01153899
v -0.03141190 -0.05135000 -0.01626124
v -0.02978690 -0.05135000 -0.01582582
v -0.02859732 -0.05135000 -0.01463624
v -0.02816190 -0.05135000 -0.01301124
v -0.02859732 -0.05135000 -0.01138624
v -0.02978690 -0.05135000 -0.01019665
v -0.03141190 -0.05135000 -0.00976124
v -0.03303690 -0.05135000 -0.01019665
v -0.03422649 -0.05135000 -0.01138624
v -0.03466190 -0.05135000 -0.01301124
v -0.03422649 -0.05135000 -0.01463624
v -0.03303690 -0.05135000 -0.01582582
v -0.01301124 -0.05135000 -0.02971190
v -0.01386124 -0.05135000 -0.02993966
v -0.01448348 -0.05135000 -0.03056190
v -0.01471124 -0.05135000 -0.03141190
v -0.01448348 -0.05135000 -0.03226190
v -0.01386124 -0.05135000 -0.03288415
v -0.01301124 -0.05135000 -0.03311190
v -0.01216124 -0.05135000 -0.03288415
v -0.01153899 -0.05135000 -0.03226190
v -0.01131124 -0.05135000 -0.03141190
v -0.01153899 -0.05135000 -0.03056190
v -0.01216124 -0.05135000 -0.02993966
v -0.01301124 -0.05135000 -0.03466190
v -0.01138624 -0.05135000 -0.03422649
v -0.01019665 -0.05135000 -0.03303690
v -0.00976124 -0.05135000 -0.03141190
v -0.01019665 -0.05135000 -0.02978690
v -0.01138624 -0.05135000 -0.02859732
v -0.01301124 -0.05135000 -0.02816190
v -0.01463624 -0.05135000 -0.02859732
v -0.01582582 -0.05135000 -0.02978690
v -0.01626124 -0.05135000 -0.03141190
v -0.01582582 -0.05135000 -0.03303690
v -0.01463624 -0.05135000 -0.03422649
v -0.01301124 0.05185000 0.02971190
v -0.01386124 0.05185000 0.02993966
v -0.01448348 0.05185000 0.03056190
v -0.01471124 0.05185000 0.03141190
v -0.01448348 0.05185000 0.03226190
v -0.01386124 0.05185000 0.03288415
v -0.01301124 0.05185000 0.03311190
v -0.01216124 0.05185000 0.03288415
v -0.01153899 0.05185000 0.03226190
v -0.01131124 0.05185000 0.03141190
v -0.01153899 0.05185000 0.03056190
v -0.01216124 0.05185000 0.02993966
v -0.01582582 0.05185000 0.02978690
v -0.01626124 0.05185000 0.03141190
v -0.01582582 0.05185000 0.03303690
v -0.01463624 0.05185000 0.03422649
v -0.01301124 0.05185000 0.03466190
v -0.01138624 0.05185000 0.03422649
v -0.01019665 0.05185000 0.03303690
v -0.00976124 0.05185000 0.03141190
v -0.01019665 0.05185000 0.02978690
v -0.01138624 0.05185000 0.02859732
v -0.01301124 0.05185000 0.02816190
v -0.01463624 0.05185000 0.02859732
v -0.03141190 0.05185000 0.01131124
v -0.03226190 0.05185000 0.01153899
v -0.03288415 0.05185000 0.01216124
v -0.03311190 0.05185000 0.01301124
v -0.03288415 0.05185000 0.01386124
v -0.03226190 0.05185000 0.01448348
v -0.03141190 0.05185000 0.01471124
v -0.03056190 0.05185000 0.01448348
v -0.02993966 0.05185000 0.01386124
v -0.02971190 0.05185000 0.01301124
v -0.02993966 0.05185000 0.01216124
v -0.03056190 0.05185000 0.01153899
v -0.03422649 0.05185000 0.01463624
v -0.03303690 0.05185000 0.01582582
v -0.03141190 0.05185000 0.01626124
v -0.02978690 0.05185000 0.01582582
v -0.02859732 0.05185000 0.01463624
v -0.02816190 0.05185000 0.01301124
v -0.02859732 0.05185000 0.01138624
v -0.02978690 0.05185000 0.01019665
v -0.03141190 0.05185000 0.00976124
v -0.03303690 0.05185000 0.01019665
v -0.03422649 0.05185000 0.01138624
v -0.03466190 0.05185000 0.01301124
v -0.03141190 0.05185000 -0.01471124
v -0.03226190 0.05185000 -0.01448348
v -0.03288415 0.05185000 -0.01386124
v -0.03311190 0.05185000 -0.01301124
v -0.03288415 0.05185000 -0.01216124
v -0.03226190 0.05185000 -0.01153899
v -0.03141190 0.05185000 -0.01131124
v -0.03056190 0.05185000 -0.01153899
v -0.02993966 0.05185000 -0.01216124
v -0.02971190 0.05185000 -0.01301124
v -0.02993966 0.05185000 -0.01386124
v -0.03056190 0.05185000 -0.01448348
v -0.03141190 0.05185000 -0.00976124
v -0.02978690 0.05185000 -0.01019665
v -0.02859732 0.05185000 -0.01138624
v -0.02816190 0.05185000 -0.01301124
v -0.02859732 0.05185000 -0.01463624
v -0.02978690 0.05185000 -0.01582582
v -0.03141190 0.05185000 -0.01626124
v -0.03303690 0.05185000 -0.01582582
v -0.03422649 0.05185000 -0.01463624
v -0.03466190 0.05185000 -0.01301124
v -0.03422649 0.05185000 -0.01138624
v -0.03303690 0.05185000 -0.01019665
v -0.01301124 0.05185000 -0.03311190
v -0.01386124 0.05185000 -0.03288415
v -0.01448348 0.05185000 -0.03226190
v -0.01471124 0.05185000 -0.03141190
v -0.01448348 0.05185000 -0.03056190
v -0.01386124 0.05185000 -0.02993966
v -0.01301124 0.05185000 -0.02971190
v -0.01216124 0.05185000 -0.02993966
v -0.01153899 0.05185000 -0.03056190
v -0.01131124 0.05185000 -0.03141190
v -0.01153899 0.05185000 -0.03226190
v -0.01216124 0.05185000 -0.03288415
v -0.01138624 0.05185000 -0.02859732
v -0.01019665 0.05185000 -0.02978690
v -0.00976124 0.05185000 -0.03141190
v -0.01019665 0.05185000 -0.03303690
v -0.01138624 0.05185000 -0.03422649
v -0.01301124 0.05185000 -0.03466190
v -0.01463624 0.05185000 -0.03422649
v -0.01582582 0.05185000 -0.03303690
v -0.01626124 0.05185000 -0.03141190
v -0.01582582 0.05185000 -0.02978690
v -0.01463624 0.05185000 -0.02859732
v -0.01301124 0.05185000 -0.02816190
v -0.01000000 0.00825000 0.03400000
v -0.01000000 0.00925000 0.03426795
v -0.01000000 0.00998205 0.03500000
v -0.01000000 0.01025000 0.03600000
v -0.01000000 0.00998205 0.03700000
v -0.01000000 0.00925000 0.03773205
v -0.01000000 0.00825000 0.03800000
v -0.01000000 0.00725000 0.03773205
v -0.01000000 0.00651795 0.03700000
v -0.01000000 0.00625000 0.03600000
v -0.01000000 0.00651795 0.03500000
v -0.01000000 0.00725000 0.03426795
v -0.01000000 0.00825000 0.03600000
v -0.01000000 -0.00775000 -0.03800000
v -0.01000000 -0.00675000 -0.03773205
v -0.01000000 -0.00601795 -0.03700000
v -0.01000000 -0.00575000 -0.03600000
v -0.01000000 -0.00601795 -0.03500000
v -0.01000000 -0.00675000 -0.03426795
v -0.01000000 -0.00775000 -0.03400000
v -0.01000000 -0.00875000 -0.03426795
v -0.01000000 -0.00948205 -0.03500000
v -0.01000000 -0.00975000 -0.03600000
v -0.01000000 -0.00948205 -0.03700000
v -0.01000000 -0.00875000 -0.03773205
v -0.01000000 -0.00775000 -0.03600000
v -0.01000000 0.00825000 -0.03800000
v -0.01000000 0.00925000 -0.03773205
v -0.01000000 0.00998205 -0.03700000
v -0.01000000 0.01025000 -0.03600000
v -0.01000000 0.00998205 -0.03500000
v -0.01000000 0.00925000 -0.03426795
v -0.01000000 0.00825000 -0.03400000
v -0.01000000 0.00725000 -0.03426795
v -0.01000000 0.00651795 -0.03500000
v -0.01000000 0.00625000 -0.03600000
v -0.01000000 0.00651795 -0.03700000
v -0.01000000 0.00725000 -0.03773205
v -0.01000000 0.00825000 -0.03600000
v -0.01000000 -0.00775000 0.03400000
v -0.01000000 -0.00675000 0.03426795
v -0.01000000 -0.00601795 0.03500000
v -0.01000000 -0.00575000 0.03600000
v -0.01000000 -0.00601795 0.03700000
v -0.01000000 -0.00675000 0.03773205
v -0.01000000 -0.00775000 0.03800000
v -0.01000000 -0.00875000 0.03773205
v -0.01000000 -0.00948205 0.03700000
v -0.01000000 -0.00975000 0.03600000
v -0.01000000 -0.00948205 0.03500000
v -0.01000000 -0.00875000 0.03426795
v -0.01000000 -0.00775000 0.03600000
v -0.03417383 0.01319427 0.00940456
v -0.03417383 -0.01269427 -0.00940456
v -0.03417010 -0.01269164 0.00940818
v -0.03175861 -0.01098871 0.01138821
v -0.02916071 -0.00915456 0.01294427
v -0.02916071 0.00965456 0.01294427
v -0.03176345 0.01149213 0.01138484
v -0.03417010 0.01319164 -0.00940818
v -0.03175861 0.01148871 -0.01138821
v -0.02916071 0.00965456 -0.01294427
v -0.02916071 -0.00915456 -0.01294427
v -0.03176345 -0.01099213 -0.01138484
v 0.03251465 -0.01084370 0.00844595
v 0.03371649 -0.01174003 0.00726362
v 0.03364952 -0.01275000 0.01131192
v 0.03475194 -0.01250966 0.00596205
v 0.03507591 -0.01275000 0.00547088
v 0.02673152 -0.00775000 0.01468591
v 0.02840720 -0.00775000 0.01110321
v 0.03111374 -0.01275000 0.01709343
v 0.03003431 -0.00898189 0.01023978
v 0.03167433 -0.01021487 0.00913340
v 0.00628816 -0.01275000 0.03493865
v 0.00540250 -0.00775000 0.03001771
v 0.00616700 -0.00775000 0.02987002
v 0.01237745 -0.01275000 0.03327234
v 0.01063415 -0.00775000 0.02858610
v 0.01207924 -0.00775000 0.02800611
v 0.01807530 -0.01275000 0.03055378
v 0.01552949 -0.00775000 0.02625043
v 0.01749248 -0.00775000 0.02498526
v 0.02320151 -0.01275000 0.02686894
v 0.01993369 -0.00775000 0.02308458
v 0.02759396 -0.01275000 0.02233435
v 0.02218311 -0.00775000 0.02093226
v 0.02370749 -0.00775000 0.01918867
v 0.02595735 -0.00775000 0.01601456
v 0.03251465 0.01134370 -0.00844595
v 0.03371649 0.01224002 -0.00726362
v 0.03364952 0.01325000 -0.01131192
v 0.03475194 0.01300966 -0.00596205
v 0.03507591 0.01325000 -0.00547088
v 0.02673152 0.00825000 -0.01468591
v 0.02840720 0.00825000 -0.01110321
v 0.03111374 0.01325000 -0.01709343
v 0.03003431 0.00948189 -0.01023978
v 0.03167433 0.01071487 -0.00913340
v 0.00628816 0.01325000 -0.03493865
v 0.00540250 0.00825000 -0.03001771
v 0.00616700 0.00825000 -0.02987002
v 0.01237745 0.01325000 -0.03327234
v 0.01063415 0.00825000 -0.02858610
v 0.01207924 0.00825000 -0.02800611
v 0.01807530 0.01325000 -0.03055378
v 0.01552949 0.00825000 -0.02625043
v 0.01749248 0.00825000 -0.02498526
v 0.02320151 0.01325000 -0.02686894
v 0.01993369 0.00825000 -0.02308458
v 0.02759396 0.01325000 -0.02233435
v 0.02218311 0.00825000 -0.02093226
v 0.02370749 0.00825000 -0.01918867
v 0.02595735 0.00825000 -0.01601456
v 0.02755699 0.00025000 0.01307143
v 0.02761156 -0.00154188 0.01295577
v 0.02851276 0.00820235 0.01082923
v 0.02858250 0.00808636 0.01064382
v 0.02840720 0.00825000 0.01110321
v 0.02823511 0.00660259 0.01153380
v 0.02673152 0.00825000 0.01468591
v 0.02595735 0.00825000 0.01601456
v 0.02804416 0.00562516 0.01199063
v 0.02778667 0.00393220 0.01257580
v 0.02762091 0.00218957 0.01293582
v 0.02756951 0.00110800 0.01304500
v 0.02777010 -0.00329637 0.01261235
v 0.02785964 -0.00397960 0.01241332
v 0.02815069 -0.00568954 0.01173833
v 0.02858250 -0.00758636 0.01064382
v 0.02850818 -0.00770689 0.01084131
v 0.02850824 -0.00729233 0.01084113
v 0.00540250 0.00825000 0.03001771
v 0.00616700 0.00825000 0.02987002
v 0.01063415 0.00825000 0.02858610
v 0.01207924 0.00825000 0.02800611
v 0.01552949 0.00825000 0.02625043
v 0.01749248 0.00825000 0.02498526
v 0.01993369 0.00825000 0.02308458
v 0.02218311 0.00825000 0.02093226
v 0.02370749 0.00825000 0.01918867
v 0.03913074 -0.00934804 0.01658418
v 0.03865364 -0.00770172 0.01766765
v 0.03680608 -0.05375000 0.02125000
v 0.03824306 -0.00596683 0.01853965
v 0.03817843 -0.00564949 0.01867237
v 0.03787962 -0.00388640 0.01927134
v 0.03768246 -0.00209766 0.01965406
v 0.03759339 -0.00028954 0.01982391
v 0.03758841 0.00024324 0.01983333
v 0.03758841 0.00025000 0.01983333
v 0.03680608 0.05425000 0.02125000
v 0.03764521 0.00207391 0.01972532
v 0.03781249 0.00387683 0.01940272
v 0.03806042 0.00552251 0.01891175
v 0.03842870 0.00730197 0.01815173
v 0.03887621 0.00900578 0.01717238
v 0.04117183 -0.01457330 0.01054182
v 0.04066520 -0.01344126 0.01235279
v 0.03993694 -0.05375000 0.01453586
v 0.04012559 -0.01213990 0.01400666
v 0.03993230 -0.01164378 0.01454858
v 0.03965493 -0.01089786 0.01528846
v 0.04239199 -0.01704483 0.00302811
v 0.04219991 -0.01667517 0.00504158
v 0.04185433 -0.05375000 0.00738005
v 0.04248934 -0.01722984 0.00095181
v 0.04250000 -0.05375000 0.00000000
v 0.04250000 -0.01725000 -0.00000011
v 0.04190550 -0.01609574 0.00708372
v 0.04185352 -0.01599172 0.00738465
v 0.04152658 -0.01532466 0.00904397
v 0.04210512 -0.01649036 -0.00578004
v 0.04233446 -0.01693477 -0.00374752
v 0.04185433 -0.05375000 -0.00738005
v 0.04246689 -0.01718730 -0.00167732
v 0.04248442 -0.01722053 -0.00115061
v 0.04029859 -0.01256958 -0.01350087
v 0.04082438 -0.01380522 -0.01181609
v 0.03993694 -0.05375000 -0.01453586
v 0.04130510 -0.01485919 -0.01000692
v 0.04172454 -0.01573127 -0.00808164
v 0.04178421 -0.01585219 -0.00776721
v 0.04185351 -0.01599171 -0.00738467
v 0.03766977 0.00243332 -0.01967837
v 0.03759079 0.00062330 -0.01982882
v 0.03680608 0.05425000 -0.02125000
v 0.03865817 0.00821884 -0.01765774
v 0.03825217 0.00651034 -0.01852084
v 0.03913346 0.00985668 -0.01657776
v 0.03793104 0.00473829 -0.01916993
v 0.03785908 0.00423734 -0.01931165
v 0.03773825 -0.00271431 -0.01954673
v 0.03680608 -0.05375000 -0.02125000
v 0.03764294 -0.00153703 -0.01972966
v 0.03762365 -0.00118637 -0.01976641
v 0.03797813 -0.00453828 -0.01907647
v 0.03831626 -0.00630840 -0.01838787
v 0.03876904 -0.00812771 -0.01741296
v 0.03927258 -0.00978894 -0.01624545
v 0.03981172 -0.01132477 -0.01487540
v 0.03993326 -0.01164628 -0.01454595
v 0.04111344 0.01494657 -0.01076731
v 0.04071922 0.01406569 -0.01217354
v 0.03993694 0.05425000 -0.01453586
v 0.04017815 0.01277178 -0.01385520
v 0.03993054 0.01213916 -0.01455342
v 0.03963085 0.01133099 -0.01535077
v 0.04249642 0.01774322 -0.00055185
v 0.04248988 0.01773085 -0.00092764
v 0.04250000 0.05425000 0.00000000
v 0.04185433 0.05425000 -0.00738005
v 0.04239212 0.01754509 -0.00302621
v 0.04219517 0.01716596 -0.00508111
v 0.04193773 0.01665996 -0.00689036
v 0.04185316 0.01649099 -0.00738671
v 0.04156178 0.01589759 -0.00888079
v 0.04205378 0.01688958 0.00614247
v 0.04212327 0.01702586 0.00564629
v 0.04185433 0.05425000 0.00738005
v 0.04234730 0.01745939 0.00359945
v 0.04247240 0.01769776 0.00153141
v 0.04250000 0.01775000 0.00000041
v 0.04033148 0.01314984 0.01340231
v 0.04081815 0.01429113 0.01183758
v 0.03993694 0.05425000 0.01453586
v 0.03924258 0.01019719 0.01631777
v 0.03978428 0.01175110 0.01494861
v 0.03993205 0.01214311 0.01454928
v 0.04129860 0.01534534 0.01003373
v 0.04171459 0.01621104 0.00813282
v 0.04185302 0.01649073 0.00738746
v 0.01579016 -0.00829162 0.03945784
v 0.01568439 -0.00775000 0.03950000
v 0.01453586 -0.05375000 0.03993694
v 0.01813371 -0.01026198 0.03843720
v 0.01681737 -0.00950000 0.03903109
v 0.01605761 -0.00876447 0.03934976
v 0.02125000 -0.05375000 0.03680608
v 0.02125000 -0.01115591 0.03680608
v 0.01952402 -0.01078109 0.03775000
v 0.01952402 -0.00471891 0.03775000
v 0.01813371 0.00573802 0.03843720
v 0.01813245 -0.00523860 0.03843780
v 0.01681737 0.00650000 0.03903109
v 0.01681737 -0.00600000 0.03903109
v 0.01605761 0.00723554 0.03934976
v 0.01605645 -0.00673710 0.03935023
v 0.01579055 -0.00720738 0.03945768
v 0.01579016 0.00770838 0.03945784
v 0.01568439 0.00825000 0.03950000
v 0.01605645 0.00926290 0.03935023
v 0.02125000 0.05425000 0.03680608
v 0.01579055 0.00879262 0.03945768
v 0.01453586 0.05425000 0.03993694
v 0.01681737 0.01000000 0.03903109
v 0.01813245 0.01076140 0.03843780
v 0.01952402 0.01128109 0.03775000
v 0.02681979 0.00650000 0.03296891
v 0.02606109 0.00572926 0.03357185
v 0.02606160 -0.00522964 0.03357146
v 0.02516322 0.00521891 0.03425000
v 0.02516322 -0.00471891 0.03425000
v 0.02390973 -0.00435819 0.03513652
v 0.02390699 0.00485771 0.03513838
v 0.02258871 -0.00425000 0.03600000
v 0.02258871 0.00475000 0.03600000
v 0.02125000 -0.00434409 0.03680608
v 0.02125000 0.00484409 0.03680608
v 0.01952402 0.00521891 0.03775000
v 0.02738613 0.00825000 0.03250000
v 0.03255689 0.05425000 0.02731847
v 0.02731847 0.00887848 0.03255689
v 0.02731847 0.05425000 0.03255689
v 0.02681979 -0.00600000 0.03296891
v 0.02731847 -0.00712152 0.03255689
v 0.02731847 0.00762152 0.03255689
v 0.03255689 -0.05375000 0.02731847
v 0.02738613 -0.00775000 0.03250000
v 0.02731847 -0.00837848 0.03255689
v 0.02516322 0.01128109 0.03425000
v 0.02606160 0.01077036 0.03357146
v 0.02681979 0.01000000 0.03296891
v 0.02125000 0.01165591 0.03680608
v 0.02258871 0.01175000 0.03600000
v 0.02390973 0.01164181 0.03513652
v 0.02738613 -0.00775000 -0.03250000
v 0.03255689 -0.05375000 -0.02731847
v 0.02731847 -0.00837848 -0.03255689
v 0.02731847 -0.05375000 -0.03255689
v 0.03255689 0.05425000 -0.02731847
v 0.02738613 0.00825000 -0.03250000
v 0.02731847 0.00887848 -0.03255689
v 0.02516322 -0.01078109 -0.03425000
v 0.02606073 -0.01027101 -0.03357214
v 0.02681979 -0.00950000 -0.03296891
v 0.02125000 -0.05375000 -0.03680608
v 0.02258871 -0.01125000 -0.03600000
v 0.02390395 -0.01114281 -0.03514045
v 0.01579013 0.00879155 -0.03945785
v 0.01568439 0.00825000 -0.03950000
v 0.01453586 0.05425000 -0.03993694
v 0.01813805 0.01076397 -0.03843515
v 0.01681737 0.01000000 -0.03903109
v 0.01605790 0.00926486 -0.03934963
v 0.02125000 0.05425000 -0.03680608
v 0.02125000 0.01165591 -0.03680608
v 0.01952402 0.01128109 -0.03775000
v 0.01579081 0.00770669 -0.03945757
v 0.01453586 -0.05375000 -0.03993694
v 0.01681737 -0.00600000 -0.03903109
v 0.01605790 -0.00673514 -0.03934963
v 0.01605925 0.00723332 -0.03934908
v 0.01681737 0.00650000 -0.03903109
v 0.01813557 0.00573717 -0.03843632
v 0.01813805 -0.00523603 -0.03843515
v 0.01952402 0.00521891 -0.03775000
v 0.01952402 -0.00471891 -0.03775000
v 0.01579013 -0.00720844 -0.03945785
v 0.01568439 -0.00775000 -0.03950000
v 0.01579081 -0.00829331 -0.03945757
v 0.01605925 -0.00876668 -0.03934908
v 0.01681737 -0.00950000 -0.03903109
v 0.01813557 -0.01026283 -0.03843632
v 0.01952402 -0.01078109 -0.03775000
v 0.02125000 -0.01115591 -0.03680608
v 0.02731847 -0.00712152 -0.03255689
v 0.02681979 -0.00600000 -0.03296891
v 0.02681979 0.00650000 -0.03296891
v 0.02606084 -0.00522907 -0.03357205
v 0.02606073 0.00572899 -0.03357214
v 0.02516322 0.00521891 -0.03425000
v 0.02516322 -0.00471891 -0.03425000
v 0.02390843 -0.00435796 -0.03513740
v 0.02125000 -0.00434409 -0.03680608
v 0.02125000 0.00484409 -0.03680608
v 0.02258871 -0.00425000 -0.03600000
v 0.02258871 0.00475000 -0.03600000
v 0.02390395 0.00485719 -0.03514045
v 0.02731847 0.05425000 -0.03255689
v 0.02681979 0.01000000 -0.03296891
v 0.02606084 0.01077093 -0.03357205
v 0.02516322 0.01128109 -0.03425000
v 0.02390843 0.01164204 -0.03513740
v 0.02258871 0.01175000 -0.03600000
v 0.02731847 -0.05375000 0.03255689
v 0.02681979 -0.00950000 0.03296891
v 0.02606109 -0.01027074 0.03357185
v 0.02516322 -0.01078109 0.03425000
v 0.02390699 -0.01114229 0.03513838
v 0.02258871 -0.01125000 0.03600000
v 0.00738005 -0.05375000 -0.04185433
v 0.00738005 0.05425000 -0.04185433
v 0.02731847 0.00762152 -0.03255689
v 0.00738005 0.05425000 0.04185433
v 0.00738005 -0.05375000 0.04185433
v 0.03899724 -0.05475000 -0.01419384
v 0.04086952 -0.05475000 -0.00720640
v 0.03422649 -0.05475000 -0.01138624
v 0.03141190 -0.05475000 0.01626124
v 0.03303690 -0.05475000 0.01582582
v 0.03594005 -0.05475000 0.02075000
v 0.02816190 -0.05475000 -0.01301124
v 0.02859732 -0.05475000 -0.01138624
v 0.03422649 -0.05475000 0.01138624
v 0.03466190 -0.05475000 0.01301124
v 0.04086952 -0.05475000 0.00720640
v 0.03899724 -0.05475000 0.01419384
v 0.03422649 -0.05475000 0.01463624
v 0.03303690 -0.05475000 -0.01019665
v 0.02978690 -0.05475000 -0.01019665
v 0.03141190 -0.05475000 -0.00976124
v 0.04150000 -0.05475000 0.00000000
v 0.03466190 -0.05475000 -0.01301124
v 0.03422649 -0.05475000 -0.01463624
v 0.03594005 -0.05475000 -0.02075000
v 0.03303690 -0.05475000 -0.01582582
v 0.03179085 -0.05475000 -0.02667569
v 0.03141190 -0.05475000 -0.01626124
v 0.02667569 -0.05475000 -0.03179085
v 0.02978690 -0.05475000 -0.01582582
v 0.02075000 -0.05475000 -0.03594005
v 0.01626124 -0.05475000 -0.03141190
v 0.01582582 -0.05475000 -0.03303690
v 0.01419384 -0.05475000 -0.03899724
v 0.01463624 -0.05475000 -0.03422649
v 0.01301124 -0.05475000 -0.03466190
v 0.00720640 -0.05475000 -0.04086952
v 0.01138624 -0.05475000 -0.03422649
v 0.01019665 -0.05475000 -0.03303690
v 0.00976124 -0.05475000 -0.03141190
v 0.00634131 -0.05475000 -0.02983350
v 0.01582582 -0.05475000 0.02978690
v 0.03179085 -0.05475000 0.02667569
v 0.01626124 -0.05475000 0.03141190
v 0.02667569 -0.05475000 0.03179085
v 0.01582582 -0.05475000 0.03303690
v 0.02075000 -0.05475000 0.03594005
v 0.01463624 -0.05475000 0.03422649
v 0.01419384 -0.05475000 0.03899724
v 0.01301124 -0.05475000 0.03466190
v 0.01019665 -0.05475000 -0.02978690
v 0.01138624 -0.05475000 -0.02859732
v 0.01240547 -0.05475000 -0.02786314
v 0.01792745 -0.05475000 -0.02467502
v 0.02859732 -0.05475000 -0.01463624
v 0.01463624 -0.05475000 -0.02859732
v 0.01582582 -0.05475000 -0.02978690
v 0.03033292 -0.05475000 -0.00318812
v 0.03141190 -0.05475000 0.00976124
v 0.03033292 -0.05475000 0.00318812
v 0.02978690 -0.05475000 0.01019665
v 0.02900722 -0.05475000 0.00942502
v 0.02859732 -0.05475000 0.01138624
v 0.02641377 -0.05475000 0.01525000
v 0.01138624 -0.05475000 0.03422649
v 0.00720640 -0.05475000 0.04086952
v 0.01019665 -0.05475000 0.03303690
v 0.00976124 -0.05475000 0.03141190
v 0.00634131 -0.05475000 0.02983350
v 0.01301124 -0.05475000 -0.02816190
v 0.02266592 -0.05475000 -0.02040848
v 0.02641377 -0.05475000 -0.01525000
v 0.02900722 -0.05475000 -0.00942502
v 0.03303690 -0.05475000 0.01019665
v 0.01792745 -0.05475000 0.02467502
v 0.02266592 -0.05475000 0.02040848
v 0.01463624 -0.05475000 0.02859732
v 0.01301124 -0.05475000 0.02816190
v 0.01240547 -0.05475000 0.02786314
v 0.01138624 -0.05475000 0.02859732
v 0.01019665 -0.05475000 0.02978690
v 0.02978690 -0.05475000 0.01582582
v 0.02859732 -0.05475000 0.01463624
v 0.02816190 -0.05475000 0.01301124
v 0.03899724 0.05525000 0.01419384
v 0.04086952 0.05525000 0.00720640
v 0.03422649 0.05525000 0.01138624
v 0.02816190 0.05525000 0.01301124
v 0.02859732 0.05525000 0.01138624
v 0.03422649 0.05525000 -0.01138624
v 0.03466190 0.05525000 -0.01301124
v 0.04086952 0.05525000 -0.00720640
v 0.03899724 0.05525000 -0.01419384
v 0.03179085 0.05525000 -0.02667569
v 0.03141190 0.05525000 -0.01626124
v 0.03594005 0.05525000 -0.02075000
v 0.03303690 0.05525000 -0.01582582
v 0.03422649 0.05525000 -0.01463624
v 0.03303690 0.05525000 0.01019665
v 0.02978690 0.05525000 0.01019665
v 0.03141190 0.05525000 0.00976124
v 0.04150000 0.05525000 0.00000000
v 0.02667569 0.05525000 -0.03179085
v 0.01626124 0.05525000 -0.03141190
v 0.01582582 0.05525000 -0.02978690
v 0.03466190 0.05525000 0.01301124
v 0.03422649 0.05525000 0.01463624
v 0.03594005 0.05525000 0.02075000
v 0.03303690 0.05525000 0.01582582
v 0.03179085 0.05525000 0.02667569
v 0.03141190 0.05525000 0.01626124
v 0.02667569 0.05525000 0.03179085
v 0.02978690 0.05525000 0.01582582
v 0.02075000 0.05525000 0.03594005
v 0.01582582 0.05525000 -0.03303690
v 0.02075000 0.05525000 -0.03594005
v 0.01463624 0.05525000 -0.03422649
v 0.01419384 0.05525000 -0.03899724
v 0.01301124 0.05525000 -0.03466190
v 0.01626124 0.05525000 0.03141190
v 0.01582582 0.05525000 0.03303690
v 0.01419384 0.05525000 0.03899724
v 0.01463624 0.05525000 0.03422649
v 0.01301124 0.05525000 0.03466190
v 0.00720640 0.05525000 0.04086952
v 0.01138624 0.05525000 0.03422649
v 0.01019665 0.05525000 0.03303690
v 0.00976124 0.05525000 0.03141190
v 0.00634131 0.05525000 0.02983350
v 0.01019665 0.05525000 0.02978690
v 0.01138624 0.05525000 0.02859732
v 0.01240547 0.05525000 0.02786314
v 0.01792745 0.05525000 0.02467502
v 0.02859732 0.05525000 0.01463624
v 0.01463624 0.05525000 0.02859732
v 0.01582582 0.05525000 0.02978690
v 0.03033292 0.05525000 0.00318812
v 0.03141190 0.05525000 -0.00976124
v 0.03033292 0.05525000 -0.00318812
v 0.02978690 0.05525000 -0.01019665
v 0.02900722 0.05525000 -0.00942502
v 0.02859732 0.05525000 -0.01138624
v 0.02641377 0.05525000 -0.01525000
v 0.01138624 0.05525000 -0.03422649
v 0.00720640 0.05525000 -0.04086952
v 0.01019665 0.05525000 -0.03303690
v 0.00976124 0.05525000 -0.03141190
v 0.00634131 0.05525000 -0.02983350
v 0.01301124 0.05525000 0.02816190
v 0.02266592 0.05525000 0.02040848
v 0.02641377 0.05525000 0.01525000
v 0.02900722 0.05525000 0.00942502
v 0.03303690 0.05525000 -0.01019665
v 0.01792745 0.05525000 -0.02467502
v 0.02266592 0.05525000 -0.02040848
v 0.01463624 0.05525000 -0.02859732
v 0.01301124 0.05525000 -0.02816190
v 0.01240547 0.05525000 -0.02786314
v 0.01138624 0.05525000 -0.02859732
v 0.01019665 0.05525000 -0.02978690
v 0.02978690 0.05525000 -0.01582582
v 0.02859732 0.05525000 -0.01463624
v 0.02816190 0.05525000 -0.01301124
v 0.03226190 0.04375000 0.01448348
v 0.03288415 0.04375000 0.01386124
v 0.03491137 0.04375000 0.01738380
v 0.01408842 0.04375000 0.03636642
v 0.00716623 0.04375000 0.03833595
v 0.01216124 0.04375000 0.03288415
v 0.01408842 0.04375000 -0.03636642
v 0.01386124 0.04375000 -0.03288415
v 0.01301124 0.04375000 -0.03311190
v 0.03883363 0.04375000 -0.00359847
v 0.03226190 0.04375000 -0.01153899
v 0.03288415 0.04375000 -0.01216124
v 0.01153899 0.04375000 0.03226190
v 0.01131124 0.04375000 0.03141190
v 0.00634131 0.04375000 0.02983350
v 0.03751120 0.04375000 0.01067286
v 0.03311190 0.04375000 0.01301124
v 0.03883363 0.04375000 0.00359847
v 0.03751120 0.04375000 -0.01067286
v 0.03311190 0.04375000 -0.01301124
v 0.03491137 0.04375000 -0.01738380
v 0.03141190 0.04375000 -0.01131124
v 0.03288415 0.04375000 0.01216124
v 0.03226190 0.04375000 0.01153899
v 0.00716623 0.04375000 -0.03833595
v 0.01216124 0.04375000 -0.03288415
v 0.01153899 0.04375000 -0.03226190
v 0.01131124 0.04375000 -0.03141190
v 0.00634131 0.04375000 -0.02983350
v 0.01153899 0.04375000 -0.03056190
v 0.01240547 0.04375000 -0.02786314
v 0.01216124 0.04375000 -0.02993966
v 0.01792745 0.04375000 -0.02467502
v 0.01301124 0.04375000 -0.02971190
v 0.02266592 0.04375000 -0.02040848
v 0.03141190 0.04375000 0.01471124
v 0.03112267 0.04375000 0.02350275
v 0.03056190 0.04375000 0.01448348
v 0.01448348 0.04375000 -0.03226190
v 0.02053086 0.04375000 -0.03315847
v 0.01471124 0.04375000 -0.03141190
v 0.02627413 0.04375000 -0.02882135
v 0.01448348 0.04375000 -0.03056190
v 0.03112267 0.04375000 -0.02350275
v 0.03288415 0.04375000 -0.01386124
v 0.03226190 0.04375000 -0.01448348
v 0.03141190 0.04375000 -0.01471124
v 0.02641377 0.04375000 -0.01525000
v 0.03056190 0.04375000 -0.01448348
v 0.01386124 0.04375000 -0.02993966
v 0.01301124 0.04375000 0.03311190
v 0.01386124 0.04375000 0.03288415
v 0.02053086 0.04375000 0.03315847
v 0.01448348 0.04375000 0.03226190
v 0.02900722 0.04375000 0.00942502
v 0.03033292 0.04375000 0.00318812
v 0.03141190 0.04375000 0.01131124
v 0.03056190 0.04375000 -0.01153899
v 0.03033292 0.04375000 -0.00318812
v 0.02993966 0.04375000 -0.01216124
v 0.02900722 0.04375000 -0.00942502
v 0.02971190 0.04375000 -0.01301124
v 0.02993966 0.04375000 -0.01386124
v 0.01471124 0.04375000 0.03141190
v 0.02627413 0.04375000 0.02882135
v 0.01386124 0.04375000 0.02993966
v 0.01301124 0.04375000 0.02971190
v 0.01240547 0.04375000 0.02786314
v 0.01216124 0.04375000 0.02993966
v 0.01153899 0.04375000 0.03056190
v 0.03056190 0.04375000 0.01153899
v 0.02993966 0.04375000 0.01216124
v 0.02641377 0.04375000 0.01525000
v 0.01792745 0.04375000 0.02467502
v 0.02266592 0.04375000 0.02040848
v 0.01448348 0.04375000 0.03056190
v 0.02971190 0.04375000 0.01301124
v 0.02993966 0.04375000 0.01386124
v 0.00716623 0.01325000 -0.03833595
v 0.01408842 0.01325000 -0.03636642
v 0.02053086 0.01325000 -0.03315847
v 0.02627413 0.01325000 -0.02882135
v 0.03112267 0.01325000 -0.02350275
v 0.03491137 0.01325000 -0.01738380
v 0.03751120 0.01325000 -0.01067286
v 0.03883363 0.01325000 -0.00359847
v 0.03883363 0.01325000 0.00359847
v 0.03751120 0.01325000 0.01067286
v 0.03491137 0.01325000 0.01738380
v 0.03112267 0.01325000 0.02350275
v 0.02627413 0.01325000 0.02882135
v 0.02053086 0.01325000 0.03315847
v 0.01408842 0.01325000 0.03636642
v 0.00716623 0.01325000 0.03833595
v 0.03615784 0.01325000 -0.00227237
v 0.03647925 0.01325000 -0.00092336
v 0.03654716 0.01325000 -0.00011187
v 0.03640226 0.01325000 0.00135398
v 0.03634223 0.01325000 0.00161848
v 0.03596033 0.01325000 0.00285246
v 0.03594219 0.01325000 0.00290248
v 0.03589758 0.01325000 0.00302394
v 0.03573570 0.01325000 0.00345167
v 0.03544284 0.01325000 -0.00421836
v 0.03564009 0.01325000 -0.00369973
v 0.03597282 0.01325000 -0.00281779
v 0.00628816 0.01325000 0.03493865
v 0.01237745 0.01325000 0.03327234
v 0.01807530 0.01325000 0.03055378
v 0.02320151 0.01325000 0.02686894
v 0.02759396 0.01325000 0.02233435
v 0.03111374 0.01325000 0.01709343
v 0.03364952 0.01325000 0.01131192
v 0.03507591 0.01325000 0.00547088
v 0.03526352 0.01325000 0.00473079
v 0.02851283 -0.00770228 -0.01082906
v 0.02858250 -0.00758636 -0.01064382
v 0.02840720 -0.00775000 -0.01110321
v 0.02823717 -0.00611233 -0.01152876
v 0.02673152 -0.00775000 -0.01468591
v 0.02779480 -0.00349703 -0.01255784
v 0.02765737 -0.00218145 -0.01285767
v 0.02595735 -0.00775000 -0.01601456
v 0.02793107 -0.00445536 -0.01225175
v 0.02756426 -0.00040371 -0.01305609
v 0.02757842 0.00137274 -0.01302615
v 0.02760821 0.00198599 -0.01296290
v 0.02776597 0.00376168 -0.01262144
v 0.02845623 0.00757982 -0.01097693
v 0.02858250 0.00808636 -0.01064382
v 0.02851565 0.00819934 -0.01082163
v 0.02801771 0.00547599 -0.01205229
v 0.02810535 0.00595591 -0.01184648
v 0.00540250 -0.00775000 -0.03001771
v 0.00616700 -0.00775000 -0.02987002
v 0.01063415 -0.00775000 -0.02858610
v 0.01207924 -0.00775000 -0.02800611
v 0.01552949 -0.00775000 -0.02625043
v 0.01749248 -0.00775000 -0.02498526
v 0.01993369 -0.00775000 -0.02308458
v 0.02218311 -0.00775000 -0.02093226
v 0.02370749 -0.00775000 -0.01918867
v 0.03541137 -0.01275000 0.00430395
v 0.03599846 -0.01275000 0.00274593
v 0.03883363 -0.01275000 0.00359847
v 0.03640668 -0.01275000 0.00133271
v 0.03652573 -0.01275000 0.00052461
v 0.03883363 -0.01275000 -0.00359847
v 0.03649556 -0.01275000 -0.00080544
v 0.03637904 -0.01275000 -0.00146120
v 0.03634242 -0.01275000 -0.00161770
v 0.03597294 -0.01275000 -0.00281745
v 0.00716623 -0.01275000 0.03833595
v 0.01408842 -0.01275000 0.03636642
v 0.02053086 -0.01275000 0.03315847
v 0.02627413 -0.01275000 0.02882135
v 0.03112267 -0.01275000 0.02350275
v 0.03491137 -0.01275000 0.01738380
v 0.03751120 -0.01275000 0.01067286
v 0.03594160 -0.01275000 -0.00290409
v 0.03584516 -0.01275000 -0.00316426
v 0.03572996 -0.01275000 -0.00346660
v 0.00628816 -0.01275000 -0.03493865
v 0.00716623 -0.01275000 -0.03833595
v 0.01237745 -0.01275000 -0.03327234
v 0.01408842 -0.01275000 -0.03636642
v 0.01807530 -0.01275000 -0.03055378
v 0.02053086 -0.01275000 -0.03315847
v 0.02320151 -0.01275000 -0.02686894
v 0.02627413 -0.01275000 -0.02882135
v 0.02759396 -0.01275000 -0.02233435
v 0.03112267 -0.01275000 -0.02350275
v 0.03111374 -0.01275000 -0.01709343
v 0.03491137 -0.01275000 -0.01738380
v 0.03364952 -0.01275000 -0.01131192
v 0.03751120 -0.01275000 -0.01067286
v 0.03507591 -0.01275000 -0.00547088
v 0.03525969 -0.01275000 -0.00474267
v 0.00716623 -0.04325000 -0.03833595
v 0.01408842 -0.04325000 -0.03636642
v 0.02053086 -0.04325000 -0.03315847
v 0.02627413 -0.04325000 -0.02882135
v 0.03112267 -0.04325000 -0.02350275
v 0.03491137 -0.04325000 -0.01738380
v 0.03751120 -0.04325000 -0.01067286
v 0.03883363 -0.04325000 -0.00359847
v 0.03883363 -0.04325000 0.00359847
v 0.03751120 -0.04325000 0.01067286
v 0.03491137 -0.04325000 0.01738380
v 0.03112267 -0.04325000 0.02350275
v 0.02627413 -0.04325000 0.02882135
v 0.02053086 -0.04325000 0.03315847
v 0.01408842 -0.04325000 0.03636642
v 0.00716623 -0.04325000 0.03833595
v 0.03226190 -0.04325000 -0.01448348
v 0.03288415 -0.04325000 -0.01386124
v 0.01386124 -0.04325000 0.03288415
v 0.01301124 -0.04325000 0.03311190
v 0.01216124 -0.04325000 -0.03288415
v 0.01153899 -0.04325000 -0.03226190
v 0.01131124 -0.04325000 -0.03141190
v 0.00634131 -0.04325000 -0.02983350
v 0.03226190 -0.04325000 0.01153899
v 0.03288415 -0.04325000 0.01216124
v 0.03311190 -0.04325000 -0.01301124
v 0.03311190 -0.04325000 0.01301124
v 0.03141190 -0.04325000 0.01131124
v 0.03288415 -0.04325000 -0.01216124
v 0.03226190 -0.04325000 -0.01153899
v 0.01216124 -0.04325000 0.03288415
v 0.01153899 -0.04325000 0.03226190
v 0.01131124 -0.04325000 0.03141190
v 0.00634131 -0.04325000 0.02983350
v 0.01153899 -0.04325000 0.03056190
v 0.01240547 -0.04325000 0.02786314
v 0.01216124 -0.04325000 0.02993966
v 0.01792745 -0.04325000 0.02467502
v 0.01301124 -0.04325000 0.02971190
v 0.02266592 -0.04325000 0.02040848
v 0.03141190 -0.04325000 -0.01471124
v 0.03056190 -0.04325000 -0.01448348
v 0.01448348 -0.04325000 0.03226190
v 0.01471124 -0.04325000 0.03141190
v 0.01448348 -0.04325000 0.03056190
v 0.03288415 -0.04325000 0.01386124
v 0.03226190 -0.04325000 0.01448348
v 0.03141190 -0.04325000 0.01471124
v 0.02641377 -0.04325000 0.01525000
v 0.03056190 -0.04325000 0.01448348
v 0.01386124 -0.04325000 0.02993966
v 0.01301124 -0.04325000 -0.03311190
v 0.01386124 -0.04325000 -0.03288415
v 0.01448348 -0.04325000 -0.03226190
v 0.01471124 -0.04325000 -0.03141190
v 0.02900722 -0.04325000 -0.00942502
v 0.03033292 -0.04325000 -0.00318812
v 0.03141190 -0.04325000 -0.01131124
v 0.03056190 -0.04325000 0.01153899
v 0.03033292 -0.04325000 0.00318812
v 0.02993966 -0.04325000 0.01216124
v 0.02900722 -0.04325000 0.00942502
v 0.02971190 -0.04325000 0.01301124
v 0.02993966 -0.04325000 0.01386124
v 0.01386124 -0.04325000 -0.02993966
v 0.01301124 -0.04325000 -0.02971190
v 0.01240547 -0.04325000 -0.02786314
v 0.01216124 -0.04325000 -0.02993966
v 0.01153899 -0.04325000 -0.03056190
v 0.03056190 -0.04325000 -0.01153899
v 0.02993966 -0.04325000 -0.01216124
v 0.02641377 -0.04325000 -0.01525000
v 0.01792745 -0.04325000 -0.02467502
v 0.02266592 -0.04325000 -0.02040848
v 0.01448348 -0.04325000 -0.03056190
v 0.02971190 -0.04325000 -0.01301124
v 0.02993966 -0.04325000 -0.01386124
v 0.01301124 0.05185000 -0.03311190
v 0.01216124 0.05185000 -0.03288415
v 0.01153899 0.05185000 -0.03226190
v 0.01131124 0.05185000 -0.03141190
v 0.01153899 0.05185000 -0.03056190
v 0.01216124 0.05185000 -0.02993966
v 0.01301124 0.05185000 -0.02971190
v 0.01386124 0.05185000 -0.02993966
v 0.01448348 0.05185000 -0.03056190
v 0.01471124 0.05185000 -0.03141190
v 0.01448348 0.05185000 -0.03226190
v 0.01386124 0.05185000 -0.03288415
v 0.00976124 0.05185000 -0.03141190
v 0.01019665 0.05185000 -0.02978690
v 0.01138624 0.05185000 -0.02859732
v 0.01301124 0.05185000 -0.02816190
v 0.01463624 0.05185000 -0.02859732
v 0.01582582 0.05185000 -0.02978690
v 0.01626124 0.05185000 -0.03141190
v 0.01582582 0.05185000 -0.03303690
v 0.01463624 0.05185000 -0.03422649
v 0.01301124 0.05185000 -0.03466190
v 0.01138624 0.05185000 -0.03422649
v 0.01019665 0.05185000 -0.03303690
v 0.03141190 0.05185000 -0.01471124
v 0.03056190 0.05185000 -0.01448348
v 0.02993966 0.05185000 -0.01386124
v 0.02971190 0.05185000 -0.01301124
v 0.02993966 0.05185000 -0.01216124
v 0.03056190 0.05185000 -0.01153899
v 0.03141190 0.05185000 -0.01131124
v 0.03226190 0.05185000 -0.01153899
v 0.03288415 0.05185000 -0.01216124
v 0.03311190 0.05185000 -0.01301124
v 0.03288415 0.05185000 -0.01386124
v 0.03226190 0.05185000 -0.01448348
v 0.02816190 0.05185000 -0.01301124
v 0.02859732 0.05185000 -0.01138624
v 0.02978690 0.05185000 -0.01019665
v 0.03141190 0.05185000 -0.00976124
v 0.03303690 0.05185000 -0.01019665
v 0.03422649 0.05185000 -0.01138624
v 0.03466190 0.05185000 -0.01301124
v 0.03422649 0.05185000 -0.01463624
v 0.03303690 0.05185000 -0.01582582
v 0.03141190 0.05185000 -0.01626124
v 0.02978690 0.05185000 -0.01582582
v 0.02859732 0.05185000 -0.01463624
v 0.03141190 0.05185000 0.01131124
v 0.03056190 0.05185000 0.01153899
v 0.02993966 0.05185000 0.01216124
v 0.02971190 0.05185000 0.01301124
v 0.02993966 0.05185000 0.01386124
v 0.03056190 0.05185000 0.01448348
v 0.03141190 0.05185000 0.01471124
v 0.03226190 0.05185000 0.01448348
v 0.03288415 0.05185000 0.01386124
v 0.03311190 0.05185000 0.01301124
v 0.03288415 0.05185000 0.01216124
v 0.03226190 0.05185000 0.01153899
v 0.02816190 0.05185000 0.01301124
v 0.02859732 0.05185000 0.01463624
v 0.02978690 0.05185000 0.01582582
v 0.03141190 0.05185000 0.01626124
v 0.03303690 0.05185000 0.01582582
v 0.03422649 0.05185000 0.01463624
v 0.03466190 0.05185000 0.01301124
v 0.03422649 0.05185000 0.01138624
v 0.03303690 0.05185000 0.01019665
v 0.03141190 0.05185000 0.00976124
v 0.02978690 0.05185000 0.01019665
v 0.02859732 0.05185000 0.01138624
v 0.01301124 0.05185000 0.02971190
v 0.01216124 0.05185000 0.02993966
v 0.01153899 0.05185000 0.03056190
v 0.01131124 0.05185000 0.03141190
v 0.01153899 0.05185000 0.03226190
v 0.01216124 0.05185000 0.03288415
v 0.01301124 0.05185000 0.03311190
v 0.01386124 0.05185000 0.03288415
v 0.01448348 0.05185000 0.03226190
v 0.01471124 0.05185000 0.03141190
v 0.01448348 0.05185000 0.03056190
v 0.01386124 0.05185000 0.02993966
v 0.01019665 0.05185000 0.02978690
v 0.00976124 0.05185000 0.03141190
v 0.01019665 0.05185000 0.03303690
v 0.01138624 0.05185000 0.03422649
v 0.01301124 0.05185000 0.03466190
v 0.01463624 0.05185000 0.03422649
v 0.01582582 0.05185000 0.03303690
v 0.01626124 0.05185000 0.03141190
v 0.01582582 0.05185000 0.02978690
v 0.01463624 0.05185000 0.02859732
v 0.01301124 0.05185000 0.02816190
v 0.01138624 0.05185000 0.02859732
v 0.01301124 -0.05135000 -0.02971190
v 0.01216124 -0.05135000 -0.02993966
v 0.01153899 -0.05135000 -0.03056190
v 0.01131124 -0.05135000 -0.03141190
v 0.01153899 -0.05135000 -0.03226190
v 0.01216124 -0.05135000 -0.03288415
v 0.01301124 -0.05135000 -0.03311190
v 0.01386124 -0.05135000 -0.03288415
v 0.01448348 -0.05135000 -0.03226190
v 0.01471124 -0.05135000 -0.03141190
v 0.01448348 -0.05135000 -0.03056190
v 0.01386124 -0.05135000 -0.02993966
v 0.01019665 -0.05135000 -0.02978690
v 0.00976124 -0.05135000 -0.03141190
v 0.01019665 -0.05135000 -0.03303690
v 0.01138624 -0.05135000 -0.03422649
v 0.01301124 -0.05135000 -0.03466190
v 0.01463624 -0.05135000 -0.03422649
v 0.01582582 -0.05135000 -0.03303690
v 0.01626124 -0.05135000 -0.03141190
v 0.01582582 -0.05135000 -0.02978690
v 0.01463624 -0.05135000 -0.02859732
v 0.01301124 -0.05135000 -0.02816190
v 0.01138624 -0.05135000 -0.02859732
v 0.03141190 -0.05135000 -0.01131124
v 0.03056190 -0.05135000 -0.01153899
v 0.02993966 -0.05135000 -0.01216124
v 0.02971190 -0.05135000 -0.01301124
v 0.02993966 -0.05135000 -0.01386124
v 0.03056190 -0.05135000 -0.01448348
v 0.03141190 -0.05135000 -0.01471124
v 0.03226190 -0.05135000 -0.01448348
v 0.03288415 -0.05135000 -0.01386124
v 0.03311190 -0.05135000 -0.01301124
v 0.03288415 -0.05135000 -0.01216124
v 0.03226190 -0.05135000 -0.01153899
v 0.02816190 -0.05135000 -0.01301124
v 0.02859732 -0.05135000 -0.01463624
v 0.02978690 -0.05135000 -0.01582582
v 0.03141190 -0.05135000 -0.01626124
v 0.03303690 -0.05135000 -0.01582582
v 0.03422649 -0.05135000 -0.01463624
v 0.03466190 -0.05135000 -0.01301124
v 0.03422649 -0.05135000 -0.01138624
v 0.03303690 -0.05135000 -0.01019665
v 0.03141190 -0.05135000 -0.00976124
v 0.02978690 -0.05135000 -0.01019665
v 0.02859732 -0.05135000 -0.01138624
v 0.03141190 -0.05135000 0.01471124
v 0.03056190 -0.05135000 0.01448348
v 0.02993966 -0.05135000 0.01386124
v 0.02971190 -0.05135000 0.01301124
v 0.02993966 -0.05135000 0.01216124
v 0.03056190 -0.05135000 0.01153899
v 0.03141190 -0.05135000 0.01131124
v 0.03226190 -0.05135000 0.01153899
v 0.03288415 -0.05135000 0.01216124
v 0.03311190 -0.05135000 0.01301124
v 0.03288415 -0.05135000 0.01386124
v 0.03226190 -0.05135000 0.01448348
v 0.02816190 -0.05135000 0.01301124
v 0.02859732 -0.05135000 0.01138624
v 0.02978690 -0.05135000 0.01019665
v 0.03141190 -0.05135000 0.00976124
v 0.03303690 -0.05135000 0.01019665
v 0.03422649 -0.05135000 0.01138624
v 0.03466190 -0.05135000 0.01301124
v 0.03422649 -0.05135000 0.01463624
v 0.03303690 -0.05135000 0.01582582
v 0.03141190 -0.05135000 0.01626124
v 0.02978690 -0.05135000 0.01582582
v 0.02859732 -0.05135000 0.01463624
v 0.01301124 -0.05135000 0.03311190
v 0.01216124 -0.05135000 0.03288415
v 0.01153899 -0.05135000 0.03226190
v 0.01131124 -0.05135000 0.03141190
v 0.01153899 -0.05135000 0.03056190
v 0.01216124 -0.05135000 0.02993966
v 0.01301124 -0.05135000 0.02971190
v 0.01386124 -0.05135000 0.02993966
v 0.01448348 -0.05135000 0.03056190
v 0.01471124 -0.05135000 0.03141190
v 0.01448348 -0.05135000 0.03226190
v 0.01386124 -0.05135000 0.03288415
v 0.00976124 -0.05135000 0.03141190
v 0.01019665 -0.05135000 0.02978690
v 0.01138624 -0.05135000 0.02859732
v 0.01301124 -0.05135000 0.02816190
v 0.01463624 -0.05135000 0.02859732
v 0.01582582 -0.05135000 0.02978690
v 0.01626124 -0.05135000 0.03141190
v 0.01582582 -0.05135000 0.03303690
v 0.01463624 -0.05135000 0.03422649
v 0.01301124 -0.05135000 0.03466190
v 0.01138624 -0.05135000 0.03422649
v 0.01019665 -0.05135000 0.03303690
v 0.01500000 0.00825000 -0.03400000
v 0.01500000 0.00925000 -0.03426795
v 0.01500000 0.00998205 -0.03500000
v 0.01500000 0.01025000 -0.03600000
v 0.01500000 0.00998205 -0.03700000
v 0.01500000 0.00925000 -0.03773205
v 0.01500000 0.00825000 -0.03800000
v 0.01500000 0.00725000 -0.03773205
v 0.01500000 0.00651795 -0.03700000
v 0.01500000 0.00625000 -0.03600000
v 0.01500000 0.00651795 -0.03500000
v 0.01500000 0.00725000 -0.03426795
v 0.01500000 -0.00775000 -0.03400000
v 0.01500000 -0.00675000 -0.03426795
v 0.01500000 -0.00601795 -0.03500000
v 0.01500000 -0.00575000 -0.03600000
v 0.01500000 -0.00601795 -0.03700000
v 0.01500000 -0.00675000 -0.03773205
v 0.01500000 -0.00775000 -0.03800000
v 0.01500000 -0.00875000 -0.03773205
v 0.01500000 -0.00948205 -0.03700000
v 0.01500000 -0.00975000 -0.03600000
v 0.01500000 -0.00948205 -0.03500000
v 0.01500000 -0.00875000 -0.03426795
v 0.01500000 -0.00775000 0.03800000
v 0.01500000 -0.00675000 0.03773205
v 0.01500000 -0.00601795 0.03700000
v 0.01500000 -0.00575000 0.03600000
v 0.01500000 -0.00601795 0.03500000
v 0.01500000 -0.00675000 0.03426795
v 0.01500000 -0.00775000 0.03400000
v 0.01500000 -0.00875000 0.03426795
v 0.01500000 -0.00948205 0.03500000
v 0.01500000 -0.00975000 0.03600000
v 0.01500000 -0.00948205 0.03700000
v 0.01500000 -0.00875000 0.03773205
v 0.01500000 0.00825000 0.03800000
v 0.01500000 0.00925000 0.03773205
v 0.01500000 0.00998205 0.03700000
v 0.01500000 0.01025000 0.03600000
v 0.01500000 0.00998205 0.03500000
v 0.01500000 0.00925000 0.03426795
v 0.01500000 0.00825000 0.03400000
v 0.01500000 0.00725000 0.03426795
v 0.01500000 0.00651795 0.03500000
v 0.01500000 0.00625000 0.03600000
v 0.01500000 0.00651795 0.03700000
v 0.01500000 0.00725000 0.03773205
v 0.03342319 -0.00270457 0.01214580
v 0.03364968 -0.00380954 0.01182244
v 0.02879618 -0.00380929 0.01182253
v 0.03316625 0.00025000 0.01250000
v 0.02846050 0.00025000 0.01250000
v 0.02847343 0.00104444 0.01247473
v 0.03321636 0.00155279 0.01243192
v 0.02852651 0.00204590 0.01237032
v 0.03336396 0.00284059 0.01222861
v 0.02869771 0.00365944 0.01202604
v 0.03358272 0.00401608 0.01191917
v 0.02879634 0.00431026 0.01182220
v 0.03364984 0.00431023 0.01182221
v 0.02896364 0.00522700 0.01146645
v 0.03390767 0.00528712 0.01144017
v 0.02916085 0.00613203 0.01102959
v 0.02945410 0.00727388 0.01033998
v 0.03430253 0.00650413 0.01082293
v 0.02994237 0.00761419 0.01010043
v 0.03462581 0.00735514 0.01028431
v 0.03038372 0.00792118 0.00986930
v 0.03486479 0.00792828 0.00986377
v 0.03176622 0.00887928 0.00904354
v 0.03260285 0.00945671 0.00845497
v 0.03605927 0.01182668 0.00471491
v 0.03643994 0.01103238 0.00632378
v 0.03521428 0.01124937 0.00593833
v 0.03625741 0.01071373 0.00683816
v 0.03442347 0.01070793 0.00684702
v 0.03601602 0.01027938 0.00746066
v 0.03402088 0.01043184 0.00725122
v 0.03558660 0.00946417 0.00844684
v 0.03510378 0.00846507 0.00942139
v 0.03725289 0.01236715 0.00306996
v 0.03716759 0.01223276 0.00355859
v 0.03672783 0.01228262 0.00338615
v 0.03710627 0.01213541 0.00387130
v 0.03680699 0.01165074 0.00512573
v 0.03685225 0.01236740 0.00306898
v 0.03687724 0.01238442 0.00300096
v 0.03736527 0.01254242 0.00226856
v 0.03724360 0.01263389 0.00169978
v 0.03747565 0.01271268 0.00096517
v 0.03740621 0.01274455 0.00036895
v 0.03741243 0.01274879 0.00017424
v 0.03749684 0.01274516 -0.00034780
v 0.03735142 0.01270727 -0.00103265
v 0.03749106 0.01273632 -0.00058465
v 0.03747211 0.01270725 -0.00103290
v 0.03733843 0.01269843 -0.00113425
v 0.03740481 0.01260363 -0.00190728
v 0.03706381 0.01251149 -0.00243020
v 0.03723103 0.01233283 -0.00320238
v 0.03700388 0.01197140 -0.00434266
v 0.03653696 0.01215253 -0.00381835
v 0.03683473 0.01169636 -0.00502304
v 0.03586889 0.01169672 -0.00502221
v 0.03667216 0.01142685 -0.00559714
v 0.03584594 0.01168105 -0.00505777
v 0.03627656 0.01074755 -0.00678612
v 0.03544887 0.01140977 -0.00563112
v 0.03592872 0.01011835 -0.00767240
v 0.03440773 0.01069715 -0.00686346
v 0.03557747 0.00944617 -0.00846644
v 0.03319905 0.00986722 -0.00798493
v 0.03258505 0.00944444 -0.00846831
v 0.03235376 0.00928496 -0.00863826
v 0.03070359 0.00814331 -0.00969255
v 0.03419645 0.00620036 -0.01099287
v 0.03452953 0.00711191 -0.01044817
v 0.03496839 0.00816500 -0.00967486
v 0.03545130 0.00919413 -0.00873227
v 0.02945410 0.00727388 -0.01033998
v 0.02938922 0.00703687 -0.01049707
v 0.02917708 0.00620063 -0.01099273
v 0.03329846 -0.00186737 -0.01231937
v 0.03329111 -0.00180756 -0.01232949
v 0.02854714 -0.00180775 -0.01232946
v 0.03321436 -0.00102645 -0.01243466
v 0.02846801 -0.00035529 -0.01248534
v 0.03319734 -0.00077598 -0.01245782
v 0.02848264 0.00128957 -0.01245670
v 0.03316835 0.00051665 -0.01249716
v 0.02851339 0.00185740 -0.01239622
v 0.03323803 0.00180951 -0.01240234
v 0.02854719 0.00230843 -0.01232935
v 0.03329126 0.00230881 -0.01232929
v 0.02867633 0.00350156 -0.01206969
v 0.03340507 0.00309810 -0.01217121
v 0.02893633 0.00508888 -0.01152542
v 0.03346856 0.00345592 -0.01208189
v 0.02902684 0.00553325 -0.01132860
v 0.03375192 0.00472167 -0.01167280
v 0.03411015 0.00594203 -0.01112883
v 0.02917681 -0.00569948 -0.01099335
v 0.03419617 -0.00569955 -0.01099331
v 0.02916298 -0.00564105 -0.01102477
v 0.03380847 -0.00443457 -0.01158900
v 0.02884684 -0.00410681 -0.01171615
v 0.03351011 -0.00317020 -0.01202299
v 0.02870610 -0.00321947 -0.01200886
v 0.02856417 -0.00200135 -0.01229559
v 0.03176622 -0.00837928 -0.00904354
v 0.03420798 -0.00573408 -0.01097455
v 0.02994237 -0.00711419 -0.01010043
v 0.02945410 -0.00677388 -0.01033998
v 0.03260285 -0.00895671 -0.00845497
v 0.03512798 -0.00801769 -0.00937525
v 0.03465228 -0.00692067 -0.01023873
v 0.03521428 -0.01074938 -0.00593833
v 0.03602151 -0.00978945 -0.00744712
v 0.03402088 -0.00993184 -0.00725122
v 0.03557761 -0.00894646 -0.00846612
v 0.03555758 -0.00890684 -0.00850895
v 0.03748626 -0.01222895 -0.00072517
v 0.03747214 -0.01220731 -0.00103225
v 0.03735109 -0.01220705 -0.00103537
v 0.03747078 -0.01220522 -0.00105714
v 0.03724360 -0.01213389 -0.00169978
v 0.03735393 -0.01202483 -0.00236188
v 0.03687724 -0.01188442 -0.00300096
v 0.03715158 -0.01170740 -0.00364288
v 0.03672783 -0.01178262 -0.00338615
v 0.03686842 -0.01125157 -0.00489530
v 0.03605927 -0.01132668 -0.00471491
v 0.03683521 -0.01119715 -0.00502124
v 0.03586473 -0.01119388 -0.00502868
v 0.03681577 -0.01116519 -0.00509347
v 0.03644568 -0.01054228 -0.00630688
v 0.03684901 -0.01186519 0.00307767
v 0.03725305 -0.01186740 0.00306897
v 0.03706381 -0.01201149 0.00243020
v 0.03740469 -0.01210345 0.00190847
v 0.03733843 -0.01219843 0.00113425
v 0.03749060 -0.01223560 0.00059988
v 0.03741243 -0.01224879 -0.00017424
v 0.03740621 -0.01224455 -0.00036895
v 0.03319905 -0.00936722 0.00798493
v 0.03540494 -0.00859993 0.00882773
v 0.03440773 -0.01019715 0.00686346
v 0.03588106 -0.00952947 0.00778537
v 0.03443237 -0.01021403 0.00683770
v 0.03625762 -0.01021411 0.00683757
v 0.03544887 -0.01090977 0.00563112
v 0.03632809 -0.01033807 0.00664401
v 0.03584594 -0.01118105 0.00505777
v 0.03664110 -0.01087476 0.00569998
v 0.03653696 -0.01165253 0.00381835
v 0.03697544 -0.01142553 0.00446453
v 0.03723522 -0.01183941 0.00317747
v 0.03235376 -0.00878496 0.00863826
v 0.03486476 -0.00742820 0.00986383
v 0.03498964 -0.00771276 0.00963558
v 0.02907367 -0.00524957 0.01122518
v 0.03070359 -0.00764331 0.00969255
v 0.03038901 -0.00742486 0.00986643
v 0.03452713 -0.00660574 0.01045221
v 0.03410615 -0.00542980 0.01113508
v 0.03368685 -0.00396392 0.01176830
v 0.03374387 -0.00419060 0.01168465
v 0.02944294 -0.00673364 0.01036720
v 0.02945410 -0.00677388 0.01033998
v 0.03316625 0.00024517 0.01250000
v 0.03317064 -0.00013538 0.01249406
v 0.02851685 -0.00140915 0.01238940
v 0.03324923 -0.00142690 0.01238701
v 0.02868060 -0.00303368 0.01206099
v 0.02877307 -0.00366630 0.01187066
v 0.03675787 -0.00647675 0.01120098
v 0.03639947 -0.00527021 0.01187044
v 0.03609628 -0.00402738 0.01239560
v 0.03604905 -0.00380303 0.01247430
v 0.03583259 -0.00257158 0.01282488
v 0.03816421 0.00024431 0.01735722
v 0.03816788 -0.00020387 0.01734959
v 0.03823387 -0.00172812 0.01721193
v 0.03838110 -0.00324743 0.01689979
v 0.03860715 -0.00476302 0.01640639
v 0.03865647 -0.00503812 0.01629633
v 0.03897306 -0.00655598 0.01556747
v 0.03934729 -0.00801922 0.01465005
v 0.03976518 -0.00941739 0.01353947
v 0.04014556 -0.01055198 0.01242970
v 0.03794516 -0.00959355 0.00846339
v 0.03752246 -0.00858495 0.00955196
v 0.03715812 -0.00763749 0.01038053
v 0.04058683 -0.01175354 0.01098540
v 0.04100549 -0.01280871 0.00939195
v 0.04130086 -0.01351383 0.00806700
v 0.04161817 -0.01424119 0.00632600
v 0.03917053 -0.01216474 0.00349418
v 0.03893318 -0.01169772 0.00489954
v 0.03862918 -0.01108036 0.00623830
v 0.03834622 -0.01048352 0.00725200
v 0.04186590 -0.01479011 0.00450622
v 0.04202804 -0.01514133 0.00270804
v 0.04211038 -0.01531738 0.00085144
v 0.04210621 -0.01530852 -0.00102926
v 0.03932589 -0.01246404 0.00210141
v 0.03940477 -0.01261422 0.00066095
v 0.03940079 -0.01260666 -0.00079897
v 0.04209138 -0.01527689 -0.00150034
v 0.04197944 -0.01503667 -0.00335087
v 0.04178603 -0.01461482 -0.00516485
v 0.04151641 -0.01401106 -0.00693380
v 0.03883569 -0.01150220 -0.00536767
v 0.03909400 -0.01201550 -0.00400340
v 0.03927931 -0.01237482 -0.00259966
v 0.03938657 -0.01257967 -0.00116459
v 0.03807075 -0.00987844 -0.00810626
v 0.03845232 -0.01071005 -0.00689107
v 0.03878778 -0.01140530 -0.00558257
v 0.04146641 -0.01389693 -0.00721315
v 0.04111625 -0.01307657 -0.00891942
v 0.04071794 -0.01209181 -0.01051430
v 0.04028647 -0.01094731 -0.01198931
v 0.03989138 -0.00980598 -0.01318292
v 0.03648560 -0.00557981 -0.01171462
v 0.03686555 -0.00680450 -0.01098839
v 0.03727900 -0.00796144 -0.01011518
v 0.03765744 -0.00891621 -0.00922115
v 0.03573134 -0.00176490 -0.01298335
v 0.03590359 -0.00302411 -0.01271168
v 0.03614995 -0.00426985 -0.01230518
v 0.03568259 0.00173144 -0.01305844
v 0.03562659 0.00050277 -0.01314372
v 0.03564985 -0.00072344 -0.01310842
v 0.03566353 -0.00096170 -0.01308758
v 0.03640284 0.00578262 -0.01186439
v 0.03610295 0.00455821 -0.01238441
v 0.03586961 0.00331548 -0.01276608
v 0.03581783 0.00296852 -0.01284819
v 0.03945971 -0.00841495 -0.01436098
v 0.03906300 -0.00693242 -0.01535288
v 0.03871252 -0.00533507 -0.01617016
v 0.03845525 -0.00380541 -0.01673989
v 0.03827536 -0.00225021 -0.01712466
v 0.03820454 -0.00125466 -0.01727327
v 0.03819026 -0.00095898 -0.01730306
v 0.03816597 0.00056402 -0.01735357
v 0.03822444 0.00208923 -0.01723167
v 0.03836569 0.00362021 -0.01693279
v 0.03841976 0.00404831 -0.01681665
v 0.03866344 0.00557590 -0.01628071
v 0.03897659 0.00707108 -0.01555913
v 0.03934944 0.00852696 -0.01464458
v 0.03974584 0.00985666 -0.01359316
v 0.04018830 0.01117317 -0.01229796
v 0.03756341 0.00918644 -0.00945311
v 0.03713960 0.00808691 -0.01042041
v 0.03675993 0.00698315 -0.01119696
v 0.03798773 0.01019081 -0.00834431
v 0.03829980 0.01088333 -0.00740377
v 0.03865734 0.01163854 -0.00612734
v 0.04063128 0.01236908 -0.01082817
v 0.04095704 0.01319015 -0.00959092
v 0.04133026 0.01408247 -0.00792235
v 0.04164524 0.01480193 -0.00615392
v 0.03895912 0.01224935 -0.00476689
v 0.03916670 0.01265730 -0.00352147
v 0.03932600 0.01296425 -0.00210010
v 0.04186190 0.01528138 -0.00454149
v 0.04202816 0.01564157 -0.00270634
v 0.04211083 0.01581835 -0.00082982
v 0.04211637 0.01583013 -0.00049366
v 0.04209604 0.01578684 0.00136985
v 0.03928971 0.01289477 0.00249716
v 0.03939104 0.01308816 0.00106331
v 0.03941051 0.01312510 -0.00038323
v 0.03940521 0.01311504 -0.00064417
v 0.04199029 0.01556008 0.00321859
v 0.04180131 0.01514848 0.00504560
v 0.04174281 0.01501931 0.00548787
v 0.04145807 0.01437784 0.00725862
v 0.03844714 0.01119906 0.00690919
v 0.03877980 0.01188910 0.00561752
v 0.03905260 0.01243423 0.00425292
v 0.03910865 0.01254415 0.00391125
v 0.04111084 0.01356358 0.00894313
v 0.04071280 0.01257870 0.01053319
v 0.04031331 0.01152130 0.01190336
v 0.03986926 0.01023882 0.01324619
v 0.03725782 0.00840541 0.01016233
v 0.03768315 0.00947828 0.00915647
v 0.03806583 0.01036739 0.00812060
v 0.03623271 0.00512212 0.01216364
v 0.03656590 0.00635610 0.01156653
v 0.03684274 0.00723614 0.01103390
v 0.03566514 0.00148678 0.01308512
v 0.03578441 0.00271986 0.01290071
v 0.03596318 0.00386231 0.01261534
v 0.03943589 0.00883247 0.01442278
v 0.03914685 0.00776779 0.01514956
v 0.03879894 0.00626579 0.01597326
v 0.03851748 0.00472165 0.01660425
v 0.03833079 0.00331301 0.01700724
v 0.03820623 0.00178577 0.01726975
v 0.03748434 0.00157172 0.01484888
v 0.03759250 0.00289183 0.01464029
v 0.03775568 0.00411860 0.01431714
v 0.03800379 0.00547649 0.01380504
v 0.03831343 0.00681195 0.01312731
v 0.03857275 0.00776748 0.01252236
v 0.03896447 0.00904063 0.01153210
v 0.03936884 0.01021192 0.01038917
v 0.03973479 0.01118444 0.00921239
v 0.04010112 0.01209536 0.00783672
v 0.04042191 0.01285194 0.00637056
v 0.04068571 0.01345001 0.00482232
v 0.04073999 0.01357065 0.00443476
v 0.04091549 0.01395554 0.00283112
v 0.04101381 0.01416786 0.00120544
v 0.04103271 0.01420842 -0.00043445
v 0.04102756 0.01419738 -0.00073027
v 0.04095069 0.01403182 -0.00238090
v 0.04079623 0.01369485 -0.00399268
v 0.04059524 0.01324714 -0.00540537
v 0.04030371 0.01257715 -0.00694916
v 0.03995939 0.01174941 -0.00839828
v 0.03965996 0.01099117 -0.00946650
v 0.03925472 0.00989305 -0.01072622
v 0.03885258 0.00869347 -0.01182535
v 0.03849501 0.00749254 -0.01270759
v 0.03816153 0.00619065 -0.01346547
v 0.03788406 0.00486798 -0.01405541
v 0.03767011 0.00353090 -0.01448788
v 0.03762291 0.00315851 -0.01458084
v 0.03750012 0.00183339 -0.01481872
v 0.03744951 0.00052005 -0.01491513
v 0.03747052 -0.00079017 -0.01487523
v 0.03748288 -0.00104490 -0.01485167
v 0.03754430 -0.00190436 -0.01473379
v 0.03770115 -0.00325501 -0.01442628
v 0.03792736 -0.00459623 -0.01396557
v 0.03823854 -0.00601248 -0.01329545
v 0.03859419 -0.00734181 -0.01247066
v 0.03898454 -0.00860174 -0.01147852
v 0.03934431 -0.00964408 -0.01046266
v 0.03973950 -0.01069653 -0.00919610
v 0.04010611 -0.01160741 -0.00781614
v 0.04042963 -0.01236970 -0.00633089
v 0.04047590 -0.01247599 -0.00608703
v 0.04072581 -0.01303921 -0.00453929
v 0.04090540 -0.01343363 -0.00294734
v 0.04100947 -0.01365854 -0.00132025
v 0.04102327 -0.01368817 -0.00090576
v 0.04102714 -0.01369648 0.00074930
v 0.04095058 -0.01353159 0.00238239
v 0.04079994 -0.01320302 0.00396174
v 0.04057016 -0.01269049 0.00555588
v 0.04027654 -0.01201335 0.00707511
v 0.04000401 -0.01135918 0.00822595
v 0.03961919 -0.01038475 0.00960178
v 0.03921575 -0.00928220 0.01083854
v 0.03887010 -0.00824858 0.01178003
v 0.03849308 -0.00698559 0.01271215
v 0.03815840 -0.00567722 0.01347233
v 0.03787791 -0.00433475 0.01406809
v 0.03783447 -0.00409300 0.01415731
v 0.03763635 -0.00276908 0.01455446
v 0.03750829 -0.00145325 0.01480308
v 0.03745117 -0.00014034 0.01491199
v 0.03744799 0.00024511 0.01491801
v 0.03569161 -0.00134347 0.01304461
v 0.03562843 -0.00011536 0.01314094
v 0.03562491 0.00024542 0.01314627
v 0.01500000 0.01000000 0.03296891
v 0.01500000 0.01128109 0.03425000
v 0.01500000 0.01175000 0.03600000
v 0.01500000 0.01128109 0.03775000
v 0.01500000 0.01000000 0.03903109
v 0.01500000 0.00825000 0.03950000
v 0.01500000 0.00650000 0.03903109
v 0.01500000 0.00521891 0.03775000
v 0.01500000 0.00475000 0.03600000
v 0.01500000 0.00521891 0.03425000
v 0.01500000 0.00650000 0.03296891
v 0.01500000 0.00825000 0.03250000
v 0.01500000 -0.00600000 0.03903109
v 0.01500000 -0.00775000 0.03950000
v 0.01500000 -0.00950000 0.03903109
v 0.01500000 -0.01078109 0.03775000
v 0.01500000 -0.01125000 0.03600000
v 0.01500000 -0.01078109 0.03425000
v 0.01500000 -0.00950000 0.03296891
v 0.01500000 -0.00775000 0.03250000
v 0.01500000 -0.00600000 0.03296891
v 0.01500000 -0.00471891 0.03425000
v 0.01500000 -0.00425000 0.03600000
v 0.01500000 -0.00471891 0.03775000
v 0.01500000 -0.00600000 -0.03296891
v 0.01500000 -0.00775000 -0.03250000
v 0.01500000 -0.00950000 -0.03296891
v 0.01500000 -0.01078109 -0.03425000
v 0.01500000 -0.01125000 -0.03600000
v 0.01500000 -0.01078109 -0.03775000
v 0.01500000 -0.00950000 -0.03903109
v 0.01500000 -0.00775000 -0.03950000
v 0.01500000 -0.00600000 -0.03903109
v 0.01500000 -0.00471891 -0.03775000
v 0.01500000 -0.00425000 -0.03600000
v 0.01500000 -0.00471891 -0.03425000
v 0.01500000 0.01000000 -0.03903109
v 0.01500000 0.01128109 -0.03775000
v 0.01500000 0.01175000 -0.03600000
v 0.01500000 0.01128109 -0.03425000
v 0.01500000 0.01000000 -0.03296891
v 0.01500000 0.00825000 -0.03250000
v 0.01500000 0.00650000 -0.03296891
v 0.01500000 0.00521891 -0.03425000
v 0.01500000 0.00475000 -0.03600000
v 0.01500000 0.00521891 -0.03775000
v 0.01500000 0.00650000 -0.03903109
v 0.01500000 0.00825000 -0.03950000
v 0.02927798 0.00891043 0.01066642
v 0.03451862 0.01283643 0.00628670
v 0.03333179 0.01195349 0.00767270
v 0.03192195 0.01090035 0.00894066
v 0.03109034 0.01027673 0.00955921
v 0.02927798 -0.00841043 -0.01066642
v 0.03451862 -0.01233643 -0.00628670
v 0.03333179 -0.01145349 -0.00767270
v 0.03192195 -0.01040035 -0.00894066
v 0.03109034 -0.00977673 -0.00955921
v 0.02907988 -0.00699987 0.01029231
v 0.02919395 -0.00691986 0.01029072
v 0.03045307 -0.00788672 0.00958102
v 0.03594307 -0.01274834 -0.00290059
v 0.03580707 -0.01265101 -0.00327845
v 0.03460879 -0.01219184 0.00570383
v 0.03498744 -0.01247155 0.00511370
v 0.03499426 -0.01206762 0.00493907
v 0.03563254 -0.01252599 0.00370449
v 0.03580723 -0.01211346 0.00364827
v 0.03628907 -0.01244546 0.00230741
v 0.03653716 -0.01261565 0.00107293
v 0.03660360 -0.01266112 -0.00016464
v 0.03645176 -0.01255712 -0.00161002
v 0.03659802 -0.01265731 -0.00034866
v 0.03519019 -0.01262120 -0.00476195
v 0.02949448 -0.00764834 -0.01001607
v 0.02892384 -0.00712903 -0.01032300
v 0.02871499 -0.00735680 -0.01044361
v 0.02970320 -0.00735937 -0.01000045
v 0.02919395 -0.00691986 -0.01029072
v 0.02907988 -0.00699987 -0.01029231
v 0.02944697 -0.00677725 -0.01033772
v 0.02944697 -0.00677725 0.01033772
v 0.02871499 -0.00735680 0.01044361
v 0.02892384 -0.00712903 0.01032300
v 0.03023623 -0.00818230 0.00958874
v 0.02865942 -0.00743728 0.01050455
v 0.03008223 -0.00849031 0.00971465
v 0.02926741 -0.00820960 -0.01037169
v 0.03104866 -0.00954618 -0.00925909
v 0.03186279 -0.01015396 -0.00864141
v 0.03323662 -0.01117569 -0.00738340
v 0.03438440 -0.01202595 -0.00602098
v 0.03486097 -0.01093873 -0.00578233
v 0.03370325 -0.01014527 -0.00709799
v 0.03231828 -0.00918825 -0.00831651
v 0.03149782 -0.00861751 -0.00891640
v 0.03519227 -0.01221000 -0.00459562
v 0.03440373 -0.01164208 -0.00582786
v 0.03327471 -0.01082495 -0.00717021
v 0.03191743 -0.00983673 -0.00841749
v 0.03111100 -0.00924656 -0.00903260
v 0.02934278 -0.00794431 -0.01014530
v 0.03611926 -0.01232866 -0.00285602
v 0.03598259 -0.01223449 -0.00322835
v 0.03536494 -0.01180722 -0.00452699
v 0.03457303 -0.01125586 -0.00574309
v 0.03343960 -0.01046085 -0.00706936
v 0.03207747 -0.00949743 -0.00830334
v 0.03126832 -0.00892128 -0.00891257
v 0.03679996 -0.01225161 -0.00163310
v 0.03645398 -0.01201911 -0.00289199
v 0.03631224 -0.01192360 -0.00326691
v 0.03567423 -0.01149212 -0.00456954
v 0.03663047 -0.01213782 0.00233845
v 0.03688911 -0.01231137 0.00108884
v 0.03695855 -0.01235787 -0.00016715
v 0.03695272 -0.01235397 -0.00035396
v 0.03613069 -0.01180108 0.00368898
v 0.03546955 -0.01135318 0.00490811
v 0.03508738 -0.01109315 0.00547657
v 0.03360970 -0.01145238 0.00697988
v 0.03244147 -0.01058490 0.00814928
v 0.03162064 -0.00997337 0.00883359
v 0.03001176 -0.00876934 0.00994185
v 0.03167770 -0.00966152 0.00860868
v 0.03248976 -0.01025421 0.00792869
v 0.03364230 -0.01109148 0.00677171
v 0.03462372 -0.01180076 0.00551670
v 0.03183692 -0.00932645 0.00849265
v 0.03265179 -0.00990466 0.00781954
v 0.03380857 -0.01072035 0.00667545
v 0.03479393 -0.01141002 0.00543588
v 0.03516606 -0.01166910 0.00486581
v 0.03207422 -0.00901876 0.00850303
v 0.03290157 -0.00959230 0.00783935
v 0.03407949 -0.01040381 0.00670793
v 0.02944697 0.00727725 0.01033772
v 0.02876923 0.00623749 0.01106736
v 0.02919395 0.00741986 0.01029072
v 0.02907988 0.00749987 0.01029231
v 0.02892384 0.00762903 0.01032300
v 0.02844258 0.00640352 0.01124527
v 0.02871499 0.00785680 0.01044361
v 0.02870955 -0.00705187 0.01056072
v 0.02904065 -0.00685396 0.01039284
v 0.02868524 -0.00534933 0.01126682
v 0.02835996 -0.00550438 0.01144767
v 0.02807469 -0.00385004 0.01211641
v 0.02798682 -0.00318831 0.01231384
v 0.02783109 -0.00148777 0.01265475
v 0.02777745 0.00025000 0.01276962
v 0.02778976 0.00108215 0.01274337
v 0.02784028 0.00213097 0.01263493
v 0.02800308 0.00381988 0.01227758
v 0.02839532 -0.00374006 0.01192593
v 0.02830604 -0.00309621 0.01212053
v 0.02814781 -0.00144133 0.01245659
v 0.02809333 0.00025000 0.01256984
v 0.02810583 0.00105993 0.01254396
v 0.02815715 0.00208070 0.01243705
v 0.02832256 0.00372423 0.01208479
v 0.02825561 0.00545868 0.01169749
v 0.02857918 0.00531857 0.01151302
v 0.02877128 -0.00574664 -0.01106246
v 0.02865942 0.00793728 -0.01050455
v 0.02865875 0.00734691 -0.01069483
v 0.02871499 0.00785680 -0.01044361
v 0.02919395 0.00741986 -0.01029072
v 0.02907988 0.00749987 -0.01029231
v 0.02898900 0.00715472 -0.01052497
v 0.02892384 0.00762903 -0.01032300
v 0.02944697 0.00727725 -0.01033772
v 0.02864011 0.00562966 -0.01137234
v 0.02855285 0.00517821 -0.01157323
v 0.02830191 0.00356350 -0.01212943
v 0.02810059 -0.00036710 -0.01255483
v 0.02811474 0.00130982 -0.01252550
v 0.02814447 0.00188860 -0.01246357
v 0.02831556 0.00577853 -0.01155474
v 0.02822969 0.00531439 -0.01175857
v 0.02798276 0.00365470 -0.01232286
v 0.02782780 0.00193358 -0.01266183
v 0.02779852 0.00133890 -0.01272464
v 0.02778460 -0.00038403 -0.01275439
v 0.02787611 -0.00210784 -0.01255733
v 0.02801106 -0.00338268 -0.01225976
v 0.02814475 -0.00431061 -0.01195622
v 0.02844460 -0.00591293 -0.01124029
v 0.02846652 -0.00418814 -0.01176803
v 0.02833067 -0.00328534 -0.01206722
v 0.02819355 -0.00204479 -0.01236056
v 0.03594307 0.01324834 0.00290059
v 0.03498744 0.01297155 -0.00511370
v 0.02949448 0.00814834 0.01001607
v 0.02970320 0.00785937 0.01000045
v 0.03045307 0.00838672 -0.00958102
v 0.03023623 0.00868230 -0.00958874
v 0.03008223 0.00899031 -0.00971465
v 0.03001176 0.00926934 -0.00994185
v 0.03460879 0.01269184 -0.00570383
v 0.03499426 0.01256762 -0.00493907
v 0.03563254 0.01302599 -0.00370449
v 0.03580723 0.01261346 -0.00364827
v 0.03628907 0.01294545 -0.00230741
v 0.03653716 0.01311564 -0.00107293
v 0.03660360 0.01316112 0.00016464
v 0.03659802 0.01315730 0.00034866
v 0.03645176 0.01305712 0.00161002
v 0.02926741 0.00870960 0.01037169
v 0.03149782 0.00911751 0.00891640
v 0.03231828 0.00968825 0.00831651
v 0.03370325 0.01064527 0.00709799
v 0.03104866 0.01004618 0.00925909
v 0.03186279 0.01065396 0.00864141
v 0.03323662 0.01167569 0.00738340
v 0.03438440 0.01252595 0.00602098
v 0.03519019 0.01312120 0.00476195
v 0.03580707 0.01315101 0.00327845
v 0.03519227 0.01271000 0.00459562
v 0.03440373 0.01214208 0.00582786
v 0.03327471 0.01132494 0.00717021
v 0.03191743 0.01033673 0.00841749
v 0.03111100 0.00974656 0.00903260
v 0.02934278 0.00844431 0.01014530
v 0.03486097 0.01143873 0.00578233
v 0.03567423 0.01199211 0.00456954
v 0.03631224 0.01242360 0.00326691
v 0.03611926 0.01282866 0.00285602
v 0.03598259 0.01273449 0.00322835
v 0.03536494 0.01230722 0.00452699
v 0.03457303 0.01175585 0.00574309
v 0.03343960 0.01096085 0.00706936
v 0.03207747 0.00999743 0.00830334
v 0.03126832 0.00942128 0.00891257
v 0.03695855 0.01285787 0.00016715
v 0.03695272 0.01285397 0.00035396
v 0.03679996 0.01275161 0.00163310
v 0.03645398 0.01251910 0.00289199
v 0.03613069 0.01230108 -0.00368898
v 0.03663047 0.01263782 -0.00233845
v 0.03688911 0.01281137 -0.00108884
v 0.03360970 0.01195238 -0.00697988
v 0.03244147 0.01108490 -0.00814928
v 0.03462372 0.01230076 -0.00551670
v 0.03364230 0.01159148 -0.00677171
v 0.03248976 0.01075421 -0.00792869
v 0.03516606 0.01216910 -0.00486581
v 0.03479393 0.01191002 -0.00543588
v 0.03380857 0.01122035 -0.00667545
v 0.03265179 0.01040466 -0.00781954
v 0.03546955 0.01185318 -0.00490811
v 0.03508738 0.01159314 -0.00547657
v 0.03407949 0.01090381 -0.00670793
v 0.03290157 0.01009230 -0.00783935
v 0.03207422 0.00951876 -0.00850303
v 0.03183692 0.00982645 -0.00849265
v 0.03167770 0.01016152 -0.00860868
v 0.03162064 0.01047337 -0.00883359
v -0.30800000 0.01823079 -0.00083130
v -0.30800000 0.02017389 -0.00174311
v -0.30800000 0.01671629 -0.00727058
v -0.30800000 0.01837616 -0.00845237
v -0.30800000 0.01297792 -0.01272792
v -0.30800000 0.01439214 -0.01414214
v -0.30800000 0.00752058 -0.01646629
v -0.30800000 0.00870237 -0.01812616
v -0.30800000 0.00108130 -0.01798079
v -0.30800000 0.00199311 -0.01992389
v -0.30800000 -0.00547025 -0.01706689
v -0.30800000 -0.00492638 -0.01931852
v -0.30800000 -0.01124924 -0.01384801
v -0.30800000 -0.01122153 -0.01638304
v -0.30800000 -0.01547520 -0.00875888
v -0.30800000 -0.01613304 -0.01147153
v -0.30800000 -0.01757739 -0.00248681
v -0.30800000 -0.01906852 -0.00517638
v -0.30800000 -0.01727189 0.00412111
v -0.30800000 -0.01967389 0.00174311
v -0.30800000 -0.01459995 0.01017246
v -0.30800000 -0.01787616 0.00845237
v -0.30800000 -0.01247792 0.01272792
v -0.30800000 -0.01389214 0.01414214
v -0.30800000 -0.00992246 0.01484995
v -0.30800000 -0.00820237 0.01812616
v -0.30800000 -0.00387111 0.01752188
v -0.30800000 -0.00149311 0.01992389
v -0.30800000 0.00273681 0.01782739
v -0.30800000 0.00542638 0.01931852
v -0.30800000 0.00900888 0.01572520
v -0.30800000 0.01172153 0.01638304
v -0.30800000 0.01409801 0.01149924
v -0.30800000 0.01663304 0.01147153
v -0.30800000 0.01731689 0.00572025
v -0.30800000 0.01956852 0.00517638
v -0.04800000 -0.01247792 0.01272792
v -0.04800000 -0.01389214 0.01414214
v -0.04800000 -0.01459995 0.01017246
v -0.04800000 -0.01787616 0.00845237
v -0.04800000 -0.01727189 0.00412111
v -0.04800000 -0.01967389 0.00174311
v -0.04800000 -0.01757739 -0.00248681
v -0.04800000 -0.01906852 -0.00517638
v -0.04800000 -0.01547520 -0.00875888
v -0.04800000 -0.01613304 -0.01147153
v -0.04800000 -0.01124924 -0.01384801
v -0.04800000 -0.01122153 -0.01638304
v -0.04800000 -0.00547025 -0.01706689
v -0.04800000 -0.00492638 -0.01931852
v -0.04800000 0.00108130 -0.01798079
v -0.04800000 0.00199311 -0.01992389
v -0.04800000 0.00752058 -0.01646629
v -0.04800000 0.00870237 -0.01812616
v -0.04800000 0.01297792 -0.01272792
v -0.04800000 0.01439214 -0.01414214
v -0.04800000 0.01671629 -0.00727058
v -0.04800000 0.01837616 -0.00845237
v -0.04800000 0.01823079 -0.00083130
v -0.04800000 0.02017389 -0.00174311
v -0.04800000 0.01731689 0.00572025
v -0.04800000 0.01956852 0.00517638
v -0.04800000 0.01409801 0.01149924
v -0.04800000 0.01663304 0.01147153
v -0.04800000 0.00900888 0.01572520
v -0.04800000 0.01172153 0.01638304
v -0.04800000 0.00273681 0.01782739
v -0.04800000 0.00542638 0.01931852
v -0.04800000 -0.00387111 0.01752188
v -0.04800000 -0.00149311 0.01992389
v -0.04800000 -0.00992246 0.01484995
v -0.04800000 -0.00820237 0.01812616
v -0.29129905 -0.01335186 0.01466252
v -0.29075000 -0.01294371 0.01503083
v -0.06729904 -0.01335186 0.01466252
v -0.06675000 -0.01294371 0.01503083
v -0.28924999 -0.01294371 0.01503083
v -0.29038787 -0.01283039 0.01512956
v -0.28999999 -0.01279164 0.01516297
v -0.28961208 -0.01283040 0.01512955
v -0.28870097 -0.01335186 0.01466252
v -0.06750000 -0.01389214 0.01414214
v -0.06744879 -0.01361468 0.01441426
v -0.06638787 -0.01283039 0.01512956
v -0.06525000 -0.01294371 0.01503083
v -0.06561208 -0.01283040 0.01512955
v -0.06600000 -0.01279164 0.01516297
v -0.29038838 -0.01487947 0.01308049
v -0.29075000 -0.01478083 0.01319371
v -0.06638837 -0.01487947 0.01308049
v -0.06675000 -0.01478083 0.01319371
v -0.06470096 -0.01335186 0.01466252
v -0.06455151 -0.01361387 0.01441503
v -0.06450000 -0.01389214 0.01414214
v -0.06455102 -0.01416376 0.01386519
v -0.06470096 -0.01441252 0.01360186
v -0.06525000 -0.01478083 0.01319371
v -0.06561133 -0.01487942 0.01308055
v -0.06600000 -0.01491297 0.01304165
v -0.06729904 -0.01441252 0.01360186
v -0.28850001 -0.01389214 0.01414214
v -0.28855103 -0.01416376 0.01386519
v -0.28870097 -0.01441252 0.01360186
v -0.28855151 -0.01361387 0.01441503
v -0.06744885 -0.01416407 0.01386487
v -0.28924999 -0.01478083 0.01319371
v -0.28961134 -0.01487942 0.01308055
v -0.28999999 -0.01491297 0.01304165
v -0.29129905 -0.01441252 0.01360186
v -0.29144886 -0.01416407 0.01386487
v -0.29150000 -0.01389214 0.01414214
v -0.29144877 -0.01361468 0.01441426
v -0.28870097 0.01491252 -0.01360186
v -0.28924999 0.01528083 -0.01319371
v -0.06675000 0.01528083 -0.01319371
v -0.06470096 0.01491252 -0.01360186
v -0.06525000 0.01528083 -0.01319371
v -0.06561213 0.01537956 -0.01308038
v -0.06600000 0.01541297 -0.01304165
v -0.06638792 0.01537955 -0.01308040
v -0.06729904 0.01491252 -0.01360186
v -0.28850001 0.01439214 -0.01414214
v -0.28855121 0.01466426 -0.01386467
v -0.28961211 0.01537956 -0.01308038
v -0.28999999 0.01541297 -0.01304165
v -0.29038793 0.01537955 -0.01308040
v -0.29075000 0.01528083 -0.01319371
v -0.29129905 0.01491252 -0.01360186
v -0.29144847 0.01466503 -0.01386387
v -0.29150000 0.01439214 -0.01414214
v -0.29144898 0.01411519 -0.01441376
v -0.29129905 0.01385186 -0.01466252
v -0.29075000 0.01344371 -0.01503083
v -0.29038867 0.01333055 -0.01512942
v -0.28999999 0.01329164 -0.01516297
v -0.28961164 0.01333049 -0.01512947
v -0.06561163 0.01333049 -0.01512947
v -0.06525000 0.01344371 -0.01503083
v -0.28870097 0.01385186 -0.01466252
v -0.06750000 0.01439214 -0.01414214
v -0.28924999 0.01344371 -0.01503083
v -0.06744897 0.01411519 -0.01441376
v -0.06729904 0.01385186 -0.01466252
v -0.06744848 0.01466503 -0.01386387
v -0.28855115 0.01411487 -0.01441407
v -0.06675000 0.01344371 -0.01503083
v -0.06638867 0.01333055 -0.01512942
v -0.06600000 0.01329164 -0.01516297
v -0.06470096 0.01385186 -0.01466252
v -0.06455114 0.01411487 -0.01441407
v -0.06450000 0.01439214 -0.01414214
v -0.06455121 0.01466426 -0.01386467
v -0.06455121 -0.01361468 -0.01441426
v -0.06470096 -0.01335186 -0.01466252
v -0.06561163 -0.01487947 -0.01308049
v -0.06525000 -0.01478083 -0.01319371
v -0.06470096 -0.01441252 -0.01360186
v -0.06455114 -0.01416407 -0.01386487
v -0.06450000 -0.01389214 -0.01414214
v -0.06525000 -0.01294371 -0.01503083
v -0.06561213 -0.01283039 -0.01512956
v -0.06600000 -0.01279164 -0.01516297
v -0.06729904 -0.01335186 -0.01466252
v -0.28924999 -0.01478083 -0.01319371
v -0.06675000 -0.01294371 -0.01503083
v -0.28870097 -0.01441252 -0.01360186
v -0.06638792 -0.01283040 -0.01512955
v -0.28870097 -0.01335186 -0.01466252
v -0.28855121 -0.01361468 -0.01441426
v -0.28855115 -0.01416407 -0.01386487
v -0.28850001 -0.01389214 -0.01414214
v -0.06744848 -0.01361387 -0.01441503
v -0.06750000 -0.01389214 -0.01414214
v -0.06744897 -0.01416376 -0.01386519
v -0.06729904 -0.01441252 -0.01360186
v -0.06675000 -0.01478083 -0.01319371
v -0.06638867 -0.01487942 -0.01308055
v -0.06600000 -0.01491297 -0.01304165
v -0.28924999 -0.01294371 -0.01503083
v -0.28961211 -0.01283039 -0.01512956
v -0.28999999 -0.01279164 -0.01516297
v -0.29038793 -0.01283040 -0.01512955
v -0.29075000 -0.01294371 -0.01503083
v -0.29129905 -0.01335186 -0.01466252
v -0.29144847 -0.01361387 -0.01441503
v -0.29150000 -0.01389214 -0.01414214
v -0.29144898 -0.01416376 -0.01386519
v -0.29129905 -0.01441252 -0.01360186
v -0.29075000 -0.01478083 -0.01319371
v -0.29038867 -0.01487942 -0.01308055
v -0.28999999 -0.01491297 -0.01304165
v -0.28961164 -0.01487947 -0.01308049
v -0.06455121 0.01411468 0.01441426
v -0.06470096 0.01385186 0.01466252
v -0.06561163 0.01537947 0.01308049
v -0.06525000 0.01528083 0.01319371
v -0.06470096 0.01491252 0.01360186
v -0.06455114 0.01466407 0.01386487
v -0.06450000 0.01439214 0.01414214
v -0.06525000 0.01344371 0.01503083
v -0.06561213 0.01333038 0.01512956
v -0.06600000 0.01329164 0.01516297
v -0.06729904 0.01385186 0.01466252
v -0.28924999 0.01528083 0.01319371
v -0.06675000 0.01344371 0.01503083
v -0.28870097 0.01491252 0.01360186
v -0.06638792 0.01333040 0.01512955
v -0.28870097 0.01385186 0.01466252
v -0.28855121 0.01411468 0.01441426
v -0.28855115 0.01466407 0.01386487
v -0.28850001 0.01439214 0.01414214
v -0.06744848 0.01411387 0.01441503
v -0.06750000 0.01439214 0.01414214
v -0.06744897 0.01466376 0.01386519
v -0.06729904 0.01491252 0.01360186
v -0.06675000 0.01528083 0.01319371
v -0.06638867 0.01537942 0.01308055
v -0.06600000 0.01541297 0.01304165
v -0.28924999 0.01344371 0.01503083
v -0.28961211 0.01333038 0.01512956
v -0.28999999 0.01329164 0.01516297
v -0.29038793 0.01333040 0.01512955
v -0.29075000 0.01344371 0.01503083
v -0.29129905 0.01385186 0.01466252
v -0.29144847 0.01411387 0.01441503
v -0.29150000 0.01439214 0.01414214
v -0.29144898 0.01466376 0.01386519
v -0.29129905 0.01491252 0.01360186
v -0.29075000 0.01528083 0.01319371
v -0.29038867 0.01537942 0.01308055
v -0.28999999 0.01541297 0.01304165
v -0.28961164 0.01537947 0.01308049
v -0.06470096 0.01243654 -0.01324720
v -0.06525000 0.01202617 -0.01361329
v -0.06561162 0.01191213 -0.01371112
v -0.06600000 0.01187299 -0.01374431
v -0.06638868 0.01191220 -0.01371106
v -0.28924999 0.01202617 -0.01361329
v -0.06675000 0.01202617 -0.01361329
v -0.28870097 0.01243654 -0.01324720
v -0.06729904 0.01243654 -0.01324720
v -0.28850001 0.01297792 -0.01272792
v -0.28855115 0.01270034 -0.01299957
v -0.28961164 0.01191213 -0.01371112
v -0.28999999 0.01187299 -0.01374431
v -0.29038867 0.01191220 -0.01371106
v -0.29075000 0.01202617 -0.01361329
v -0.06561211 0.01396120 -0.01166203
v -0.06525000 0.01386329 -0.01177617
v -0.28961211 0.01396120 -0.01166203
v -0.28924999 0.01386329 -0.01177617
v -0.29129905 0.01243654 -0.01324720
v -0.29144898 0.01270067 -0.01299926
v -0.29150000 0.01297792 -0.01272792
v -0.29144847 0.01325053 -0.01244935
v -0.29129905 0.01349720 -0.01218654
v -0.29075000 0.01386329 -0.01177617
v -0.29038793 0.01396119 -0.01166204
v -0.28999999 0.01399431 -0.01162299
v -0.28870097 0.01349720 -0.01218654
v -0.06750000 0.01297792 -0.01272792
v -0.06744848 0.01325053 -0.01244935
v -0.06729904 0.01349720 -0.01218654
v -0.06744897 0.01270067 -0.01299926
v -0.28855121 0.01324976 -0.01245015
v -0.06675000 0.01386329 -0.01177617
v -0.06638794 0.01396119 -0.01166204
v -0.06600000 0.01399431 -0.01162299
v -0.06470096 0.01349720 -0.01218654
v -0.06455122 0.01324976 -0.01245015
v -0.06450000 0.01297792 -0.01272792
v -0.06455114 0.01270034 -0.01299957
v -0.29075000 0.01386329 0.01177617
v -0.29129905 0.01349720 0.01218654
v -0.06525000 0.01202617 0.01361329
v -0.06470096 0.01243654 0.01324720
v -0.06455122 0.01270015 0.01299976
v -0.06450000 0.01297792 0.01272792
v -0.06455114 0.01324957 0.01245034
v -0.06470096 0.01349720 0.01218654
v -0.06525000 0.01386329 0.01177617
v -0.06561162 0.01396111 0.01166213
v -0.06600000 0.01399431 0.01162299
v -0.28855121 0.01270015 0.01299976
v -0.28850001 0.01297792 0.01272792
v -0.28855115 0.01324957 0.01245034
v -0.28870097 0.01349720 0.01218654
v -0.28924999 0.01386329 0.01177617
v -0.28961164 0.01396111 0.01166213
v -0.28999999 0.01399431 0.01162299
v -0.29038867 0.01396106 0.01166219
v -0.06675000 0.01386329 0.01177617
v -0.06729904 0.01349720 0.01218654
v -0.06744897 0.01324926 0.01245067
v -0.06750000 0.01297792 0.01272792
v -0.06744848 0.01269935 0.01300053
v -0.06729904 0.01243654 0.01324720
v -0.06675000 0.01202617 0.01361329
v -0.06638794 0.01191204 0.01371119
v -0.06600000 0.01187299 0.01374431
v -0.06561211 0.01191203 0.01371120
v -0.29129905 0.01243654 0.01324720
v -0.29075000 0.01202617 0.01361329
v -0.29144898 0.01324926 0.01245067
v -0.29150000 0.01297792 0.01272792
v -0.29144847 0.01269935 0.01300053
v -0.29038793 0.01191204 0.01371119
v -0.28999999 0.01187299 0.01374431
v -0.28961211 0.01191203 0.01371120
v -0.06638868 0.01396106 0.01166219
v -0.28924999 0.01202617 0.01361329
v -0.28870097 0.01243654 0.01324720
v -0.06638788 -0.01141203 0.01371120
v -0.06675000 -0.01152617 0.01361329
v -0.06525000 -0.01336329 0.01177617
v -0.06561132 -0.01346106 0.01166219
v -0.06600000 -0.01349431 0.01162299
v -0.06470096 -0.01299720 0.01218654
v -0.06455103 -0.01274926 0.01245067
v -0.06450000 -0.01247792 0.01272792
v -0.06455152 -0.01219935 0.01300053
v -0.06470096 -0.01193654 0.01324720
v -0.06525000 -0.01152617 0.01361329
v -0.06561206 -0.01141204 0.01371119
v -0.06600000 -0.01137299 0.01374431
v -0.28870097 -0.01193654 0.01324720
v -0.28924999 -0.01152617 0.01361329
v -0.06729904 -0.01193654 0.01324720
v -0.28924999 -0.01336329 0.01177617
v -0.28870097 -0.01299720 0.01218654
v -0.28855151 -0.01219935 0.01300053
v -0.28855103 -0.01274926 0.01245067
v -0.28850001 -0.01247792 0.01272792
v -0.06744878 -0.01220015 0.01299976
v -0.06750000 -0.01247792 0.01272792
v -0.06744885 -0.01274957 0.01245034
v -0.06729904 -0.01299720 0.01218654
v -0.06675000 -0.01336329 0.01177617
v -0.06638838 -0.01346111 0.01166213
v -0.28961205 -0.01141204 0.01371119
v -0.28999999 -0.01137299 0.01374431
v -0.29038790 -0.01141203 0.01371120
v -0.29075000 -0.01152617 0.01361329
v -0.29129905 -0.01299720 0.01218654
v -0.29075000 -0.01336329 0.01177617
v -0.29129905 -0.01193654 0.01324720
v -0.29144877 -0.01220015 0.01299976
v -0.29150000 -0.01247792 0.01272792
v -0.29144886 -0.01274957 0.01245034
v -0.29038838 -0.01346111 0.01166213
v -0.28999999 -0.01349431 0.01162299
v -0.28961131 -0.01346106 0.01166219
v -0.06600000 -0.01137299 -0.01374431
v -0.06561211 -0.01141203 -0.01371120
v -0.06525000 -0.01152617 -0.01361329
v -0.06470096 -0.01193654 -0.01324720
v -0.06455122 -0.01220015 -0.01299976
v -0.06450000 -0.01247792 -0.01272792
v -0.06455114 -0.01274957 -0.01245034
v -0.06470096 -0.01299720 -0.01218654
v -0.06525000 -0.01336329 -0.01177617
v -0.06561162 -0.01346111 -0.01166213
v -0.06600000 -0.01349431 -0.01162299
v -0.06638868 -0.01346106 -0.01166219
v -0.28924999 -0.01152617 -0.01361329
v -0.06750000 -0.01247792 -0.01272792
v -0.28999999 -0.01137299 -0.01374431
v -0.06744897 -0.01274926 -0.01245067
v -0.28961211 -0.01141203 -0.01371120
v -0.06729904 -0.01299720 -0.01218654
v -0.06675000 -0.01336329 -0.01177617
v -0.06744848 -0.01219935 -0.01300053
v -0.06729904 -0.01193654 -0.01324720
v -0.06675000 -0.01152617 -0.01361329
v -0.06638794 -0.01141204 -0.01371119
v -0.28870097 -0.01193654 -0.01324720
v -0.28855121 -0.01220015 -0.01299976
v -0.28850001 -0.01247792 -0.01272792
v -0.28855115 -0.01274957 -0.01245034
v -0.28870097 -0.01299720 -0.01218654
v -0.29038867 -0.01346106 -0.01166219
v -0.29075000 -0.01336329 -0.01177617
v -0.28924999 -0.01336329 -0.01177617
v -0.28961164 -0.01346111 -0.01166213
v -0.28999999 -0.01349431 -0.01162299
v -0.29150000 -0.01247792 -0.01272792
v -0.29144898 -0.01274926 -0.01245067
v -0.29129905 -0.01299720 -0.01218654
v -0.29144847 -0.01219935 -0.01300053
v -0.29129905 -0.01193654 -0.01324720
v -0.29075000 -0.01152617 -0.01361329
v -0.29038793 -0.01141204 -0.01371119
v -0.38799998 -0.01625000 0.00000001
v -0.38799998 0.01174999 0.00000001
v -0.38748172 0.01174999 -0.00625460
v -0.38748172 -0.01625000 -0.00625460
v -0.38594106 0.01174999 -0.01233857
v -0.38594106 -0.01625000 -0.01233857
v -0.38342002 0.01174999 -0.01808600
v -0.38342002 -0.01625000 -0.01808600
v -0.37998733 0.01174999 -0.02334009
v -0.37998733 -0.01625000 -0.02334009
v -0.37573668 0.01174999 -0.02795752
v -0.37573668 -0.01625000 -0.02795752
v -0.37078401 0.01174999 -0.03181233
v -0.37078401 -0.01625000 -0.03181233
v -0.36526445 0.01174999 -0.03479938
v -0.36526445 -0.01625000 -0.03479938
v -0.35932842 0.01174999 -0.03683721
v -0.35932842 -0.01625000 -0.03683721
v -0.35313800 0.01174999 -0.03787021
v -0.35313800 -0.01625000 -0.03787021
v -0.34686199 0.01174999 -0.03787021
v -0.34686199 -0.01625000 -0.03787021
v -0.34067157 0.01174999 -0.03683721
v -0.34067157 -0.01625000 -0.03683721
v -0.33473554 0.01174999 -0.03479938
v -0.33473554 -0.01625000 -0.03479938
v -0.32921597 0.01174999 -0.03181233
v -0.32921597 -0.01625000 -0.03181233
v -0.32426330 0.01174999 -0.02795752
v -0.32426330 -0.01625000 -0.02795752
v -0.32001266 0.01174999 -0.02334009
v -0.32001266 -0.01625000 -0.02334009
v -0.31658000 0.01174999 -0.01808600
v -0.31658000 -0.01625000 -0.01808600
v -0.31405893 0.01174999 -0.01233857
v -0.31405893 -0.01625000 -0.01233857
v -0.31251827 0.01174999 -0.00625460
v -0.31251827 -0.01625000 -0.00625460
v -0.31200001 0.01174999 0.00000001
v -0.31200001 -0.01625000 0.00000001
v -0.31299999 0.01275000 0.00000001
v -0.31350464 0.01275000 -0.00609000
v -0.31500477 0.01275000 -0.01201387
v -0.31745946 0.01275000 -0.01761006
v -0.32080176 0.01275000 -0.02272587
v -0.32494059 0.01275000 -0.02722179
v -0.32976291 0.01275000 -0.03097515
v -0.33513728 0.01275000 -0.03388362
v -0.34091702 0.01275000 -0.03586780
v -0.34694454 0.01275000 -0.03687362
v -0.35305545 0.01275000 -0.03687362
v -0.35908297 0.01275000 -0.03586780
v -0.36486271 0.01275000 -0.03388362
v -0.37023708 0.01275000 -0.03097515
v -0.37505940 0.01275000 -0.02722179
v -0.37919816 0.01275000 -0.02272587
v -0.38254049 0.01275000 -0.01761006
v -0.38499525 0.01275000 -0.01201387
v -0.38621613 0.01275000 -0.00757565
v -0.38649538 0.01275000 -0.00609000
v -0.38699999 0.01275000 0.00000001
v -0.32494059 -0.01725000 -0.02722179
v -0.38699999 -0.01725000 0.00000001
v -0.38649538 -0.01725000 -0.00609000
v -0.38499525 -0.01725000 -0.01201387
v -0.38254049 -0.01725000 -0.01761006
v -0.38016322 -0.01725000 -0.02142848
v -0.37919816 -0.01725000 -0.02272587
v -0.37505940 -0.01725000 -0.02722179
v -0.37144235 -0.01725000 -0.03015338
v -0.37023708 -0.01725000 -0.03097515
v -0.36486271 -0.01725000 -0.03388362
v -0.35908297 -0.01725000 -0.03586780
v -0.35305545 -0.01725000 -0.03687362
v -0.34694454 -0.01725000 -0.03687362
v -0.34091702 -0.01725000 -0.03586780
v -0.33513728 -0.01725000 -0.03388362
v -0.32976291 -0.01725000 -0.03097515
v -0.32855764 -0.01725000 -0.03015338
v -0.31745946 -0.01725000 -0.01761006
v -0.31983677 -0.01725000 -0.02142848
v -0.32080176 -0.01725000 -0.02272587
v -0.31500477 -0.01725000 -0.01201387
v -0.31350464 -0.01725000 -0.00609000
v -0.31199998 -0.01625000 0.00000001
v -0.31299999 -0.01725000 0.00000001
v -0.31474999 0.01275000 0.00000001
v -0.31474999 0.00975000 0.00000001
v -0.31491745 0.01275000 0.00062500
v -0.31491745 0.00975000 0.00062500
v -0.31537500 0.01275000 0.00108252
v -0.31537500 0.00975000 0.00108252
v -0.31599998 0.01275000 0.00125001
v -0.31599998 0.00975000 0.00125001
v -0.31662500 0.01275000 0.00108252
v -0.31662500 0.00975000 0.00108252
v -0.31708252 0.01275000 0.00062500
v -0.31708252 0.00975000 0.00062500
v -0.31724998 0.01275000 0.00000001
v -0.31724998 0.00975000 0.00000001
v -0.36574998 0.01275000 0.02944486
v -0.36574998 0.00975000 0.02944486
v -0.36591747 0.01275000 0.03006987
v -0.36591747 0.00975000 0.03006987
v -0.36637500 0.01275000 0.03052740
v -0.36637500 0.00975000 0.03052740
v -0.36700001 0.01275000 0.03069486
v -0.36700001 0.00975000 0.03069486
v -0.36762497 0.01275000 0.03052740
v -0.36762497 0.00975000 0.03052740
v -0.36808249 0.01275000 0.03006987
v -0.36808249 0.00975000 0.03006987
v -0.36824998 0.01275000 0.02944486
v -0.36824998 0.00975000 0.02944486
v -0.36574998 0.01275000 -0.02944486
v -0.36574998 0.00975000 -0.02944486
v -0.36591747 0.01275000 -0.02881988
v -0.36591747 0.00975000 -0.02881988
v -0.36637500 0.01275000 -0.02836232
v -0.36637500 0.00975000 -0.02836232
v -0.36700001 0.01275000 -0.02819486
v -0.36700001 0.00975000 -0.02819486
v -0.36762497 0.01275000 -0.02836232
v -0.36762497 0.00975000 -0.02836232
v -0.36808249 0.01275000 -0.02881988
v -0.36808249 0.00975000 -0.02881988
v -0.36824998 0.01275000 -0.02944486
v -0.36824998 0.00975000 -0.02944486
v -0.38275000 0.01275000 0.00000001
v -0.38275000 0.00975000 0.00000001
v -0.38291743 0.01275000 0.00062500
v -0.38291743 0.00975000 0.00062500
v -0.38337502 0.01275000 0.00108252
v -0.38337502 0.00975000 0.00108252
v -0.38399997 0.01275000 0.00125001
v -0.38399997 0.00975000 0.00125001
v -0.38462499 0.01275000 0.00108252
v -0.38462499 0.00975000 0.00108252
v -0.38508251 0.01275000 0.00062500
v -0.38508251 0.00975000 0.00062500
v -0.38525000 0.01275000 0.00000001
v -0.38525000 0.00975000 0.00000001
v -0.33175001 0.01275000 0.02944486
v -0.33175001 0.00975000 0.02944486
v -0.33191743 0.01275000 0.03006987
v -0.33191743 0.00975000 0.03006987
v -0.33237502 0.01275000 0.03052740
v -0.33237502 0.00975000 0.03052740
v -0.33299997 0.01275000 0.03069486
v -0.33299997 0.00975000 0.03069486
v -0.33362499 0.01275000 0.03052740
v -0.33362499 0.00975000 0.03052740
v -0.33408251 0.01275000 0.03006987
v -0.33408251 0.00975000 0.03006987
v -0.33425000 0.01275000 0.02944486
v -0.33425000 0.00975000 0.02944486
v -0.33175001 0.01275000 -0.02944486
v -0.33175001 0.00975000 -0.02944486
v -0.33191743 0.01275000 -0.02881988
v -0.33191743 0.00975000 -0.02881988
v -0.33237502 0.01275000 -0.02836232
v -0.33237502 0.00975000 -0.02836232
v -0.33299997 0.01275000 -0.02819486
v -0.33299997 0.00975000 -0.02819486
v -0.33362499 0.01275000 -0.02836232
v -0.33362499 0.00975000 -0.02836232
v -0.33408251 0.01275000 -0.02881988
v -0.33408251 0.00975000 -0.02881988
v -0.33425000 0.01275000 -0.02944486
v -0.33425000 0.00975000 -0.02944486
v -0.33823875 -0.01725000 0.03141190
v -0.33823875 -0.01175000 0.03141190
v -0.33807126 -0.01725000 0.03203692
v -0.33807126 -0.01175000 0.03203692
v -0.33761373 -0.01725000 0.03249444
v -0.33761373 -0.01175000 0.03249444
v -0.33698878 -0.01725000 0.03266190
v -0.33698878 -0.01175000 0.03266190
v -0.33636376 -0.01725000 0.03249444
v -0.33636376 -0.01175000 0.03249444
v -0.33590624 -0.01725000 0.03203692
v -0.33590624 -0.01175000 0.03203692
v -0.33573875 -0.01725000 0.03141190
v -0.33573875 -0.01175000 0.03141190
v -0.38141188 -0.01725000 0.01426123
v -0.38141188 -0.01175000 0.01426123
v -0.38078687 -0.01725000 0.01409377
v -0.38078687 -0.01175000 0.01409377
v -0.38032934 -0.01725000 0.01363624
v -0.38032934 -0.01175000 0.01363624
v -0.38016191 -0.01725000 0.01301123
v -0.38016191 -0.01175000 0.01301123
v -0.38032934 -0.01725000 0.01238625
v -0.38032934 -0.01175000 0.01238625
v -0.38078687 -0.01725000 0.01192869
v -0.38078687 -0.01175000 0.01192869
v -0.38141188 -0.01725000 0.01176123
v -0.38141188 -0.01175000 0.01176123
v -0.31858808 -0.01725000 -0.01176124
v -0.31858808 -0.01175000 -0.01176124
v -0.31796309 -0.01725000 -0.01192869
v -0.31796309 -0.01175000 -0.01192869
v -0.31750557 -0.01725000 -0.01238625
v -0.31750557 -0.01175000 -0.01238625
v -0.31733808 -0.01725000 -0.01301123
v -0.31733808 -0.01175000 -0.01301123
v -0.31750557 -0.01725000 -0.01363625
v -0.31750557 -0.01175000 -0.01363625
v -0.31796309 -0.01725000 -0.01409377
v -0.31796309 -0.01175000 -0.01409377
v -0.31858808 -0.01725000 -0.01426123
v -0.31858808 -0.01175000 -0.01426123
v -0.36426124 -0.01725000 -0.03141190
v -0.36426124 -0.01175000 -0.03141190
v -0.36409375 -0.01725000 -0.03078692
v -0.36409375 -0.01175000 -0.03078692
v -0.36363623 -0.01725000 -0.03032936
v -0.36363623 -0.01175000 -0.03032936
v -0.36301121 -0.01725000 -0.03016190
v -0.36301121 -0.01175000 -0.03016190
v -0.36238626 -0.01725000 -0.03032936
v -0.36238626 -0.01175000 -0.03032936
v -0.36192867 -0.01725000 -0.03078692
v -0.36192867 -0.01175000 -0.03078692
v -0.36176124 -0.01725000 -0.03141190
v -0.36176124 -0.01175000 -0.03141190
v -0.38141188 -0.01725000 -0.01176124
v -0.38141188 -0.01175000 -0.01176124
v -0.38078687 -0.01725000 -0.01192869
v -0.38078687 -0.01175000 -0.01192869
v -0.38032934 -0.01725000 -0.01238625
v -0.38032934 -0.01175000 -0.01238625
v -0.38016191 -0.01725000 -0.01301123
v -0.38016191 -0.01175000 -0.01301123
v -0.38032934 -0.01725000 -0.01363625
v -0.38032934 -0.01175000 -0.01363625
v -0.38078687 -0.01725000 -0.01409377
v -0.38078687 -0.01175000 -0.01409377
v -0.38141188 -0.01725000 -0.01426123
v -0.38141188 -0.01175000 -0.01426123
v -0.33823875 -0.01725000 -0.03141190
v -0.33823875 -0.01175000 -0.03141190
v -0.33807126 -0.01725000 -0.03078692
v -0.33807126 -0.01175000 -0.03078692
v -0.33761373 -0.01725000 -0.03032936
v -0.33761373 -0.01175000 -0.03032936
v -0.33698878 -0.01725000 -0.03016190
v -0.33698878 -0.01175000 -0.03016190
v -0.33636376 -0.01725000 -0.03032936
v -0.33636376 -0.01175000 -0.03032936
v -0.33590624 -0.01725000 -0.03078692
v -0.33590624 -0.01175000 -0.03078692
v -0.33573875 -0.01725000 -0.03141190
v -0.33573875 -0.01175000 -0.03141190
v -0.36426124 -0.01725000 0.03141190
v -0.36426124 -0.01175000 0.03141190
v -0.36409375 -0.01725000 0.03203692
v -0.36409375 -0.01175000 0.03203692
v -0.36363623 -0.01725000 0.03249444
v -0.36363623 -0.01175000 0.03249444
v -0.36301121 -0.01725000 0.03266190
v -0.36301121 -0.01175000 0.03266190
v -0.36238626 -0.01725000 0.03249444
v -0.36238626 -0.01175000 0.03249444
v -0.36192867 -0.01725000 0.03203692
v -0.36192867 -0.01175000 0.03203692
v -0.36176124 -0.01725000 0.03141190
v -0.36176124 -0.01175000 0.03141190
v -0.31858808 -0.01725000 0.01426123
v -0.31858808 -0.01175000 0.01426123
v -0.31796309 -0.01725000 0.01409377
v -0.31796309 -0.01175000 0.01409377
v -0.31750557 -0.01725000 0.01363624
v -0.31750557 -0.01175000 0.01363624
v -0.31733808 -0.01725000 0.01301123
v -0.31733808 -0.01175000 0.01301123
v -0.31750557 -0.01725000 0.01238625
v -0.31750557 -0.01175000 0.01238625
v -0.31796309 -0.01725000 0.01192869
v -0.31796309 -0.01175000 0.01192869
v -0.31858808 -0.01725000 0.01176123
v -0.31858808 -0.01175000 0.01176123
v -0.37999997 -0.03175000 0.00000001
v -0.37999997 -0.01725000 0.00000001
v -0.37948921 -0.01725000 -0.00551249
v -0.37948921 -0.03175000 -0.00551249
v -0.37797418 -0.01725000 -0.01083724
v -0.37797418 -0.03175000 -0.01083724
v -0.37550649 -0.01725000 -0.01579295
v -0.37550649 -0.03175000 -0.01579295
v -0.37217024 -0.01725000 -0.02021088
v -0.37217024 -0.03175000 -0.02021088
v -0.36807904 -0.01725000 -0.02394052
v -0.36807904 -0.03175000 -0.02394052
v -0.36337212 -0.01725000 -0.02685489
v -0.36337212 -0.03175000 -0.02685489
v -0.35820988 -0.01725000 -0.02885477
v -0.35820988 -0.03175000 -0.02885477
v -0.35276803 -0.01725000 -0.02987202
v -0.35276803 -0.03175000 -0.02987202
v -0.34723195 -0.01725000 -0.02987202
v -0.34723195 -0.03175000 -0.02987202
v -0.34179011 -0.01725000 -0.02885477
v -0.34179011 -0.03175000 -0.02885477
v -0.33662781 -0.01725000 -0.02685489
v -0.33662781 -0.03175000 -0.02685489
v -0.33192095 -0.01725000 -0.02394052
v -0.33192095 -0.03175000 -0.02394052
v -0.32782975 -0.01725000 -0.02021088
v -0.32782975 -0.03175000 -0.02021088
v -0.32449350 -0.01725000 -0.01579295
v -0.32449350 -0.03175000 -0.01579295
v -0.32202581 -0.01725000 -0.01083724
v -0.32202581 -0.03175000 -0.01083724
v -0.32051077 -0.01725000 -0.00551249
v -0.32051077 -0.03175000 -0.00551249
v -0.31999996 -0.01725000 0.00000001
v -0.31999996 -0.03175000 0.00000001
v -0.33698878 -0.01134575 0.03141190
v -0.38141188 -0.01134575 0.01301123
v -0.31858808 -0.01134575 -0.01301123
v -0.31967065 -0.01175000 -0.01238625
v -0.31983808 -0.01175000 -0.01301123
v -0.31921306 -0.01175000 -0.01192869
v -0.36301121 -0.01134575 -0.03141190
v -0.38141188 -0.01134575 -0.01301123
v -0.33698878 -0.01134575 -0.03141190
v -0.36301121 -0.01134575 0.03141190
v -0.31858808 -0.01134575 0.01301123
v -0.37899998 -0.03275000 0.00000001
v -0.37850621 -0.03275000 -0.00532873
v -0.37704167 -0.03275000 -0.01047601
v -0.37465629 -0.03275000 -0.01526652
v -0.37143126 -0.03275000 -0.01953717
v -0.36747637 -0.03275000 -0.02314250
v -0.36292639 -0.03275000 -0.02595975
v -0.35793623 -0.03275000 -0.02789293
v -0.35267577 -0.03275000 -0.02887629
v -0.34732422 -0.03275000 -0.02887629
v -0.34206375 -0.03275000 -0.02789293
v -0.33707359 -0.03275000 -0.02595975
v -0.33252361 -0.03275000 -0.02314250
v -0.32856873 -0.03275000 -0.01953717
v -0.32534370 -0.03275000 -0.01526652
v -0.32295832 -0.03275000 -0.01047601
v -0.32149377 -0.03275000 -0.00532873
v -0.32100001 -0.03275000 0.00000001
v -0.37120000 -0.03275000 0.00000001
v -0.37120000 -0.03125000 0.00000001
v -0.37066844 -0.03275000 0.00471745
v -0.37066844 -0.03125000 0.00471745
v -0.36910054 -0.03275000 0.00919832
v -0.36910054 -0.03125000 0.00919832
v -0.36657479 -0.03275000 0.01321797
v -0.36657479 -0.03125000 0.01321797
v -0.36321798 -0.03275000 0.01657481
v -0.36321798 -0.03125000 0.01657481
v -0.35919830 -0.03275000 0.01910053
v -0.35919830 -0.03125000 0.01910053
v -0.35471746 -0.03275000 0.02066846
v -0.35471746 -0.03125000 0.02066846
v -0.34999999 -0.03275000 0.02120001
v -0.34999999 -0.03125000 0.02120001
v -0.34528252 -0.03275000 0.02066846
v -0.34528252 -0.03125000 0.02066846
v -0.34080163 -0.03275000 0.01910053
v -0.34080163 -0.03125000 0.01910053
v -0.33678201 -0.03275000 0.01657481
v -0.33678201 -0.03125000 0.01657481
v -0.33342513 -0.03275000 0.01321797
v -0.33342513 -0.03125000 0.01321797
v -0.33089945 -0.03275000 0.00919832
v -0.33089945 -0.03125000 0.00919832
v -0.32933155 -0.03275000 0.00471745
v -0.32933155 -0.03125000 0.00471745
v -0.32879999 -0.03275000 0.00000001
v -0.32879999 -0.03125000 0.00000001
v -0.37099996 -0.03275000 0.00000001
v -0.37099996 -0.03125000 0.00000001
v -0.37047347 -0.03125000 -0.00467293
v -0.37047347 -0.03275000 -0.00467293
v -0.36892036 -0.03125000 -0.00911157
v -0.36892036 -0.03275000 -0.00911157
v -0.36641845 -0.03125000 -0.01309328
v -0.36641845 -0.03275000 -0.01309328
v -0.36309329 -0.03125000 -0.01641847
v -0.36309329 -0.03275000 -0.01641847
v -0.35911158 -0.03125000 -0.01892035
v -0.35911158 -0.03275000 -0.01892035
v -0.35467294 -0.03125000 -0.02047350
v -0.35467294 -0.03275000 -0.02047350
v -0.34999999 -0.03125000 -0.02100001
v -0.34999999 -0.03275000 -0.02100001
v -0.34532705 -0.03125000 -0.02047350
v -0.34532705 -0.03275000 -0.02047350
v -0.34088841 -0.03125000 -0.01892035
v -0.34088841 -0.03275000 -0.01892035
v -0.33690670 -0.03125000 -0.01641847
v -0.33690670 -0.03275000 -0.01641847
v -0.33358154 -0.03125000 -0.01309328
v -0.33358154 -0.03275000 -0.01309328
v -0.33107963 -0.03125000 -0.00911157
v -0.33107963 -0.03275000 -0.00911157
v -0.32952651 -0.03125000 -0.00467293
v -0.32952651 -0.03275000 -0.00467293
v -0.32899997 -0.03125000 0.00000001
v -0.32899997 -0.03275000 0.00000001
v -0.34999999 -0.03325000 0.02049999
v -0.34999999 -0.03275000 0.02100001
v -0.35467294 -0.03275000 0.02047349
v -0.35456166 -0.03325000 0.01998602
v -0.35911158 -0.03275000 0.01892035
v -0.35889462 -0.03325000 0.01846985
v -0.36309329 -0.03275000 0.01641847
v -0.36278155 -0.03325000 0.01602755
v -0.36641845 -0.03275000 0.01309328
v -0.36602756 -0.03325000 0.01278154
v -0.36892036 -0.03275000 0.00911157
v -0.36846986 -0.03325000 0.00889461
v -0.37047347 -0.03275000 0.00467293
v -0.36998603 -0.03325000 0.00456168
v -0.37050000 -0.03325000 0.00000001
v -0.36998603 -0.03325000 -0.00456168
v -0.36846986 -0.03325000 -0.00889461
v -0.36602756 -0.03325000 -0.01278155
v -0.36278155 -0.03325000 -0.01602756
v -0.35889462 -0.03325000 -0.01846986
v -0.35456166 -0.03325000 -0.01998602
v -0.34999999 -0.03325000 -0.02049999
v -0.36459038 -0.03325000 -0.00750001
v -0.36459038 -0.02725000 -0.00750001
v -0.36437604 -0.03325000 -0.00670000
v -0.36437604 -0.02725000 -0.00670000
v -0.36379036 -0.03325000 -0.00611435
v -0.36379036 -0.02725000 -0.00611435
v -0.36299035 -0.03325000 -0.00590001
v -0.36299035 -0.02725000 -0.00590001
v -0.36219040 -0.03325000 -0.00611435
v -0.36219040 -0.02725000 -0.00611435
v -0.36160472 -0.03325000 -0.00670000
v -0.36160472 -0.02725000 -0.00670000
v -0.36139038 -0.03325000 -0.00750001
v -0.36139038 -0.02725000 -0.00750001
v -0.35159996 -0.03325000 0.01500000
v -0.35159996 -0.02725000 0.01500000
v -0.35138562 -0.03325000 0.01580001
v -0.35138562 -0.02725000 0.01580001
v -0.35080001 -0.03325000 0.01638563
v -0.35080001 -0.02725000 0.01638563
v -0.34999999 -0.03325000 0.01660000
v -0.34999999 -0.02725000 0.01660000
v -0.34919998 -0.03325000 0.01638563
v -0.34919998 -0.02725000 0.01638563
v -0.34861436 -0.03325000 0.01580001
v -0.34861436 -0.02725000 0.01580001
v -0.34839997 -0.03325000 0.01500000
v -0.34839997 -0.02725000 0.01500000
v -0.33860961 -0.03325000 -0.00750001
v -0.33860961 -0.02725000 -0.00750001
v -0.33839527 -0.03325000 -0.00670000
v -0.33839527 -0.02725000 -0.00670000
v -0.33780959 -0.03325000 -0.00611435
v -0.33780959 -0.02725000 -0.00611435
v -0.33700964 -0.03325000 -0.00590001
v -0.33700964 -0.02725000 -0.00590001
v -0.33620963 -0.03325000 -0.00611435
v -0.33620963 -0.02725000 -0.00611435
v -0.33562395 -0.03325000 -0.00670000
v -0.33562395 -0.02725000 -0.00670000
v -0.33540961 -0.03325000 -0.00750001
v -0.33540961 -0.02725000 -0.00750001
v -0.34150001 -0.03275000 0.00000001
v -0.34099999 -0.03325000 0.00000001
v -0.34201261 -0.03275000 0.00290717
v -0.34154275 -0.03325000 0.00307818
v -0.34348860 -0.03275000 0.00546370
v -0.34310558 -0.03325000 0.00578509
v -0.34575000 -0.03275000 0.00736122
v -0.34549996 -0.03325000 0.00779421
v -0.34852400 -0.03275000 0.00837086
v -0.34843716 -0.03325000 0.00886328
v -0.35147598 -0.03275000 0.00837086
v -0.35156283 -0.03325000 0.00886328
v -0.35424998 -0.03275000 0.00736122
v -0.35449997 -0.03325000 0.00779421
v -0.35651138 -0.03275000 0.00546370
v -0.35689440 -0.03325000 0.00578509
v -0.35798737 -0.03275000 0.00290717
v -0.35845724 -0.03325000 0.00307818
v -0.35849997 -0.03275000 0.00000001
v -0.35900000 -0.03325000 0.00000001
v -0.34800002 -0.03325000 -0.01425000
v -0.34800002 -0.03575000 -0.01425000
v -0.34826794 -0.03575000 -0.01525001
v -0.34826794 -0.03325000 -0.01525001
v -0.34900001 -0.03575000 -0.01598205
v -0.34900001 -0.03325000 -0.01598205
v -0.34999999 -0.03575000 -0.01625000
v -0.34999999 -0.03325000 -0.01625000
v -0.35099998 -0.03575000 -0.01598205
v -0.35099998 -0.03325000 -0.01598205
v -0.35173205 -0.03575000 -0.01525001
v -0.35173205 -0.03325000 -0.01525001
v -0.35199997 -0.03575000 -0.01425000
v -0.35199997 -0.03325000 -0.01425000
v -0.33565912 -0.03325000 0.00712500
v -0.33565912 -0.03575000 0.00712500
v -0.33592710 -0.03575000 0.00612499
v -0.33592710 -0.03325000 0.00612499
v -0.33665910 -0.03575000 0.00539295
v -0.33665910 -0.03325000 0.00539295
v -0.33765915 -0.03575000 0.00512500
v -0.33765915 -0.03325000 0.00512500
v -0.33865914 -0.03575000 0.00539295
v -0.33865914 -0.03325000 0.00539295
v -0.33939120 -0.03575000 0.00612499
v -0.33939120 -0.03325000 0.00612499
v -0.33965912 -0.03575000 0.00712500
v -0.33965912 -0.03325000 0.00712500
v -0.36034086 -0.03325000 0.00712500
v -0.36034086 -0.03575000 0.00712500
v -0.36060879 -0.03575000 0.00612499
v -0.36060879 -0.03325000 0.00612499
v -0.36134085 -0.03575000 0.00539295
v -0.36134085 -0.03325000 0.00539295
v -0.36234084 -0.03575000 0.00512500
v -0.36234084 -0.03325000 0.00512500
v -0.36334082 -0.03575000 0.00539295
v -0.36334082 -0.03325000 0.00539295
v -0.36407289 -0.03575000 0.00612499
v -0.36407289 -0.03325000 0.00612499
v -0.36434087 -0.03575000 0.00712500
v -0.36434087 -0.03325000 0.00712500
v -0.35849997 -0.03125000 0.00000001
v -0.35798737 -0.03125000 0.00290717
v -0.35651138 -0.03125000 0.00546370
v -0.35424998 -0.03125000 0.00736122
v -0.35147598 -0.03125000 0.00837086
v -0.34852400 -0.03125000 0.00837086
v -0.34575000 -0.03125000 0.00736122
v -0.34348860 -0.03125000 0.00546370
v -0.34201261 -0.03125000 0.00290717
v -0.34150001 -0.03125000 0.00000001
v -0.35400000 -0.03145000 0.00000001
v -0.35400000 -0.03125000 0.00000001
v -0.35346410 -0.03125000 -0.00199999
v -0.35346410 -0.03145000 -0.00199999
v -0.35199997 -0.03125000 -0.00346409
v -0.35199997 -0.03145000 -0.00346409
v -0.34999999 -0.03125000 -0.00399999
v -0.34999999 -0.03145000 -0.00399999
v -0.34800002 -0.03125000 -0.00346409
v -0.34800002 -0.03145000 -0.00346409
v -0.34653589 -0.03125000 -0.00199999
v -0.34653589 -0.03145000 -0.00199999
v -0.34599999 -0.03125000 0.00000001
v -0.34599999 -0.03145000 0.00000001
v -0.35370001 -0.03175000 0.00000001
v -0.35320428 -0.03175000 -0.00185000
v -0.35185000 -0.03175000 -0.00320430
v -0.34999999 -0.03175000 -0.00370000
v -0.34814999 -0.03175000 -0.00320430
v -0.34679571 -0.03175000 -0.00185000
v -0.34629998 -0.03175000 0.00000001
v -0.35150000 -0.03175000 0.00000001
v -0.35150000 -0.00995000 0.00000001
v -0.35129902 -0.03175000 0.00074999
v -0.35129902 -0.00995000 0.00074999
v -0.35075000 -0.03175000 0.00129904
v -0.35075000 -0.00995000 0.00129904
v -0.34999999 -0.03175000 0.00149999
v -0.34999999 -0.00995000 0.00149999
v -0.34924999 -0.03175000 0.00129904
v -0.34924999 -0.00995000 0.00129904
v -0.34870097 -0.03175000 0.00074999
v -0.34870097 -0.00995000 0.00074999
v -0.34849998 -0.03175000 0.00000001
v -0.34849998 -0.00995000 0.00000001
v -0.31251827 0.01174999 0.00625460
v -0.31251827 -0.01625000 0.00625460
v -0.31405893 0.01174999 0.01233859
v -0.31405893 -0.01625000 0.01233859
v -0.31658000 0.01174999 0.01808600
v -0.31658000 -0.01625000 0.01808600
v -0.32001266 0.01174999 0.02334009
v -0.32001266 -0.01625000 0.02334009
v -0.32426330 0.01174999 0.02795751
v -0.32426330 -0.01625000 0.02795751
v -0.32921597 0.01174999 0.03181233
v -0.32921597 -0.01625000 0.03181233
v -0.33473554 0.01174999 0.03479938
v -0.33473554 -0.01625000 0.03479938
v -0.34067157 0.01174999 0.03683721
v -0.34067157 -0.01625000 0.03683721
v -0.34686199 0.01174999 0.03787021
v -0.34686199 -0.01625000 0.03787021
v -0.35313800 0.01174999 0.03787021
v -0.35313800 -0.01625000 0.03787021
v -0.35932842 0.01174999 0.03683721
v -0.35932842 -0.01625000 0.03683721
v -0.36526445 0.01174999 0.03479938
v -0.36526445 -0.01625000 0.03479938
v -0.37078401 0.01174999 0.03181233
v -0.37078401 -0.01625000 0.03181233
v -0.37573668 0.01174999 0.02795751
v -0.37573668 -0.01625000 0.02795751
v -0.37998733 0.01174999 0.02334009
v -0.37998733 -0.01625000 0.02334009
v -0.38342002 0.01174999 0.01808600
v -0.38342002 -0.01625000 0.01808600
v -0.38594106 0.01174999 0.01233859
v -0.38594106 -0.01625000 0.01233859
v -0.38748172 0.01174999 0.00625460
v -0.38748172 -0.01625000 0.00625460
v -0.38499525 0.01275000 0.01201387
v -0.38621613 0.01275000 0.00757564
v -0.38649538 0.01275000 0.00609000
v -0.35908297 0.01275000 0.03586783
v -0.36486271 0.01275000 0.03388362
v -0.37023708 0.01275000 0.03097515
v -0.37505940 0.01275000 0.02722178
v -0.37919816 0.01275000 0.02272586
v -0.38254049 0.01275000 0.01761006
v -0.34694454 0.01275000 0.03687362
v -0.34999999 0.01275000 0.03700002
v -0.35305545 0.01275000 0.03687362
v -0.34091702 0.01275000 0.03586783
v -0.33513728 0.01275000 0.03388362
v -0.32976291 0.01275000 0.03097515
v -0.32494059 0.01275000 0.02722178
v -0.32080176 0.01275000 0.02272586
v -0.31745946 0.01275000 0.01761006
v -0.31500477 0.01275000 0.01201387
v -0.31350464 0.01275000 0.00609000
v -0.37505940 -0.01725000 0.02722178
v -0.31350464 -0.01725000 0.00609000
v -0.31500477 -0.01725000 0.01201387
v -0.31745946 -0.01725000 0.01761006
v -0.31983677 -0.01725000 0.02142848
v -0.32080176 -0.01725000 0.02272586
v -0.32494059 -0.01725000 0.02722178
v -0.32855764 -0.01725000 0.03015338
v -0.32976291 -0.01725000 0.03097515
v -0.33513728 -0.01725000 0.03388362
v -0.34091702 -0.01725000 0.03586783
v -0.34694454 -0.01725000 0.03687362
v -0.34999999 -0.01725000 0.03700002
v -0.35305545 -0.01725000 0.03687362
v -0.35908297 -0.01725000 0.03586783
v -0.36486271 -0.01725000 0.03388362
v -0.37023708 -0.01725000 0.03097515
v -0.37144235 -0.01725000 0.03015338
v -0.38254049 -0.01725000 0.01761006
v -0.38016322 -0.01725000 0.02142848
v -0.37919816 -0.01725000 0.02272586
v -0.38499525 -0.01725000 0.01201387
v -0.38649538 -0.01725000 0.00609000
v -0.32449999 0.01275000 -0.01472242
v -0.34999999 0.01275000 -0.03384744
v -0.37549999 0.01275000 0.01472242
v -0.32449999 0.01275000 0.01472242
v -0.31708252 0.01275000 -0.00062500
v -0.31662500 0.01275000 -0.00108253
v -0.31599998 0.01275000 -0.00124999
v -0.31537500 0.01275000 -0.00108253
v -0.31491745 0.01275000 -0.00062500
v -0.34999999 0.01275000 0.01472242
v -0.33408251 0.01275000 0.02881987
v -0.33362499 0.01275000 0.02836232
v -0.33299997 0.01275000 0.02819486
v -0.33237502 0.01275000 0.02836232
v -0.33191743 0.01275000 0.02881987
v -0.36700001 0.01275000 0.02819486
v -0.36808249 0.01275000 0.02881987
v -0.36762497 0.01275000 0.02836232
v -0.36637500 0.01275000 0.02836232
v -0.36591747 0.01275000 0.02881987
v -0.38399997 0.01275000 -0.00124999
v -0.38337502 0.01275000 -0.00108253
v -0.37549999 0.01275000 -0.01472242
v -0.38291743 0.01275000 -0.00062500
v -0.38508251 0.01275000 -0.00062500
v -0.38462499 0.01275000 -0.00108253
v -0.34999999 0.01275000 -0.01472242
v -0.36808249 0.01275000 -0.03006987
v -0.36762497 0.01275000 -0.03052740
v -0.36700001 0.01275000 -0.03069486
v -0.36637500 0.01275000 -0.03052740
v -0.36591747 0.01275000 -0.03006987
v -0.33299997 0.01275000 -0.03069486
v -0.33408251 0.01275000 -0.03006987
v -0.33362499 0.01275000 -0.03052740
v -0.33237502 0.01275000 -0.03052740
v -0.33191743 0.01275000 -0.03006987
v -0.34999999 -0.01725000 -0.03483094
v -0.31516904 -0.01725000 0.00000001
v -0.31921306 -0.01725000 0.01409377
v -0.36807904 -0.01725000 0.02394052
v -0.37213060 -0.01725000 0.02213062
v -0.37217024 -0.01725000 0.02021088
v -0.34999999 -0.01725000 0.03008096
v -0.34723195 -0.01725000 0.02987201
v -0.35276803 -0.01725000 0.02987201
v -0.34179011 -0.01725000 0.02885477
v -0.33662781 -0.01725000 0.02685489
v -0.33192095 -0.01725000 0.02394052
v -0.32782975 -0.01725000 0.02021088
v -0.32449350 -0.01725000 0.01579298
v -0.37797418 -0.01725000 0.01083724
v -0.37948921 -0.01725000 0.00551249
v -0.38008097 -0.01725000 0.00000001
v -0.37550649 -0.01725000 0.01579298
v -0.36337212 -0.01725000 0.02685489
v -0.35820988 -0.01725000 0.02885477
v -0.31991902 -0.01725000 0.00000001
v -0.32202581 -0.01725000 0.01083724
v -0.32051077 -0.01725000 0.00551249
v -0.34999999 -0.01725000 -0.03008096
v -0.38249442 -0.01725000 0.01238625
v -0.38203689 -0.01725000 0.01192869
v -0.38266191 -0.01725000 0.01301123
v -0.38249442 -0.01725000 0.01363624
v -0.38203689 -0.01725000 0.01409377
v -0.36192867 -0.01725000 0.03078691
v -0.36238626 -0.01725000 0.03032936
v -0.36301121 -0.01725000 0.03016190
v -0.36363623 -0.01725000 0.03032936
v -0.36409375 -0.01725000 0.03078691
v -0.33590624 -0.01725000 0.03078691
v -0.33761373 -0.01725000 0.03032936
v -0.33698878 -0.01725000 0.03016190
v -0.33636376 -0.01725000 0.03032936
v -0.33807126 -0.01725000 0.03078691
v -0.31921306 -0.01725000 0.01192869
v -0.31967065 -0.01725000 0.01238625
v -0.31983808 -0.01725000 0.01301123
v -0.31967065 -0.01725000 0.01363624
v -0.31967065 -0.01725000 -0.01238625
v -0.31983808 -0.01725000 -0.01301123
v -0.31967065 -0.01725000 -0.01363625
v -0.31921306 -0.01725000 -0.01409377
v -0.31921306 -0.01725000 -0.01192869
v -0.33698878 -0.01725000 -0.03266190
v -0.33636376 -0.01725000 -0.03249444
v -0.33590624 -0.01725000 -0.03203692
v -0.33807126 -0.01725000 -0.03203692
v -0.33761373 -0.01725000 -0.03249444
v -0.36301121 -0.01725000 -0.03266190
v -0.36192867 -0.01725000 -0.03203692
v -0.36238626 -0.01725000 -0.03249444
v -0.36363623 -0.01725000 -0.03249444
v -0.36409375 -0.01725000 -0.03203692
v -0.38249442 -0.01725000 -0.01238625
v -0.38203689 -0.01725000 -0.01409377
v -0.38249442 -0.01725000 -0.01363625
v -0.38266191 -0.01725000 -0.01301123
v -0.38203689 -0.01725000 -0.01192869
v -0.31708252 0.00975000 -0.00062500
v -0.31662500 0.00975000 -0.00108253
v -0.31599998 0.00975000 -0.00124999
v -0.31537500 0.00975000 -0.00108253
v -0.31491745 0.00975000 -0.00062500
v -0.36808249 0.00975000 0.02881987
v -0.36762497 0.00975000 0.02836232
v -0.36700001 0.00975000 0.02819486
v -0.36637500 0.00975000 0.02836232
v -0.36591747 0.00975000 0.02881987
v -0.36808249 0.00975000 -0.03006987
v -0.36762497 0.00975000 -0.03052740
v -0.36700001 0.00975000 -0.03069486
v -0.36637500 0.00975000 -0.03052740
v -0.36591747 0.00975000 -0.03006987
v -0.38508251 0.00975000 -0.00062500
v -0.38462499 0.00975000 -0.00108253
v -0.38399997 0.00975000 -0.00124999
v -0.38337502 0.00975000 -0.00108253
v -0.38291743 0.00975000 -0.00062500
v -0.33408251 0.00975000 0.02881987
v -0.33362499 0.00975000 0.02836232
v -0.33299997 0.00975000 0.02819486
v -0.33237502 0.00975000 0.02836232
v -0.33191743 0.00975000 0.02881987
v -0.33408251 0.00975000 -0.03006987
v -0.33362499 0.00975000 -0.03052740
v -0.33299997 0.00975000 -0.03069486
v -0.33237502 0.00975000 -0.03052740
v -0.33191743 0.00975000 -0.03006987
v -0.33590624 -0.01175000 0.03078691
v -0.33636376 -0.01175000 0.03032936
v -0.33698878 -0.01175000 0.03016190
v -0.33761373 -0.01175000 0.03032936
v -0.33807126 -0.01175000 0.03078691
v -0.38203689 -0.01175000 0.01192869
v -0.38249442 -0.01175000 0.01238625
v -0.38266191 -0.01175000 0.01301123
v -0.38249442 -0.01175000 0.01363624
v -0.38203689 -0.01175000 0.01409377
v -0.31921306 -0.01175000 -0.01409377
v -0.31967065 -0.01175000 -0.01363625
v -0.36192867 -0.01175000 -0.03203692
v -0.36238626 -0.01175000 -0.03249444
v -0.36301121 -0.01175000 -0.03266190
v -0.36363623 -0.01175000 -0.03249444
v -0.36409375 -0.01175000 -0.03203692
v -0.38203689 -0.01175000 -0.01409377
v -0.38249442 -0.01175000 -0.01363625
v -0.38266191 -0.01175000 -0.01301123
v -0.38249442 -0.01175000 -0.01238625
v -0.38203689 -0.01175000 -0.01192869
v -0.33590624 -0.01175000 -0.03203692
v -0.33636376 -0.01175000 -0.03249444
v -0.33698878 -0.01175000 -0.03266190
v -0.33761373 -0.01175000 -0.03249444
v -0.33807126 -0.01175000 -0.03203692
v -0.36192867 -0.01175000 0.03078691
v -0.36238626 -0.01175000 0.03032936
v -0.36301121 -0.01175000 0.03016190
v -0.36363623 -0.01175000 0.03032936
v -0.36409375 -0.01175000 0.03078691
v -0.31921306 -0.01175000 0.01192869
v -0.31967065 -0.01175000 0.01238625
v -0.31983808 -0.01175000 0.01301123
v -0.31967065 -0.01175000 0.01363624
v -0.31921306 -0.01175000 0.01409377
v -0.32051077 -0.03175000 0.00551249
v -0.32202581 -0.03175000 0.01083724
v -0.32449350 -0.03175000 0.01579298
v -0.32782975 -0.03175000 0.02021088
v -0.33192095 -0.03175000 0.02394052
v -0.33662781 -0.03175000 0.02685489
v -0.34179011 -0.03175000 0.02885477
v -0.34723195 -0.03175000 0.02987201
v -0.35276803 -0.03175000 0.02987201
v -0.35820988 -0.03175000 0.02885477
v -0.36337212 -0.03175000 0.02685489
v -0.36807904 -0.03175000 0.02394052
v -0.37217024 -0.03175000 0.02021088
v -0.37550649 -0.03175000 0.01579298
v -0.37797418 -0.03175000 0.01083724
v -0.37948921 -0.03175000 0.00551249
v -0.32149377 -0.03275000 0.00532873
v -0.32295832 -0.03275000 0.01047601
v -0.32534370 -0.03275000 0.01526652
v -0.32856873 -0.03275000 0.01953716
v -0.33252361 -0.03275000 0.02314250
v -0.33707359 -0.03275000 0.02595974
v -0.34206375 -0.03275000 0.02789293
v -0.34732422 -0.03275000 0.02887629
v -0.35267577 -0.03275000 0.02887629
v -0.35793623 -0.03275000 0.02789293
v -0.36292639 -0.03275000 0.02595974
v -0.36747637 -0.03275000 0.02314250
v -0.37143126 -0.03275000 0.01953716
v -0.37465629 -0.03275000 0.01526652
v -0.37704167 -0.03275000 0.01047601
v -0.37850621 -0.03275000 0.00532873
v -0.33342513 -0.03275000 -0.01321797
v -0.33089945 -0.03275000 -0.00919832
v -0.32933155 -0.03275000 -0.00471746
v -0.35471746 -0.03275000 -0.02066846
v -0.34999999 -0.03275000 -0.02119999
v -0.34528252 -0.03275000 -0.02066846
v -0.34080163 -0.03275000 -0.01910053
v -0.33678201 -0.03275000 -0.01657482
v -0.37066844 -0.03275000 -0.00471746
v -0.36910054 -0.03275000 -0.00919832
v -0.36657479 -0.03275000 -0.01321797
v -0.36321798 -0.03275000 -0.01657482
v -0.35919830 -0.03275000 -0.01910053
v -0.32933155 -0.03125000 -0.00471746
v -0.33089945 -0.03125000 -0.00919832
v -0.33342513 -0.03125000 -0.01321797
v -0.33678201 -0.03125000 -0.01657482
v -0.34080163 -0.03125000 -0.01910053
v -0.34528252 -0.03125000 -0.02066846
v -0.34999999 -0.03125000 -0.02119999
v -0.35471746 -0.03125000 -0.02066846
v -0.35919830 -0.03125000 -0.01910053
v -0.36321798 -0.03125000 -0.01657482
v -0.36657479 -0.03125000 -0.01321797
v -0.36910054 -0.03125000 -0.00919832
v -0.37066844 -0.03125000 -0.00471746
v -0.35467294 -0.03125000 0.02047349
v -0.35911158 -0.03125000 0.01892035
v -0.36309329 -0.03125000 0.01641847
v -0.36641845 -0.03125000 0.01309328
v -0.36892036 -0.03125000 0.00911157
v -0.37047347 -0.03125000 0.00467293
v -0.32952651 -0.03125000 0.00467293
v -0.33107963 -0.03125000 0.00911157
v -0.33358154 -0.03125000 0.01309328
v -0.33690670 -0.03125000 0.01641847
v -0.34088841 -0.03125000 0.01892035
v -0.34532705 -0.03125000 0.02047349
v -0.34999999 -0.03125000 0.02100001
v -0.32952651 -0.03275000 0.00467293
v -0.33107963 -0.03275000 0.00911157
v -0.33358154 -0.03275000 0.01309328
v -0.33690670 -0.03275000 0.01641847
v -0.34088841 -0.03275000 0.01892035
v -0.34532705 -0.03275000 0.02047349
v -0.34543833 -0.03325000 -0.01998602
v -0.34110537 -0.03325000 -0.01846986
v -0.33721843 -0.03325000 -0.01602756
v -0.33397242 -0.03325000 -0.01278155
v -0.33153012 -0.03325000 -0.00889461
v -0.33001396 -0.03325000 -0.00456168
v -0.32949999 -0.03325000 0.00000001
v -0.33001396 -0.03325000 0.00456168
v -0.33153012 -0.03325000 0.00889461
v -0.33291402 -0.03325000 0.01132782
v -0.33397242 -0.03325000 0.01278154
v -0.33721843 -0.03325000 0.01602755
v -0.34110537 -0.03325000 0.01846985
v -0.34543833 -0.03325000 0.01998602
v -0.36407289 -0.03325000 0.00812499
v -0.36086562 -0.03325000 -0.00038751
v -0.35967043 -0.03325000 -0.00038751
v -0.36234084 -0.03325000 0.00912501
v -0.36134085 -0.03325000 0.00885705
v -0.36086562 -0.03325000 0.00906251
v -0.36060879 -0.03325000 0.00812499
v -0.35967043 -0.03325000 0.00906251
v -0.33765915 -0.03325000 0.00912501
v -0.34032956 -0.03325000 0.00906251
v -0.33865914 -0.03325000 0.00885705
v -0.33939120 -0.03325000 0.00812499
v -0.33553436 -0.03325000 -0.00038751
v -0.33553436 -0.03325000 0.00906251
v -0.33592710 -0.03325000 0.00812499
v -0.34032956 -0.03325000 -0.00038751
v -0.35845724 -0.03325000 -0.00307818
v -0.35550001 -0.03325000 0.00906251
v -0.35550001 -0.03325000 -0.00905000
v -0.35449997 -0.03325000 -0.00779422
v -0.35967043 -0.03325000 -0.00905000
v -0.35689440 -0.03325000 -0.00578509
v -0.34449998 -0.03325000 -0.00905000
v -0.34843716 -0.03325000 -0.00886326
v -0.35156283 -0.03325000 -0.00886326
v -0.34154275 -0.03325000 -0.00307818
v -0.34032956 -0.03325000 -0.00905000
v -0.34310558 -0.03325000 -0.00578509
v -0.34549996 -0.03325000 -0.00779422
v -0.34449998 -0.03325000 0.00906251
v -0.33839527 -0.03325000 -0.00829999
v -0.33780959 -0.03325000 -0.00888564
v -0.33700964 -0.03325000 -0.00910001
v -0.33562395 -0.03325000 -0.00829999
v -0.33553436 -0.03325000 -0.00905000
v -0.33620963 -0.03325000 -0.00888564
v -0.36160472 -0.03325000 -0.00829999
v -0.36086562 -0.03325000 -0.00905000
v -0.36219040 -0.03325000 -0.00888564
v -0.36299035 -0.03325000 -0.00910001
v -0.36437604 -0.03325000 -0.00829999
v -0.34032956 -0.03325000 0.01126249
v -0.34449998 -0.03325000 0.01126249
v -0.34861436 -0.03325000 0.01419999
v -0.35080001 -0.03325000 0.01361437
v -0.35550001 -0.03325000 0.01126249
v -0.34999999 -0.03325000 0.01340000
v -0.34919998 -0.03325000 0.01361437
v -0.35138562 -0.03325000 0.01419999
v -0.33553436 -0.03325000 0.01126249
v -0.34900001 -0.03325000 -0.01251795
v -0.34449998 -0.03325000 -0.01067500
v -0.34999999 -0.03325000 -0.01224999
v -0.35550001 -0.03325000 -0.01067500
v -0.35099998 -0.03325000 -0.01251795
v -0.34826794 -0.03325000 -0.01325001
v -0.34032956 -0.03325000 -0.01067500
v -0.33553436 -0.03325000 -0.01067500
v -0.35173205 -0.03325000 -0.01325001
v -0.36086562 -0.03325000 -0.01067500
v -0.35967043 -0.03325000 -0.01067500
v -0.35967043 -0.03325000 0.01126249
v -0.36086562 -0.03325000 0.01126249
v -0.36334082 -0.03325000 0.00885705
v -0.33665910 -0.03325000 0.00885705
v -0.36379036 -0.03325000 -0.00888564
v -0.36160472 -0.02725000 -0.00829999
v -0.36219040 -0.02725000 -0.00888564
v -0.36299035 -0.02725000 -0.00910001
v -0.36379036 -0.02725000 -0.00888564
v -0.36437604 -0.02725000 -0.00829999
v -0.34861436 -0.02725000 0.01419999
v -0.34919998 -0.02725000 0.01361437
v -0.34999999 -0.02725000 0.01340000
v -0.35080001 -0.02725000 0.01361437
v -0.35138562 -0.02725000 0.01419999
v -0.33562395 -0.02725000 -0.00829999
v -0.33620963 -0.02725000 -0.00888564
v -0.33700964 -0.02725000 -0.00910001
v -0.33780959 -0.02725000 -0.00888564
v -0.33839527 -0.02725000 -0.00829999
v -0.35798737 -0.03275000 -0.00290717
v -0.35651138 -0.03275000 -0.00546371
v -0.35424998 -0.03275000 -0.00736122
v -0.35147598 -0.03275000 -0.00837086
v -0.34852400 -0.03275000 -0.00837086
v -0.34575000 -0.03275000 -0.00736122
v -0.34348860 -0.03275000 -0.00546371
v -0.34201261 -0.03275000 -0.00290717
v -0.35173205 -0.03575000 -0.01325001
v -0.35099998 -0.03575000 -0.01251795
v -0.34999999 -0.03575000 -0.01224999
v -0.34900001 -0.03575000 -0.01251795
v -0.34826794 -0.03575000 -0.01325001
v -0.33939120 -0.03575000 0.00812499
v -0.33865914 -0.03575000 0.00885705
v -0.33765915 -0.03575000 0.00912501
v -0.33665910 -0.03575000 0.00885705
v -0.33592710 -0.03575000 0.00812499
v -0.36407289 -0.03575000 0.00812499
v -0.36334082 -0.03575000 0.00885705
v -0.36234084 -0.03575000 0.00912501
v -0.36134085 -0.03575000 0.00885705
v -0.36060879 -0.03575000 0.00812499
v -0.34201261 -0.03125000 -0.00290717
v -0.34348860 -0.03125000 -0.00546371
v -0.34575000 -0.03125000 -0.00736122
v -0.34852400 -0.03125000 -0.00837086
v -0.35147598 -0.03125000 -0.00837086
v -0.35424998 -0.03125000 -0.00736122
v -0.35651138 -0.03125000 -0.00546371
v -0.35798737 -0.03125000 -0.00290717
v -0.34800002 -0.03125000 0.00346412
v -0.34653589 -0.03125000 0.00199999
v -0.35199997 -0.03125000 0.00346412
v -0.35346410 -0.03125000 0.00199999
v -0.34999999 -0.03125000 0.00399999
v -0.34653589 -0.03145000 0.00199999
v -0.34800002 -0.03145000 0.00346412
v -0.34999999 -0.03145000 0.00399999
v -0.35199997 -0.03145000 0.00346412
v -0.35346410 -0.03145000 0.00199999
v -0.34679571 -0.03175000 0.00184999
v -0.34814999 -0.03175000 0.00320430
v -0.34999999 -0.03175000 0.00370000
v -0.35185000 -0.03175000 0.00320430
v -0.35320428 -0.03175000 0.00184999
v -0.35129902 -0.03175000 -0.00074999
v -0.35075000 -0.03175000 -0.00129904
v -0.34999999 -0.03175000 -0.00150000
v -0.34924999 -0.03175000 -0.00129904
v -0.34870097 -0.03175000 -0.00074999
v -0.34870097 -0.00995000 -0.00074999
v -0.34924999 -0.00995000 -0.00129904
v -0.34999999 -0.00995000 -0.00150000
v -0.35075000 -0.00995000 -0.00129904
v -0.35129902 -0.00995000 -0.00074999
v -0.34994593 0.02415000 -0.02890091
v -0.34994593 0.02475000 -0.02890091
v -0.35114595 0.02415000 -0.02857937
v -0.35114595 0.02475000 -0.02857937
v -0.35202441 0.02415000 -0.02770092
v -0.35202441 0.02475000 -0.02770092
v -0.35234591 0.02415000 -0.02650090
v -0.35234591 0.02475000 -0.02650090
v -0.35202441 0.02415000 -0.02530091
v -0.35202441 0.02475000 -0.02530091
v -0.35114595 0.02415000 -0.02442245
v -0.35114595 0.02475000 -0.02442245
v -0.34994593 0.02415000 -0.02410092
v -0.34994593 0.02475000 -0.02410092
v -0.34994593 0.02415000 0.02409909
v -0.34994593 0.02475000 0.02409909
v -0.35114595 0.02415000 0.02442063
v -0.35114595 0.02475000 0.02442063
v -0.35202441 0.02415000 0.02529909
v -0.35202441 0.02475000 0.02529909
v -0.35234591 0.02415000 0.02649908
v -0.35234591 0.02475000 0.02649908
v -0.35202441 0.02415000 0.02769910
v -0.35202441 0.02475000 0.02769910
v -0.35114595 0.02415000 0.02857755
v -0.35114595 0.02475000 0.02857755
v -0.34994593 0.02415000 0.02889909
v -0.34994593 0.02475000 0.02889909
v -0.34999999 0.02475000 0.02949999
v -0.34999999 0.02425000 0.03000001
v -0.34506217 0.02425000 0.02959083
v -0.34514448 0.02475000 0.02909766
v -0.34025899 0.02425000 0.02837451
v -0.34042135 0.02475000 0.02790160
v -0.33572158 0.02425000 0.02638422
v -0.33595952 0.02475000 0.02594448
v -0.33157364 0.02425000 0.02367420
v -0.33188072 0.02475000 0.02327965
v -0.32792827 0.02425000 0.02031843
v -0.32829615 0.02475000 0.01997982
v -0.32488498 0.02425000 0.01640846
v -0.32530358 0.02475000 0.01613496
v -0.32395914 0.02425000 0.01489548
v -0.32439318 0.02475000 0.01464723
v -0.34999999 0.02475000 -0.02949999
v -0.34999999 0.02425000 -0.02999999
v -0.35493782 0.02425000 -0.02959083
v -0.35485551 0.02475000 -0.02909766
v -0.35974100 0.02425000 -0.02837451
v -0.35957864 0.02475000 -0.02790161
v -0.36427841 0.02425000 -0.02638422
v -0.36404046 0.02475000 -0.02594449
v -0.36842635 0.02425000 -0.02367421
v -0.36811927 0.02475000 -0.02327965
v -0.37207171 0.02425000 -0.02031844
v -0.37170383 0.02475000 -0.01997982
v -0.37511501 0.02425000 -0.01640843
v -0.37469640 0.02475000 -0.01613496
v -0.37747321 0.02425000 -0.01205085
v -0.37701532 0.02475000 -0.01185002
v -0.37908199 0.02425000 -0.00736456
v -0.37859729 0.02475000 -0.00724183
v -0.37989751 0.02425000 -0.00247739
v -0.37939921 0.02475000 -0.00243609
v -0.37989751 0.02425000 0.00247739
v -0.37939921 0.02475000 0.00243609
v -0.37908199 0.02425000 0.00736455
v -0.37859729 0.02475000 0.00724183
v -0.37747321 0.02425000 0.01205085
v -0.37701532 0.02475000 0.01185001
v -0.37511501 0.02425000 0.01640846
v -0.37469640 0.02475000 0.01613496
v -0.37207171 0.02425000 0.02031843
v -0.37170383 0.02475000 0.01997982
v -0.36842635 0.02425000 0.02367420
v -0.36811927 0.02475000 0.02327965
v -0.36427841 0.02425000 0.02638422
v -0.36404046 0.02475000 0.02594448
v -0.35974100 0.02425000 0.02837451
v -0.35957864 0.02475000 0.02790160
v -0.35493782 0.02425000 0.02959083
v -0.35485551 0.02475000 0.02909766
v -0.34994593 0.02309999 -0.02785091
v -0.35062096 0.02309999 -0.02767004
v -0.35111508 0.02309999 -0.02717592
v -0.35129592 0.02309999 -0.02650090
v -0.35111508 0.02309999 -0.02582590
v -0.35062096 0.02309999 -0.02533178
v -0.34994593 0.02309999 -0.02515091
v -0.34994593 0.02309999 0.02514909
v -0.35062096 0.02309999 0.02532996
v -0.35111508 0.02309999 0.02582408
v -0.35129592 0.02309999 0.02649908
v -0.35111508 0.02309999 0.02717410
v -0.35062096 0.02309999 0.02766822
v -0.34994593 0.02309999 0.02784909
v -0.32395914 0.01745000 0.01489548
v -0.32488498 0.01275000 0.01640846
v -0.32260314 0.01745000 0.01222341
v -0.32252678 0.01275000 0.01205085
v -0.32091799 0.01275000 0.00736455
v -0.32146439 0.01745000 0.00925843
v -0.32252678 0.01745000 0.01205085
v -0.32010248 0.01745000 0.00247739
v -0.32015559 0.01745000 0.00305162
v -0.32010248 0.01275000 0.00247739
v -0.32064548 0.01745000 0.00618972
v -0.32091799 0.01745000 0.00736455
v -0.32000026 0.01745000 -0.00012069
v -0.32010248 0.01275000 -0.00247739
v -0.32010248 0.01745000 -0.00247739
v -0.32091799 0.01275000 -0.00736456
v -0.32069620 0.01745000 -0.00642570
v -0.32018110 0.01745000 -0.00329162
v -0.32252678 0.01275000 -0.01205085
v -0.32153979 0.01745000 -0.00948774
v -0.32091799 0.01745000 -0.00736456
v -0.32407984 0.02425000 -0.01510452
v -0.32407984 0.01745000 -0.01510452
v -0.32488498 0.01275000 -0.01640843
v -0.32270232 0.01745000 -0.01244341
v -0.32252678 0.01745000 -0.01205085
v -0.32488498 0.02425000 -0.01640843
v -0.32792827 0.01275000 -0.02031844
v -0.32792827 0.02425000 -0.02031844
v -0.33157364 0.01275000 -0.02367421
v -0.33157364 0.02425000 -0.02367421
v -0.33572158 0.01275000 -0.02638422
v -0.33572158 0.02425000 -0.02638422
v -0.34025899 0.01275000 -0.02837451
v -0.34025899 0.02425000 -0.02837451
v -0.34506217 0.01275000 -0.02959083
v -0.34506217 0.02425000 -0.02959083
v -0.34999999 0.01275000 -0.02999999
v -0.32792827 0.01275000 0.02031843
v -0.33157364 0.01275000 0.02367420
v -0.33572158 0.01275000 0.02638422
v -0.34025899 0.01275000 0.02837451
v -0.34506217 0.01275000 0.02959083
v -0.34999999 0.01275000 0.03000001
v -0.34994593 0.02224999 -0.02785091
v -0.35062096 0.02224999 -0.02767004
v -0.35111508 0.02224999 -0.02717592
v -0.35129592 0.02224999 -0.02650090
v -0.35111508 0.02224999 -0.02582590
v -0.35062096 0.02224999 -0.02533178
v -0.34994593 0.02224999 -0.02515091
v -0.34994593 0.02224999 0.02514909
v -0.35062096 0.02224999 0.02532996
v -0.35111508 0.02224999 0.02582408
v -0.35129592 0.02224999 0.02649908
v -0.35111508 0.02224999 0.02717410
v -0.35062096 0.02224999 0.02766822
v -0.34994593 0.02224999 0.02784909
v -0.35421619 0.02224999 -0.02797689
v -0.35421619 0.02354999 -0.02797689
v -0.35460398 0.02354999 -0.02791493
v -0.35421619 0.02354999 0.02797507
v -0.35421619 0.02224999 0.02797507
v -0.35460398 0.02125000 0.02791311
v -0.34994593 0.02125000 0.02829908
v -0.35208723 0.02224999 0.02821795
v -0.34994593 0.02224999 0.02829908
v -0.34994593 0.02125000 -0.02830090
v -0.34994593 0.02224999 -0.02830090
v -0.35208723 0.02224999 -0.02821978
v -0.35460398 0.02125000 -0.02791493
v -0.35913494 0.02125000 -0.02676754
v -0.35913494 0.02354999 -0.02676754
v -0.36341527 0.02125000 -0.02489002
v -0.36341527 0.02354999 -0.02489002
v -0.36732814 0.02125000 -0.02233358
v -0.36732814 0.02354999 -0.02233358
v -0.37076691 0.02125000 -0.01916798
v -0.37076691 0.02354999 -0.01916798
v -0.37363777 0.02125000 -0.01547955
v -0.37363777 0.02354999 -0.01547955
v -0.37586233 0.02125000 -0.01136889
v -0.37586233 0.02354999 -0.01136889
v -0.37737998 0.02125000 -0.00694816
v -0.37737998 0.02354999 -0.00694816
v -0.37814930 0.02125000 -0.00233792
v -0.37814930 0.02354999 -0.00233792
v -0.37814930 0.02125000 0.00233610
v -0.37814930 0.02354999 0.00233610
v -0.37737998 0.02125000 0.00694634
v -0.37737998 0.02354999 0.00694634
v -0.37586233 0.02125000 0.01136707
v -0.37586233 0.02354999 0.01136707
v -0.37363777 0.02125000 0.01547773
v -0.37363777 0.02354999 0.01547773
v -0.37076691 0.02125000 0.01916615
v -0.37076691 0.02354999 0.01916615
v -0.36732814 0.02125000 0.02233176
v -0.36732814 0.02354999 0.02233176
v -0.36341527 0.02125000 0.02488820
v -0.36341527 0.02354999 0.02488820
v -0.35913494 0.02125000 0.02676572
v -0.35913494 0.02354999 0.02676572
v -0.35460398 0.02354999 0.02791311
v -0.34954432 0.01342230 -0.02862580
v -0.34981290 0.01326557 -0.02878507
v -0.34753785 0.01275000 -0.02920179
v -0.34907463 0.01365666 -0.02838086
v -0.34857610 0.01374823 -0.02826949
v -0.34849539 0.01375000 -0.02826370
v -0.35025761 0.01310735 -0.02894192
v -0.35075131 0.01305000 -0.02898972
v -0.35235402 0.01275000 -0.02920179
v -0.32064673 0.01275000 -0.00022008
v -0.32064596 0.01275000 -0.00000091
v -0.32164595 0.01375000 -0.00000091
v -0.37894592 0.01305000 -0.00000091
v -0.37924591 0.01275000 -0.00000091
v -0.37894514 0.01305000 -0.00021784
v -0.37924513 0.01275000 -0.00022008
v -0.37885037 0.01305000 -0.00235345
v -0.37881342 0.01275000 -0.00501685
v -0.37760171 0.01275000 -0.00967808
v -0.37808952 0.01305000 -0.00699662
v -0.37851784 0.01305000 -0.00496547
v -0.37564281 0.01275000 -0.01407786
v -0.37658778 0.01305000 -0.01145564
v -0.37731853 0.01305000 -0.00957899
v -0.37298962 0.01275000 -0.01809730
v -0.37438479 0.01305000 -0.01561316
v -0.37537971 0.01305000 -0.01393373
v -0.36971375 0.01275000 -0.02162780
v -0.37153849 0.01305000 -0.01935966
v -0.37275365 0.01305000 -0.01791202
v -0.36590388 0.01275000 -0.02457397
v -0.36812380 0.01305000 -0.02259661
v -0.36951140 0.01305000 -0.02140637
v -0.36166278 0.01275000 -0.02685617
v -0.36423060 0.01305000 -0.02523877
v -0.36574045 0.01305000 -0.02432235
v -0.35710511 0.01275000 -0.02841281
v -0.35996136 0.01305000 -0.02721654
v -0.36154279 0.01305000 -0.02658121
v -0.35232934 0.01305000 -0.02890279
v -0.35542849 0.01305000 -0.02847795
v -0.35703179 0.01305000 -0.02812191
v -0.32164672 0.01375000 -0.00021260
v -0.32174256 0.01375000 -0.00233792
v -0.32107845 0.01275000 -0.00501685
v -0.32206371 0.01375000 -0.00484564
v -0.32251188 0.01375000 -0.00694816
v -0.32229015 0.01275000 -0.00967808
v -0.32323405 0.01375000 -0.00934781
v -0.32402954 0.01375000 -0.01136889
v -0.32424906 0.01275000 -0.01407786
v -0.32512608 0.01375000 -0.01359742
v -0.32625410 0.01375000 -0.01547955
v -0.32690224 0.01275000 -0.01809730
v -0.32768872 0.01375000 -0.01747967
v -0.32912496 0.01375000 -0.01916798
v -0.33017811 0.01275000 -0.02162780
v -0.33085278 0.01375000 -0.02088969
v -0.33256373 0.01375000 -0.02233358
v -0.33398798 0.01275000 -0.02457397
v -0.33453265 0.01375000 -0.02373530
v -0.33647659 0.01375000 -0.02489002
v -0.33822909 0.01275000 -0.02685617
v -0.33862898 0.01375000 -0.02593963
v -0.34075692 0.01375000 -0.02676754
v -0.34278676 0.01275000 -0.02841281
v -0.34303108 0.01375000 -0.02744313
v -0.34528789 0.01375000 -0.02791493
v -0.34762004 0.01375000 -0.02820517
v -0.34994593 0.02224999 -0.02450092
v -0.34994593 0.02354999 -0.02450092
v -0.35087255 0.02354999 -0.02472852
v -0.35087255 0.02224999 -0.02472852
v -0.35158828 0.02354999 -0.02535953
v -0.35158828 0.02224999 -0.02535953
v -0.35193017 0.02354999 -0.02625035
v -0.35193017 0.02224999 -0.02625035
v -0.35227206 0.02224999 -0.02714114
v -0.35227206 0.02354999 -0.02714114
v -0.35298780 0.02224999 -0.02777218
v -0.35298780 0.02354999 -0.02777218
v -0.35343733 0.02224999 -0.02794205
v -0.35391441 0.02354999 -0.02799978
v -0.35391441 0.02224999 -0.02799978
v -0.35391441 0.02224999 0.02799795
v -0.35391441 0.02354999 0.02799795
v -0.35298780 0.02224999 0.02777035
v -0.35298780 0.02354999 0.02777035
v -0.35227206 0.02224999 0.02713932
v -0.35227206 0.02354999 0.02713932
v -0.35193017 0.02224999 0.02624853
v -0.35193017 0.02354999 0.02624853
v -0.32494387 0.02475000 -0.01410102
v -0.32530358 0.02475000 -0.01613496
v -0.32781628 0.02475000 -0.01410102
v -0.32829615 0.02475000 -0.01997982
v -0.32872215 0.02475000 -0.01398178
v -0.33188072 0.02475000 -0.02327965
v -0.33595952 0.02475000 -0.02594449
v -0.34786746 0.02475000 0.02529909
v -0.34754595 0.02475000 0.02649908
v -0.34514448 0.02475000 -0.02909766
v -0.34786746 0.02475000 -0.02770092
v -0.34042135 0.02475000 -0.02790161
v -0.34754595 0.02475000 -0.02650090
v -0.34786746 0.02475000 -0.02530091
v -0.32434890 0.02475000 0.01425327
v -0.32446322 0.02475000 0.01405613
v -0.32433394 0.02475000 0.01448072
v -0.32465324 0.02475000 0.01393021
v -0.32482722 0.02475000 0.01389898
v -0.32781628 0.02475000 0.01389898
v -0.34786746 0.02475000 0.02769910
v -0.34874591 0.02475000 0.02857755
v -0.32457885 0.02475000 -0.01425933
v -0.32446483 0.02475000 -0.01445769
v -0.32476923 0.02475000 -0.01413252
v -0.32445112 0.02475000 -0.01468606
v -0.32451186 0.02475000 -0.01485278
v -0.34874591 0.02475000 -0.02857937
v -0.32956627 0.02475000 0.01343007
v -0.33029112 0.02475000 0.01287384
v -0.33131626 0.02475000 -0.01060103
v -0.33119699 0.02475000 -0.01150690
v -0.33084735 0.02475000 -0.01235102
v -0.34874591 0.02475000 0.02442063
v -0.32872215 0.02475000 0.01377971
v -0.33029112 0.02475000 -0.01307590
v -0.32956627 0.02475000 -0.01363211
v -0.33084735 0.02475000 0.01214896
v -0.33119699 0.02475000 0.01130484
v -0.33131626 0.02475000 0.01039897
v -0.34874591 0.02475000 -0.02442245
v -0.34874591 0.02415000 -0.02442245
v -0.34786746 0.02415000 -0.02530091
v -0.34754595 0.02415000 -0.02650090
v -0.34786746 0.02415000 -0.02770092
v -0.34874591 0.02415000 -0.02857937
v -0.34874591 0.02415000 0.02857755
v -0.34786746 0.02415000 0.02769910
v -0.34754595 0.02415000 0.02649908
v -0.34786746 0.02415000 0.02529909
v -0.34874591 0.02415000 0.02442063
v -0.32494387 0.02425000 -0.01360102
v -0.32781628 0.02425000 -0.01360102
v -0.32482722 0.02425000 0.01339896
v -0.32781628 0.02425000 0.01339896
v -0.33081630 0.02425000 0.01039897
v -0.33071408 0.02425000 0.01117544
v -0.33041432 0.02425000 0.01189898
v -0.32993761 0.02425000 0.01252030
v -0.32931629 0.02425000 0.01299704
v -0.32859275 0.02425000 0.01329674
v -0.33081630 0.02425000 -0.01060103
v -0.32859275 0.02425000 -0.01349880
v -0.32931629 0.02425000 -0.01319911
v -0.32993761 0.02425000 -0.01272236
v -0.33041432 0.02425000 -0.01210104
v -0.33071408 0.02425000 -0.01137750
v -0.34927091 0.02309999 -0.02533178
v -0.34877679 0.02309999 -0.02582590
v -0.34859595 0.02309999 -0.02650090
v -0.34877679 0.02309999 -0.02717592
v -0.34927091 0.02309999 -0.02767004
v -0.34927091 0.02309999 0.02766822
v -0.34877679 0.02309999 0.02717410
v -0.34859595 0.02309999 0.02649908
v -0.34877679 0.02309999 0.02582408
v -0.34927091 0.02309999 0.02532996
v -0.32512805 0.01845000 -0.01360102
v -0.32494387 0.01845000 -0.01360102
v -0.32512805 0.02175000 -0.01360102
v -0.32781628 0.02175000 -0.01360102
v -0.35493782 0.01275000 0.02959083
v -0.35974100 0.01275000 0.02837451
v -0.36427841 0.01275000 0.02638422
v -0.36842635 0.01275000 0.02367420
v -0.37207171 0.01275000 0.02031843
v -0.37511501 0.01275000 0.01640846
v -0.37747321 0.01275000 0.01205085
v -0.37908199 0.01275000 0.00736455
v -0.37989751 0.01275000 0.00247739
v -0.37989751 0.01275000 -0.00247739
v -0.37908199 0.01275000 -0.00736456
v -0.37747321 0.01275000 -0.01205085
v -0.37511501 0.01275000 -0.01640843
v -0.37207171 0.01275000 -0.02031844
v -0.36842635 0.01275000 -0.02367421
v -0.36427841 0.01275000 -0.02638422
v -0.35974100 0.01275000 -0.02837451
v -0.35493782 0.01275000 -0.02959083
v -0.32482722 0.01845000 0.01339896
v -0.32501939 0.01845000 0.01339896
v -0.32501939 0.02175000 0.01339896
v -0.32781628 0.02175000 0.01339896
v -0.33081630 0.02175000 0.01039897
v -0.33041432 0.02175000 0.01189898
v -0.32931629 0.02175000 0.01299704
v -0.33081630 0.02354999 -0.00525092
v -0.33081630 0.02175000 -0.00525092
v -0.33081630 0.02175000 -0.01060103
v -0.33081630 0.02175000 0.00524910
v -0.33081630 0.02354999 0.00524910
v -0.32931629 0.02175000 -0.01319911
v -0.33041432 0.02175000 -0.01210104
v -0.34927091 0.02224999 -0.02533178
v -0.34877679 0.02224999 -0.02582590
v -0.34859595 0.02224999 -0.02650090
v -0.34877679 0.02224999 -0.02717592
v -0.34927091 0.02224999 -0.02767004
v -0.34927091 0.02224999 0.02766822
v -0.34877679 0.02224999 0.02717410
v -0.34859595 0.02224999 0.02649908
v -0.34877679 0.02224999 0.02582408
v -0.34927091 0.02224999 0.02532996
v -0.32395843 0.02425000 -0.01477109
v -0.32398584 0.02425000 -0.01431434
v -0.32400182 0.01820572 -0.01426543
v -0.32394645 0.01800616 -0.01452930
v -0.32394573 0.01789276 -0.01466225
v -0.32404599 0.01752039 -0.01504125
v -0.32421383 0.02425000 -0.01391764
v -0.32459465 0.02425000 -0.01366399
v -0.32459465 0.01845000 -0.01366399
v -0.32445535 0.01845000 -0.01372849
v -0.32418808 0.01839078 -0.01394622
v -0.32409552 0.01832745 -0.01407154
v -0.32915565 0.02175000 -0.01383461
v -0.32781628 0.02175000 -0.01410102
v -0.32540867 0.02175000 -0.01410102
v -0.33131626 0.02175000 -0.00525092
v -0.33131626 0.02175000 -0.01060103
v -0.33104983 0.02175000 -0.01194041
v -0.33029112 0.02175000 -0.01307590
v -0.32540867 0.02354999 -0.01410102
v -0.32625410 0.02354999 -0.01547955
v -0.34567568 0.02224999 0.02797507
v -0.34567568 0.02354999 0.02797507
v -0.34528789 0.02354999 0.02791311
v -0.34849539 0.02125000 0.02826188
v -0.34528789 0.02354999 -0.02791493
v -0.34567568 0.02354999 -0.02797689
v -0.34567568 0.02224999 -0.02797689
v -0.34849539 0.02125000 -0.02826370
v -0.32402954 0.01845000 -0.01136889
v -0.32251188 0.01845000 -0.00694816
v -0.32174256 0.01845000 -0.00233792
v -0.32164672 0.01375000 0.00021078
v -0.32174256 0.01845000 0.00233610
v -0.32174256 0.01375000 0.00233610
v -0.32206371 0.01375000 0.00484381
v -0.32251188 0.01845000 0.00694634
v -0.32251188 0.01375000 0.00694634
v -0.32323405 0.01375000 0.00934599
v -0.32402954 0.01845000 0.01136707
v -0.32625410 0.02354999 0.01547773
v -0.32529470 0.02354999 0.01389898
v -0.32529470 0.02175000 0.01389898
v -0.32625410 0.01375000 0.01547773
v -0.32512608 0.01375000 0.01359559
v -0.32402954 0.01375000 0.01136707
v -0.34075692 0.02354999 -0.02676754
v -0.33647659 0.02354999 -0.02489002
v -0.33256373 0.02354999 -0.02233358
v -0.32912496 0.02354999 -0.01916798
v -0.32768872 0.01375000 0.01747785
v -0.32912496 0.02354999 0.01916615
v -0.32912496 0.01375000 0.01916615
v -0.33085278 0.01375000 0.02088786
v -0.33256373 0.02354999 0.02233176
v -0.33256373 0.01375000 0.02233176
v -0.33453265 0.01375000 0.02373348
v -0.33647659 0.02354999 0.02488820
v -0.33647659 0.01375000 0.02488820
v -0.33862898 0.01375000 0.02593781
v -0.34075692 0.02354999 0.02676572
v -0.34849539 0.01375000 0.02826188
v -0.34762004 0.01375000 0.02820335
v -0.34528789 0.01375000 0.02791311
v -0.34303108 0.01375000 0.02744131
v -0.34075692 0.01375000 0.02676572
v -0.37924513 0.01275000 0.00021826
v -0.37881342 0.01275000 0.00501503
v -0.37760171 0.01275000 0.00967626
v -0.37564281 0.01275000 0.01407604
v -0.37298962 0.01275000 0.01809548
v -0.36971375 0.01275000 0.02162598
v -0.36590388 0.01275000 0.02457215
v -0.36166278 0.01275000 0.02685438
v -0.35710511 0.01275000 0.02841098
v -0.35235402 0.01275000 0.02919997
v -0.34753785 0.01275000 0.02919997
v -0.34278676 0.01275000 0.02841098
v -0.33822909 0.01275000 0.02685438
v -0.33398798 0.01275000 0.02457215
v -0.33017811 0.01275000 0.02162598
v -0.32690224 0.01275000 0.01809548
v -0.32424906 0.01275000 0.01407604
v -0.32229015 0.01275000 0.00967626
v -0.32107845 0.01275000 0.00501503
v -0.32064673 0.01275000 0.00021826
v -0.32447925 0.02425000 0.01346145
v -0.32384065 0.02425000 0.01456244
v -0.32409927 0.02425000 0.01371328
v -0.32434574 0.01845000 0.01352252
v -0.32447925 0.01845000 0.01346145
v -0.32387057 0.02425000 0.01410760
v -0.32398269 0.01832701 0.01386343
v -0.32407042 0.01838754 0.01374532
v -0.32383040 0.01786928 0.01447855
v -0.32383040 0.01800632 0.01431905
v -0.32387379 0.01817665 0.01409735
v -0.32275966 0.01800989 0.01215355
v -0.32285836 0.01800989 -0.01237230
v -0.32318082 0.01833045 -0.01222529
v -0.32361224 0.01845000 -0.01202865
v -0.32260993 0.01757209 0.01222034
v -0.32308337 0.01833045 0.01200913
v -0.32270917 0.01757209 -0.01244031
v -0.32154688 0.01757209 -0.00948535
v -0.32070354 0.01757209 -0.00642409
v -0.32000771 0.01757209 -0.00012066
v -0.32018855 0.01757209 -0.00329082
v -0.32016304 0.01757209 0.00305085
v -0.32147148 0.01757209 0.00925614
v -0.32065281 0.01757209 0.00618817
v -0.32170245 0.01800989 -0.00943349
v -0.32086369 0.01800989 -0.00638898
v -0.32035151 0.01800989 -0.00327282
v -0.32017168 0.01800989 -0.00012000
v -0.32032612 0.01800989 0.00303419
v -0.32081321 0.01800989 0.00615434
v -0.32162747 0.01800989 0.00920553
v -0.32203868 0.01833045 -0.00932141
v -0.32120988 0.01833045 -0.00631304
v -0.32070383 0.01833045 -0.00323393
v -0.32052609 0.01833045 -0.00011857
v -0.32067874 0.01833045 0.00299813
v -0.32116005 0.01833045 0.00608124
v -0.32196459 0.01833045 0.00909616
v -0.32248846 0.01845000 -0.00917147
v -0.32167301 0.01845000 -0.00621151
v -0.32117507 0.01845000 -0.00318192
v -0.32100025 0.01845000 -0.00011666
v -0.32115039 0.01845000 0.00294991
v -0.32162395 0.01845000 0.00598340
v -0.32241556 0.01845000 0.00894983
v -0.32351634 0.01845000 0.01181595
v -0.33131626 0.02175000 0.00524910
v -0.33131626 0.02175000 0.01039897
v -0.33104983 0.02175000 0.01173837
v -0.33029112 0.02175000 0.01287384
v -0.32781628 0.02175000 0.01389898
v -0.32915565 0.02175000 0.01363255
v -0.33131626 0.02354999 0.00524910
v -0.33131626 0.02354999 -0.00525092
v -0.34901932 0.02354999 -0.02472852
v -0.33131626 0.02354999 -0.01060103
v -0.32781628 0.02354999 -0.01410102
v -0.32915565 0.02354999 -0.01383461
v -0.33029112 0.02354999 -0.01307590
v -0.34901932 0.02354999 0.02472670
v -0.34994593 0.02354999 0.02449910
v -0.35087255 0.02354999 0.02472670
v -0.34830359 0.02354999 0.02535771
v -0.33104983 0.02354999 0.01173837
v -0.35158828 0.02354999 0.02535771
v -0.34796169 0.02354999 -0.02625035
v -0.34830359 0.02354999 -0.02535953
v -0.33104983 0.02354999 -0.01194041
v -0.32781628 0.02354999 0.01389898
v -0.32915565 0.02354999 0.01363255
v -0.33029112 0.02354999 0.01287384
v -0.33131626 0.02354999 0.01039897
v -0.34718278 0.02354999 -0.02759575
v -0.34646776 0.02354999 -0.02793874
v -0.34770831 0.02354999 -0.02700181
v -0.34796169 0.02354999 0.02624853
v -0.34646776 0.02354999 0.02793692
v -0.34718278 0.02354999 0.02759392
v -0.34770831 0.02354999 0.02699999
v -0.34646776 0.02224999 -0.02793874
v -0.34718278 0.02224999 -0.02759575
v -0.34770831 0.02224999 -0.02700181
v -0.34796169 0.02224999 -0.02625035
v -0.34830359 0.02224999 -0.02535953
v -0.34901932 0.02224999 -0.02472852
v -0.34646776 0.02224999 0.02793692
v -0.34718278 0.02224999 0.02759392
v -0.35158828 0.02224999 0.02535771
v -0.35087255 0.02224999 0.02472670
v -0.34994593 0.02224999 0.02449910
v -0.34901932 0.02224999 0.02472670
v -0.34830359 0.02224999 0.02535771
v -0.34796169 0.02224999 0.02624853
v -0.34770831 0.02224999 0.02699999
v -0.34904864 0.02125000 -0.02837165
v -0.34954432 0.02125000 -0.02862580
v -0.35025713 0.01310735 0.02894006
v -0.35075131 0.01305000 0.02898790
v -0.34940246 0.01351110 0.02853279
v -0.34892485 0.01369935 0.02833132
v -0.34980962 0.01326698 0.02878178
v -0.34954432 0.01342230 0.02862398
v -0.35542849 0.01305000 0.02847613
v -0.35232934 0.01305000 0.02890099
v -0.35996136 0.01305000 0.02721475
v -0.35703179 0.01305000 0.02812008
v -0.36423060 0.01305000 0.02523695
v -0.36154279 0.01305000 0.02657939
v -0.36812380 0.01305000 0.02259479
v -0.36574045 0.01305000 0.02432053
v -0.37153849 0.01305000 0.01935784
v -0.36951140 0.01305000 0.02140455
v -0.37438479 0.01305000 0.01561133
v -0.37275365 0.01305000 0.01791020
v -0.37658778 0.01305000 0.01145382
v -0.37537971 0.01305000 0.01393191
v -0.37808952 0.01305000 0.00699483
v -0.37731853 0.01305000 0.00957717
v -0.37885037 0.01305000 0.00235166
v -0.37851784 0.01305000 0.00496365
v -0.37894514 0.01305000 0.00021602
v -0.34954432 0.02125000 0.02862398
v -0.34904864 0.02125000 0.02836983
v -0.35011837 0.02125000 -0.02890535
v -0.35011837 0.02125000 0.02890353
v -0.35075131 0.02125000 0.02898790
v -0.35542849 0.02125000 0.02847613
v -0.35996136 0.02125000 0.02721475
v -0.36423060 0.02125000 0.02523695
v -0.36812380 0.02125000 0.02259479
v -0.37153849 0.02125000 0.01935784
v -0.37438479 0.02125000 0.01561133
v -0.37658778 0.02125000 0.01145382
v -0.37808952 0.02125000 0.00699483
v -0.37885037 0.02125000 0.00235166
v -0.37885037 0.02125000 -0.00235345
v -0.37808952 0.02125000 -0.00699662
v -0.37658778 0.02125000 -0.01145564
v -0.37438479 0.02125000 -0.01561316
v -0.37153849 0.02125000 -0.01935966
v -0.36812380 0.02125000 -0.02259661
v -0.36423060 0.02125000 -0.02523877
v -0.35996136 0.02125000 -0.02721654
v -0.35542849 0.02125000 -0.02847795
v -0.35075131 0.02125000 -0.02898972
v -0.34999999 -0.02200000 0.03470096
v -0.34999999 -0.02275000 0.03450000
v -0.34999999 -0.01725000 0.03100000
v -0.34999999 0.03025000 0.04100000
v -0.34999999 -0.02875000 0.04100000
v -0.34999999 0.01325000 0.03900000
v -0.34999999 -0.01725000 0.03900000
v -0.34999999 -0.02975000 0.03100000
v -0.34999999 0.02725000 0.01200000
v -0.34999999 0.02825000 0.01200000
v -0.34999999 0.02825000 0.01350000
v -0.34999999 -0.02975000 0.04000000
v -0.34999999 -0.02404904 0.03675000
v -0.34999999 0.02725000 0.03200000
v -0.34999999 0.03125000 0.01350000
v -0.34999999 0.03125000 0.04000000
v -0.34999999 -0.02200000 0.03729904
v -0.34999999 -0.02275000 0.03750000
v -0.34999999 -0.02350000 0.03729904
v -0.34999999 -0.02350000 0.03470096
v -0.34999999 -0.02404904 0.03525000
v -0.34999999 -0.02425000 0.03600000
v -0.34999999 -0.02145096 0.03675000
v -0.34999999 -0.02125000 0.03600000
v -0.34999999 -0.02145096 0.03525000
v -0.34999999 0.01325000 0.03200000
v -0.34999999 0.02095096 0.03525000
v -0.34999999 0.02075000 0.03600000
v -0.34999999 0.02095096 0.03675000
v -0.34999999 0.02354904 0.03675000
v -0.34999999 0.02375000 0.03600000
v -0.34999999 0.02354904 0.03525000
v -0.34999999 0.02300000 0.03470096
v -0.34999999 0.02225000 0.03450000
v -0.34999999 0.02150000 0.03470096
v -0.34999999 0.02150000 0.03729904
v -0.34999999 0.02225000 0.03750000
v -0.34999999 0.02300000 0.03729904
v -0.34999999 0.02825000 -0.01200000
v -0.34999999 0.02725000 -0.01200000
v -0.34999999 0.02825000 -0.01350000
v -0.34999999 0.02725000 -0.03200000
v -0.34999999 0.03125000 -0.01350000
v -0.34999999 0.03125000 -0.04000000
v -0.34999999 0.02225000 -0.03750000
v -0.34999999 0.02150000 -0.03729904
v -0.34999999 0.01325000 -0.03900000
v -0.34999999 -0.01725000 -0.03900000
v -0.34999999 -0.02875000 -0.04100000
v -0.34999999 0.03025000 -0.04100000
v -0.34999999 0.02300000 -0.03729904
v -0.34999999 0.02095096 -0.03675000
v -0.34999999 0.02075000 -0.03600000
v -0.34999999 0.01325000 -0.03200000
v -0.34999999 0.02095096 -0.03525000
v -0.34999999 0.02150000 -0.03470096
v -0.34999999 0.02225000 -0.03450000
v -0.34999999 -0.02125000 -0.03600000
v -0.34999999 -0.02145096 -0.03675000
v -0.34999999 0.02300000 -0.03470096
v -0.34999999 0.02354904 -0.03525000
v -0.34999999 0.02375000 -0.03600000
v -0.34999999 0.02354904 -0.03675000
v -0.34999999 -0.02975000 -0.04000000
v -0.34999999 -0.02425000 -0.03600000
v -0.34999999 -0.02975000 -0.03100000
v -0.34999999 -0.02404904 -0.03525000
v -0.34999999 -0.02200000 -0.03729904
v -0.34999999 -0.02275000 -0.03750000
v -0.34999999 -0.02350000 -0.03729904
v -0.34999999 -0.02404904 -0.03675000
v -0.34999999 -0.02350000 -0.03470096
v -0.34999999 -0.02275000 -0.03450000
v -0.34999999 -0.01725000 -0.03100000
v -0.34999999 -0.02200000 -0.03470096
v -0.34999999 -0.02145096 -0.03525000
v -0.37350249 -0.02343306 0.03359512
v -0.37363788 -0.02275000 0.03350000
v -0.37409920 -0.02875000 0.03316970
v -0.37315592 -0.02400000 0.03383494
v -0.37070718 -0.02517358 0.03538661
v -0.37175861 -0.02491506 0.03475000
v -0.37250531 -0.02455584 0.03427114
v -0.36962143 -0.02525000 0.03600000
v -0.36861360 -0.02875000 0.03653127
v -0.36861360 -0.02519290 0.03653127
v -0.37315592 0.02100000 0.03383494
v -0.37350249 0.02156694 0.03359512
v -0.37350211 -0.02206594 0.03359541
v -0.37315592 -0.02150000 0.03383494
v -0.37250775 -0.02094570 0.03426954
v -0.37250531 0.02044416 0.03427114
v -0.37175861 -0.02058494 0.03475000
v -0.37175861 0.02008494 0.03475000
v -0.37363788 0.02225000 0.03350000
v -0.37350211 0.02293406 0.03359541
v -0.37315592 0.02350000 0.03383494
v -0.37409920 0.03025000 0.03316970
v -0.37250775 0.02405430 0.03426954
v -0.37175861 0.02441506 0.03475000
v -0.37070695 0.02467362 0.03538676
v -0.36861360 0.03025000 0.03653127
v -0.36418366 0.02264576 0.03846848
v -0.36409786 0.02225000 0.03850000
v -0.36266971 0.03025000 0.03899332
v -0.36602983 0.02404848 0.03773651
v -0.36498091 0.02350000 0.03816506
v -0.36439583 0.02298476 0.03838959
v -0.36962143 0.02475000 0.03600000
v -0.36861360 0.02469290 0.03653127
v -0.36713001 0.02441506 0.03725000
v -0.36498091 0.02100000 0.03816506
v -0.36439583 -0.02201524 0.03838959
v -0.36439458 0.02151675 0.03839005
v -0.36418366 -0.02235424 0.03846848
v -0.36418369 0.02185417 0.03846847
v -0.37070718 0.01982642 0.03538661
v -0.37070695 -0.02032638 0.03538676
v -0.36962143 0.01975000 0.03600000
v -0.36962143 -0.02025000 0.03600000
v -0.36861360 0.01980710 0.03653127
v -0.36861360 -0.02030710 0.03653127
v -0.36713001 0.02008494 0.03725000
v -0.36713001 -0.02058494 0.03725000
v -0.36603379 0.02044990 0.03773484
v -0.36602983 -0.02095152 0.03773651
v -0.36498091 -0.02150000 0.03816506
v -0.36409786 -0.02275000 0.03850000
v -0.36418369 -0.02314583 0.03846847
v -0.36266971 -0.02875000 0.03899332
v -0.36439458 -0.02348325 0.03839005
v -0.36498091 -0.02400000 0.03816506
v -0.36603379 -0.02455010 0.03773484
v -0.36713001 -0.02491506 0.03725000
v -0.36418369 -0.02314585 -0.03846846
v -0.36409786 -0.02275000 -0.03850000
v -0.36266971 -0.02875000 -0.03899332
v -0.36602744 -0.02454750 -0.03773752
v -0.36498091 -0.02400000 -0.03816506
v -0.36439565 -0.02348454 -0.03838965
v -0.36713001 -0.02491506 -0.03725000
v -0.36861360 -0.02875000 -0.03653127
v -0.36861360 -0.02519290 -0.03653127
v -0.36418369 0.02185415 -0.03846846
v -0.36418399 -0.02235349 -0.03846835
v -0.36439565 0.02151546 -0.03838965
v -0.36439449 -0.02201685 -0.03839008
v -0.36498091 -0.02150000 -0.03816506
v -0.36409786 0.02225000 -0.03850000
v -0.36418399 0.02264651 -0.03846835
v -0.36266971 0.03025000 -0.03899332
v -0.36439449 0.02298315 -0.03839008
v -0.36498091 0.02350000 -0.03816506
v -0.36602756 0.02404754 -0.03773748
v -0.36713001 0.02441506 -0.03725000
v -0.36861360 0.03025000 -0.03653127
v -0.37350219 0.02293380 -0.03359533
v -0.37363788 0.02225000 -0.03350000
v -0.37409920 0.03025000 -0.03316970
v -0.37175861 0.02441506 -0.03475000
v -0.37250704 0.02405476 -0.03427001
v -0.37315592 0.02350000 -0.03383494
v -0.36861360 0.02469290 -0.03653127
v -0.36962143 0.02475000 -0.03600000
v -0.37071207 0.02467286 -0.03538375
v -0.37315592 -0.02150000 -0.03383494
v -0.37350219 -0.02206620 -0.03359533
v -0.37315592 0.02100000 -0.03383494
v -0.37350199 0.02156569 -0.03359548
v -0.37250704 -0.02094524 -0.03427001
v -0.37250510 0.02044403 -0.03427128
v -0.37175861 -0.02058494 -0.03475000
v -0.37175861 0.02008494 -0.03475000
v -0.37071207 -0.02032714 -0.03538375
v -0.37071019 0.01982686 -0.03538486
v -0.36962143 -0.02025000 -0.03600000
v -0.36962143 0.01975000 -0.03600000
v -0.36861360 -0.02030710 -0.03653127
v -0.36861360 0.01980710 -0.03653127
v -0.36713001 -0.02058494 -0.03725000
v -0.36713001 0.02008494 -0.03725000
v -0.36602756 -0.02095246 -0.03773748
v -0.36602744 0.02045250 -0.03773752
v -0.36498091 0.02100000 -0.03816506
v -0.37363788 -0.02275000 -0.03350000
v -0.37350199 -0.02343431 -0.03359548
v -0.37409920 -0.02875000 -0.03316970
v -0.37315592 -0.02400000 -0.03383494
v -0.37250510 -0.02455597 -0.03427128
v -0.37175861 -0.02491506 -0.03475000
v -0.37071019 -0.02517314 -0.03538486
v -0.36962143 -0.02525000 -0.03600000
v -0.35641381 -0.02875000 0.04049522
v -0.35641381 0.03025000 0.04049522
v -0.37899137 -0.02875000 -0.02899138
v -0.37899137 0.03025000 -0.02899138
v -0.38316971 -0.02875000 -0.02409920
v -0.38316971 0.03025000 -0.02409920
v -0.38653126 -0.02875000 -0.01861361
v -0.38653126 0.03025000 -0.01861361
v -0.38899332 -0.02875000 -0.01266970
v -0.38899332 0.03025000 -0.01266970
v -0.39049521 -0.02875000 -0.00641381
v -0.39049521 0.03025000 -0.00641381
v -0.39100000 -0.02875000 0.00000000
v -0.39100000 0.03025000 0.00000000
v -0.39049521 -0.02875000 0.00641381
v -0.39049521 0.03025000 0.00641381
v -0.38899332 -0.02875000 0.01266970
v -0.38899332 0.03025000 0.01266970
v -0.38653126 -0.02875000 0.01861361
v -0.38653126 0.03025000 0.01861361
v -0.38316971 -0.02875000 0.02409920
v -0.38316971 0.03025000 0.02409920
v -0.37899137 -0.02875000 0.02899138
v -0.37899137 0.03025000 0.02899138
v -0.35641381 0.03025000 -0.04049522
v -0.35641381 -0.02875000 -0.04049522
v -0.37913048 -0.02975000 0.01060262
v -0.37907571 -0.02975000 0.01075187
v -0.38045371 -0.02975000 0.00990570
v -0.37828428 -0.02975000 -0.02828427
v -0.36625111 -0.02975000 -0.03115543
v -0.36572647 -0.02975000 -0.02962584
v -0.35982835 -0.02975000 -0.03206892
v -0.35538310 -0.02975000 -0.03052904
v -0.35990569 -0.02975000 -0.03045371
v -0.36060262 -0.02975000 -0.02913047
v -0.36075187 -0.02975000 -0.02907572
v -0.37684679 -0.02975000 -0.01550000
v -0.37816235 -0.02975000 -0.01295691
v -0.37853840 -0.02975000 -0.01452964
v -0.38206893 -0.02975000 0.00982834
v -0.38100001 -0.02975000 0.00000000
v -0.38052905 -0.02975000 0.00538309
v -0.38236067 -0.02975000 -0.02351141
v -0.38274851 -0.02975000 -0.01597366
v -0.38564026 -0.02975000 -0.01815962
v -0.38401070 -0.02975000 -0.01496284
v -0.38804227 -0.02975000 -0.01236068
v -0.38462952 -0.02975000 -0.01346887
v -0.38950753 -0.02975000 -0.00625738
v -0.38445178 -0.02975000 -0.01186161
v -0.38999999 -0.02975000 0.00000000
v -0.38352147 -0.02975000 -0.01053895
v -0.38445178 -0.02975000 0.01186161
v -0.38462952 -0.02975000 0.01346887
v -0.38804227 -0.02975000 0.01236068
v -0.38564026 -0.02975000 0.01815962
v -0.36550000 -0.02975000 0.02684679
v -0.36295691 -0.02975000 0.02816236
v -0.36452964 -0.02975000 0.02853841
v -0.36597365 -0.02975000 -0.03274851
v -0.37351140 -0.02975000 -0.03236068
v -0.36496285 -0.02975000 -0.03401070
v -0.36815962 -0.02975000 -0.03564026
v -0.36346889 -0.02975000 -0.03462952
v -0.36236069 -0.02975000 -0.03804226
v -0.36186162 -0.02975000 -0.03445178
v -0.35625738 -0.02975000 -0.03950753
v -0.36053896 -0.02975000 -0.03352148
v -0.38115543 -0.02975000 -0.01625110
v -0.37962583 -0.02975000 -0.01572647
v -0.38206893 -0.02975000 -0.00982834
v -0.38950753 -0.02975000 0.00625738
v -0.38052905 -0.02975000 -0.00538309
v -0.38045371 -0.02975000 -0.00990570
v -0.37913048 -0.02975000 -0.01060262
v -0.37907571 -0.02975000 -0.01075187
v -0.38401070 -0.02975000 0.01496284
v -0.38274851 -0.02975000 0.01597366
v -0.36572647 -0.02975000 0.02962584
v -0.38115543 -0.02975000 0.01625110
v -0.37962583 -0.02975000 0.01572647
v -0.38352147 -0.02975000 0.01053895
v -0.36992642 -0.02975000 0.02374738
v -0.37374738 -0.02975000 0.01992642
v -0.37684679 -0.02975000 0.01550000
v -0.37853840 -0.02975000 0.01452964
v -0.37816235 -0.02975000 0.01295691
v -0.36075187 -0.02975000 0.02907572
v -0.36060262 -0.02975000 0.02913047
v -0.35990569 -0.02975000 0.03045371
v -0.35538310 -0.02975000 0.03052904
v -0.35982835 -0.02975000 0.03206892
v -0.36053896 -0.02975000 0.03352148
v -0.36186162 -0.02975000 0.03445178
v -0.35625738 -0.02975000 0.03950753
v -0.36346889 -0.02975000 0.03462952
v -0.36236069 -0.02975000 0.03804226
v -0.36496285 -0.02975000 0.03401070
v -0.36815962 -0.02975000 0.03564026
v -0.36597365 -0.02975000 0.03274851
v -0.37351140 -0.02975000 0.03236068
v -0.36625111 -0.02975000 0.03115543
v -0.37828428 -0.02975000 0.02828427
v -0.38236067 -0.02975000 0.02351141
v -0.37374738 -0.02975000 -0.01992642
v -0.36992642 -0.02975000 -0.02374738
v -0.36550000 -0.02975000 -0.02684679
v -0.36452964 -0.02975000 -0.02853841
v -0.36295691 -0.02975000 -0.02816236
v -0.38564026 0.03125000 -0.01815962
v -0.38804227 0.03125000 -0.01236068
v -0.38225946 0.03125000 -0.01537500
v -0.37781987 0.03125000 0.01981458
v -0.37944487 0.03125000 0.02025000
v -0.37828428 0.03125000 0.02828427
v -0.38236067 0.03125000 0.02351141
v -0.38106987 0.03125000 0.01981458
v -0.38564026 0.03125000 0.01815962
v -0.38106987 0.03125000 -0.01418542
v -0.38269487 0.03125000 -0.01700000
v -0.38225946 0.03125000 -0.01862500
v -0.38236067 0.03125000 -0.02351141
v -0.38106987 0.03125000 -0.01981458
v -0.37828428 0.03125000 -0.02828427
v -0.37944487 0.03125000 -0.02025000
v -0.37351140 0.03125000 -0.03236068
v -0.37781987 0.03125000 -0.01981458
v -0.35349405 0.03125000 -0.01304000
v -0.37351140 0.03125000 0.03236068
v -0.36815962 0.03125000 0.03564026
v -0.37663028 0.03125000 0.01862500
v -0.36236069 0.03125000 0.03804226
v -0.38950753 0.03125000 -0.00625738
v -0.38999999 0.03125000 0.00000000
v -0.37944487 0.03125000 -0.01375000
v -0.38269487 0.03125000 0.01700000
v -0.38225946 0.03125000 0.01537500
v -0.35625738 0.03125000 0.03950753
v -0.37619486 0.03125000 0.01700000
v -0.35349405 0.03125000 0.01304000
v -0.38225946 0.03125000 0.01862500
v -0.38804227 0.03125000 0.01236068
v -0.38950753 0.03125000 0.00625738
v -0.37663028 0.03125000 -0.01862500
v -0.37619486 0.03125000 -0.01700000
v -0.37663028 0.03125000 -0.01537500
v -0.37781987 0.03125000 0.01418542
v -0.37781987 0.03125000 -0.01418542
v -0.37944487 0.03125000 0.01375000
v -0.38106987 0.03125000 0.01418542
v -0.35675001 0.03125000 0.01169134
v -0.35954595 0.03125000 0.00954594
v -0.37663028 0.03125000 0.01537500
v -0.36169136 0.03125000 0.00675000
v -0.36304000 0.03125000 0.00349406
v -0.36350000 0.03125000 0.00000000
v -0.35625738 0.03125000 -0.03950753
v -0.36236069 0.03125000 -0.03804226
v -0.36815962 0.03125000 -0.03564026
v -0.35675001 0.03125000 -0.01169134
v -0.36304000 0.03125000 -0.00349406
v -0.36169136 0.03125000 -0.00675000
v -0.35954595 0.03125000 -0.00954594
v -0.37907571 -0.02635000 0.01075187
v -0.37816235 -0.02635000 -0.01295691
v -0.36075187 -0.02635000 -0.02907572
v -0.36295691 -0.02635000 0.02816236
v -0.36060262 -0.01725000 0.02913047
v -0.36075187 -0.02635000 0.02907572
v -0.36186320 -0.02635000 0.02864026
v -0.36550000 -0.01725000 0.02684679
v -0.36295691 -0.02635000 -0.02816236
v -0.36186320 -0.02635000 -0.02864026
v -0.36550000 -0.01725000 -0.02684679
v -0.36060262 -0.01725000 -0.02913047
v -0.37913048 -0.01725000 -0.01060262
v -0.37907571 -0.02635000 -0.01075187
v -0.37864026 -0.02635000 -0.01186319
v -0.37684679 -0.01725000 -0.01550000
v -0.37816235 -0.02635000 0.01295691
v -0.37864026 -0.02635000 0.01186319
v -0.37684679 -0.01725000 0.01550000
v -0.37913048 -0.01725000 0.01060262
v -0.35538310 -0.01725000 0.03052904
v -0.36992642 -0.01725000 0.02374738
v -0.37374738 -0.01725000 0.01992642
v -0.38052905 -0.01725000 0.00538309
v -0.38100001 -0.01725000 0.00000000
v -0.38052905 -0.01725000 -0.00538309
v -0.37374738 -0.01725000 -0.01992642
v -0.36992642 -0.01725000 -0.02374738
v -0.35538310 -0.01725000 -0.03052904
v -0.38155165 -0.01725000 -0.02292362
v -0.38474926 -0.01725000 -0.01770563
v -0.36448348 -0.01725000 -0.03056190
v -0.36770564 -0.01725000 -0.03474925
v -0.37292361 -0.01725000 -0.03155166
v -0.36471123 -0.01725000 -0.03141190
v -0.36386123 -0.01725000 0.03288415
v -0.36770564 -0.01725000 0.03474925
v -0.36301124 -0.01725000 0.03311190
v -0.36205167 -0.01725000 0.03709120
v -0.36216125 -0.01725000 0.03288415
v -0.35610095 -0.01725000 0.03851984
v -0.36153901 -0.01725000 0.03226190
v -0.36131123 -0.01725000 0.03141190
v -0.37757716 -0.01725000 -0.02757716
v -0.38474926 -0.01725000 0.01770563
v -0.38288414 -0.01725000 0.01386124
v -0.38709119 -0.01725000 0.01205166
v -0.38311189 -0.01725000 0.01301124
v -0.38851985 -0.01725000 0.00610094
v -0.36448348 -0.01725000 -0.03226190
v -0.36386123 -0.01725000 -0.03288415
v -0.36205167 -0.01725000 -0.03709120
v -0.36301124 -0.01725000 -0.03311190
v -0.35610095 -0.01725000 -0.03851984
v -0.36216125 -0.01725000 -0.03288415
v -0.36153901 -0.01725000 -0.03226190
v -0.36131123 -0.01725000 -0.03141190
v -0.38141191 -0.01725000 -0.01131124
v -0.38900000 -0.01725000 0.00000000
v -0.38226190 -0.01725000 -0.01153899
v -0.38851985 -0.01725000 -0.00610094
v -0.38288414 -0.01725000 -0.01216124
v -0.38709119 -0.01725000 -0.01205166
v -0.38311189 -0.01725000 -0.01301124
v -0.38288414 -0.01725000 0.01216124
v -0.38226190 -0.01725000 0.01153899
v -0.38288414 -0.01725000 -0.01386124
v -0.38226190 -0.01725000 -0.01448348
v -0.38141191 -0.01725000 -0.01471124
v -0.38056192 -0.01725000 0.01153899
v -0.37993968 -0.01725000 0.01216124
v -0.38056192 -0.01725000 -0.01448348
v -0.36386123 -0.01725000 -0.02993966
v -0.36301124 -0.01725000 -0.02971190
v -0.36216125 -0.01725000 -0.02993966
v -0.36153901 -0.01725000 -0.03056190
v -0.36301124 -0.01725000 0.02971190
v -0.37757716 -0.01725000 0.02757716
v -0.38056192 -0.01725000 0.01448348
v -0.38155165 -0.01725000 0.02292362
v -0.38141191 -0.01725000 0.01471124
v -0.38226190 -0.01725000 0.01448348
v -0.36448348 -0.01725000 0.03226190
v -0.37292361 -0.01725000 0.03155166
v -0.36153901 -0.01725000 0.03056190
v -0.36216125 -0.01725000 0.02993966
v -0.38141191 -0.01725000 0.01131124
v -0.37971190 -0.01725000 0.01301124
v -0.37993968 -0.01725000 0.01386124
v -0.38056192 -0.01725000 -0.01153899
v -0.37993968 -0.01725000 -0.01216124
v -0.37971190 -0.01725000 -0.01301124
v -0.37993968 -0.01725000 -0.01386124
v -0.36448348 -0.01725000 0.03056190
v -0.36386123 -0.01725000 0.02993966
v -0.36471123 -0.01725000 0.03141190
v -0.35610095 0.01325000 0.03851984
v -0.36205167 0.01325000 0.03709120
v -0.36770564 0.01325000 0.03474925
v -0.37292361 0.01325000 0.03155166
v -0.37757716 0.01325000 0.02757716
v -0.38155165 0.01325000 0.02292362
v -0.38474926 0.01325000 0.01770563
v -0.38709119 0.01325000 0.01205166
v -0.38851985 0.01325000 0.00610094
v -0.38900000 0.01325000 0.00000000
v -0.38851985 0.01325000 -0.00610094
v -0.38709119 0.01325000 -0.01205166
v -0.38474926 0.01325000 -0.01770563
v -0.38155165 0.01325000 -0.02292362
v -0.37757716 0.01325000 -0.02757716
v -0.37292361 0.01325000 -0.03155166
v -0.36770564 0.01325000 -0.03474925
v -0.36205167 0.01325000 -0.03709120
v -0.35610095 0.01325000 -0.03851984
v -0.37859488 0.01325000 -0.01847224
v -0.37944487 0.01325000 -0.01870000
v -0.38029486 0.01325000 -0.01847224
v -0.38091710 0.01325000 0.01785000
v -0.38029486 0.01325000 0.01847224
v -0.37944487 0.01325000 0.01870000
v -0.37859488 0.01325000 0.01847224
v -0.37797263 0.01325000 0.01785000
v -0.37451342 0.01325000 0.02056920
v -0.37774485 0.01325000 0.01700000
v -0.37771282 0.01325000 0.01600000
v -0.37797263 0.01325000 0.01615000
v -0.38007015 0.01325000 0.01094464
v -0.38029486 0.01325000 0.01552776
v -0.38091710 0.01325000 0.01615000
v -0.38114485 0.01325000 0.01700000
v -0.35555676 0.01325000 0.03151385
v -0.36094466 0.01325000 0.03007016
v -0.36600000 0.01325000 0.02771281
v -0.37056920 0.01325000 0.02451342
v -0.38091710 0.01325000 -0.01785000
v -0.38114485 0.01325000 -0.01700000
v -0.38091710 0.01325000 -0.01615000
v -0.38029486 0.01325000 -0.01552776
v -0.37944487 0.01325000 -0.01530000
v -0.38007015 0.01325000 -0.01094464
v -0.37859488 0.01325000 -0.01552776
v -0.37771282 0.01325000 -0.01600000
v -0.37797263 0.01325000 -0.01615000
v -0.37451342 0.01325000 -0.02056920
v -0.38151383 0.01325000 -0.00555674
v -0.38200000 0.01325000 0.00000000
v -0.38151383 0.01325000 0.00555674
v -0.35555676 0.01325000 -0.03151385
v -0.36094466 0.01325000 -0.03007016
v -0.36600000 0.01325000 -0.02771281
v -0.37056920 0.01325000 -0.02451342
v -0.37944487 0.01325000 0.01530000
v -0.37859488 0.01325000 0.01552776
v -0.37797263 0.01325000 -0.01785000
v -0.37774485 0.01325000 -0.01700000
v -0.35555676 0.02725000 0.03151385
v -0.36094466 0.02725000 0.03007016
v -0.36600000 0.02725000 0.02771281
v -0.37056920 0.02725000 0.02451342
v -0.37451342 0.02725000 0.02056920
v -0.37771282 0.02725000 0.01600000
v -0.38007015 0.02725000 0.01094464
v -0.38151383 0.02725000 0.00555674
v -0.38200000 0.02725000 0.00000000
v -0.38151383 0.02725000 -0.00555674
v -0.38007015 0.02725000 -0.01094464
v -0.37771282 0.02725000 -0.01600000
v -0.37451342 0.02725000 -0.02056920
v -0.37056920 0.02725000 -0.02451342
v -0.36600000 0.02725000 -0.02771281
v -0.36094466 0.02725000 -0.03007016
v -0.35555676 0.02725000 -0.03151385
v -0.35906899 0.02725000 -0.00785833
v -0.35648769 0.02725000 -0.01009504
v -0.35338080 0.02725000 -0.01151392
v -0.36187786 0.02725000 0.00170778
v -0.36187786 0.02725000 -0.00170778
v -0.36091557 0.02725000 -0.00498498
v -0.35906899 0.02725000 0.00785833
v -0.36091557 0.02725000 0.00498498
v -0.35648769 0.02725000 0.01009504
v -0.35338080 0.02725000 0.01151392
v -0.38056192 -0.02635000 -0.01153899
v -0.38045371 -0.02635000 -0.00990570
v -0.38141191 -0.02635000 -0.01131124
v -0.38206893 -0.02635000 -0.00982834
v -0.38226190 -0.02635000 -0.01153899
v -0.38352147 -0.02635000 -0.01053895
v -0.38288414 -0.02635000 -0.01216124
v -0.38445178 -0.02635000 -0.01186161
v -0.38311189 -0.02635000 -0.01301124
v -0.38462952 -0.02635000 -0.01346887
v -0.38288414 -0.02635000 -0.01386124
v -0.38401070 -0.02635000 -0.01496284
v -0.38226190 -0.02635000 -0.01448348
v -0.38274851 -0.02635000 -0.01597366
v -0.38141191 -0.02635000 -0.01471124
v -0.38115543 -0.02635000 -0.01625110
v -0.38056192 -0.02635000 -0.01448348
v -0.37962583 -0.02635000 -0.01572647
v -0.37993968 -0.02635000 -0.01386124
v -0.37853840 -0.02635000 -0.01452964
v -0.37971190 -0.02635000 -0.01301124
v -0.37993968 -0.02635000 -0.01216124
v -0.35982835 -0.02635000 -0.03206892
v -0.35990569 -0.02635000 -0.03045371
v -0.36153901 -0.02635000 -0.03056190
v -0.36216125 -0.02635000 -0.02993966
v -0.36301124 -0.02635000 -0.02971190
v -0.36386123 -0.02635000 -0.02993966
v -0.36452964 -0.02635000 -0.02853841
v -0.36448348 -0.02635000 -0.03056190
v -0.36572647 -0.02635000 -0.02962584
v -0.36471123 -0.02635000 -0.03141190
v -0.36625111 -0.02635000 -0.03115543
v -0.36448348 -0.02635000 -0.03226190
v -0.36597365 -0.02635000 -0.03274851
v -0.36386123 -0.02635000 -0.03288415
v -0.36496285 -0.02635000 -0.03401070
v -0.36301124 -0.02635000 -0.03311190
v -0.36346889 -0.02635000 -0.03462952
v -0.36216125 -0.02635000 -0.03288415
v -0.36186162 -0.02635000 -0.03445178
v -0.36153901 -0.02635000 -0.03226190
v -0.36053896 -0.02635000 -0.03352148
v -0.36131123 -0.02635000 -0.03141190
v -0.38206893 -0.02635000 0.00982834
v -0.38045371 -0.02635000 0.00990570
v -0.38056192 -0.02635000 0.01153899
v -0.37993968 -0.02635000 0.01216124
v -0.37971190 -0.02635000 0.01301124
v -0.37993968 -0.02635000 0.01386124
v -0.37853840 -0.02635000 0.01452964
v -0.38056192 -0.02635000 0.01448348
v -0.37962583 -0.02635000 0.01572647
v -0.38141191 -0.02635000 0.01471124
v -0.38115543 -0.02635000 0.01625110
v -0.38226190 -0.02635000 0.01448348
v -0.38274851 -0.02635000 0.01597366
v -0.38288414 -0.02635000 0.01386124
v -0.38401070 -0.02635000 0.01496284
v -0.38311189 -0.02635000 0.01301124
v -0.38462952 -0.02635000 0.01346887
v -0.38288414 -0.02635000 0.01216124
v -0.38445178 -0.02635000 0.01186161
v -0.38226190 -0.02635000 0.01153899
v -0.38352147 -0.02635000 0.01053895
v -0.38141191 -0.02635000 0.01131124
v -0.35990569 -0.02635000 0.03045371
v -0.35982835 -0.02635000 0.03206892
v -0.36053896 -0.02635000 0.03352148
v -0.36186162 -0.02635000 0.03445178
v -0.36346889 -0.02635000 0.03462952
v -0.36496285 -0.02635000 0.03401070
v -0.36597365 -0.02635000 0.03274851
v -0.36625111 -0.02635000 0.03115543
v -0.36572647 -0.02635000 0.02962584
v -0.36452964 -0.02635000 0.02853841
v -0.36153901 -0.02635000 0.03056190
v -0.36131123 -0.02635000 0.03141190
v -0.36153901 -0.02635000 0.03226190
v -0.36216125 -0.02635000 0.03288415
v -0.36301124 -0.02635000 0.03311190
v -0.36386123 -0.02635000 0.03288415
v -0.36448348 -0.02635000 0.03226190
v -0.36471123 -0.02635000 0.03141190
v -0.36448348 -0.02635000 0.03056190
v -0.36386123 -0.02635000 0.02993966
v -0.36301124 -0.02635000 0.02971190
v -0.36216125 -0.02635000 0.02993966
v -0.36199999 0.02225000 0.03450000
v -0.36199999 0.02300000 0.03470096
v -0.36199999 0.02354904 0.03525000
v -0.36199999 0.02375000 0.03600000
v -0.36199999 0.02354904 0.03675000
v -0.36199999 0.02300000 0.03729904
v -0.36199999 0.02225000 0.03750000
v -0.36199999 0.02150000 0.03729904
v -0.36199999 0.02095096 0.03675000
v -0.36199999 0.02075000 0.03600000
v -0.36199999 0.02095096 0.03525000
v -0.36199999 0.02150000 0.03470096
v -0.36199999 -0.02275000 -0.03750000
v -0.36199999 -0.02200000 -0.03729904
v -0.36199999 -0.02145096 -0.03675000
v -0.36199999 -0.02125000 -0.03600000
v -0.36199999 -0.02145096 -0.03525000
v -0.36199999 -0.02200000 -0.03470096
v -0.36199999 -0.02275000 -0.03450000
v -0.36199999 -0.02350000 -0.03470096
v -0.36199999 -0.02404904 -0.03525000
v -0.36199999 -0.02425000 -0.03600000
v -0.36199999 -0.02404904 -0.03675000
v -0.36199999 -0.02350000 -0.03729904
v -0.36199999 -0.02275000 0.03450000
v -0.36199999 -0.02200000 0.03470096
v -0.36199999 -0.02145096 0.03525000
v -0.36199999 -0.02125000 0.03600000
v -0.36199999 -0.02145096 0.03675000
v -0.36199999 -0.02200000 0.03729904
v -0.36199999 -0.02275000 0.03750000
v -0.36199999 -0.02350000 0.03729904
v -0.36199999 -0.02404904 0.03675000
v -0.36199999 -0.02425000 0.03600000
v -0.36199999 -0.02404904 0.03525000
v -0.36199999 -0.02350000 0.03470096
v -0.36199999 0.02225000 -0.03750000
v -0.36199999 0.02300000 -0.03729904
v -0.36199999 0.02354904 -0.03675000
v -0.36199999 0.02375000 -0.03600000
v -0.36199999 0.02354904 -0.03525000
v -0.36199999 0.02300000 -0.03470096
v -0.36199999 0.02225000 -0.03450000
v -0.36199999 0.02150000 -0.03470096
v -0.36199999 0.02095096 -0.03525000
v -0.36199999 0.02075000 -0.03600000
v -0.36199999 0.02095096 -0.03675000
v -0.36199999 0.02150000 -0.03729904
v -0.35338080 0.02825000 0.01151392
v -0.35648769 0.02825000 0.01009504
v -0.35906899 0.02825000 0.00785833
v -0.36091557 0.02825000 0.00498498
v -0.36187786 0.02825000 0.00170778
v -0.36187786 0.02825000 -0.00170778
v -0.36091557 0.02825000 -0.00498498
v -0.35906899 0.02825000 -0.00785833
v -0.35648769 0.02825000 -0.01009504
v -0.35338080 0.02825000 -0.01151392
v -0.35349405 0.02825000 -0.01304000
v -0.35675001 0.02825000 -0.01169134
v -0.35954595 0.02825000 -0.00954594
v -0.36169136 0.02825000 -0.00675000
v -0.36304000 0.02825000 -0.00349406
v -0.36350000 0.02825000 0.00000000
v -0.36304000 0.02825000 0.00349406
v -0.36169136 0.02825000 0.00675000
v -0.35954595 0.02825000 0.00954594
v -0.35675001 0.02825000 0.01169134
v -0.35349405 0.02825000 0.01304000
v -0.37944487 0.02785000 -0.01530000
v -0.37859488 0.02785000 -0.01552776
v -0.37797263 0.02785000 -0.01615000
v -0.37774485 0.02785000 -0.01700000
v -0.37797263 0.02785000 -0.01785000
v -0.37859488 0.02785000 -0.01847224
v -0.37944487 0.02785000 -0.01870000
v -0.38029486 0.02785000 -0.01847224
v -0.38091710 0.02785000 -0.01785000
v -0.38114485 0.02785000 -0.01700000
v -0.38091710 0.02785000 -0.01615000
v -0.38029486 0.02785000 -0.01552776
v -0.37663028 0.02785000 -0.01537500
v -0.37619486 0.02785000 -0.01700000
v -0.37663028 0.02785000 -0.01862500
v -0.37781987 0.02785000 -0.01981458
v -0.37944487 0.02785000 -0.02025000
v -0.38106987 0.02785000 -0.01981458
v -0.38225946 0.02785000 -0.01862500
v -0.38269487 0.02785000 -0.01700000
v -0.38225946 0.02785000 -0.01537500
v -0.38106987 0.02785000 -0.01418542
v -0.37944487 0.02785000 -0.01375000
v -0.37781987 0.02785000 -0.01418542
v -0.37944487 0.02785000 0.01870000
v -0.37859488 0.02785000 0.01847224
v -0.37797263 0.02785000 0.01785000
v -0.37774485 0.02785000 0.01700000
v -0.37797263 0.02785000 0.01615000
v -0.37859488 0.02785000 0.01552776
v -0.37944487 0.02785000 0.01530000
v -0.38029486 0.02785000 0.01552776
v -0.38091710 0.02785000 0.01615000
v -0.38114485 0.02785000 0.01700000
v -0.38091710 0.02785000 0.01785000
v -0.38029486 0.02785000 0.01847224
v -0.37619486 0.02785000 0.01700000
v -0.37663028 0.02785000 0.01537500
v -0.37781987 0.02785000 0.01418542
v -0.37944487 0.02785000 0.01375000
v -0.38106987 0.02785000 0.01418542
v -0.38225946 0.02785000 0.01537500
v -0.38269487 0.02785000 0.01700000
v -0.38225946 0.02785000 0.01862500
v -0.38106987 0.02785000 0.01981458
v -0.37944487 0.02785000 0.02025000
v -0.37781987 0.02785000 0.01981458
v -0.37663028 0.02785000 0.01862500
v -0.36199999 0.02350000 -0.03383494
v -0.36199999 0.02441506 -0.03475000
v -0.36199999 0.02475000 -0.03600000
v -0.36199999 0.02441506 -0.03725000
v -0.36199999 0.02350000 -0.03816506
v -0.36199999 0.02225000 -0.03850000
v -0.36199999 0.02100000 -0.03816506
v -0.36199999 0.02008494 -0.03725000
v -0.36199999 0.01975000 -0.03600000
v -0.36199999 0.02008494 -0.03475000
v -0.36199999 0.02100000 -0.03383494
v -0.36199999 0.02225000 -0.03350000
v -0.36199999 -0.02058494 0.03475000
v -0.36199999 -0.02150000 0.03383494
v -0.36199999 -0.02275000 0.03350000
v -0.36199999 -0.02400000 0.03383494
v -0.36199999 -0.02491506 0.03475000
v -0.36199999 -0.02525000 0.03600000
v -0.36199999 -0.02491506 0.03725000
v -0.36199999 -0.02400000 0.03816506
v -0.36199999 -0.02275000 0.03850000
v -0.36199999 -0.02150000 0.03816506
v -0.36199999 -0.02058494 0.03725000
v -0.36199999 -0.02025000 0.03600000
v -0.36199999 -0.02058494 -0.03725000
v -0.36199999 -0.02150000 -0.03816506
v -0.36199999 -0.02275000 -0.03850000
v -0.36199999 -0.02400000 -0.03816506
v -0.36199999 -0.02491506 -0.03725000
v -0.36199999 -0.02525000 -0.03600000
v -0.36199999 -0.02491506 -0.03475000
v -0.36199999 -0.02400000 -0.03383494
v -0.36199999 -0.02275000 -0.03350000
v -0.36199999 -0.02150000 -0.03383494
v -0.36199999 -0.02058494 -0.03475000
v -0.36199999 -0.02025000 -0.03600000
v -0.36199999 0.02350000 0.03816506
v -0.36199999 0.02441506 0.03725000
v -0.36199999 0.02475000 0.03600000
v -0.36199999 0.02441506 0.03475000
v -0.36199999 0.02350000 0.03383494
v -0.36199999 0.02225000 0.03350000
v -0.36199999 0.02100000 0.03383494
v -0.36199999 0.02008494 0.03475000
v -0.36199999 0.01975000 0.03600000
v -0.36199999 0.02008494 0.03725000
v -0.36199999 0.02100000 0.03816506
v -0.36199999 0.02225000 0.03850000
v -0.31000000 -0.01658218 0.00482351
v -0.31003547 -0.01613851 0.00574185
v -0.31000000 -0.01560166 0.00656496
v -0.31056345 -0.01725000 0.00499573
v -0.31000000 -0.01717223 0.00338287
v -0.31000000 -0.01725000 0.00314561
v -0.31099999 0.00850820 0.01384613
v -0.31117201 0.00931461 0.01347094
v -0.31099999 0.00984956 0.01310636
v -0.31158265 0.00794937 0.01427654
v -0.31081691 0.00842965 0.01384613
v -0.31000000 0.00826874 0.01384613
v -0.31000000 0.00805720 0.01396594
v -0.31250325 0.00994611 0.01387052
v -0.31174216 0.01114708 0.01272983
v -0.31209382 0.01131074 0.01289925
v -0.31236389 0.01248134 0.01253181
v -0.31346056 0.01325000 0.01379222
v -0.31265104 0.01325000 0.01250000
v -0.31316936 0.01222040 0.01362068
v -0.31197250 -0.01539558 0.00999362
v -0.31161788 -0.01635123 0.00860273
v -0.31238171 -0.01725000 0.01028907
v -0.31130707 -0.01715398 0.00715243
v -0.31135952 -0.01725000 0.00720024
v -0.31151021 -0.01725000 0.00761406
v -0.31093284 -0.01725000 0.00603721
v -0.31123841 -0.01725000 0.00687031
v -0.31021979 -0.01572616 0.00671404
v -0.31053072 -0.01500885 0.00808959
v -0.31000000 -0.01425522 0.00839285
v -0.31088656 -0.01415003 0.00941483
v -0.31000000 -0.01264574 0.01013809
v -0.31127962 -0.01314546 0.01068281
v -0.31000000 -0.01235548 0.01041762
v -0.31139082 -0.01284891 0.01101375
v -0.31000000 -0.01194230 0.01080011
v -0.31042805 -0.01088624 0.01185814
v -0.31000000 -0.01085118 0.01173170
v -0.31088856 -0.00965232 0.01288226
v -0.31000000 -0.00892960 0.01313245
v -0.31133124 -0.00831006 0.01378951
v -0.31138453 -0.00813475 0.01389431
v -0.31000000 -0.00755720 0.01396594
v -0.31177190 -0.00673469 0.01463121
v -0.31036445 -0.00639113 0.01455662
v -0.31210178 -0.00527978 0.01522710
v -0.31072575 -0.00499926 0.01511441
v -0.31236398 -0.00377273 0.01568234
v -0.31101209 -0.00356392 0.01553879
v -0.31245613 -0.00308773 0.01583871
v -0.31111252 -0.00291313 0.01568422
v -0.31259856 -0.00158407 0.01607694
v -0.31126761 -0.00148700 0.01590543
v -0.31265846 -0.00006635 0.01617588
v -0.31130520 0.00140256 0.01595843
v -0.31133476 0.00025015 0.01600000
v -0.31133276 -0.00004953 0.01599720
v -0.31263310 0.00146716 0.01613407
v -0.31254560 0.00275057 0.01598885
v -0.31120998 0.00261879 0.01582368
v -0.31236836 0.00424278 0.01568982
v -0.31101686 0.00403545 0.01554575
v -0.31211644 0.00570628 0.01525299
v -0.31074178 0.00542911 0.01513859
v -0.31179675 0.00713557 0.01467704
v -0.31039169 0.00679608 0.01459962
v -0.31015655 0.00757774 0.01422337
v -0.31288469 0.00848787 0.01471173
v -0.31308404 0.00761807 0.01513038
v -0.31338227 0.00608965 0.01573293
v -0.31361768 0.00452388 0.01619033
v -0.31378353 0.00292685 0.01650361
v -0.31386548 0.00155302 0.01665581
v -0.31388924 -0.00008867 0.01669963
v -0.31383312 -0.00171341 0.01659593
v -0.31369978 -0.00332287 0.01634630
v -0.31361359 -0.00405593 0.01618249
v -0.31336856 -0.00566827 0.01570583
v -0.31306091 -0.00722403 0.01508246
v -0.31270048 -0.00872010 0.01431245
v -0.31265101 -0.00890734 0.01420302
v -0.31224066 -0.01034016 0.01325661
v -0.31181547 -0.01165576 0.01219027
v -0.31000000 -0.01202067 0.01072890
v -0.31253898 -0.01681521 0.01084768
v -0.31297073 -0.01557044 0.01224060
v -0.31236315 -0.01428400 0.01131848
v -0.31309184 -0.01520601 0.01260108
v -0.31247348 -0.01395696 0.01166331
v -0.31355068 -0.01375156 0.01387255
v -0.31289414 -0.01264554 0.01288612
v -0.31400487 -0.01216624 0.01501169
v -0.31331438 -0.01120633 0.01399030
v -0.31443882 -0.01045694 0.01601258
v -0.31371918 -0.00964530 0.01496717
v -0.31449088 -0.01023468 0.01612771
v -0.31376797 -0.00944172 0.01507993
v -0.31486848 -0.00846649 0.01693448
v -0.31412289 -0.00781796 0.01587238
v -0.31518874 -0.00663965 0.01758338
v -0.31442550 -0.00613388 0.01651261
v -0.31544253 -0.00475577 0.01807709
v -0.31466633 -0.00439209 0.01700140
v -0.31553155 -0.00390161 0.01824627
v -0.31475100 -0.00360107 0.01716922
v -0.31566903 -0.00202981 0.01850362
v -0.31488192 -0.00186567 0.01742483
v -0.31572679 -0.00014313 0.01861038
v -0.31493703 -0.00011489 0.01753097
v -0.31570232 0.00176274 0.01856528
v -0.31491369 0.00165397 0.01748613
v -0.31561792 0.00335904 0.01840851
v -0.31483325 0.00313474 0.01733032
v -0.31544676 0.00521840 0.01808519
v -0.31467035 0.00485750 0.01700943
v -0.31520295 0.00704759 0.01761151
v -0.31443897 0.00654887 0.01654042
v -0.31489265 0.00884173 0.01698450
v -0.31414565 0.00820314 0.01592164
v -0.31468424 0.00986766 0.01654679
v -0.31394944 0.00914639 0.01549108
v -0.31428304 0.01159782 0.01566200
v -0.31357351 0.01073159 0.01462429
v -0.31384858 0.01323134 0.01463130
v -0.31384331 0.01325000 0.01461828
v -0.31098017 -0.00374887 -0.01549222
v -0.31069130 -0.00514682 -0.01506235
v -0.31000000 -0.00383125 -0.01547073
v -0.31033051 -0.00650776 -0.01450285
v -0.31000000 -0.00755720 -0.01396594
v -0.31128472 0.00174933 -0.01592959
v -0.31133467 0.00031710 -0.01599986
v -0.31000000 0.00025000 -0.01600000
v -0.31129298 -0.00112000 -0.01594124
v -0.31115893 -0.00256280 -0.01575081
v -0.31000000 0.00805720 -0.01396594
v -0.31029740 0.00711964 -0.01445019
v -0.31000000 0.00433125 -0.01547073
v -0.31036997 0.00687192 -0.01456537
v -0.31072846 0.00548749 -0.01511849
v -0.31101078 0.00407158 -0.01553691
v -0.31120947 0.00262360 -0.01582296
v -0.31443924 -0.01725000 0.01601349
v -0.31752986 0.01325000 0.02160301
v -0.31752986 -0.01725000 0.02160301
v -0.31443924 0.01325000 0.01601349
v -0.32149136 0.01325000 0.02661311
v -0.32149136 -0.01725000 0.02661311
v -0.32621750 0.01325000 0.03090942
v -0.32621750 -0.01725000 0.03090942
v -0.33158150 0.01325000 0.03437671
v -0.33158150 -0.01725000 0.03437671
v -0.33743951 0.01325000 0.03692200
v -0.33743951 -0.01725000 0.03692200
v -0.34363437 0.01325000 0.03847699
v -0.34363437 -0.01725000 0.03847699
v -0.32297921 0.02725000 0.01714286
v -0.32297921 0.01325000 0.01714286
v -0.32621700 0.02725000 0.02140954
v -0.32621700 0.01325000 0.02140954
v -0.33012104 0.02725000 0.02507642
v -0.33012104 0.01325000 0.02507642
v -0.33458200 0.02725000 0.02804079
v -0.33458200 0.01325000 0.02804079
v -0.33947492 0.02725000 0.03021958
v -0.33947492 0.01325000 0.03021958
v -0.34466270 0.02725000 0.03155176
v -0.34466270 0.01325000 0.03155176
v -0.31564674 0.02525559 0.02237975
v -0.31482655 0.02727069 0.02106724
v -0.31677032 0.03025000 0.02401642
v -0.31574249 0.02501296 0.02252605
v -0.31463784 0.02771993 0.02074890
v -0.31384453 0.02955775 0.01933347
v -0.31353724 0.03024999 0.01874743
v -0.32086644 0.00436255 0.02884848
v -0.32073888 0.00577861 0.02871911
v -0.32094845 0.03025000 0.02893108
v -0.32047826 0.00790855 0.02845114
v -0.32013774 0.01003440 0.02809353
v -0.31972045 0.01215663 0.02764324
v -0.31923026 0.01427396 0.02709654
v -0.31865764 0.01643463 0.02643210
v -0.31799197 0.01867165 0.02562198
v -0.31727642 0.02085143 0.02470156
v -0.31652269 0.02296753 0.02367000
v -0.32098815 0.00223460 0.02897090
v -0.32584569 0.03025000 0.03312959
v -0.32102507 0.00012860 0.02900782
v -0.31755066 -0.01953869 0.02506073
v -0.32094845 -0.02875000 0.02893108
v -0.31677470 -0.02177724 0.02402249
v -0.31677032 -0.02875000 0.02401642
v -0.31596819 -0.02393421 0.02286559
v -0.31828004 -0.01723290 0.02597777
v -0.31894851 -0.01487067 0.02677320
v -0.31946933 -0.01278003 0.02736564
v -0.31994602 -0.01055756 0.02788832
v -0.32033840 -0.00834252 0.02830530
v -0.32064471 -0.00612870 0.02862283
v -0.32584569 -0.02875000 0.03312959
v -0.32097906 -0.00196527 0.02896177
v -0.32085091 -0.00405954 0.02883279
v -0.31397972 -0.02875000 0.01958413
v -0.31423897 -0.02815367 0.02005365
v -0.31504640 -0.02624092 0.02143004
v -0.31514737 -0.02599520 0.02159386
v -0.33134085 0.03025000 0.03650803
v -0.33134085 -0.02875000 0.03650803
v -0.33729789 0.03025000 0.03898278
v -0.33729789 -0.02875000 0.03898278
v -0.34356937 0.03025000 0.04049255
v -0.34356937 -0.02875000 0.04049255
v -0.31908289 0.01325000 0.01785000
v -0.31885514 0.01325000 0.01700000
v -0.31908289 0.01325000 0.01615000
v -0.32055515 0.01325000 0.01530000
v -0.32074741 0.01325000 0.01466362
v -0.31970513 0.01325000 0.01552776
v -0.31782430 0.01325000 0.01305638
v -0.31453523 0.01325000 0.01250000
v -0.32140514 0.01325000 0.01847224
v -0.32055515 0.01325000 0.01870000
v -0.31970513 0.01325000 0.01847224
v -0.32202739 0.01325000 0.01785000
v -0.32225513 0.01325000 0.01700000
v -0.32202739 0.01325000 0.01615000
v -0.32140514 0.01325000 0.01552776
v -0.31637371 -0.02286827 -0.02345789
v -0.31555992 -0.02497411 -0.02224594
v -0.31677032 -0.02875000 -0.02401642
v -0.31474560 -0.02696400 -0.02093149
v -0.31397972 -0.02874999 -0.01958413
v -0.32094845 -0.02875000 -0.02893108
v -0.32064146 -0.00615592 -0.02861951
v -0.32035160 -0.00825860 -0.02831912
v -0.31998292 -0.01036783 -0.02792803
v -0.31947595 -0.01275153 -0.02737303
v -0.31892335 -0.01496514 -0.02674402
v -0.31830633 -0.01714515 -0.02600983
v -0.31763405 -0.01928630 -0.02516833
v -0.31691656 -0.02138148 -0.02421745
v -0.32101420 0.00133249 -0.02899694
v -0.32584569 0.03025000 -0.03312959
v -0.32092908 0.00344827 -0.02891161
v -0.32094845 0.03025000 -0.02893108
v -0.32101491 -0.00079655 -0.02899766
v -0.32584569 -0.02875000 -0.03312959
v -0.32097933 -0.00195868 -0.02896205
v -0.32085109 -0.00405702 -0.02883300
v -0.31677032 0.03025000 -0.02401642
v -0.31688315 0.02197516 -0.02417176
v -0.31766662 0.01968697 -0.02521017
v -0.31818798 0.01803737 -0.02586494
v -0.31884068 0.01577232 -0.02664766
v -0.31941861 0.01349650 -0.02730893
v -0.31991503 0.01121456 -0.02785489
v -0.32032600 0.00892076 -0.02829229
v -0.32050934 0.00768579 -0.02848335
v -0.32076079 0.00556213 -0.02874139
v -0.31446069 0.02813717 -0.02044400
v -0.31367385 0.02994351 -0.01901080
v -0.31353721 0.03025000 -0.01874742
v -0.31526592 0.02620463 -0.02178404
v -0.31607780 0.02414947 -0.02302792
v -0.33134085 -0.02875000 -0.03650803
v -0.33134085 0.03025000 -0.03650803
v -0.33729789 -0.02875000 -0.03898278
v -0.33729789 0.03025000 -0.03898278
v -0.34356937 -0.02875000 -0.04049255
v -0.34356937 0.03025000 -0.04049255
v -0.31647852 -0.02975000 -0.01053895
v -0.31554821 -0.02975000 -0.01186161
v -0.31793109 -0.02975000 0.00982834
v -0.33924812 -0.02975000 0.02907572
v -0.34009430 -0.02975000 0.03045371
v -0.34395221 -0.02975000 0.03040434
v -0.34017166 -0.02975000 0.03206892
v -0.32807970 -0.02975000 0.02192031
v -0.33547035 -0.02975000 0.02853841
v -0.33277732 -0.02975000 0.02577556
v -0.33704308 -0.02975000 0.02816236
v -0.31203699 -0.02975000 0.01349782
v -0.31537047 -0.02975000 0.01346887
v -0.31061539 -0.02975000 0.00913504
v -0.31554821 -0.02975000 0.01186161
v -0.30975544 -0.02975000 0.00459396
v -0.31647852 -0.02975000 0.01053895
v -0.30947006 -0.02975000 0.00001266
v -0.33427355 -0.02975000 0.02962584
v -0.31404084 -0.02975000 0.01764675
v -0.31900001 -0.02975000 0.00000000
v -0.31959566 -0.02975000 0.00604780
v -0.31954628 -0.02975000 0.00990570
v -0.32092428 -0.02975000 0.01075187
v -0.31793109 -0.02975000 -0.00982834
v -0.31954628 -0.02975000 -0.00990570
v -0.31959566 -0.02975000 -0.00604780
v -0.32092428 -0.02975000 -0.01075187
v -0.32165703 -0.02975000 -0.02822544
v -0.33374891 -0.02975000 -0.03115543
v -0.32643482 -0.02975000 -0.03232155
v -0.33402634 -0.02975000 -0.03274851
v -0.33179596 -0.02975000 -0.03561759
v -0.33503717 -0.02975000 -0.03401070
v -0.33760771 -0.02975000 -0.03803197
v -0.33653113 -0.02975000 -0.03462952
v -0.34372622 -0.02975000 -0.03950493
v -0.33813840 -0.02975000 -0.03445178
v -0.33946106 -0.02975000 -0.03352148
v -0.34017166 -0.02975000 -0.03206892
v -0.34395221 -0.02975000 -0.03040434
v -0.34009430 -0.02975000 -0.03045371
v -0.33924812 -0.02975000 -0.02907572
v -0.31485826 -0.02975000 0.01910647
v -0.31758079 -0.02975000 0.02343065
v -0.33374891 -0.02975000 0.03115543
v -0.32165703 -0.02975000 0.02822544
v -0.33402634 -0.02975000 0.03274851
v -0.32643482 -0.02975000 0.03232155
v -0.33503717 -0.02975000 0.03401070
v -0.33179596 -0.02975000 0.03561759
v -0.33653113 -0.02975000 0.03462952
v -0.33760771 -0.02975000 0.03803197
v -0.33813840 -0.02975000 0.03445178
v -0.34372622 -0.02975000 0.03950493
v -0.33946106 -0.02975000 0.03352148
v -0.32037416 -0.02975000 0.01572647
v -0.31884459 -0.02975000 0.01625110
v -0.31725147 -0.02975000 0.01597366
v -0.31598929 -0.02975000 0.01496284
v -0.33427355 -0.02975000 -0.02962584
v -0.33277732 -0.02975000 -0.02577556
v -0.33547035 -0.02975000 -0.02853841
v -0.33704308 -0.02975000 -0.02816236
v -0.30975479 -0.02975000 -0.00458866
v -0.31060988 -0.02975000 -0.00911356
v -0.31202778 -0.02975000 -0.01347479
v -0.31537047 -0.02975000 -0.01346887
v -0.31404084 -0.02975000 -0.01764675
v -0.31598929 -0.02975000 -0.01496284
v -0.31485826 -0.02975000 -0.01910647
v -0.31725147 -0.02975000 -0.01597366
v -0.31758079 -0.02975000 -0.02343065
v -0.31884459 -0.02975000 -0.01625110
v -0.32183763 -0.02975000 0.01295691
v -0.32146159 -0.02975000 0.01452964
v -0.32422444 -0.02975000 0.01722268
v -0.32183763 -0.02975000 -0.01295691
v -0.32422444 -0.02975000 -0.01722268
v -0.32146159 -0.02975000 -0.01452964
v -0.32807970 -0.02975000 -0.02192031
v -0.32037416 -0.02975000 -0.01572647
v -0.32055515 0.03125000 0.01375000
v -0.31730515 0.03125000 -0.01700000
v -0.31774056 0.03125000 -0.01537500
v -0.32218012 0.03125000 -0.01981458
v -0.33179596 0.03125000 -0.03561759
v -0.32336971 0.03125000 -0.01862500
v -0.33760771 0.03125000 -0.03803197
v -0.30977714 0.03125000 -0.00434666
v -0.30952126 0.03125000 0.00000285
v -0.31893015 0.03125000 0.01418542
v -0.30977818 0.03125000 0.00435533
v -0.32218012 0.03125000 0.01981458
v -0.32643482 0.03125000 0.03232155
v -0.32055515 0.03125000 0.02025000
v -0.32165703 0.03125000 0.02822544
v -0.31893015 0.03125000 0.01981458
v -0.31758079 0.03125000 0.02343065
v -0.31774056 0.03125000 0.01862500
v -0.31442657 0.03125000 0.01829017
v -0.31730515 0.03125000 0.01700000
v -0.31364006 0.03125000 0.01679788
v -0.31774056 0.03125000 0.01537500
v -0.31183258 0.03125000 0.01281941
v -0.31055269 0.03125000 0.00866710
v -0.34372622 0.03125000 -0.03950493
v -0.32380512 0.03125000 -0.01700000
v -0.34619662 0.03125000 -0.01295315
v -0.31055126 0.03125000 -0.00866120
v -0.31183210 0.03125000 -0.01281814
v -0.31364006 0.03125000 -0.01679788
v -0.31774056 0.03125000 -0.01862500
v -0.31442657 0.03125000 -0.01829017
v -0.31893015 0.03125000 -0.01981458
v -0.31758079 0.03125000 -0.02343065
v -0.32055515 0.03125000 -0.02025000
v -0.32165703 0.03125000 -0.02822544
v -0.32643482 0.03125000 -0.03232155
v -0.32336971 0.03125000 0.01862500
v -0.32380512 0.03125000 0.01700000
v -0.32336971 0.03125000 0.01537500
v -0.32218012 0.03125000 -0.01418542
v -0.32218012 0.03125000 0.01418542
v -0.32055515 0.03125000 -0.01375000
v -0.31893015 0.03125000 -0.01418542
v -0.34619662 0.03125000 0.01295315
v -0.34270135 0.03125000 0.01135692
v -0.34372622 0.03125000 0.03950493
v -0.33760771 0.03125000 0.03803197
v -0.33179596 0.03125000 0.03561759
v -0.33663741 0.03125000 -0.00192125
v -0.33771998 0.03125000 -0.00560810
v -0.32336971 0.03125000 -0.01537500
v -0.33979738 0.03125000 -0.00884062
v -0.34270135 0.03125000 -0.01135692
v -0.33663741 0.03125000 0.00192125
v -0.33771998 0.03125000 0.00560810
v -0.33979738 0.03125000 0.00884062
v -0.33704308 -0.02635000 -0.02816236
v -0.32092428 -0.02635000 -0.01075187
v -0.32183763 -0.02635000 0.01295691
v -0.33924812 -0.02635000 0.02907572
v -0.33924812 -0.02635000 -0.02907572
v -0.34395221 -0.01725000 -0.03040434
v -0.34395221 -0.01725000 0.03040434
v -0.33813682 -0.01725000 0.02864026
v -0.33813682 -0.02635000 0.02864026
v -0.33704308 -0.02635000 0.02816236
v -0.33277732 -0.01725000 0.02577556
v -0.32422444 -0.01725000 0.01722268
v -0.32135972 -0.01725000 0.01186319
v -0.32135972 -0.02635000 0.01186319
v -0.32092428 -0.02635000 0.01075187
v -0.31959566 -0.01725000 0.00604780
v -0.31959566 -0.01725000 -0.00604780
v -0.32135972 -0.01725000 -0.01186319
v -0.32135972 -0.02635000 -0.01186319
v -0.32183763 -0.02635000 -0.01295691
v -0.32422444 -0.01725000 -0.01722268
v -0.33813682 -0.01725000 -0.02864026
v -0.33813682 -0.02635000 -0.02864026
v -0.33277732 -0.01725000 -0.02577556
v -0.32807970 -0.01725000 -0.02192031
v -0.31900001 -0.01725000 0.00000000
v -0.32807970 -0.01725000 0.02192031
v -0.32621750 -0.01725000 -0.03090942
v -0.33158150 -0.01725000 -0.03437671
v -0.31943810 -0.01725000 -0.01448348
v -0.31752986 -0.01725000 -0.02160301
v -0.31858811 -0.01725000 -0.01471124
v -0.31773809 -0.01725000 -0.01448348
v -0.33528876 -0.01725000 0.03141190
v -0.33698878 -0.01725000 -0.02971190
v -0.33783877 -0.01725000 -0.02993966
v -0.33846101 -0.01725000 -0.03056190
v -0.33868876 -0.01725000 -0.03141190
v -0.33551651 -0.01725000 0.03056190
v -0.33613876 -0.01725000 -0.03288415
v -0.33698878 -0.01725000 -0.03311190
v -0.33743951 -0.01725000 -0.03692200
v -0.33783877 -0.01725000 -0.03288415
v -0.34363437 -0.01725000 -0.03847699
v -0.33846101 -0.01725000 -0.03226190
v -0.31443924 -0.01725000 -0.01601349
v -0.31711584 -0.01725000 -0.01386124
v -0.31238171 -0.01725000 -0.01028907
v -0.31688809 -0.01725000 -0.01301124
v -0.31182849 -0.01725000 -0.00851479
v -0.31179574 -0.01725000 -0.00841965
v -0.31858811 -0.01725000 0.01131124
v -0.31773809 -0.01725000 0.01153899
v -0.31711584 -0.01725000 0.01216124
v -0.31688809 -0.01725000 0.01301124
v -0.31711584 -0.01725000 0.01386124
v -0.31711584 -0.01725000 -0.01216124
v -0.31773809 -0.01725000 -0.01153899
v -0.33551651 -0.01725000 0.03226190
v -0.33613876 -0.01725000 0.03288415
v -0.33698878 -0.01725000 0.03311190
v -0.33783877 -0.01725000 0.03288415
v -0.33846101 -0.01725000 0.03226190
v -0.33868876 -0.01725000 0.03141190
v -0.33846101 -0.01725000 0.03056190
v -0.33783877 -0.01725000 0.02993966
v -0.33698878 -0.01725000 0.02971190
v -0.33613876 -0.01725000 0.02993966
v -0.31093809 -0.01725000 -0.00605158
v -0.31114969 -0.01725000 -0.00662910
v -0.31122184 -0.01725000 -0.00682527
v -0.31943810 -0.01725000 0.01448348
v -0.31858811 -0.01725000 0.01471124
v -0.31773809 -0.01725000 0.01448348
v -0.32149136 -0.01725000 -0.02661311
v -0.31000000 -0.01725000 -0.00314561
v -0.31077284 -0.01725000 -0.00559366
v -0.31858811 -0.01725000 -0.01131124
v -0.31943810 -0.01725000 -0.01153899
v -0.32006034 -0.01725000 -0.01216124
v -0.32028809 -0.01725000 -0.01301124
v -0.31943810 -0.01725000 0.01153899
v -0.32006034 -0.01725000 0.01216124
v -0.32028809 -0.01725000 0.01301124
v -0.32006034 -0.01725000 0.01386124
v -0.33551651 -0.01725000 -0.03226190
v -0.33528876 -0.01725000 -0.03141190
v -0.33551651 -0.01725000 -0.03056190
v -0.32006034 -0.01725000 -0.01386124
v -0.33613876 -0.01725000 -0.02993966
v -0.31398457 0.01274090 -0.01496295
v -0.31384331 0.01325000 -0.01461828
v -0.31443924 0.01325000 -0.01601349
v -0.31515819 -0.00683333 -0.01752282
v -0.31541425 -0.00499852 -0.01802292
v -0.31557268 -0.00344180 -0.01832375
v -0.31569150 -0.00154812 -0.01854528
v -0.31752986 0.01325000 -0.02160301
v -0.31572846 0.00033807 -0.01861347
v -0.31568420 0.00221787 -0.01853173
v -0.31561747 0.00336535 -0.01840767
v -0.31544137 0.00526582 -0.01807490
v -0.31519112 0.00712420 -0.01758813
v -0.31487340 0.00894128 -0.01694466
v -0.31480905 0.00926641 -0.01681066
v -0.31441560 0.01105472 -0.01596090
v -0.31284031 -0.01595495 -0.01183884
v -0.31241292 -0.01716447 -0.01040246
v -0.31292900 -0.01569430 -0.01211369
v -0.31338647 -0.01428673 -0.01343312
v -0.31384161 -0.01275602 -0.01461408
v -0.31428066 -0.01110733 -0.01565658
v -0.31446376 -0.01035104 -0.01606784
v -0.31483841 -0.00861956 -0.01687192
v -0.34363437 0.01325000 -0.03847699
v -0.33743951 0.01325000 -0.03692200
v -0.33158150 0.01325000 -0.03437671
v -0.32621750 0.01325000 -0.03090942
v -0.32149136 0.01325000 -0.02661311
v -0.31315789 0.01325000 -0.01325623
v -0.31265107 0.01325000 -0.01250004
v -0.31908289 0.01325000 -0.01615000
v -0.31885514 0.01325000 -0.01700000
v -0.32072541 0.01325000 -0.01464628
v -0.32295659 0.01325000 -0.01710745
v -0.32202739 0.01325000 -0.01615000
v -0.32140514 0.01325000 -0.01552776
v -0.32055515 0.01325000 -0.01530000
v -0.31781107 0.01325000 -0.01305182
v -0.31970513 0.01325000 -0.01552776
v -0.31583881 0.01325000 -0.01271962
v -0.31453523 0.01325000 -0.01250004
v -0.32298729 0.01325000 -0.01715555
v -0.32202739 0.01325000 -0.01785000
v -0.32225513 0.01325000 -0.01700000
v -0.32621700 0.01325000 -0.02140954
v -0.32140514 0.01325000 -0.01847224
v -0.32055515 0.01325000 -0.01870000
v -0.31970513 0.01325000 -0.01847224
v -0.31908289 0.01325000 -0.01785000
v -0.34466270 0.01325000 -0.03155176
v -0.33947492 0.01325000 -0.03021958
v -0.33458200 0.01325000 -0.02804079
v -0.33012104 0.01325000 -0.02507642
v -0.32297921 0.01327881 -0.01714286
v -0.32297921 0.02725000 -0.01714286
v -0.32621700 0.02725000 -0.02140954
v -0.34466270 0.02725000 -0.03155176
v -0.33947492 0.02725000 -0.03021958
v -0.33458200 0.02725000 -0.02804079
v -0.33012104 0.02725000 -0.02507642
v -0.32074741 0.02725000 0.01466362
v -0.31782430 0.02725000 0.01305638
v -0.31099999 0.02725000 -0.01250000
v -0.31099999 0.02725000 0.01250000
v -0.31453523 0.02725000 -0.01250000
v -0.31453523 0.02725000 0.01250000
v -0.31782430 0.02725000 -0.01305638
v -0.32074741 0.02725000 -0.01466362
v -0.33800000 0.02725000 0.00000000
v -0.33858731 0.02725000 -0.00370820
v -0.34029180 0.02725000 -0.00705342
v -0.34294659 0.02725000 -0.00970820
v -0.34629181 0.02725000 -0.01141268
v -0.34629181 0.02725000 0.01141268
v -0.34294659 0.02725000 0.00970820
v -0.34029180 0.02725000 0.00705342
v -0.33858731 0.02725000 0.00370820
v -0.29767135 -0.02281034 -0.00796067
v -0.29777861 -0.02241455 -0.00903112
v -0.27601776 -0.02206194 -0.00888989
v -0.29690361 0.02411625 0.00499001
v -0.29699463 0.02376040 0.00646811
v -0.27601776 0.02339232 0.00642543
v -0.29124698 0.01945023 0.01486755
v -0.29044503 0.01967635 0.01454752
v -0.29791132 0.02180659 0.01143107
v -0.30042347 0.01887841 0.01582656
v -0.29194084 0.01877440 0.01572030
v -0.29984185 0.01945914 0.01510001
v -0.29943565 0.01987486 0.01454374
v -0.29180193 0.01902042 0.01542189
v -0.29827443 0.02127108 0.01240079
v -0.29880252 0.02058955 0.01350622
v -0.28955495 0.01966525 0.01453642
v -0.28875303 0.01941920 0.01483652
v -0.27601776 0.02146999 0.01125012
v -0.28819805 0.01897573 0.01537720
v -0.27601776 0.01855543 0.01554877
v -0.29714072 0.02332309 0.00789509
v -0.29735684 0.02281074 0.00926805
v -0.29765734 0.02222951 0.01058494
v -0.29784516 0.02191223 0.01122708
v -0.27601776 0.02423254 0.00130030
v -0.29683414 0.02451052 0.00242204
v -0.29685268 0.02438407 0.00346430
v -0.27601776 0.02395137 -0.00388564
v -0.29683462 0.02450701 -0.00245696
v -0.29682145 0.02461680 -0.00082898
v -0.29682133 0.02461781 0.00079858
v -0.29682380 0.02459518 0.00131997
v -0.29724336 0.02306585 -0.00861534
v -0.29705721 0.02355949 -0.00716215
v -0.27601776 0.02256195 -0.00888989
v -0.29693809 0.02396913 -0.00565066
v -0.29686913 0.02428799 -0.00407967
v -0.29805124 0.02159211 -0.01183172
v -0.27601776 0.02012924 -0.01347846
v -0.29853827 0.02091872 -0.01298823
v -0.29891381 0.02045696 -0.01370726
v -0.29766196 0.02222136 -0.01060203
v -0.29751331 0.02249436 -0.01001028
v -0.29731286 0.02290662 -0.00902907
v -0.27601776 0.01676700 -0.01743679
v -0.28799999 0.01691084 -0.01758863
v -0.28799999 0.01840881 -0.01603749
v -0.28819805 0.01897573 -0.01537720
v -0.29044503 0.01967635 -0.01454752
v -0.28955495 0.01966525 -0.01453642
v -0.28875303 0.01941920 -0.01483652
v -0.29124698 0.01945023 -0.01486755
v -0.29180193 0.01902042 -0.01542189
v -0.29913148 0.02020673 -0.01407568
v -0.29200000 0.01845828 -0.01608695
v -0.29984185 0.01945914 -0.01510001
v -0.30214986 0.01707997 -0.01776862
v -0.30172029 0.01753909 -0.01731162
v -0.29200000 0.01695885 -0.01763932
v -0.30064559 0.01865359 -0.01609332
v -0.30028126 0.01902148 -0.01565273
v -0.30282015 0.01634578 -0.01845185
v -0.29200000 0.01633696 -0.01820827
v -0.30392903 0.01507572 -0.01951131
v -0.30502900 0.01373092 -0.02048656
v -0.29173204 0.01556811 -0.01885364
v -0.30566704 0.01290151 -0.02102189
v -0.29100001 0.01497984 -0.01930065
v -0.29051849 0.01481317 -0.01941622
v -0.27601776 0.01263245 -0.02057979
v -0.28999999 0.01475138 -0.01945112
v -0.28948128 0.01480028 -0.01940325
v -0.28900000 0.01495494 -0.01927575
v -0.28826794 0.01552512 -0.01881066
v -0.28799999 0.01628749 -0.01815881
v -0.27601776 0.00791891 -0.02276051
v -0.30849206 0.00847741 -0.02316706
v -0.30770272 0.00988888 -0.02260127
v -0.30609912 0.01231453 -0.02137283
v -0.30681121 0.01129274 -0.02193214
v -0.31045085 0.00291410 -0.02447423
v -0.31032529 0.00355100 -0.02439428
v -0.27601776 0.00284678 -0.02387697
v -0.30998188 0.00487023 -0.02417304
v -0.30973145 0.00563721 -0.02400927
v -0.30917013 0.00706134 -0.02363452
v -0.30868194 0.00810449 -0.02329963
v -0.31055516 0.00223755 -0.02454026
v -0.27601776 0.00025000 -0.02401776
v -0.31067139 0.00092273 -0.02461345
v -0.27601776 -0.00234678 -0.02387697
v -0.31062379 -0.00112260 -0.02458353
v -0.31067237 -0.00040040 -0.02461407
v -0.27601776 -0.00741891 -0.02276051
v -0.30868244 -0.00760349 -0.02329998
v -0.30926284 -0.00634611 -0.02369717
v -0.30976641 -0.00503651 -0.02403227
v -0.31016234 -0.00373051 -0.02428977
v -0.31044865 -0.00242650 -0.02447283
v -0.30697286 -0.01054972 -0.02205597
v -0.30781564 -0.00919841 -0.02268369
v -0.30857041 -0.00782543 -0.02322192
v -0.28875303 -0.01458652 -0.01916920
v -0.28955495 -0.01428642 -0.01941525
v -0.27601776 -0.01213245 -0.02057979
v -0.27601776 -0.01626700 -0.01743679
v -0.28799999 -0.01578749 -0.01815881
v -0.28819805 -0.01512720 -0.01872572
v -0.29044503 -0.01429752 -0.01942635
v -0.30566734 -0.01240114 -0.02102212
v -0.30605462 -0.01187605 -0.02133710
v -0.29124698 -0.01461755 -0.01920023
v -0.29180193 -0.01517189 -0.01877042
v -0.30507463 -0.01317296 -0.02052554
v -0.30433318 -0.01409268 -0.01987778
v -0.30322170 -0.01539445 -0.01884514
v -0.29200000 -0.01583695 -0.01820827
v -0.30210942 -0.01662353 -0.01772629
v -0.29200000 -0.01645885 -0.01763932
v -0.30101350 -0.01777717 -0.01652340
v -0.29906923 -0.01996083 -0.01370639
v -0.29955623 -0.01933555 -0.01460014
v -0.29200000 -0.01795827 -0.01608695
v -0.30022001 -0.01858893 -0.01556981
v -0.30045897 -0.01834261 -0.01586956
v -0.28948420 -0.01915376 -0.01454969
v -0.28900000 -0.01902574 -0.01470494
v -0.27601776 -0.01962924 -0.01347846
v -0.28999999 -0.01920112 -0.01450138
v -0.29173204 -0.01860364 -0.01531811
v -0.29100001 -0.01905065 -0.01472984
v -0.29051775 -0.01916633 -0.01456300
v -0.28826794 -0.01856066 -0.01527512
v -0.28799999 -0.01790881 -0.01603749
v -0.28799999 -0.01641084 -0.01758863
v -0.29819617 -0.02138323 -0.01129610
v -0.29855075 -0.02073875 -0.01246488
v -0.29804888 -0.02169722 -0.01066737
v -0.29781911 -0.02228872 -0.00934257
v -0.29900208 -0.02005387 -0.01356608
v -0.29755178 -0.02389128 -0.00349975
v -0.29755101 -0.02382228 -0.00394645
v -0.27601776 -0.02345137 -0.00388564
v -0.29755583 -0.02361829 -0.00503567
v -0.29758951 -0.02325576 -0.00652389
v -0.29756266 -0.02410806 0.00132066
v -0.29756463 -0.02413160 0.00077362
v -0.27601776 -0.02373254 0.00130030
v -0.29756439 -0.02412881 -0.00085693
v -0.29755652 -0.02401686 -0.00248457
v -0.29758960 -0.02325510 0.00652626
v -0.29755858 -0.02356924 0.00526300
v -0.27601776 -0.02289232 0.00642543
v -0.29755101 -0.02380727 0.00403696
v -0.29755694 -0.02402478 0.00240612
v -0.29813847 -0.02150198 0.01106350
v -0.29787248 -0.02213551 0.00970629
v -0.27601776 -0.02096999 0.01125012
v -0.29769927 -0.02269546 0.00828743
v -0.29760095 -0.02317618 0.00680483
v -0.27601776 -0.01805543 0.01554877
v -0.28805938 -0.01822695 0.01567150
v -0.28826794 -0.01856066 0.01527512
v -0.28900000 -0.01902574 0.01470494
v -0.28948396 -0.01915372 0.01454974
v -0.28999999 -0.01920112 0.01450138
v -0.29823175 -0.02131236 0.01143214
v -0.29173204 -0.01860364 0.01531811
v -0.29193923 -0.01827856 0.01571535
v -0.29914823 -0.01985370 0.01386547
v -0.29051769 -0.01916634 0.01456298
v -0.29100001 -0.01905065 0.01472984
v -0.29827487 -0.02122863 0.01159026
v -0.29866102 -0.02056031 0.01276424
v -0.30265820 -0.01602526 0.01828995
v -0.30252030 -0.01617703 0.01815052
v -0.29200000 -0.01583695 0.01820827
v -0.30141744 -0.01735786 0.01697969
v -0.29200000 -0.01795827 0.01608695
v -0.30045897 -0.01834261 0.01586956
v -0.29974416 -0.01911361 0.01489862
v -0.29180193 -0.01517189 0.01877042
v -0.30392534 -0.01458011 0.01950789
v -0.30377930 -0.01475175 0.01937298
v -0.29044503 -0.01429752 0.01942635
v -0.30728450 -0.01006774 0.02229151
v -0.30693698 -0.01060410 0.02202856
v -0.29124698 -0.01461755 0.01920023
v -0.29082566 -0.01440571 0.01935319
v -0.30488089 -0.01341782 0.02035923
v -0.30594075 -0.01203232 0.02124523
v -0.27601776 -0.00983480 0.02179793
v -0.30784997 -0.00913984 0.02270865
v -0.27601776 -0.00491311 0.02345624
v -0.30856135 -0.00784311 0.02321560
v -0.30921245 -0.00646388 0.02366316
v -0.31062341 -0.00112669 0.02458329
v -0.31044838 -0.00242807 0.02447266
v -0.27601776 0.00025000 0.02401776
v -0.31016675 -0.00371360 0.02429261
v -0.30974841 -0.00508862 0.02402042
v -0.27601776 0.00541311 0.02345624
v -0.30976403 0.00554343 0.02403070
v -0.30993941 0.00500858 0.02414543
v -0.31029540 0.00368549 0.02437517
v -0.31046960 0.00280567 0.02448612
v -0.31063586 0.00148335 0.02459112
v -0.31068626 0.00017455 0.02462279
v -0.30823481 0.00895969 0.02298529
v -0.30890435 0.00764604 0.02345326
v -0.30947432 0.00632871 0.02383895
v -0.27601776 0.01033480 0.02179793
v -0.30453667 0.01434483 0.02005863
v -0.30556616 0.01303548 0.02093862
v -0.30654350 0.01168570 0.02172456
v -0.30728552 0.01056613 0.02229227
v -0.30745271 0.01029947 0.02241694
v -0.30087873 0.01841566 0.01636751
v -0.29200000 0.01633696 0.01820827
v -0.29200000 0.01845828 0.01608695
v -0.30196223 0.01728153 0.01757096
v -0.30222002 0.01700417 0.01784179
v -0.30334026 0.01575941 0.01895910
v -0.30347103 0.01560947 0.01908371
v -0.30392516 0.01508030 0.01950774
v -0.29173204 0.01556811 0.01885364
v -0.28955495 -0.01428642 0.01941525
v -0.27601776 -0.01428493 0.01912038
v -0.28916669 -0.01438785 0.01933039
v -0.28875303 -0.01458652 0.01916920
v -0.28819805 -0.01512720 0.01872572
v -0.28799999 -0.01578749 0.01815881
v -0.28799999 -0.01790881 0.01603749
v -0.28805780 0.01872277 0.01567639
v -0.28799999 0.01840881 0.01603749
v -0.27601776 0.01478493 0.01912038
v -0.28799999 0.01628749 0.01815881
v -0.28826794 0.01552512 0.01881066
v -0.28900000 0.01495494 0.01927575
v -0.28907487 0.01492286 0.01930181
v -0.28999999 0.01475138 0.01945112
v -0.29091677 0.01494232 0.01932741
v -0.29100001 0.01497984 0.01930065
v -0.27500001 0.00025000 -0.02050000
v -0.27500001 0.00273674 -0.02286517
v -0.27500001 0.00515597 -0.01990431
v -0.27500001 0.00759394 -0.02179602
v -0.27500001 0.00977682 -0.01815185
v -0.27500001 0.01210774 -0.01970772
v -0.27500001 0.01384401 -0.01534447
v -0.27500001 0.01606709 -0.01669790
v -0.27500001 0.01712117 -0.01164533
v -0.27500001 0.01928685 -0.01290730
v -0.27500001 0.01941783 -0.00726940
v -0.27500001 0.02161646 -0.00851318
v -0.27500001 0.02060053 -0.00247100
v -0.27500001 0.02294701 -0.00372099
v -0.27500001 0.02060053 0.00247100
v -0.27500001 0.02321627 0.00124519
v -0.27500001 0.01941783 0.00726940
v -0.27500001 0.02241165 0.00615315
v -0.27500001 0.01712117 0.01164533
v -0.27500001 0.02057078 0.01077339
v -0.27500001 0.01777973 0.01488988
v -0.27500001 0.01384401 0.01534447
v -0.27500001 0.01416901 0.01831014
v -0.27500001 0.00977682 0.01815185
v -0.27500001 0.00990745 0.02087423
v -0.27500001 0.00515597 0.01990431
v -0.27500001 0.00519432 0.02246227
v -0.27500001 0.00025000 0.02050000
v -0.27500001 0.00025000 0.02300000
v -0.27500001 -0.00465597 0.01990431
v -0.27500001 -0.00469432 0.02246227
v -0.27500001 -0.00927683 0.01815185
v -0.27500001 -0.00940745 0.02087423
v -0.27500001 -0.01334401 0.01534447
v -0.27500001 -0.01366901 0.01831014
v -0.27500001 -0.01662117 0.01164533
v -0.27500001 -0.01727973 0.01488988
v -0.27500001 -0.02007078 0.01077339
v -0.27500001 -0.01891783 0.00726940
v -0.27500001 -0.02191165 0.00615315
v -0.27500001 -0.02010053 0.00247100
v -0.27500001 -0.02271627 0.00124519
v -0.27500001 -0.02010053 -0.00247100
v -0.27500001 -0.02244701 -0.00372099
v -0.27500001 -0.01891783 -0.00726940
v -0.27500001 -0.02111646 -0.00851318
v -0.27500001 -0.01662117 -0.01164533
v -0.27500001 -0.01878685 -0.01290730
v -0.27500001 -0.01334401 -0.01534447
v -0.27500001 -0.01556709 -0.01669790
v -0.27500001 -0.00927683 -0.01815185
v -0.27500001 -0.01160774 -0.01970772
v -0.27500001 -0.00465597 -0.01990431
v -0.27500001 -0.00709394 -0.02179602
v -0.27500001 -0.00223674 -0.02286517
v -0.29180193 0.01632294 -0.01272441
v -0.29124698 0.01674924 -0.01216656
v -0.31000000 0.01712117 -0.01164533
v -0.29044503 0.01697837 -0.01184954
v -0.28955495 0.01697837 -0.01184954
v -0.28875303 0.01674924 -0.01216656
v -0.28819805 0.01632294 -0.01272441
v -0.28799999 0.01576749 -0.01339617
v -0.28799999 0.01384401 -0.01534447
v -0.28799999 0.01364617 -0.01551749
v -0.29051816 0.01211455 -0.01671772
v -0.29100001 0.01227899 -0.01659980
v -0.31000000 0.00977682 -0.01815185
v -0.28826794 0.01286973 -0.01615526
v -0.28900000 0.01227899 -0.01659980
v -0.28948134 0.01211466 -0.01671765
v -0.28999999 0.01205798 -0.01675773
v -0.29173204 0.01286973 -0.01615526
v -0.29200000 0.01364617 -0.01551749
v -0.31000000 0.01384401 -0.01534447
v -0.29200000 0.01384401 -0.01534447
v -0.29200000 0.01576749 -0.01339617
v -0.28875303 -0.01191656 0.01649924
v -0.28955495 -0.01159954 0.01672837
v -0.28799999 -0.01314617 0.01551749
v -0.28819805 -0.01247441 0.01607294
v -0.29044503 -0.01159954 0.01672837
v -0.29124698 -0.01191656 0.01649924
v -0.31000000 -0.00927683 0.01815185
v -0.29180193 -0.01247441 0.01607294
v -0.31000000 -0.01334401 0.01534447
v -0.29200000 -0.01314617 0.01551749
v -0.29200000 -0.01334401 0.01534447
v -0.31000000 -0.01662117 0.01164533
v -0.29200000 -0.01526749 0.01339617
v -0.29173204 -0.01590526 0.01261973
v -0.29100001 -0.01634980 0.01202899
v -0.29051867 -0.01646765 0.01186466
v -0.28900000 -0.01634980 0.01202899
v -0.28948182 -0.01646772 0.01186456
v -0.28999999 -0.01650773 0.01180798
v -0.28826794 -0.01590526 0.01261973
v -0.28799999 -0.01526749 0.01339617
v -0.28799999 -0.01334401 0.01534447
v -0.28875303 0.01674924 0.01216656
v -0.28955495 0.01697837 0.01184954
v -0.28819805 0.01632294 0.01272441
v -0.28799999 0.01384401 0.01534447
v -0.28799999 0.01576749 0.01339617
v -0.31000000 0.01712117 0.01164533
v -0.29044503 0.01697837 0.01184954
v -0.29124698 0.01674924 0.01216656
v -0.29180193 0.01632294 0.01272441
v -0.29200000 0.01576749 0.01339617
v -0.31000000 0.01384401 0.01534447
v -0.29200000 0.01384401 0.01534447
v -0.31000000 0.00977682 0.01815185
v -0.29200000 0.01364617 0.01551749
v -0.29173204 0.01286973 0.01615526
v -0.29100001 0.01227899 0.01659980
v -0.29051867 0.01211466 0.01671765
v -0.28999999 0.01205798 0.01675773
v -0.28948182 0.01211455 0.01671772
v -0.28900000 0.01227899 0.01659980
v -0.28826794 0.01286973 0.01615526
v -0.28799999 0.01364617 0.01551749
v -0.31000000 -0.01334401 -0.01534447
v -0.29200000 -0.01314617 -0.01551749
v -0.31000000 -0.00927683 -0.01815185
v -0.29180193 -0.01247441 -0.01607294
v -0.29124698 -0.01191656 -0.01649924
v -0.29044503 -0.01159954 -0.01672837
v -0.28955495 -0.01159954 -0.01672837
v -0.28875303 -0.01191656 -0.01649924
v -0.28819805 -0.01247441 -0.01607294
v -0.28799999 -0.01314617 -0.01551749
v -0.28799999 -0.01334401 -0.01534447
v -0.28799999 -0.01526749 -0.01339617
v -0.29051816 -0.01646772 -0.01186456
v -0.29100001 -0.01634980 -0.01202899
v -0.31000000 -0.01662117 -0.01164533
v -0.28826794 -0.01590526 -0.01261973
v -0.28900000 -0.01634980 -0.01202899
v -0.28948134 -0.01646765 -0.01186466
v -0.28999999 -0.01650773 -0.01180798
v -0.29173204 -0.01590526 -0.01261973
v -0.29200000 -0.01526749 -0.01339617
v -0.29200000 -0.01334401 -0.01534447
v -0.31000000 0.01941783 -0.00726940
v -0.31000000 0.02060053 -0.00247100
v -0.31000000 0.02060053 0.00247100
v -0.31000000 0.01941783 0.00726940
v -0.31000000 0.00515597 0.01990431
v -0.31000000 0.00025000 0.02050000
v -0.31000000 -0.00465597 0.01990431
v -0.31000000 -0.01891783 0.00726940
v -0.31000000 -0.02010053 0.00247100
v -0.31000000 -0.02010053 -0.00247100
v -0.31000000 -0.01891783 -0.00726940
v -0.31000000 -0.00465597 -0.01990431
v -0.31000000 0.00025000 -0.02050000
v -0.31000000 0.00515597 -0.01990431
v -0.31000000 0.01749193 0.01013488
v -0.31000000 0.01882645 0.00741050
v -0.31000000 0.01973356 0.00451561
v -0.31000000 0.02019240 0.00151684
v -0.31000000 0.02019240 -0.00151684
v -0.31000000 0.01973356 -0.00451561
v -0.31000000 0.01072431 -0.01283178
v -0.31000000 0.01468207 0.01384613
v -0.31000000 0.01586249 0.01250000
v -0.31000000 0.01882645 -0.00741050
v -0.31000000 0.01749193 -0.01013488
v -0.31000000 0.01586249 -0.01250000
v -0.31000000 0.01327881 -0.01250000
v -0.31000000 0.00836613 -0.01378992
v -0.31000000 -0.00960929 -0.01266940
v -0.31000000 -0.01507403 -0.00733596
v -0.31000000 -0.01612686 -0.00569691
v -0.31000000 -0.01662271 -0.00473821
v -0.31000000 -0.01271174 -0.01007322
v -0.31000000 -0.01324310 -0.00953196
v -0.31000000 -0.01381149 -0.00891166
v -0.31000000 -0.00383125 0.01547073
v -0.31000000 0.00025000 0.01600000
v -0.31000000 0.00433125 0.01547073
v -0.31000000 -0.01151231 -0.01118022
v -0.31000000 -0.01194069 -0.01080157
v -0.31000000 -0.01246919 -0.01030922
v -0.34017166 -0.02635000 0.03206892
v -0.34009430 -0.02635000 0.03045371
v -0.33846101 -0.02635000 0.03056190
v -0.33783877 -0.02635000 0.02993966
v -0.33698878 -0.02635000 0.02971190
v -0.33613876 -0.02635000 0.02993966
v -0.33547035 -0.02635000 0.02853841
v -0.33551651 -0.02635000 0.03056190
v -0.33427355 -0.02635000 0.02962584
v -0.33528876 -0.02635000 0.03141190
v -0.33374891 -0.02635000 0.03115543
v -0.33551651 -0.02635000 0.03226190
v -0.33402634 -0.02635000 0.03274851
v -0.33613876 -0.02635000 0.03288415
v -0.33503717 -0.02635000 0.03401070
v -0.33698878 -0.02635000 0.03311190
v -0.33653113 -0.02635000 0.03462952
v -0.33783877 -0.02635000 0.03288415
v -0.33813840 -0.02635000 0.03445178
v -0.33846101 -0.02635000 0.03226190
v -0.33946106 -0.02635000 0.03352148
v -0.33868876 -0.02635000 0.03141190
v -0.31943810 -0.02635000 0.01153899
v -0.31954628 -0.02635000 0.00990570
v -0.31858811 -0.02635000 0.01131124
v -0.31793109 -0.02635000 0.00982834
v -0.31773809 -0.02635000 0.01153899
v -0.31647852 -0.02635000 0.01053895
v -0.31711584 -0.02635000 0.01216124
v -0.31554821 -0.02635000 0.01186161
v -0.31688809 -0.02635000 0.01301124
v -0.31537047 -0.02635000 0.01346887
v -0.31711584 -0.02635000 0.01386124
v -0.31598929 -0.02635000 0.01496284
v -0.31773809 -0.02635000 0.01448348
v -0.31725147 -0.02635000 0.01597366
v -0.31858811 -0.02635000 0.01471124
v -0.31884459 -0.02635000 0.01625110
v -0.31943810 -0.02635000 0.01448348
v -0.32037416 -0.02635000 0.01572647
v -0.32006034 -0.02635000 0.01386124
v -0.32146159 -0.02635000 0.01452964
v -0.32028809 -0.02635000 0.01301124
v -0.32006034 -0.02635000 0.01216124
v -0.32146159 -0.02635000 -0.01452964
v -0.32037416 -0.02635000 -0.01572647
v -0.31884459 -0.02635000 -0.01625110
v -0.31725147 -0.02635000 -0.01597366
v -0.31598929 -0.02635000 -0.01496284
v -0.31537047 -0.02635000 -0.01346887
v -0.31554821 -0.02635000 -0.01186161
v -0.31647852 -0.02635000 -0.01053895
v -0.31793109 -0.02635000 -0.00982834
v -0.31954628 -0.02635000 -0.00990570
v -0.31943810 -0.02635000 -0.01153899
v -0.32006034 -0.02635000 -0.01216124
v -0.32028809 -0.02635000 -0.01301124
v -0.32006034 -0.02635000 -0.01386124
v -0.31943810 -0.02635000 -0.01448348
v -0.31858811 -0.02635000 -0.01471124
v -0.31773809 -0.02635000 -0.01448348
v -0.31711584 -0.02635000 -0.01386124
v -0.31688809 -0.02635000 -0.01301124
v -0.31711584 -0.02635000 -0.01216124
v -0.31773809 -0.02635000 -0.01153899
v -0.31858811 -0.02635000 -0.01131124
v -0.34009430 -0.02635000 -0.03045371
v -0.34017166 -0.02635000 -0.03206892
v -0.33946106 -0.02635000 -0.03352148
v -0.33813840 -0.02635000 -0.03445178
v -0.33653113 -0.02635000 -0.03462952
v -0.33503717 -0.02635000 -0.03401070
v -0.33402634 -0.02635000 -0.03274851
v -0.33374891 -0.02635000 -0.03115543
v -0.33427355 -0.02635000 -0.02962584
v -0.33547035 -0.02635000 -0.02853841
v -0.33846101 -0.02635000 -0.03056190
v -0.33868876 -0.02635000 -0.03141190
v -0.33846101 -0.02635000 -0.03226190
v -0.33783877 -0.02635000 -0.03288415
v -0.33698878 -0.02635000 -0.03311190
v -0.33613876 -0.02635000 -0.03288415
v -0.33551651 -0.02635000 -0.03226190
v -0.33528876 -0.02635000 -0.03141190
v -0.33551651 -0.02635000 -0.03056190
v -0.33613876 -0.02635000 -0.02993966
v -0.33698878 -0.02635000 -0.02971190
v -0.33783877 -0.02635000 -0.02993966
v -0.30811098 0.02840704 0.00876045
v -0.31022897 0.03065219 0.01095159
v -0.30856422 0.02828298 0.01018268
v -0.31068262 0.03059333 0.01240774
v -0.30907372 0.02815885 0.01151402
v -0.31094283 0.03055896 0.01315538
v -0.30935019 0.02809811 0.01215261
v -0.31141001 0.03049638 0.01437507
v -0.30990660 0.02798960 0.01330499
v -0.31191823 0.03042744 0.01555873
v -0.31049657 0.02789378 0.01437814
v -0.31245020 0.03035487 0.01667089
v -0.31111670 0.02781319 0.01538235
v -0.31276131 0.03031250 0.01727105
v -0.31169608 0.02813036 0.01609397
v -0.30945995 0.03074820 0.00776689
v -0.30969459 0.03071947 0.00887521
v -0.30981943 0.03070397 0.00940705
v -0.30772036 0.02852449 0.00724414
v -0.30739957 0.02862836 0.00563469
v -0.30895427 0.03080826 0.00445296
v -0.30715618 0.02871170 0.00393762
v -0.30892864 0.03081123 0.00421310
v -0.30704063 0.02875263 0.00276184
v -0.30881771 0.03082401 0.00295349
v -0.30694225 0.02878818 0.00091317
v -0.30872270 0.03083485 0.00097617
v -0.30694321 0.02878784 -0.00094791
v -0.30871108 0.03083616 0.00000292
v -0.30704385 0.02875148 -0.00280142
v -0.30895329 0.03080837 -0.00444409
v -0.30724370 0.02868128 -0.00462598
v -0.30901212 0.03080152 -0.00495101
v -0.30753255 0.02858449 -0.00635867
v -0.30928475 0.03076931 -0.00681228
v -0.30790031 0.02846917 -0.00798642
v -0.30962646 0.03072787 -0.00856943
v -0.30969322 0.03071964 -0.00886915
v -0.30833909 0.02834298 -0.00951103
v -0.31002635 0.03067799 -0.01022092
v -0.30884209 0.02821330 -0.01093683
v -0.31047717 0.03062017 -0.01177518
v -0.30908084 0.02815722 -0.01153110
v -0.31068894 0.03059250 -0.01242660
v -0.30928954 0.02497524 -0.01481074
v -0.31147954 0.02777502 -0.01592311
v -0.31082833 0.02784819 -0.01492908
v -0.31169608 0.02813036 -0.01609397
v -0.31094235 0.03055903 -0.01315407
v -0.30962831 0.02804162 -0.01274839
v -0.31116885 0.03052881 -0.01376335
v -0.31021166 0.02793765 -0.01387626
v -0.31167310 0.03046078 -0.01500424
v -0.31220287 0.03038862 -0.01616824
v -0.31276134 0.03031251 -0.01727106
v -0.30328563 0.02068505 0.01438611
v -0.30650094 0.02256233 0.01428766
v -0.30287591 0.02098994 0.01389576
v -0.30221736 0.02152679 0.01297525
v -0.30164197 0.02205488 0.01198364
v -0.30114716 0.02256733 0.01091641
v -0.30091920 0.02282691 0.01032578
v -0.30053148 0.02331340 0.00909917
v -0.30022320 0.02375468 0.00779857
v -0.29998660 0.02414116 0.00642456
v -0.29981342 0.02446269 0.00498008
v -0.29969537 0.02470905 0.00347037
v -0.29964352 0.02482672 0.00243069
v -0.29960155 0.02492726 0.00080269
v -0.29960194 0.02492630 -0.00083324
v -0.29964492 0.02482345 -0.00246561
v -0.29973647 0.02462023 -0.00408127
v -0.29988283 0.02432897 -0.00562817
v -0.30009216 0.02396244 -0.00709554
v -0.30037394 0.02353162 -0.00848358
v -0.30073765 0.02304678 -0.00979307
v -0.30092493 0.02282018 -0.01034157
v -0.30138856 0.02230949 -0.01146814
v -0.30193311 0.02177980 -0.01251213
v -0.30256301 0.02123717 -0.01348157
v -0.30328563 0.02068505 -0.01438611
v -0.30577800 0.02292568 -0.01342903
v -0.30512491 0.02329816 -0.01250553
v -0.30453739 0.02367631 -0.01150447
v -0.30401441 0.02405431 -0.01041470
v -0.30379546 0.02422619 -0.00988025
v -0.30335322 0.02460237 -0.00859399
v -0.30298972 0.02494612 -0.00721530
v -0.30270213 0.02524544 -0.00574252
v -0.30248791 0.02548771 -0.00417574
v -0.30234602 0.02565904 -0.00252768
v -0.30227661 0.02574646 -0.00085508
v -0.30227596 0.02574728 0.00082374
v -0.30234379 0.02566181 0.00249195
v -0.30242512 0.02556236 0.00355375
v -0.30260220 0.02535618 0.00508768
v -0.30284700 0.02509128 0.00654366
v -0.30316156 0.02477925 0.00791548
v -0.30354789 0.02443165 0.00920046
v -0.30400780 0.02405937 0.01039935
v -0.30426818 0.02386552 0.01097207
v -0.30481389 0.02349275 0.01199976
v -0.30542269 0.02312260 0.01294731
v -0.30609405 0.02276102 0.01382239
v -0.30928954 0.02497524 0.01481074
v -0.30650094 0.02256233 -0.01428766
v -0.30858803 0.02517327 -0.01392115
v -0.30793646 0.02538948 -0.01296882
v -0.30733275 0.02562097 -0.01193880
v -0.30677840 0.02586300 -0.01081782
v -0.30654067 0.02597623 -0.01026767
v -0.30604833 0.02623036 -0.00894164
v -0.30562910 0.02646953 -0.00751645
v -0.30528572 0.02668269 -0.00598923
v -0.30502158 0.02685831 -0.00435958
v -0.30484191 0.02698408 -0.00264096
v -0.30475241 0.02704874 -0.00089375
v -0.30475157 0.02704935 0.00086100
v -0.30483904 0.02698613 0.00260366
v -0.30494258 0.02691296 0.00371141
v -0.30516350 0.02676263 0.00530869
v -0.30546016 0.02657236 0.00682059
v -0.30582917 0.02635264 0.00824078
v -0.30626720 0.02611399 0.00956726
v -0.30677128 0.02586630 0.01080203
v -0.30704960 0.02574087 0.01139123
v -0.30761915 0.02550719 0.01244826
v -0.30823588 0.02528602 0.01342400
v -0.30889705 0.02508185 0.01432803
v -0.31147954 0.02777502 0.01592311
v -0.31188548 -0.02643707 0.01680804
v -0.30992097 -0.02397973 0.01574966
v -0.31056434 -0.02278810 0.01701308
v -0.31237885 0.02667439 0.01755550
v -0.30391219 -0.01962920 0.01517705
v -0.30713329 -0.02154821 0.01513623
v -0.30473459 -0.01865154 0.01634948
v -0.30568969 -0.01745927 0.01760369
v -0.30580974 -0.01730461 0.01775424
v -0.30679029 -0.01599539 0.01893211
v -0.30776134 -0.01460457 0.02001749
v -0.30870193 -0.01314216 0.02100258
v -0.30959123 -0.01161872 0.02188118
v -0.31041023 -0.01004292 0.02264962
v -0.31105083 -0.00863769 0.02322572
v -0.31163895 -0.00713488 0.02373664
v -0.31212422 -0.00562965 0.02414597
v -0.31250376 -0.00411949 0.02445871
v -0.31275964 -0.00270420 0.02466599
v -0.31291878 -0.00126923 0.02479352
v -0.31297594 0.00016673 0.02483908
v -0.31293008 0.00161108 0.02480254
v -0.31277889 0.00306931 0.02468149
v -0.31262061 0.00403841 0.02455371
v -0.31187594 0.00694041 0.02393788
v -0.31229746 0.00549315 0.02428950
v -0.31136045 0.00837910 0.02349676
v -0.31075653 0.00980688 0.02296365
v -0.31005341 0.01125438 0.02231938
v -0.30923942 0.01274086 0.02153937
v -0.30836883 0.01417515 0.02066063
v -0.30651987 0.01686511 0.01861606
v -0.30745715 0.01555177 0.01968541
v -0.30640534 0.01701964 0.01848023
v -0.30542874 0.01829160 0.01727124
v -0.30520529 0.01857217 0.01698061
v -0.30427143 0.01970733 0.01570090
v -0.30744287 0.02159542 0.01568251
v -0.30825311 0.02037230 0.01702293
v -0.30844811 0.02006904 0.01732847
v -0.30930459 0.01869027 0.01860369
v -0.30940551 0.01852237 0.01874736
v -0.31023443 0.01709242 0.01988119
v -0.31104577 0.01558873 0.02091919
v -0.31182471 0.01401785 0.02185749
v -0.31255633 0.01238622 0.02269259
v -0.31319070 0.01079459 0.02338383
v -0.31373715 0.00922250 0.02395676
v -0.31420472 0.00763672 0.02443144
v -0.31458780 0.00604016 0.02481020
v -0.31488186 0.00443436 0.02509503
v -0.31502604 0.00336423 0.02523284
v -0.31516385 0.00175357 0.02536343
v -0.31520566 0.00015801 0.02540286
v -0.31515351 -0.00142827 0.02535369
v -0.31500849 -0.00301319 0.02521612
v -0.31477550 -0.00457588 0.02499259
v -0.31443030 -0.00624245 0.02465555
v -0.31398964 -0.00790237 0.02421482
v -0.31345683 -0.00955800 0.02366537
v -0.31287801 -0.01110422 0.02304674
v -0.31214055 -0.01283536 0.02222319
v -0.31134334 -0.01450543 0.02128399
v -0.31050462 -0.01610443 0.02023424
v -0.30964410 -0.01762034 0.01908198
v -0.30878139 -0.01904189 0.01783714
v -0.30867624 -0.01920941 0.01767847
v -0.30784377 -0.02049738 0.01636083
v -0.30970171 -0.02375295 0.01567149
v -0.31020099 0.02396561 0.01631344
v -0.31093597 0.02258166 0.01769557
v -0.31111327 0.02223950 0.01801037
v -0.31189364 0.02068807 0.01932333
v -0.31198573 0.02049957 0.01947115
v -0.31274354 0.01889746 0.02063718
v -0.31348717 0.01721823 0.02170370
v -0.31420270 0.01546891 0.02266703
v -0.31487602 0.01365634 0.02352382
v -0.31546071 0.01189174 0.02423261
v -0.31596506 0.01015160 0.02481982
v -0.31639701 0.00839857 0.02530614
v -0.31675118 0.00663546 0.02569408
v -0.31702325 0.00486354 0.02598573
v -0.31715670 0.00368328 0.02612683
v -0.31728423 0.00190745 0.02626052
v -0.31732297 0.00014860 0.02630087
v -0.31727469 -0.00160004 0.02625055
v -0.31714043 -0.00334755 0.02610970
v -0.31692481 -0.00507128 0.02588084
v -0.31660554 -0.00691082 0.02553569
v -0.31619826 -0.00874472 0.02508422
v -0.31570628 -0.01057609 0.02452120
v -0.31517240 -0.01228896 0.02388701
v -0.31449321 -0.01421024 0.02304230
v -0.31376034 -0.01606813 0.02207831
v -0.31299099 -0.01785193 0.02100003
v -0.31220365 -0.01954856 0.01981539
v -0.31141663 -0.02114556 0.01853427
v -0.31132087 -0.02133419 0.01837087
v -0.31310448 0.02507720 0.01896105
v -0.31327882 0.02468453 0.01927972
v -0.31404337 0.02291347 0.02060327
v -0.31413335 0.02269924 0.02075176
v -0.31487155 0.02088565 0.02191935
v -0.31559286 0.01899678 0.02298197
v -0.31628439 0.01703976 0.02393770
v -0.31693321 0.01502135 0.02478468
v -0.31749526 0.01306381 0.02548329
v -0.31797910 0.01113926 0.02606072
v -0.31839287 0.00920515 0.02653806
v -0.31873176 0.00726367 0.02691827
v -0.31899181 0.00531535 0.02720380
v -0.31911930 0.00401876 0.02734183
v -0.31924111 0.00206906 0.02747257
v -0.31927809 0.00013872 0.02751202
v -0.31923199 -0.00178046 0.02746282
v -0.31910378 -0.00369918 0.02732508
v -0.31889775 -0.00559326 0.02710114
v -0.31859243 -0.00761707 0.02676310
v -0.31820256 -0.00963818 0.02632034
v -0.31773093 -0.01166108 0.02576723
v -0.31721824 -0.01355831 0.02514288
v -0.31656456 -0.01569388 0.02430901
v -0.31585714 -0.01776834 0.02335408
v -0.31511188 -0.01977079 0.02228143
v -0.31434596 -0.02168743 0.02109712
v -0.31357655 -0.02350476 0.01980889
v -0.31348267 -0.02372041 0.01964401
v -0.31273818 -0.02539061 0.01826834
v -0.31210101 -0.02677181 0.01697899
v -0.31317562 -0.02881250 0.01814422
v -0.30980322 0.02469390 -0.01550565
v -0.31320396 -0.02435360 -0.01914371
v -0.31246847 -0.02598013 -0.01773660
v -0.31210101 -0.02677181 -0.01697899
v -0.31317559 -0.02881250 -0.01814422
v -0.30391219 -0.01962920 -0.01517705
v -0.30376056 0.02030498 -0.01494998
v -0.30407172 0.01994282 -0.01541205
v -0.30499595 0.01883171 -0.01670323
v -0.30595085 0.01762131 -0.01792937
v -0.30692187 0.01631292 -0.01908362
v -0.30789244 0.01490828 -0.02015848
v -0.30884299 0.01341082 -0.02114522
v -0.30947870 0.01232077 -0.02177265
v -0.31027791 0.01081181 -0.02252795
v -0.31098837 0.00928360 -0.02317045
v -0.31160066 0.00774131 -0.02370388
v -0.31210887 0.00618293 -0.02413317
v -0.31233597 0.00534121 -0.02432122
v -0.31264776 0.00389035 -0.02457571
v -0.31285670 0.00244300 -0.02474390
v -0.31296241 0.00099246 -0.02482831
v -0.31296331 -0.00046781 -0.02482902
v -0.31291911 -0.00126471 -0.02479379
v -0.31275988 -0.00270247 -0.02466619
v -0.31249976 -0.00413809 -0.02445544
v -0.31214058 -0.00557250 -0.02415956
v -0.31105900 -0.00861847 -0.02323293
v -0.31168452 -0.00700621 -0.02377555
v -0.31037939 -0.01010619 -0.02262133
v -0.30962336 -0.01156044 -0.02191204
v -0.30793282 -0.01434734 -0.02020168
v -0.30880335 -0.01297620 -0.02110525
v -0.31198394 0.02752142 -0.01672890
v -0.31222430 0.02700761 -0.01723769
v -0.31294143 0.02544114 -0.01865672
v -0.31368703 0.02374947 -0.02000063
v -0.31444952 0.02193521 -0.02126259
v -0.31521556 0.02000131 -0.02243508
v -0.31596917 0.01795263 -0.02350922
v -0.31647491 0.01646841 -0.02419115
v -0.31711251 0.01442207 -0.02501094
v -0.31768087 0.01235780 -0.02570735
v -0.31817183 0.01028126 -0.02628490
v -0.31858009 0.00818854 -0.02674926
v -0.31876272 0.00706004 -0.02695256
v -0.31901368 0.00511719 -0.02722756
v -0.31918198 0.00318122 -0.02740924
v -0.31926718 0.00124224 -0.02750039
v -0.31926790 -0.00070930 -0.02750116
v -0.31923229 -0.00177442 -0.02746311
v -0.31910399 -0.00369687 -0.02732530
v -0.31889454 -0.00561817 -0.02709761
v -0.31860557 -0.00754042 -0.02677780
v -0.31823915 -0.00946524 -0.02636245
v -0.31773746 -0.01163517 -0.02577503
v -0.31719360 -0.01364389 -0.02511220
v -0.31659016 -0.01561473 -0.02434253
v -0.31593770 -0.01754182 -0.02346576
v -0.31524751 -0.01941769 -0.02248215
v -0.31472990 -0.02074197 -0.02170199
v -0.31396195 -0.02260625 -0.02046763
v -0.30727768 -0.01531050 -0.01948616
v -0.30630156 -0.01665858 -0.01835619
v -0.30533284 -0.01791247 -0.01714718
v -0.30438709 -0.01906981 -0.01586559
v -0.30713329 -0.02154821 -0.01513623
v -0.30754280 -0.02094760 -0.01585455
v -0.30836436 -0.01969973 -0.01719800
v -0.30921328 -0.01834117 -0.01847255
v -0.31007528 -0.01687451 -0.01966958
v -0.31065717 -0.01582352 -0.02043025
v -0.31143406 -0.01432370 -0.02139361
v -0.31216943 -0.01277140 -0.02225623
v -0.31285015 -0.01117379 -0.02301639
v -0.31346419 -0.00953683 -0.02367312
v -0.31403100 -0.00776054 -0.02425670
v -0.31444514 -0.00617940 -0.02467020
v -0.31477183 -0.00459641 -0.02498906
v -0.31500873 -0.00301128 -0.02521634
v -0.31515384 -0.00142328 -0.02535399
v -0.31519413 -0.00054298 -0.02539200
v -0.31519333 0.00107020 -0.02539123
v -0.31509694 0.00267250 -0.02530017
v -0.31490660 0.00427088 -0.02511875
v -0.31462282 0.00587248 -0.02484439
v -0.31441632 0.00680123 -0.02464176
v -0.31395492 0.00851968 -0.02417957
v -0.31340030 0.01021864 -0.02360597
v -0.31275865 0.01189985 -0.02291622
v -0.31203946 0.01355708 -0.02210704
v -0.31146955 0.01475209 -0.02143629
v -0.31062123 0.01639009 -0.02038427
v -0.30976036 0.01792177 -0.01924253
v -0.30890512 0.01934323 -0.01802183
v -0.30807084 0.02065251 -0.01673170
v -0.30727062 0.02184830 -0.01538111
v -0.30700299 0.02223655 -0.01489990
v -0.30992097 -0.02397973 -0.01574966
v -0.31029150 -0.02329800 -0.01649093
v -0.31103712 -0.02188691 -0.01787595
v -0.31181031 -0.02035755 -0.01918837
v -0.31259787 -0.01871308 -0.02041964
v -0.31313077 -0.01753816 -0.02120143
v -0.31384367 -0.01586572 -0.02219086
v -0.31451979 -0.01413917 -0.02307620
v -0.31514674 -0.01236610 -0.02385589
v -0.31571311 -0.01055267 -0.02452913
v -0.31623647 -0.00858795 -0.02512713
v -0.31661928 -0.00684120 -0.02555069
v -0.31692144 -0.00509394 -0.02587723
v -0.31714064 -0.00334545 -0.02610993
v -0.31727499 -0.00159454 -0.02625085
v -0.31731230 -0.00062411 -0.02628976
v -0.31731153 0.00115412 -0.02628898
v -0.31722230 0.00292055 -0.02619575
v -0.31704614 0.00468321 -0.02601002
v -0.31678358 0.00645037 -0.02572909
v -0.31659263 0.00747573 -0.02552157
v -0.31616619 0.00937440 -0.02504811
v -0.31565410 0.01125392 -0.02446031
v -0.31506240 0.01311677 -0.02375317
v -0.31440023 0.01495662 -0.02292312
v -0.31387627 0.01628598 -0.02223467
v -0.31309783 0.01811250 -0.02115419
v -0.31230989 0.01982597 -0.01998052
v -0.31152937 0.02142199 -0.01872443
v -0.31077042 0.02289814 -0.01739542
v -0.31004512 0.02425262 -0.01600242
v -0.30899894 -0.02396031 0.01483144
v -0.30986950 -0.02675299 -0.01352425
v -0.31193358 -0.02898629 -0.01569970
v -0.31044298 -0.02664017 -0.01458886
v -0.31245342 -0.02891356 -0.01679195
v -0.31104529 -0.02654200 -0.01558219
v -0.31299537 -0.02883764 -0.01782269
v -0.31167576 -0.02645996 -0.01651681
v -0.31095555 -0.02912056 -0.01328146
v -0.31115559 -0.02909351 -0.01382301
v -0.31143439 -0.02905541 -0.01453419
v -0.30811542 -0.02722629 -0.00896729
v -0.31026071 -0.02921219 -0.01113797
v -0.30856177 -0.02708661 -0.01040810
v -0.31071755 -0.02915237 -0.01259770
v -0.30906346 -0.02694559 -0.01175193
v -0.30932829 -0.02687778 -0.01237788
v -0.30947983 -0.02930986 -0.00792515
v -0.30978379 -0.02927259 -0.00932444
v -0.30984604 -0.02926484 -0.00958347
v -0.30773073 -0.02735771 -0.00742587
v -0.30741489 -0.02747346 -0.00578497
v -0.30897570 -0.02936934 -0.00468581
v -0.30717525 -0.02756609 -0.00405041
v -0.30893514 -0.02937399 -0.00431564
v -0.30706444 -0.02761035 -0.00288574
v -0.30882373 -0.02938666 -0.00307341
v -0.30696538 -0.02765069 -0.00099854
v -0.30872330 -0.02939796 -0.00106315
v -0.30696291 -0.02765171 0.00090154
v -0.30870968 -0.02939948 0.00001292
v -0.30705747 -0.02761317 0.00279526
v -0.30897632 -0.02936926 0.00469124
v -0.30724916 -0.02753707 0.00466130
v -0.30900890 -0.02936551 0.00496762
v -0.30745777 -0.02745732 0.00603835
v -0.30921477 -0.02934150 0.00643850
v -0.30779973 -0.02733338 0.00773070
v -0.30954614 -0.02930181 0.00825253
v -0.30978903 -0.02927194 0.00934653
v -0.30821407 -0.02719424 0.00931168
v -0.30993849 -0.02925325 0.00995422
v -0.30869213 -0.02704836 0.01078059
v -0.31038028 -0.02919671 0.01154155
v -0.30922824 -0.02690287 0.01214713
v -0.31086585 -0.02913260 0.01302908
v -0.30945835 -0.02684612 0.01266838
v -0.31107181 -0.02910487 0.01359961
v -0.31123206 -0.02651556 0.01586909
v -0.31116462 -0.02909229 0.01384685
v -0.31001899 -0.02672170 0.01381484
v -0.31156507 -0.02903741 0.01485182
v -0.31061062 -0.02661082 0.01487671
v -0.31207860 -0.02896605 0.01601580
v -0.31261405 -0.02889103 0.01710811
v -0.30357563 -0.01976304 -0.01492433
v -0.30289355 -0.02032012 -0.01406799
v -0.30229706 -0.02087242 -0.01314677
v -0.30178222 -0.02141534 -0.01215406
v -0.30134657 -0.02194208 -0.01108523
v -0.30115208 -0.02220466 -0.01050336
v -0.30081892 -0.02271059 -0.00926110
v -0.30056357 -0.02316974 -0.00794213
v -0.30037677 -0.02357210 -0.00654703
v -0.30024818 -0.02390702 -0.00507918
v -0.30016658 -0.02416386 -0.00354411
v -0.30013379 -0.02428340 -0.00252083
v -0.30010718 -0.02439071 -0.00087093
v -0.30010656 -0.02439340 0.00078630
v -0.30013183 -0.02429096 0.00244153
v -0.30019024 -0.02408438 0.00408304
v -0.30026427 -0.02386131 0.00530476
v -0.30040792 -0.02349949 0.00682162
v -0.30061653 -0.02306752 0.00825609
v -0.30090091 -0.02257808 0.00960436
v -0.30127162 -0.02204091 0.01087053
v -0.30144668 -0.02181425 0.01135578
v -0.30191126 -0.02127227 0.01242523
v -0.30245745 -0.02071681 0.01341450
v -0.30308962 -0.02015278 0.01433224
v -0.30623320 -0.02179906 0.01430942
v -0.30557781 -0.02218721 0.01343770
v -0.30498686 -0.02258441 0.01249292
v -0.30445886 -0.02298614 0.01146325
v -0.30425173 -0.02315825 0.01099282
v -0.30379221 -0.02357570 0.00975534
v -0.30341160 -0.02396757 0.00842183
v -0.30310595 -0.02432238 0.00698626
v -0.30287227 -0.02462591 0.00545168
v -0.30273864 -0.02481591 0.00420539
v -0.30262220 -0.02499378 0.00251995
v -0.30256712 -0.02508266 0.00081241
v -0.30256855 -0.02508033 -0.00089983
v -0.30262634 -0.02498723 -0.00260160
v -0.30269298 -0.02488412 -0.00365323
v -0.30284423 -0.02466467 -0.00522219
v -0.30305740 -0.02438283 -0.00670965
v -0.30333668 -0.02405077 -0.00810904
v -0.30368558 -0.02368072 -0.00941736
v -0.30410701 -0.02328409 -0.01063547
v -0.30434108 -0.02308291 -0.01120121
v -0.30484295 -0.02268910 -0.01223271
v -0.30540702 -0.02229699 -0.01318264
v -0.30603266 -0.02191262 -0.01405874
v -0.30672136 -0.02153981 -0.01487067
v -0.30834430 -0.02418714 0.01393385
v -0.30773500 -0.02443149 0.01296393
v -0.30717146 -0.02468983 0.01190766
v -0.30694440 -0.02480363 0.01142485
v -0.30642587 -0.02508679 0.01015294
v -0.30597699 -0.02536100 0.00877826
v -0.30559939 -0.02561563 0.00729291
v -0.30529672 -0.02583789 0.00569892
v -0.30511644 -0.02597894 0.00440018
v -0.30495390 -0.02611228 0.00263904
v -0.30487490 -0.02617937 0.00085119
v -0.30487695 -0.02617761 -0.00094278
v -0.30495977 -0.02610736 -0.00272446
v -0.30505338 -0.02602994 -0.00382374
v -0.30525938 -0.02586654 -0.00546004
v -0.30553764 -0.02565958 -0.00700605
v -0.30588606 -0.02542019 -0.00845512
v -0.30630213 -0.02515951 -0.00980497
v -0.30678344 -0.02488795 -0.01105786
v -0.30704278 -0.02475359 -0.01163876
v -0.30758336 -0.02449778 -0.01269701
v -0.30817023 -0.02425350 -0.01367182
v -0.30880073 -0.02402536 -0.01457292
v -0.30947465 -0.02381615 -0.01541197
v -0.34619662 0.02825000 0.01295315
v -0.34270135 0.02825000 0.01135692
v -0.33979738 0.02825000 0.00884062
v -0.33771998 0.02825000 0.00560810
v -0.33663741 0.02825000 0.00192125
v -0.33663741 0.02825000 -0.00192125
v -0.33771998 0.02825000 -0.00560810
v -0.33979738 0.02825000 -0.00884062
v -0.34270135 0.02825000 -0.01135692
v -0.34619662 0.02825000 -0.01295315
v -0.33800000 0.02825000 0.00000000
v -0.33858731 0.02825000 -0.00370820
v -0.34029180 0.02825000 -0.00705342
v -0.34294659 0.02825000 -0.00970820
v -0.34629181 0.02825000 -0.01141268
v -0.34629181 0.02825000 0.01141268
v -0.34294659 0.02825000 0.00970820
v -0.34029180 0.02825000 0.00705342
v -0.33858731 0.02825000 0.00370820
v -0.32055515 0.02785000 -0.01870000
v -0.32140514 0.02785000 -0.01847224
v -0.32202739 0.02785000 -0.01785000
v -0.32225513 0.02785000 -0.01700000
v -0.32202739 0.02785000 -0.01615000
v -0.32140514 0.02785000 -0.01552776
v -0.32055515 0.02785000 -0.01530000
v -0.31970513 0.02785000 -0.01552776
v -0.31908289 0.02785000 -0.01615000
v -0.31885514 0.02785000 -0.01700000
v -0.31908289 0.02785000 -0.01785000
v -0.31970513 0.02785000 -0.01847224
v -0.32055515 0.02785000 -0.01375000
v -0.31893015 0.02785000 -0.01418542
v -0.31774056 0.02785000 -0.01537500
v -0.31730515 0.02785000 -0.01700000
v -0.31774056 0.02785000 -0.01862500
v -0.31893015 0.02785000 -0.01981458
v -0.32055515 0.02785000 -0.02025000
v -0.32218012 0.02785000 -0.01981458
v -0.32336971 0.02785000 -0.01862500
v -0.32380512 0.02785000 -0.01700000
v -0.32336971 0.02785000 -0.01537500
v -0.32218012 0.02785000 -0.01418542
v -0.32055515 0.02785000 0.01530000
v -0.32140514 0.02785000 0.01552776
v -0.32202739 0.02785000 0.01615000
v -0.32225513 0.02785000 0.01700000
v -0.32202739 0.02785000 0.01785000
v -0.32140514 0.02785000 0.01847224
v -0.32055515 0.02785000 0.01870000
v -0.31970513 0.02785000 0.01847224
v -0.31908289 0.02785000 0.01785000
v -0.31885514 0.02785000 0.01700000
v -0.31908289 0.02785000 0.01615000
v -0.31970513 0.02785000 0.01552776
v -0.32336971 0.02785000 0.01537500
v -0.32380512 0.02785000 0.01700000
v -0.32336971 0.02785000 0.01862500
v -0.32218012 0.02785000 0.01981458
v -0.32055515 0.02785000 0.02025000
v -0.31893015 0.02785000 0.01981458
v -0.31774056 0.02785000 0.01862500
v -0.31730515 0.02785000 0.01700000
v -0.31774056 0.02785000 0.01537500
v -0.31893015 0.02785000 0.01418542
v -0.32055515 0.02785000 0.01375000
v -0.32218012 0.02785000 0.01418542
v -0.34200001 0.02225000 -0.03450000
v -0.34200001 0.02300000 -0.03470096
v -0.34200001 0.02354904 -0.03525000
v -0.34200001 0.02375000 -0.03600000
v -0.34200001 0.02354904 -0.03675000
v -0.34200001 0.02300000 -0.03729904
v -0.34200001 0.02225000 -0.03750000
v -0.34200001 0.02150000 -0.03729904
v -0.34200001 0.02095096 -0.03675000
v -0.34200001 0.02075000 -0.03600000
v -0.34200001 0.02095096 -0.03525000
v -0.34200001 0.02150000 -0.03470096
v -0.34200001 0.02225000 -0.03600000
v -0.34200001 -0.02275000 -0.03450000
v -0.34200001 -0.02200000 -0.03470096
v -0.34200001 -0.02145096 -0.03525000
v -0.34200001 -0.02125000 -0.03600000
v -0.34200001 -0.02145096 -0.03675000
v -0.34200001 -0.02200000 -0.03729904
v -0.34200001 -0.02275000 -0.03750000
v -0.34200001 -0.02350000 -0.03729904
v -0.34200001 -0.02404904 -0.03675000
v -0.34200001 -0.02425000 -0.03600000
v -0.34200001 -0.02404904 -0.03525000
v -0.34200001 -0.02350000 -0.03470096
v -0.34200001 -0.02275000 -0.03600000
v -0.34200001 -0.02275000 0.03750000
v -0.34200001 -0.02200000 0.03729904
v -0.34200001 -0.02145096 0.03675000
v -0.34200001 -0.02125000 0.03600000
v -0.34200001 -0.02145096 0.03525000
v -0.34200001 -0.02200000 0.03470096
v -0.34200001 -0.02275000 0.03450000
v -0.34200001 -0.02350000 0.03470096
v -0.34200001 -0.02404904 0.03525000
v -0.34200001 -0.02425000 0.03600000
v -0.34200001 -0.02404904 0.03675000
v -0.34200001 -0.02350000 0.03729904
v -0.34200001 -0.02275000 0.03600000
v -0.34200001 0.02225000 0.03750000
v -0.34200001 0.02300000 0.03729904
v -0.34200001 0.02354904 0.03675000
v -0.34200001 0.02375000 0.03600000
v -0.34200001 0.02354904 0.03525000
v -0.34200001 0.02300000 0.03470096
v -0.34200001 0.02225000 0.03450000
v -0.34200001 0.02150000 0.03470096
v -0.34200001 0.02095096 0.03525000
v -0.34200001 0.02075000 0.03600000
v -0.34200001 0.02095096 0.03675000
v -0.34200001 0.02150000 0.03729904
v -0.34200001 0.02225000 0.03600000
v -0.31099999 0.01586249 0.01250000
v -0.31099999 0.01325000 0.01250000
v -0.31099999 0.01955673 0.01250000
v -0.31087562 0.01822221 0.01250000
v -0.31055844 0.01705674 0.01250000
v -0.31453523 0.01327881 -0.01250000
v -0.31056464 0.01707394 -0.01250000
v -0.31099999 0.01955673 -0.01250000
v -0.31087974 0.01824439 -0.01250000
v -0.31099999 0.02161292 -0.00852207
v -0.31099999 0.02007823 -0.01165511
v -0.31099999 0.02265610 -0.00519296
v -0.31099999 0.02318376 -0.00174436
v -0.31099999 0.02318376 0.00174436
v -0.31099999 0.02265610 0.00519296
v -0.31099999 0.02161292 0.00852207
v -0.31099999 0.02007823 0.01165511
v -0.32136723 0.01327881 -0.01535215
v -0.32074741 0.01327881 -0.01466362
v -0.31909028 0.01327881 -0.01375247
v -0.31782430 0.01327881 -0.01305638
v -0.31725129 0.01327881 -0.01295945
v -0.31584507 0.01327881 -0.01272157
v -0.31099999 0.01151315 0.01265708
v -0.31099999 0.01468207 0.01384613
v -0.31040624 0.00894167 -0.01348950
v -0.31130439 0.01035483 -0.01293703
v -0.31208494 0.01184234 -0.01260371
v -0.31074342 0.01871513 -0.01085388
v -0.31074342 0.01871513 0.01085388
v -0.31074342 0.02014432 0.00793622
v -0.31074342 0.02111579 0.00483597
v -0.31074342 0.02160717 0.00162445
v -0.31074342 0.02160717 -0.00162445
v -0.31074342 0.02111579 -0.00483597
v -0.31074342 0.02014432 -0.00793622
v -0.31003854 -0.01613169 -0.00575945
v -0.31130749 0.00888713 -0.01374249
v -0.31329554 0.01177431 -0.01394289
v -0.31287518 0.01320704 -0.01283385
v -0.31174099 -0.00685624 -0.01457391
v -0.31135675 -0.00822655 -0.01383980
v -0.31116959 -0.00882208 -0.01346602
v -0.31072268 -0.01011273 -0.01252377
v -0.31026229 -0.01129998 -0.01146549
v -0.31116036 -0.01345719 -0.01031533
v -0.31124142 -0.01324601 -0.01056657
v -0.31166288 -0.01209648 -0.01178202
v -0.31012571 -0.01593776 -0.00623705
v -0.31042546 -0.01525493 -0.00765222
v -0.31077281 -0.01442937 -0.00901310
v -0.31185925 -0.01570582 -0.00957266
v -0.31151274 -0.01662612 -0.00814231
v -0.31207028 -0.00543437 -0.01517136
v -0.31233475 -0.00396723 -0.01563231
v -0.31249872 -0.00271864 -0.01591038
v -0.31262186 -0.00119671 -0.01611553
v -0.31266019 0.00032087 -0.01617875
v -0.31261429 0.00183323 -0.01610298
v -0.31254515 0.00275564 -0.01598807
v -0.31236279 0.00428079 -0.01568032
v -0.31210425 0.00576745 -0.01523147
v -0.31177697 0.00721466 -0.01464054
v -0.31171083 0.00747279 -0.01451783
v -0.31222156 0.01090243 -0.01321075
v -0.31262895 0.00948965 -0.01415393
v -0.31300402 0.00797853 -0.01496392
v -0.31306559 0.00770262 -0.01509221
v -0.31337085 0.00615508 -0.01571041
v -0.31361249 0.00456455 -0.01618037
v -0.31378311 0.00293227 -0.01650280
v -0.31384787 0.00194490 -0.01662322
v -0.31389087 0.00032587 -0.01670264
v -0.31385496 -0.00129875 -0.01663638
v -0.31373966 -0.00292785 -0.01642139
v -0.31358624 -0.00426406 -0.01613009
v -0.31333914 -0.00583361 -0.01564750
v -0.31303209 -0.00735396 -0.01502255
v -0.31267470 -0.00881815 -0.01425552
v -0.31250101 -0.00945409 -0.01386539
v -0.31208730 -0.01083125 -0.01288310
v -0.31369746 0.01023482 -0.01491657
v -0.31406689 0.00859386 -0.01575050
v -0.31412750 0.00829476 -0.01588240
v -0.31442779 0.00661962 -0.01651731
v -0.31466523 0.00490139 -0.01699923
v -0.31483281 0.00314059 -0.01732949
v -0.31489640 0.00207628 -0.01745277
v -0.31493860 0.00033175 -0.01753405
v -0.31490338 -0.00141877 -0.01746624
v -0.31479013 -0.00317498 -0.01724613
v -0.31463945 -0.00461677 -0.01694770
v -0.31439659 -0.00631268 -0.01645275
v -0.31409454 -0.00795880 -0.01581079
v -0.31374255 -0.00954832 -0.01502128
v -0.31357130 -0.01024028 -0.01461900
v -0.31316289 -0.01174282 -0.01360397
v -0.31274310 -0.01312918 -0.01246235
v -0.31232524 -0.01439498 -0.01119727
v -0.31224474 -0.01462829 -0.01093511
f 1 2 3
f 3 2 4
f 3 4 5
f 5 4 6
f 5 6 7
f 7 6 8
f 7 8 9
f 9 8 10
f 9 10 11
f 11 10 12
f 11 12 13
f 13 12 14
f 13 14 15
f 15 14 16
f 17 18 19
f 19 18 20
f 19 20 21
f 21 20 22
f 21 22 23
f 23 22 24
f 23 24 25
f 25 24 26
f 25 26 27
f 27 26 28
f 27 28 29
f 29 28 30
f 29 30 31
f 31 30 32
f 33 34 35
f 35 34 36
f 35 36 37
f 38 39 40
f 40 39 41
f 40 41 42
f 42 41 43
f 44 45 46
f 46 45 47
f 46 47 48
f 48 47 49
f 48 49 50
f 50 49 51
f 50 51 52
f 52 51 53
f 52 53 54
f 54 53 55
f 54 55 56
f 56 55 57
f 56 57 58
f 58 57 59
f 58 59 40
f 40 59 34
f 40 34 38
f 38 34 33
f 60 61 62
f 62 61 63
f 62 63 64
f 63 18 64
f 64 18 65
f 64 65 66
f 66 65 67
f 66 67 68
f 68 67 69
f 68 69 70
f 45 71 72
f 73 44 74
f 74 44 75
f 45 72 17
f 76 18 77
f 77 18 17
f 77 17 78
f 78 17 72
f 79 45 80
f 80 45 44
f 80 44 81
f 81 44 73
f 65 82 75
f 75 82 83
f 75 83 74
f 76 84 18
f 18 84 85
f 18 85 65
f 65 85 86
f 65 86 87
f 88 87 89
f 89 87 90
f 89 90 79
f 79 90 91
f 79 91 45
f 45 91 92
f 45 92 71
f 88 93 87
f 87 93 94
f 87 94 65
f 65 94 95
f 65 95 82
f 96 97 98
f 99 100 101
f 101 100 102
f 99 103 100
f 100 103 104
f 100 104 105
f 105 106 107
f 107 106 108
f 107 108 109
f 110 102 111
f 111 102 112
f 110 113 102
f 102 113 114
f 102 114 101
f 115 116 117
f 117 116 118
f 117 118 102
f 102 118 119
f 102 119 112
f 120 121 122
f 122 121 123
f 122 123 117
f 117 123 124
f 117 124 115
f 125 126 127
f 127 126 128
f 127 128 122
f 122 128 129
f 122 129 120
f 130 131 132
f 132 131 133
f 132 133 127
f 127 133 134
f 127 134 125
f 135 136 137
f 137 136 138
f 137 138 139
f 135 140 136
f 136 140 141
f 136 141 132
f 132 141 142
f 132 142 130
f 143 144 145
f 145 144 146
f 145 146 138
f 138 146 147
f 138 147 139
f 148 149 150
f 150 149 151
f 150 151 145
f 145 151 152
f 145 152 143
f 153 154 155
f 155 154 156
f 155 156 150
f 150 156 157
f 150 157 148
f 158 159 160
f 160 159 161
f 160 161 155
f 155 161 162
f 155 162 153
f 163 164 165
f 165 166 163
f 163 166 167
f 163 167 160
f 160 167 168
f 160 168 158
f 169 170 171
f 172 173 174
f 174 173 175
f 169 171 176
f 172 177 173
f 173 177 178
f 173 178 176
f 170 179 171
f 171 179 180
f 171 180 163
f 163 180 181
f 163 181 164
f 182 183 175
f 175 183 184
f 184 185 175
f 175 185 186
f 175 186 174
f 187 188 189
f 189 188 190
f 189 190 175
f 175 190 191
f 175 191 182
f 98 97 189
f 189 97 192
f 189 192 187
f 193 194 195
f 195 194 196
f 195 196 98
f 98 196 197
f 98 197 96
f 198 199 200
f 200 199 201
f 200 201 195
f 195 201 202
f 195 202 193
f 203 204 205
f 205 204 206
f 205 206 207
f 203 208 204
f 204 208 209
f 204 209 200
f 200 209 210
f 200 210 198
f 211 212 213
f 212 214 213
f 213 214 215
f 213 215 206
f 206 215 216
f 206 216 207
f 217 218 219
f 219 218 220
f 219 220 213
f 213 220 221
f 213 221 211
f 222 223 224
f 224 223 225
f 224 225 219
f 219 225 226
f 219 226 217
f 227 228 229
f 228 230 229
f 229 230 231
f 229 231 224
f 224 231 232
f 224 232 222
f 109 233 107
f 107 233 234
f 107 234 235
f 235 234 236
f 235 236 237
f 237 238 235
f 235 238 239
f 235 239 240
f 240 241 235
f 235 241 242
f 235 242 229
f 229 242 243
f 229 243 227
f 176 171 173
f 173 171 244
f 173 244 245
f 245 244 64
f 245 64 66
f 105 107 100
f 100 107 246
f 100 246 247
f 247 246 248
f 247 248 249
f 250 251 252
f 252 251 253
f 252 253 254
f 255 256 257
f 257 256 258
f 258 256 259
f 258 259 254
f 254 259 260
f 254 260 252
f 261 262 263
f 263 262 264
f 264 262 265
f 264 265 266
f 267 268 269
f 270 271 272
f 263 273 261
f 261 273 274
f 261 274 275
f 275 274 276
f 275 276 277
f 277 276 278
f 279 280 278
f 278 280 281
f 278 281 277
f 257 282 255
f 255 282 283
f 255 283 284
f 284 283 285
f 284 285 286
f 286 285 287
f 286 287 288
f 288 287 270
f 288 270 289
f 289 270 272
f 279 290 280
f 280 290 291
f 280 291 292
f 292 291 293
f 292 293 62
f 62 293 294
f 62 294 60
f 60 294 295
f 60 295 296
f 269 297 267
f 267 297 298
f 267 298 299
f 299 298 300
f 299 300 301
f 301 300 302
f 303 304 305
f 303 305 306
f 306 305 307
f 306 307 308
f 304 303 309
f 309 303 310
f 309 310 278
f 302 271 301
f 301 271 270
f 301 270 311
f 311 270 312
f 311 312 250
f 250 312 313
f 250 313 251
f 295 314 296
f 296 314 315
f 296 315 316
f 316 315 317
f 316 317 318
f 318 317 319
f 318 319 310
f 310 319 320
f 310 320 278
f 278 320 321
f 278 321 279
f 272 322 289
f 289 322 323
f 289 323 324
f 324 323 325
f 324 325 326
f 326 325 327
f 326 327 265
f 265 327 328
f 265 328 266
f 266 328 269
f 266 269 308
f 308 269 268
f 308 268 306
f 329 330 331
f 331 330 332
f 331 333 329
f 329 333 334
f 329 334 70
f 70 334 68
f 68 334 335
f 68 335 336
f 336 335 337
f 336 337 338
f 339 340 341
f 341 342 339
f 339 342 343
f 339 343 344
f 344 343 345
f 344 345 346
f 347 348 349
f 346 350 351
f 351 350 352
f 351 352 353
f 353 352 354
f 353 354 355
f 337 356 338
f 338 356 357
f 338 357 358
f 358 357 359
f 358 359 360
f 360 359 361
f 360 361 362
f 363 364 365
f 365 364 366
f 332 330 367
f 367 330 368
f 367 368 362
f 340 360 341
f 341 360 362
f 341 362 369
f 369 362 368
f 369 368 370
f 370 368 371
f 370 371 372
f 372 371 373
f 372 373 374
f 374 373 375
f 364 376 366
f 366 376 377
f 366 377 378
f 378 377 379
f 378 379 380
f 380 379 381
f 380 381 382
f 382 381 383
f 382 383 384
f 385 386 387
f 387 386 388
f 345 389 346
f 346 389 347
f 346 347 350
f 350 347 349
f 354 390 355
f 355 390 391
f 355 391 392
f 392 391 393
f 392 393 394
f 394 393 395
f 388 386 396
f 396 386 397
f 396 397 395
f 387 398 385
f 385 398 349
f 385 349 399
f 399 349 348
f 399 348 375
f 375 348 400
f 375 400 374
f 365 394 363
f 363 394 395
f 363 395 401
f 401 395 397
f 401 397 402
f 402 397 403
f 402 403 404
f 404 403 405
f 404 405 406
f 406 405 384
f 406 384 407
f 407 384 383
f 408 409 410
f 410 409 411
f 410 411 412
f 408 410 413
f 413 410 414
f 413 414 415
f 415 414 416
f 415 416 417
f 418 419 416
f 416 419 420
f 416 420 417
f 67 65 421
f 421 65 422
f 421 422 423
f 423 422 424
f 423 424 425
f 425 424 426
f 425 426 427
f 427 426 428
f 427 428 429
f 429 428 430
f 429 430 418
f 418 430 431
f 418 431 419
f 411 16 412
f 412 16 14
f 412 14 432
f 432 14 12
f 432 12 433
f 433 12 10
f 433 10 434
f 434 10 8
f 434 8 435
f 435 8 6
f 435 6 436
f 436 6 4
f 436 4 437
f 437 4 2
f 429 418 438
f 423 425 439
f 439 425 440
f 412 441 442
f 438 443 429
f 429 443 444
f 429 444 427
f 427 444 445
f 427 445 425
f 446 447 448
f 449 450 451
f 439 452 423
f 423 452 453
f 423 453 421
f 421 453 454
f 421 454 67
f 67 454 455
f 67 455 69
f 69 455 456
f 69 456 457
f 457 456 458
f 457 458 459
f 460 461 448
f 448 461 462
f 448 462 446
f 447 446 437
f 437 446 463
f 437 463 436
f 436 463 464
f 436 464 435
f 458 465 459
f 459 465 466
f 459 466 467
f 467 466 468
f 467 468 469
f 469 468 470
f 464 471 435
f 435 471 472
f 435 472 434
f 412 442 410
f 410 442 473
f 410 473 414
f 414 473 474
f 414 474 449
f 441 412 475
f 475 412 432
f 475 432 476
f 451 477 449
f 449 477 478
f 449 478 414
f 414 478 479
f 414 479 416
f 416 479 480
f 416 480 418
f 418 480 481
f 418 481 438
f 440 425 470
f 470 425 445
f 470 445 469
f 469 445 482
f 469 482 483
f 483 482 450
f 483 450 484
f 476 432 485
f 485 432 433
f 485 433 434
f 484 450 486
f 486 450 449
f 486 449 487
f 487 449 488
f 487 488 489
f 488 490 489
f 489 490 491
f 489 491 492
f 492 491 493
f 492 493 494
f 494 493 485
f 472 495 434
f 434 495 496
f 434 496 485
f 485 496 497
f 485 497 494
f 494 497 498
f 494 498 460
f 460 498 499
f 460 499 461
f 70 69 329
f 329 69 457
f 329 457 330
f 330 457 459
f 330 459 368
f 368 459 467
f 368 467 371
f 371 467 469
f 371 469 373
f 373 469 483
f 373 483 375
f 375 483 484
f 375 484 399
f 399 484 486
f 399 486 385
f 385 486 487
f 385 487 386
f 386 487 489
f 386 489 397
f 397 489 492
f 397 492 403
f 403 492 494
f 403 494 405
f 405 494 460
f 405 460 384
f 384 460 448
f 384 448 382
f 382 448 447
f 500 419 501
f 501 419 431
f 501 431 502
f 502 431 430
f 502 430 503
f 503 430 428
f 503 428 504
f 504 428 426
f 504 426 505
f 505 426 424
f 505 424 506
f 506 424 422
f 506 422 75
f 75 422 65
f 61 60 507
f 507 60 296
f 507 296 508
f 508 296 316
f 508 316 509
f 509 316 318
f 509 318 510
f 510 318 310
f 510 310 511
f 511 310 303
f 511 303 512
f 512 303 306
f 512 306 513
f 513 306 268
f 513 268 514
f 514 268 267
f 514 267 515
f 515 267 299
f 515 299 516
f 516 299 301
f 516 301 517
f 517 301 311
f 517 311 518
f 518 311 250
f 518 250 519
f 519 250 252
f 519 252 520
f 520 252 260
f 521 522 523
f 524 525 526
f 527 528 529
f 507 508 530
f 530 531 507
f 507 531 532
f 507 532 61
f 533 534 535
f 523 522 536
f 536 522 537
f 536 537 538
f 538 537 539
f 538 539 520
f 520 539 540
f 520 540 519
f 519 540 541
f 519 541 518
f 521 523 542
f 542 523 543
f 542 543 544
f 545 546 547
f 535 534 548
f 526 549 524
f 524 549 550
f 524 550 551
f 551 550 552
f 551 552 553
f 553 552 554
f 553 554 528
f 528 554 555
f 528 555 529
f 529 556 527
f 527 556 557
f 527 557 558
f 558 557 559
f 558 559 543
f 61 532 63
f 63 532 560
f 63 560 561
f 561 560 562
f 561 562 546
f 546 562 563
f 546 563 547
f 534 564 548
f 548 564 565
f 548 565 566
f 566 565 567
f 566 567 551
f 551 567 568
f 551 568 524
f 533 535 569
f 569 535 570
f 569 570 545
f 541 571 518
f 518 571 572
f 518 572 517
f 517 572 573
f 517 573 516
f 516 573 574
f 511 575 510
f 510 575 576
f 510 576 509
f 509 576 569
f 544 543 574
f 574 543 559
f 574 559 516
f 516 559 577
f 516 577 515
f 515 577 525
f 515 525 514
f 547 578 545
f 545 578 579
f 545 579 569
f 569 579 580
f 569 580 509
f 509 580 581
f 509 581 508
f 508 581 582
f 508 582 530
f 514 525 513
f 513 525 524
f 513 524 512
f 512 524 583
f 512 583 511
f 511 583 584
f 511 584 575
f 585 586 566
f 566 586 587
f 566 587 548
f 585 566 588
f 588 566 551
f 588 551 589
f 589 551 553
f 589 553 590
f 528 591 553
f 553 591 592
f 553 592 590
f 18 63 20
f 20 63 561
f 20 561 22
f 22 561 546
f 22 546 24
f 24 546 545
f 24 545 26
f 26 545 570
f 26 570 28
f 28 570 535
f 28 535 30
f 30 535 548
f 30 548 32
f 32 548 587
f 538 593 536
f 536 593 594
f 536 594 523
f 523 594 595
f 523 595 543
f 543 595 596
f 543 596 558
f 558 596 597
f 558 597 527
f 527 597 598
f 527 598 528
f 528 598 599
f 528 599 591
f 600 591 601
f 601 591 599
f 601 599 602
f 602 599 598
f 602 598 603
f 603 598 597
f 603 597 604
f 604 597 596
f 604 596 605
f 605 596 595
f 605 595 606
f 606 595 594
f 606 594 607
f 607 594 593
f 608 609 610
f 610 609 611
f 610 611 612
f 613 614 615
f 615 614 616
f 615 616 617
f 617 616 618
f 608 613 609
f 609 613 615
f 609 615 619
f 619 615 620
f 619 620 621
f 621 620 622
f 621 622 623
f 623 622 624
f 623 624 625
f 625 624 626
f 625 626 627
f 627 626 628
f 627 628 629
f 629 628 630
f 629 630 631
f 631 630 632
f 631 632 633
f 633 632 634
f 635 636 637
f 638 639 640
f 641 642 643
f 644 645 646
f 646 647 644
f 644 647 648
f 644 648 649
f 650 651 644
f 650 644 652
f 651 653 644
f 644 653 654
f 644 654 645
f 643 642 655
f 642 656 655
f 655 656 657
f 655 657 644
f 644 657 658
f 644 658 652
f 659 660 661
f 661 660 662
f 662 663 661
f 661 663 664
f 661 664 665
f 665 664 666
f 665 666 643
f 643 666 667
f 643 667 641
f 668 669 670
f 670 669 671
f 670 671 672
f 672 671 673
f 672 673 659
f 673 674 659
f 659 674 675
f 659 675 676
f 676 677 659
f 659 677 678
f 659 678 660
f 660 678 679
f 660 679 680
f 680 681 660
f 660 681 682
f 660 682 683
f 684 685 686
f 686 685 687
f 686 687 682
f 682 687 688
f 682 688 683
f 689 690 691
f 691 690 692
f 691 692 693
f 684 694 685
f 685 694 691
f 685 691 695
f 695 691 693
f 696 697 698
f 668 670 697
f 697 670 699
f 697 699 698
f 689 696 690
f 690 696 698
f 690 698 700
f 700 698 701
f 702 703 704
f 704 703 705
f 704 705 698
f 698 705 706
f 698 706 701
f 702 704 707
f 707 704 708
f 707 708 709
f 709 708 710
f 709 710 711
f 711 710 712
f 711 712 713
f 714 715 716
f 716 715 717
f 713 712 714
f 714 712 718
f 714 718 715
f 719 720 721
f 721 720 722
f 717 715 719
f 719 715 723
f 719 723 720
f 724 725 726
f 727 728 729
f 727 729 730
f 724 731 725
f 725 731 732
f 725 732 733
f 733 732 734
f 733 734 735
f 735 734 730
f 735 730 736
f 736 730 729
f 726 737 724
f 724 737 738
f 724 738 739
f 739 738 722
f 739 722 740
f 740 722 720
f 740 720 741
f 741 720 742
f 741 742 743
f 743 742 744
f 743 744 745
f 745 744 746
f 747 748 749
f 749 748 750
f 750 751 749
f 749 751 752
f 749 752 744
f 744 752 753
f 744 753 746
f 728 747 729
f 729 747 749
f 729 749 754
f 754 749 755
f 754 755 756
f 756 755 757
f 758 759 760
f 760 761 758
f 758 761 762
f 758 762 763
f 763 762 764
f 763 764 755
f 755 764 765
f 755 765 757
f 759 758 766
f 766 758 767
f 766 767 768
f 769 770 767
f 767 770 771
f 767 771 768
f 772 773 769
f 769 773 774
f 769 774 770
f 775 776 769
f 769 776 777
f 769 777 772
f 778 779 775
f 775 779 780
f 775 780 776
f 778 775 781
f 781 775 782
f 781 782 783
f 784 785 786
f 786 785 787
f 786 787 788
f 788 787 789
f 788 789 782
f 782 789 790
f 782 790 783
f 791 792 793
f 794 795 796
f 797 798 799
f 794 796 800
f 797 799 796
f 796 799 801
f 796 801 800
f 795 791 796
f 796 791 793
f 796 793 786
f 786 793 802
f 786 802 784
f 792 803 793
f 793 803 804
f 793 804 805
f 806 807 808
f 808 809 806
f 806 809 810
f 806 810 804
f 804 810 811
f 804 811 805
f 639 812 813
f 807 814 808
f 808 814 813
f 808 813 815
f 815 813 812
f 816 817 797
f 797 817 818
f 797 818 798
f 813 819 639
f 639 819 820
f 639 820 640
f 640 820 816
f 640 816 821
f 821 816 797
f 822 823 824
f 824 823 825
f 824 825 826
f 826 825 827
f 826 827 828
f 822 829 823
f 823 829 830
f 823 830 831
f 831 830 832
f 831 832 640
f 640 832 833
f 640 833 638
f 828 827 834
f 834 827 835
f 834 835 836
f 837 838 839
f 839 838 840
f 839 840 836
f 836 840 841
f 836 841 834
f 842 843 844
f 844 845 842
f 842 845 846
f 842 846 839
f 839 846 847
f 839 847 837
f 637 636 848
f 848 636 849
f 848 849 842
f 842 849 850
f 842 850 843
f 843 850 851
f 843 851 852
f 852 851 853
f 852 853 854
f 855 856 857
f 855 857 858
f 859 860 853
f 853 860 861
f 853 861 854
f 859 862 860
f 860 862 863
f 860 863 864
f 864 863 865
f 864 865 866
f 866 865 858
f 866 858 867
f 867 858 857
f 868 869 870
f 870 869 871
f 871 872 870
f 870 872 873
f 870 873 874
f 874 873 875
f 874 875 637
f 637 875 876
f 637 876 635
f 856 868 857
f 857 868 870
f 857 870 877
f 877 870 878
f 879 880 878
f 878 880 881
f 878 881 877
f 882 883 884
f 884 883 885
f 884 885 879
f 879 885 886
f 879 886 880
f 649 887 644
f 644 887 888
f 644 888 889
f 889 888 890
f 889 890 884
f 884 890 891
f 884 891 882
f 892 893 894
f 894 893 895
f 894 895 896
f 896 895 897
f 896 897 898
f 898 897 899
f 898 899 900
f 900 899 901
f 900 901 902
f 902 901 903
f 902 903 904
f 904 903 905
f 904 905 906
f 906 905 907
f 906 907 908
f 908 907 909
f 908 909 910
f 910 909 911
f 910 911 912
f 912 911 913
f 912 913 914
f 914 913 915
f 915 916 914
f 914 916 917
f 914 917 918
f 918 917 919
f 918 919 920
f 920 919 921
f 920 921 922
f 922 921 923
f 922 923 924
f 924 923 925
f 924 925 926
f 926 925 927
f 926 927 928
f 928 927 929
f 928 929 930
f 930 929 931
f 930 931 932
f 932 931 933
f 932 933 934
f 934 933 935
f 934 935 936
f 936 935 937
f 936 937 938
f 938 937 939
f 938 939 892
f 892 939 940
f 892 940 893
f 941 104 103
f 891 890 942
f 942 943 891
f 891 943 944
f 891 944 882
f 882 944 945
f 882 945 883
f 883 945 946
f 941 103 947
f 947 103 99
f 947 99 948
f 948 99 101
f 948 101 949
f 949 101 114
f 949 114 950
f 950 114 113
f 950 113 951
f 951 113 110
f 951 110 952
f 952 110 111
f 952 111 953
f 953 111 112
f 953 112 954
f 954 112 119
f 954 119 955
f 955 119 118
f 955 118 956
f 957 881 958
f 958 881 880
f 958 880 959
f 959 880 886
f 959 886 946
f 946 886 885
f 946 885 883
f 960 866 961
f 961 866 867
f 961 867 962
f 962 867 857
f 962 857 957
f 957 857 877
f 957 877 881
f 118 116 956
f 956 116 115
f 956 115 963
f 963 115 124
f 963 124 964
f 964 124 123
f 964 123 965
f 965 123 121
f 965 121 966
f 966 121 120
f 966 120 967
f 967 120 129
f 967 129 968
f 968 129 128
f 968 128 969
f 970 854 971
f 971 854 861
f 971 861 972
f 972 861 860
f 972 860 960
f 960 860 864
f 960 864 866
f 973 845 974
f 974 845 844
f 974 844 975
f 975 844 843
f 975 843 970
f 970 843 852
f 970 852 854
f 128 126 969
f 969 126 125
f 969 125 976
f 976 125 134
f 976 134 977
f 977 134 133
f 977 133 978
f 978 133 131
f 978 131 979
f 979 131 130
f 979 130 980
f 980 130 142
f 980 142 981
f 981 142 141
f 981 141 982
f 983 822 984
f 984 822 824
f 984 824 985
f 985 824 826
f 985 826 986
f 986 826 828
f 986 828 987
f 987 828 834
f 987 834 988
f 988 834 841
f 988 841 989
f 989 841 840
f 989 840 990
f 990 840 838
f 990 838 991
f 991 838 837
f 991 837 992
f 992 837 847
f 992 847 973
f 973 847 846
f 973 846 845
f 141 140 982
f 982 140 135
f 982 135 993
f 993 135 137
f 993 137 994
f 994 137 139
f 994 139 995
f 995 139 147
f 995 147 996
f 996 147 146
f 996 146 997
f 997 146 144
f 997 144 998
f 998 144 143
f 998 143 999
f 999 143 152
f 999 152 1000
f 1001 812 1002
f 1002 812 639
f 1002 639 1003
f 1003 639 638
f 1003 638 1004
f 1004 638 833
f 1004 833 1005
f 1005 833 832
f 1005 832 1006
f 1006 832 830
f 1006 830 983
f 983 830 829
f 983 829 822
f 1007 811 1008
f 1008 811 810
f 1008 810 1009
f 1009 810 809
f 1009 809 1010
f 1010 809 808
f 1010 808 1001
f 1001 808 815
f 1001 815 812
f 802 793 1007
f 1007 793 805
f 1007 805 811
f 152 151 1000
f 1000 151 149
f 1000 149 1011
f 1011 149 148
f 1011 148 1012
f 1012 148 157
f 1012 157 1013
f 1013 157 156
f 1013 156 1014
f 1014 156 154
f 1014 154 1015
f 1015 154 153
f 1015 153 1016
f 1016 153 162
f 1016 162 1017
f 1017 162 161
f 1017 161 1018
f 1018 161 159
f 1018 159 1019
f 1019 159 158
f 1019 158 1020
f 1020 158 168
f 1020 168 1021
f 1007 1022 802
f 802 1022 1023
f 802 1023 784
f 784 1023 1024
f 789 787 1024
f 1024 787 785
f 1024 785 784
f 1024 1025 789
f 789 1025 1026
f 789 1026 790
f 790 1026 1027
f 1028 777 1029
f 1029 777 776
f 1029 776 1030
f 1030 776 780
f 1030 780 1031
f 1031 780 779
f 1031 779 1032
f 1032 779 778
f 1032 778 1033
f 1033 778 781
f 1033 781 1027
f 1027 781 783
f 1027 783 790
f 774 773 1028
f 1028 773 772
f 1028 772 777
f 1028 1034 774
f 774 1034 1035
f 774 1035 770
f 770 1035 1036
f 770 1036 771
f 771 1036 1037
f 771 1037 768
f 768 1037 1038
f 760 759 1038
f 1038 759 766
f 1038 766 768
f 1038 1039 760
f 760 1039 1040
f 760 1040 761
f 761 1040 1041
f 761 1041 762
f 762 1041 1042
f 757 765 1042
f 1042 765 764
f 1042 764 762
f 168 167 1021
f 1021 167 166
f 1021 166 1043
f 1043 166 165
f 1043 165 1044
f 1044 165 164
f 1044 164 1045
f 1045 164 181
f 1045 181 1046
f 1046 181 180
f 1046 180 1047
f 1047 180 179
f 1047 179 1048
f 1048 179 170
f 1048 170 1049
f 1049 170 169
f 1049 169 1050
f 1050 169 176
f 1050 176 1051
f 1051 176 178
f 1051 178 1052
f 1052 178 177
f 1052 177 1053
f 1053 177 172
f 1053 172 1054
f 1054 172 174
f 1054 174 1055
f 1055 174 186
f 1055 186 1056
f 1056 186 185
f 1056 185 1057
f 1057 185 184
f 1057 184 1058
f 1058 184 183
f 1058 183 1059
f 1059 183 182
f 1059 182 1060
f 1060 182 191
f 1060 191 1061
f 1061 191 190
f 1061 190 1062
f 1042 1063 757
f 757 1063 1064
f 757 1064 756
f 756 1064 1065
f 1066 735 1067
f 1067 735 736
f 1067 736 1068
f 1068 736 729
f 1068 729 1065
f 1065 729 754
f 1065 754 756
f 1069 737 1070
f 1070 737 726
f 1070 726 1071
f 1071 726 725
f 1071 725 1066
f 1066 725 733
f 1066 733 735
f 190 188 1062
f 1062 188 187
f 1062 187 1072
f 1072 187 192
f 1072 192 1073
f 1073 192 97
f 1073 97 1074
f 1074 97 96
f 1074 96 1075
f 1075 96 197
f 1075 197 1076
f 1076 197 196
f 1076 196 1077
f 1077 196 194
f 1077 194 1078
f 1078 194 193
f 1078 193 1079
f 1079 193 202
f 1079 202 1080
f 1080 202 201
f 1080 201 1081
f 201 199 1081
f 1081 199 198
f 1081 198 1082
f 1082 198 210
f 1082 210 1083
f 1083 210 209
f 1083 209 1084
f 209 208 1084
f 1084 208 203
f 1084 203 1085
f 1085 203 205
f 1085 205 1086
f 1086 205 207
f 1086 207 1087
f 1087 207 216
f 1087 216 1088
f 216 215 1088
f 1088 215 214
f 1088 214 1089
f 1089 214 212
f 1089 212 1090
f 1090 212 211
f 1090 211 1091
f 1091 211 221
f 1091 221 1092
f 1093 701 1094
f 1094 701 706
f 1094 706 1095
f 1095 706 705
f 1095 705 1096
f 1096 705 703
f 1096 703 1097
f 1097 703 702
f 1097 702 1098
f 1098 702 707
f 1098 707 1099
f 1099 707 709
f 1099 709 1100
f 1100 709 711
f 1100 711 1101
f 1101 711 713
f 1101 713 1102
f 1102 713 714
f 1102 714 1103
f 1103 714 716
f 1103 716 1104
f 1104 716 717
f 1104 717 1105
f 1105 717 719
f 1105 719 1106
f 1106 719 721
f 1106 721 1107
f 1107 721 722
f 1107 722 1069
f 1069 722 738
f 1069 738 737
f 221 220 1092
f 1092 220 218
f 1092 218 1108
f 1108 218 217
f 1108 217 1109
f 1109 217 226
f 1109 226 1110
f 1111 693 1112
f 1112 693 692
f 1112 692 1113
f 1113 692 690
f 1113 690 1093
f 1093 690 700
f 1093 700 701
f 226 225 1110
f 1110 225 223
f 1110 223 1114
f 1114 223 222
f 1114 222 1115
f 1115 222 232
f 1115 232 1116
f 1117 688 1118
f 1118 688 687
f 1118 687 1119
f 1119 687 685
f 1119 685 1111
f 1111 685 695
f 1111 695 693
f 662 660 1117
f 1117 660 683
f 1117 683 688
f 232 231 1116
f 1116 231 230
f 1116 230 1120
f 1120 230 228
f 1120 228 1121
f 1121 228 227
f 1121 227 1122
f 1122 227 243
f 1122 243 1123
f 1117 1124 662
f 662 1124 1125
f 662 1125 663
f 663 1125 1126
f 663 1126 664
f 664 1126 666
f 666 1126 1127
f 666 1127 667
f 667 1127 1128
f 667 1128 641
f 641 1128 1129
f 641 1129 642
f 642 1129 1130
f 642 1130 656
f 243 242 1123
f 1123 242 241
f 1123 241 1131
f 1131 241 240
f 1131 240 1132
f 1132 240 239
f 1132 239 1133
f 1133 239 238
f 1133 238 1134
f 1134 238 237
f 1134 237 1135
f 1135 237 236
f 1135 236 1136
f 236 234 1136
f 1136 234 233
f 1136 233 1137
f 1137 233 109
f 1137 109 1138
f 1138 109 108
f 1138 108 1139
f 1139 108 106
f 1139 106 1140
f 656 1130 657
f 657 1130 1141
f 657 1141 658
f 658 1141 1142
f 658 1142 652
f 652 1142 1143
f 652 1143 650
f 650 1143 1144
f 650 1144 651
f 651 1144 1145
f 651 1145 653
f 653 1145 1146
f 653 1146 654
f 1140 106 941
f 941 106 105
f 941 105 104
f 1140 1147 1139
f 1139 1147 1148
f 1139 1148 1138
f 1138 1148 1149
f 1138 1149 1137
f 1137 1149 1150
f 1137 1150 1136
f 1136 1150 1151
f 1136 1151 1135
f 1135 1151 1152
f 1135 1152 1134
f 1134 1152 1153
f 1134 1153 1133
f 1133 1153 1154
f 1133 1154 1132
f 1132 1154 1155
f 1132 1155 1131
f 1131 1155 1156
f 1131 1156 1123
f 1123 1156 1157
f 1123 1157 1122
f 1122 1157 1158
f 1122 1158 1121
f 1121 1158 1159
f 1121 1159 1120
f 1120 1159 1160
f 1120 1160 1116
f 1116 1160 1161
f 1116 1161 1115
f 1115 1161 1162
f 1115 1162 1114
f 1114 1162 1163
f 1114 1163 1110
f 1110 1163 1164
f 1110 1164 1109
f 1109 1164 1165
f 1109 1165 1108
f 1108 1165 1166
f 1108 1166 1092
f 1092 1166 1167
f 1092 1167 1091
f 1091 1167 1168
f 1091 1168 1090
f 1090 1168 1169
f 1090 1169 1089
f 1089 1169 1170
f 1089 1170 1088
f 1088 1170 1171
f 1088 1171 1087
f 1087 1171 1172
f 1087 1172 1086
f 1086 1172 1173
f 1086 1173 1085
f 1085 1173 1174
f 1085 1174 1084
f 1084 1174 1175
f 1084 1175 1083
f 1083 1175 1176
f 1083 1176 1082
f 1082 1176 1177
f 1082 1177 1081
f 1081 1177 1178
f 1081 1178 1080
f 1080 1178 1179
f 1080 1179 1079
f 1079 1179 1180
f 1079 1180 1078
f 1078 1180 1181
f 1078 1181 1077
f 1077 1181 1182
f 1077 1182 1076
f 1076 1182 1183
f 1076 1183 1075
f 1075 1183 1184
f 1075 1184 1074
f 1074 1184 1185
f 1074 1185 1073
f 1073 1185 1186
f 1073 1186 1072
f 1072 1186 1187
f 1072 1187 1062
f 1062 1187 1188
f 1062 1188 1061
f 1061 1188 1189
f 1061 1189 1060
f 1060 1189 1190
f 1060 1190 1059
f 1059 1190 1191
f 1059 1191 1058
f 1058 1191 1192
f 1058 1192 1057
f 1057 1192 1193
f 1057 1193 1056
f 1056 1193 1194
f 1056 1194 1055
f 1055 1194 1195
f 1055 1195 1054
f 1054 1195 1196
f 1054 1196 1053
f 1053 1196 1197
f 1053 1197 1052
f 1052 1197 1198
f 1052 1198 1051
f 1051 1198 1199
f 1051 1199 1050
f 1050 1199 1200
f 1050 1200 1049
f 1049 1200 1201
f 1049 1201 1048
f 1048 1201 1202
f 1048 1202 1047
f 1047 1202 1203
f 1047 1203 1046
f 1046 1203 1204
f 1046 1204 1045
f 1045 1204 1205
f 1045 1205 1044
f 1044 1205 1206
f 1044 1206 1043
f 1043 1206 1207
f 1043 1207 1021
f 1021 1207 1208
f 1021 1208 1020
f 1020 1208 1209
f 1020 1209 1019
f 1019 1209 1210
f 1019 1210 1018
f 1018 1210 1211
f 1018 1211 1017
f 1017 1211 1212
f 1017 1212 1016
f 1016 1212 1213
f 1016 1213 1015
f 1015 1213 1214
f 1015 1214 1014
f 1014 1214 1215
f 1014 1215 1013
f 1013 1215 1216
f 1013 1216 1012
f 1012 1216 1217
f 1012 1217 1011
f 1011 1217 1218
f 1011 1218 1000
f 1000 1218 1219
f 1000 1219 999
f 999 1219 1220
f 999 1220 998
f 998 1220 1221
f 998 1221 997
f 997 1221 1222
f 997 1222 996
f 996 1222 1223
f 996 1223 995
f 995 1223 1224
f 995 1224 994
f 994 1224 1225
f 994 1225 993
f 993 1225 1226
f 993 1226 982
f 982 1226 1227
f 982 1227 981
f 981 1227 1228
f 981 1228 980
f 980 1228 1229
f 980 1229 979
f 979 1229 1230
f 979 1230 978
f 978 1230 1231
f 978 1231 977
f 977 1231 1232
f 977 1232 976
f 976 1232 1233
f 976 1233 969
f 969 1233 1234
f 969 1234 968
f 968 1234 1235
f 968 1235 967
f 967 1235 1236
f 967 1236 966
f 966 1236 1237
f 966 1237 965
f 965 1237 1238
f 965 1238 964
f 964 1238 1239
f 964 1239 963
f 963 1239 1240
f 963 1240 956
f 956 1240 1241
f 956 1241 955
f 955 1241 1242
f 955 1242 954
f 954 1242 1243
f 954 1243 953
f 953 1243 1244
f 953 1244 952
f 952 1244 1245
f 952 1245 951
f 951 1245 1246
f 951 1246 950
f 950 1246 1247
f 950 1247 949
f 949 1247 1248
f 949 1248 948
f 948 1248 1249
f 948 1249 947
f 947 1249 1250
f 947 1250 941
f 941 1250 1251
f 941 1251 1140
f 1140 1251 1147
f 1147 1146 1148
f 1148 1146 1145
f 1148 1145 1149
f 1149 1145 1144
f 1149 1144 1150
f 1150 1144 1143
f 1150 1143 1151
f 1151 1143 1142
f 1151 1142 1152
f 1152 1142 1141
f 1152 1141 1153
f 1153 1141 1130
f 1153 1130 1154
f 1154 1130 1129
f 1154 1129 1155
f 1155 1129 1128
f 1155 1128 1156
f 1156 1128 1127
f 1156 1127 1157
f 1157 1127 1126
f 1157 1126 1158
f 1158 1126 1125
f 1158 1125 1159
f 1159 1125 1124
f 1159 1124 1160
f 1160 1124 1117
f 1160 1117 1161
f 1161 1117 1118
f 1161 1118 1162
f 1162 1118 1119
f 1162 1119 1163
f 1163 1119 1111
f 1163 1111 1164
f 1164 1111 1112
f 1164 1112 1165
f 1165 1112 1113
f 1165 1113 1166
f 1166 1113 1093
f 1166 1093 1167
f 1167 1093 1094
f 1167 1094 1168
f 1168 1094 1095
f 1168 1095 1169
f 1169 1095 1096
f 1169 1096 1170
f 1170 1096 1097
f 1170 1097 1171
f 1171 1097 1098
f 1171 1098 1172
f 1172 1098 1099
f 1172 1099 1173
f 1173 1099 1100
f 1173 1100 1174
f 1174 1100 1101
f 1174 1101 1175
f 1175 1101 1102
f 1175 1102 1176
f 1176 1102 1103
f 1176 1103 1177
f 1177 1103 1104
f 1177 1104 1178
f 1178 1104 1105
f 1178 1105 1179
f 1179 1105 1106
f 1179 1106 1180
f 1180 1106 1107
f 1180 1107 1181
f 1181 1107 1069
f 1181 1069 1182
f 1182 1069 1070
f 1182 1070 1183
f 1183 1070 1071
f 1183 1071 1184
f 1184 1071 1066
f 1184 1066 1185
f 1185 1066 1067
f 1185 1067 1186
f 1186 1067 1068
f 1186 1068 1187
f 1187 1068 1065
f 1187 1065 1188
f 1188 1065 1064
f 1188 1064 1189
f 1189 1064 1063
f 1189 1063 1190
f 1190 1063 1042
f 1190 1042 1191
f 1191 1042 1041
f 1191 1041 1192
f 1192 1041 1040
f 1192 1040 1193
f 1193 1040 1039
f 1193 1039 1194
f 1194 1039 1038
f 1194 1038 1195
f 1195 1038 1037
f 1195 1037 1196
f 1196 1037 1036
f 1196 1036 1197
f 1197 1036 1035
f 1197 1035 1198
f 1198 1035 1034
f 1198 1034 1199
f 1199 1034 1028
f 1199 1028 1200
f 1200 1028 1029
f 1200 1029 1201
f 1201 1029 1030
f 1201 1030 1202
f 1202 1030 1031
f 1202 1031 1203
f 1203 1031 1032
f 1203 1032 1204
f 1204 1032 1033
f 1204 1033 1205
f 1205 1033 1027
f 1205 1027 1206
f 1206 1027 1026
f 1206 1026 1207
f 1207 1026 1025
f 1207 1025 1208
f 1208 1025 1024
f 1208 1024 1209
f 1209 1024 1023
f 1209 1023 1210
f 1210 1023 1022
f 1210 1022 1211
f 1211 1022 1007
f 1211 1007 1212
f 1212 1007 1008
f 1212 1008 1213
f 1213 1008 1009
f 1213 1009 1214
f 1214 1009 1010
f 1214 1010 1215
f 1215 1010 1001
f 1215 1001 1216
f 1216 1001 1002
f 1216 1002 1217
f 1217 1002 1003
f 1217 1003 1218
f 1218 1003 1004
f 1218 1004 1219
f 1219 1004 1005
f 1219 1005 1220
f 1220 1005 1006
f 1220 1006 1221
f 1221 1006 983
f 1221 983 1222
f 1222 983 984
f 1222 984 1223
f 1223 984 985
f 1223 985 1224
f 1224 985 986
f 1224 986 1225
f 1225 986 987
f 1225 987 1226
f 1226 987 988
f 1226 988 1227
f 1227 988 989
f 1227 989 1228
f 1228 989 990
f 1228 990 1229
f 1229 990 991
f 1229 991 1230
f 1230 991 992
f 1230 992 1231
f 1231 992 973
f 1231 973 1232
f 1232 973 974
f 1232 974 1233
f 1233 974 975
f 1233 975 1234
f 1234 975 970
f 1234 970 1235
f 1235 970 971
f 1235 971 1236
f 1236 971 972
f 1236 972 1237
f 1237 972 960
f 1237 960 1238
f 1238 960 961
f 1238 961 1239
f 1239 961 962
f 1239 962 1240
f 1240 962 957
f 1240 957 1241
f 1241 957 958
f 1241 958 1242
f 1242 958 959
f 1242 959 1243
f 1243 959 946
f 1243 946 1244
f 1244 946 945
f 1244 945 1245
f 1245 945 944
f 1245 944 1246
f 1246 944 943
f 1246 943 1247
f 1247 943 942
f 1247 942 1248
f 1248 942 1252
f 1248 1252 1249
f 1249 1252 1253
f 1249 1253 1250
f 1250 1253 1254
f 1250 1254 1251
f 1251 1254 1255
f 1251 1255 1147
f 1147 1255 1146
f 890 888 942
f 942 888 887
f 942 887 1252
f 1252 887 649
f 1252 649 1253
f 1253 649 648
f 1253 648 1254
f 1254 648 647
f 1254 647 1255
f 1255 647 646
f 1255 646 1146
f 1146 646 645
f 1146 645 654
f 906 908 1256
f 1256 1257 906
f 906 1257 1258
f 906 1258 1259
f 1260 1261 1262
f 1262 1263 1260
f 1260 1263 1264
f 1260 1264 1265
f 1264 1266 1265
f 1265 1266 1267
f 1265 1267 1268
f 1268 1267 1269
f 1270 1271 910
f 1269 1272 1268
f 1268 1272 1273
f 1268 1273 1274
f 1270 910 1275
f 1271 1276 910
f 910 1276 1277
f 910 1277 908
f 908 1277 1278
f 908 1278 1256
f 1279 1280 1281
f 1281 1282 1279
f 1279 1282 1283
f 1279 1283 1284
f 1285 1286 924
f 1286 1287 924
f 924 1287 1288
f 924 1288 922
f 1288 1289 922
f 922 1289 1290
f 922 1290 920
f 920 1290 1291
f 1291 1292 920
f 920 1292 1293
f 920 1293 1294
f 1295 1296 1297
f 1297 1296 1298
f 1295 1299 1296
f 1296 1299 1300
f 1296 1300 1280
f 1280 1300 1301
f 1280 1301 1281
f 1302 1303 1304
f 1304 1303 1305
f 1302 1306 1303
f 1303 1306 1307
f 1303 1307 1308
f 1308 1307 1309
f 1308 1309 1310
f 1310 1311 1308
f 1308 1311 1312
f 1308 1312 1313
f 1314 1315 934
f 934 1315 1316
f 934 1316 1317
f 1317 1318 934
f 934 1318 1319
f 934 1319 932
f 932 1319 1320
f 1320 1321 932
f 932 1321 1322
f 932 1322 1323
f 1284 1285 1279
f 1279 1285 924
f 1279 924 1324
f 1324 924 926
f 1324 926 1325
f 1325 926 928
f 1325 928 1326
f 1326 928 930
f 1326 930 1303
f 1303 930 932
f 1303 932 1305
f 1305 932 1323
f 1313 1314 1308
f 1308 1314 934
f 1308 934 1327
f 1327 934 936
f 1327 936 1328
f 1328 936 938
f 1328 938 1329
f 1329 938 892
f 1329 892 1330
f 1330 892 894
f 1330 894 1331
f 1331 894 896
f 1331 1332 1333
f 1333 1334 1331
f 1331 1334 1335
f 1331 1335 1336
f 1336 1335 1337
f 1338 1339 898
f 1337 1340 1336
f 1336 1340 1341
f 1336 1341 1342
f 1338 898 1343
f 1344 896 1345
f 1345 896 898
f 1345 898 1346
f 1346 898 1339
f 1344 1347 896
f 896 1347 1348
f 896 1348 1349
f 1349 1350 896
f 896 1350 1351
f 896 1351 1331
f 1331 1351 1352
f 1331 1352 1332
f 1342 1343 1336
f 1336 1343 898
f 1336 898 1353
f 1353 898 900
f 1353 900 1354
f 1354 900 902
f 1354 902 1355
f 1355 902 904
f 1355 904 1260
f 1260 904 906
f 1260 906 1261
f 1261 906 1259
f 1274 1275 1268
f 1268 1275 910
f 1268 910 1356
f 1356 910 912
f 1356 912 1357
f 1357 912 914
f 1357 914 1358
f 1358 914 918
f 1358 918 1296
f 1296 918 920
f 1296 920 1298
f 1298 920 1294
f 1359 1265 1360
f 1360 1265 1268
f 1360 1268 1361
f 1361 1268 1356
f 1361 1356 1362
f 1362 1356 1357
f 1362 1357 1363
f 1363 1357 1358
f 1363 1358 1364
f 1364 1358 1296
f 1364 1296 1365
f 1366 1329 1367
f 1367 1329 1330
f 1367 1330 1368
f 1368 1330 1331
f 1368 1331 1369
f 1369 1331 1336
f 1369 1336 1370
f 1370 1336 1353
f 1370 1353 1371
f 1371 1353 1354
f 1371 1354 1372
f 1372 1354 1355
f 1372 1355 1359
f 1359 1355 1260
f 1359 1260 1265
f 1296 1280 1365
f 1365 1280 1279
f 1365 1279 1373
f 1373 1279 1324
f 1373 1324 1374
f 1374 1324 1325
f 1374 1325 1375
f 1375 1325 1326
f 1375 1326 1376
f 1376 1326 1303
f 1376 1303 1377
f 1377 1303 1308
f 1377 1308 1378
f 1378 1308 1327
f 1378 1327 1366
f 1366 1327 1328
f 1366 1328 1329
f 1379 1380 2
f 1381 1382 634
f 1383 1384 593
f 593 1384 1381
f 593 1381 607
f 607 1381 634
f 633 1385 1386
f 382 447 380
f 380 447 437
f 380 437 248
f 248 437 2
f 248 2 249
f 249 2 1380
f 249 1380 1387
f 633 1386 1
f 1387 593 249
f 249 593 538
f 249 538 259
f 259 538 520
f 259 520 260
f 1386 1388 1
f 1 1388 1389
f 1 1389 2
f 2 1389 1390
f 2 1390 1379
f 1391 1392 1387
f 1387 1392 1393
f 1387 1393 593
f 593 1393 1394
f 593 1394 1383
f 634 1395 633
f 633 1395 1396
f 633 1396 1385
f 1382 1397 634
f 634 1397 1398
f 634 1398 1395
f 1395 1398 1399
f 1395 1399 1400
f 1400 1399 1401
f 1400 1401 1391
f 1391 1401 1402
f 1391 1402 1392
f 563 1403 547
f 547 1403 1404
f 547 1404 578
f 578 1404 1405
f 578 1405 579
f 579 1405 1406
f 579 1406 580
f 580 1406 1407
f 580 1407 581
f 581 1407 1408
f 581 1408 582
f 582 1408 1409
f 582 1409 530
f 530 1409 1410
f 530 1410 531
f 531 1410 1411
f 531 1411 532
f 532 1411 1412
f 532 1412 560
f 560 1412 1413
f 560 1413 562
f 562 1413 1414
f 562 1414 563
f 563 1414 1403
f 1406 1415 1407
f 1407 1415 1416
f 1407 1416 1408
f 1408 1416 1417
f 1408 1417 1409
f 1409 1417 1418
f 1409 1418 1410
f 1410 1418 1419
f 1410 1419 1411
f 1411 1419 1420
f 1411 1420 1412
f 1412 1420 1421
f 1412 1421 1413
f 1413 1421 1422
f 1413 1422 1414
f 1414 1422 1423
f 1414 1423 1403
f 1403 1423 1424
f 1403 1424 1404
f 1404 1424 1425
f 1404 1425 1405
f 1405 1425 1426
f 1405 1426 1406
f 1406 1426 1415
f 1424 291 1425
f 1425 291 290
f 1425 290 1426
f 1426 290 279
f 1426 279 1415
f 1415 279 321
f 1415 321 1416
f 1416 321 320
f 1416 320 1417
f 1417 320 319
f 1417 319 1418
f 1418 319 317
f 1418 317 1419
f 1419 317 315
f 1419 315 1420
f 1420 315 314
f 1420 314 1421
f 1421 314 295
f 1421 295 1422
f 1422 295 294
f 1422 294 1423
f 1423 294 293
f 1423 293 1424
f 1424 293 291
f 533 1427 534
f 534 1427 1428
f 534 1428 564
f 564 1428 1429
f 564 1429 565
f 565 1429 1430
f 565 1430 567
f 567 1430 1431
f 567 1431 568
f 568 1431 1432
f 568 1432 524
f 524 1432 1433
f 524 1433 583
f 583 1433 1434
f 583 1434 584
f 584 1434 1435
f 584 1435 575
f 575 1435 1436
f 575 1436 576
f 576 1436 1437
f 576 1437 569
f 569 1437 1438
f 569 1438 533
f 533 1438 1427
f 1431 1439 1432
f 1432 1439 1440
f 1432 1440 1433
f 1433 1440 1441
f 1433 1441 1434
f 1434 1441 1442
f 1434 1442 1435
f 1435 1442 1443
f 1435 1443 1436
f 1436 1443 1444
f 1436 1444 1437
f 1437 1444 1445
f 1437 1445 1438
f 1438 1445 1446
f 1438 1446 1427
f 1427 1446 1447
f 1427 1447 1428
f 1428 1447 1448
f 1428 1448 1429
f 1429 1448 1449
f 1429 1449 1430
f 1430 1449 1450
f 1430 1450 1431
f 1431 1450 1439
f 1447 276 1448
f 1448 276 274
f 1448 274 1449
f 1449 274 273
f 1449 273 1450
f 1450 273 263
f 1450 263 1439
f 1439 263 264
f 1439 264 1440
f 1440 264 266
f 1440 266 1441
f 1441 266 308
f 1441 308 1442
f 1442 308 307
f 1442 307 1443
f 1443 307 305
f 1443 305 1444
f 1444 305 304
f 1444 304 1445
f 1445 304 309
f 1445 309 1446
f 1446 309 278
f 1446 278 1447
f 1447 278 276
f 550 1451 552
f 552 1451 1452
f 552 1452 554
f 554 1452 1453
f 554 1453 555
f 555 1453 1454
f 555 1454 529
f 529 1454 1455
f 529 1455 556
f 556 1455 1456
f 556 1456 557
f 557 1456 1457
f 557 1457 559
f 559 1457 1458
f 559 1458 577
f 577 1458 1459
f 577 1459 525
f 525 1459 1460
f 525 1460 526
f 526 1460 1461
f 526 1461 549
f 549 1461 1462
f 549 1462 550
f 550 1462 1451
f 1457 1463 1458
f 1458 1463 1464
f 1458 1464 1459
f 1459 1464 1465
f 1459 1465 1460
f 1460 1465 1466
f 1460 1466 1461
f 1461 1466 1467
f 1461 1467 1462
f 1462 1467 1468
f 1462 1468 1451
f 1451 1468 1469
f 1451 1469 1452
f 1452 1469 1470
f 1452 1470 1453
f 1453 1470 1471
f 1453 1471 1454
f 1454 1471 1472
f 1454 1472 1455
f 1455 1472 1473
f 1455 1473 1456
f 1456 1473 1474
f 1456 1474 1457
f 1457 1474 1463
f 1469 269 1470
f 1470 269 328
f 1470 328 1471
f 1471 328 327
f 1471 327 1472
f 1472 327 325
f 1472 325 1473
f 1473 325 323
f 1473 323 1474
f 1474 323 322
f 1474 322 1463
f 1463 322 272
f 1463 272 1464
f 1464 272 271
f 1464 271 1465
f 1465 271 302
f 1465 302 1466
f 1466 302 300
f 1466 300 1467
f 1467 300 298
f 1467 298 1468
f 1468 298 297
f 1468 297 1469
f 1469 297 269
f 572 1475 573
f 573 1475 1476
f 573 1476 574
f 574 1476 1477
f 574 1477 544
f 544 1477 1478
f 544 1478 542
f 542 1478 1479
f 542 1479 521
f 521 1479 1480
f 521 1480 522
f 522 1480 1481
f 522 1481 537
f 537 1481 1482
f 537 1482 539
f 539 1482 1483
f 539 1483 540
f 540 1483 1484
f 540 1484 541
f 541 1484 1485
f 541 1485 571
f 571 1485 1486
f 571 1486 572
f 572 1486 1475
f 1481 1487 1482
f 1482 1487 1488
f 1482 1488 1483
f 1483 1488 1489
f 1483 1489 1484
f 1484 1489 1490
f 1484 1490 1485
f 1485 1490 1491
f 1485 1491 1486
f 1486 1491 1492
f 1486 1492 1475
f 1475 1492 1493
f 1475 1493 1476
f 1476 1493 1494
f 1476 1494 1477
f 1477 1494 1495
f 1477 1495 1478
f 1478 1495 1496
f 1478 1496 1479
f 1479 1496 1497
f 1479 1497 1480
f 1480 1497 1498
f 1480 1498 1481
f 1481 1498 1487
f 1493 313 1494
f 1494 313 312
f 1494 312 1495
f 1495 312 270
f 1495 270 1496
f 1496 270 287
f 1496 287 1497
f 1497 287 285
f 1497 285 1498
f 1498 285 283
f 1498 283 1487
f 1487 283 282
f 1487 282 1488
f 1488 282 257
f 1488 257 1489
f 1489 257 258
f 1489 258 1490
f 1490 258 254
f 1490 254 1491
f 1491 254 253
f 1491 253 1492
f 1492 253 251
f 1492 251 1493
f 1493 251 313
f 466 1499 468
f 468 1499 1500
f 468 1500 470
f 470 1500 1501
f 470 1501 440
f 440 1501 1502
f 440 1502 439
f 439 1502 1503
f 439 1503 452
f 452 1503 1504
f 452 1504 453
f 453 1504 1505
f 453 1505 454
f 454 1505 1506
f 454 1506 455
f 455 1506 1507
f 455 1507 456
f 456 1507 1508
f 456 1508 458
f 458 1508 1509
f 458 1509 465
f 465 1509 1510
f 465 1510 466
f 466 1510 1499
f 1501 1511 1502
f 1502 1511 1512
f 1502 1512 1503
f 1503 1512 1513
f 1503 1513 1504
f 1504 1513 1514
f 1504 1514 1505
f 1505 1514 1515
f 1505 1515 1506
f 1506 1515 1516
f 1506 1516 1507
f 1507 1516 1517
f 1507 1517 1508
f 1508 1517 1518
f 1508 1518 1509
f 1509 1518 1519
f 1509 1519 1510
f 1510 1519 1520
f 1510 1520 1499
f 1499 1520 1521
f 1499 1521 1500
f 1500 1521 1522
f 1500 1522 1501
f 1501 1522 1511
f 1521 332 1522
f 1522 332 367
f 1522 367 1511
f 1511 367 362
f 1511 362 1512
f 1512 362 361
f 1512 361 1513
f 1513 361 359
f 1513 359 1514
f 1514 359 357
f 1514 357 1515
f 1515 357 356
f 1515 356 1516
f 1516 356 337
f 1516 337 1517
f 1517 337 335
f 1517 335 1518
f 1518 335 334
f 1518 334 1519
f 1519 334 333
f 1519 333 1520
f 1520 333 331
f 1520 331 1521
f 1521 331 332
f 478 1523 479
f 479 1523 1524
f 479 1524 480
f 480 1524 1525
f 480 1525 481
f 481 1525 1526
f 481 1526 438
f 438 1526 1527
f 438 1527 443
f 443 1527 1528
f 443 1528 444
f 444 1528 1529
f 444 1529 445
f 445 1529 1530
f 445 1530 482
f 482 1530 1531
f 482 1531 450
f 450 1531 1532
f 450 1532 451
f 451 1532 1533
f 451 1533 477
f 477 1533 1534
f 477 1534 478
f 478 1534 1523
f 1527 1535 1528
f 1528 1535 1536
f 1528 1536 1529
f 1529 1536 1537
f 1529 1537 1530
f 1530 1537 1538
f 1530 1538 1531
f 1531 1538 1539
f 1531 1539 1532
f 1532 1539 1540
f 1532 1540 1533
f 1533 1540 1541
f 1533 1541 1534
f 1534 1541 1542
f 1534 1542 1523
f 1523 1542 1543
f 1523 1543 1524
f 1524 1543 1544
f 1524 1544 1525
f 1525 1544 1545
f 1525 1545 1526
f 1526 1545 1546
f 1526 1546 1527
f 1527 1546 1535
f 1543 348 1544
f 1544 348 347
f 1544 347 1545
f 1545 347 389
f 1545 389 1546
f 1546 389 345
f 1546 345 1535
f 1535 345 343
f 1535 343 1536
f 1536 343 342
f 1536 342 1537
f 1537 342 341
f 1537 341 1538
f 1538 341 369
f 1538 369 1539
f 1539 369 370
f 1539 370 1540
f 1540 370 372
f 1540 372 1541
f 1541 372 374
f 1541 374 1542
f 1542 374 400
f 1542 400 1543
f 1543 400 348
f 476 1547 475
f 475 1547 1548
f 475 1548 441
f 441 1548 1549
f 441 1549 442
f 442 1549 1550
f 442 1550 473
f 473 1550 1551
f 473 1551 474
f 474 1551 1552
f 474 1552 449
f 449 1552 1553
f 449 1553 488
f 488 1553 1554
f 488 1554 490
f 490 1554 1555
f 490 1555 491
f 491 1555 1556
f 491 1556 493
f 493 1556 1557
f 493 1557 485
f 485 1557 1558
f 485 1558 476
f 476 1558 1547
f 1553 1559 1554
f 1554 1559 1560
f 1554 1560 1555
f 1555 1560 1561
f 1555 1561 1556
f 1556 1561 1562
f 1556 1562 1557
f 1557 1562 1563
f 1557 1563 1558
f 1558 1563 1564
f 1558 1564 1547
f 1547 1564 1565
f 1547 1565 1548
f 1548 1565 1566
f 1548 1566 1549
f 1549 1566 1567
f 1549 1567 1550
f 1550 1567 1568
f 1550 1568 1551
f 1551 1568 1569
f 1551 1569 1552
f 1552 1569 1570
f 1552 1570 1553
f 1553 1570 1559
f 1565 393 1566
f 1566 393 391
f 1566 391 1567
f 1567 391 390
f 1567 390 1568
f 1568 390 354
f 1568 354 1569
f 1569 354 352
f 1569 352 1570
f 1570 352 350
f 1570 350 1559
f 1559 350 349
f 1559 349 1560
f 1560 349 398
f 1560 398 1561
f 1561 398 387
f 1561 387 1562
f 1562 387 388
f 1562 388 1563
f 1563 388 396
f 1563 396 1564
f 1564 396 395
f 1564 395 1565
f 1565 395 393
f 471 1571 472
f 472 1571 1572
f 472 1572 495
f 495 1572 1573
f 495 1573 496
f 496 1573 1574
f 496 1574 497
f 497 1574 1575
f 497 1575 498
f 498 1575 1576
f 498 1576 499
f 499 1576 1577
f 499 1577 461
f 461 1577 1578
f 461 1578 462
f 462 1578 1579
f 462 1579 446
f 446 1579 1580
f 446 1580 463
f 463 1580 1581
f 463 1581 464
f 464 1581 1582
f 464 1582 471
f 471 1582 1571
f 1578 1583 1579
f 1579 1583 1584
f 1579 1584 1580
f 1580 1584 1585
f 1580 1585 1581
f 1581 1585 1586
f 1581 1586 1582
f 1582 1586 1587
f 1582 1587 1571
f 1571 1587 1588
f 1571 1588 1572
f 1572 1588 1589
f 1572 1589 1573
f 1573 1589 1590
f 1573 1590 1574
f 1574 1590 1591
f 1574 1591 1575
f 1575 1591 1592
f 1575 1592 1576
f 1576 1592 1593
f 1576 1593 1577
f 1577 1593 1594
f 1577 1594 1578
f 1578 1594 1583
f 1588 377 1589
f 1589 377 376
f 1589 376 1590
f 1590 376 364
f 1590 364 1591
f 1591 364 363
f 1591 363 1592
f 1592 363 401
f 1592 401 1593
f 1593 401 402
f 1593 402 1594
f 1594 402 404
f 1594 404 1583
f 1583 404 406
f 1583 406 1584
f 1584 406 407
f 1584 407 1585
f 1585 407 383
f 1585 383 1586
f 1586 383 381
f 1586 381 1587
f 1587 381 379
f 1587 379 1588
f 1588 379 377
f 1595 81 1596
f 1596 81 73
f 1596 73 1597
f 1597 73 74
f 1597 74 1598
f 1598 74 83
f 1598 83 1599
f 1599 83 82
f 1599 82 1600
f 1600 82 95
f 1600 95 1601
f 1601 95 94
f 1601 94 1602
f 1602 94 93
f 1602 93 1603
f 1603 93 88
f 1603 88 1604
f 1604 88 89
f 1604 89 1605
f 1605 89 79
f 1605 79 1606
f 1606 79 80
f 1606 80 1595
f 1595 80 81
f 1605 1606 1607
f 1607 1606 1595
f 1607 1595 1596
f 1602 1603 1607
f 1607 1603 1604
f 1607 1604 1605
f 1599 1600 1607
f 1607 1600 1601
f 1607 1601 1602
f 1596 1597 1607
f 1607 1597 1598
f 1607 1598 1599
f 1608 1393 1609
f 1609 1393 1392
f 1609 1392 1610
f 1610 1392 1402
f 1610 1402 1611
f 1611 1402 1401
f 1611 1401 1612
f 1612 1401 1399
f 1612 1399 1613
f 1613 1399 1398
f 1613 1398 1614
f 1614 1398 1397
f 1614 1397 1615
f 1615 1397 1382
f 1615 1382 1616
f 1616 1382 1381
f 1616 1381 1617
f 1617 1381 1384
f 1617 1384 1618
f 1618 1384 1383
f 1618 1383 1619
f 1619 1383 1394
f 1619 1394 1608
f 1608 1394 1393
f 1618 1619 1620
f 1620 1619 1608
f 1620 1608 1609
f 1615 1616 1620
f 1620 1616 1617
f 1620 1617 1618
f 1612 1613 1620
f 1620 1613 1614
f 1620 1614 1615
f 1609 1610 1620
f 1620 1610 1611
f 1620 1611 1612
f 1621 1380 1622
f 1622 1380 1379
f 1622 1379 1623
f 1623 1379 1390
f 1623 1390 1624
f 1624 1390 1389
f 1624 1389 1625
f 1625 1389 1388
f 1625 1388 1626
f 1626 1388 1386
f 1626 1386 1627
f 1627 1386 1385
f 1627 1385 1628
f 1628 1385 1396
f 1628 1396 1629
f 1629 1396 1395
f 1629 1395 1630
f 1630 1395 1400
f 1630 1400 1631
f 1631 1400 1391
f 1631 1391 1632
f 1632 1391 1387
f 1632 1387 1621
f 1621 1387 1380
f 1625 1626 1633
f 1633 1626 1627
f 1633 1627 1628
f 1622 1623 1633
f 1633 1623 1624
f 1633 1624 1625
f 1631 1632 1633
f 1633 1632 1621
f 1633 1621 1622
f 1628 1629 1633
f 1633 1629 1630
f 1633 1630 1631
f 1634 71 1635
f 1635 71 92
f 1635 92 1636
f 1636 92 91
f 1636 91 1637
f 1637 91 90
f 1637 90 1638
f 1638 90 87
f 1638 87 1639
f 1639 87 86
f 1639 86 1640
f 1640 86 85
f 1640 85 1641
f 1641 85 84
f 1641 84 1642
f 1642 84 76
f 1642 76 1643
f 1643 76 77
f 1643 77 1644
f 1644 77 78
f 1644 78 1645
f 1645 78 72
f 1645 72 1634
f 1634 72 71
f 1638 1639 1646
f 1646 1639 1640
f 1646 1640 1641
f 1635 1636 1646
f 1646 1636 1637
f 1646 1637 1638
f 1644 1645 1646
f 1646 1645 1634
f 1646 1634 1635
f 1641 1642 1646
f 1646 1642 1643
f 1646 1643 1644
f 419 500 1647
f 591 600 1648
f 592 1369 590
f 590 1369 1370
f 590 1370 589
f 589 1370 588
f 588 1370 1371
f 588 1371 585
f 585 1371 1372
f 585 1372 586
f 586 1372 587
f 587 1372 1359
f 587 1359 32
f 31 32 1649
f 1649 32 1359
f 1649 1359 1650
f 1650 1359 1360
f 1650 1360 1651
f 1651 1360 37
f 37 1360 1361
f 37 1361 35
f 35 1361 33
f 33 1361 1362
f 33 1362 38
f 38 1362 39
f 39 1362 1363
f 39 1363 41
f 1364 1652 1363
f 1363 1652 43
f 1363 43 41
f 420 1365 417
f 417 1365 1373
f 417 1373 415
f 420 419 1365
f 1365 419 1647
f 1365 1647 1364
f 1364 1647 1653
f 1364 1653 1652
f 415 1373 413
f 413 1373 1374
f 413 1374 408
f 408 1374 1375
f 408 1375 409
f 409 1375 411
f 411 1375 1376
f 411 1376 16
f 15 16 1654
f 1654 16 1376
f 1654 1376 1655
f 1655 1376 1377
f 1655 1377 1656
f 1656 1377 612
f 612 1377 1378
f 612 1378 610
f 610 1378 608
f 608 1378 1366
f 608 1366 613
f 613 1366 614
f 614 1366 1367
f 614 1367 616
f 1368 1657 1367
f 1367 1657 618
f 1367 618 616
f 592 591 1369
f 1369 591 1648
f 1369 1648 1368
f 1368 1648 1658
f 1368 1658 1657
f 678 1314 1313
f 678 1313 679
f 679 1313 1312
f 679 1312 680
f 680 1312 1311
f 680 1311 681
f 681 1311 682
f 682 1311 1310
f 682 1310 686
f 686 1310 1309
f 686 1309 684
f 684 1309 1307
f 684 1307 694
f 694 1307 1306
f 694 1306 691
f 691 1306 1302
f 691 1302 689
f 689 1302 1304
f 689 1304 696
f 1322 697 1323
f 1323 697 696
f 1323 696 1305
f 1305 696 1304
f 1314 678 1315
f 1315 678 677
f 1315 677 1316
f 1316 677 676
f 1316 676 1317
f 1317 676 675
f 1317 675 1318
f 1318 675 674
f 1318 674 1319
f 1319 674 673
f 1319 673 1320
f 1320 673 671
f 1320 671 1321
f 1321 671 669
f 1321 669 1322
f 1322 669 668
f 1322 668 697
f 820 1259 816
f 816 1259 1258
f 816 1258 817
f 817 1258 818
f 818 1258 1257
f 818 1257 798
f 798 1257 1256
f 798 1256 799
f 799 1256 1278
f 799 1278 801
f 801 1278 1277
f 801 1277 800
f 800 1277 1276
f 800 1276 794
f 794 1276 1271
f 794 1271 795
f 795 1271 1270
f 795 1270 791
f 1270 1275 791
f 791 1275 1274
f 791 1274 792
f 1274 1273 792
f 792 1273 1272
f 792 1272 803
f 803 1272 804
f 804 1272 1269
f 804 1269 806
f 806 1269 1267
f 806 1267 807
f 807 1267 1266
f 807 1266 814
f 814 1266 1264
f 814 1264 813
f 813 1264 1263
f 813 1263 819
f 819 1263 1262
f 819 1262 820
f 820 1262 1261
f 820 1261 1259
f 1301 1300 730
f 730 1300 727
f 1300 1299 727
f 727 1299 1295
f 727 1295 728
f 728 1295 1297
f 728 1297 747
f 1297 1298 747
f 747 1298 1294
f 747 1294 748
f 748 1294 1293
f 748 1293 750
f 750 1293 751
f 751 1293 1292
f 751 1292 752
f 752 1292 1291
f 752 1291 753
f 753 1291 1290
f 753 1290 746
f 746 1290 1289
f 746 1289 745
f 745 1289 1288
f 745 1288 743
f 743 1288 1287
f 743 1287 741
f 741 1287 1286
f 741 1286 740
f 730 734 1301
f 1301 734 732
f 1301 732 1281
f 1281 732 731
f 1281 731 1282
f 1282 731 724
f 1282 724 1283
f 1283 724 739
f 1283 739 1284
f 1284 739 740
f 1284 740 1285
f 1285 740 1286
f 862 1340 863
f 863 1340 1337
f 863 1337 865
f 865 1337 1335
f 865 1335 858
f 858 1335 1334
f 858 1334 855
f 1334 1333 855
f 855 1333 1332
f 855 1332 856
f 856 1332 1352
f 856 1352 868
f 1352 1351 868
f 868 1351 1350
f 868 1350 869
f 869 1350 1349
f 869 1349 871
f 871 1349 872
f 872 1349 1348
f 872 1348 873
f 873 1348 1347
f 873 1347 875
f 875 1347 1344
f 875 1344 876
f 876 1344 1345
f 876 1345 635
f 635 1345 1346
f 635 1346 636
f 636 1346 1339
f 636 1339 849
f 849 1339 1338
f 849 1338 850
f 862 859 1340
f 1340 859 853
f 1340 853 1341
f 1341 853 851
f 1341 851 1342
f 1342 851 850
f 1342 850 1343
f 1343 850 1338
f 380 248 246
f 380 246 378
f 378 246 107
f 378 107 366
f 366 107 235
f 366 235 365
f 365 235 229
f 365 229 394
f 394 229 224
f 394 224 392
f 392 224 219
f 392 219 355
f 355 219 213
f 355 213 353
f 353 213 206
f 353 206 351
f 351 206 204
f 351 204 346
f 346 204 200
f 346 200 344
f 344 200 195
f 344 195 339
f 339 195 98
f 339 98 340
f 340 98 189
f 340 189 360
f 360 189 175
f 360 175 358
f 358 175 173
f 358 173 338
f 338 173 245
f 338 245 336
f 336 245 66
f 336 66 68
f 62 64 244
f 62 244 292
f 292 244 171
f 292 171 280
f 280 171 163
f 280 163 281
f 281 163 160
f 281 160 277
f 277 160 155
f 277 155 275
f 275 155 150
f 275 150 261
f 261 150 145
f 261 145 262
f 262 145 138
f 262 138 265
f 265 138 136
f 265 136 326
f 326 136 132
f 326 132 324
f 324 132 127
f 324 127 289
f 289 127 122
f 289 122 288
f 288 122 117
f 288 117 286
f 286 117 102
f 286 102 284
f 284 102 100
f 284 100 255
f 255 100 247
f 255 247 256
f 256 247 249
f 256 249 259
f 940 889 893
f 893 889 884
f 893 884 895
f 884 879 895
f 895 879 878
f 895 878 897
f 897 878 870
f 870 874 897
f 897 874 637
f 897 637 899
f 637 848 899
f 899 848 842
f 899 842 901
f 842 839 901
f 901 839 836
f 901 836 903
f 903 836 835
f 903 835 905
f 835 827 905
f 905 827 825
f 905 825 907
f 907 825 823
f 823 831 907
f 907 831 640
f 907 640 909
f 640 821 909
f 909 821 797
f 909 797 911
f 797 796 911
f 911 796 786
f 911 786 913
f 913 786 788
f 913 788 915
f 788 782 915
f 915 782 775
f 915 775 916
f 916 775 769
f 916 769 917
f 769 767 917
f 917 767 758
f 917 758 919
f 758 763 919
f 919 763 755
f 919 755 921
f 755 749 921
f 921 749 744
f 921 744 923
f 923 744 742
f 923 742 925
f 742 720 925
f 925 720 723
f 925 723 927
f 927 723 715
f 715 718 927
f 927 718 712
f 927 712 929
f 712 710 929
f 929 710 708
f 929 708 931
f 708 704 931
f 931 704 698
f 931 698 933
f 933 698 699
f 933 699 935
f 699 670 935
f 935 670 672
f 935 672 937
f 937 672 659
f 659 661 937
f 937 661 665
f 937 665 939
f 665 643 939
f 939 643 655
f 939 655 940
f 940 655 644
f 940 644 889
f 1657 1658 601
f 601 1658 1648
f 601 1648 600
f 1657 601 618
f 618 601 602
f 618 602 617
f 606 607 634
f 634 632 606
f 606 632 630
f 606 630 605
f 630 628 605
f 605 628 626
f 605 626 604
f 604 626 624
f 604 624 603
f 624 622 603
f 603 622 620
f 603 620 602
f 602 620 615
f 602 615 617
f 1650 29 1649
f 1649 29 31
f 1650 1651 29
f 29 1651 37
f 29 37 27
f 37 36 27
f 27 36 34
f 27 34 25
f 34 59 25
f 25 59 57
f 25 57 23
f 23 57 55
f 23 55 21
f 55 53 21
f 21 53 51
f 21 51 19
f 45 17 47
f 47 17 19
f 47 19 49
f 49 19 51
f 1652 1653 501
f 501 1653 1647
f 501 1647 500
f 1652 501 43
f 43 501 502
f 43 502 42
f 506 75 44
f 44 46 506
f 506 46 48
f 506 48 505
f 48 50 505
f 505 50 52
f 505 52 504
f 504 52 54
f 504 54 503
f 54 56 503
f 503 56 58
f 503 58 502
f 502 58 40
f 502 40 42
f 1655 13 1654
f 1654 13 15
f 1655 1656 13
f 13 1656 612
f 13 612 11
f 612 611 11
f 11 611 609
f 11 609 9
f 609 619 9
f 9 619 621
f 9 621 7
f 7 621 623
f 7 623 5
f 623 625 5
f 5 625 627
f 5 627 3
f 633 1 631
f 631 1 3
f 631 3 629
f 629 3 627
f 1659 1660 1661
f 1661 1660 1662
f 1661 1662 1663
f 1664 1665 1666
f 1666 1665 1667
f 1666 1667 1661
f 1661 1667 1668
f 1661 1668 1659
f 1669 17 45
f 45 1670 1669
f 1669 1670 1671
f 1669 1671 1672
f 1671 1673 1672
f 1672 1673 1674
f 1672 1674 1675
f 1674 1676 1675
f 1675 1676 1677
f 1675 1677 1678
f 1678 1677 1679
f 1678 1679 1680
f 1679 1681 1680
f 1680 1681 1682
f 1680 1682 1666
f 1666 1682 1683
f 1666 1683 1664
f 1684 1685 1686
f 1686 1685 1687
f 1686 1687 1688
f 1689 1690 1691
f 1691 1690 1692
f 1691 1692 1686
f 1686 1692 1693
f 1686 1693 1684
f 1694 1 633
f 633 1695 1694
f 1694 1695 1696
f 1694 1696 1697
f 1696 1698 1697
f 1697 1698 1699
f 1697 1699 1700
f 1699 1701 1700
f 1700 1701 1702
f 1700 1702 1703
f 1703 1702 1704
f 1703 1704 1705
f 1704 1706 1705
f 1705 1706 1707
f 1705 1707 1691
f 1691 1707 1708
f 1691 1708 1689
f 1709 1710 1683
f 1711 1712 1713
f 1713 1712 1714
f 1713 1714 1715
f 1715 1714 1716
f 1714 1717 1716
f 1716 1717 1718
f 1716 1718 1719
f 1709 1683 1720
f 1710 1721 1683
f 1683 1721 1722
f 1683 1722 1723
f 1724 1725 1726
f 1726 1725 1665
f 1726 1665 1723
f 1723 1665 1664
f 1723 1664 1683
f 45 44 1670
f 1670 44 1727
f 1670 1727 1671
f 1671 1727 1728
f 1671 1728 1673
f 1673 1728 1729
f 1673 1729 1674
f 1674 1729 1730
f 1674 1730 1676
f 1676 1730 1731
f 1676 1731 1677
f 1677 1731 1732
f 1677 1732 1679
f 1679 1732 1733
f 1679 1733 1681
f 1681 1733 1734
f 1681 1734 1682
f 1682 1734 1735
f 1682 1735 1683
f 1683 1735 1716
f 1683 1716 1720
f 1720 1716 1719
f 95 94 65
f 70 69 68
f 68 69 67
f 68 67 66
f 66 67 65
f 66 65 64
f 64 65 94
f 64 94 93
f 75 83 65
f 65 83 82
f 65 82 95
f 86 93 87
f 87 93 88
f 87 88 90
f 90 88 89
f 90 89 91
f 85 84 18
f 18 84 76
f 18 76 17
f 79 80 44
f 86 85 93
f 93 85 18
f 93 18 64
f 64 18 63
f 64 63 62
f 62 63 61
f 62 61 60
f 80 81 44
f 44 81 73
f 44 73 75
f 75 73 74
f 75 74 83
f 76 77 17
f 17 77 78
f 17 78 45
f 45 78 72
f 45 72 71
f 44 45 79
f 79 45 71
f 79 71 89
f 89 71 92
f 89 92 91
f 260 520 259
f 259 520 538
f 259 538 249
f 538 593 249
f 249 593 2
f 249 2 248
f 248 2 437
f 248 437 380
f 380 437 447
f 380 447 382
f 1383 593 1384
f 1384 593 607
f 1384 607 1381
f 1 1388 633
f 633 1388 1386
f 1381 607 1382
f 1382 607 634
f 1382 634 1397
f 633 1399 634
f 634 1399 1398
f 634 1398 1397
f 1387 1392 1402
f 1386 1385 633
f 633 1385 1396
f 633 1396 1399
f 1399 1396 1395
f 1399 1395 1401
f 1401 1395 1400
f 1401 1400 1402
f 1402 1400 1391
f 1402 1391 1387
f 1383 1394 593
f 593 1394 1393
f 593 1393 2
f 2 1393 1392
f 2 1392 1380
f 1380 1392 1387
f 1380 1379 2
f 2 1379 1390
f 2 1390 1
f 1 1390 1389
f 1 1389 1388
f 1736 1737 1738
f 1738 1737 1739
f 1738 1739 1740
f 1740 1741 1738
f 1738 1741 1742
f 1738 1742 1743
f 1744 1745 1746
f 1746 1745 1747
f 1746 1747 1748
f 1748 1749 1746
f 1746 1749 1750
f 1746 1750 1751
f 1752 1753 1754
f 1753 1755 1754
f 1754 1755 1756
f 1754 1756 1738
f 1738 1756 1757
f 1738 1757 1736
f 1758 1759 1760
f 1758 1760 1761
f 1761 1760 1762
f 1761 1762 1763
f 1759 1764 1760
f 1760 1764 1765
f 1760 1765 1754
f 1754 1765 1766
f 1754 1766 1752
f 1767 1768 1769
f 1769 1768 1770
f 1769 1770 1762
f 1762 1770 1771
f 1762 1771 1763
f 1772 1773 1774
f 1774 1773 1775
f 1775 1776 1774
f 1774 1776 1777
f 1774 1777 1769
f 1769 1777 1778
f 1769 1778 1767
f 1779 1780 1781
f 1782 1783 1781
f 1782 1781 1784
f 1783 1785 1781
f 1781 1785 1786
f 1781 1786 1779
f 1787 1788 1789
f 1789 1788 1790
f 1787 1791 1788
f 1788 1791 1792
f 1788 1792 1793
f 1793 1794 1788
f 1788 1794 1795
f 1788 1795 1774
f 1774 1795 1796
f 1774 1796 1772
f 1797 1798 1799
f 1798 1800 1799
f 1799 1800 1801
f 1799 1801 1781
f 1781 1801 1802
f 1781 1802 1784
f 1803 1804 1805
f 1805 1804 1806
f 1806 1804 1807
f 1806 1807 1808
f 1808 1809 1806
f 1806 1809 1810
f 1806 1810 1799
f 1799 1810 1811
f 1799 1811 1797
f 1812 1813 1814
f 1813 1815 1814
f 1814 1815 1816
f 1814 1816 1805
f 1805 1816 1817
f 1805 1817 1803
f 1818 1819 1820
f 1751 1821 1746
f 1746 1821 1822
f 1746 1822 1820
f 1820 1822 1823
f 1820 1823 1818
f 1819 1824 1820
f 1820 1824 1825
f 1820 1825 1814
f 1814 1825 1826
f 1814 1826 1812
f 1827 1828 1829
f 1830 1831 1829
f 1829 1831 1832
f 1829 1832 1827
f 1833 1834 1829
f 1829 1834 1835
f 1829 1835 1830
f 1836 1837 1838
f 1838 1837 1839
f 1838 1839 1840
f 1840 1839 1841
f 1840 1841 1842
f 1842 1841 1843
f 1843 1841 1844
f 1843 1844 1828
f 1828 1844 1845
f 1828 1845 1829
f 1846 1847 1848
f 1848 1847 1849
f 1848 1849 1845
f 1846 1850 1847
f 1847 1850 1851
f 1847 1851 1852
f 1853 1854 1855
f 1855 1854 1856
f 1855 1856 1857
f 1857 1856 1858
f 1858 1856 1859
f 1858 1859 1860
f 1860 1859 1861
f 1860 1861 1862
f 1862 1861 1863
f 1862 1863 1836
f 1836 1863 1864
f 1836 1864 1837
f 1865 1866 1867
f 1867 1866 1868
f 1855 1869 1853
f 1853 1869 1870
f 1853 1870 1871
f 1871 1870 1865
f 1872 1873 1874
f 1875 1876 1868
f 1868 1876 1877
f 1868 1877 1867
f 1852 1878 1847
f 1847 1878 1879
f 1847 1879 1868
f 1868 1879 1880
f 1868 1880 1875
f 1881 1882 1883
f 1883 1882 1884
f 1885 1886 1887
f 1888 1889 1884
f 1884 1889 1890
f 1884 1890 1883
f 1891 1892 1884
f 1884 1892 1893
f 1884 1893 1888
f 1894 1895 1896
f 1897 1898 1896
f 1896 1898 1899
f 1896 1899 1894
f 1900 1901 1896
f 1896 1901 1902
f 1896 1902 1897
f 1895 1903 1904
f 1905 1906 1907
f 1907 1906 1903
f 1907 1908 1905
f 1905 1908 1909
f 1905 1909 1910
f 1910 1909 1911
f 1910 1911 1912
f 1906 1913 1903
f 1903 1913 1914
f 1903 1914 1904
f 1904 1914 1915
f 1904 1915 1891
f 1915 1916 1891
f 1891 1916 1917
f 1891 1917 1918
f 1918 1919 1891
f 1891 1919 1920
f 1891 1920 1892
f 1921 1922 1923
f 1923 1922 1924
f 1923 1924 1925
f 1925 1924 1926
f 1926 1924 1927
f 1926 1927 1928
f 1912 1911 1929
f 1929 1911 1930
f 1929 1930 1931
f 1931 1930 1932
f 1931 1932 1928
f 1928 1932 1933
f 1928 1933 1926
f 1885 1887 1934
f 1934 1887 1935
f 1934 1935 1936
f 1936 1937 1934
f 1934 1937 1938
f 1934 1938 1900
f 1900 1938 1939
f 1900 1939 1901
f 1872 1874 1940
f 1940 1874 1941
f 1940 1941 1942
f 1942 1943 1940
f 1940 1943 1944
f 1940 1944 1833
f 1833 1944 1945
f 1833 1945 1834
f 1895 1904 1896
f 1896 1904 1946
f 1896 1946 1947
f 1947 1946 249
f 1947 249 248
f 1923 1948 1921
f 1921 1948 1886
f 1921 1886 1881
f 1881 1886 1885
f 1881 1885 1882
f 1882 1885 1781
f 1882 1781 1788
f 1788 1781 1780
f 1788 1780 1790
f 1870 1873 1865
f 1865 1873 1872
f 1865 1872 1866
f 1866 1872 1738
f 1866 1738 1746
f 1746 1738 1743
f 1746 1743 1744
f 1845 1849 1829
f 1829 1849 1949
f 1829 1949 1950
f 1950 1949 66
f 1950 66 64
f 1951 1952 1953
f 1954 1955 1956
f 1957 1958 1959
f 1959 1958 1960
f 1961 1962 1960
f 1956 1955 1962
f 1962 1955 1963
f 1962 1963 1960
f 1953 1952 1964
f 1958 1965 1960
f 1960 1965 1966
f 1960 1966 1961
f 1961 1966 1964
f 1961 1964 1967
f 1967 1964 1952
f 1953 1968 1951
f 1951 1968 1969
f 1951 1969 1970
f 1970 1969 1971
f 1970 1971 1972
f 1972 1971 1973
f 1972 1973 1974
f 1974 1973 1975
f 1974 1975 1976
f 1977 1978 1975
f 1975 1978 1979
f 1975 1979 1976
f 1978 1980 1979
f 1979 1980 1981
f 1979 1981 1982
f 1982 1981 1983
f 1982 1983 259
f 259 1983 1984
f 259 1984 260
f 260 1984 1985
f 260 1985 1986
f 1987 1988 1989
f 1989 1988 1990
f 1989 1990 1991
f 1991 1990 1992
f 1991 1992 1993
f 1993 1992 1994
f 1993 1994 1995
f 1985 1996 1986
f 1986 1996 1997
f 1986 1997 1998
f 1998 1997 1999
f 2000 2001 1975
f 1975 2001 2002
f 1975 2002 1977
f 2003 2004 2005
f 2005 2004 2006
f 2005 2006 2007
f 2007 2006 2008
f 2007 2008 2009
f 1995 1994 2010
f 2010 1994 2011
f 2010 2011 2012
f 2012 2011 62
f 2012 62 2013
f 2013 62 60
f 2013 60 2014
f 1997 2015 1999
f 1999 2015 2001
f 1999 2001 2016
f 2016 2001 2000
f 2016 2000 2017
f 2017 2000 1957
f 2017 1957 2018
f 2018 1957 1959
f 2018 1959 2003
f 2003 1959 2019
f 2003 2019 2004
f 2020 2021 1987
f 1987 2022 2020
f 2020 2022 2023
f 2020 2023 2024
f 2024 2023 2025
f 2024 2025 2014
f 2014 2025 2026
f 2014 2026 2013
f 1956 1988 1954
f 1954 1988 1987
f 1954 1987 2027
f 2027 1987 2021
f 2027 2021 2028
f 2028 2021 2009
f 2028 2009 2029
f 2029 2009 2008
f 2030 2031 2032
f 2033 2034 2035
f 2035 2034 2036
f 2037 2038 2036
f 2039 2040 2041
f 2041 2040 2042
f 2041 2042 2038
f 2038 2042 2043
f 2038 2043 2036
f 2032 2031 2044
f 2034 2045 2036
f 2036 2045 2046
f 2036 2046 2037
f 2037 2046 2044
f 2037 2044 2047
f 2047 2044 2031
f 2048 2049 2050
f 2032 2051 2030
f 2030 2051 2052
f 2030 2052 2053
f 2053 2052 2054
f 2053 2054 2055
f 2055 2054 2056
f 2055 2056 2057
f 2057 2056 2058
f 2057 2058 2059
f 2049 2048 2060
f 2060 2048 2061
f 2060 2061 2062
f 2062 2061 2063
f 2062 2063 2064
f 2065 2066 2058
f 2058 2066 2067
f 2058 2067 2059
f 2066 2068 2067
f 2067 2068 2069
f 2067 2069 2070
f 2070 2069 2071
f 2070 2071 68
f 68 2071 2072
f 68 2072 70
f 70 2072 2073
f 70 2073 2074
f 2073 2075 2074
f 2074 2075 2076
f 2074 2076 2077
f 2077 2076 2078
f 2079 2080 2058
f 2058 2080 2081
f 2058 2081 2065
f 2082 2083 2084
f 2084 2083 2085
f 2084 2085 2086
f 2086 2085 2087
f 2086 2087 2088
f 2064 2063 2089
f 2089 2063 2090
f 2089 2090 2091
f 2091 2090 380
f 2091 380 2092
f 2092 380 382
f 2092 382 2093
f 2076 2094 2078
f 2078 2094 2080
f 2078 2080 2095
f 2095 2080 2079
f 2095 2079 2096
f 2096 2079 2033
f 2096 2033 2097
f 2097 2033 2035
f 2097 2035 2082
f 2082 2035 2098
f 2082 2098 2083
f 2099 2100 2050
f 2050 2101 2099
f 2099 2101 2102
f 2099 2102 2103
f 2103 2102 2104
f 2103 2104 2093
f 2093 2104 2105
f 2093 2105 2092
f 2039 2048 2040
f 2040 2048 2050
f 2040 2050 2106
f 2106 2050 2100
f 2106 2100 2107
f 2107 2100 2088
f 2107 2088 2108
f 2108 2088 2087
f 2109 2110 2111
f 2112 2113 2114
f 2115 2116 2117
f 2118 2119 2120
f 2114 2113 2121
f 2121 2113 67
f 2121 67 2122
f 2122 67 69
f 2122 69 2123
f 2111 2110 2124
f 2124 2110 2125
f 2124 2125 2126
f 2118 2120 2127
f 2127 2120 2128
f 2127 2128 2129
f 2118 2126 2119
f 2119 2126 2125
f 2119 2125 2130
f 2130 2125 2131
f 2130 2131 2132
f 2115 2117 2133
f 2133 2117 2134
f 2133 2134 437
f 437 2134 2135
f 437 2135 447
f 447 2135 2136
f 447 2136 2137
f 2137 2136 2138
f 2137 2138 2139
f 2139 2138 2140
f 2139 2140 2141
f 2141 2140 2142
f 2141 2142 2143
f 2109 2111 2144
f 2144 2111 2145
f 2144 2145 2146
f 2116 2115 2147
f 2147 2115 2148
f 2147 2148 2149
f 2149 2148 2150
f 2149 2150 2151
f 2151 2150 2152
f 2151 2152 2129
f 2128 2153 2129
f 2129 2153 2154
f 2129 2154 2151
f 2151 2154 2155
f 2156 2143 2157
f 2155 2157 2151
f 2151 2157 2143
f 2151 2143 2158
f 2158 2143 2142
f 2114 2159 2112
f 2112 2159 2160
f 2112 2160 2161
f 2161 2160 2162
f 2163 2164 2165
f 2132 2165 2130
f 2130 2165 2164
f 2130 2164 2166
f 2166 2164 2167
f 2166 2167 2168
f 2168 2167 2169
f 2168 2169 2170
f 2170 2169 2156
f 2170 2156 2171
f 2171 2156 2157
f 2162 2172 2161
f 2161 2172 2146
f 2161 2146 2173
f 2173 2146 2145
f 2174 2175 2176
f 2176 2175 2177
f 2176 2177 2123
f 2123 2177 2178
f 2123 2178 2122
f 2165 2179 2163
f 2163 2179 2180
f 2163 2180 2181
f 2176 2182 2174
f 2174 2182 2183
f 2174 2183 2184
f 2180 2185 2181
f 2181 2185 2186
f 2181 2186 2183
f 2183 2186 2146
f 2183 2146 2184
f 2184 2146 2172
f 437 2 2133
f 2133 2 2187
f 2133 2187 2115
f 2115 2187 2188
f 2115 2188 2148
f 2148 2188 2189
f 2148 2189 2150
f 2150 2189 2190
f 2150 2190 2152
f 2152 2190 2191
f 2152 2191 2129
f 2129 2191 2192
f 2129 2192 2127
f 2127 2192 2193
f 2127 2193 2118
f 2118 2193 2194
f 2118 2194 2126
f 2126 2194 2195
f 2126 2195 2124
f 2124 2195 2196
f 2124 2196 2111
f 2111 2196 2197
f 2111 2197 2145
f 2145 2197 2198
f 2145 2198 2173
f 2173 2198 2199
f 2173 2199 2161
f 2161 2199 2200
f 2161 2200 2112
f 2112 2200 2201
f 2112 2201 2113
f 2113 2201 2202
f 2113 2202 67
f 67 2202 65
f 2203 2204 2194
f 2194 2204 2205
f 2194 2205 2195
f 2205 2206 2195
f 2195 2206 2207
f 2195 2207 2208
f 2208 2209 2195
f 2195 2209 2210
f 2195 2210 2211
f 2212 2213 2194
f 2194 2213 2214
f 2194 2214 2203
f 75 65 2215
f 2215 65 2202
f 2215 2202 2216
f 2216 2202 2201
f 2216 2201 2217
f 2217 2201 2200
f 2217 2200 2218
f 2218 2200 2199
f 2218 2199 2219
f 2219 2199 2198
f 2219 2198 2220
f 2220 2198 2197
f 2220 2197 2221
f 2221 2197 2196
f 2221 2196 2222
f 2222 2196 2195
f 2222 2195 2223
f 2223 2195 2211
f 2 1 2187
f 2187 1 1694
f 2187 1694 2188
f 2188 1694 1697
f 2188 1697 2189
f 2189 1697 1700
f 2189 1700 2190
f 2190 1700 1703
f 2190 1703 2191
f 2191 1703 1705
f 2191 1705 2192
f 2192 1705 1691
f 2192 1691 2193
f 2193 1691 1686
f 2193 1686 2194
f 2194 1686 1688
f 2194 1688 2212
f 2224 2225 2226
f 2226 2225 2227
f 2226 2227 2228
f 2229 2230 2231
f 2228 2227 2231
f 2231 2227 2232
f 2231 2232 2229
f 2233 2234 1708
f 1708 2234 2235
f 1708 2235 2236
f 2237 2238 2239
f 2236 2240 1708
f 1708 2240 2241
f 1708 2241 1689
f 1689 2241 2237
f 1689 2237 1690
f 1690 2237 2239
f 633 634 1695
f 1695 634 2242
f 1695 2242 1696
f 1696 2242 2243
f 1696 2243 1698
f 1698 2243 2244
f 1698 2244 1699
f 1699 2244 2245
f 1699 2245 1701
f 1701 2245 2246
f 1701 2246 1702
f 1702 2246 2247
f 1702 2247 1704
f 1704 2247 2248
f 1704 2248 1706
f 1706 2248 2249
f 1706 2249 1707
f 1707 2249 2250
f 1707 2250 1708
f 1708 2250 2231
f 1708 2231 2233
f 2233 2231 2230
f 2251 2252 2253
f 2252 2254 2253
f 2253 2254 2255
f 2253 2255 2256
f 2256 2255 2257
f 2257 2258 2256
f 2256 2258 2259
f 2256 2259 2260
f 18 17 2261
f 2261 17 1669
f 2261 1669 2262
f 2262 1669 1672
f 2262 1672 2263
f 2263 1672 1675
f 2263 1675 2264
f 2264 1675 1678
f 2264 1678 2265
f 2265 1678 1680
f 2265 1680 2266
f 2266 1680 1666
f 2266 1666 2267
f 2267 1666 1661
f 2267 1661 2253
f 2253 1661 1663
f 2253 1663 2251
f 2260 2268 2256
f 2256 2268 2269
f 2256 2269 2270
f 607 593 2271
f 2271 593 2272
f 2271 2272 2273
f 2273 2272 2274
f 2273 2274 2275
f 2275 2274 2276
f 2275 2276 2277
f 2277 2276 2278
f 2277 2278 2279
f 2279 2278 2280
f 2279 2280 2281
f 2281 2280 2282
f 2281 2282 2283
f 2283 2282 2284
f 2283 2284 2285
f 2285 2284 2256
f 2285 2256 2286
f 2286 2256 2270
f 593 538 2272
f 2272 538 2287
f 2272 2287 2274
f 2274 2287 2288
f 2274 2288 2276
f 2276 2288 2289
f 2276 2289 2278
f 2278 2289 2290
f 2278 2290 2280
f 2280 2290 2291
f 2280 2291 2282
f 2282 2291 2292
f 2282 2292 2284
f 2284 2292 2293
f 2284 2293 2256
f 2256 2293 2294
f 2256 2294 2253
f 2253 2294 2295
f 2253 2295 2267
f 2267 2295 2296
f 2267 2296 2266
f 2266 2296 2297
f 2266 2297 2265
f 2265 2297 2298
f 2265 2298 2264
f 2264 2298 2299
f 2264 2299 2263
f 2263 2299 2300
f 2263 2300 2262
f 2262 2300 2301
f 2262 2301 2261
f 2261 2301 2302
f 2261 2302 18
f 18 2302 63
f 2303 2304 2292
f 2301 2305 2306
f 2288 2287 2307
f 2307 2287 2308
f 2308 2287 538
f 2308 538 2309
f 2309 538 520
f 2309 520 2310
f 2295 2311 2312
f 2292 2304 2293
f 2293 2304 2313
f 2293 2313 2294
f 2295 2312 2296
f 2296 2312 2314
f 2296 2314 2297
f 2295 2294 2311
f 2311 2294 2313
f 2311 2313 2315
f 2315 2313 2316
f 2315 2316 2317
f 2301 2306 2302
f 2302 2306 2318
f 2302 2318 63
f 63 2318 2319
f 63 2319 61
f 61 2319 2320
f 61 2320 2321
f 2321 2320 2322
f 2321 2322 2323
f 2323 2322 2324
f 2323 2324 2325
f 2325 2324 2326
f 2325 2326 2327
f 2303 2292 2328
f 2328 2292 2291
f 2328 2291 2329
f 2305 2301 2330
f 2330 2301 2300
f 2330 2300 2331
f 2331 2300 2299
f 2331 2299 2332
f 2332 2299 2298
f 2332 2298 2297
f 2314 2333 2297
f 2297 2333 2334
f 2297 2334 2332
f 2332 2334 2335
f 2336 2327 2337
f 2335 2337 2332
f 2332 2337 2327
f 2332 2327 2338
f 2338 2327 2326
f 2307 2339 2288
f 2288 2339 2340
f 2288 2340 2289
f 2289 2340 2341
f 2341 2342 2289
f 2289 2342 2329
f 2289 2329 2290
f 2290 2329 2291
f 2343 2344 2345
f 2317 2345 2315
f 2315 2345 2344
f 2315 2344 2346
f 2346 2344 2347
f 2346 2347 2348
f 2348 2347 2349
f 2348 2349 2350
f 2350 2349 2336
f 2350 2336 2351
f 2351 2336 2337
f 2352 2353 2354
f 2354 2353 2355
f 2354 2355 2310
f 2310 2355 2356
f 2310 2356 2309
f 2345 2357 2343
f 2343 2357 2358
f 2343 2358 2359
f 2354 2360 2352
f 2352 2360 2361
f 2352 2361 2362
f 2358 2363 2359
f 2359 2363 2364
f 2359 2364 2361
f 2361 2364 2329
f 2361 2329 2362
f 2362 2329 2342
f 520 260 2310
f 2310 260 1986
f 2310 1986 2354
f 2354 1986 1998
f 2354 1998 2360
f 2360 1998 1999
f 2360 1999 2361
f 2361 1999 2016
f 2361 2016 2359
f 2359 2016 2017
f 2359 2017 2343
f 2343 2017 2018
f 2343 2018 2344
f 2344 2018 2003
f 2344 2003 2347
f 2347 2003 2005
f 2347 2005 2349
f 2349 2005 2007
f 2349 2007 2336
f 2336 2007 2009
f 2336 2009 2327
f 2327 2009 2021
f 2327 2021 2325
f 2325 2021 2020
f 2325 2020 2323
f 2323 2020 2024
f 2323 2024 2321
f 2321 2024 2014
f 2321 2014 61
f 61 2014 60
f 382 447 2093
f 2093 447 2137
f 2093 2137 2103
f 2103 2137 2139
f 2103 2139 2099
f 2099 2139 2141
f 2099 2141 2100
f 2100 2141 2143
f 2100 2143 2088
f 2088 2143 2156
f 2088 2156 2086
f 2086 2156 2169
f 2086 2169 2084
f 2084 2169 2167
f 2084 2167 2082
f 2082 2167 2164
f 2082 2164 2097
f 2097 2164 2163
f 2097 2163 2096
f 2096 2163 2181
f 2096 2181 2095
f 2095 2181 2183
f 2095 2183 2078
f 2078 2183 2182
f 2078 2182 2077
f 2077 2182 2176
f 2077 2176 2074
f 2074 2176 2123
f 2074 2123 70
f 70 2123 69
f 2117 2365 2134
f 2134 2365 2366
f 2134 2366 2135
f 2135 2366 2367
f 2135 2367 2136
f 2136 2367 2368
f 2136 2368 2138
f 2138 2368 2369
f 2138 2369 2140
f 2140 2369 2370
f 2140 2370 2142
f 2142 2370 2371
f 2142 2371 2158
f 2158 2371 2372
f 2158 2372 2151
f 2151 2372 2373
f 2151 2373 2149
f 2149 2373 2374
f 2149 2374 2147
f 2147 2374 2375
f 2147 2375 2116
f 2116 2375 2376
f 2116 2376 2117
f 2117 2376 2365
f 2368 2377 2369
f 2369 2377 2378
f 2369 2378 2370
f 2370 2378 2379
f 2370 2379 2371
f 2371 2379 2380
f 2371 2380 2372
f 2372 2380 2381
f 2372 2381 2373
f 2373 2381 2382
f 2373 2382 2374
f 2374 2382 2383
f 2374 2383 2375
f 2375 2383 2384
f 2375 2384 2376
f 2376 2384 2385
f 2376 2385 2365
f 2365 2385 2386
f 2365 2386 2366
f 2366 2386 2387
f 2366 2387 2367
f 2367 2387 2388
f 2367 2388 2368
f 2368 2388 2377
f 2386 2064 2387
f 2387 2064 2089
f 2387 2089 2388
f 2388 2089 2091
f 2388 2091 2377
f 2377 2091 2092
f 2377 2092 2378
f 2378 2092 2105
f 2378 2105 2379
f 2379 2105 2104
f 2379 2104 2380
f 2380 2104 2102
f 2380 2102 2381
f 2381 2102 2101
f 2381 2101 2382
f 2382 2101 2050
f 2382 2050 2383
f 2383 2050 2049
f 2383 2049 2384
f 2384 2049 2060
f 2384 2060 2385
f 2385 2060 2062
f 2385 2062 2386
f 2386 2062 2064
f 2155 2389 2157
f 2157 2389 2390
f 2157 2390 2171
f 2171 2390 2391
f 2171 2391 2170
f 2170 2391 2392
f 2170 2392 2168
f 2168 2392 2393
f 2168 2393 2166
f 2166 2393 2394
f 2166 2394 2130
f 2130 2394 2395
f 2130 2395 2119
f 2119 2395 2396
f 2119 2396 2120
f 2120 2396 2397
f 2120 2397 2128
f 2128 2397 2398
f 2128 2398 2153
f 2153 2398 2399
f 2153 2399 2154
f 2154 2399 2400
f 2154 2400 2155
f 2155 2400 2389
f 2392 2401 2393
f 2393 2401 2402
f 2393 2402 2394
f 2394 2402 2403
f 2394 2403 2395
f 2395 2403 2404
f 2395 2404 2396
f 2396 2404 2405
f 2396 2405 2397
f 2397 2405 2406
f 2397 2406 2398
f 2398 2406 2407
f 2398 2407 2399
f 2399 2407 2408
f 2399 2408 2400
f 2400 2408 2409
f 2400 2409 2389
f 2389 2409 2410
f 2389 2410 2390
f 2390 2410 2411
f 2390 2411 2391
f 2391 2411 2412
f 2391 2412 2392
f 2392 2412 2401
f 2410 2040 2411
f 2411 2040 2106
f 2411 2106 2412
f 2412 2106 2107
f 2412 2107 2401
f 2401 2107 2108
f 2401 2108 2402
f 2402 2108 2087
f 2402 2087 2403
f 2403 2087 2085
f 2403 2085 2404
f 2404 2085 2083
f 2404 2083 2405
f 2405 2083 2098
f 2405 2098 2406
f 2406 2098 2035
f 2406 2035 2407
f 2407 2035 2036
f 2407 2036 2408
f 2408 2036 2043
f 2408 2043 2409
f 2409 2043 2042
f 2409 2042 2410
f 2410 2042 2040
f 2165 2413 2179
f 2179 2413 2414
f 2179 2414 2180
f 2180 2414 2415
f 2180 2415 2185
f 2185 2415 2416
f 2185 2416 2186
f 2186 2416 2417
f 2186 2417 2146
f 2146 2417 2418
f 2146 2418 2144
f 2144 2418 2419
f 2144 2419 2109
f 2109 2419 2420
f 2109 2420 2110
f 2110 2420 2421
f 2110 2421 2125
f 2125 2421 2422
f 2125 2422 2131
f 2131 2422 2423
f 2131 2423 2132
f 2132 2423 2424
f 2132 2424 2165
f 2165 2424 2413
f 2416 2425 2417
f 2417 2425 2426
f 2417 2426 2418
f 2418 2426 2427
f 2418 2427 2419
f 2419 2427 2428
f 2419 2428 2420
f 2420 2428 2429
f 2420 2429 2421
f 2421 2429 2430
f 2421 2430 2422
f 2422 2430 2431
f 2422 2431 2423
f 2423 2431 2432
f 2423 2432 2424
f 2424 2432 2433
f 2424 2433 2413
f 2413 2433 2434
f 2413 2434 2414
f 2414 2434 2435
f 2414 2435 2415
f 2415 2435 2436
f 2415 2436 2416
f 2416 2436 2425
f 2434 2046 2435
f 2435 2046 2045
f 2435 2045 2436
f 2436 2045 2034
f 2436 2034 2425
f 2425 2034 2033
f 2425 2033 2426
f 2426 2033 2079
f 2426 2079 2427
f 2427 2079 2058
f 2427 2058 2428
f 2428 2058 2056
f 2428 2056 2429
f 2429 2056 2054
f 2429 2054 2430
f 2430 2054 2052
f 2430 2052 2431
f 2431 2052 2051
f 2431 2051 2432
f 2432 2051 2032
f 2432 2032 2433
f 2433 2032 2044
f 2433 2044 2434
f 2434 2044 2046
f 2175 2437 2177
f 2177 2437 2438
f 2177 2438 2178
f 2178 2438 2439
f 2178 2439 2122
f 2122 2439 2440
f 2122 2440 2121
f 2121 2440 2441
f 2121 2441 2114
f 2114 2441 2442
f 2114 2442 2159
f 2159 2442 2443
f 2159 2443 2160
f 2160 2443 2444
f 2160 2444 2162
f 2162 2444 2445
f 2162 2445 2172
f 2172 2445 2446
f 2172 2446 2184
f 2184 2446 2447
f 2184 2447 2174
f 2174 2447 2448
f 2174 2448 2175
f 2175 2448 2437
f 2439 2449 2440
f 2440 2449 2450
f 2440 2450 2441
f 2441 2450 2451
f 2441 2451 2442
f 2442 2451 2452
f 2442 2452 2443
f 2443 2452 2453
f 2443 2453 2444
f 2444 2453 2454
f 2444 2454 2445
f 2445 2454 2455
f 2445 2455 2446
f 2446 2455 2456
f 2446 2456 2447
f 2447 2456 2457
f 2447 2457 2448
f 2448 2457 2458
f 2448 2458 2437
f 2437 2458 2459
f 2437 2459 2438
f 2438 2459 2460
f 2438 2460 2439
f 2439 2460 2449
f 2459 2094 2460
f 2460 2094 2076
f 2460 2076 2449
f 2449 2076 2075
f 2449 2075 2450
f 2450 2075 2073
f 2450 2073 2451
f 2451 2073 2072
f 2451 2072 2452
f 2452 2072 2071
f 2452 2071 2453
f 2453 2071 2069
f 2453 2069 2454
f 2454 2069 2068
f 2454 2068 2455
f 2455 2068 2066
f 2455 2066 2456
f 2456 2066 2065
f 2456 2065 2457
f 2457 2065 2081
f 2457 2081 2458
f 2458 2081 2080
f 2458 2080 2459
f 2459 2080 2094
f 2353 2461 2355
f 2355 2461 2462
f 2355 2462 2356
f 2356 2462 2463
f 2356 2463 2309
f 2309 2463 2464
f 2309 2464 2308
f 2308 2464 2465
f 2308 2465 2307
f 2307 2465 2466
f 2307 2466 2339
f 2339 2466 2467
f 2339 2467 2340
f 2340 2467 2468
f 2340 2468 2341
f 2341 2468 2469
f 2341 2469 2342
f 2342 2469 2470
f 2342 2470 2362
f 2362 2470 2471
f 2362 2471 2352
f 2352 2471 2472
f 2352 2472 2353
f 2353 2472 2461
f 2463 2473 2464
f 2464 2473 2474
f 2464 2474 2465
f 2465 2474 2475
f 2465 2475 2466
f 2466 2475 2476
f 2466 2476 2467
f 2467 2476 2477
f 2467 2477 2468
f 2468 2477 2478
f 2468 2478 2469
f 2469 2478 2479
f 2469 2479 2470
f 2470 2479 2480
f 2470 2480 2471
f 2471 2480 2481
f 2471 2481 2472
f 2472 2481 2482
f 2472 2482 2461
f 2461 2482 2483
f 2461 2483 2462
f 2462 2483 2484
f 2462 2484 2463
f 2463 2484 2473
f 2483 2015 2484
f 2484 2015 1997
f 2484 1997 2473
f 2473 1997 1996
f 2473 1996 2474
f 2474 1996 1985
f 2474 1985 2475
f 2475 1985 1984
f 2475 1984 2476
f 2476 1984 1983
f 2476 1983 2477
f 2477 1983 1981
f 2477 1981 2478
f 2478 1981 1980
f 2478 1980 2479
f 2479 1980 1978
f 2479 1978 2480
f 2480 1978 1977
f 2480 1977 2481
f 2481 1977 2002
f 2481 2002 2482
f 2482 2002 2001
f 2482 2001 2483
f 2483 2001 2015
f 2345 2485 2357
f 2357 2485 2486
f 2357 2486 2358
f 2358 2486 2487
f 2358 2487 2363
f 2363 2487 2488
f 2363 2488 2364
f 2364 2488 2489
f 2364 2489 2329
f 2329 2489 2490
f 2329 2490 2328
f 2328 2490 2491
f 2328 2491 2303
f 2303 2491 2492
f 2303 2492 2304
f 2304 2492 2493
f 2304 2493 2313
f 2313 2493 2494
f 2313 2494 2316
f 2316 2494 2495
f 2316 2495 2317
f 2317 2495 2496
f 2317 2496 2345
f 2345 2496 2485
f 2488 2497 2489
f 2489 2497 2498
f 2489 2498 2490
f 2490 2498 2499
f 2490 2499 2491
f 2491 2499 2500
f 2491 2500 2492
f 2492 2500 2501
f 2492 2501 2493
f 2493 2501 2502
f 2493 2502 2494
f 2494 2502 2503
f 2494 2503 2495
f 2495 2503 2504
f 2495 2504 2496
f 2496 2504 2505
f 2496 2505 2485
f 2485 2505 2506
f 2485 2506 2486
f 2486 2506 2507
f 2486 2507 2487
f 2487 2507 2508
f 2487 2508 2488
f 2488 2508 2497
f 2506 1966 2507
f 2507 1966 1965
f 2507 1965 2508
f 2508 1965 1958
f 2508 1958 2497
f 2497 1958 1957
f 2497 1957 2498
f 2498 1957 2000
f 2498 2000 2499
f 2499 2000 1975
f 2499 1975 2500
f 2500 1975 1973
f 2500 1973 2501
f 2501 1973 1971
f 2501 1971 2502
f 2502 1971 1969
f 2502 1969 2503
f 2503 1969 1968
f 2503 1968 2504
f 2504 1968 1953
f 2504 1953 2505
f 2505 1953 1964
f 2505 1964 2506
f 2506 1964 1966
f 2335 2509 2337
f 2337 2509 2510
f 2337 2510 2351
f 2351 2510 2511
f 2351 2511 2350
f 2350 2511 2512
f 2350 2512 2348
f 2348 2512 2513
f 2348 2513 2346
f 2346 2513 2514
f 2346 2514 2315
f 2315 2514 2515
f 2315 2515 2311
f 2311 2515 2516
f 2311 2516 2312
f 2312 2516 2517
f 2312 2517 2314
f 2314 2517 2518
f 2314 2518 2333
f 2333 2518 2519
f 2333 2519 2334
f 2334 2519 2520
f 2334 2520 2335
f 2335 2520 2509
f 2512 2521 2513
f 2513 2521 2522
f 2513 2522 2514
f 2514 2522 2523
f 2514 2523 2515
f 2515 2523 2524
f 2515 2524 2516
f 2516 2524 2525
f 2516 2525 2517
f 2517 2525 2526
f 2517 2526 2518
f 2518 2526 2527
f 2518 2527 2519
f 2519 2527 2528
f 2519 2528 2520
f 2520 2528 2529
f 2520 2529 2509
f 2509 2529 2530
f 2509 2530 2510
f 2510 2530 2531
f 2510 2531 2511
f 2511 2531 2532
f 2511 2532 2512
f 2512 2532 2521
f 2530 1954 2531
f 2531 1954 2027
f 2531 2027 2532
f 2532 2027 2028
f 2532 2028 2521
f 2521 2028 2029
f 2521 2029 2522
f 2522 2029 2008
f 2522 2008 2523
f 2523 2008 2006
f 2523 2006 2524
f 2524 2006 2004
f 2524 2004 2525
f 2525 2004 2019
f 2525 2019 2526
f 2526 2019 1959
f 2526 1959 2527
f 2527 1959 1960
f 2527 1960 2528
f 2528 1960 1963
f 2528 1963 2529
f 2529 1963 1955
f 2529 1955 2530
f 2530 1955 1954
f 2306 2533 2318
f 2318 2533 2534
f 2318 2534 2319
f 2319 2534 2535
f 2319 2535 2320
f 2320 2535 2536
f 2320 2536 2322
f 2322 2536 2537
f 2322 2537 2324
f 2324 2537 2538
f 2324 2538 2326
f 2326 2538 2539
f 2326 2539 2338
f 2338 2539 2540
f 2338 2540 2332
f 2332 2540 2541
f 2332 2541 2331
f 2331 2541 2542
f 2331 2542 2330
f 2330 2542 2543
f 2330 2543 2305
f 2305 2543 2544
f 2305 2544 2306
f 2306 2544 2533
f 2536 2545 2537
f 2537 2545 2546
f 2537 2546 2538
f 2538 2546 2547
f 2538 2547 2539
f 2539 2547 2548
f 2539 2548 2540
f 2540 2548 2549
f 2540 2549 2541
f 2541 2549 2550
f 2541 2550 2542
f 2542 2550 2551
f 2542 2551 2543
f 2543 2551 2552
f 2543 2552 2544
f 2544 2552 2553
f 2544 2553 2533
f 2533 2553 2554
f 2533 2554 2534
f 2534 2554 2555
f 2534 2555 2535
f 2535 2555 2556
f 2535 2556 2536
f 2536 2556 2545
f 2554 1995 2555
f 2555 1995 2010
f 2555 2010 2556
f 2556 2010 2012
f 2556 2012 2545
f 2545 2012 2013
f 2545 2013 2546
f 2546 2013 2026
f 2546 2026 2547
f 2547 2026 2025
f 2547 2025 2548
f 2548 2025 2023
f 2548 2023 2549
f 2549 2023 2022
f 2549 2022 2550
f 2550 2022 1987
f 2550 1987 2551
f 2551 1987 1989
f 2551 1989 2552
f 2552 1989 1991
f 2552 1991 2553
f 2553 1991 1993
f 2553 1993 2554
f 2554 1993 1995
f 2557 1385 2558
f 2558 1385 1386
f 2558 1386 2559
f 2559 1386 1388
f 2559 1388 2560
f 2560 1388 1389
f 2560 1389 2561
f 2561 1389 1390
f 2561 1390 2562
f 2562 1390 1379
f 2562 1379 2563
f 2563 1379 1380
f 2563 1380 2564
f 2564 1380 1387
f 2564 1387 2565
f 2565 1387 1391
f 2565 1391 2566
f 2566 1391 1400
f 2566 1400 2567
f 2567 1400 1395
f 2567 1395 2568
f 2568 1395 1396
f 2568 1396 2557
f 2557 1396 1385
f 2569 1397 2570
f 2570 1397 1398
f 2570 1398 2571
f 2571 1398 1399
f 2571 1399 2572
f 2572 1399 1401
f 2572 1401 2573
f 2573 1401 1402
f 2573 1402 2574
f 2574 1402 1392
f 2574 1392 2575
f 2575 1392 1393
f 2575 1393 2576
f 2576 1393 1394
f 2576 1394 2577
f 2577 1394 1383
f 2577 1383 2578
f 2578 1383 1384
f 2578 1384 2579
f 2579 1384 1381
f 2579 1381 2580
f 2580 1381 1382
f 2580 1382 2569
f 2569 1382 1397
f 2581 85 2582
f 2582 85 86
f 2582 86 2583
f 2583 86 87
f 2583 87 2584
f 2584 87 90
f 2584 90 2585
f 2585 90 91
f 2585 91 2586
f 2586 91 92
f 2586 92 2587
f 2587 92 71
f 2587 71 2588
f 2588 71 72
f 2588 72 2589
f 2589 72 78
f 2589 78 2590
f 2590 78 77
f 2590 77 2591
f 2591 77 76
f 2591 76 2592
f 2592 76 84
f 2592 84 2581
f 2581 84 85
f 2593 94 2594
f 2594 94 95
f 2594 95 2595
f 2595 95 82
f 2595 82 2596
f 2596 82 83
f 2596 83 2597
f 2597 83 74
f 2597 74 2598
f 2598 74 73
f 2598 73 2599
f 2599 73 81
f 2599 81 2600
f 2600 81 80
f 2600 80 2601
f 2601 80 79
f 2601 79 2602
f 2602 79 89
f 2602 89 2603
f 2603 89 88
f 2603 88 2604
f 2604 88 93
f 2604 93 2593
f 2593 93 94
f 2605 2606 2607
f 2608 2609 2610
f 2608 2610 2611
f 2611 2610 2612
f 2611 2612 2613
f 2613 2612 2614
f 2613 2614 2615
f 2615 2614 2616
f 2615 2616 2617
f 2617 2616 2618
f 2617 2618 2619
f 2618 2620 2619
f 2619 2620 2621
f 2619 2621 2622
f 2622 2621 2623
f 2622 2623 2624
f 2624 2623 2625
f 2624 2625 2626
f 2626 2625 2627
f 2626 2627 2628
f 2629 2630 2631
f 2631 2630 2632
f 2631 2632 2633
f 2633 2632 2634
f 2633 2634 2635
f 2635 2634 2636
f 2635 2636 2628
f 2628 2636 2637
f 2628 2637 2626
f 2638 2639 2640
f 2640 2639 2641
f 2640 2641 2629
f 2629 2641 2642
f 2629 2642 2630
f 2640 2643 2638
f 2638 2643 2644
f 2638 2644 2645
f 2645 2644 2646
f 2645 2646 2647
f 2646 2648 2647
f 2647 2648 2649
f 2647 2649 2650
f 2650 2649 2651
f 2650 2651 2652
f 2652 2651 2653
f 2653 2651 2654
f 2653 2654 2655
f 2655 2654 2656
f 2655 2656 2657
f 2657 2656 2658
f 2658 2656 2659
f 2658 2659 2660
f 2660 2659 2661
f 2660 2661 2662
f 2662 2661 2663
f 2662 2663 2664
f 2664 2663 2665
f 2664 2665 2666
f 2666 2665 2667
f 2666 2667 2668
f 2668 2667 2669
f 2668 2669 2670
f 2671 2672 2673
f 2673 2674 2671
f 2671 2674 2675
f 2671 2675 2670
f 2670 2675 2676
f 2670 2676 2668
f 2672 2677 2673
f 2673 2677 2678
f 2673 2678 2679
f 2680 2681 2682
f 2682 2681 2683
f 2682 2683 2684
f 2684 2683 2685
f 2684 2685 2686
f 2686 2685 2687
f 2686 2687 2688
f 2688 2687 2689
f 2688 2689 2690
f 2690 2689 2691
f 2690 2691 2692
f 2692 2691 2693
f 2692 2693 2694
f 2694 2693 2695
f 2694 2695 2696
f 2696 2695 2697
f 2696 2697 2679
f 2679 2697 2698
f 2679 2698 2673
f 2699 2700 2701
f 2701 2700 2702
f 2701 2702 2703
f 2703 2702 2704
f 2703 2704 2705
f 2705 2704 2680
f 2705 2680 2706
f 2706 2680 2682
f 2707 2708 2709
f 2709 2708 2700
f 2709 2700 2710
f 2710 2700 2699
f 2711 2712 2707
f 2707 2712 2713
f 2707 2713 2708
f 2714 2715 2716
f 2716 2715 2717
f 2716 2717 2711
f 2711 2717 2718
f 2711 2718 2712
f 2719 2720 2721
f 2721 2720 2722
f 2721 2722 2723
f 2723 2722 2724
f 2723 2724 2725
f 2725 2724 2726
f 2725 2726 2727
f 2727 2726 2728
f 2727 2728 2729
f 2729 2728 2730
f 2729 2730 2731
f 2731 2730 2732
f 2731 2732 2714
f 2714 2732 2733
f 2714 2733 2715
f 2734 2735 2736
f 2736 2735 2737
f 2736 2737 2738
f 2738 2737 2739
f 2738 2739 2740
f 2740 2739 2719
f 2740 2719 2741
f 2741 2719 2721
f 2742 2743 2744
f 2744 2743 2745
f 2744 2745 2746
f 2746 2745 2747
f 2746 2747 2748
f 2748 2747 2749
f 2748 2749 2750
f 2750 2749 2751
f 2750 2751 2752
f 2752 2751 2753
f 2752 2753 2734
f 2734 2753 2754
f 2734 2754 2735
f 2755 2756 2742
f 2742 2756 2757
f 2742 2757 2743
f 2607 2606 2758
f 2755 2759 2756
f 2756 2759 2760
f 2756 2760 2761
f 2761 2760 2762
f 2606 2763 2758
f 2758 2763 2764
f 2758 2764 2765
f 2765 2764 2762
f 2765 2762 2766
f 2766 2762 2760
f 2608 2767 2609
f 2609 2767 2768
f 2609 2768 2769
f 2769 2768 2770
f 2769 2770 2771
f 2771 2770 2605
f 2771 2605 2772
f 2772 2605 2607
f 2773 2762 2774
f 2774 2762 2764
f 2774 2764 2775
f 2775 2764 2763
f 2775 2763 2776
f 2776 2763 2606
f 2776 2606 2777
f 2778 1743 2779
f 2779 1743 1742
f 2779 1742 2780
f 2780 1742 1741
f 2780 1741 2781
f 2781 1741 1740
f 2781 1740 2782
f 2782 1740 1739
f 2782 1739 2783
f 2783 1739 1737
f 2783 1737 2784
f 2784 1737 1736
f 2784 1736 2785
f 2785 1736 1757
f 2785 1757 2786
f 2786 1757 1756
f 2786 1756 2787
f 2788 2743 2789
f 2789 2743 2757
f 2789 2757 2790
f 2790 2757 2756
f 2790 2756 2773
f 2773 2756 2761
f 2773 2761 2762
f 1756 1755 2787
f 2787 1755 1753
f 2787 1753 2791
f 2791 1753 1752
f 2791 1752 2792
f 2792 1752 1766
f 2792 1766 2793
f 2793 1766 1765
f 2793 1765 2794
f 2795 2753 2796
f 2796 2753 2751
f 2796 2751 2797
f 2797 2751 2749
f 2797 2749 2798
f 2798 2749 2747
f 2798 2747 2788
f 2788 2747 2745
f 2788 2745 2743
f 2737 2735 2795
f 2795 2735 2754
f 2795 2754 2753
f 1765 1764 2794
f 2794 1764 1759
f 2794 1759 2799
f 2799 1759 1758
f 2799 1758 2800
f 2800 1758 1761
f 2800 1761 2801
f 2801 1761 1763
f 2801 1763 2802
f 2795 2803 2737
f 2737 2803 2804
f 2737 2804 2739
f 2739 2804 2805
f 1763 1771 2802
f 2802 1771 1770
f 2802 1770 2806
f 2806 1770 1768
f 2806 1768 2807
f 2807 1768 1767
f 2807 1767 2808
f 2808 1767 1778
f 2808 1778 2809
f 2810 2726 2811
f 2811 2726 2724
f 2811 2724 2812
f 2812 2724 2722
f 2812 2722 2813
f 2813 2722 2720
f 2813 2720 2805
f 2805 2720 2719
f 2805 2719 2739
f 2814 2733 2815
f 2815 2733 2732
f 2815 2732 2816
f 2816 2732 2730
f 2816 2730 2810
f 2810 2730 2728
f 2810 2728 2726
f 1778 1777 2809
f 2809 1777 1776
f 2809 1776 2817
f 2817 1776 1775
f 2817 1775 2818
f 2818 1775 1773
f 2818 1773 2819
f 2819 1773 1772
f 2819 1772 2820
f 2820 1772 1796
f 2820 1796 2821
f 2822 2713 2823
f 2823 2713 2712
f 2823 2712 2824
f 2824 2712 2718
f 2824 2718 2825
f 2825 2718 2717
f 2825 2717 2814
f 2814 2717 2715
f 2814 2715 2733
f 2826 2704 2827
f 2827 2704 2702
f 2827 2702 2828
f 2828 2702 2700
f 2828 2700 2822
f 2822 2700 2708
f 2822 2708 2713
f 2829 2687 2830
f 2830 2687 2685
f 2830 2685 2831
f 2831 2685 2683
f 2831 2683 2832
f 2832 2683 2681
f 2832 2681 2826
f 2826 2681 2680
f 2826 2680 2704
f 2833 2697 2834
f 2834 2697 2695
f 2834 2695 2835
f 2835 2695 2693
f 2835 2693 2836
f 2836 2693 2691
f 2836 2691 2829
f 2829 2691 2689
f 2829 2689 2687
f 1796 1795 2821
f 2821 1795 1794
f 2821 1794 2837
f 2837 1794 1793
f 2837 1793 2838
f 2838 1793 1792
f 2838 1792 2839
f 2839 1792 1791
f 2839 1791 2840
f 2840 1791 1787
f 2840 1787 2841
f 2841 1787 1789
f 2841 1789 2842
f 2842 1789 1790
f 2842 1790 2843
f 2843 1790 1780
f 2843 1780 2844
f 2844 1780 1779
f 2844 1779 2845
f 2845 1779 1786
f 2845 1786 2846
f 2846 1786 1785
f 2846 1785 2847
f 2847 1785 1783
f 2847 1783 2848
f 2848 1783 1782
f 2848 1782 2849
f 2849 1782 1784
f 2849 1784 2850
f 2850 1784 1802
f 2850 1802 2851
f 2851 1802 1801
f 2851 1801 2852
f 2853 2675 2854
f 2854 2675 2674
f 2854 2674 2855
f 2855 2674 2673
f 2855 2673 2833
f 2833 2673 2698
f 2833 2698 2697
f 2666 2668 2853
f 2853 2668 2676
f 2853 2676 2675
f 2853 2856 2666
f 2666 2856 2857
f 2666 2857 2664
f 2664 2857 2858
f 1801 1800 2852
f 2852 1800 1798
f 2852 1798 2859
f 2859 1798 1797
f 2859 1797 2860
f 2860 1797 1811
f 2860 1811 2861
f 2861 1811 1810
f 2861 1810 2862
f 2658 2660 2858
f 2858 2660 2662
f 2858 2662 2664
f 2858 2863 2658
f 2658 2863 2864
f 2658 2864 2657
f 2657 2864 2865
f 1810 1809 2862
f 2862 1809 1808
f 2862 1808 2866
f 2866 1808 1807
f 2866 1807 2867
f 2867 1807 1804
f 2867 1804 2868
f 2868 1804 1803
f 2868 1803 2869
f 2869 1803 1817
f 2869 1817 2870
f 2871 2647 2872
f 2872 2647 2650
f 2872 2650 2873
f 2873 2650 2652
f 2873 2652 2874
f 2874 2652 2653
f 2874 2653 2865
f 2865 2653 2655
f 2865 2655 2657
f 1817 1816 2870
f 2870 1816 1815
f 2870 1815 2875
f 2875 1815 1813
f 2875 1813 2876
f 2876 1813 1812
f 2876 1812 2877
f 2877 1812 1826
f 2877 1826 2878
f 2879 2642 2880
f 2880 2642 2641
f 2880 2641 2881
f 2881 2641 2639
f 2881 2639 2882
f 2882 2639 2638
f 2882 2638 2871
f 2871 2638 2645
f 2871 2645 2647
f 1826 1825 2878
f 2878 1825 1824
f 2878 1824 2883
f 2883 1824 1819
f 2883 1819 2884
f 2884 1819 1818
f 2884 1818 2885
f 2885 1818 1823
f 2885 1823 2886
f 2887 2636 2888
f 2888 2636 2634
f 2888 2634 2889
f 2889 2634 2632
f 2889 2632 2879
f 2879 2632 2630
f 2879 2630 2642
f 2890 2622 2891
f 2891 2622 2624
f 2891 2624 2892
f 2892 2624 2626
f 2892 2626 2887
f 2887 2626 2637
f 2887 2637 2636
f 2893 2613 2894
f 2894 2613 2615
f 2894 2615 2895
f 2895 2615 2617
f 2895 2617 2890
f 2890 2617 2619
f 2890 2619 2622
f 1823 1822 2886
f 2886 1822 1821
f 2886 1821 2896
f 2896 1821 1751
f 2896 1751 2897
f 2897 1751 1750
f 2897 1750 2898
f 2898 1750 1749
f 2898 1749 2899
f 2899 1749 1748
f 2899 1748 2900
f 2900 1748 1747
f 2900 1747 2901
f 2901 1747 1745
f 2901 1745 2778
f 2778 1745 1744
f 2778 1744 1743
f 2778 2902 2901
f 2901 2902 2903
f 2901 2903 2900
f 2900 2903 2904
f 2900 2904 2899
f 2899 2904 2905
f 2899 2905 2898
f 2898 2905 2906
f 2898 2906 2897
f 2897 2906 2907
f 2897 2907 2896
f 2896 2907 2908
f 2896 2908 2886
f 2886 2908 2909
f 2886 2909 2885
f 2885 2909 2910
f 2885 2910 2884
f 2884 2910 2911
f 2884 2911 2883
f 2883 2911 2912
f 2883 2912 2878
f 2878 2912 2913
f 2878 2913 2877
f 2877 2913 2914
f 2877 2914 2876
f 2876 2914 2915
f 2876 2915 2875
f 2875 2915 2916
f 2875 2916 2870
f 2870 2916 2917
f 2870 2917 2869
f 2869 2917 2918
f 2869 2918 2868
f 2868 2918 2919
f 2868 2919 2867
f 2867 2919 2920
f 2867 2920 2866
f 2866 2920 2921
f 2866 2921 2862
f 2862 2921 2922
f 2862 2922 2861
f 2861 2922 2923
f 2861 2923 2860
f 2860 2923 2924
f 2860 2924 2859
f 2859 2924 2925
f 2859 2925 2852
f 2852 2925 2926
f 2852 2926 2851
f 2851 2926 2927
f 2851 2927 2850
f 2850 2927 2928
f 2850 2928 2849
f 2849 2928 2929
f 2849 2929 2848
f 2848 2929 2930
f 2848 2930 2847
f 2847 2930 2931
f 2847 2931 2846
f 2846 2931 2932
f 2846 2932 2845
f 2845 2932 2933
f 2845 2933 2844
f 2844 2933 2934
f 2844 2934 2843
f 2843 2934 2935
f 2843 2935 2842
f 2842 2935 2936
f 2842 2936 2841
f 2841 2936 2937
f 2841 2937 2840
f 2840 2937 2938
f 2840 2938 2839
f 2839 2938 2939
f 2839 2939 2838
f 2838 2939 2940
f 2838 2940 2837
f 2837 2940 2941
f 2837 2941 2821
f 2821 2941 2942
f 2821 2942 2820
f 2820 2942 2943
f 2820 2943 2819
f 2819 2943 2944
f 2819 2944 2818
f 2818 2944 2945
f 2818 2945 2817
f 2817 2945 2946
f 2817 2946 2809
f 2809 2946 2947
f 2809 2947 2808
f 2808 2947 2948
f 2808 2948 2807
f 2807 2948 2949
f 2807 2949 2806
f 2806 2949 2950
f 2806 2950 2802
f 2802 2950 2951
f 2802 2951 2801
f 2801 2951 2952
f 2801 2952 2800
f 2800 2952 2953
f 2800 2953 2799
f 2799 2953 2954
f 2799 2954 2794
f 2794 2954 2955
f 2794 2955 2793
f 2793 2955 2956
f 2793 2956 2792
f 2792 2956 2957
f 2792 2957 2791
f 2791 2957 2958
f 2791 2958 2787
f 2787 2958 2959
f 2787 2959 2786
f 2786 2959 2960
f 2786 2960 2785
f 2785 2960 2961
f 2785 2961 2784
f 2784 2961 2962
f 2784 2962 2783
f 2783 2962 2963
f 2783 2963 2782
f 2782 2963 2964
f 2782 2964 2781
f 2781 2964 2965
f 2781 2965 2780
f 2780 2965 2966
f 2780 2966 2779
f 2779 2966 2967
f 2779 2967 2778
f 2778 2967 2902
f 2967 2893 2902
f 2902 2893 2894
f 2902 2894 2903
f 2903 2894 2895
f 2903 2895 2904
f 2904 2895 2890
f 2904 2890 2905
f 2905 2890 2891
f 2905 2891 2906
f 2906 2891 2892
f 2906 2892 2907
f 2907 2892 2887
f 2907 2887 2908
f 2908 2887 2888
f 2908 2888 2909
f 2909 2888 2889
f 2909 2889 2910
f 2910 2889 2879
f 2910 2879 2911
f 2911 2879 2880
f 2911 2880 2912
f 2912 2880 2881
f 2912 2881 2913
f 2913 2881 2882
f 2913 2882 2914
f 2914 2882 2871
f 2914 2871 2915
f 2915 2871 2872
f 2915 2872 2916
f 2916 2872 2873
f 2916 2873 2917
f 2917 2873 2874
f 2917 2874 2918
f 2918 2874 2865
f 2918 2865 2919
f 2919 2865 2864
f 2919 2864 2920
f 2920 2864 2863
f 2920 2863 2921
f 2921 2863 2858
f 2921 2858 2922
f 2922 2858 2857
f 2922 2857 2923
f 2923 2857 2856
f 2923 2856 2924
f 2924 2856 2853
f 2924 2853 2925
f 2925 2853 2854
f 2925 2854 2926
f 2926 2854 2855
f 2926 2855 2927
f 2927 2855 2833
f 2927 2833 2928
f 2928 2833 2834
f 2928 2834 2929
f 2929 2834 2835
f 2929 2835 2930
f 2930 2835 2836
f 2930 2836 2931
f 2931 2836 2829
f 2931 2829 2932
f 2932 2829 2830
f 2932 2830 2933
f 2933 2830 2831
f 2933 2831 2934
f 2934 2831 2832
f 2934 2832 2935
f 2935 2832 2826
f 2935 2826 2936
f 2936 2826 2827
f 2936 2827 2937
f 2937 2827 2828
f 2937 2828 2938
f 2938 2828 2822
f 2938 2822 2939
f 2939 2822 2823
f 2939 2823 2940
f 2940 2823 2824
f 2940 2824 2941
f 2941 2824 2825
f 2941 2825 2942
f 2942 2825 2814
f 2942 2814 2943
f 2943 2814 2815
f 2943 2815 2944
f 2944 2815 2816
f 2944 2816 2945
f 2945 2816 2810
f 2945 2810 2946
f 2946 2810 2811
f 2946 2811 2947
f 2947 2811 2812
f 2947 2812 2948
f 2948 2812 2813
f 2948 2813 2949
f 2949 2813 2805
f 2949 2805 2950
f 2950 2805 2804
f 2950 2804 2951
f 2951 2804 2803
f 2951 2803 2952
f 2952 2803 2795
f 2952 2795 2953
f 2953 2795 2796
f 2953 2796 2954
f 2954 2796 2797
f 2954 2797 2955
f 2955 2797 2798
f 2955 2798 2956
f 2956 2798 2788
f 2956 2788 2957
f 2957 2788 2789
f 2957 2789 2958
f 2958 2789 2790
f 2958 2790 2959
f 2959 2790 2773
f 2959 2773 2960
f 2960 2773 2774
f 2960 2774 2961
f 2961 2774 2775
f 2961 2775 2962
f 2962 2775 2776
f 2962 2776 2963
f 2963 2776 2777
f 2963 2777 2964
f 2964 2777 2968
f 2964 2968 2965
f 2965 2968 2969
f 2965 2969 2966
f 2966 2969 2970
f 2966 2970 2967
f 2967 2970 2893
f 2606 2605 2777
f 2777 2605 2770
f 2777 2770 2968
f 2968 2770 2768
f 2968 2768 2969
f 2969 2768 2767
f 2969 2767 2970
f 2970 2767 2608
f 2970 2608 2893
f 2893 2608 2611
f 2893 2611 2613
f 2598 2971 2597
f 2597 2971 2972
f 2597 2972 2596
f 2596 2972 2973
f 2596 2973 2595
f 2595 2973 2974
f 2595 2974 2594
f 2594 2974 2975
f 2594 2975 2593
f 2593 2975 2976
f 2593 2976 2604
f 2604 2976 2977
f 2604 2977 2603
f 2603 2977 2978
f 2603 2978 2602
f 2602 2978 2979
f 2602 2979 2601
f 2601 2979 2980
f 2601 2980 2600
f 2600 2980 2981
f 2600 2981 2599
f 2599 2981 2982
f 2599 2982 2598
f 2598 2982 2971
f 1841 1839 2977
f 1850 2975 1851
f 1851 2975 2974
f 1851 2974 1852
f 1852 2974 1878
f 1878 2974 2973
f 1878 2973 1879
f 1879 2973 1880
f 1880 2973 2972
f 1880 2972 1875
f 1875 2972 1876
f 1876 2972 2971
f 1876 2971 1877
f 1877 2971 1867
f 1867 2971 2982
f 1867 2982 1865
f 1865 2982 1871
f 1871 2982 2981
f 1871 2981 1853
f 2980 2979 1861
f 1861 1859 2980
f 2980 1859 1856
f 2980 1856 2981
f 2981 1856 1854
f 2981 1854 1853
f 2977 1839 2978
f 1839 1837 2978
f 2978 1837 1864
f 2978 1864 2979
f 2979 1864 1863
f 2979 1863 1861
f 1850 1846 2975
f 2975 1846 1848
f 2975 1848 2976
f 2976 1848 1845
f 2976 1845 2977
f 2977 1845 1844
f 2977 1844 1841
f 2582 2983 2581
f 2581 2983 2984
f 2581 2984 2592
f 2592 2984 2985
f 2592 2985 2591
f 2591 2985 2986
f 2591 2986 2590
f 2590 2986 2987
f 2590 2987 2589
f 2589 2987 2988
f 2589 2988 2588
f 2588 2988 2989
f 2588 2989 2587
f 2587 2989 2990
f 2587 2990 2586
f 2586 2990 2991
f 2586 2991 2585
f 2585 2991 2992
f 2585 2992 2584
f 2584 2992 2993
f 2584 2993 2583
f 2583 2993 2994
f 2583 2994 2582
f 2582 2994 2983
f 1832 1831 2985
f 1840 2983 1838
f 1838 2983 2994
f 1838 2994 1836
f 1836 2994 1862
f 1862 2994 2993
f 1862 2993 1860
f 1860 2993 1858
f 1858 2993 2992
f 1858 2992 1857
f 1857 2992 1855
f 1855 2992 2991
f 1855 2991 1869
f 1869 2991 1870
f 1870 2991 2990
f 1870 2990 1873
f 1873 2990 1874
f 1874 2990 2989
f 1874 2989 1941
f 2988 2987 1945
f 1945 1944 2988
f 2988 1944 1943
f 2988 1943 2989
f 2989 1943 1942
f 2989 1942 1941
f 2985 1831 2986
f 1831 1830 2986
f 2986 1830 1835
f 2986 1835 2987
f 2987 1835 1834
f 2987 1834 1945
f 1840 1842 2983
f 2983 1842 1843
f 2983 1843 2984
f 2984 1843 1828
f 2984 1828 2985
f 2985 1828 1827
f 2985 1827 1832
f 2570 2995 2569
f 2569 2995 2996
f 2569 2996 2580
f 2580 2996 2997
f 2580 2997 2579
f 2579 2997 2998
f 2579 2998 2578
f 2578 2998 2999
f 2578 2999 2577
f 2577 2999 3000
f 2577 3000 2576
f 2576 3000 3001
f 2576 3001 2575
f 2575 3001 3002
f 2575 3002 2574
f 2574 3002 3003
f 2574 3003 2573
f 2573 3003 3004
f 2573 3004 2572
f 2572 3004 3005
f 2572 3005 2571
f 2571 3005 3006
f 2571 3006 2570
f 2570 3006 2995
f 1922 1921 2995
f 2995 1921 2996
f 3006 1927 2995
f 2995 1927 1924
f 2995 1924 1922
f 3005 3004 1912
f 1912 1929 3005
f 3005 1929 1931
f 3005 1931 3006
f 3006 1931 1928
f 3006 1928 1927
f 1913 1906 3003
f 3003 1906 1905
f 3003 1905 3004
f 3004 1905 1910
f 3004 1910 1912
f 1913 3003 1914
f 1914 3003 3002
f 1914 3002 1915
f 1915 3002 3001
f 1915 3001 1916
f 3000 1918 3001
f 3001 1918 1917
f 3001 1917 1916
f 2999 1920 3000
f 3000 1920 1919
f 3000 1919 1918
f 2998 1893 2999
f 2999 1893 1892
f 2999 1892 1920
f 2997 1889 2998
f 2998 1889 1888
f 2998 1888 1893
f 1921 1881 2996
f 2996 1881 1883
f 2996 1883 2997
f 2997 1883 1890
f 2997 1890 1889
f 2562 3007 2561
f 2561 3007 3008
f 2561 3008 2560
f 2560 3008 3009
f 2560 3009 2559
f 2559 3009 3010
f 2559 3010 2558
f 2558 3010 3011
f 2558 3011 2557
f 2557 3011 3012
f 2557 3012 2568
f 2568 3012 3013
f 2568 3013 2567
f 2567 3013 3014
f 2567 3014 2566
f 2566 3014 3015
f 2566 3015 2565
f 2565 3015 3016
f 2565 3016 2564
f 2564 3016 3017
f 2564 3017 2563
f 2563 3017 3018
f 2563 3018 2562
f 2562 3018 3007
f 1935 1887 3011
f 3011 1887 3012
f 3010 1937 3011
f 3011 1937 1936
f 3011 1936 1935
f 3009 3008 1902
f 1902 1901 3009
f 3009 1901 1939
f 3009 1939 3010
f 3010 1939 1938
f 3010 1938 1937
f 1894 1899 3007
f 3007 1899 1898
f 3007 1898 3008
f 3008 1898 1897
f 3008 1897 1902
f 1894 3007 1895
f 1895 3007 3018
f 1895 3018 1903
f 1903 3018 3017
f 1903 3017 1907
f 3016 1909 3017
f 3017 1909 1908
f 3017 1908 1907
f 3015 1930 3016
f 3016 1930 1911
f 3016 1911 1909
f 3014 1933 3015
f 3015 1933 1932
f 3015 1932 1930
f 3013 1925 3014
f 3014 1925 1926
f 3014 1926 1933
f 1887 1886 3012
f 3012 1886 1948
f 3012 1948 3013
f 3013 1948 1923
f 3013 1923 1925
f 68 66 1949
f 68 1949 2070
f 2070 1949 1849
f 2070 1849 2067
f 2067 1849 1847
f 2067 1847 2059
f 2059 1847 1868
f 2059 1868 2057
f 2057 1868 1866
f 2057 1866 2055
f 2055 1866 1746
f 2055 1746 2053
f 2053 1746 1820
f 2053 1820 2030
f 2030 1820 1814
f 2030 1814 2031
f 2031 1814 1805
f 2031 1805 2047
f 2047 1805 1806
f 2047 1806 2037
f 2037 1806 1799
f 2037 1799 2038
f 2038 1799 1781
f 2038 1781 2041
f 2041 1781 1885
f 2041 1885 2039
f 2039 1885 1934
f 2039 1934 2048
f 2048 1934 1900
f 2048 1900 2061
f 2061 1900 1896
f 2061 1896 2063
f 2063 1896 1947
f 2063 1947 2090
f 2090 1947 248
f 2090 248 380
f 259 249 1946
f 259 1946 1982
f 1982 1946 1904
f 1982 1904 1979
f 1979 1904 1891
f 1979 1891 1976
f 1976 1891 1884
f 1976 1884 1974
f 1974 1884 1882
f 1974 1882 1972
f 1972 1882 1788
f 1972 1788 1970
f 1970 1788 1774
f 1970 1774 1951
f 1951 1774 1769
f 1951 1769 1952
f 1952 1769 1762
f 1952 1762 1967
f 1967 1762 1760
f 1967 1760 1961
f 1961 1760 1754
f 1961 1754 1962
f 1962 1754 1738
f 1962 1738 1956
f 1956 1738 1872
f 1956 1872 1988
f 1988 1872 1940
f 1988 1940 1990
f 1990 1940 1833
f 1990 1833 1992
f 1992 1833 1829
f 1992 1829 1994
f 1994 1829 1950
f 1994 1950 2011
f 2011 1950 64
f 2011 64 62
f 3019 1713 1715
f 2222 3020 2221
f 2221 3020 3021
f 2221 3021 3022
f 3022 3023 2221
f 2221 3023 3019
f 2221 3019 2220
f 3019 1715 2220
f 2220 1715 1716
f 2220 1716 2219
f 1716 1735 2219
f 2219 1735 1734
f 2219 1734 2218
f 2218 1734 1733
f 2218 1733 2217
f 1733 1732 2217
f 2217 1732 1731
f 2217 1731 2216
f 1731 1730 2216
f 2216 1730 1729
f 2216 1729 2215
f 44 75 1727
f 1727 75 2215
f 1727 2215 1728
f 1728 2215 1729
f 3024 2226 2228
f 2285 3025 2283
f 2283 3025 3026
f 2283 3026 3027
f 3027 3028 2283
f 2283 3028 3024
f 2283 3024 2281
f 3024 2228 2281
f 2281 2228 2231
f 2281 2231 2279
f 2231 2250 2279
f 2279 2250 2249
f 2279 2249 2277
f 2277 2249 2248
f 2277 2248 2275
f 2248 2247 2275
f 2275 2247 2246
f 2275 2246 2273
f 2246 2245 2273
f 2273 2245 2244
f 2273 2244 2271
f 634 607 2242
f 2242 607 2271
f 2242 2271 2243
f 2243 2271 2244
f 3029 3030 3031
f 2268 3032 3033
f 3032 2268 2260
f 3034 3035 1663
f 3036 3037 2251
f 3038 3039 2252
f 2252 3039 3040
f 2252 3040 2254
f 2254 3040 2255
f 2255 3040 3041
f 2255 3041 2257
f 2259 2258 3042
f 3042 2258 2257
f 3042 2257 3043
f 3043 2257 3041
f 3044 2270 3033
f 3033 2270 2269
f 3033 2269 2268
f 3045 3046 3047
f 3048 3049 3050
f 2709 2710 3051
f 3030 3052 3031
f 3031 3052 2766
f 3031 2766 2760
f 3053 3054 3055
f 3055 3054 3029
f 1724 3056 3057
f 3057 3056 3053
f 1667 1665 1725
f 3058 3024 3028
f 3058 3028 3059
f 3059 3028 3027
f 3059 3027 3060
f 3060 3027 3026
f 3060 3026 3061
f 3061 3026 3025
f 3061 3025 3062
f 3062 3025 2285
f 3062 2285 3044
f 3044 2285 2286
f 3044 2286 2270
f 3063 2716 3064
f 3064 2716 2711
f 3064 2711 3065
f 3065 2711 2707
f 3065 2707 3066
f 3066 2707 2709
f 3066 2709 3048
f 3048 2709 3051
f 3048 3051 3049
f 3033 3067 3044
f 3044 3067 3068
f 3044 3068 3062
f 3062 3068 3069
f 3062 3069 3061
f 3061 3069 3070
f 3061 3070 3060
f 3060 3070 3071
f 3060 3071 3059
f 3059 3071 3072
f 3059 3072 3058
f 3058 3072 2225
f 3058 2225 3024
f 3024 2225 2224
f 3024 2224 2226
f 2259 3042 2260
f 2260 3042 3073
f 2260 3073 3032
f 3032 3073 3074
f 3032 3074 3033
f 3033 3074 3075
f 3033 3075 3067
f 3067 3075 3076
f 3067 3076 3068
f 3068 3076 3077
f 3068 3077 3069
f 3069 3077 3078
f 3069 3078 3070
f 3070 3078 3079
f 3070 3079 3071
f 3071 3079 3045
f 3071 3045 3072
f 3072 3045 3047
f 3072 3047 2225
f 3080 2725 3081
f 3081 2725 2727
f 3081 2727 3082
f 3082 2727 2729
f 3082 2729 3083
f 3083 2729 2731
f 3083 2731 3063
f 3063 2731 2714
f 3063 2714 2716
f 3084 2738 3085
f 3085 2738 2740
f 3085 2740 3086
f 3086 2740 2741
f 3086 2741 3087
f 3087 2741 2721
f 3087 2721 3080
f 3080 2721 2723
f 3080 2723 2725
f 2752 2734 3084
f 3084 2734 2736
f 3084 2736 2738
f 3084 3088 2752
f 2752 3088 3089
f 2752 3089 2750
f 2750 3089 3090
f 1663 1662 3034
f 3034 1662 1660
f 3034 1660 3091
f 3091 1660 1659
f 3091 1659 3092
f 3092 1659 1668
f 3092 1668 3093
f 3093 1668 1667
f 3093 1667 3094
f 3094 1667 1725
f 3094 1725 1724
f 1724 3057 3094
f 3094 3057 3095
f 3094 3095 3093
f 3093 3095 3096
f 3093 3096 3092
f 3092 3096 3097
f 3092 3097 3091
f 3091 3097 3098
f 3091 3098 3034
f 3034 3098 3036
f 3034 3036 3035
f 3035 3036 2251
f 3035 2251 1663
f 3053 3055 3057
f 3057 3055 3099
f 3057 3099 3095
f 3095 3099 3100
f 3095 3100 3096
f 3096 3100 3101
f 3096 3101 3097
f 3097 3101 3102
f 3097 3102 3098
f 3098 3102 3103
f 3098 3103 3036
f 3036 3103 3038
f 3036 3038 3037
f 3037 3038 2252
f 3037 2252 2251
f 3029 3031 3055
f 3055 3031 3104
f 3055 3104 3099
f 3099 3104 3105
f 3099 3105 3100
f 3100 3105 3106
f 3100 3106 3101
f 3101 3106 3090
f 3101 3090 3102
f 3102 3090 3089
f 3102 3089 3103
f 3103 3089 3088
f 3103 3088 3038
f 3038 3088 3084
f 3038 3084 3039
f 3039 3084 3085
f 3039 3085 3040
f 3040 3085 3086
f 3040 3086 3041
f 3041 3086 3087
f 3041 3087 3043
f 3043 3087 3080
f 3043 3080 3042
f 3042 3080 3081
f 3042 3081 3073
f 3073 3081 3082
f 3073 3082 3074
f 3074 3082 3083
f 3074 3083 3075
f 3075 3083 3063
f 3075 3063 3076
f 3076 3063 3064
f 3076 3064 3077
f 3077 3064 3065
f 3077 3065 3078
f 3078 3065 3066
f 3078 3066 3079
f 3079 3066 3048
f 3079 3048 3045
f 3045 3048 3050
f 3045 3050 3046
f 2760 2759 3031
f 3031 2759 2755
f 3031 2755 3104
f 3104 2755 2742
f 3104 2742 3105
f 3105 2742 2744
f 3105 2744 3106
f 3106 2744 2746
f 3106 2746 3090
f 3090 2746 2748
f 3090 2748 2750
f 3056 1724 1726
f 3107 3108 3109
f 3109 3108 3110
f 3110 3108 3111
f 3111 3108 3112
f 3111 3112 3113
f 3113 3112 1714
f 3113 1714 1712
f 3054 3053 3114
f 3114 3053 3056
f 3115 3029 3054
f 2766 3052 2765
f 2765 3052 3030
f 3116 2765 3115
f 3115 2765 3030
f 3115 3030 3029
f 3056 1726 3114
f 3114 1726 1723
f 3114 1723 3117
f 3117 1723 1722
f 3117 1722 3118
f 3118 1722 1721
f 3118 1721 3119
f 3119 1721 1710
f 3119 1710 3120
f 3120 1710 1709
f 3120 1709 3121
f 3121 1709 1720
f 3121 1720 3122
f 3122 1720 1719
f 3122 1719 3123
f 3123 1719 1718
f 3123 1718 3124
f 3054 3114 3115
f 3115 3114 3117
f 3115 3117 3116
f 3116 3117 3118
f 3116 3118 3125
f 3125 3118 3119
f 3125 3119 3126
f 3126 3119 3120
f 3126 3120 3127
f 3127 3120 3121
f 3127 3121 3128
f 3128 3121 3122
f 3128 3122 3129
f 3129 3122 3123
f 3129 3123 3130
f 3130 3123 3124
f 3130 3124 3131
f 3131 2612 3130
f 3130 2612 2610
f 3130 2610 3129
f 3129 2610 2609
f 3129 2609 3128
f 3128 2609 2769
f 3128 2769 3127
f 3127 2769 2771
f 3127 2771 3126
f 3126 2771 2772
f 3126 2772 3125
f 3125 2772 2607
f 3125 2607 3116
f 3116 2607 2758
f 3116 2758 2765
f 2618 2616 3131
f 3131 2616 2614
f 3131 2614 2612
f 1717 1714 3132
f 3132 1714 3112
f 3132 3112 3133
f 3133 3112 3108
f 1718 1717 3124
f 3124 1717 3132
f 3124 3132 3131
f 3131 3132 3133
f 3131 3133 2618
f 2618 3133 3108
f 2618 3108 2620
f 2620 3108 3107
f 2620 3107 2621
f 3046 3050 3134
f 3135 2238 2237
f 3136 3137 3135
f 3138 3139 3140
f 3140 3139 3141
f 2678 2677 3142
f 2710 2699 3051
f 3051 2699 3134
f 3051 3134 3049
f 3049 3134 3050
f 2227 2225 3047
f 3142 3138 2678
f 2678 3138 3140
f 2678 3140 2679
f 2679 3140 3143
f 2679 3143 2696
f 2696 3143 3144
f 2696 3144 2694
f 2694 3144 3145
f 3146 2686 3147
f 3147 2686 2688
f 3147 2688 3148
f 3148 2688 2690
f 3148 2690 3145
f 3145 2690 2692
f 3145 2692 2694
f 3135 2237 3136
f 3136 2237 2241
f 3136 2241 3149
f 3149 2241 2240
f 3149 2240 3150
f 3150 2240 2236
f 3150 2236 3151
f 3151 2236 2235
f 3151 2235 3152
f 3152 2235 2234
f 3152 2234 3153
f 3153 2234 2233
f 3153 2233 3154
f 3154 2233 2230
f 3154 2230 3155
f 3155 2230 2229
f 3155 2229 3156
f 3156 2229 2232
f 3156 2232 3157
f 3157 2232 2227
f 3157 2227 3158
f 3158 2227 3047
f 3158 3047 3046
f 3046 3134 3158
f 3158 3134 3159
f 3158 3159 3157
f 3157 3159 3160
f 3157 3160 3156
f 3156 3160 3161
f 3156 3161 3155
f 3155 3161 3146
f 3155 3146 3154
f 3154 3146 3147
f 3154 3147 3153
f 3153 3147 3148
f 3153 3148 3152
f 3152 3148 3145
f 3152 3145 3151
f 3151 3145 3144
f 3151 3144 3150
f 3150 3144 3143
f 3150 3143 3149
f 3149 3143 3140
f 3149 3140 3136
f 3136 3140 3141
f 3136 3141 3137
f 2699 2701 3134
f 3134 2701 2703
f 3134 2703 3159
f 3159 2703 2705
f 3159 2705 3160
f 3160 2705 2706
f 3160 2706 3161
f 3161 2706 2682
f 3161 2682 3146
f 3146 2682 2684
f 3146 2684 2686
f 2208 3162 2209
f 1688 3163 2212
f 3110 3111 3164
f 3164 3111 3113
f 3107 3109 3165
f 3165 3109 3110
f 2677 2672 3142
f 3142 2672 3166
f 3142 3166 3138
f 3138 3166 3139
f 3139 3166 3167
f 3139 3167 3141
f 3141 3167 3137
f 3137 3167 3168
f 3137 3168 3135
f 3135 3168 2238
f 2238 3168 3169
f 2238 3169 2239
f 2239 3169 1692
f 2239 1692 1690
f 3163 1688 3170
f 2212 3171 2213
f 2213 3171 3172
f 2213 3172 2214
f 3173 3174 2214
f 2214 3174 2203
f 2203 3174 3175
f 2203 3175 2204
f 2204 3175 3176
f 2204 3176 2205
f 2205 3176 3177
f 2205 3177 2206
f 2206 3177 3178
f 2206 3178 2207
f 3179 3019 3023
f 2621 3107 2623
f 2623 3107 3165
f 2623 3165 2625
f 2625 3165 2627
f 3165 3180 2627
f 2627 3180 3181
f 2627 3181 2628
f 2628 3181 3182
f 3179 3023 3183
f 3183 3023 3022
f 3183 3022 3184
f 3184 3022 3021
f 3184 3021 3185
f 3185 3021 3020
f 3185 3020 3186
f 3186 3020 2222
f 3186 2222 3187
f 3187 2222 2223
f 3187 2223 2211
f 2631 2633 3182
f 3182 2633 2635
f 3182 2635 2628
f 2209 3162 2210
f 2210 3162 3188
f 2210 3188 2211
f 2211 3188 3189
f 2211 3189 3187
f 3187 3189 3190
f 3187 3190 3186
f 3186 3190 3191
f 3186 3191 3185
f 3185 3191 3192
f 3185 3192 3184
f 3184 3192 3193
f 3184 3193 3183
f 3183 3193 3194
f 3183 3194 3179
f 3179 3194 1712
f 3179 1712 3019
f 3019 1712 1711
f 3019 1711 1713
f 3182 3195 2631
f 2631 3195 3196
f 2631 3196 2629
f 2629 3196 3197
f 2207 3178 2208
f 2208 3178 3198
f 2208 3198 3162
f 3162 3198 3199
f 3162 3199 3188
f 3188 3199 3200
f 3188 3200 3189
f 3189 3200 3201
f 3189 3201 3190
f 3190 3201 3202
f 3190 3202 3191
f 3191 3202 3203
f 3191 3203 3192
f 3192 3203 3204
f 3192 3204 3193
f 3193 3204 3164
f 3193 3164 3194
f 3194 3164 3113
f 3194 3113 1712
f 3205 2648 3206
f 3206 2648 2646
f 3206 2646 3207
f 3207 2646 2644
f 3207 2644 3208
f 3208 2644 2643
f 3208 2643 3197
f 3197 2643 2640
f 3197 2640 2629
f 3209 2656 3210
f 3210 2656 2654
f 3210 2654 3211
f 3211 2654 2651
f 3211 2651 3205
f 3205 2651 2649
f 3205 2649 2648
f 1688 1687 3170
f 3170 1687 1685
f 3170 1685 3212
f 3212 1685 1684
f 3212 1684 3213
f 2212 3163 3171
f 3171 3163 3170
f 3171 3170 3214
f 3214 3170 3212
f 3214 3212 3215
f 3215 3212 3213
f 3215 3213 3216
f 2214 3172 3173
f 3173 3172 3171
f 3173 3171 3217
f 3217 3171 3214
f 3217 3214 3218
f 3218 3214 3215
f 3218 3215 3219
f 3219 3215 3216
f 3219 3216 3220
f 3110 3164 3165
f 3165 3164 3204
f 3165 3204 3180
f 3180 3204 3203
f 3180 3203 3181
f 3181 3203 3202
f 3181 3202 3182
f 3182 3202 3201
f 3182 3201 3195
f 3195 3201 3200
f 3195 3200 3196
f 3196 3200 3199
f 3196 3199 3197
f 3197 3199 3198
f 3197 3198 3208
f 3208 3198 3178
f 3208 3178 3207
f 3207 3178 3177
f 3207 3177 3206
f 3206 3177 3176
f 3206 3176 3205
f 3205 3176 3175
f 3205 3175 3211
f 3211 3175 3174
f 3211 3174 3210
f 3210 3174 3173
f 3210 3173 3209
f 3209 3173 3217
f 3209 3217 3221
f 3221 3217 3218
f 3221 3218 3222
f 3222 3218 3219
f 3222 3219 3223
f 3223 3219 3220
f 3223 3220 3224
f 2670 2669 3224
f 3224 2669 2667
f 3224 2667 3223
f 3223 2667 2665
f 3223 2665 3222
f 3222 2665 2663
f 3222 2663 3221
f 3221 2663 2661
f 3221 2661 3209
f 3209 2661 2659
f 3209 2659 2656
f 2671 2670 3225
f 3225 2670 3224
f 3225 3224 3226
f 3226 3224 3220
f 3226 3220 3227
f 3227 3220 3216
f 3227 3216 3228
f 3228 3216 3213
f 3228 3213 1693
f 1693 3213 1684
f 2672 2671 3166
f 3166 2671 3225
f 3166 3225 3167
f 3167 3225 3226
f 3167 3226 3168
f 3168 3226 3227
f 3168 3227 3169
f 3169 3227 3228
f 3169 3228 1692
f 1692 3228 1693
f 3229 3230 3231
f 3231 3230 3232
f 3231 3232 3233
f 3233 3232 3234
f 3233 3234 3235
f 3235 3234 3236
f 3235 3236 3237
f 3237 3236 3238
f 3237 3238 3239
f 3239 3238 3240
f 3239 3240 3241
f 3241 3240 3242
f 3241 3242 3243
f 3243 3242 3244
f 3243 3244 3245
f 3245 3244 3246
f 3245 3246 3247
f 3247 3246 3248
f 3247 3248 3249
f 3249 3248 3250
f 3249 3250 3251
f 3251 3250 3252
f 3251 3252 3253
f 3253 3252 3254
f 3253 3254 3255
f 3255 3254 3256
f 3255 3256 3257
f 3257 3256 3258
f 3257 3258 3259
f 3259 3258 3260
f 3259 3260 3261
f 3261 3260 3262
f 3261 3262 3263
f 3263 3262 3264
f 3263 3264 3229
f 3229 3264 3230
f 3265 3266 3267
f 3267 3266 3268
f 3267 3268 3269
f 3269 3268 3270
f 3269 3270 3271
f 3271 3270 3272
f 3271 3272 3273
f 3273 3272 3274
f 3273 3274 3275
f 3275 3274 3276
f 3275 3276 3277
f 3277 3276 3278
f 3277 3278 3279
f 3279 3278 3280
f 3279 3280 3281
f 3281 3280 3282
f 3281 3282 3283
f 3283 3282 3284
f 3283 3284 3285
f 3285 3284 3286
f 3285 3286 3287
f 3287 3286 3288
f 3287 3288 3289
f 3289 3288 3290
f 3289 3290 3291
f 3291 3290 3292
f 3291 3292 3293
f 3293 3292 3294
f 3293 3294 3295
f 3295 3294 3296
f 3295 3296 3297
f 3297 3296 3298
f 3297 3298 3299
f 3299 3298 3300
f 3299 3300 3265
f 3265 3300 3266
f 3301 3302 3254
f 3303 3304 3305
f 3302 3306 3254
f 3254 3306 3307
f 3254 3307 3308
f 3309 3310 3305
f 3305 3310 3311
f 3305 3311 3303
f 3312 3254 3304
f 3304 3254 3308
f 3304 3308 3305
f 3313 3300 3314
f 3314 3300 3315
f 3316 3317 3250
f 3318 3319 3250
f 3313 3320 3300
f 3300 3320 3321
f 3300 3321 3266
f 3266 3321 3322
f 3266 3322 3268
f 3322 3323 3268
f 3268 3323 3324
f 3268 3324 3325
f 3325 3326 3268
f 3268 3326 3327
f 3268 3327 3318
f 3328 3329 3319
f 3319 3329 3330
f 3319 3330 3331
f 3309 3332 3310
f 3310 3332 3329
f 3310 3329 3333
f 3333 3329 3328
f 3331 3334 3319
f 3319 3334 3335
f 3319 3335 3250
f 3250 3335 3336
f 3250 3336 3316
f 3317 3337 3250
f 3250 3337 3338
f 3250 3338 3252
f 3252 3338 3339
f 3252 3339 3254
f 3254 3339 3340
f 3254 3340 3301
f 3341 3342 3343
f 3344 3345 3286
f 3345 3346 3286
f 3286 3346 3347
f 3286 3347 3348
f 3349 3350 3343
f 3343 3350 3351
f 3343 3351 3341
f 3352 3286 3342
f 3342 3286 3348
f 3342 3348 3343
f 3352 3353 3232
f 3232 3353 3354
f 3232 3354 3355
f 3355 3356 3232
f 3232 3356 3357
f 3232 3357 3234
f 3234 3357 3358
f 3234 3358 3236
f 3358 3359 3236
f 3236 3359 3360
f 3236 3360 3361
f 3361 3362 3236
f 3236 3362 3363
f 3236 3363 3364
f 3365 3366 3282
f 3367 3368 3369
f 3369 3368 3370
f 3369 3370 3371
f 3349 3372 3350
f 3350 3372 3368
f 3350 3368 3373
f 3373 3368 3367
f 3371 3374 3369
f 3369 3374 3375
f 3369 3375 3282
f 3282 3375 3376
f 3282 3376 3365
f 3366 3377 3282
f 3282 3377 3378
f 3282 3378 3284
f 3284 3378 3379
f 3284 3379 3286
f 3286 3379 3380
f 3286 3380 3344
f 3276 3240 3278
f 3278 3240 3238
f 3278 3238 3280
f 3280 3238 3236
f 3280 3236 3282
f 3282 3236 3364
f 3282 3364 3369
f 3381 3382 3276
f 3383 3384 3274
f 3384 3385 3274
f 3274 3385 3386
f 3274 3386 3276
f 3276 3386 3387
f 3276 3387 3381
f 3382 3388 3276
f 3276 3388 3389
f 3276 3389 3390
f 3391 3392 3393
f 3393 3392 3394
f 3390 3395 3396
f 3396 3395 3393
f 3396 3393 3397
f 3394 3398 3393
f 3393 3398 3399
f 3393 3399 3397
f 3244 3391 3400
f 3400 3401 3244
f 3244 3401 3402
f 3244 3402 3403
f 3403 3404 3244
f 3244 3404 3405
f 3244 3405 3406
f 3390 3396 3276
f 3276 3396 3407
f 3276 3407 3408
f 3408 3409 3276
f 3276 3409 3242
f 3276 3242 3240
f 3409 3410 3242
f 3242 3410 3411
f 3242 3411 3412
f 3412 3413 3242
f 3242 3413 3414
f 3242 3414 3244
f 3414 3415 3244
f 3244 3415 3416
f 3244 3416 3417
f 3417 3418 3244
f 3244 3418 3419
f 3244 3419 3391
f 3391 3419 3420
f 3391 3420 3392
f 3318 3250 3268
f 3268 3250 3248
f 3268 3248 3270
f 3270 3248 3246
f 3270 3246 3272
f 3272 3246 3244
f 3272 3244 3274
f 3274 3244 3406
f 3274 3406 3383
f 3294 3258 3296
f 3296 3258 3256
f 3296 3256 3298
f 3298 3256 3254
f 3298 3254 3300
f 3300 3254 3312
f 3300 3312 3315
f 3421 3422 3294
f 3423 3424 3292
f 3424 3425 3292
f 3292 3425 3426
f 3292 3426 3294
f 3294 3426 3427
f 3294 3427 3421
f 3422 3428 3294
f 3294 3428 3429
f 3294 3429 3430
f 3431 3432 3433
f 3433 3432 3434
f 3430 3435 3436
f 3436 3435 3433
f 3436 3433 3437
f 3434 3438 3433
f 3433 3438 3439
f 3433 3439 3437
f 3262 3431 3440
f 3440 3441 3262
f 3262 3441 3442
f 3262 3442 3443
f 3443 3444 3262
f 3262 3444 3445
f 3262 3445 3446
f 3430 3436 3294
f 3294 3436 3447
f 3294 3447 3448
f 3448 3449 3294
f 3294 3449 3260
f 3294 3260 3258
f 3449 3450 3260
f 3260 3450 3451
f 3260 3451 3452
f 3452 3453 3260
f 3260 3453 3454
f 3260 3454 3262
f 3454 3455 3262
f 3262 3455 3456
f 3262 3456 3457
f 3457 3458 3262
f 3262 3458 3459
f 3262 3459 3431
f 3431 3459 3460
f 3431 3460 3432
f 3352 3232 3286
f 3286 3232 3230
f 3286 3230 3288
f 3288 3230 3264
f 3288 3264 3290
f 3290 3264 3262
f 3290 3262 3292
f 3292 3262 3446
f 3292 3446 3423
f 3461 3462 3281
f 3281 3462 3463
f 3463 3464 3281
f 3281 3464 3465
f 3281 3465 3466
f 3466 3465 3467
f 3466 3467 3468
f 3469 3470 3467
f 3467 3470 3471
f 3467 3471 3468
f 3472 3473 3235
f 3235 3473 3474
f 3235 3474 3475
f 3476 3477 3285
f 3478 3479 3285
f 3475 3480 3235
f 3235 3480 3481
f 3235 3481 3233
f 3233 3481 3482
f 3233 3482 3231
f 3231 3482 3483
f 3483 3484 3231
f 3231 3484 3485
f 3231 3485 3486
f 3478 3285 3487
f 3488 3489 3479
f 3479 3489 3490
f 3479 3490 3491
f 3469 3492 3470
f 3470 3492 3489
f 3470 3489 3493
f 3493 3489 3488
f 3491 3494 3479
f 3479 3494 3495
f 3479 3495 3285
f 3285 3495 3496
f 3285 3496 3476
f 3477 3497 3285
f 3285 3497 3498
f 3285 3498 3283
f 3283 3498 3499
f 3283 3499 3281
f 3281 3499 3500
f 3281 3500 3461
f 3486 3487 3231
f 3231 3487 3285
f 3231 3285 3229
f 3229 3285 3287
f 3229 3287 3263
f 3263 3287 3289
f 3263 3289 3261
f 3261 3289 3291
f 3501 3502 3261
f 3503 3504 3293
f 3293 3504 3505
f 3293 3505 3291
f 3291 3505 3506
f 3291 3506 3507
f 3507 3508 3291
f 3291 3508 3509
f 3291 3509 3510
f 3510 3511 3291
f 3291 3511 3512
f 3291 3512 3513
f 3513 3514 3291
f 3291 3514 3515
f 3291 3515 3516
f 3516 3517 3291
f 3291 3517 3518
f 3291 3518 3261
f 3261 3518 3519
f 3261 3519 3501
f 3520 3521 3259
f 3259 3521 3522
f 3259 3522 3523
f 3523 3524 3259
f 3259 3524 3525
f 3259 3525 3526
f 3527 3528 3293
f 3293 3528 3529
f 3293 3529 3503
f 3530 3531 3259
f 3502 3532 3261
f 3261 3532 3533
f 3261 3533 3259
f 3259 3533 3534
f 3259 3534 3530
f 3531 3535 3259
f 3259 3535 3536
f 3259 3536 3520
f 3520 3536 3537
f 3520 3537 3538
f 3538 3537 3539
f 3538 3539 3511
f 3511 3539 3540
f 3511 3540 3512
f 3541 3542 3253
f 3543 3267 3544
f 3544 3267 3545
f 3543 3546 3267
f 3267 3546 3547
f 3267 3547 3265
f 3265 3547 3548
f 3265 3548 3299
f 3299 3548 3549
f 3549 3550 3299
f 3299 3550 3551
f 3299 3551 3552
f 3541 3253 3553
f 3552 3553 3299
f 3299 3553 3253
f 3299 3253 3297
f 3297 3253 3255
f 3297 3255 3295
f 3295 3255 3257
f 3295 3257 3293
f 3293 3257 3259
f 3293 3259 3527
f 3527 3259 3526
f 3554 3555 3542
f 3556 3557 3542
f 3542 3557 3558
f 3554 3542 3559
f 3558 3560 3542
f 3542 3560 3561
f 3542 3561 3559
f 3556 3562 3249
f 3249 3562 3563
f 3249 3563 3564
f 3564 3565 3249
f 3249 3565 3566
f 3249 3566 3567
f 3555 3568 3542
f 3542 3568 3569
f 3542 3569 3253
f 3253 3569 3570
f 3253 3570 3571
f 3572 3573 3249
f 3571 3574 3253
f 3253 3574 3575
f 3253 3575 3251
f 3251 3575 3576
f 3251 3576 3249
f 3249 3576 3577
f 3249 3577 3572
f 3573 3578 3249
f 3249 3578 3579
f 3249 3579 3556
f 3556 3579 3580
f 3556 3580 3557
f 3567 3545 3249
f 3249 3545 3267
f 3249 3267 3247
f 3247 3267 3269
f 3247 3269 3245
f 3245 3269 3271
f 3245 3271 3243
f 3243 3271 3273
f 3581 3582 3275
f 3275 3582 3583
f 3275 3583 3584
f 3584 3585 3275
f 3275 3585 3586
f 3275 3586 3273
f 3273 3586 3587
f 3273 3587 3588
f 3588 3589 3273
f 3273 3589 3590
f 3273 3590 3591
f 3591 3592 3593
f 3594 3595 3596
f 3596 3595 3597
f 3596 3597 3598
f 3598 3597 3593
f 3598 3593 3599
f 3599 3593 3592
f 3600 3601 3241
f 3241 3601 3602
f 3241 3602 3603
f 3591 3593 3273
f 3273 3593 3604
f 3273 3604 3605
f 3605 3606 3273
f 3273 3606 3607
f 3273 3607 3608
f 3609 3610 3243
f 3608 3611 3273
f 3273 3611 3612
f 3273 3612 3243
f 3243 3612 3613
f 3243 3613 3609
f 3614 3241 3615
f 3615 3241 3243
f 3615 3243 3616
f 3616 3243 3610
f 3614 3617 3241
f 3241 3617 3618
f 3241 3618 3619
f 3594 3600 3595
f 3595 3600 3241
f 3595 3241 3620
f 3620 3241 3619
f 3603 3581 3241
f 3241 3581 3275
f 3241 3275 3239
f 3239 3275 3277
f 3239 3277 3237
f 3237 3277 3279
f 3237 3279 3235
f 3235 3279 3281
f 3235 3281 3472
f 3472 3281 3466
f 3502 3501 3456
f 3456 3501 3457
f 3457 3501 3458
f 3458 3501 3519
f 3458 3519 3459
f 3459 3519 3518
f 3459 3518 3460
f 3460 3518 3517
f 3460 3517 3432
f 3517 3516 3432
f 3432 3516 3515
f 3432 3515 3434
f 3434 3515 3438
f 3438 3515 3514
f 3438 3514 3439
f 3439 3514 3513
f 3439 3513 3437
f 3437 3513 3512
f 3437 3512 3436
f 3512 3540 3436
f 3436 3540 3539
f 3436 3539 3447
f 3447 3539 3448
f 3448 3539 3537
f 3448 3537 3449
f 3449 3537 3536
f 3449 3536 3450
f 3450 3536 3535
f 3450 3535 3451
f 3451 3535 3531
f 3451 3531 3530
f 3502 3456 3532
f 3532 3456 3455
f 3532 3455 3533
f 3533 3455 3454
f 3533 3454 3534
f 3534 3454 3453
f 3534 3453 3530
f 3530 3453 3452
f 3530 3452 3451
f 3616 3610 3416
f 3416 3610 3417
f 3417 3610 3418
f 3418 3610 3609
f 3418 3609 3419
f 3419 3609 3613
f 3419 3613 3420
f 3420 3613 3612
f 3420 3612 3392
f 3612 3611 3392
f 3392 3611 3608
f 3392 3608 3394
f 3394 3608 3398
f 3398 3608 3607
f 3398 3607 3399
f 3399 3607 3606
f 3399 3606 3397
f 3397 3606 3605
f 3397 3605 3396
f 3605 3604 3396
f 3396 3604 3593
f 3396 3593 3407
f 3407 3593 3408
f 3408 3593 3597
f 3408 3597 3409
f 3409 3597 3595
f 3409 3595 3410
f 3410 3595 3620
f 3410 3620 3411
f 3411 3620 3619
f 3411 3619 3618
f 3616 3416 3615
f 3615 3416 3415
f 3615 3415 3614
f 3614 3415 3414
f 3614 3414 3617
f 3617 3414 3413
f 3617 3413 3618
f 3618 3413 3412
f 3618 3412 3411
f 3521 3520 3443
f 3443 3520 3444
f 3444 3520 3445
f 3445 3520 3538
f 3445 3538 3446
f 3446 3538 3511
f 3446 3511 3423
f 3423 3511 3510
f 3423 3510 3424
f 3510 3509 3424
f 3424 3509 3508
f 3424 3508 3425
f 3425 3508 3426
f 3426 3508 3507
f 3426 3507 3427
f 3427 3507 3506
f 3427 3506 3421
f 3421 3506 3505
f 3421 3505 3422
f 3505 3504 3422
f 3422 3504 3503
f 3422 3503 3428
f 3428 3503 3429
f 3429 3503 3529
f 3429 3529 3430
f 3430 3529 3528
f 3430 3528 3435
f 3435 3528 3527
f 3435 3527 3433
f 3433 3527 3526
f 3433 3526 3525
f 3521 3443 3522
f 3522 3443 3442
f 3522 3442 3523
f 3523 3442 3441
f 3523 3441 3524
f 3524 3441 3440
f 3524 3440 3525
f 3525 3440 3431
f 3525 3431 3433
f 3598 3599 3403
f 3403 3599 3404
f 3404 3599 3405
f 3405 3599 3592
f 3405 3592 3406
f 3406 3592 3591
f 3406 3591 3383
f 3383 3591 3590
f 3383 3590 3384
f 3590 3589 3384
f 3384 3589 3588
f 3384 3588 3385
f 3385 3588 3386
f 3386 3588 3587
f 3386 3587 3387
f 3387 3587 3586
f 3387 3586 3381
f 3381 3586 3585
f 3381 3585 3382
f 3585 3584 3382
f 3382 3584 3583
f 3382 3583 3388
f 3388 3583 3389
f 3389 3583 3582
f 3389 3582 3390
f 3390 3582 3581
f 3390 3581 3395
f 3395 3581 3603
f 3395 3603 3393
f 3393 3603 3602
f 3393 3602 3601
f 3598 3403 3596
f 3596 3403 3402
f 3596 3402 3594
f 3594 3402 3401
f 3594 3401 3600
f 3600 3401 3400
f 3600 3400 3601
f 3601 3400 3391
f 3601 3391 3393
f 3558 3557 3331
f 3331 3557 3334
f 3334 3557 3335
f 3335 3557 3580
f 3335 3580 3336
f 3336 3580 3579
f 3336 3579 3316
f 3316 3579 3578
f 3316 3578 3317
f 3578 3573 3317
f 3317 3573 3572
f 3317 3572 3337
f 3337 3572 3338
f 3338 3572 3577
f 3338 3577 3339
f 3339 3577 3576
f 3339 3576 3340
f 3340 3576 3575
f 3340 3575 3301
f 3575 3574 3301
f 3301 3574 3571
f 3301 3571 3302
f 3302 3571 3306
f 3306 3571 3570
f 3306 3570 3307
f 3307 3570 3569
f 3307 3569 3308
f 3308 3569 3568
f 3308 3568 3305
f 3305 3568 3555
f 3305 3555 3554
f 3558 3331 3560
f 3560 3331 3330
f 3560 3330 3561
f 3561 3330 3329
f 3561 3329 3559
f 3559 3329 3332
f 3559 3332 3554
f 3554 3332 3309
f 3554 3309 3305
f 3480 3475 3360
f 3360 3475 3361
f 3361 3475 3362
f 3362 3475 3474
f 3362 3474 3363
f 3363 3474 3473
f 3363 3473 3364
f 3364 3473 3472
f 3364 3472 3369
f 3472 3466 3369
f 3369 3466 3468
f 3369 3468 3367
f 3367 3468 3373
f 3373 3468 3471
f 3373 3471 3350
f 3350 3471 3470
f 3350 3470 3351
f 3351 3470 3493
f 3351 3493 3341
f 3493 3488 3341
f 3341 3488 3479
f 3341 3479 3342
f 3342 3479 3352
f 3352 3479 3478
f 3352 3478 3353
f 3353 3478 3487
f 3353 3487 3354
f 3354 3487 3486
f 3354 3486 3355
f 3355 3486 3485
f 3355 3485 3484
f 3480 3360 3481
f 3481 3360 3359
f 3481 3359 3482
f 3482 3359 3358
f 3482 3358 3483
f 3483 3358 3357
f 3483 3357 3484
f 3484 3357 3356
f 3484 3356 3355
f 3546 3543 3324
f 3324 3543 3325
f 3325 3543 3326
f 3326 3543 3544
f 3326 3544 3327
f 3327 3544 3545
f 3327 3545 3318
f 3318 3545 3567
f 3318 3567 3319
f 3567 3566 3319
f 3319 3566 3565
f 3319 3565 3328
f 3328 3565 3333
f 3333 3565 3564
f 3333 3564 3310
f 3310 3564 3563
f 3310 3563 3311
f 3311 3563 3562
f 3311 3562 3303
f 3562 3556 3303
f 3303 3556 3542
f 3303 3542 3304
f 3304 3542 3312
f 3312 3542 3541
f 3312 3541 3315
f 3315 3541 3553
f 3315 3553 3314
f 3314 3553 3552
f 3314 3552 3313
f 3313 3552 3551
f 3313 3551 3550
f 3546 3324 3547
f 3547 3324 3323
f 3547 3323 3548
f 3548 3323 3322
f 3548 3322 3549
f 3549 3322 3321
f 3549 3321 3550
f 3550 3321 3320
f 3550 3320 3313
f 3469 3467 3371
f 3371 3467 3374
f 3374 3467 3375
f 3375 3467 3465
f 3375 3465 3376
f 3376 3465 3464
f 3376 3464 3365
f 3365 3464 3463
f 3365 3463 3366
f 3463 3462 3366
f 3366 3462 3461
f 3366 3461 3377
f 3377 3461 3378
f 3378 3461 3500
f 3378 3500 3379
f 3379 3500 3499
f 3379 3499 3380
f 3380 3499 3498
f 3380 3498 3344
f 3498 3497 3344
f 3344 3497 3477
f 3344 3477 3345
f 3345 3477 3346
f 3346 3477 3476
f 3346 3476 3347
f 3347 3476 3496
f 3347 3496 3348
f 3348 3496 3495
f 3348 3495 3343
f 3343 3495 3494
f 3343 3494 3491
f 3469 3371 3492
f 3492 3371 3370
f 3492 3370 3489
f 3489 3370 3368
f 3489 3368 3490
f 3490 3368 3372
f 3490 3372 3491
f 3491 3372 3349
f 3491 3349 3343
f 3621 3622 3623
f 3621 3623 3624
f 3624 3623 3625
f 3624 3625 3626
f 3626 3625 3627
f 3626 3627 3628
f 3628 3627 3629
f 3628 3629 3630
f 3630 3629 3631
f 3630 3631 3632
f 3632 3631 3633
f 3632 3633 3634
f 3634 3633 3635
f 3634 3635 3636
f 3636 3635 3637
f 3636 3637 3638
f 3638 3637 3639
f 3638 3639 3640
f 3640 3639 3641
f 3640 3641 3642
f 3642 3641 3643
f 3642 3643 3644
f 3644 3643 3645
f 3644 3645 3646
f 3646 3645 3647
f 3646 3647 3648
f 3648 3647 3649
f 3648 3649 3650
f 3650 3649 3651
f 3650 3651 3652
f 3652 3651 3653
f 3652 3653 3654
f 3654 3653 3655
f 3654 3655 3656
f 3656 3655 3657
f 3656 3657 3658
f 3658 3657 3659
f 3658 3659 3660
f 3661 3659 3657
f 3661 3657 3662
f 3662 3657 3655
f 3662 3655 3663
f 3663 3655 3653
f 3663 3653 3664
f 3664 3653 3651
f 3664 3651 3665
f 3665 3651 3649
f 3665 3649 3666
f 3666 3649 3647
f 3666 3647 3667
f 3667 3647 3645
f 3667 3645 3668
f 3668 3645 3643
f 3668 3643 3669
f 3669 3643 3641
f 3669 3641 3670
f 3670 3641 3639
f 3670 3639 3671
f 3671 3639 3637
f 3671 3637 3672
f 3672 3637 3635
f 3672 3635 3673
f 3673 3635 3633
f 3673 3633 3674
f 3674 3633 3631
f 3674 3631 3675
f 3675 3631 3629
f 3675 3629 3676
f 3676 3629 3627
f 3676 3627 3677
f 3677 3627 3625
f 3677 3625 3678
f 3678 3625 3679
f 3679 3625 3623
f 3679 3623 3680
f 3680 3623 3622
f 3680 3622 3681
f 3682 3650 3652
f 3683 3621 3624
f 3683 3624 3684
f 3684 3624 3626
f 3684 3626 3685
f 3685 3626 3628
f 3685 3628 3686
f 3686 3628 3687
f 3687 3628 3630
f 3687 3630 3688
f 3688 3630 3632
f 3688 3632 3689
f 3689 3632 3690
f 3690 3632 3634
f 3690 3634 3691
f 3691 3634 3636
f 3691 3636 3692
f 3692 3636 3638
f 3692 3638 3693
f 3693 3638 3640
f 3693 3640 3694
f 3694 3640 3642
f 3694 3642 3695
f 3695 3642 3644
f 3695 3644 3696
f 3696 3644 3646
f 3696 3646 3697
f 3697 3646 3648
f 3697 3648 3698
f 3650 3682 3648
f 3648 3682 3699
f 3648 3699 3698
f 3700 3701 3652
f 3652 3701 3702
f 3652 3702 3682
f 3652 3654 3700
f 3700 3654 3656
f 3700 3656 3703
f 3703 3656 3658
f 3703 3658 3704
f 3704 3658 3705
f 3704 3705 3706
f 3707 3708 3709
f 3709 3708 3710
f 3709 3710 3711
f 3711 3710 3712
f 3711 3712 3713
f 3713 3712 3714
f 3713 3714 3715
f 3715 3714 3716
f 3715 3716 3717
f 3717 3716 3718
f 3717 3718 3719
f 3719 3718 3720
f 3721 3722 3723
f 3723 3722 3724
f 3723 3724 3725
f 3725 3724 3726
f 3725 3726 3727
f 3727 3726 3728
f 3727 3728 3729
f 3729 3728 3730
f 3729 3730 3731
f 3731 3730 3732
f 3731 3732 3733
f 3733 3732 3734
f 3735 3736 3737
f 3737 3736 3738
f 3737 3738 3739
f 3739 3738 3740
f 3739 3740 3741
f 3741 3740 3742
f 3741 3742 3743
f 3743 3742 3744
f 3743 3744 3745
f 3745 3744 3746
f 3745 3746 3747
f 3747 3746 3748
f 3749 3750 3751
f 3751 3750 3752
f 3751 3752 3753
f 3753 3752 3754
f 3753 3754 3755
f 3755 3754 3756
f 3755 3756 3757
f 3757 3756 3758
f 3757 3758 3759
f 3759 3758 3760
f 3759 3760 3761
f 3761 3760 3762
f 3763 3764 3765
f 3765 3764 3766
f 3765 3766 3767
f 3767 3766 3768
f 3767 3768 3769
f 3769 3768 3770
f 3769 3770 3771
f 3771 3770 3772
f 3771 3772 3773
f 3773 3772 3774
f 3773 3774 3775
f 3775 3774 3776
f 3777 3778 3779
f 3779 3778 3780
f 3779 3780 3781
f 3781 3780 3782
f 3781 3782 3783
f 3783 3782 3784
f 3783 3784 3785
f 3785 3784 3786
f 3785 3786 3787
f 3787 3786 3788
f 3787 3788 3789
f 3789 3788 3790
f 3791 3792 3793
f 3793 3792 3794
f 3793 3794 3795
f 3795 3794 3796
f 3795 3796 3797
f 3797 3796 3798
f 3797 3798 3799
f 3799 3798 3800
f 3799 3800 3801
f 3801 3800 3802
f 3801 3802 3803
f 3803 3802 3804
f 3805 3806 3807
f 3807 3806 3808
f 3807 3808 3809
f 3809 3808 3810
f 3809 3810 3811
f 3811 3810 3812
f 3811 3812 3813
f 3813 3812 3814
f 3813 3814 3815
f 3815 3814 3816
f 3815 3816 3817
f 3817 3816 3818
f 3819 3820 3821
f 3821 3820 3822
f 3821 3822 3823
f 3823 3822 3824
f 3823 3824 3825
f 3825 3824 3826
f 3825 3826 3827
f 3827 3826 3828
f 3827 3828 3829
f 3829 3828 3830
f 3829 3830 3831
f 3831 3830 3832
f 3833 3834 3835
f 3835 3834 3836
f 3835 3836 3837
f 3837 3836 3838
f 3837 3838 3839
f 3839 3838 3840
f 3839 3840 3841
f 3841 3840 3842
f 3841 3842 3843
f 3843 3842 3844
f 3843 3844 3845
f 3845 3844 3846
f 3847 3848 3849
f 3849 3848 3850
f 3849 3850 3851
f 3851 3850 3852
f 3851 3852 3853
f 3853 3852 3854
f 3853 3854 3855
f 3855 3854 3856
f 3855 3856 3857
f 3857 3856 3858
f 3857 3858 3859
f 3859 3858 3860
f 3861 3862 3863
f 3863 3862 3864
f 3863 3864 3865
f 3865 3864 3866
f 3865 3866 3867
f 3867 3866 3868
f 3867 3868 3869
f 3869 3868 3870
f 3869 3870 3871
f 3871 3870 3872
f 3871 3872 3873
f 3873 3872 3874
f 3875 3876 3877
f 3877 3876 3878
f 3877 3878 3879
f 3879 3878 3880
f 3879 3880 3881
f 3881 3880 3882
f 3881 3882 3883
f 3883 3882 3884
f 3883 3884 3885
f 3885 3884 3886
f 3885 3886 3887
f 3887 3886 3888
f 3889 3890 3891
f 3891 3890 3892
f 3891 3892 3893
f 3893 3892 3894
f 3893 3894 3895
f 3895 3894 3896
f 3895 3896 3897
f 3897 3896 3898
f 3897 3898 3899
f 3899 3898 3900
f 3899 3900 3901
f 3901 3900 3902
f 3903 3904 3905
f 3903 3905 3906
f 3906 3905 3907
f 3906 3907 3908
f 3908 3907 3909
f 3908 3909 3910
f 3910 3909 3911
f 3910 3911 3912
f 3912 3911 3913
f 3912 3913 3914
f 3914 3913 3915
f 3914 3915 3916
f 3916 3915 3917
f 3916 3917 3918
f 3918 3917 3919
f 3918 3919 3920
f 3920 3919 3921
f 3920 3921 3922
f 3922 3921 3923
f 3922 3923 3924
f 3924 3923 3925
f 3924 3925 3926
f 3926 3925 3927
f 3926 3927 3928
f 3928 3927 3929
f 3928 3929 3930
f 3930 3929 3931
f 3930 3931 3932
f 3932 3931 3933
f 3932 3933 3934
f 3934 3933 3935
f 3934 3935 3936
f 3936 3935 3937
f 3936 3937 3938
f 3939 3800 3798
f 3802 3800 3939
f 3804 3802 3939
f 3939 3794 3792
f 3796 3794 3939
f 3798 3796 3939
f 3940 3814 3812
f 3816 3814 3940
f 3818 3816 3940
f 3940 3808 3806
f 3810 3808 3940
f 3812 3810 3940
f 3941 3822 3820
f 3824 3822 3941
f 3826 3824 3941
f 3941 3942 3943
f 3944 3942 3941
f 3820 3944 3941
f 3945 3842 3840
f 3844 3842 3945
f 3846 3844 3945
f 3945 3836 3834
f 3838 3836 3945
f 3840 3838 3945
f 3946 3856 3854
f 3858 3856 3946
f 3860 3858 3946
f 3946 3850 3848
f 3852 3850 3946
f 3854 3852 3946
f 3947 3870 3868
f 3872 3870 3947
f 3874 3872 3947
f 3947 3864 3862
f 3866 3864 3947
f 3868 3866 3947
f 3948 3884 3882
f 3886 3884 3948
f 3888 3886 3948
f 3948 3878 3876
f 3880 3878 3948
f 3882 3880 3948
f 3949 3898 3896
f 3900 3898 3949
f 3902 3900 3949
f 3949 3892 3890
f 3894 3892 3949
f 3896 3894 3949
f 3950 3903 3906
f 3950 3906 3951
f 3951 3906 3908
f 3951 3908 3952
f 3952 3908 3910
f 3952 3910 3953
f 3953 3910 3912
f 3953 3912 3954
f 3954 3912 3914
f 3954 3914 3955
f 3955 3914 3916
f 3955 3916 3956
f 3956 3916 3918
f 3956 3918 3957
f 3957 3918 3920
f 3957 3920 3958
f 3958 3920 3922
f 3958 3922 3959
f 3959 3922 3924
f 3959 3924 3960
f 3960 3924 3926
f 3960 3926 3961
f 3961 3926 3928
f 3961 3928 3962
f 3962 3928 3930
f 3962 3930 3963
f 3963 3930 3932
f 3963 3932 3964
f 3964 3932 3934
f 3964 3934 3965
f 3965 3934 3936
f 3965 3936 3966
f 3966 3936 3938
f 3966 3938 3967
f 3968 3969 3970
f 3970 3969 3971
f 3970 3971 3972
f 3972 3971 3973
f 3972 3973 3974
f 3974 3973 3975
f 3974 3975 3976
f 3976 3975 3977
f 3976 3977 3978
f 3978 3977 3979
f 3978 3979 3980
f 3980 3979 3981
f 3980 3981 3982
f 3982 3981 3983
f 3982 3983 3984
f 3984 3983 3985
f 3984 3985 3986
f 3986 3985 3987
f 3986 3987 3988
f 3988 3987 3989
f 3988 3989 3990
f 3990 3989 3991
f 3990 3991 3992
f 3992 3991 3993
f 3992 3993 3994
f 3994 3993 3995
f 3994 3995 3996
f 3996 3995 3997
f 3998 3999 4000
f 3998 4000 4001
f 4001 4000 4002
f 4001 4002 4003
f 4003 4002 4004
f 4003 4004 4005
f 4005 4004 4006
f 4005 4006 4007
f 4007 4006 4008
f 4007 4008 4009
f 4009 4008 4010
f 4009 4010 4011
f 4011 4010 4012
f 4011 4012 4013
f 4013 4012 4014
f 4013 4014 4015
f 4015 4014 4016
f 4015 4016 4017
f 4017 4016 4018
f 4017 4018 4019
f 4019 4018 4020
f 4019 4020 4021
f 4021 4020 4022
f 4021 4022 4023
f 4023 4022 4024
f 4023 4024 4025
f 4025 4024 4026
f 4025 4026 4027
f 4028 4029 4030
f 4028 4030 4031
f 4031 4030 4032
f 4031 4032 4033
f 4033 4032 4034
f 4033 4034 4035
f 4035 4034 4036
f 4035 4036 4037
f 4037 4036 4038
f 4037 4038 4039
f 4039 4038 4040
f 4039 4040 4041
f 4041 4040 3998
f 4041 3998 4042
f 4042 3998 4001
f 4042 4001 4043
f 4043 4001 4003
f 4043 4003 4044
f 4044 4003 4005
f 4044 4005 4045
f 4045 4005 4007
f 4045 4007 4046
f 4046 4007 4009
f 4046 4009 4047
f 4047 4009 4011
f 4047 4011 4048
f 4048 4011 4013
f 4048 4013 4049
f 4050 4051 4052
f 4052 4051 4053
f 4052 4053 4054
f 4054 4053 4055
f 4054 4055 4056
f 4056 4055 4057
f 4056 4057 4058
f 4058 4057 4059
f 4058 4059 4060
f 4060 4059 4061
f 4060 4061 4062
f 4062 4061 4063
f 4064 4065 4066
f 4066 4065 4067
f 4066 4067 4068
f 4068 4067 4069
f 4068 4069 4070
f 4070 4069 4071
f 4070 4071 4072
f 4072 4071 4073
f 4072 4073 4074
f 4074 4073 4075
f 4074 4075 4076
f 4076 4075 4077
f 4078 4079 4080
f 4080 4079 4081
f 4080 4081 4082
f 4082 4081 4083
f 4082 4083 4084
f 4084 4083 4085
f 4084 4085 4086
f 4086 4085 4087
f 4086 4087 4088
f 4088 4087 4089
f 4088 4089 4090
f 4090 4089 4091
f 4092 4093 4094
f 4094 4093 4095
f 4094 4095 4096
f 4096 4095 4097
f 4096 4097 4098
f 4098 4097 4099
f 4098 4099 4100
f 4100 4099 4101
f 4100 4101 4102
f 4102 4101 4103
f 4102 4103 4104
f 4104 4103 4105
f 4104 4105 4106
f 4106 4105 4107
f 4106 4107 4108
f 4108 4107 4109
f 4108 4109 4110
f 4110 4109 4111
f 4112 4113 4114
f 4112 4114 4115
f 4115 4114 4116
f 4115 4116 4117
f 4117 4116 4118
f 4117 4118 4119
f 4119 4118 4120
f 4119 4120 4121
f 4121 4120 4122
f 4121 4122 4123
f 4123 4122 4124
f 4123 4124 4125
f 4126 4127 4128
f 4126 4128 4129
f 4129 4128 4130
f 4129 4130 4131
f 4131 4130 4132
f 4131 4132 4133
f 4133 4132 4134
f 4133 4134 4135
f 4135 4134 4136
f 4135 4136 4137
f 4137 4136 4138
f 4137 4138 4139
f 4140 4141 4142
f 4140 4142 4143
f 4143 4142 4144
f 4143 4144 4145
f 4145 4144 4146
f 4145 4146 4147
f 4147 4146 4148
f 4147 4148 4149
f 4149 4148 4150
f 4149 4150 4151
f 4151 4150 4152
f 4151 4152 4153
f 4110 4154 4108
f 4108 4154 4155
f 4108 4155 4106
f 4106 4155 4156
f 4106 4156 4104
f 4104 4156 4157
f 4104 4157 4102
f 4102 4157 4158
f 4102 4158 4100
f 4100 4158 4159
f 4100 4159 4098
f 4098 4159 4160
f 4098 4160 4096
f 4096 4160 4161
f 4096 4161 4094
f 4094 4161 4162
f 4094 4162 4092
f 4092 4162 4163
f 4164 4165 4166
f 4164 4166 4167
f 4167 4166 4168
f 4167 4168 4169
f 4169 4168 4170
f 4169 4170 4171
f 4171 4170 4172
f 4171 4172 4173
f 4173 4172 4174
f 4173 4174 4175
f 4175 4174 4176
f 4175 4176 4177
f 4178 4164 4167
f 4178 4167 4179
f 4179 4167 4169
f 4179 4169 4180
f 4180 4169 4171
f 4180 4171 4181
f 4181 4171 4173
f 4181 4173 4182
f 4182 4173 4175
f 4182 4175 4183
f 4183 4175 4177
f 4183 4177 4184
f 4185 4186 4187
f 4187 4186 4188
f 4187 4188 4189
f 4189 4188 4190
f 4189 4190 4191
f 4191 4190 4192
f 4191 4192 4193
f 4193 4192 4194
f 4193 4194 4195
f 4195 4194 4196
f 4195 4196 4197
f 4197 4196 4198
f 3660 3659 4199
f 3660 4199 4200
f 4200 4199 4201
f 4200 4201 4202
f 4202 4201 4203
f 4202 4203 4204
f 4204 4203 4205
f 4204 4205 4206
f 4206 4205 4207
f 4206 4207 4208
f 4208 4207 4209
f 4208 4209 4210
f 4210 4209 4211
f 4210 4211 4212
f 4212 4211 4213
f 4212 4213 4214
f 4214 4213 4215
f 4214 4215 4216
f 4216 4215 4217
f 4216 4217 4218
f 4218 4217 4219
f 4218 4219 4220
f 4220 4219 4221
f 4220 4221 4222
f 4222 4221 4223
f 4222 4223 4224
f 4224 4223 4225
f 4224 4225 4226
f 4226 4225 4227
f 4226 4227 4228
f 4228 4227 4229
f 4228 4229 4230
f 4230 4229 4231
f 4230 4231 4232
f 4232 4231 4233
f 4232 4233 4234
f 4234 4233 3622
f 4234 3622 3621
f 3681 3622 4233
f 4235 4236 4233
f 4233 4236 4237
f 4233 4237 3681
f 4217 4238 4219
f 4219 4238 4239
f 4219 4239 4221
f 4221 4239 4240
f 4221 4240 4223
f 4223 4240 4241
f 4223 4241 4225
f 4225 4241 4242
f 4225 4242 4227
f 4227 4242 4243
f 4227 4243 4229
f 4229 4243 4235
f 4229 4235 4231
f 4231 4235 4233
f 4244 4245 4217
f 4217 4245 4246
f 4217 4246 4238
f 4217 4215 4244
f 4244 4215 4213
f 4244 4213 4247
f 4247 4213 4211
f 4247 4211 4248
f 4248 4211 4209
f 4248 4209 4249
f 4249 4209 4207
f 4249 4207 4250
f 4250 4207 4205
f 4250 4205 4251
f 4251 4205 4203
f 4251 4203 4252
f 4252 4203 4201
f 4252 4201 4253
f 4253 4201 4199
f 4253 4199 4254
f 4254 4199 3659
f 4254 3659 3661
f 4255 4226 4228
f 3706 3705 4200
f 3706 4200 4256
f 4256 4200 4202
f 4256 4202 4257
f 4257 4202 4204
f 4257 4204 4258
f 4258 4204 4259
f 4259 4204 4206
f 4259 4206 4260
f 4260 4206 4208
f 4260 4208 4261
f 4261 4208 4262
f 4262 4208 4210
f 4262 4210 4263
f 4263 4210 4212
f 4263 4212 4264
f 4264 4212 4214
f 4264 4214 4265
f 4265 4214 4216
f 4265 4216 4266
f 4266 4216 4267
f 4267 4216 4218
f 4267 4218 4268
f 4268 4218 4220
f 4268 4220 4269
f 4269 4220 4222
f 4269 4222 4270
f 4270 4222 4224
f 4270 4224 4271
f 4226 4255 4224
f 4224 4255 4272
f 4224 4272 4271
f 4273 4274 4228
f 4228 4274 4275
f 4228 4275 4255
f 4228 4230 4273
f 4273 4230 4232
f 4273 4232 4276
f 4276 4232 4234
f 4276 4234 4277
f 4277 4234 3621
f 4277 3621 3683
f 3665 4278 3664
f 3672 3673 4279
f 4242 4280 4243
f 3713 3715 4281
f 4281 3715 3717
f 3719 4282 4278
f 4278 4282 4283
f 4278 4283 3664
f 3664 4283 4284
f 3664 4284 3663
f 3663 4284 3662
f 4284 4285 3662
f 3662 4285 4286
f 3662 4286 3661
f 3661 4286 3707
f 3661 3707 4254
f 3707 3709 4254
f 4254 3709 3711
f 4254 3711 4253
f 4253 3711 3713
f 4253 3713 4252
f 4252 3713 4281
f 4252 4281 4251
f 3773 3775 4245
f 4245 3775 4287
f 4248 4249 3767
f 3775 4288 4287
f 4287 4288 4289
f 4287 4289 4281
f 4289 4290 4281
f 4281 4290 4291
f 4281 4291 4251
f 4251 4291 4292
f 4251 4292 4250
f 4250 4292 3763
f 4250 3763 4249
f 4249 3763 3765
f 4249 3765 3767
f 3767 3769 4248
f 4248 3769 3771
f 4248 3771 4247
f 4247 3771 3773
f 4247 3773 4244
f 4244 3773 4245
f 4287 4280 4293
f 3723 3725 4239
f 4239 3725 3727
f 4239 3727 4240
f 3727 3729 4240
f 4240 3729 3731
f 4240 3731 4241
f 4241 3731 3733
f 4241 3733 4242
f 4242 3733 4294
f 4242 4294 4280
f 4280 4294 4295
f 4280 4295 4293
f 4293 4296 4287
f 4287 4296 4297
f 4287 4297 4245
f 4245 4297 3721
f 4245 3721 4246
f 4246 3721 3723
f 4246 3723 4238
f 4238 3723 4239
f 3755 3757 4236
f 4236 3757 3759
f 4298 4299 4300
f 4300 4299 4301
f 3749 3751 4280
f 4280 3751 3753
f 4280 3753 4243
f 4243 3753 3755
f 4243 3755 4235
f 4235 3755 4236
f 3761 4302 3679
f 3679 4302 4303
f 3679 4303 3678
f 3678 4303 4298
f 3678 4298 3677
f 3677 4298 4300
f 3677 4300 3676
f 3759 3761 4236
f 4236 3761 3679
f 4236 3679 4237
f 4237 3679 3680
f 4237 3680 3681
f 3735 3737 4304
f 4304 3737 3739
f 4304 3739 4300
f 3739 3741 4300
f 4300 3741 3743
f 4300 3743 3676
f 3676 3743 3745
f 3676 3745 3675
f 3675 3745 3747
f 3675 3747 3674
f 3747 4305 3674
f 3674 4305 4306
f 3674 4306 3673
f 4306 4307 3673
f 3673 4307 4308
f 3673 4308 4279
f 4279 4308 4309
f 4279 3668 3669
f 3669 3670 4279
f 4279 3670 3671
f 4279 3671 3672
f 3667 3668 4310
f 4278 3783 4304
f 4304 3783 3785
f 3785 3787 4304
f 4304 3787 4279
f 4304 4279 3735
f 3735 4279 4309
f 3787 3789 4279
f 4279 3789 4311
f 4279 4311 3668
f 3668 4311 4312
f 3668 4312 4310
f 4310 4313 3667
f 3667 4313 4314
f 3667 4314 3666
f 3666 4314 3777
f 3666 3777 3665
f 3665 3777 3779
f 3665 3779 4278
f 4278 3779 3781
f 4278 3781 3783
f 3717 3719 4281
f 4281 3719 4278
f 4281 4278 4287
f 4287 4278 4304
f 4287 4304 4280
f 4280 4304 4300
f 4280 4300 3749
f 3749 4300 4301
f 3837 3839 3690
f 3694 4315 3693
f 4256 4257 4316
f 4317 3889 4259
f 4318 4319 4320
f 4262 4321 4322
f 4322 4321 4323
f 4322 4324 4262
f 4262 4324 4325
f 4262 4325 4261
f 4261 4325 4326
f 4261 4326 4260
f 4260 4326 4327
f 4260 4327 4259
f 4259 4327 4328
f 4329 4274 4330
f 4330 4274 4331
f 4329 4332 4274
f 4274 4332 4320
f 4274 4320 4275
f 4275 4320 4319
f 4275 4319 4255
f 4255 4319 4318
f 4255 4318 4272
f 4272 4318 4333
f 4272 4333 4334
f 3687 3905 4331
f 4331 3905 3904
f 4331 3904 4330
f 3919 3917 3690
f 3917 3915 3690
f 3690 3915 3913
f 3690 3913 3689
f 3689 3913 3911
f 3689 3911 3688
f 3688 3911 3909
f 3688 3909 3687
f 3687 3909 3907
f 3687 3907 3905
f 3935 3701 4335
f 4328 4336 4259
f 4259 4336 4337
f 4259 4337 4335
f 4335 4337 3937
f 4335 3937 3935
f 3919 4338 3921
f 3921 4338 3699
f 3921 3699 3923
f 3935 3933 3701
f 3701 3933 3931
f 3701 3931 3702
f 3702 3931 3929
f 3702 3929 3682
f 3682 3929 3927
f 3682 3927 3699
f 3699 3927 3925
f 3699 3925 3923
f 3815 3817 4331
f 3807 3809 4274
f 4274 3809 3811
f 4274 3811 4331
f 4331 3811 3813
f 4331 3813 3815
f 4339 4276 4340
f 4340 4276 4277
f 4340 4277 3817
f 4339 4341 4276
f 4276 4341 4342
f 4276 4342 4273
f 4273 4342 4343
f 4273 4343 4274
f 4274 4343 3805
f 4274 3805 3807
f 4269 3883 4268
f 4268 3883 3885
f 3887 4344 4321
f 4321 4344 4345
f 4345 4346 4321
f 4321 4346 4272
f 4321 4272 4323
f 4323 4272 4334
f 4346 4347 4272
f 4272 4347 4348
f 4272 4348 4271
f 4271 4348 3875
f 4271 3875 4270
f 3875 3877 4270
f 4270 3877 3879
f 4270 3879 4269
f 4269 3879 3881
f 4269 3881 3883
f 4264 4265 3797
f 3797 3799 4264
f 4264 3799 3801
f 4264 3801 4263
f 4263 3801 3803
f 4263 3803 4262
f 4262 3803 4349
f 3885 3887 4268
f 4268 3887 4321
f 4268 4321 4267
f 4267 4321 4266
f 4350 4321 4351
f 4351 4321 4262
f 4351 4262 4352
f 4352 4262 4349
f 4350 4353 4321
f 4321 4353 3791
f 4321 3791 4266
f 4266 3791 3793
f 4266 3793 4265
f 4265 3793 3795
f 4265 3795 3797
f 4259 3889 4258
f 4354 4355 4335
f 4335 4355 4356
f 4335 4356 4259
f 4259 4356 4357
f 4259 4357 4317
f 3889 3891 4258
f 4258 3891 3893
f 4258 3893 4257
f 3893 3895 4257
f 4257 3895 3897
f 4257 3897 4316
f 4316 3897 3899
f 4316 3899 4335
f 4335 3899 3901
f 4335 3901 4354
f 3703 3704 4316
f 4316 3704 3706
f 4316 3706 4256
f 4358 4335 4359
f 4359 4335 3701
f 4359 3701 4360
f 4360 3701 4361
f 4358 4362 4335
f 4335 4362 3819
f 4335 3819 4316
f 4316 3819 3821
f 4316 3821 3703
f 3703 3821 3823
f 3823 3825 3703
f 3703 3825 3827
f 3703 3827 3700
f 3700 3827 3829
f 3700 3829 3701
f 3701 3829 3831
f 3701 3831 4361
f 3699 3871 3698
f 3698 3871 3873
f 3698 3873 3697
f 4338 3861 3863
f 4363 3696 4364
f 4364 3696 3697
f 4364 3697 4365
f 4365 3697 3873
f 3863 3865 4338
f 4338 3865 3867
f 4338 3867 3699
f 3699 3867 3869
f 3699 3869 3871
f 3861 4338 4366
f 4366 4338 4315
f 4366 4315 4367
f 4363 4367 3696
f 3696 4367 4315
f 3696 4315 3695
f 3695 4315 3694
f 3919 3690 4338
f 4338 3690 3839
f 4338 3839 3841
f 3692 3693 4368
f 3841 3843 4338
f 4338 3843 3845
f 4338 3845 4315
f 4315 3845 4369
f 4315 4369 3693
f 3693 4369 4370
f 3693 4370 4368
f 4368 4371 3692
f 3692 4371 4372
f 3692 4372 3691
f 3691 4372 3833
f 3691 3833 3690
f 3690 3833 3835
f 3690 3835 3837
f 3857 3859 3687
f 3851 3853 4331
f 3687 3859 3686
f 4331 3853 3687
f 3687 3853 3855
f 3687 3855 3857
f 3684 3685 4373
f 3859 4374 3686
f 3686 4374 4375
f 3686 4375 3685
f 3685 4375 4376
f 3685 4376 4373
f 3817 4277 4331
f 4331 4277 3683
f 4331 3683 3684
f 4373 4377 3684
f 3684 4377 3847
f 3684 3847 4331
f 4331 3847 3849
f 4331 3849 3851
f 3719 3720 4282
f 4282 3720 4378
f 4282 4378 4283
f 4283 4378 4379
f 4283 4379 4284
f 4284 4379 4380
f 4284 4380 4285
f 4285 4380 4381
f 4285 4381 4286
f 4286 4381 4382
f 4286 4382 3707
f 3707 4382 3708
f 3733 3734 4294
f 4294 3734 4383
f 4294 4383 4295
f 4295 4383 4384
f 4295 4384 4293
f 4293 4384 4385
f 4293 4385 4296
f 4296 4385 4386
f 4296 4386 4297
f 4297 4386 4387
f 4297 4387 3721
f 3721 4387 3722
f 3747 3748 4305
f 4305 3748 4388
f 4305 4388 4306
f 4306 4388 4389
f 4306 4389 4307
f 4307 4389 4390
f 4307 4390 4308
f 4308 4390 4391
f 4308 4391 4309
f 4309 4391 4392
f 4309 4392 3735
f 3735 4392 3736
f 3761 3762 4302
f 4302 3762 4393
f 4302 4393 4303
f 4303 4393 4394
f 4303 4394 4298
f 4298 4394 4395
f 4298 4395 4299
f 4299 4395 4396
f 4299 4396 4301
f 4301 4396 4397
f 4301 4397 3749
f 3749 4397 3750
f 3775 3776 4288
f 4288 3776 4398
f 4288 4398 4289
f 4289 4398 4399
f 4289 4399 4290
f 4290 4399 4400
f 4290 4400 4291
f 4291 4400 4401
f 4291 4401 4292
f 4292 4401 4402
f 4292 4402 3763
f 3763 4402 3764
f 3789 3790 4311
f 4311 3790 4403
f 4311 4403 4312
f 4312 4403 4404
f 4312 4404 4310
f 4310 4404 4405
f 4310 4405 4313
f 4313 4405 4406
f 4313 4406 4314
f 4314 4406 4407
f 4314 4407 3777
f 3777 4407 3778
f 3803 3804 4349
f 4349 3804 4408
f 4349 4408 4352
f 4352 4408 4409
f 4352 4409 4351
f 4351 4409 4410
f 4351 4410 4350
f 4350 4410 4411
f 4350 4411 4353
f 4353 4411 4412
f 4353 4412 3791
f 3791 4412 3792
f 3817 3818 4340
f 4340 3818 4413
f 4340 4413 4339
f 4339 4413 4414
f 4339 4414 4341
f 4341 4414 4415
f 4341 4415 4342
f 4342 4415 4416
f 4342 4416 4343
f 4343 4416 4417
f 4343 4417 3805
f 3805 4417 3806
f 3831 3832 4361
f 4361 3832 4418
f 4361 4418 4360
f 4360 4418 4419
f 4360 4419 4359
f 4359 4419 3943
f 4359 3943 4358
f 4358 3943 3942
f 4358 3942 4362
f 4362 3942 3944
f 4362 3944 3819
f 3819 3944 3820
f 3845 3846 4369
f 4369 3846 4420
f 4369 4420 4370
f 4370 4420 4421
f 4370 4421 4368
f 4368 4421 4422
f 4368 4422 4371
f 4371 4422 4423
f 4371 4423 4372
f 4372 4423 4424
f 4372 4424 3833
f 3833 4424 3834
f 3859 3860 4374
f 4374 3860 4425
f 4374 4425 4375
f 4375 4425 4426
f 4375 4426 4376
f 4376 4426 4427
f 4376 4427 4373
f 4373 4427 4428
f 4373 4428 4377
f 4377 4428 4429
f 4377 4429 3847
f 3847 4429 3848
f 3873 3874 4365
f 4365 3874 4430
f 4365 4430 4364
f 4364 4430 4431
f 4364 4431 4363
f 4363 4431 4432
f 4363 4432 4367
f 4367 4432 4433
f 4367 4433 4366
f 4366 4433 4434
f 4366 4434 3861
f 3861 4434 3862
f 3887 3888 4344
f 4344 3888 4435
f 4344 4435 4345
f 4345 4435 4436
f 4345 4436 4346
f 4346 4436 4437
f 4346 4437 4347
f 4347 4437 4438
f 4347 4438 4348
f 4348 4438 4439
f 4348 4439 3875
f 3875 4439 3876
f 3901 3902 4354
f 4354 3902 4440
f 4354 4440 4355
f 4355 4440 4441
f 4355 4441 4356
f 4356 4441 4442
f 4356 4442 4357
f 4357 4442 4443
f 4357 4443 4317
f 4317 4443 4444
f 4317 4444 3889
f 3889 4444 3890
f 3938 3937 4337
f 3938 4337 4445
f 4445 4337 4336
f 4445 4336 4446
f 4446 4336 4328
f 4446 4328 4447
f 4447 4328 4327
f 4447 4327 4448
f 4448 4327 4326
f 4448 4326 4449
f 4449 4326 4325
f 4449 4325 4450
f 4450 4325 4324
f 4450 4324 4451
f 4451 4324 4322
f 4451 4322 4452
f 4452 4322 4323
f 4452 4323 4453
f 4453 4323 4334
f 4453 4334 4454
f 4454 4334 4333
f 4454 4333 4455
f 4455 4333 4318
f 4455 4318 4456
f 4456 4318 4320
f 4456 4320 4457
f 4457 4320 4332
f 4457 4332 4458
f 4458 4332 4329
f 4458 4329 4459
f 4459 4329 4330
f 4459 4330 4460
f 4460 4330 3904
f 4460 3904 3903
f 4381 3718 4382
f 4382 3718 3716
f 4378 3720 4379
f 4379 3720 3718
f 4379 3718 4380
f 4380 3718 4381
f 3710 3708 3712
f 3712 3708 4382
f 3712 4382 3714
f 3714 4382 3716
f 4386 3732 4387
f 4387 3732 3730
f 4383 3734 4384
f 4384 3734 3732
f 4384 3732 4385
f 4385 3732 4386
f 3724 3722 3726
f 3726 3722 4387
f 3726 4387 3728
f 3728 4387 3730
f 4391 3746 4392
f 4392 3746 3744
f 4388 3748 4389
f 4389 3748 3746
f 4389 3746 4390
f 4390 3746 4391
f 3738 3736 3740
f 3740 3736 4392
f 3740 4392 3742
f 3742 4392 3744
f 4396 3760 4397
f 4397 3760 3758
f 4393 3762 4394
f 4394 3762 3760
f 4394 3760 4395
f 4395 3760 4396
f 3752 3750 3754
f 3754 3750 4397
f 3754 4397 3756
f 3756 4397 3758
f 4401 3774 4402
f 4402 3774 3772
f 4398 3776 4399
f 4399 3776 3774
f 4399 3774 4400
f 4400 3774 4401
f 3766 3764 3768
f 3768 3764 4402
f 3768 4402 3770
f 3770 4402 3772
f 4406 3788 4407
f 4407 3788 3786
f 4403 3790 4404
f 4404 3790 3788
f 4404 3788 4405
f 4405 3788 4406
f 3780 3778 3782
f 3782 3778 4407
f 3782 4407 3784
f 3784 4407 3786
f 3939 4411 4410
f 4412 4411 3939
f 3792 4412 3939
f 3939 4408 3804
f 4409 4408 3939
f 4410 4409 3939
f 3940 4416 4415
f 4417 4416 3940
f 3806 4417 3940
f 3940 4413 3818
f 4414 4413 3940
f 4415 4414 3940
f 3941 4418 3832
f 4419 4418 3941
f 3943 4419 3941
f 3941 3828 3826
f 3830 3828 3941
f 3832 3830 3941
f 3945 4423 4422
f 4424 4423 3945
f 3834 4424 3945
f 3945 4420 3846
f 4421 4420 3945
f 4422 4421 3945
f 3946 4428 4427
f 4429 4428 3946
f 3848 4429 3946
f 3946 4425 3860
f 4426 4425 3946
f 4427 4426 3946
f 3947 4433 4432
f 4434 4433 3947
f 3862 4434 3947
f 3947 4430 3874
f 4431 4430 3947
f 4432 4431 3947
f 3948 4438 4437
f 4439 4438 3948
f 3876 4439 3948
f 3948 4435 3888
f 4436 4435 3948
f 4437 4436 3948
f 3949 4443 4442
f 4444 4443 3949
f 3890 4444 3949
f 3949 4440 3902
f 4441 4440 3949
f 4442 4441 3949
f 3967 3938 4445
f 3967 4445 4461
f 4461 4445 4446
f 4461 4446 4462
f 4462 4446 4447
f 4462 4447 4463
f 4463 4447 4448
f 4463 4448 4464
f 4464 4448 4449
f 4464 4449 4465
f 4465 4449 4450
f 4465 4450 4466
f 4466 4450 4451
f 4466 4451 4467
f 4467 4451 4452
f 4467 4452 4468
f 4468 4452 4453
f 4468 4453 4469
f 4469 4453 4454
f 4469 4454 4470
f 4470 4454 4455
f 4470 4455 4471
f 4471 4455 4456
f 4471 4456 4472
f 4472 4456 4457
f 4472 4457 4473
f 4473 4457 4458
f 4473 4458 4474
f 4474 4458 4459
f 4474 4459 4475
f 4475 4459 4460
f 4475 4460 4476
f 4476 4460 3903
f 4476 3903 3950
f 3992 4463 3990
f 3990 4463 4464
f 3990 4464 3988
f 3988 4464 4465
f 3988 4465 3986
f 3986 4465 4466
f 3986 4466 3984
f 4477 3964 4478
f 4478 3964 3965
f 4478 3965 4479
f 4479 3965 3966
f 4479 3966 3996
f 3996 3966 3967
f 3996 3967 3994
f 3994 3967 4461
f 3994 4461 3992
f 3992 4461 4462
f 3992 4462 4463
f 4480 3958 4481
f 4481 3958 3959
f 4481 3959 4482
f 4482 3959 3960
f 4482 3960 4483
f 4483 3960 3961
f 4483 3961 4484
f 4484 3961 3962
f 4484 3962 4477
f 4477 3962 3963
f 4477 3963 3964
f 3974 4474 3972
f 3972 4474 4475
f 3972 4475 3970
f 3970 4475 4476
f 3970 4476 3968
f 3968 4476 3950
f 3968 3950 4485
f 4485 3950 3951
f 4485 3951 4486
f 4466 4467 3984
f 3984 4467 4468
f 3984 4468 3982
f 3982 4468 4469
f 3982 4469 3980
f 3980 4469 4470
f 3980 4470 3978
f 3978 4470 4471
f 3978 4471 3976
f 3976 4471 4472
f 3976 4472 3974
f 3974 4472 4473
f 3974 4473 4474
f 3951 3952 4486
f 4486 3952 3953
f 4486 3953 4487
f 4487 3953 3954
f 4487 3954 4488
f 4488 3954 3955
f 4488 3955 4489
f 4489 3955 3956
f 4489 3956 4480
f 4480 3956 3957
f 4480 3957 3958
f 3996 3997 4479
f 4479 3997 4490
f 4479 4490 4478
f 4478 4490 4491
f 4478 4491 4477
f 4477 4491 4492
f 4477 4492 4484
f 4484 4492 4493
f 4484 4493 4483
f 4483 4493 4494
f 4483 4494 4482
f 4482 4494 4495
f 4482 4495 4481
f 4481 4495 4496
f 4481 4496 4480
f 4480 4496 4497
f 4480 4497 4489
f 4489 4497 4498
f 4489 4498 4488
f 4488 4498 4499
f 4488 4499 4487
f 4487 4499 4500
f 4487 4500 4486
f 4486 4500 4501
f 4486 4501 4485
f 4485 4501 4502
f 4485 4502 3968
f 3968 4502 3969
f 4503 3981 4504
f 4504 3981 3979
f 4504 3979 4505
f 4505 3979 3977
f 4505 3977 4506
f 4506 3977 3975
f 4506 3975 4507
f 4507 3975 3973
f 4507 3973 4508
f 4508 3973 3971
f 4508 3971 3999
f 3999 3971 3969
f 3999 3969 4000
f 4000 3969 4502
f 4000 4502 4002
f 4002 4502 4501
f 4002 4501 4004
f 4004 4501 4500
f 4004 4500 4006
f 4006 4500 4499
f 4006 4499 4008
f 4008 4499 4498
f 4008 4498 4010
f 4010 4498 4497
f 4010 4497 4012
f 4012 4497 4496
f 4012 4496 4014
f 4014 4496 4495
f 4014 4495 4016
f 4016 4495 4494
f 4016 4494 4018
f 4018 4494 4493
f 4018 4493 4020
f 4020 4493 4492
f 4020 4492 4022
f 4022 4492 4491
f 4022 4491 4024
f 4024 4491 4490
f 4024 4490 4026
f 4026 4490 3997
f 4026 3997 4509
f 4509 3997 3995
f 4509 3995 4510
f 4510 3995 3993
f 4510 3993 4511
f 4511 3993 3991
f 4511 3991 4512
f 4512 3991 3989
f 4512 3989 4513
f 4513 3989 3987
f 4513 3987 4514
f 4514 3987 3985
f 4514 3985 4515
f 4515 3985 3983
f 4515 3983 4503
f 4503 3983 3981
f 4027 4026 4509
f 4027 4509 4516
f 4516 4509 4510
f 4516 4510 4517
f 4517 4510 4511
f 4517 4511 4518
f 4518 4511 4512
f 4518 4512 4519
f 4519 4512 4513
f 4519 4513 4520
f 4520 4513 4514
f 4520 4514 4521
f 4521 4514 4515
f 4521 4515 4029
f 4029 4515 4503
f 4029 4503 4030
f 4030 4503 4504
f 4030 4504 4032
f 4032 4504 4505
f 4032 4505 4034
f 4034 4505 4506
f 4034 4506 4036
f 4036 4506 4507
f 4036 4507 4038
f 4038 4507 4508
f 4038 4508 4040
f 4040 4508 3999
f 4040 3999 3998
f 4049 4013 4015
f 4049 4015 4522
f 4522 4015 4017
f 4522 4017 4523
f 4523 4017 4019
f 4523 4019 4524
f 4524 4019 4021
f 4524 4021 4525
f 4525 4021 4023
f 4525 4023 4526
f 4526 4023 4025
f 4526 4025 4527
f 4527 4025 4027
f 4527 4027 4528
f 4528 4027 4516
f 4528 4516 4529
f 4529 4516 4517
f 4529 4517 4530
f 4530 4517 4531
f 4531 4517 4518
f 4531 4518 4532
f 4532 4518 4519
f 4532 4519 4533
f 4533 4519 4520
f 4533 4520 4534
f 4534 4520 4521
f 4534 4521 4535
f 4535 4521 4029
f 4535 4029 4028
f 4153 4536 4039
f 4042 4149 4151
f 4149 4042 4147
f 4147 4042 4537
f 4147 4537 4145
f 4153 4039 4151
f 4151 4039 4041
f 4151 4041 4042
f 4145 4537 4143
f 4143 4537 4538
f 4143 4538 4140
f 4539 4540 4541
f 4541 4540 4542
f 4541 4542 4543
f 4544 4545 4546
f 4546 4545 4547
f 4129 4548 4126
f 4126 4548 4549
f 4126 4549 4550
f 4129 4131 4548
f 4548 4131 4133
f 4548 4133 4551
f 4133 4135 4551
f 4551 4135 4137
f 4551 4137 4139
f 4552 4111 4538
f 4538 4111 4543
f 4538 4543 4140
f 4140 4543 4542
f 4111 4109 4543
f 4543 4109 4107
f 4543 4107 4553
f 4554 4555 4556
f 4556 4555 4557
f 4558 4559 4554
f 4554 4559 4560
f 4554 4560 4555
f 4093 4561 4562
f 4562 4561 4563
f 4562 4563 4558
f 4558 4563 4564
f 4558 4564 4559
f 4095 4551 4545
f 4545 4551 4139
f 4545 4139 4547
f 4565 4099 4545
f 4545 4099 4097
f 4545 4097 4095
f 4107 4105 4553
f 4553 4105 4103
f 4553 4103 4565
f 4565 4103 4101
f 4565 4101 4099
f 4526 4527 4088
f 4088 4527 4548
f 4088 4548 4086
f 4566 4562 4567
f 4567 4562 4568
f 4566 4078 4562
f 4562 4078 4551
f 4562 4551 4093
f 4093 4551 4095
f 4078 4080 4551
f 4551 4080 4082
f 4551 4082 4548
f 4548 4082 4084
f 4548 4084 4086
f 4090 4569 4570
f 4570 4569 4571
f 4570 4571 4568
f 4062 4572 4573
f 4573 4572 4574
f 4573 4574 4575
f 4060 4537 4058
f 4058 4537 4056
f 4056 4537 4054
f 4054 4537 4042
f 4054 4042 4052
f 4052 4042 4043
f 4052 4043 4050
f 4050 4043 4044
f 4050 4044 4576
f 4577 4534 4578
f 4578 4534 4076
f 4578 4076 4579
f 4580 4581 4582
f 4582 4581 4578
f 4582 4578 4583
f 4583 4578 4579
f 4584 4064 4033
f 4033 4064 4066
f 4033 4066 4031
f 4031 4066 4068
f 4031 4068 4028
f 4028 4068 4070
f 4028 4070 4535
f 4535 4070 4072
f 4535 4072 4534
f 4534 4072 4074
f 4534 4074 4076
f 4549 4531 4585
f 4585 4531 4532
f 4585 4532 4577
f 4577 4532 4533
f 4577 4533 4534
f 4527 4528 4548
f 4548 4528 4529
f 4548 4529 4549
f 4549 4529 4530
f 4549 4530 4531
f 4586 4587 4588
f 4588 4587 4589
f 4588 4589 4590
f 4586 4591 4587
f 4587 4591 4523
f 4587 4523 4592
f 4592 4523 4524
f 4592 4524 4593
f 4593 4524 4525
f 4593 4525 4526
f 4591 4112 4523
f 4523 4112 4115
f 4523 4115 4522
f 4522 4115 4117
f 4522 4117 4049
f 4049 4117 4119
f 4049 4119 4048
f 4048 4119 4121
f 4048 4121 4047
f 4121 4123 4047
f 4047 4123 4125
f 4047 4125 4589
f 4589 4125 4594
f 4589 4594 4590
f 4045 4046 4595
f 4595 4046 4047
f 4595 4047 4596
f 4596 4047 4589
f 4580 4584 4581
f 4581 4584 4033
f 4581 4033 4597
f 4597 4033 4035
f 4597 4035 4598
f 4598 4035 4037
f 4598 4037 4039
f 4060 4062 4537
f 4537 4062 4573
f 4537 4573 4538
f 4538 4573 4556
f 4538 4556 4552
f 4552 4556 4557
f 4536 4599 4039
f 4039 4599 4539
f 4039 4539 4598
f 4598 4539 4541
f 4598 4541 4597
f 4597 4541 4543
f 4597 4543 4581
f 4581 4543 4553
f 4581 4553 4578
f 4578 4553 4565
f 4578 4565 4577
f 4577 4565 4545
f 4577 4545 4585
f 4585 4545 4544
f 4585 4544 4549
f 4549 4544 4600
f 4549 4600 4550
f 4088 4090 4526
f 4526 4090 4570
f 4526 4570 4593
f 4593 4570 4568
f 4593 4568 4592
f 4592 4568 4562
f 4592 4562 4587
f 4587 4562 4558
f 4587 4558 4589
f 4589 4558 4554
f 4589 4554 4596
f 4596 4554 4556
f 4596 4556 4595
f 4595 4556 4573
f 4595 4573 4045
f 4045 4573 4575
f 4045 4575 4044
f 4044 4575 4601
f 4044 4601 4576
f 4062 4063 4572
f 4572 4063 4602
f 4572 4602 4574
f 4574 4602 4603
f 4574 4603 4575
f 4575 4603 4604
f 4575 4604 4601
f 4601 4604 4605
f 4601 4605 4576
f 4576 4605 4606
f 4576 4606 4050
f 4050 4606 4051
f 4076 4077 4579
f 4579 4077 4607
f 4579 4607 4583
f 4583 4607 4608
f 4583 4608 4582
f 4582 4608 4609
f 4582 4609 4580
f 4580 4609 4610
f 4580 4610 4584
f 4584 4610 4611
f 4584 4611 4064
f 4064 4611 4065
f 4090 4091 4569
f 4569 4091 4612
f 4569 4612 4571
f 4571 4612 4613
f 4571 4613 4568
f 4568 4613 4614
f 4568 4614 4567
f 4567 4614 4615
f 4567 4615 4566
f 4566 4615 4616
f 4566 4616 4078
f 4078 4616 4079
f 4110 4111 4617
f 4617 4111 4552
f 4617 4552 4618
f 4618 4552 4557
f 4618 4557 4619
f 4619 4557 4555
f 4619 4555 4620
f 4620 4555 4560
f 4620 4560 4621
f 4621 4560 4559
f 4621 4559 4622
f 4622 4559 4564
f 4622 4564 4623
f 4623 4564 4563
f 4623 4563 4624
f 4624 4563 4561
f 4624 4561 4092
f 4092 4561 4093
f 4125 4124 4625
f 4125 4625 4594
f 4594 4625 4626
f 4594 4626 4590
f 4590 4626 4627
f 4590 4627 4588
f 4588 4627 4628
f 4588 4628 4586
f 4586 4628 4629
f 4586 4629 4591
f 4591 4629 4113
f 4591 4113 4112
f 4139 4138 4630
f 4139 4630 4547
f 4547 4630 4631
f 4547 4631 4546
f 4546 4631 4632
f 4546 4632 4544
f 4544 4632 4633
f 4544 4633 4600
f 4600 4633 4634
f 4600 4634 4550
f 4550 4634 4127
f 4550 4127 4126
f 4153 4152 4635
f 4153 4635 4536
f 4536 4635 4636
f 4536 4636 4599
f 4599 4636 4637
f 4599 4637 4539
f 4539 4637 4638
f 4539 4638 4540
f 4540 4638 4639
f 4540 4639 4542
f 4542 4639 4141
f 4542 4141 4140
f 4061 4059 4051
f 4061 4051 4063
f 4063 4051 4606
f 4063 4606 4605
f 4059 4057 4051
f 4051 4057 4055
f 4051 4055 4053
f 4605 4604 4063
f 4063 4604 4603
f 4063 4603 4602
f 4075 4073 4065
f 4075 4065 4077
f 4077 4065 4611
f 4077 4611 4610
f 4073 4071 4065
f 4065 4071 4069
f 4065 4069 4067
f 4610 4609 4077
f 4077 4609 4608
f 4077 4608 4607
f 4089 4087 4079
f 4089 4079 4091
f 4091 4079 4616
f 4091 4616 4615
f 4087 4085 4079
f 4079 4085 4083
f 4079 4083 4081
f 4615 4614 4091
f 4091 4614 4613
f 4091 4613 4612
f 4092 4163 4624
f 4624 4163 4640
f 4624 4640 4623
f 4623 4640 4641
f 4623 4641 4622
f 4622 4641 4642
f 4622 4642 4621
f 4621 4642 4643
f 4621 4643 4620
f 4620 4643 4644
f 4620 4644 4619
f 4619 4644 4645
f 4619 4645 4618
f 4618 4645 4646
f 4618 4646 4617
f 4617 4646 4647
f 4617 4647 4110
f 4110 4647 4154
f 4629 4628 4113
f 4113 4628 4627
f 4122 4120 4124
f 4124 4120 4118
f 4625 4124 4626
f 4626 4124 4118
f 4626 4118 4627
f 4627 4118 4116
f 4627 4116 4113
f 4113 4116 4114
f 4634 4633 4127
f 4127 4633 4632
f 4136 4134 4138
f 4138 4134 4132
f 4630 4138 4631
f 4631 4138 4132
f 4631 4132 4632
f 4632 4132 4130
f 4632 4130 4127
f 4127 4130 4128
f 4639 4638 4141
f 4141 4638 4637
f 4150 4148 4152
f 4152 4148 4146
f 4635 4152 4636
f 4636 4152 4146
f 4636 4146 4637
f 4637 4146 4144
f 4637 4144 4141
f 4141 4144 4142
f 4648 4649 4161
f 4172 4641 4174
f 4174 4641 4640
f 4174 4640 4176
f 4176 4640 4163
f 4176 4163 4649
f 4649 4163 4162
f 4649 4162 4161
f 4168 4644 4170
f 4170 4644 4643
f 4170 4643 4172
f 4172 4643 4642
f 4172 4642 4641
f 4650 4156 4651
f 4651 4156 4155
f 4651 4155 4165
f 4165 4155 4154
f 4165 4154 4166
f 4161 4160 4648
f 4648 4160 4159
f 4648 4159 4652
f 4652 4159 4158
f 4652 4158 4650
f 4650 4158 4157
f 4650 4157 4156
f 4154 4647 4166
f 4166 4647 4646
f 4166 4646 4168
f 4168 4646 4645
f 4168 4645 4644
f 4177 4176 4649
f 4177 4649 4653
f 4653 4649 4648
f 4653 4648 4654
f 4654 4648 4652
f 4654 4652 4655
f 4655 4652 4650
f 4655 4650 4656
f 4656 4650 4651
f 4656 4651 4657
f 4657 4651 4165
f 4657 4165 4164
f 4184 4177 4653
f 4184 4653 4658
f 4658 4653 4654
f 4658 4654 4659
f 4659 4654 4655
f 4659 4655 4660
f 4660 4655 4656
f 4660 4656 4661
f 4661 4656 4657
f 4661 4657 4662
f 4662 4657 4164
f 4662 4164 4178
f 4663 4179 4664
f 4664 4179 4180
f 4664 4180 4665
f 4665 4180 4181
f 4665 4181 4666
f 4666 4181 4182
f 4666 4182 4667
f 4667 4182 4183
f 4667 4183 4197
f 4197 4183 4184
f 4197 4184 4195
f 4195 4184 4658
f 4195 4658 4193
f 4193 4658 4659
f 4193 4659 4191
f 4191 4659 4660
f 4191 4660 4189
f 4189 4660 4661
f 4189 4661 4187
f 4187 4661 4662
f 4187 4662 4185
f 4185 4662 4178
f 4185 4178 4663
f 4663 4178 4179
f 4197 4198 4667
f 4667 4198 4668
f 4667 4668 4666
f 4666 4668 4669
f 4666 4669 4665
f 4665 4669 4670
f 4665 4670 4664
f 4664 4670 4671
f 4664 4671 4663
f 4663 4671 4672
f 4663 4672 4185
f 4185 4672 4186
f 4188 4186 4672
f 4668 4198 4196
f 4670 4669 4668
f 4192 4190 4188
f 4670 4668 4671
f 4671 4668 4672
f 4672 4668 4196
f 4672 4196 4188
f 4188 4196 4194
f 4188 4194 4192
f 4673 4674 4675
f 4675 4674 4676
f 4675 4676 4677
f 4677 4676 4678
f 4677 4678 4679
f 4679 4678 4680
f 4679 4680 4681
f 4681 4680 4682
f 4681 4682 4683
f 4683 4682 4684
f 4683 4684 4685
f 4685 4684 4686
f 4687 4688 4689
f 4689 4688 4690
f 4689 4690 4691
f 4691 4690 4692
f 4691 4692 4693
f 4693 4692 4694
f 4693 4694 4695
f 4695 4694 4696
f 4695 4696 4697
f 4697 4696 4698
f 4697 4698 4699
f 4699 4698 4700
f 4701 4702 4703
f 4701 4703 4704
f 4704 4703 4705
f 4704 4705 4706
f 4706 4705 4707
f 4706 4707 4708
f 4708 4707 4709
f 4708 4709 4710
f 4710 4709 4711
f 4710 4711 4712
f 4712 4711 4713
f 4712 4713 4714
f 4714 4713 4715
f 4714 4715 4716
f 4717 4718 4719
f 4717 4719 4720
f 4720 4719 4721
f 4720 4721 4722
f 4722 4721 4723
f 4722 4723 4724
f 4724 4723 4725
f 4724 4725 4726
f 4726 4725 4727
f 4726 4727 4728
f 4728 4727 4729
f 4728 4729 4730
f 4730 4729 4731
f 4730 4731 4732
f 4732 4731 4733
f 4732 4733 4734
f 4734 4733 4735
f 4734 4735 4736
f 4736 4735 4737
f 4736 4737 4738
f 4738 4737 4739
f 4738 4739 4740
f 4740 4739 4741
f 4740 4741 4742
f 4742 4741 4743
f 4742 4743 4744
f 4744 4743 4745
f 4744 4745 4746
f 4746 4745 4747
f 4746 4747 4748
f 4748 4747 4749
f 4748 4749 4750
f 4750 4749 4751
f 4750 4751 4752
f 4752 4751 4753
f 4752 4753 4754
f 4754 4753 4702
f 4754 4702 4701
f 4755 4673 4756
f 4756 4673 4675
f 4756 4675 4757
f 4757 4675 4677
f 4757 4677 4758
f 4758 4677 4679
f 4758 4679 4759
f 4759 4679 4681
f 4759 4681 4760
f 4760 4681 4683
f 4760 4683 4761
f 4761 4683 4685
f 4762 4687 4763
f 4763 4687 4689
f 4763 4689 4764
f 4764 4689 4691
f 4764 4691 4765
f 4765 4691 4693
f 4765 4693 4766
f 4766 4693 4695
f 4766 4695 4767
f 4767 4695 4697
f 4767 4697 4768
f 4768 4697 4699
f 4769 4715 4713
f 4769 4770 4771
f 4771 4770 4772
f 4773 4774 4772
f 4772 4774 4775
f 4772 4775 4771
f 4776 4777 4778
f 4778 4777 4779
f 4778 4779 4773
f 4773 4779 4780
f 4773 4780 4774
f 4776 4778 4781
f 4781 4778 4782
f 4781 4782 4783
f 4784 4785 4782
f 4782 4785 4786
f 4782 4786 4783
f 4787 4788 4784
f 4784 4788 4789
f 4784 4789 4785
f 4790 4791 4792
f 4792 4791 4793
f 4792 4793 4787
f 4787 4793 4794
f 4787 4794 4788
f 4790 4792 4795
f 4795 4792 4796
f 4795 4796 4797
f 4797 4796 4798
f 4797 4798 4799
f 4799 4798 4800
f 4799 4800 4801
f 4801 4800 4802
f 4801 4802 4803
f 4803 4802 4804
f 4803 4804 4805
f 4805 4804 4806
f 4805 4806 4718
f 4769 4713 4770
f 4770 4713 4711
f 4770 4711 4807
f 4807 4711 4709
f 4807 4709 4808
f 4808 4709 4707
f 4808 4707 4809
f 4809 4707 4705
f 4809 4705 4810
f 4810 4705 4703
f 4810 4703 4811
f 4811 4703 4702
f 4811 4702 4812
f 4813 4755 4814
f 4814 4755 4756
f 4814 4756 4815
f 4815 4756 4757
f 4815 4757 4816
f 4816 4757 4758
f 4816 4758 4817
f 4817 4758 4759
f 4817 4759 4818
f 4818 4759 4760
f 4818 4760 4819
f 4819 4760 4761
f 4820 4762 4821
f 4821 4762 4763
f 4821 4763 4822
f 4822 4763 4764
f 4822 4764 4823
f 4823 4764 4765
f 4823 4765 4824
f 4824 4765 4766
f 4824 4766 4825
f 4825 4766 4767
f 4825 4767 4826
f 4826 4767 4768
f 4827 4828 4829
f 4830 4831 4832
f 4832 4831 4833
f 4833 4831 4834
f 4833 4834 4835
f 4836 4837 4838
f 4836 4838 4839
f 4838 4827 4839
f 4839 4827 4829
f 4839 4829 4840
f 4840 4829 4841
f 4840 4841 4842
f 4842 4841 4843
f 4842 4843 4844
f 4844 4843 4845
f 4844 4845 4846
f 4846 4845 4847
f 4846 4847 4848
f 4848 4847 4849
f 4848 4849 4850
f 4850 4849 4851
f 4850 4851 4852
f 4852 4851 4853
f 4852 4853 4854
f 4854 4853 4855
f 4854 4855 4856
f 4856 4855 4857
f 4856 4857 4858
f 4858 4857 4859
f 4858 4859 4860
f 4860 4859 4861
f 4860 4861 4862
f 4862 4861 4863
f 4862 4863 4864
f 4864 4863 4865
f 4864 4865 4866
f 4866 4865 4867
f 4866 4867 4868
f 4868 4867 4869
f 4868 4869 4870
f 4870 4869 4871
f 4870 4871 4832
f 4832 4871 4872
f 4832 4872 4830
f 4873 4874 4875
f 4876 4873 4877
f 4877 4873 4875
f 4877 4875 4878
f 4874 4879 4875
f 4875 4879 4880
f 4875 4880 4881
f 4882 4883 4884
f 4885 4886 4887
f 4887 4886 4888
f 4887 4888 4889
f 4889 4888 4890
f 4891 4892 4890
f 4890 4892 4893
f 4890 4893 4889
f 4894 4895 4891
f 4891 4895 4896
f 4891 4896 4892
f 4897 4898 4894
f 4894 4898 4899
f 4894 4899 4895
f 4900 4901 4897
f 4897 4901 4902
f 4897 4902 4898
f 4903 4904 4900
f 4900 4904 4905
f 4900 4905 4901
f 4906 4907 4903
f 4903 4907 4908
f 4903 4908 4904
f 4909 4910 4906
f 4906 4910 4911
f 4906 4911 4907
f 4880 4912 4881
f 4881 4912 4913
f 4881 4913 4909
f 4909 4913 4914
f 4909 4914 4910
f 4884 4915 4882
f 4882 4915 4916
f 4882 4916 4917
f 4916 4918 4917
f 4917 4918 4919
f 4917 4919 4920
f 4919 4921 4920
f 4920 4921 4922
f 4920 4922 4923
f 4922 4924 4923
f 4923 4924 4925
f 4923 4925 4926
f 4925 4927 4926
f 4926 4927 4928
f 4926 4928 4929
f 4928 4930 4929
f 4929 4930 4931
f 4929 4931 4932
f 4931 4933 4932
f 4932 4933 4934
f 4932 4934 4935
f 4934 4936 4935
f 4935 4936 4937
f 4935 4937 4938
f 4937 4939 4938
f 4938 4939 4940
f 4938 4940 4875
f 4875 4940 4941
f 4875 4941 4878
f 4942 4943 4944
f 4942 4944 4945
f 4945 4944 4946
f 4945 4946 4947
f 4947 4946 4948
f 4947 4948 4949
f 4949 4948 4950
f 4950 4948 4951
f 4950 4951 4952
f 4952 4951 4953
f 4952 4953 4954
f 4954 4953 4955
f 4954 4955 4956
f 4957 4958 4959
f 4959 4958 4960
f 4959 4960 4961
f 4961 4960 4962
f 4961 4962 4963
f 4963 4962 4964
f 4965 4966 4967
f 4967 4966 4968
f 4967 4968 4969
f 4969 4968 4970
f 4969 4970 4971
f 4710 4972 4708
f 4708 4972 4973
f 4708 4973 4706
f 4706 4973 4704
f 4974 4975 4976
f 4976 4975 4977
f 4976 4977 4971
f 4971 4977 4978
f 4971 4978 4969
f 4979 4980 4981
f 4981 4980 4982
f 4981 4982 4716
f 4716 4982 4983
f 4716 4983 4714
f 4714 4983 4984
f 4714 4984 4712
f 4712 4984 4710
f 4973 4985 4704
f 4704 4985 4986
f 4704 4986 4701
f 4701 4986 4700
f 4701 4700 4754
f 4720 4722 4680
f 4680 4722 4724
f 4680 4724 4682
f 4682 4724 4726
f 4682 4726 4728
f 4987 4988 4989
f 4989 4988 4990
f 4989 4990 4965
f 4965 4990 4991
f 4965 4991 4966
f 4700 4698 4754
f 4754 4698 4696
f 4754 4696 4752
f 4752 4696 4694
f 4744 4746 4692
f 4692 4746 4748
f 4692 4748 4694
f 4694 4748 4750
f 4694 4750 4752
f 4680 4678 4720
f 4720 4678 4676
f 4720 4676 4717
f 4717 4676 4674
f 4717 4674 4974
f 4974 4674 4992
f 4974 4992 4975
f 4993 4994 4972
f 4995 4996 4978
f 4978 4996 4997
f 4972 4994 4998
f 4732 4734 4690
f 4690 4734 4736
f 4736 4738 4690
f 4690 4738 4740
f 4690 4740 4692
f 4692 4740 4742
f 4692 4742 4744
f 4710 4984 4972
f 4972 4984 4999
f 4972 4999 4993
f 4997 5000 4978
f 4978 5000 5001
f 4978 5001 4969
f 4994 5002 4998
f 4998 5002 5003
f 4998 5003 5004
f 4728 4730 4682
f 4682 4730 4732
f 4682 4732 4684
f 4684 4732 4690
f 4684 4690 4686
f 4686 4690 4688
f 4686 4688 5005
f 5005 4688 4998
f 5005 4998 4978
f 4978 4998 5004
f 4978 5004 4995
f 4685 4686 5006
f 5006 4686 5005
f 5006 5005 5007
f 5007 5005 4978
f 5007 4978 5008
f 5008 4978 4977
f 5008 4977 5009
f 5009 4977 4975
f 5009 4975 5010
f 5010 4975 4992
f 5010 4992 4673
f 4673 4992 4674
f 4699 4700 5011
f 5011 4700 4986
f 5011 4986 5012
f 5012 4986 4985
f 5012 4985 5013
f 5013 4985 4973
f 5013 4973 5014
f 5014 4973 4972
f 5014 4972 5015
f 5015 4972 4998
f 5015 4998 4687
f 4687 4998 4688
f 4965 4967 5016
f 5016 4967 5017
f 4991 4790 4795
f 4991 4795 4966
f 4966 4795 4797
f 4966 4797 4968
f 4968 4797 4799
f 4968 4799 4970
f 4970 4799 4801
f 4970 4801 4971
f 4971 4801 4803
f 4971 4803 4976
f 4976 4803 4805
f 4976 4805 4974
f 4974 4805 4718
f 4974 4718 4717
f 5018 5019 4983
f 4983 5019 4984
f 5020 5004 5021
f 5021 5004 5003
f 5021 5003 5022
f 5022 5003 5002
f 5022 5002 5023
f 5023 5002 4994
f 5023 4994 5024
f 5024 4994 4993
f 5024 4993 5025
f 5025 4993 4999
f 5025 4999 5019
f 5019 4999 4984
f 4995 5004 5026
f 5026 5004 5020
f 5017 4967 5027
f 5027 4967 4969
f 5027 4969 5028
f 5028 4969 5001
f 5028 5001 5029
f 5029 5001 5000
f 5029 5000 5030
f 5030 5000 4997
f 5030 4997 5031
f 5031 4997 4996
f 5031 4996 5026
f 5026 4996 4995
f 4761 4685 5032
f 5032 4685 5006
f 5032 5006 5033
f 5033 5006 5007
f 5033 5007 5034
f 5034 5007 5008
f 5034 5008 5035
f 5035 5008 5009
f 5035 5009 5036
f 5036 5009 5010
f 5036 5010 4755
f 4755 5010 4673
f 4768 4699 5037
f 5037 4699 5011
f 5037 5011 5038
f 5038 5011 5012
f 5038 5012 5039
f 5039 5012 5013
f 5039 5013 5040
f 5040 5013 5014
f 5040 5014 5041
f 5041 5014 5015
f 5041 5015 4762
f 4762 5015 4687
f 5042 5043 5044
f 5044 5043 5016
f 5044 5016 5045
f 5045 5016 5017
f 4812 4702 4753
f 4812 4753 5046
f 5046 4753 4751
f 5046 4751 5047
f 5047 4751 4749
f 5047 4749 5048
f 5048 4749 4747
f 5048 4747 5049
f 5049 4747 4745
f 5049 4745 5050
f 5050 4745 4743
f 5050 4743 5051
f 5051 4743 4741
f 5051 4741 5052
f 5052 4741 4739
f 5052 4739 5053
f 5053 4739 4737
f 5053 4737 5054
f 5054 4737 4735
f 5054 4735 5055
f 5055 4735 4733
f 5055 4733 5056
f 5056 4733 4731
f 5056 4731 5057
f 5057 4731 4729
f 5057 4729 5058
f 5058 4729 4727
f 5058 4727 5059
f 5059 4727 4725
f 5059 4725 5060
f 5060 4725 4723
f 5060 4723 5061
f 5061 4723 4721
f 5061 4721 5062
f 5062 4721 4719
f 5062 4719 5063
f 5063 4719 4718
f 5063 4718 4806
f 5064 5065 5066
f 5067 5019 5066
f 5066 5019 5018
f 5066 5018 5064
f 5068 5020 5021
f 5068 5021 5069
f 5021 5022 5069
f 5069 5022 5023
f 5069 5023 5070
f 5019 5067 5025
f 5025 5067 5070
f 5025 5070 5024
f 5024 5070 5023
f 5071 5072 5073
f 5020 5068 5074
f 5074 5075 5020
f 5020 5075 5071
f 5020 5071 5026
f 5026 5071 5073
f 5045 5017 5027
f 5045 5027 5076
f 5027 5028 5076
f 5076 5028 5029
f 5076 5029 5077
f 5026 5073 5031
f 5031 5073 5077
f 5031 5077 5030
f 5030 5077 5029
f 4819 4761 5078
f 5078 4761 5032
f 5078 5032 5079
f 5079 5032 5033
f 5079 5033 5080
f 5080 5033 5034
f 5080 5034 5081
f 5081 5034 5035
f 5081 5035 5082
f 5082 5035 5036
f 5082 5036 4813
f 4813 5036 4755
f 4826 4768 5083
f 5083 4768 5037
f 5083 5037 5084
f 5084 5037 5038
f 5084 5038 5085
f 5085 5038 5039
f 5085 5039 5086
f 5086 5039 5040
f 5086 5040 5087
f 5087 5040 5041
f 5087 5041 4820
f 4820 5041 4762
f 5088 5089 5090
f 5090 5091 5088
f 5088 5091 5092
f 5088 5092 4790
f 4790 5092 5093
f 4790 5093 4791
f 5094 5095 5096
f 5096 5095 5016
f 5096 5016 5043
f 5096 5097 5094
f 5094 5097 5098
f 5094 5098 5089
f 5089 5098 5099
f 5089 5099 5090
f 5076 5100 5045
f 5045 5100 5101
f 5045 5101 5044
f 5044 5101 5102
f 5072 5103 5073
f 5073 5103 5104
f 5073 5104 5077
f 5077 5104 5105
f 5077 5105 5076
f 5076 5105 5106
f 5076 5106 5100
f 5102 5107 5108
f 5109 5110 5111
f 4833 4835 5112
f 5112 4835 5109
f 5113 5114 5115
f 4837 4836 5115
f 5115 4836 5116
f 5116 4878 4941
f 5044 4925 5042
f 5042 4925 4924
f 5042 4924 5117
f 4924 4922 5117
f 5117 4922 4921
f 5117 4921 5118
f 4916 5119 4918
f 4918 5119 5118
f 4918 5118 4919
f 4919 5118 4921
f 5120 5121 4884
f 4884 5121 5119
f 4884 5119 4915
f 4915 5119 4916
f 5120 5122 5121
f 5121 5122 5123
f 5121 5123 5124
f 5123 5125 5124
f 5124 5125 5126
f 5124 5126 5127
f 5128 5129 5130
f 5130 5066 5131
f 5131 5066 5065
f 5131 5065 5132
f 5132 5065 5127
f 5132 5127 5133
f 5133 5127 5126
f 5116 4941 5115
f 5115 4941 4940
f 5115 4940 5113
f 5113 4940 4939
f 5113 4939 5134
f 4939 4937 5134
f 5134 4937 4936
f 5134 4936 5135
f 4936 4934 5135
f 5135 4934 4933
f 5135 4933 5136
f 4933 4931 5136
f 5136 4931 4930
f 5136 4930 5137
f 5044 5102 4925
f 4925 5102 5108
f 4925 5108 4927
f 4927 5108 5137
f 4927 5137 4928
f 4928 5137 4930
f 5130 5131 5128
f 5128 5131 5138
f 5128 5138 5139
f 5138 5140 5139
f 5139 5140 5141
f 5139 5141 5142
f 5141 5143 5142
f 5142 5143 5144
f 5142 5144 5145
f 5144 5146 5145
f 5145 5146 5147
f 5145 5147 5148
f 5149 5112 5150
f 5150 5112 5109
f 5150 5109 5151
f 5151 5109 5111
f 5151 5111 5152
f 5152 5111 5148
f 5152 5148 5153
f 5153 5148 5147
f 5054 5055 4886
f 4883 4782 4778
f 4886 5154 5054
f 5054 5154 5155
f 5054 5155 5053
f 5053 5155 5156
f 5053 5156 5052
f 5052 5156 5157
f 5052 5157 5051
f 5051 5157 5158
f 5051 5158 5050
f 5050 5158 5159
f 5050 5159 5049
f 5049 5159 5160
f 5049 5160 5048
f 5048 5160 5161
f 5048 5161 5047
f 5047 5161 5162
f 5047 5162 5046
f 5046 5162 5163
f 5046 5163 4812
f 4812 5163 5164
f 4812 5164 4811
f 4811 5164 5165
f 4811 5165 4810
f 4810 5165 5166
f 4810 5166 4809
f 4809 5166 5167
f 4809 5167 4808
f 4808 5167 5168
f 4808 5168 4807
f 4807 5168 5169
f 4807 5169 4770
f 4770 5169 5170
f 4770 5170 4772
f 4772 5170 5171
f 4772 5171 4773
f 4773 5171 5172
f 4773 5172 4778
f 4778 5172 5173
f 4778 5173 4883
f 4883 4882 4782
f 4782 4882 4917
f 4782 4917 4784
f 4784 4917 4920
f 4784 4920 4787
f 4787 4920 4923
f 4787 4923 4792
f 4792 4923 4926
f 4792 4926 4796
f 4796 4926 4929
f 4796 4929 4798
f 4798 4929 4932
f 4798 4932 4800
f 4800 4932 4935
f 4800 4935 4802
f 4802 4935 4938
f 4802 4938 4804
f 4804 4938 4875
f 4804 4875 4806
f 4806 4875 4881
f 4806 4881 5063
f 5063 4881 4909
f 5063 4909 5062
f 5062 4909 4906
f 5062 4906 5061
f 5061 4906 4903
f 5061 4903 5060
f 5060 4903 4900
f 5060 4900 5059
f 5059 4900 4897
f 5059 4897 5058
f 5058 4897 4894
f 5058 4894 5057
f 5057 4894 4891
f 5057 4891 5056
f 5056 4891 4890
f 5056 4890 5055
f 5055 4890 4888
f 5055 4888 4886
f 5064 5018 5174
f 5175 4715 4769
f 5176 5177 5174
f 5174 5177 5178
f 5174 5178 5064
f 5179 5180 5176
f 5176 5180 5181
f 5176 5181 5177
f 4769 5182 5175
f 5175 5182 5183
f 5175 5183 5179
f 5179 5183 5184
f 5179 5184 5180
f 5184 5183 5185
f 5092 5091 5186
f 5090 5099 5187
f 5098 5097 5188
f 5189 5182 4769
f 5184 5185 5180
f 5177 5181 5190
f 4791 5093 4793
f 4793 5093 5191
f 4793 5191 4794
f 4794 5191 5192
f 5193 4789 5192
f 5192 4789 4788
f 5192 4788 4794
f 5194 4783 5195
f 5195 4783 4786
f 5195 4786 5193
f 5193 4786 4785
f 5193 4785 4789
f 5196 4776 5194
f 5194 4776 4781
f 5194 4781 4783
f 5197 4780 5198
f 5198 4780 4779
f 5198 4779 5196
f 5196 4779 4777
f 5196 4777 4776
f 4769 4771 5189
f 5189 4771 4775
f 5189 4775 5197
f 5197 4775 4774
f 5197 4774 4780
f 5093 5092 5191
f 5191 5092 5186
f 5191 5186 5192
f 5192 5186 5199
f 5192 5199 5193
f 5193 5199 5200
f 5193 5200 5195
f 5195 5200 5201
f 5195 5201 5194
f 5194 5201 5202
f 5194 5202 5196
f 5196 5202 5203
f 5196 5203 5198
f 5198 5203 5204
f 5198 5204 5197
f 5197 5204 5205
f 5197 5205 5189
f 5189 5205 5185
f 5189 5185 5182
f 5182 5185 5183
f 5091 5090 5186
f 5186 5090 5187
f 5186 5187 5199
f 5199 5187 5206
f 5199 5206 5200
f 5200 5206 5207
f 5200 5207 5201
f 5201 5207 5208
f 5201 5208 5202
f 5202 5208 5209
f 5202 5209 5203
f 5203 5209 5210
f 5203 5210 5204
f 5204 5210 5211
f 5204 5211 5205
f 5205 5211 5212
f 5205 5212 5185
f 5185 5212 5190
f 5185 5190 5180
f 5180 5190 5181
f 5099 5098 5187
f 5187 5098 5188
f 5187 5188 5206
f 5206 5188 5213
f 5206 5213 5207
f 5207 5213 5214
f 5207 5214 5208
f 5208 5214 5215
f 5208 5215 5209
f 5209 5215 5216
f 5209 5216 5210
f 5210 5216 5217
f 5210 5217 5211
f 5211 5217 5218
f 5211 5218 5212
f 5212 5218 5219
f 5212 5219 5190
f 5190 5219 5220
f 5190 5220 5177
f 5221 5074 5222
f 5222 5074 5068
f 5222 5068 5223
f 5223 5068 5069
f 5223 5069 5224
f 5224 5069 5070
f 5066 5130 5067
f 5067 5130 5225
f 5067 5225 5070
f 5070 5225 5226
f 5070 5226 5224
f 5221 5227 5074
f 5074 5227 5075
f 4851 4849 4946
f 4946 4849 4948
f 4861 4859 4944
f 4953 4951 4955
f 4955 4951 4948
f 4955 4948 4828
f 4869 4943 5228
f 5228 4943 5229
f 5228 5229 5230
f 5108 5107 5231
f 5136 5232 5233
f 5234 5235 5228
f 5228 5235 5236
f 5228 5236 4869
f 4964 4830 4872
f 4849 4847 4948
f 4948 4847 4845
f 4948 4845 4843
f 4869 4867 4943
f 4943 4867 4865
f 4943 4865 4944
f 4944 4865 4863
f 4944 4863 4861
f 5232 5136 5231
f 5231 5136 5137
f 5231 5137 5108
f 5237 5234 5238
f 4962 4960 4964
f 4964 4960 4958
f 4964 4958 4830
f 5236 5239 4869
f 4869 5239 4964
f 4869 4964 4871
f 4871 4964 4872
f 4843 4841 4948
f 4948 4841 4829
f 4948 4829 4828
f 4859 4857 4944
f 4944 4857 4855
f 4944 4855 4946
f 4946 4855 4853
f 4946 4853 4851
f 5134 5135 5240
f 5240 5135 5136
f 5240 5136 5241
f 5241 5136 5233
f 5241 5233 5229
f 5229 5233 5242
f 5229 5242 5230
f 5129 5128 5243
f 5243 5128 5139
f 5243 5139 5244
f 5244 5139 5142
f 5244 5142 5245
f 5071 5075 5228
f 5228 5075 5227
f 5228 5227 5234
f 5234 5227 5246
f 5234 5246 5238
f 5247 5248 5249
f 5249 5248 5114
f 5249 5114 5240
f 5240 5114 5113
f 5240 5113 5134
f 5238 5245 5237
f 5237 5245 5142
f 5237 5142 5250
f 5250 5142 5145
f 5250 5145 5148
f 5110 5251 5252
f 5148 5111 5250
f 5250 5111 5110
f 5250 5110 5253
f 5253 5110 5252
f 5228 5103 5071
f 5071 5103 5072
f 4952 4954 4815
f 5081 5082 5254
f 5254 5082 4813
f 5115 5254 4837
f 4837 5254 4813
f 4837 4813 4838
f 4838 4813 4814
f 4838 4814 4815
f 4815 4954 4838
f 4838 4954 4956
f 4838 4956 4827
f 5254 5255 5081
f 5081 5255 5256
f 5081 5256 5080
f 5080 5256 5257
f 5080 5257 5079
f 5079 5257 5258
f 5079 5258 5078
f 5078 5258 5259
f 5078 5259 4819
f 4819 5259 4942
f 4819 4942 4818
f 4818 4942 4945
f 4818 4945 4817
f 4817 4945 4947
f 4817 4947 4816
f 4816 4947 4949
f 4816 4949 4815
f 4815 4949 4950
f 4815 4950 4952
f 5260 5109 4835
f 4831 4957 4834
f 4834 4957 4959
f 4825 4826 4835
f 4835 4826 5083
f 4835 5083 5260
f 5260 5083 5084
f 5260 5084 5261
f 4835 4834 4825
f 4825 4834 4959
f 4825 4959 4824
f 4824 4959 4961
f 4824 4961 4823
f 4823 4961 4963
f 4823 4963 4822
f 4822 4963 5262
f 4822 5262 4821
f 4821 5262 5263
f 4821 5263 4820
f 4820 5263 5264
f 4820 5264 5087
f 5087 5264 5265
f 5087 5265 5086
f 5086 5265 5266
f 5086 5266 5085
f 5085 5266 5267
f 5085 5267 5084
f 5084 5267 5268
f 5084 5268 5261
f 4965 5016 5095
f 4965 5095 4989
f 4989 5095 5094
f 4989 5094 4987
f 4987 5094 5089
f 4987 5089 4988
f 4988 5089 5088
f 4988 5088 4990
f 4990 5088 4790
f 4990 4790 4991
f 5101 5231 5102
f 5102 5231 5107
f 5230 5104 5228
f 5228 5104 5103
f 5231 5101 5100
f 5231 5100 5232
f 5232 5100 5106
f 5232 5106 5233
f 5233 5106 5105
f 5233 5105 5242
f 5242 5105 5104
f 5242 5104 5230
f 4878 5116 4877
f 4877 5116 5269
f 4877 5269 4876
f 4876 5269 5270
f 4876 5270 4873
f 4884 4883 5120
f 5120 4883 5173
f 5271 5164 5272
f 5272 5164 5163
f 5273 5274 5149
f 5271 5275 5164
f 5164 5275 5276
f 5164 5276 5273
f 5162 5277 5163
f 5163 5277 5278
f 5163 5278 5272
f 5161 5279 5162
f 5162 5279 5280
f 5162 5280 5277
f 5160 5281 5161
f 5161 5281 5282
f 5161 5282 5279
f 5159 5283 5160
f 5160 5283 5284
f 5160 5284 5281
f 5158 5285 5159
f 5159 5285 5286
f 5159 5286 5283
f 5157 5287 5158
f 5158 5287 5288
f 5158 5288 5285
f 5156 5289 5157
f 5157 5289 5290
f 5157 5290 5287
f 5155 5291 5156
f 5156 5291 5292
f 5156 5292 5289
f 5154 5293 5155
f 5155 5293 5294
f 5155 5294 5291
f 4886 4885 5154
f 5154 4885 5295
f 5154 5295 5293
f 5273 5149 5164
f 5164 5149 5150
f 5164 5150 5165
f 5150 5151 5165
f 5165 5151 5152
f 5165 5152 5166
f 5152 5153 5166
f 5166 5153 5147
f 5166 5147 5167
f 5147 5146 5167
f 5167 5146 5144
f 5167 5144 5168
f 5144 5143 5168
f 5168 5143 5141
f 5168 5141 5169
f 5141 5140 5169
f 5169 5140 5138
f 5169 5138 5170
f 5138 5131 5170
f 5170 5131 5132
f 5170 5132 5171
f 5132 5133 5171
f 5171 5133 5126
f 5171 5126 5172
f 5126 5125 5172
f 5172 5125 5123
f 5172 5123 5173
f 5173 5123 5122
f 5173 5122 5120
f 5273 5276 5296
f 5273 5296 5274
f 5296 5297 5274
f 5274 5297 5112
f 5274 5112 5149
f 5298 5270 4836
f 4836 5270 5269
f 4836 5269 5116
f 5112 5297 4833
f 4833 5297 5296
f 5296 5299 4833
f 4833 5299 5300
f 4833 5300 4832
f 4832 5300 5301
f 4832 5301 4870
f 4870 5301 5302
f 4870 5302 4868
f 4868 5302 5303
f 4868 5303 4866
f 4866 5303 5304
f 4866 5304 4864
f 4864 5304 5305
f 4864 5305 4862
f 4862 5305 5306
f 4862 5306 4860
f 4860 5306 5307
f 4860 5307 4858
f 4858 5307 5308
f 4858 5308 4856
f 4856 5308 5309
f 4856 5309 4854
f 4854 5309 5310
f 4854 5310 4852
f 4852 5310 5311
f 4852 5311 4850
f 4850 5311 5312
f 4850 5312 4848
f 4848 5312 5313
f 4848 5313 4846
f 4846 5313 5314
f 4846 5314 4844
f 4844 5314 5315
f 4844 5315 4842
f 4842 5315 5316
f 4842 5316 4840
f 4840 5316 5317
f 4840 5317 4839
f 4839 5317 5318
f 4839 5318 4836
f 4836 5318 5319
f 4836 5319 5298
f 5243 5225 5129
f 5129 5225 5130
f 5178 5177 5220
f 5178 5220 5217
f 5217 5220 5219
f 5217 5219 5218
f 5188 5097 5096
f 5213 5188 5118
f 5118 5188 5096
f 5118 5096 5117
f 5117 5096 5043
f 5117 5043 5042
f 5217 5216 5119
f 5119 5216 5215
f 5119 5215 5118
f 5118 5215 5214
f 5118 5214 5213
f 5065 5064 5127
f 5127 5064 5178
f 5127 5178 5124
f 5124 5178 5217
f 5124 5217 5121
f 5121 5217 5119
f 4716 4715 5175
f 4716 5175 4981
f 4981 5175 5179
f 4981 5179 4979
f 4979 5179 5176
f 4979 5176 4980
f 4980 5176 5174
f 4980 5174 4982
f 4982 5174 5018
f 4982 5018 4983
f 5246 5222 5223
f 5246 5223 5238
f 5238 5223 5224
f 5238 5224 5245
f 5245 5224 5226
f 5245 5226 5244
f 5244 5226 5225
f 5244 5225 5243
f 5222 5246 5221
f 5221 5246 5227
f 5115 5114 5254
f 5254 5114 5248
f 5254 5248 5255
f 5255 5248 5247
f 5255 5247 5256
f 5256 5247 5249
f 5256 5249 5257
f 5257 5249 5240
f 5257 5240 5241
f 5257 5241 5258
f 5258 5241 5229
f 5258 5229 5259
f 5259 5229 4943
f 5259 4943 4942
f 4828 4827 4955
f 4955 4827 4956
f 4831 4830 4957
f 4957 4830 4958
f 4963 4964 5239
f 4963 5239 5262
f 5262 5239 5236
f 5262 5236 5263
f 5263 5236 5235
f 5263 5235 5264
f 5264 5235 5234
f 5264 5234 5265
f 5265 5234 5237
f 5265 5237 5266
f 5266 5237 5250
f 5266 5250 5267
f 5110 5109 5251
f 5251 5109 5260
f 5251 5260 5252
f 5252 5260 5261
f 5252 5261 5253
f 5253 5261 5268
f 5253 5268 5250
f 5250 5268 5267
f 5298 5319 4880
f 4873 5270 4874
f 4874 5270 5298
f 4874 5298 4879
f 4879 5298 4880
f 5300 5272 5278
f 5300 5278 5301
f 5278 5277 5301
f 5301 5277 5280
f 5301 5280 5302
f 5280 5279 5302
f 5302 5279 5282
f 5302 5282 5303
f 5282 5281 5303
f 5303 5281 5284
f 5303 5284 5304
f 5284 5283 5304
f 5304 5283 5286
f 5304 5286 5305
f 5286 5285 5305
f 5305 5285 5288
f 5305 5288 5306
f 5288 5287 5306
f 5306 5287 5290
f 5306 5290 5307
f 5290 5289 5307
f 5307 5289 5292
f 5307 5292 5308
f 5292 5291 5308
f 5308 5291 5294
f 5308 5294 5309
f 5309 5294 5293
f 5309 5293 5295
f 5295 4885 5309
f 5309 4885 4887
f 5309 4887 5310
f 4887 4889 5310
f 5310 4889 4893
f 5310 4893 5311
f 4893 4892 5311
f 5311 4892 4896
f 5311 4896 5312
f 4896 4895 5312
f 5312 4895 4899
f 5312 4899 5313
f 4899 4898 5313
f 5313 4898 4902
f 5313 4902 5314
f 4902 4901 5314
f 5314 4901 4905
f 5314 4905 5315
f 4905 4904 5315
f 5315 4904 4908
f 5315 4908 5316
f 4908 4907 5316
f 5316 4907 4911
f 5316 4911 5317
f 4911 4910 5317
f 5317 4910 4914
f 5317 4914 5318
f 5318 4914 4913
f 5318 4913 5319
f 5319 4913 4912
f 5319 4912 4880
f 5272 5300 5271
f 5271 5300 5299
f 5271 5299 5275
f 5275 5299 5296
f 5275 5296 5276
f 5320 5321 5322
f 5323 5324 5325
f 5325 5324 5326
f 5322 5321 5327
f 5328 5329 5330
f 5324 5331 5332
f 5328 5330 5333
f 5333 5330 5334
f 5333 5334 5335
f 5336 5326 5337
f 5337 5326 5324
f 5337 5324 5338
f 5338 5324 5332
f 5321 5339 5327
f 5327 5339 5340
f 5327 5340 5331
f 5331 5340 5341
f 5331 5341 5332
f 5336 5342 5326
f 5326 5342 5343
f 5326 5343 5322
f 5322 5343 5344
f 5322 5344 5320
f 5345 5346 5325
f 5325 5346 5347
f 5325 5347 5348
f 5323 5349 5335
f 5335 5349 5350
f 5335 5350 5333
f 5333 5350 5351
f 5351 5352 5333
f 5333 5352 5353
f 5333 5353 5345
f 5345 5353 5354
f 5345 5354 5346
f 5348 5355 5325
f 5325 5355 5356
f 5325 5356 5323
f 5323 5356 5357
f 5323 5357 5349
f 5358 5359 5360
f 5360 5359 5361
f 5360 5361 5362
f 5362 5361 5363
f 5364 5365 5366
f 5367 5368 5366
f 5366 5368 5369
f 5366 5369 5364
f 5364 5369 5370
f 5365 5371 5366
f 5366 5371 5372
f 5366 5372 5373
f 5373 5372 5374
f 5374 5375 5373
f 5373 5375 5376
f 5373 5376 5361
f 5367 5377 5378
f 5376 5379 5361
f 5361 5379 5380
f 5361 5380 5363
f 5363 5380 5381
f 5363 5381 5369
f 5369 5381 5382
f 5369 5382 5370
f 5383 5384 5385
f 5385 5384 5386
f 5378 5387 5367
f 5367 5387 5388
f 5367 5388 5368
f 5368 5388 5389
f 5368 5389 5383
f 5383 5389 5390
f 5383 5390 5384
f 5386 5391 5385
f 5385 5391 5392
f 5385 5392 5393
f 5393 5392 5394
f 5393 5394 5367
f 5367 5394 5395
f 5367 5395 5377
f 5396 5397 5398
f 5396 5398 5399
f 5400 5401 5398
f 5398 5401 5402
f 5398 5402 5399
f 5400 5398 5403
f 5403 5398 5404
f 5403 5404 5405
f 5406 5407 5408
f 5408 5409 5406
f 5406 5409 5410
f 5406 5410 5411
f 5411 5410 5412
f 5411 5412 5413
f 5414 5398 5407
f 5407 5398 5397
f 5407 5397 5408
f 5415 5416 5417
f 5417 5416 5418
f 5418 5419 5417
f 5417 5419 5420
f 5417 5420 5421
f 5422 5423 5424
f 5425 5426 5424
f 5424 5426 5427
f 5424 5427 5422
f 5420 5428 5421
f 5421 5428 5429
f 5421 5429 5424
f 5424 5429 5430
f 5424 5430 5425
f 5431 5432 5433
f 5433 5432 5434
f 5433 5434 5435
f 5413 5412 5436
f 5436 5412 5437
f 5436 5437 5438
f 5438 5437 5439
f 5438 5439 5440
f 5440 5439 5441
f 5440 5441 5442
f 5442 5441 5443
f 5442 5443 5444
f 5444 5443 5445
f 5444 5445 5431
f 5431 5445 5446
f 5431 5446 5432
f 5447 5424 5434
f 5434 5424 5423
f 5434 5423 5435
f 5447 5448 5449
f 5449 5448 5450
f 5450 5451 5449
f 5449 5451 5452
f 5449 5452 5404
f 5404 5452 5453
f 5404 5453 5405
f 5454 5455 5456
f 5457 5458 5456
f 5456 5458 5459
f 5456 5459 5454
f 5457 5456 5460
f 5460 5456 5461
f 5460 5461 5462
f 5463 5464 5465
f 5465 5464 5466
f 5465 5466 5467
f 5468 5456 5463
f 5463 5456 5455
f 5463 5455 5464
f 5468 5469 5470
f 5470 5469 5471
f 5470 5471 5472
f 5472 5473 5470
f 5470 5473 5474
f 5470 5474 5475
f 5476 5477 5478
f 5479 5480 5478
f 5478 5480 5481
f 5478 5481 5476
f 5474 5482 5475
f 5475 5482 5483
f 5475 5483 5478
f 5478 5483 5484
f 5478 5484 5479
f 5485 5486 5487
f 5487 5486 5488
f 5485 5487 5489
f 5489 5487 5490
f 5489 5490 5491
f 5491 5490 5492
f 5491 5492 5493
f 5493 5492 5494
f 5493 5494 5495
f 5495 5494 5496
f 5495 5496 5497
f 5497 5496 5498
f 5497 5498 5499
f 5499 5498 5500
f 5499 5500 5501
f 5501 5500 5502
f 5501 5502 5467
f 5467 5502 5503
f 5467 5503 5465
f 5504 5478 5486
f 5486 5478 5477
f 5486 5477 5488
f 5504 5505 5506
f 5506 5505 5507
f 5506 5507 5508
f 5508 5509 5506
f 5506 5509 5510
f 5506 5510 5461
f 5461 5510 5511
f 5461 5511 5462
f 5447 5449 5424
f 5424 5449 5512
f 5424 5512 5513
f 5513 5512 5324
f 5513 5324 5323
f 5504 5506 5478
f 5478 5506 5514
f 5478 5514 5515
f 5515 5514 5516
f 5515 5516 5517
f 5517 5516 5518
f 5517 5518 5519
f 5519 5518 5520
f 5519 5520 5521
f 5521 5520 5522
f 5521 5522 5523
f 5523 5522 5524
f 5523 5524 5525
f 5525 5524 5526
f 5525 5526 5527
f 5527 5526 5528
f 5527 5528 5529
f 5529 5528 5530
f 5529 5530 5531
f 5531 5530 5532
f 5531 5532 5533
f 5533 5532 5534
f 5533 5534 5535
f 5535 5534 5398
f 5535 5398 5417
f 5417 5398 5414
f 5417 5414 5415
f 5468 5470 5456
f 5456 5470 5536
f 5456 5536 5537
f 5537 5536 5369
f 5537 5369 5368
f 5538 5539 5540
f 5541 5542 5543
f 5544 5545 5546
f 5546 5545 5547
f 5546 5547 5548
f 5549 5550 5551
f 5552 5553 5540
f 5540 5553 5554
f 5540 5554 5538
f 5555 5556 5557
f 5557 5556 5558
f 5557 5558 5559
f 5559 5558 5560
f 5559 5560 5561
f 5561 5560 5562
f 5561 5562 5563
f 5563 5562 5564
f 5565 5566 5567
f 5567 5566 5568
f 5569 5570 5571
f 5542 5541 5572
f 5572 5541 5573
f 5572 5573 5574
f 5574 5573 5575
f 5574 5575 5576
f 5576 5575 5577
f 5576 5577 5578
f 5578 5577 5579
f 5578 5579 5580
f 5580 5579 5383
f 5580 5383 5544
f 5544 5383 5385
f 5544 5385 5545
f 5555 5541 5556
f 5556 5541 5543
f 5556 5543 5581
f 5581 5543 5582
f 5564 5583 5563
f 5563 5583 5565
f 5563 5565 5584
f 5584 5565 5567
f 5585 5586 5587
f 5587 5586 5588
f 5566 5589 5568
f 5568 5589 5590
f 5568 5590 5591
f 5591 5590 5592
f 5591 5592 5593
f 5585 5553 5586
f 5586 5553 5552
f 5586 5552 5583
f 5583 5552 5594
f 5583 5594 5565
f 5569 5571 5595
f 5595 5571 5591
f 5595 5591 5596
f 5596 5591 5593
f 5596 5593 5597
f 5597 5593 5598
f 5597 5598 5599
f 5600 5601 5602
f 5602 5601 5603
f 5602 5603 5604
f 5604 5603 5327
f 5604 5327 5605
f 5605 5327 5331
f 5605 5331 5606
f 5606 5331 5607
f 5606 5607 5608
f 5608 5607 5609
f 5608 5609 5610
f 5610 5609 5611
f 5610 5611 5612
f 5612 5611 5613
f 5612 5613 5614
f 5614 5613 5615
f 5614 5615 5591
f 5591 5615 5616
f 5591 5616 5568
f 5549 5551 5617
f 5617 5551 5582
f 5617 5582 5618
f 5618 5582 5543
f 5618 5543 5619
f 5619 5543 5620
f 5619 5620 5621
f 5622 5623 5624
f 5625 5626 5627
f 5627 5626 5628
f 5628 5626 5629
f 5628 5629 5630
f 5624 5623 5631
f 5624 5632 5622
f 5622 5632 5633
f 5622 5633 5634
f 5634 5633 5635
f 5634 5635 5636
f 5636 5635 5637
f 5636 5637 5638
f 5638 5637 5639
f 5640 5362 5363
f 5627 5641 5625
f 5625 5641 5642
f 5625 5642 5643
f 5643 5642 5644
f 5623 5645 5631
f 5631 5645 5646
f 5631 5646 5647
f 5647 5648 5649
f 5644 5650 5643
f 5643 5650 5335
f 5643 5335 5651
f 5651 5335 5334
f 5651 5334 5652
f 5629 5653 5630
f 5630 5653 5648
f 5630 5648 5654
f 5654 5648 5647
f 5654 5647 5655
f 5655 5647 5646
f 5656 5657 5363
f 5363 5657 5658
f 5363 5658 5659
f 5659 5658 5660
f 5659 5660 5661
f 5661 5660 5647
f 5661 5647 5662
f 5662 5647 5649
f 5652 5663 5651
f 5651 5663 5664
f 5651 5664 5665
f 5665 5664 5666
f 5665 5666 5659
f 5659 5666 5667
f 5659 5667 5668
f 5363 5669 5656
f 5656 5669 5670
f 5656 5670 5639
f 5639 5670 5671
f 5639 5671 5638
f 5640 5363 5672
f 5668 5673 5659
f 5659 5673 5674
f 5659 5674 5363
f 5363 5674 5675
f 5363 5675 5672
f 5676 5539 5538
f 5677 5550 5549
f 5678 5548 5547
f 5679 5570 5569
f 5680 5681 5682
f 5680 5682 5683
f 5684 5685 5686
f 5686 5685 5687
f 5688 5689 5690
f 5688 5690 5691
f 5692 5693 5694
f 5694 5693 5695
f 5322 5327 5696
f 5696 5327 5603
f 5696 5603 5680
f 5680 5603 5601
f 5680 5601 5681
f 5681 5601 5600
f 5682 5679 5683
f 5683 5679 5569
f 5683 5569 5697
f 5697 5569 5595
f 5697 5595 5698
f 5698 5595 5596
f 5698 5596 5694
f 5694 5596 5597
f 5694 5597 5692
f 5692 5597 5599
f 5693 5676 5695
f 5695 5676 5538
f 5695 5538 5699
f 5699 5538 5554
f 5699 5554 5700
f 5700 5554 5553
f 5700 5553 5701
f 5701 5553 5585
f 5701 5585 5688
f 5688 5585 5587
f 5688 5587 5689
f 5689 5587 5588
f 5690 5677 5691
f 5691 5677 5549
f 5691 5549 5702
f 5702 5549 5617
f 5702 5617 5703
f 5703 5617 5618
f 5703 5618 5686
f 5686 5618 5619
f 5686 5619 5684
f 5684 5619 5621
f 5685 5678 5687
f 5687 5678 5547
f 5687 5547 5704
f 5704 5547 5545
f 5704 5545 5393
f 5393 5545 5385
f 5705 5706 5707
f 5708 5709 5710
f 5711 5712 5713
f 5713 5712 5714
f 5713 5714 5715
f 5715 5714 5716
f 5715 5716 5717
f 5717 5716 5326
f 5717 5326 5718
f 5710 5709 5707
f 5707 5709 5719
f 5707 5719 5705
f 5720 5721 5722
f 5722 5721 5723
f 5722 5723 5724
f 5710 5725 5708
f 5708 5725 5726
f 5708 5726 5727
f 5727 5726 5728
f 5727 5728 5729
f 5729 5728 5730
f 5729 5730 5367
f 5367 5730 5731
f 5367 5731 5393
f 5393 5731 5732
f 5393 5732 5704
f 5704 5732 5687
f 5724 5733 5734
f 5734 5733 5735
f 5734 5735 5736
f 5736 5735 5737
f 5736 5737 5738
f 5738 5737 5739
f 5738 5739 5706
f 5724 5723 5733
f 5733 5723 5740
f 5733 5740 5741
f 5739 5742 5706
f 5706 5742 5743
f 5706 5743 5707
f 5707 5743 5744
f 5745 5746 5695
f 5691 5702 5747
f 5744 5747 5707
f 5707 5747 5702
f 5707 5702 5748
f 5748 5702 5703
f 5748 5703 5749
f 5749 5703 5686
f 5749 5686 5750
f 5750 5686 5687
f 5750 5687 5751
f 5751 5687 5732
f 5680 5683 5752
f 5753 5754 5755
f 5755 5754 5756
f 5755 5756 5720
f 5720 5756 5757
f 5720 5757 5721
f 5711 5758 5712
f 5712 5758 5754
f 5712 5754 5759
f 5759 5754 5753
f 5326 5322 5718
f 5718 5322 5696
f 5718 5696 5760
f 5760 5696 5680
f 5760 5680 5761
f 5761 5680 5752
f 5695 5746 5694
f 5745 5695 5762
f 5762 5695 5699
f 5762 5699 5700
f 5746 5763 5694
f 5694 5763 5764
f 5694 5764 5698
f 5698 5764 5754
f 5741 5762 5733
f 5733 5762 5700
f 5733 5700 5765
f 5765 5700 5701
f 5765 5701 5766
f 5766 5701 5688
f 5766 5688 5767
f 5767 5688 5691
f 5767 5691 5768
f 5768 5691 5747
f 5697 5769 5683
f 5683 5769 5770
f 5683 5770 5752
f 5758 5771 5754
f 5754 5771 5769
f 5754 5769 5698
f 5698 5769 5697
f 5325 5326 5772
f 5772 5326 5716
f 5772 5716 5773
f 5773 5716 5714
f 5773 5714 5774
f 5774 5714 5712
f 5774 5712 5775
f 5775 5712 5759
f 5775 5759 5776
f 5776 5759 5753
f 5776 5753 5777
f 5777 5753 5755
f 5777 5755 5778
f 5778 5755 5720
f 5778 5720 5779
f 5779 5720 5722
f 5779 5722 5780
f 5780 5722 5724
f 5780 5724 5781
f 5781 5724 5734
f 5781 5734 5782
f 5782 5734 5736
f 5782 5736 5783
f 5783 5736 5738
f 5783 5738 5784
f 5784 5738 5706
f 5784 5706 5785
f 5785 5706 5705
f 5785 5705 5786
f 5786 5705 5719
f 5786 5719 5787
f 5787 5719 5709
f 5787 5709 5788
f 5788 5709 5708
f 5788 5708 5789
f 5789 5708 5727
f 5789 5727 5790
f 5790 5727 5729
f 5790 5729 5366
f 5366 5729 5367
f 5787 5791 5786
f 5786 5791 5792
f 5786 5792 5785
f 5785 5792 5793
f 5785 5793 5784
f 5778 5794 5777
f 5777 5794 5795
f 5777 5795 5776
f 5776 5795 5796
f 5776 5796 5775
f 5775 5796 5797
f 5775 5797 5774
f 5774 5797 5798
f 5774 5798 5799
f 5799 5798 5800
f 5799 5800 5801
f 5801 5800 5802
f 5801 5802 5803
f 5780 5804 5779
f 5779 5804 5805
f 5779 5805 5778
f 5778 5805 5806
f 5778 5806 5794
f 5345 5325 5807
f 5807 5325 5772
f 5807 5772 5808
f 5808 5772 5773
f 5808 5773 5809
f 5809 5773 5774
f 5809 5774 5810
f 5810 5774 5799
f 5793 5811 5784
f 5784 5811 5812
f 5784 5812 5783
f 5783 5812 5813
f 5783 5813 5782
f 5782 5813 5814
f 5782 5814 5781
f 5781 5814 5815
f 5781 5815 5816
f 5816 5815 5817
f 5816 5817 5818
f 5818 5817 5819
f 5818 5819 5820
f 5816 5821 5781
f 5781 5821 5822
f 5781 5822 5823
f 5366 5373 5790
f 5790 5373 5824
f 5790 5824 5789
f 5789 5824 5825
f 5789 5825 5788
f 5788 5825 5826
f 5788 5826 5827
f 5780 5781 5804
f 5804 5781 5823
f 5804 5823 5828
f 5828 5823 5803
f 5828 5803 5829
f 5829 5803 5802
f 5787 5788 5791
f 5791 5788 5827
f 5791 5827 5830
f 5830 5827 5820
f 5830 5820 5831
f 5831 5820 5819
f 5333 5345 5832
f 5832 5345 5807
f 5832 5807 5833
f 5833 5807 5808
f 5833 5808 5834
f 5834 5808 5809
f 5834 5809 5835
f 5835 5809 5810
f 5835 5810 5836
f 5836 5810 5799
f 5836 5799 5837
f 5837 5799 5801
f 5837 5801 5838
f 5838 5801 5803
f 5838 5803 5839
f 5839 5803 5823
f 5839 5823 5840
f 5840 5823 5822
f 5840 5822 5841
f 5841 5822 5821
f 5841 5821 5842
f 5842 5821 5816
f 5842 5816 5843
f 5843 5816 5818
f 5843 5818 5844
f 5844 5818 5820
f 5844 5820 5845
f 5845 5820 5827
f 5845 5827 5846
f 5846 5827 5826
f 5846 5826 5847
f 5847 5826 5825
f 5847 5825 5848
f 5848 5825 5824
f 5848 5824 5361
f 5361 5824 5373
f 5849 5845 5850
f 5850 5845 5846
f 5850 5846 5851
f 5852 5840 5853
f 5853 5840 5841
f 5853 5841 5854
f 5361 5359 5848
f 5848 5359 5851
f 5848 5851 5847
f 5847 5851 5846
f 5855 5837 5856
f 5856 5837 5838
f 5856 5838 5852
f 5852 5838 5839
f 5852 5839 5840
f 5857 5858 5833
f 5833 5858 5832
f 5832 5858 5328
f 5832 5328 5333
f 5841 5842 5854
f 5854 5842 5843
f 5854 5843 5849
f 5849 5843 5844
f 5849 5844 5845
f 5833 5834 5857
f 5857 5834 5835
f 5857 5835 5855
f 5855 5835 5836
f 5855 5836 5837
f 5690 5689 5859
f 5859 5689 5860
f 5859 5860 5861
f 5861 5860 5862
f 5861 5862 5863
f 5863 5862 5864
f 5863 5864 5865
f 5865 5864 5866
f 5865 5866 5867
f 5867 5866 5868
f 5867 5868 5869
f 5869 5868 5870
f 5869 5870 5871
f 5871 5870 5872
f 5871 5872 5873
f 5873 5872 5874
f 5873 5874 5875
f 5875 5874 5876
f 5875 5876 5877
f 5877 5876 5878
f 5877 5878 5879
f 5879 5878 5677
f 5879 5677 5880
f 5880 5677 5690
f 5880 5690 5859
f 5744 5873 5747
f 5747 5873 5875
f 5747 5875 5768
f 5768 5875 5877
f 5768 5877 5767
f 5767 5877 5879
f 5767 5879 5766
f 5766 5879 5880
f 5766 5880 5765
f 5765 5880 5859
f 5765 5859 5733
f 5733 5859 5861
f 5733 5861 5735
f 5735 5861 5863
f 5735 5863 5737
f 5737 5863 5865
f 5737 5865 5739
f 5739 5865 5867
f 5739 5867 5742
f 5742 5867 5869
f 5742 5869 5743
f 5743 5869 5871
f 5743 5871 5744
f 5744 5871 5873
f 5689 5588 5860
f 5860 5588 5586
f 5860 5586 5862
f 5862 5586 5583
f 5862 5583 5864
f 5864 5583 5564
f 5864 5564 5866
f 5866 5564 5562
f 5866 5562 5868
f 5868 5562 5560
f 5868 5560 5870
f 5870 5560 5558
f 5870 5558 5872
f 5872 5558 5556
f 5872 5556 5874
f 5874 5556 5581
f 5874 5581 5876
f 5876 5581 5582
f 5876 5582 5878
f 5878 5582 5551
f 5878 5551 5677
f 5677 5551 5550
f 5881 5882 5883
f 5883 5882 5678
f 5883 5678 5884
f 5884 5678 5685
f 5884 5685 5885
f 5885 5685 5684
f 5885 5684 5886
f 5886 5684 5887
f 5886 5887 5888
f 5888 5887 5889
f 5888 5889 5890
f 5890 5889 5891
f 5890 5891 5892
f 5892 5891 5893
f 5892 5893 5894
f 5894 5893 5895
f 5894 5895 5896
f 5896 5895 5897
f 5896 5897 5898
f 5898 5897 5899
f 5898 5899 5900
f 5900 5899 5901
f 5900 5901 5902
f 5902 5901 5881
f 5902 5881 5883
f 5684 5621 5887
f 5887 5621 5620
f 5887 5620 5889
f 5889 5620 5543
f 5889 5543 5891
f 5891 5543 5542
f 5891 5542 5893
f 5893 5542 5572
f 5893 5572 5895
f 5895 5572 5574
f 5895 5574 5897
f 5897 5574 5576
f 5897 5576 5899
f 5899 5576 5578
f 5899 5578 5901
f 5901 5578 5580
f 5901 5580 5881
f 5881 5580 5544
f 5881 5544 5882
f 5882 5544 5546
f 5882 5546 5678
f 5678 5546 5548
f 5728 5896 5730
f 5730 5896 5898
f 5730 5898 5731
f 5731 5898 5900
f 5731 5900 5732
f 5732 5900 5902
f 5732 5902 5751
f 5751 5902 5883
f 5751 5883 5750
f 5750 5883 5884
f 5750 5884 5749
f 5749 5884 5885
f 5749 5885 5748
f 5748 5885 5886
f 5748 5886 5707
f 5707 5886 5888
f 5707 5888 5710
f 5710 5888 5890
f 5710 5890 5725
f 5725 5890 5892
f 5725 5892 5726
f 5726 5892 5894
f 5726 5894 5728
f 5728 5894 5896
f 5903 5904 5905
f 5905 5904 5676
f 5905 5676 5906
f 5906 5676 5693
f 5906 5693 5907
f 5907 5693 5692
f 5907 5692 5908
f 5908 5692 5909
f 5908 5909 5910
f 5910 5909 5911
f 5910 5911 5912
f 5912 5911 5913
f 5912 5913 5914
f 5914 5913 5915
f 5914 5915 5916
f 5916 5915 5917
f 5916 5917 5918
f 5918 5917 5919
f 5918 5919 5920
f 5920 5919 5921
f 5920 5921 5922
f 5922 5921 5923
f 5922 5923 5924
f 5924 5923 5903
f 5924 5903 5905
f 5762 5924 5745
f 5745 5924 5905
f 5745 5905 5746
f 5746 5905 5906
f 5746 5906 5763
f 5763 5906 5907
f 5763 5907 5764
f 5764 5907 5908
f 5764 5908 5754
f 5754 5908 5910
f 5754 5910 5756
f 5756 5910 5912
f 5756 5912 5757
f 5757 5912 5914
f 5757 5914 5721
f 5721 5914 5916
f 5721 5916 5723
f 5723 5916 5918
f 5723 5918 5740
f 5740 5918 5920
f 5740 5920 5741
f 5741 5920 5922
f 5741 5922 5762
f 5762 5922 5924
f 5692 5599 5909
f 5909 5599 5598
f 5909 5598 5911
f 5911 5598 5593
f 5911 5593 5913
f 5913 5593 5592
f 5913 5592 5915
f 5915 5592 5590
f 5915 5590 5917
f 5917 5590 5589
f 5917 5589 5919
f 5919 5589 5566
f 5919 5566 5921
f 5921 5566 5565
f 5921 5565 5923
f 5923 5565 5594
f 5923 5594 5903
f 5903 5594 5552
f 5903 5552 5904
f 5904 5552 5540
f 5904 5540 5676
f 5676 5540 5539
f 5681 5600 5925
f 5925 5600 5602
f 5925 5602 5926
f 5926 5602 5604
f 5926 5604 5927
f 5927 5604 5605
f 5927 5605 5928
f 5928 5605 5606
f 5928 5606 5929
f 5929 5606 5608
f 5929 5608 5930
f 5930 5608 5610
f 5930 5610 5931
f 5931 5610 5612
f 5931 5612 5932
f 5932 5612 5614
f 5932 5614 5933
f 5933 5614 5591
f 5933 5591 5934
f 5934 5591 5571
f 5934 5571 5679
f 5679 5571 5570
f 5682 5681 5935
f 5935 5681 5925
f 5935 5925 5936
f 5936 5925 5926
f 5936 5926 5937
f 5937 5926 5927
f 5937 5927 5938
f 5938 5927 5928
f 5938 5928 5939
f 5939 5928 5929
f 5939 5929 5940
f 5940 5929 5930
f 5940 5930 5941
f 5941 5930 5931
f 5941 5931 5942
f 5942 5931 5932
f 5942 5932 5943
f 5943 5932 5933
f 5943 5933 5944
f 5944 5933 5934
f 5944 5934 5945
f 5945 5934 5679
f 5945 5679 5946
f 5946 5679 5682
f 5946 5682 5935
f 5752 5945 5761
f 5761 5945 5946
f 5761 5946 5760
f 5760 5946 5935
f 5760 5935 5718
f 5718 5935 5936
f 5718 5936 5717
f 5717 5936 5937
f 5717 5937 5715
f 5715 5937 5938
f 5715 5938 5713
f 5713 5938 5939
f 5713 5939 5711
f 5711 5939 5940
f 5711 5940 5758
f 5758 5940 5941
f 5758 5941 5771
f 5771 5941 5942
f 5771 5942 5769
f 5769 5942 5943
f 5769 5943 5770
f 5770 5943 5944
f 5770 5944 5752
f 5752 5944 5945
f 5947 5353 5948
f 5948 5353 5352
f 5948 5352 5949
f 5949 5352 5351
f 5949 5351 5950
f 5950 5351 5350
f 5950 5350 5951
f 5951 5350 5349
f 5951 5349 5952
f 5952 5349 5357
f 5952 5357 5953
f 5953 5357 5356
f 5953 5356 5954
f 5954 5356 5355
f 5954 5355 5955
f 5955 5355 5348
f 5955 5348 5956
f 5956 5348 5347
f 5956 5347 5957
f 5957 5347 5346
f 5957 5346 5958
f 5958 5346 5354
f 5958 5354 5947
f 5947 5354 5353
f 5959 5388 5960
f 5960 5388 5387
f 5960 5387 5961
f 5961 5387 5378
f 5961 5378 5962
f 5962 5378 5377
f 5962 5377 5963
f 5963 5377 5395
f 5963 5395 5964
f 5964 5395 5394
f 5964 5394 5965
f 5965 5394 5392
f 5965 5392 5966
f 5966 5392 5391
f 5966 5391 5967
f 5967 5391 5386
f 5967 5386 5968
f 5968 5386 5384
f 5968 5384 5969
f 5969 5384 5390
f 5969 5390 5970
f 5970 5390 5389
f 5970 5389 5959
f 5959 5389 5388
f 5971 5321 5972
f 5972 5321 5320
f 5972 5320 5973
f 5973 5320 5344
f 5973 5344 5974
f 5974 5344 5343
f 5974 5343 5975
f 5975 5343 5342
f 5975 5342 5976
f 5976 5342 5336
f 5976 5336 5977
f 5977 5336 5337
f 5977 5337 5978
f 5978 5337 5338
f 5978 5338 5979
f 5979 5338 5332
f 5979 5332 5980
f 5980 5332 5341
f 5980 5341 5981
f 5981 5341 5340
f 5981 5340 5982
f 5982 5340 5339
f 5982 5339 5971
f 5971 5339 5321
f 5983 5364 5984
f 5984 5364 5370
f 5984 5370 5985
f 5985 5370 5382
f 5985 5382 5986
f 5986 5382 5381
f 5986 5381 5987
f 5987 5381 5380
f 5987 5380 5988
f 5988 5380 5379
f 5988 5379 5989
f 5989 5379 5376
f 5989 5376 5990
f 5990 5376 5375
f 5990 5375 5991
f 5991 5375 5374
f 5991 5374 5992
f 5992 5374 5372
f 5992 5372 5993
f 5993 5372 5371
f 5993 5371 5994
f 5994 5371 5365
f 5994 5365 5983
f 5983 5365 5364
f 5329 5328 5995
f 5995 5328 5858
f 5995 5858 5996
f 5996 5858 5857
f 5996 5857 5997
f 5997 5857 5855
f 5997 5855 5998
f 5998 5855 5856
f 5998 5856 5999
f 5999 5856 5852
f 5999 5852 6000
f 6000 5852 5853
f 6000 5853 6001
f 6001 5853 5854
f 6001 5854 6002
f 6002 5854 5849
f 6002 5849 6003
f 6003 5849 5850
f 6003 5850 6004
f 6004 5850 5851
f 6004 5851 5358
f 5358 5851 5359
f 5358 5360 6004
f 6004 5360 6005
f 6004 6005 6003
f 6003 6005 6006
f 6003 6006 6002
f 6002 6006 6007
f 6002 6007 6001
f 6001 6007 6008
f 6001 6008 6000
f 6008 6009 6000
f 6000 6009 6010
f 6000 6010 5999
f 5999 6010 6011
f 5999 6011 5998
f 5998 6011 6012
f 5998 6012 5997
f 5997 6012 6013
f 5997 6013 5996
f 5996 6013 6014
f 5996 6014 5995
f 5995 6014 6015
f 5995 6015 5329
f 5329 6015 5330
f 5334 5330 5652
f 5652 5330 6015
f 5652 6015 5663
f 5663 6015 6014
f 5663 6014 5664
f 5664 6014 6013
f 5664 6013 5666
f 5666 6013 6012
f 5666 6012 5667
f 5667 6012 6011
f 5667 6011 5668
f 5668 6011 6010
f 5668 6010 5673
f 5673 6010 6009
f 5673 6009 5674
f 5674 6009 6008
f 5674 6008 5675
f 5675 6008 6007
f 5675 6007 5672
f 5672 6007 6006
f 5672 6006 5640
f 5640 6006 6005
f 5640 6005 5362
f 5362 6005 5360
f 5815 6016 5817
f 5817 6016 6017
f 5817 6017 5819
f 5819 6017 6018
f 5819 6018 5831
f 5831 6018 6019
f 5831 6019 5830
f 5830 6019 6020
f 5830 6020 5791
f 5791 6020 6021
f 5791 6021 5792
f 5792 6021 6022
f 5792 6022 5793
f 5793 6022 6023
f 5793 6023 5811
f 5811 6023 6024
f 5811 6024 5812
f 5812 6024 6025
f 5812 6025 5813
f 5813 6025 6026
f 5813 6026 5814
f 5814 6026 6027
f 5814 6027 5815
f 5815 6027 6016
f 6018 6028 6019
f 6019 6028 6029
f 6019 6029 6020
f 6020 6029 6030
f 6020 6030 6021
f 6021 6030 6031
f 6021 6031 6022
f 6022 6031 6032
f 6022 6032 6023
f 6023 6032 6033
f 6023 6033 6024
f 6024 6033 6034
f 6024 6034 6025
f 6025 6034 6035
f 6025 6035 6026
f 6026 6035 6036
f 6026 6036 6027
f 6027 6036 6037
f 6027 6037 6016
f 6016 6037 6038
f 6016 6038 6017
f 6017 6038 6039
f 6017 6039 6018
f 6018 6039 6028
f 6038 5647 6039
f 6039 5647 5660
f 6039 5660 6028
f 6028 5660 5658
f 6028 5658 6029
f 6029 5658 5657
f 6029 5657 6030
f 6030 5657 5656
f 6030 5656 6031
f 6031 5656 5639
f 6031 5639 6032
f 6032 5639 5637
f 6032 5637 6033
f 6033 5637 5635
f 6033 5635 6034
f 6034 5635 5633
f 6034 5633 6035
f 6035 5633 5632
f 6035 5632 6036
f 6036 5632 5624
f 6036 5624 6037
f 6037 5624 5631
f 6037 5631 6038
f 6038 5631 5647
f 5796 6040 5797
f 5797 6040 6041
f 5797 6041 5798
f 5798 6041 6042
f 5798 6042 5800
f 5800 6042 6043
f 5800 6043 5802
f 5802 6043 6044
f 5802 6044 5829
f 5829 6044 6045
f 5829 6045 5828
f 5828 6045 6046
f 5828 6046 5804
f 5804 6046 6047
f 5804 6047 5805
f 5805 6047 6048
f 5805 6048 5806
f 5806 6048 6049
f 5806 6049 5794
f 5794 6049 6050
f 5794 6050 5795
f 5795 6050 6051
f 5795 6051 5796
f 5796 6051 6040
f 6043 6052 6044
f 6044 6052 6053
f 6044 6053 6045
f 6045 6053 6054
f 6045 6054 6046
f 6046 6054 6055
f 6046 6055 6047
f 6047 6055 6056
f 6047 6056 6048
f 6048 6056 6057
f 6048 6057 6049
f 6049 6057 6058
f 6049 6058 6050
f 6050 6058 6059
f 6050 6059 6051
f 6051 6059 6060
f 6051 6060 6040
f 6040 6060 6061
f 6040 6061 6041
f 6041 6061 6062
f 6041 6062 6042
f 6042 6062 6063
f 6042 6063 6043
f 6043 6063 6052
f 6061 5626 6062
f 6062 5626 5625
f 6062 5625 6063
f 6063 5625 5643
f 6063 5643 6052
f 6052 5643 5651
f 6052 5651 6053
f 6053 5651 5665
f 6053 5665 6054
f 6054 5665 5659
f 6054 5659 6055
f 6055 5659 5661
f 6055 5661 6056
f 6056 5661 5662
f 6056 5662 6057
f 6057 5662 5649
f 6057 5649 6058
f 6058 5649 5648
f 6058 5648 6059
f 6059 5648 5653
f 6059 5653 6060
f 6060 5653 5629
f 6060 5629 6061
f 6061 5629 5626
f 5988 6064 5987
f 5987 6064 6065
f 5987 6065 5986
f 5986 6065 6066
f 5986 6066 5985
f 5985 6066 6067
f 5985 6067 5984
f 5984 6067 6068
f 5984 6068 5983
f 5983 6068 6069
f 5983 6069 5994
f 5994 6069 6070
f 5994 6070 5993
f 5993 6070 6071
f 5993 6071 5992
f 5992 6071 6072
f 5992 6072 5991
f 5991 6072 6073
f 5991 6073 5990
f 5990 6073 6074
f 5990 6074 5989
f 5989 6074 6075
f 5989 6075 5988
f 5988 6075 6064
f 5465 5503 6070
f 5472 6068 5473
f 5473 6068 6067
f 5473 6067 5474
f 5474 6067 5482
f 5482 6067 6066
f 5482 6066 5483
f 5483 6066 5484
f 5484 6066 6065
f 5484 6065 5479
f 5479 6065 5480
f 5480 6065 6064
f 5480 6064 5481
f 5481 6064 5476
f 5476 6064 6075
f 5476 6075 5477
f 5477 6075 5488
f 5488 6075 6074
f 5488 6074 5487
f 6073 6072 5496
f 5496 5494 6073
f 6073 5494 5492
f 6073 5492 6074
f 6074 5492 5490
f 6074 5490 5487
f 6070 5503 6071
f 5503 5502 6071
f 6071 5502 5500
f 6071 5500 6072
f 6072 5500 5498
f 6072 5498 5496
f 5472 5471 6068
f 6068 5471 5469
f 6068 5469 6069
f 6069 5469 5468
f 6069 5468 6070
f 6070 5468 5463
f 6070 5463 5465
f 5973 6076 5972
f 5972 6076 6077
f 5972 6077 5971
f 5971 6077 6078
f 5971 6078 5982
f 5982 6078 6079
f 5982 6079 5981
f 5981 6079 6080
f 5981 6080 5980
f 5980 6080 6081
f 5980 6081 5979
f 5979 6081 6082
f 5979 6082 5978
f 5978 6082 6083
f 5978 6083 5977
f 5977 6083 6084
f 5977 6084 5976
f 5976 6084 6085
f 5976 6085 5975
f 5975 6085 6086
f 5975 6086 5974
f 5974 6086 6087
f 5974 6087 5973
f 5973 6087 6076
f 5409 5408 6077
f 6077 5408 6078
f 6076 5412 6077
f 6077 5412 5410
f 6077 5410 5409
f 6087 6086 5443
f 5443 5441 6087
f 6087 5441 5439
f 6087 5439 6076
f 6076 5439 5437
f 6076 5437 5412
f 5434 5432 6085
f 6085 5432 5446
f 6085 5446 6086
f 6086 5446 5445
f 6086 5445 5443
f 5434 6085 5447
f 5447 6085 6084
f 5447 6084 5448
f 5448 6084 6083
f 5448 6083 5450
f 6082 5452 6083
f 6083 5452 5451
f 6083 5451 5450
f 6081 5405 6082
f 6082 5405 5453
f 6082 5453 5452
f 6080 5400 6081
f 6081 5400 5403
f 6081 5403 5405
f 6079 5402 6080
f 6080 5402 5401
f 6080 5401 5400
f 5408 5397 6078
f 6078 5397 5396
f 6078 5396 6079
f 6079 5396 5399
f 6079 5399 5402
f 5961 6088 5960
f 5960 6088 6089
f 5960 6089 5959
f 5959 6089 6090
f 5959 6090 5970
f 5970 6090 6091
f 5970 6091 5969
f 5969 6091 6092
f 5969 6092 5968
f 5968 6092 6093
f 5968 6093 5967
f 5967 6093 6094
f 5967 6094 5966
f 5966 6094 6095
f 5966 6095 5965
f 5965 6095 6096
f 5965 6096 5964
f 5964 6096 6097
f 5964 6097 5963
f 5963 6097 6098
f 5963 6098 5962
f 5962 6098 6099
f 5962 6099 5961
f 5961 6099 6088
f 5459 5458 6091
f 5467 6089 5501
f 5501 6089 6088
f 5501 6088 5499
f 5499 6088 5497
f 5497 6088 6099
f 5497 6099 5495
f 5495 6099 5493
f 5493 6099 6098
f 5493 6098 5491
f 5491 6098 5489
f 5489 6098 6097
f 5489 6097 5485
f 5485 6097 5486
f 5486 6097 6096
f 5486 6096 5504
f 5504 6096 5505
f 5505 6096 6095
f 5505 6095 5507
f 6094 6093 5511
f 5511 5510 6094
f 6094 5510 5509
f 6094 5509 6095
f 6095 5509 5508
f 6095 5508 5507
f 6091 5458 6092
f 5458 5457 6092
f 6092 5457 5460
f 6092 5460 6093
f 6093 5460 5462
f 6093 5462 5511
f 5467 5466 6089
f 6089 5466 5464
f 6089 5464 6090
f 6090 5464 5455
f 6090 5455 6091
f 6091 5455 5454
f 6091 5454 5459
f 5952 6100 5951
f 5951 6100 6101
f 5951 6101 5950
f 5950 6101 6102
f 5950 6102 5949
f 5949 6102 6103
f 5949 6103 5948
f 5948 6103 6104
f 5948 6104 5947
f 5947 6104 6105
f 5947 6105 5958
f 5958 6105 6106
f 5958 6106 5957
f 5957 6106 6107
f 5957 6107 5956
f 5956 6107 6108
f 5956 6108 5955
f 5955 6108 6109
f 5955 6109 5954
f 5954 6109 6110
f 5954 6110 5953
f 5953 6110 6111
f 5953 6111 5952
f 5952 6111 6100
f 5416 5415 6104
f 6104 5415 6105
f 6103 5419 6104
f 6104 5419 5418
f 6104 5418 5416
f 6102 6101 5430
f 5430 5429 6102
f 6102 5429 5428
f 6102 5428 6103
f 6103 5428 5420
f 6103 5420 5419
f 5422 5427 6100
f 6100 5427 5426
f 6100 5426 6101
f 6101 5426 5425
f 6101 5425 5430
f 5422 6100 5423
f 5423 6100 6111
f 5423 6111 5435
f 5435 6111 6110
f 5435 6110 5433
f 6109 5444 6110
f 6110 5444 5431
f 6110 5431 5433
f 6108 5440 6109
f 6109 5440 5442
f 6109 5442 5444
f 6107 5436 6108
f 6108 5436 5438
f 6108 5438 5440
f 6106 5411 6107
f 6107 5411 5413
f 6107 5413 5436
f 5415 5414 6105
f 6105 5414 5407
f 6105 5407 6106
f 6106 5407 5406
f 6106 5406 5411
f 5331 5324 5512
f 5331 5512 5607
f 5607 5512 5449
f 5607 5449 5609
f 5609 5449 5404
f 5609 5404 5611
f 5611 5404 5398
f 5611 5398 5613
f 5613 5398 5534
f 5613 5534 5615
f 5615 5534 5532
f 5615 5532 5616
f 5616 5532 5530
f 5616 5530 5568
f 5568 5530 5528
f 5568 5528 5567
f 5567 5528 5526
f 5567 5526 5584
f 5584 5526 5524
f 5584 5524 5563
f 5563 5524 5522
f 5563 5522 5561
f 5561 5522 5520
f 5561 5520 5559
f 5559 5520 5518
f 5559 5518 5557
f 5557 5518 5516
f 5557 5516 5555
f 5555 5516 5514
f 5555 5514 5541
f 5541 5514 5506
f 5541 5506 5573
f 5573 5506 5461
f 5573 5461 5575
f 5575 5461 5456
f 5575 5456 5577
f 5577 5456 5537
f 5577 5537 5579
f 5579 5537 5368
f 5579 5368 5383
f 5363 5369 5536
f 5363 5536 5669
f 5669 5536 5470
f 5669 5470 5670
f 5670 5470 5475
f 5670 5475 5671
f 5671 5475 5478
f 5671 5478 5638
f 5638 5478 5515
f 5638 5515 5636
f 5636 5515 5517
f 5636 5517 5634
f 5634 5517 5519
f 5634 5519 5622
f 5622 5519 5521
f 5622 5521 5623
f 5623 5521 5523
f 5623 5523 5645
f 5645 5523 5525
f 5645 5525 5646
f 5646 5525 5527
f 5646 5527 5655
f 5655 5527 5529
f 5655 5529 5654
f 5654 5529 5531
f 5654 5531 5630
f 5630 5531 5533
f 5630 5533 5628
f 5628 5533 5535
f 5628 5535 5627
f 5627 5535 5417
f 5627 5417 5641
f 5641 5417 5421
f 5641 5421 5642
f 5642 5421 5424
f 5642 5424 5644
f 5644 5424 5513
f 5644 5513 5650
f 5650 5513 5323
f 5650 5323 5335
f 6112 6113 6114
f 6115 6116 6117
f 6118 6119 6120
f 6119 6118 6121
f 6118 6122 6121
f 6121 6122 6123
f 6121 6123 6124
f 6120 6125 6126
f 6126 6125 6127
f 6126 6127 6128
f 6129 6130 6131
f 6131 6130 6128
f 6132 6133 6134
f 6135 6136 6133
f 6133 6136 6137
f 6133 6137 6134
f 6116 6115 6112
f 6112 6115 6138
f 6112 6138 6113
f 6138 6139 6113
f 6113 6139 6140
f 6113 6140 6114
f 6114 6140 6141
f 6114 6141 6142
f 6142 6141 6143
f 6142 6143 6144
f 6144 6143 6145
f 6144 6145 6146
f 6146 6145 6147
f 6148 6149 6150
f 6150 6149 6151
f 6150 6151 6152
f 6151 6153 6152
f 6152 6153 6154
f 6152 6154 6155
f 6155 6154 6156
f 6155 6156 6157
f 6157 6156 6158
f 6157 6158 6159
f 6159 6158 6160
f 6159 6160 6161
f 6161 6160 6162
f 6161 6162 6163
f 6163 6162 6164
f 6163 6164 6165
f 6165 6164 6166
f 6167 6168 6166
f 6166 6168 6169
f 6166 6169 6165
f 6166 6170 6167
f 6167 6170 6171
f 6167 6171 6172
f 6172 6171 6173
f 6172 6173 6174
f 6174 6173 6175
f 6174 6175 6176
f 6176 6175 6177
f 6176 6177 6178
f 6178 6177 6121
f 6178 6121 6179
f 6179 6121 6124
f 6120 6119 6125
f 6125 6119 6121
f 6125 6121 6180
f 6180 6121 6177
f 6180 6177 6181
f 6181 6177 6175
f 6181 6175 6182
f 6182 6175 6173
f 6182 6173 6183
f 6183 6173 6171
f 6183 6171 6184
f 6184 6171 6170
f 6184 6170 6185
f 6185 6170 6166
f 6185 6166 6186
f 6186 6166 6164
f 6186 6164 6187
f 6187 6164 6162
f 6187 6162 6188
f 6188 6162 6160
f 6188 6160 6189
f 6189 6160 6158
f 6189 6158 6190
f 6190 6158 6156
f 6190 6156 6191
f 6191 6156 6154
f 6191 6154 6192
f 6192 6154 6153
f 6192 6153 6193
f 6193 6153 6151
f 6193 6151 6194
f 6194 6151 6149
f 6194 6149 6195
f 6195 6149 6148
f 6195 6148 6147
f 6147 6148 6196
f 6147 6196 6146
f 6134 6197 6132
f 6132 6197 6198
f 6132 6198 6199
f 6199 6198 6200
f 6199 6200 6201
f 6201 6200 6202
f 6201 6202 6203
f 6203 6202 6204
f 6203 6204 6205
f 6205 6204 6206
f 6205 6206 6207
f 6207 6206 6208
f 6207 6208 6209
f 6209 6208 6210
f 6209 6210 6211
f 6211 6210 6212
f 6211 6212 6213
f 6213 6212 6214
f 6213 6214 6215
f 6215 6214 6216
f 6215 6216 6217
f 6217 6216 6218
f 6217 6218 6219
f 6219 6218 6220
f 6219 6220 6221
f 6221 6220 6222
f 6221 6222 6223
f 6223 6222 6224
f 6223 6224 6225
f 6225 6224 6226
f 6225 6226 6227
f 6227 6226 6228
f 6227 6228 6229
f 6229 6228 6230
f 6229 6230 6231
f 6231 6230 6232
f 6231 6232 6233
f 6233 6232 6234
f 6233 6234 6235
f 6235 6234 6236
f 6235 6236 6131
f 6131 6236 6237
f 6131 6237 6129
f 6128 6127 6131
f 6131 6127 6125
f 6131 6125 6235
f 6235 6125 6180
f 6235 6180 6233
f 6233 6180 6181
f 6233 6181 6231
f 6231 6181 6182
f 6231 6182 6229
f 6229 6182 6183
f 6229 6183 6227
f 6227 6183 6184
f 6227 6184 6225
f 6225 6184 6185
f 6225 6185 6223
f 6223 6185 6186
f 6223 6186 6221
f 6221 6186 6187
f 6221 6187 6219
f 6219 6187 6188
f 6219 6188 6217
f 6217 6188 6189
f 6217 6189 6215
f 6215 6189 6190
f 6215 6190 6213
f 6213 6190 6191
f 6213 6191 6211
f 6211 6191 6192
f 6211 6192 6209
f 6209 6192 6193
f 6209 6193 6207
f 6207 6193 6194
f 6207 6194 6205
f 6205 6194 6195
f 6205 6195 6203
f 6203 6195 6147
f 6203 6147 6201
f 6201 6147 6145
f 6201 6145 6199
f 6199 6145 6143
f 6199 6143 6132
f 6132 6143 6141
f 6132 6141 6133
f 6133 6141 6140
f 6133 6140 6135
f 6135 6140 6139
f 6135 6139 6136
f 6238 6239 6240
f 6240 6239 6241
f 6240 6241 6242
f 6243 6244 6245
f 6245 6244 6246
f 6245 6246 6240
f 6240 6246 6247
f 6240 6247 6238
f 6248 6249 6250
f 6250 6249 6251
f 6251 6252 6250
f 6250 6252 6253
f 6250 6253 6245
f 6245 6253 6254
f 6245 6254 6243
f 6204 6202 6255
f 6255 6202 6200
f 6200 6198 6255
f 6255 6198 6197
f 6255 6197 6134
f 6230 6228 6256
f 6228 6226 6256
f 6256 6226 6224
f 6256 6224 6222
f 6220 6218 6257
f 6218 6216 6257
f 6257 6216 6214
f 6257 6214 6212
f 6212 6210 6257
f 6257 6210 6208
f 6257 6208 6255
f 6255 6208 6206
f 6255 6206 6204
f 6237 6236 6258
f 6258 6236 6234
f 6258 6234 6256
f 6256 6234 6232
f 6256 6232 6230
f 6222 6220 6256
f 6256 6220 6257
f 6256 6257 6259
f 6259 6257 6260
f 6259 6260 6261
f 6261 6260 6262
f 6261 6262 6263
f 6263 6262 6264
f 6263 6264 6265
f 6265 6264 6266
f 6265 6266 6267
f 6267 6266 6268
f 6267 6268 5325
f 5325 6268 5326
f 6269 6270 6271
f 6271 6270 6272
f 6271 6272 6273
f 6273 6272 6274
f 6273 6274 6275
f 6275 6274 6276
f 6275 6276 6277
f 6277 6276 6278
f 6277 6278 6279
f 6279 6278 6280
f 6279 6280 5333
f 5333 6280 5345
f 5329 5328 5330
f 5330 5328 5333
f 5330 5333 5334
f 5334 5333 5335
f 5356 5355 5325
f 5357 5356 5323
f 5323 5356 5325
f 5323 5325 5324
f 5324 5325 5326
f 5346 5345 5347
f 5347 5345 5325
f 5347 5325 5348
f 5348 5325 5355
f 5326 5343 5342
f 5346 5354 5345
f 5345 5354 5353
f 5345 5353 5333
f 5331 5341 5327
f 5327 5341 5340
f 5353 5352 5333
f 5333 5352 5351
f 5333 5351 5335
f 5335 5351 5350
f 5335 5350 5323
f 5323 5350 5349
f 5323 5349 5357
f 5342 5336 5326
f 5326 5336 5337
f 5326 5337 5324
f 5324 5337 5338
f 5324 5338 5331
f 5331 5338 5332
f 5331 5332 5341
f 5340 5339 5327
f 5327 5339 5321
f 5327 5321 5322
f 5322 5321 5320
f 5322 5320 5326
f 5326 5320 5344
f 5326 5344 5343
f 5394 5392 5393
f 5366 5369 5368
f 5393 5392 5385
f 5359 5358 5360
f 5379 5376 5361
f 5366 5368 5367
f 5367 5368 5388
f 5367 5388 5387
f 5359 5360 5361
f 5361 5360 5362
f 5361 5362 5363
f 5392 5391 5385
f 5385 5391 5386
f 5385 5386 5383
f 5386 5384 5383
f 5383 5384 5390
f 5383 5390 5368
f 5368 5390 5389
f 5368 5389 5388
f 5387 5378 5367
f 5367 5378 5377
f 5367 5377 5393
f 5393 5377 5395
f 5393 5395 5394
f 5361 5376 5373
f 5369 5382 5363
f 5363 5382 5381
f 5363 5381 5361
f 5361 5381 5380
f 5361 5380 5379
f 5376 5375 5373
f 5373 5375 5374
f 5373 5374 5366
f 5366 5374 5372
f 5366 5372 5371
f 5371 5365 5366
f 5366 5365 5364
f 5366 5364 5369
f 5369 5364 5370
f 5369 5370 5382
f 6281 6282 6283
f 6281 6283 6284
f 6282 6285 6283
f 6283 6285 6286
f 6283 6286 6287
f 6288 6289 6290
f 6290 6289 6291
f 6290 6291 6292
f 6292 6293 6290
f 6290 6293 6294
f 6290 6294 6295
f 6295 6296 6290
f 6290 6296 6297
f 6290 6297 6283
f 6283 6297 6298
f 6283 6298 6284
f 6288 6290 6299
f 6299 6290 6300
f 6299 6300 6301
f 6302 6303 6304
f 6304 6303 6305
f 6304 6305 6306
f 6302 6307 6303
f 6303 6307 6308
f 6303 6308 6309
f 6309 6310 6303
f 6303 6310 6311
f 6303 6311 6312
f 6301 6313 6314
f 6314 6313 6303
f 6314 6303 6315
f 6315 6303 6312
f 6305 6316 6317
f 6317 6318 6305
f 6305 6318 6319
f 6305 6319 6306
f 6301 6300 6313
f 6313 6300 6320
f 6313 6320 6321
f 6321 6320 6322
f 6321 6322 6323
f 6323 6322 6324
f 6323 6324 6325
f 6325 6324 5323
f 6325 5323 5324
f 6256 6326 6258
f 6258 6326 6327
f 6258 6327 6237
f 6237 6327 6328
f 6237 6328 6129
f 6129 6328 6130
f 6329 6330 6331
f 6331 6330 6332
f 6331 6332 6328
f 6328 6332 6333
f 6328 6333 6130
f 6261 6334 6259
f 6259 6334 6335
f 6259 6335 6256
f 6256 6335 6336
f 6256 6336 6326
f 5325 5345 6267
f 6267 5345 6280
f 6267 6280 6265
f 6265 6280 6278
f 6265 6278 6263
f 6263 6278 6276
f 6263 6276 6274
f 6261 6263 6334
f 6334 6263 6274
f 6334 6274 6337
f 6337 6274 6272
f 6337 6272 6338
f 6338 6272 6270
f 6338 6270 6339
f 6339 6270 6330
f 6339 6330 6340
f 6340 6330 6329
f 6341 6342 6343
f 6343 6342 6344
f 6343 6344 6345
f 6346 6347 6348
f 6348 6349 6346
f 6346 6349 6350
f 6346 6350 6351
f 6351 6352 6346
f 6346 6352 6353
f 6346 6353 6343
f 6343 6353 6354
f 6343 6354 6341
f 6355 6356 6357
f 6357 6356 6358
f 6355 6359 6360
f 6360 6359 6361
f 6360 6361 6346
f 6346 6361 6362
f 6346 6362 6347
f 6358 6363 6364
f 6364 6365 6358
f 6358 6365 6366
f 6358 6366 6367
f 6367 6368 6358
f 6358 6368 6369
f 6358 6369 6370
f 6370 6371 6358
f 6358 6371 6372
f 6358 6372 6357
f 6373 6363 6374
f 6374 6363 6375
f 6373 6376 6363
f 6363 6376 6377
f 6363 6377 6364
f 6355 6360 6356
f 6356 6360 6378
f 6356 6378 6379
f 6379 6378 6380
f 6379 6380 6381
f 6381 6380 6382
f 6381 6382 6383
f 6383 6382 5368
f 6383 5368 5369
f 6384 6385 6386
f 6387 6388 6389
f 6389 6388 6390
f 6391 6392 6393
f 6393 6392 6394
f 6395 6396 6397
f 6397 6396 6398
f 6397 6398 6399
f 6399 6398 6400
f 6399 6400 6401
f 6402 6395 6403
f 6404 6386 6405
f 6405 6386 6406
f 6405 6406 6407
f 6384 6386 6408
f 6408 6386 6404
f 6408 6404 6409
f 6409 6404 6410
f 6409 6410 6411
f 6412 6413 6414
f 6414 6413 6415
f 6414 6415 6416
f 6416 6415 6417
f 6416 6417 6418
f 6418 6417 6419
f 6418 6419 6420
f 6420 6419 6421
f 6420 6421 5383
f 5383 6421 6422
f 5383 6422 5385
f 5385 6422 6423
f 5385 6423 6424
f 6424 6423 6425
f 6424 6425 6426
f 6403 6427 6402
f 6402 6427 6428
f 6402 6428 6429
f 6429 6428 6430
f 6429 6430 6431
f 6431 6430 6432
f 6431 6432 6433
f 6433 6432 6434
f 6433 6434 6435
f 6435 6434 6436
f 6435 6436 6437
f 6437 6436 6438
f 6437 6438 6439
f 6439 6438 5331
f 6439 5331 6390
f 6390 5331 5327
f 6390 5327 6389
f 6440 6441 6402
f 6402 6441 6442
f 6402 6442 6395
f 6395 6442 6443
f 6395 6443 6396
f 6444 6445 6446
f 6446 6445 6447
f 6401 6400 6448
f 6448 6400 6386
f 6448 6386 6449
f 6449 6386 6385
f 6449 6385 6450
f 6450 6385 6451
f 6450 6451 6452
f 6452 6451 6453
f 6452 6453 6454
f 6454 6453 6455
f 6454 6455 6456
f 6456 6455 6457
f 6456 6457 6412
f 6458 6459 6460
f 6460 6459 6440
f 6460 6440 6391
f 6391 6440 6402
f 6391 6402 6392
f 6461 6462 6463
f 6463 6462 6464
f 6463 6464 6465
f 6412 6457 6413
f 6413 6457 6465
f 6413 6465 6444
f 6444 6465 6464
f 6444 6464 6445
f 6466 6467 6468
f 6469 6470 6471
f 6471 6470 6472
f 6473 6466 6474
f 6474 6466 6475
f 6474 6475 6476
f 6477 6478 6479
f 6479 6478 6480
f 6479 6480 6481
f 6481 6480 6482
f 6481 6482 6483
f 6483 6482 6484
f 6483 6484 6485
f 6485 6484 6486
f 6485 6486 6487
f 6487 6486 6488
f 6487 6488 6475
f 6475 6488 6489
f 6475 6489 6476
f 6472 6490 6471
f 6471 6490 5363
f 6471 5363 6491
f 6491 5363 5362
f 6491 5362 6492
f 6473 6493 6466
f 6466 6493 6494
f 6466 6494 6467
f 6467 6494 6495
f 6467 6495 6496
f 6496 6495 6497
f 6496 6497 6498
f 6498 6497 6499
f 6498 6499 6500
f 6500 6499 6501
f 6500 6501 6469
f 6469 6501 6502
f 6469 6502 6470
f 6503 6504 5335
f 5335 6504 6505
f 5335 6505 6506
f 6506 6505 6507
f 6506 6507 6508
f 6508 6507 6466
f 6508 6466 6509
f 6509 6466 6468
f 5334 5335 6510
f 6510 5335 6511
f 5335 6512 6503
f 6503 6512 6513
f 6503 6513 6477
f 6477 6513 6514
f 6477 6514 6478
f 6515 6506 6516
f 6516 6506 6517
f 6516 6517 6518
f 6518 6517 6491
f 6518 6491 6519
f 6519 6491 6492
f 6515 6520 6506
f 6506 6520 6521
f 6506 6521 5335
f 5335 6521 6522
f 5335 6522 6511
f 6523 6447 6445
f 6524 6411 6410
f 6525 6458 6460
f 6526 6387 6389
f 6426 6527 6528
f 6529 6530 6531
f 6531 6530 6532
f 6532 6530 6533
f 6532 6533 6394
f 6534 6535 6536
f 6536 6535 6537
f 6537 6535 6538
f 6537 6538 6407
f 6539 6540 6541
f 6541 6540 6542
f 6542 6540 6543
f 6542 6543 6461
f 6528 6527 6544
f 6544 6527 6545
f 6544 6545 6546
f 5393 5385 6528
f 6528 5385 6424
f 6528 6424 6426
f 6545 6523 6546
f 6546 6523 6445
f 6546 6445 6547
f 6547 6445 6464
f 6547 6464 6543
f 6543 6464 6462
f 6543 6462 6461
f 6541 6524 6539
f 6539 6524 6410
f 6539 6410 6548
f 6548 6410 6404
f 6548 6404 6538
f 6538 6404 6405
f 6538 6405 6407
f 6536 6525 6534
f 6534 6525 6460
f 6534 6460 6549
f 6549 6460 6391
f 6549 6391 6533
f 6533 6391 6393
f 6533 6393 6394
f 6531 6526 6529
f 6529 6526 6389
f 6529 6389 5322
f 5322 6389 5327
f 6550 6551 6552
f 6553 6554 6555
f 6264 6262 6556
f 6546 6557 6544
f 6544 6557 6558
f 6544 6558 6528
f 6528 6558 6559
f 6528 6559 6560
f 6556 6262 6561
f 6561 6262 6260
f 6561 6260 6257
f 6562 6551 6563
f 6563 6551 6564
f 6563 6564 6565
f 6565 6564 6566
f 6565 6566 6567
f 6567 6566 5367
f 6567 5367 6560
f 6560 5367 5393
f 6560 5393 6528
f 6553 6555 6568
f 6568 6555 6569
f 6568 6569 6570
f 6570 6569 6571
f 6570 6571 6572
f 6573 6572 6574
f 6134 6137 6575
f 6575 6137 6136
f 6575 6576 6134
f 6134 6576 6577
f 6134 6577 6255
f 6255 6577 6578
f 6255 6578 6257
f 6572 6571 6574
f 6574 6571 6579
f 6574 6579 6580
f 6556 6581 6264
f 6264 6581 6582
f 6264 6582 6266
f 6266 6582 6583
f 6266 6583 6268
f 6268 6583 6584
f 6268 6584 5326
f 5326 6584 6585
f 5326 6585 5322
f 5322 6585 6586
f 5322 6586 6529
f 6529 6586 6587
f 6529 6587 6530
f 6530 6587 6588
f 6530 6588 6533
f 6533 6588 6589
f 6533 6589 6549
f 6549 6589 6590
f 6549 6590 6561
f 6591 6592 6574
f 6574 6592 6593
f 6574 6593 6573
f 6136 6139 6575
f 6575 6139 6138
f 6575 6138 6115
f 6534 6549 6594
f 6594 6549 6561
f 6594 6561 6595
f 6595 6561 6257
f 6595 6257 6596
f 6596 6257 6578
f 6554 6553 6552
f 6552 6553 6597
f 6552 6597 6550
f 6115 6117 6575
f 6575 6117 6598
f 6575 6598 6574
f 6574 6598 6599
f 6574 6599 6591
f 6548 6600 6539
f 6539 6600 6601
f 6539 6601 6540
f 6540 6601 6602
f 6540 6602 6543
f 6543 6602 6603
f 6580 6600 6574
f 6574 6600 6548
f 6574 6548 6604
f 6604 6548 6538
f 6604 6538 6605
f 6605 6538 6535
f 6605 6535 6606
f 6606 6535 6534
f 6606 6534 6607
f 6607 6534 6594
f 6562 6608 6551
f 6551 6608 6609
f 6551 6609 6552
f 6552 6609 6610
f 6603 6611 6543
f 6543 6611 6552
f 6543 6552 6547
f 6547 6552 6610
f 6547 6610 6546
f 6546 6610 6612
f 6546 6612 6557
f 6613 6614 6615
f 6616 6617 6553
f 6553 6617 6618
f 6553 6618 6619
f 6620 6621 6622
f 6622 6623 6620
f 6620 6623 6624
f 6620 6624 6625
f 6625 6626 6620
f 6620 6626 6627
f 6620 6627 6615
f 6615 6627 6628
f 6615 6628 6613
f 6629 6568 6630
f 6630 6568 6570
f 6629 6631 6568
f 6568 6631 6632
f 6568 6632 6633
f 6633 6634 6568
f 6568 6634 6635
f 6568 6635 6553
f 6553 6635 6636
f 6553 6636 6616
f 5366 5367 6637
f 6637 5367 6566
f 6637 6566 6638
f 6638 6566 6564
f 6638 6564 6639
f 6639 6564 6551
f 6639 6551 6640
f 6640 6551 6550
f 6640 6550 6641
f 6641 6550 6597
f 6641 6597 6620
f 6620 6597 6553
f 6620 6553 6621
f 6621 6553 6619
f 6642 6643 6644
f 6620 6615 6645
f 6646 6647 6648
f 6648 6649 6646
f 6646 6649 6650
f 6646 6650 6651
f 6651 6650 6652
f 6651 6652 6653
f 6653 6652 6644
f 6653 6644 6654
f 6654 6644 6643
f 6645 6615 6644
f 6644 6615 6614
f 6644 6614 6642
f 6655 6656 6647
f 6647 6656 6657
f 6647 6657 6648
f 6655 6658 6656
f 6656 6658 6639
f 6656 6639 6659
f 6659 6639 6640
f 6659 6640 6660
f 6660 6640 6641
f 6660 6641 6661
f 6661 6641 6620
f 6661 6620 6662
f 6662 6620 6645
f 5373 5366 6663
f 6663 5366 6637
f 6663 6637 6664
f 6664 6637 6638
f 6664 6638 6665
f 6665 6638 6639
f 6665 6639 6666
f 6666 6639 6658
f 6667 6668 6669
f 5361 5373 6670
f 6670 5373 6663
f 6670 6663 6671
f 6671 6663 6664
f 6671 6664 6672
f 6672 6664 6665
f 6672 6665 6673
f 6673 6665 6666
f 6673 6666 6669
f 6669 6666 6658
f 6669 6658 6667
f 6667 6658 6655
f 6674 6673 6675
f 6675 6673 6669
f 6675 6669 6668
f 6676 6677 6678
f 6678 6677 6679
f 6678 6679 6680
f 6680 6679 6675
f 6680 6675 6681
f 6681 6675 6668
f 6682 6683 6674
f 6674 6683 6684
f 6674 6684 6673
f 6673 6684 6685
f 6673 6685 6672
f 6672 6685 6686
f 6672 6686 6671
f 6671 6686 6670
f 6670 6686 5359
f 6670 5359 5361
f 5333 5328 6279
f 6279 5328 6687
f 6279 6687 6277
f 6277 6687 6275
f 6275 6687 6688
f 6275 6688 6273
f 6273 6688 6271
f 6271 6688 6689
f 6271 6689 6269
f 6269 6689 6674
f 6674 6689 6690
f 6674 6690 6682
f 6691 6692 6693
f 6694 6695 6696
f 6697 6698 6699
f 6700 6701 6702
f 6702 6701 6703
f 6697 6699 6704
f 6704 6699 6705
f 6704 6705 6701
f 6701 6705 6706
f 6701 6706 6703
f 6707 6708 6709
f 6709 6708 6710
f 6709 6710 6711
f 6696 6695 6709
f 6695 6712 6709
f 6709 6712 6713
f 6709 6713 6714
f 6698 6707 6699
f 6699 6707 6709
f 6699 6709 6715
f 6715 6709 6714
f 6716 6717 6696
f 6696 6717 6718
f 6696 6718 6694
f 6719 6720 6716
f 6716 6720 6721
f 6721 6722 6716
f 6716 6722 6723
f 6716 6723 6717
f 6724 6725 6726
f 6726 6725 6727
f 6726 6727 6719
f 6719 6727 6728
f 6719 6728 6720
f 6729 6730 6731
f 6731 6730 6732
f 6729 6733 6730
f 6730 6733 6734
f 6730 6734 6726
f 6726 6734 6735
f 6726 6735 6724
f 6736 6737 6730
f 6730 6737 6738
f 6730 6738 6739
f 6740 6732 6741
f 6741 6732 6730
f 6741 6730 6742
f 6742 6730 6739
f 6740 6743 6732
f 6732 6743 6744
f 6732 6744 6745
f 6745 6744 6746
f 6745 6746 6747
f 6748 6749 6750
f 6750 6749 6751
f 6750 6751 6746
f 6746 6751 6752
f 6746 6752 6747
f 6748 6750 6753
f 6753 6750 6754
f 6753 6754 6755
f 6755 6754 6756
f 6756 6754 6757
f 6756 6757 6758
f 6758 6757 6759
f 6758 6759 6760
f 6761 6762 6763
f 6763 6764 6761
f 6761 6764 6765
f 6761 6765 6736
f 6736 6765 6766
f 6736 6766 6737
f 6767 6768 6769
f 6760 6762 6758
f 6758 6762 6761
f 6758 6761 6770
f 6770 6761 6767
f 6770 6767 6771
f 6771 6767 6769
f 6772 6773 6774
f 6774 6773 6775
f 6775 6776 6774
f 6774 6776 6777
f 6774 6777 6767
f 6767 6777 6778
f 6767 6778 6768
f 6772 6774 6779
f 6779 6774 6780
f 6779 6780 6781
f 6782 6783 6780
f 6780 6783 6784
f 6780 6784 6781
f 6785 6786 6782
f 6782 6786 6787
f 6782 6787 6788
f 6788 6789 6782
f 6782 6789 6790
f 6782 6790 6783
f 6791 6792 6785
f 6785 6792 6793
f 6785 6793 6786
f 6794 6795 6796
f 6797 6798 6796
f 6796 6798 6799
f 6796 6799 6794
f 6795 6800 6796
f 6796 6800 6801
f 6796 6801 6785
f 6785 6801 6802
f 6785 6802 6791
f 6800 6803 6801
f 6801 6803 6804
f 6801 6804 6805
f 6805 6804 6806
f 6806 6804 6807
f 6807 6804 6808
f 6807 6808 6809
f 6809 6808 6810
f 6809 6810 6811
f 6812 6813 6814
f 6814 6813 6815
f 6814 6815 6810
f 6810 6815 6816
f 6810 6816 6811
f 6817 6818 6819
f 6817 6819 6820
f 6814 6821 6812
f 6812 6821 6822
f 6812 6822 6823
f 6818 6824 6819
f 6819 6824 6825
f 6819 6825 6797
f 6797 6825 6826
f 6797 6826 6798
f 6827 6828 6819
f 6827 6819 6829
f 6693 6692 6819
f 6819 6692 6830
f 6819 6830 6829
f 6823 6820 6812
f 6812 6820 6819
f 6812 6819 6831
f 6831 6819 6828
f 6832 6833 6834
f 6834 6833 6835
f 6834 6835 6693
f 6693 6835 6836
f 6693 6836 6691
f 6837 6838 6839
f 6839 6838 6840
f 6839 6840 6834
f 6834 6840 6841
f 6834 6841 6832
f 6842 6843 6844
f 6844 6843 6845
f 6844 6845 6839
f 6839 6845 6846
f 6839 6846 6837
f 6847 6848 6849
f 6849 6848 6850
f 6849 6850 6844
f 6844 6850 6851
f 6844 6851 6842
f 6849 6852 6853
f 6853 6854 6849
f 6849 6854 6855
f 6849 6855 6856
f 6856 6857 6849
f 6849 6857 6858
f 6849 6858 6847
f 6859 6860 6861
f 6857 6862 6858
f 6858 6862 6863
f 6858 6863 6864
f 6864 6863 6859
f 6864 6859 6865
f 6865 6859 6861
f 6866 6867 6868
f 6868 6867 6869
f 6868 6869 6870
f 6870 6869 6871
f 6870 6871 6860
f 6860 6871 6872
f 6860 6872 6861
f 6873 6874 6868
f 6868 6874 6875
f 6868 6875 6866
f 6876 6877 6878
f 6873 6879 6874
f 6874 6879 6880
f 6874 6880 6881
f 6881 6880 6876
f 6881 6876 6882
f 6882 6876 6878
f 6877 6883 6884
f 6884 6883 6885
f 6884 6885 6886
f 6886 6885 6887
f 6888 6889 6890
f 6890 6889 6891
f 6890 6891 6885
f 6885 6891 6892
f 6885 6892 6887
f 6890 6893 6894
f 6894 6895 6890
f 6890 6895 6896
f 6890 6896 6897
f 6897 6898 6890
f 6890 6898 6899
f 6890 6899 6888
f 6900 6901 6893
f 6893 6901 6902
f 6893 6902 6894
f 6903 6904 6905
f 6905 6906 6903
f 6903 6906 6907
f 6903 6907 6893
f 6893 6907 6908
f 6893 6908 6900
f 6909 6910 6700
f 6700 6910 6911
f 6700 6911 6701
f 6909 6912 6910
f 6910 6912 6913
f 6910 6913 6914
f 6914 6915 6910
f 6910 6915 6916
f 6910 6916 6917
f 6877 6876 6883
f 6883 6876 6918
f 6883 6918 6919
f 6919 6918 6920
f 6919 6920 6921
f 6921 6922 6919
f 6919 6922 6923
f 6919 6923 6852
f 6852 6923 6924
f 6852 6924 6853
f 6710 6925 6711
f 6711 6925 6926
f 6711 6926 6927
f 6927 6926 6928
f 6927 6928 6929
f 6929 6930 6927
f 6927 6930 6931
f 6927 6931 6903
f 6903 6931 6932
f 6903 6932 6904
f 6904 6932 6933
f 6904 6933 6916
f 6916 6933 6934
f 6916 6934 6917
f 6935 6936 6937
f 6937 6936 6938
f 6937 6938 6939
f 6939 6938 6940
f 6939 6940 6941
f 6941 6940 6942
f 6941 6942 6943
f 6943 6942 6944
f 6943 6944 6945
f 6945 6944 6946
f 6945 6946 6947
f 6947 6946 6948
f 6947 6948 6949
f 6949 6948 6950
f 6949 6950 6951
f 6951 6950 6952
f 6951 6952 6953
f 6952 6954 6953
f 6953 6954 6955
f 6953 6955 6956
f 6956 6955 6957
f 6956 6957 6958
f 6958 6957 6959
f 6958 6959 6960
f 6960 6959 6961
f 6960 6961 6962
f 6962 6961 6963
f 6962 6963 6964
f 6964 6963 6965
f 6964 6965 6966
f 6966 6965 6967
f 6966 6967 6968
f 6968 6967 6969
f 6968 6969 6970
f 6969 6971 6970
f 6970 6971 6972
f 6970 6972 6973
f 6973 6972 6974
f 6973 6974 6975
f 6975 6974 6976
f 6975 6976 6977
f 6977 6976 6978
f 6977 6978 6979
f 6979 6978 6980
f 6979 6980 6981
f 6981 6980 6982
f 6981 6982 6983
f 6983 6982 6984
f 6983 6984 6985
f 6985 6984 6986
f 6985 6986 6987
f 6987 6986 6988
f 6987 6988 6935
f 6935 6988 6989
f 6935 6989 6936
f 6990 6991 6992
f 6993 6994 6943
f 6943 6994 6995
f 6995 6996 6943
f 6943 6996 6997
f 6943 6997 6941
f 6997 6998 6941
f 6941 6998 6999
f 6941 6999 6939
f 7000 7001 7002
f 6999 7003 6939
f 6939 7003 7004
f 6939 7004 7005
f 7000 7002 7006
f 7001 7007 7002
f 7002 7007 7008
f 7002 7008 7009
f 7009 7008 7010
f 7009 7010 6992
f 6992 7010 7011
f 6992 7011 6990
f 7012 7013 6966
f 6968 7014 6966
f 6966 7014 7015
f 6966 7015 7012
f 7016 7017 7018
f 7018 7017 7019
f 7018 7019 7020
f 7019 7021 7020
f 7020 7021 7022
f 7020 7022 7023
f 7023 7022 7024
f 7024 7025 7023
f 7023 7025 7026
f 7023 7026 7027
f 7028 6970 7029
f 7029 6970 7030
f 7028 7031 6970
f 6970 7031 7032
f 6970 7032 6968
f 6968 7032 7033
f 6968 7033 7014
f 7034 7035 6953
f 7034 6953 7036
f 6956 7037 6953
f 6953 7037 7038
f 6953 7038 7036
f 7039 7040 7041
f 7041 7042 7039
f 7039 7042 7043
f 7039 7043 7044
f 7044 7043 7045
f 7044 7045 7046
f 7046 7045 7047
f 7047 7048 7046
f 7046 7048 7049
f 7046 7049 7050
f 6958 7051 7052
f 7052 7053 6958
f 6958 7053 7054
f 6958 7054 6956
f 6956 7054 7055
f 6956 7055 7037
f 7056 7057 7058
f 7058 7057 7059
f 7058 7059 7060
f 7061 7062 6985
f 7062 7063 6985
f 6985 7063 7064
f 6985 7064 6983
f 7064 7065 6983
f 6983 7065 7066
f 6983 7066 6981
f 6981 7066 7067
f 7068 7069 7070
f 7067 7071 6981
f 6981 7071 7072
f 6981 7072 7073
f 7068 7070 7074
f 7069 7075 7070
f 7070 7075 7076
f 7070 7076 7056
f 7056 7076 7077
f 7056 7077 7057
f 6991 6993 6992
f 6992 6993 6943
f 6992 6943 7078
f 7078 6943 6945
f 7078 6945 7079
f 7079 6945 6947
f 7079 6947 7080
f 7080 6947 6949
f 7080 6949 7081
f 7081 6949 6951
f 7081 6951 7039
f 7039 6951 6953
f 7039 6953 7040
f 7040 6953 7035
f 7050 7051 7046
f 7046 7051 6958
f 7046 6958 7082
f 7082 6958 6960
f 7082 6960 7083
f 7083 6960 6962
f 7083 6962 7084
f 7084 6962 6964
f 7084 6964 7018
f 7018 6964 6966
f 7018 6966 7016
f 7016 6966 7013
f 7027 7030 7023
f 7023 7030 6970
f 7023 6970 7085
f 7085 6970 6973
f 7085 6973 7086
f 7086 6973 6975
f 7086 6975 7087
f 7087 6975 6977
f 7087 6977 7088
f 7088 6977 6979
f 7088 6979 7070
f 7070 6979 6981
f 7070 6981 7074
f 7074 6981 7073
f 7060 7061 7058
f 7058 7061 6985
f 7058 6985 7089
f 7089 6985 6987
f 7089 6987 7090
f 7090 6987 6935
f 7090 6935 7091
f 7091 6935 6937
f 7091 6937 7002
f 7002 6937 6939
f 7002 6939 7006
f 7006 6939 7005
f 7081 7039 7092
f 7092 7093 7081
f 7081 7093 7094
f 7081 7094 7080
f 7080 7094 7095
f 7080 7095 7079
f 7095 7096 7079
f 7079 7096 7097
f 7079 7097 7078
f 7098 7002 7009
f 7044 7099 7039
f 7039 7099 7100
f 7039 7100 7092
f 7097 7101 7078
f 7078 7101 7102
f 7078 7102 6992
f 6992 7102 7103
f 6992 7103 7009
f 7009 7103 7104
f 7009 7104 7098
f 7098 7105 7002
f 7002 7105 6248
f 7002 6248 7091
f 7091 6248 6250
f 7091 6250 7090
f 7090 6250 6245
f 7090 6245 7089
f 7089 6245 6240
f 7089 6240 7058
f 7058 6240 6242
f 7058 6242 7056
f 7056 6242 7106
f 7088 7070 7107
f 7107 7108 7088
f 7088 7108 7109
f 7088 7109 7087
f 7087 7109 6598
f 7087 6598 7086
f 7110 7111 7070
f 7070 7111 7112
f 7070 7112 7107
f 6598 6117 7086
f 7086 6117 6116
f 7086 6116 7085
f 6116 6112 7085
f 7085 6112 6114
f 7085 6114 7023
f 7023 6114 6142
f 6148 6150 7020
f 7020 6150 6152
f 7020 6152 7018
f 7018 6152 6155
f 7018 6155 7084
f 7084 6155 7113
f 7084 7113 7083
f 7083 7113 7114
f 7083 7114 7082
f 7082 7114 7115
f 7082 7115 7046
f 7046 7115 6124
f 7046 6124 7044
f 7044 6124 6123
f 7044 6123 7099
f 7106 7116 7056
f 7056 7116 7117
f 7056 7117 7070
f 7070 7117 7118
f 7070 7118 7110
f 6142 6144 7023
f 7023 6144 6146
f 7023 6146 7020
f 7020 6146 6196
f 7020 6196 6148
f 7119 7120 7121
f 7121 7120 6526
f 7121 6526 7122
f 7122 6526 6531
f 7122 6531 7123
f 7123 6531 6532
f 7123 6532 7124
f 7124 6532 7125
f 7124 7125 7126
f 7126 7125 7127
f 7126 7127 7128
f 7128 7127 7129
f 7128 7129 7130
f 7130 7129 7131
f 7130 7131 7132
f 7132 7131 7133
f 7132 7133 7134
f 7134 7133 7135
f 7134 7135 7136
f 7136 7135 7137
f 7136 7137 7138
f 7138 7137 7139
f 7138 7139 7140
f 7140 7139 7119
f 7140 7119 7121
f 6583 7134 6584
f 6584 7134 7136
f 6584 7136 6585
f 6585 7136 7138
f 6585 7138 6586
f 6586 7138 7140
f 6586 7140 6587
f 6587 7140 7121
f 6587 7121 6588
f 6588 7121 7122
f 6588 7122 6589
f 6589 7122 7123
f 6589 7123 6590
f 6590 7123 7124
f 6590 7124 6561
f 6561 7124 7126
f 6561 7126 6556
f 6556 7126 7128
f 6556 7128 6581
f 6581 7128 7130
f 6581 7130 6582
f 6582 7130 7132
f 6582 7132 6583
f 6583 7132 7134
f 6532 6394 7125
f 7125 6394 6392
f 7125 6392 7127
f 7127 6392 6402
f 7127 6402 7129
f 7129 6402 6429
f 7129 6429 7131
f 7131 6429 6431
f 7131 6431 7133
f 7133 6431 6433
f 7133 6433 7135
f 7135 6433 6435
f 7135 6435 7137
f 7137 6435 6437
f 7137 6437 7139
f 7139 6437 6439
f 7139 6439 7119
f 7119 6439 6390
f 7119 6390 7120
f 7120 6390 6388
f 7120 6388 6526
f 6526 6388 6387
f 6536 6537 7141
f 7141 6537 7142
f 7141 7142 7143
f 7143 7142 7144
f 7143 7144 7145
f 7145 7144 7146
f 7145 7146 7147
f 7147 7146 7148
f 7147 7148 7149
f 7149 7148 7150
f 7149 7150 7151
f 7151 7150 7152
f 7151 7152 7153
f 7153 7152 7154
f 7153 7154 7155
f 7155 7154 7156
f 7155 7156 7157
f 7157 7156 7158
f 7157 7158 7159
f 7159 7158 7160
f 7159 7160 7161
f 7161 7160 6525
f 7161 6525 7162
f 7162 6525 6536
f 7162 6536 7141
f 6537 6407 7142
f 7142 6407 6406
f 7142 6406 7144
f 7144 6406 6386
f 7144 6386 7146
f 7146 6386 6400
f 7146 6400 7148
f 7148 6400 6398
f 7148 6398 7150
f 7150 6398 6396
f 7150 6396 7152
f 7152 6396 6443
f 7152 6443 7154
f 7154 6443 6442
f 7154 6442 7156
f 7156 6442 6441
f 7156 6441 7158
f 7158 6441 6440
f 7158 6440 7160
f 7160 6440 6459
f 7160 6459 6525
f 6525 6459 6458
f 6595 7155 6594
f 6594 7155 7157
f 6594 7157 6607
f 6607 7157 7159
f 6607 7159 6606
f 6606 7159 7161
f 6606 7161 6605
f 6605 7161 7162
f 6605 7162 6604
f 6604 7162 7141
f 6604 7141 6574
f 6574 7141 7143
f 6574 7143 6575
f 6575 7143 7145
f 6575 7145 6576
f 6576 7145 7147
f 6576 7147 6577
f 6577 7147 7149
f 6577 7149 6578
f 6578 7149 7151
f 6578 7151 6596
f 6596 7151 7153
f 6596 7153 6595
f 6595 7153 7155
f 6542 6461 7163
f 7163 6461 6463
f 7163 6463 7164
f 7164 6463 6465
f 7164 6465 7165
f 7165 6465 6457
f 7165 6457 7166
f 7166 6457 6455
f 7166 6455 7167
f 7167 6455 6453
f 7167 6453 7168
f 7168 6453 6451
f 7168 6451 7169
f 7169 6451 6385
f 7169 6385 7170
f 7170 6385 6384
f 7170 6384 7171
f 7171 6384 6408
f 7171 6408 7172
f 7172 6408 6409
f 7172 6409 6524
f 6524 6409 6411
f 7171 7172 7173
f 7173 7172 6524
f 7173 6524 7174
f 7174 6524 6541
f 7174 6541 7175
f 7175 6541 6542
f 7175 6542 7176
f 7176 6542 7163
f 7176 7163 7177
f 7177 7163 7164
f 7177 7164 7178
f 7178 7164 7165
f 7178 7165 7179
f 7179 7165 7166
f 7179 7166 7180
f 7180 7166 7167
f 7180 7167 7181
f 7181 7167 7168
f 7181 7168 7182
f 7182 7168 7169
f 7182 7169 7183
f 7183 7169 7170
f 7183 7170 7184
f 7184 7170 7171
f 7184 7171 7173
f 6600 7184 6601
f 6601 7184 7173
f 6601 7173 6602
f 6602 7173 7174
f 6602 7174 6603
f 6603 7174 7175
f 6603 7175 6611
f 6611 7175 7176
f 6611 7176 6552
f 6552 7176 7177
f 6552 7177 6554
f 6554 7177 7178
f 6554 7178 6555
f 6555 7178 7179
f 6555 7179 6569
f 6569 7179 7180
f 6569 7180 6571
f 6571 7180 7181
f 6571 7181 6579
f 6579 7181 7182
f 6579 7182 6580
f 6580 7182 7183
f 6580 7183 6600
f 6600 7183 7184
f 6527 6426 7185
f 7185 6426 6425
f 7185 6425 7186
f 7186 6425 6423
f 7186 6423 7187
f 7187 6423 6422
f 7187 6422 7188
f 7188 6422 6421
f 7188 6421 7189
f 7189 6421 6419
f 7189 6419 7190
f 7190 6419 6417
f 7190 6417 7191
f 7191 6417 6415
f 7191 6415 7192
f 7192 6415 6413
f 7192 6413 7193
f 7193 6413 6444
f 7193 6444 7194
f 7194 6444 6446
f 7194 6446 6523
f 6523 6446 6447
f 6545 6527 7195
f 7195 6527 7185
f 7195 7185 7196
f 7196 7185 7186
f 7196 7186 7197
f 7197 7186 7187
f 7197 7187 7198
f 7198 7187 7188
f 7198 7188 7199
f 7199 7188 7189
f 7199 7189 7200
f 7200 7189 7190
f 7200 7190 7201
f 7201 7190 7191
f 7201 7191 7202
f 7202 7191 7192
f 7202 7192 7203
f 7203 7192 7193
f 7203 7193 7204
f 7204 7193 7194
f 7204 7194 7205
f 7205 7194 6523
f 7205 6523 7206
f 7206 6523 6545
f 7206 6545 7195
f 6557 7205 6558
f 6558 7205 7206
f 6558 7206 6559
f 6559 7206 7195
f 6559 7195 6560
f 6560 7195 7196
f 6560 7196 6567
f 6567 7196 7197
f 6567 7197 6565
f 6565 7197 7198
f 6565 7198 6563
f 6563 7198 7199
f 6563 7199 6562
f 6562 7199 7200
f 6562 7200 6608
f 6608 7200 7201
f 6608 7201 6609
f 6609 7201 7202
f 6609 7202 6610
f 6610 7202 7203
f 6610 7203 6612
f 6612 7203 7204
f 6612 7204 6557
f 6557 7204 7205
f 6169 6168 7114
f 6176 6178 7115
f 7115 6178 6179
f 7115 6179 6124
f 6168 6167 7114
f 7114 6167 6172
f 7114 6172 7115
f 7115 6172 6174
f 7115 6174 6176
f 7113 6163 7114
f 7114 6163 6165
f 7114 6165 6169
f 7113 6155 6157
f 6157 6159 7113
f 7113 6159 6161
f 7113 6161 6163
f 7207 7208 7209
f 7209 7208 7210
f 7209 7210 7211
f 7211 7210 7212
f 7211 7212 7213
f 7213 7212 7214
f 7213 7214 7215
f 7215 7214 7216
f 7215 7216 7217
f 7217 7216 7218
f 7217 7218 7219
f 7219 7218 7220
f 7219 7220 7221
f 7222 7223 7207
f 7207 7223 7224
f 7207 7224 7208
f 7207 7225 7222
f 7222 7225 7226
f 7222 7226 7227
f 7227 7226 7228
f 7227 7228 7229
f 7229 7228 7230
f 7229 7230 7231
f 7231 7230 7232
f 7231 7232 7233
f 7233 7232 7234
f 7233 7234 7235
f 7235 7234 7236
f 7235 7236 7237
f 7237 7236 7238
f 7237 7238 7239
f 7239 7238 7240
f 7239 7240 7241
f 7241 7240 7242
f 7241 7242 7243
f 7243 7242 7244
f 7244 7242 7245
f 7244 7245 7246
f 7246 7245 7247
f 7246 7247 7248
f 7248 7247 7249
f 7248 7249 7250
f 7251 7252 7253
f 7253 7252 7254
f 7250 7249 7255
f 7255 7249 7256
f 7255 7256 7257
f 7257 7256 7258
f 7257 7258 7259
f 7259 7258 7253
f 7259 7253 7260
f 7260 7253 7254
f 7260 7254 7261
f 7262 6702 6703
f 7263 7262 7264
f 7262 6703 7264
f 7264 6703 6706
f 7264 6706 7265
f 7265 6706 6705
f 7265 6705 7266
f 7266 6705 6699
f 7266 6699 7267
f 6699 6715 7267
f 7267 6715 6714
f 7267 6714 7268
f 7268 6714 6713
f 7268 6713 7269
f 7269 6713 6712
f 7269 6712 7270
f 7270 6712 6695
f 7270 6695 7271
f 7271 6695 6694
f 7271 6694 7272
f 7272 6694 6718
f 7272 6718 7273
f 7273 6718 6717
f 7273 6717 7274
f 7274 6717 6723
f 7274 6723 7275
f 6723 6722 7275
f 7275 6722 6721
f 7275 6721 7276
f 7276 6721 6720
f 7276 6720 7277
f 7277 6720 6728
f 7277 6728 7278
f 7278 6728 6727
f 7278 6727 7279
f 7279 6727 6725
f 7279 6725 7280
f 7280 6725 6724
f 7280 6724 7281
f 7281 6724 6735
f 7281 6735 7282
f 6735 6734 7282
f 7282 6734 6733
f 7282 6733 7283
f 7283 6733 6729
f 7283 6729 7284
f 7284 6729 6731
f 7284 6731 7285
f 7285 6731 6732
f 7285 6732 7286
f 7286 6732 6745
f 7286 6745 6747
f 6747 7287 7286
f 7286 7287 7288
f 7286 7288 7285
f 7285 7288 7289
f 7285 7289 7284
f 7284 7289 7290
f 7284 7290 7283
f 7283 7290 7291
f 7283 7291 7282
f 7282 7291 7292
f 7282 7292 7281
f 7281 7292 7293
f 7281 7293 7280
f 7280 7293 7294
f 7280 7294 7279
f 7279 7294 7295
f 7279 7295 7278
f 7278 7295 7296
f 7278 7296 7277
f 7277 7296 7297
f 7277 7297 7276
f 7276 7297 7298
f 7276 7298 7275
f 7275 7298 7299
f 7275 7299 7274
f 7274 7299 7300
f 7274 7300 7273
f 7273 7300 7301
f 7273 7301 7272
f 7272 7301 7302
f 7272 7302 7271
f 7271 7302 7303
f 7271 7303 7270
f 7270 7303 7304
f 7270 7304 7269
f 7269 7304 7305
f 7269 7305 7268
f 7268 7305 7306
f 7268 7306 7267
f 7267 7306 7307
f 7267 7307 7266
f 7266 7307 7308
f 7266 7308 7265
f 7265 7308 7309
f 7265 7309 7264
f 7264 7309 7310
f 7264 7310 7263
f 7263 7310 7311
f 7287 7312 7288
f 7288 7312 7313
f 7288 7313 7289
f 7289 7313 7314
f 7289 7314 7290
f 7290 7314 7315
f 7290 7315 7291
f 7291 7315 7316
f 7291 7316 7292
f 7292 7316 7317
f 7292 7317 7293
f 7293 7317 7318
f 7293 7318 7294
f 7294 7318 7319
f 7294 7319 7295
f 7295 7319 7320
f 7295 7320 7296
f 7296 7320 7321
f 7296 7321 7297
f 7297 7321 7322
f 7297 7322 7298
f 7298 7322 7323
f 7298 7323 7299
f 7299 7323 7324
f 7299 7324 7300
f 7300 7324 7325
f 7300 7325 7301
f 7301 7325 7326
f 7301 7326 7302
f 7302 7326 7327
f 7302 7327 7303
f 7303 7327 7328
f 7303 7328 7304
f 7304 7328 7329
f 7304 7329 7305
f 7305 7329 7330
f 7305 7330 7306
f 7306 7330 7331
f 7306 7331 7307
f 7307 7331 7332
f 7307 7332 7308
f 7308 7332 7333
f 7308 7333 7309
f 7309 7333 7334
f 7309 7334 7310
f 7310 7334 7335
f 7310 7335 7311
f 7311 7335 7336
f 7312 7251 7313
f 7313 7251 7253
f 7313 7253 7314
f 7314 7253 7258
f 7314 7258 7315
f 7315 7258 7256
f 7315 7256 7316
f 7316 7256 7249
f 7316 7249 7317
f 7317 7249 7247
f 7317 7247 7318
f 7318 7247 7245
f 7318 7245 7319
f 7319 7245 7242
f 7319 7242 7320
f 7320 7242 7240
f 7320 7240 7321
f 7321 7240 7238
f 7321 7238 7322
f 7322 7238 7236
f 7322 7236 7323
f 7323 7236 7234
f 7323 7234 7324
f 7324 7234 7232
f 7324 7232 7325
f 7325 7232 7230
f 7325 7230 7326
f 7326 7230 7228
f 7326 7228 7327
f 7327 7228 7226
f 7327 7226 7328
f 7328 7226 7225
f 7328 7225 7329
f 7329 7225 7207
f 7329 7207 7330
f 7330 7207 7209
f 7330 7209 7331
f 7331 7209 7211
f 7331 7211 7332
f 7332 7211 7213
f 7332 7213 7333
f 7333 7213 7215
f 7333 7215 7334
f 7334 7215 7217
f 7334 7217 7335
f 7335 7217 7219
f 7335 7219 7336
f 7336 7219 7221
f 6700 6702 7262
f 7337 7338 7339
f 7221 7220 7340
f 7340 7220 6287
f 7341 6871 6869
f 7342 7341 7343
f 7341 6869 7343
f 7343 6869 6867
f 7343 6867 7344
f 7344 6867 6866
f 7344 6866 7345
f 7345 6866 6875
f 7345 6875 7346
f 7346 6875 6874
f 7346 6874 7347
f 6874 6881 7347
f 7347 6881 6882
f 7347 6882 7348
f 7348 6882 6878
f 7348 6878 7349
f 7349 6878 6877
f 7349 6877 7350
f 6877 6884 7350
f 7350 6884 6886
f 7350 6886 7351
f 7351 6886 6887
f 7351 6887 7352
f 7352 6887 6892
f 7352 6892 7353
f 7353 6892 6891
f 7353 6891 7354
f 7354 6891 6889
f 7354 6889 7355
f 7355 6889 6888
f 7355 6888 7356
f 7356 6888 6899
f 7356 6899 7357
f 7357 6899 6898
f 7357 6898 7358
f 7358 6898 6897
f 7358 6897 7359
f 7359 6897 6896
f 7359 6896 7360
f 7360 6896 6895
f 6894 7361 6895
f 6895 7361 7362
f 6895 7362 7360
f 6894 6902 7361
f 7361 6902 6901
f 7361 6901 7363
f 7363 6901 6900
f 7363 6900 7364
f 7364 6900 6908
f 7364 6908 7365
f 7365 6908 6907
f 7365 6907 7366
f 6907 6906 7366
f 7366 6906 6905
f 7366 6905 7367
f 7367 6905 6904
f 6916 7368 6904
f 6904 7368 7369
f 6904 7369 7367
f 6916 6915 7368
f 7368 6915 6914
f 7368 6914 7370
f 7370 6914 6913
f 7370 6913 7371
f 7371 6913 6912
f 7371 6912 7372
f 7372 6912 6909
f 7372 6909 7373
f 7373 7374 7372
f 7372 7374 7375
f 7372 7375 7371
f 7371 7375 7376
f 7371 7376 7370
f 7370 7376 7377
f 7370 7377 7368
f 7368 7377 7378
f 7368 7378 7369
f 7369 7378 7379
f 7369 7379 7367
f 7367 7379 7380
f 7367 7380 7366
f 7366 7380 7381
f 7366 7381 7365
f 7365 7381 7382
f 7365 7382 7364
f 7364 7382 7383
f 7364 7383 7363
f 7363 7383 7384
f 7363 7384 7361
f 7361 7384 7385
f 7361 7385 7362
f 7362 7385 7386
f 7362 7386 7360
f 7360 7386 7387
f 7360 7387 7359
f 7359 7387 7388
f 7359 7388 7358
f 7358 7388 7389
f 7358 7389 7357
f 7357 7389 7390
f 7357 7390 7356
f 7356 7390 7391
f 7356 7391 7355
f 7355 7391 7392
f 7355 7392 7354
f 7354 7392 7393
f 7354 7393 7353
f 7353 7393 7394
f 7353 7394 7352
f 7352 7394 7395
f 7352 7395 7351
f 7351 7395 7396
f 7351 7396 7350
f 7350 7396 7397
f 7350 7397 7349
f 7349 7397 7398
f 7349 7398 7348
f 7348 7398 7399
f 7348 7399 7347
f 7347 7399 7400
f 7347 7400 7346
f 7346 7400 7401
f 7346 7401 7345
f 7345 7401 7402
f 7345 7402 7344
f 7344 7402 7403
f 7344 7403 7343
f 7343 7403 7404
f 7343 7404 7342
f 7342 7404 7405
f 7374 7406 7375
f 7375 7406 7407
f 7375 7407 7376
f 7376 7407 7408
f 7376 7408 7377
f 7377 7408 7409
f 7377 7409 7378
f 7378 7409 7410
f 7378 7410 7379
f 7379 7410 7411
f 7379 7411 7380
f 7380 7411 7412
f 7380 7412 7381
f 7381 7412 7413
f 7381 7413 7382
f 7382 7413 7414
f 7382 7414 7383
f 7383 7414 7415
f 7383 7415 7384
f 7384 7415 7416
f 7384 7416 7385
f 7385 7416 7417
f 7385 7417 7386
f 7386 7417 7418
f 7386 7418 7387
f 7387 7418 7419
f 7387 7419 7388
f 7388 7419 7420
f 7388 7420 7389
f 7389 7420 7421
f 7389 7421 7390
f 7390 7421 7422
f 7390 7422 7391
f 7391 7422 7423
f 7391 7423 7392
f 7392 7423 7424
f 7392 7424 7393
f 7393 7424 7425
f 7393 7425 7394
f 7394 7425 7426
f 7394 7426 7395
f 7395 7426 7427
f 7395 7427 7396
f 7396 7427 7428
f 7396 7428 7397
f 7397 7428 7429
f 7397 7429 7398
f 7398 7429 7430
f 7398 7430 7399
f 7399 7430 7431
f 7399 7431 7400
f 7400 7431 7432
f 7400 7432 7401
f 7401 7432 7433
f 7401 7433 7402
f 7402 7433 7434
f 7402 7434 7403
f 7403 7434 7435
f 7403 7435 7404
f 7404 7435 7339
f 7404 7339 7405
f 7405 7339 7338
f 7406 7340 7407
f 7407 7340 7436
f 7407 7436 7408
f 7408 7436 7437
f 7408 7437 7409
f 7409 7437 7438
f 7409 7438 7410
f 7410 7438 7439
f 7410 7439 7411
f 7411 7439 7440
f 7411 7440 7412
f 7412 7440 7441
f 7412 7441 7413
f 7413 7441 7442
f 7413 7442 7414
f 7414 7442 7443
f 7414 7443 7415
f 7415 7443 7444
f 7415 7444 7416
f 7416 7444 7445
f 7416 7445 7417
f 7417 7445 7446
f 7417 7446 7418
f 7418 7446 7447
f 7418 7447 7419
f 7419 7447 7448
f 7419 7448 7420
f 7420 7448 7449
f 7420 7449 7421
f 7421 7449 7450
f 7421 7450 7422
f 7422 7450 7451
f 7422 7451 7423
f 7423 7451 7452
f 7423 7452 7424
f 7424 7452 7453
f 7424 7453 7425
f 7425 7453 7454
f 7425 7454 7426
f 7426 7454 7455
f 7426 7455 7427
f 7427 7455 7456
f 7427 7456 7428
f 7428 7456 7457
f 7428 7457 7429
f 7429 7457 7458
f 7429 7458 7430
f 7430 7458 7459
f 7430 7459 7431
f 7431 7459 7460
f 7431 7460 7432
f 7432 7460 7461
f 7432 7461 7433
f 7433 7461 7462
f 7433 7462 7434
f 7434 7462 7463
f 7434 7463 7435
f 7435 7463 7464
f 7435 7464 7339
f 7339 7464 7465
f 7339 7465 7337
f 7337 7465 7466
f 7467 7466 6316
f 6316 7466 7465
f 6316 7465 6317
f 6317 7465 7464
f 6317 7464 6318
f 6318 7464 7463
f 6318 7463 6319
f 6319 7463 7462
f 6319 7462 6306
f 6306 7462 7461
f 6306 7461 6304
f 6304 7461 7460
f 6304 7460 6302
f 6302 7460 7459
f 6302 7459 6307
f 6307 7459 7458
f 6307 7458 6308
f 6308 7458 7457
f 6308 7457 6309
f 6309 7457 7456
f 6309 7456 6310
f 6310 7456 7455
f 6310 7455 6311
f 6311 7455 7454
f 6311 7454 6312
f 6312 7454 7453
f 6312 7453 6315
f 6315 7453 7452
f 6315 7452 6314
f 6314 7452 7451
f 6314 7451 6301
f 6301 7451 7450
f 6301 7450 6299
f 6299 7450 7449
f 6299 7449 6288
f 6288 7449 7448
f 6288 7448 6289
f 6289 7448 7447
f 6289 7447 6291
f 6291 7447 7446
f 6291 7446 6292
f 6292 7446 7445
f 6292 7445 6293
f 6293 7445 7444
f 6293 7444 6294
f 6294 7444 7443
f 6294 7443 6295
f 6295 7443 7442
f 6295 7442 6296
f 6296 7442 7441
f 6296 7441 6297
f 6297 7441 7440
f 6297 7440 6298
f 6298 7440 7439
f 6298 7439 6284
f 6284 7439 7438
f 6284 7438 6281
f 6281 7438 7437
f 6281 7437 6282
f 6282 7437 7436
f 6282 7436 6285
f 6285 7436 7340
f 6285 7340 6286
f 6286 7340 6287
f 6909 6700 7373
f 7373 6700 7262
f 7373 7262 7374
f 7374 7262 7263
f 7374 7263 7406
f 7406 7263 7311
f 7406 7311 7340
f 7340 7311 7336
f 7340 7336 7221
f 7252 7251 7468
f 7469 7470 6345
f 6345 7470 7471
f 6345 7471 7472
f 6811 6816 7473
f 7474 7287 6747
f 6375 7261 7254
f 6747 6752 7474
f 7474 6752 6751
f 7474 6751 7475
f 7475 6751 6749
f 7475 6749 7476
f 7476 6749 6748
f 7476 6748 7477
f 6748 6753 7477
f 7477 6753 6755
f 7477 6755 7478
f 7478 6755 6756
f 7478 6756 7479
f 7479 6756 6758
f 7479 6758 7480
f 6758 6770 7480
f 7480 6770 6771
f 7480 6771 7481
f 7481 6771 6769
f 7481 6769 7482
f 7482 6769 6768
f 7482 6768 7483
f 7483 6768 6778
f 7483 6778 7484
f 6778 6777 7484
f 7484 6777 6776
f 7484 6776 7485
f 7485 6776 6775
f 7485 6775 7486
f 7486 6775 6773
f 7486 6773 7487
f 7487 6773 6772
f 7487 6772 7488
f 6772 6779 7488
f 7488 6779 6781
f 7488 6781 7489
f 7489 6781 6784
f 7489 6784 7490
f 7490 6784 6783
f 7490 6783 7491
f 7491 6783 6790
f 7491 6790 7492
f 7492 6790 6789
f 7492 6789 7493
f 7493 6789 6788
f 7493 6788 7494
f 7494 6788 6787
f 6786 7495 6787
f 6787 7495 7496
f 6787 7496 7494
f 6786 6793 7495
f 7495 6793 6792
f 7495 6792 7497
f 7497 6792 6791
f 7497 6791 7498
f 7498 6791 6802
f 6801 7499 6802
f 6802 7499 7500
f 6802 7500 7498
f 7254 7501 6375
f 6375 7501 7502
f 6375 7502 6374
f 6374 7502 7503
f 6374 7503 6373
f 6373 7503 7504
f 6373 7504 6376
f 6376 7504 7505
f 6376 7505 6377
f 6377 7505 7506
f 6377 7506 6364
f 6364 7506 7507
f 6364 7507 6365
f 6365 7507 7508
f 6365 7508 6366
f 6366 7508 7509
f 6366 7509 6367
f 6367 7509 7510
f 6367 7510 6368
f 6368 7510 7511
f 6368 7511 6369
f 6369 7511 7512
f 6369 7512 6370
f 6370 7512 7513
f 6370 7513 6371
f 6371 7513 7514
f 6371 7514 6372
f 6372 7514 7515
f 6372 7515 6357
f 6357 7515 7516
f 6357 7516 6355
f 6355 7516 7517
f 6355 7517 6359
f 6359 7517 7518
f 6359 7518 6361
f 6361 7518 7519
f 6361 7519 6362
f 6362 7519 7520
f 6362 7520 6347
f 6347 7520 7521
f 6347 7521 6348
f 6348 7521 7522
f 6348 7522 6349
f 6349 7522 7523
f 6349 7523 6350
f 6350 7523 7524
f 6350 7524 6351
f 6351 7524 7525
f 6351 7525 6352
f 6352 7525 7526
f 6352 7526 6353
f 6353 7526 7527
f 6353 7527 6354
f 6354 7527 7528
f 6354 7528 6341
f 6341 7528 7529
f 6341 7529 6342
f 6342 7529 7469
f 6342 7469 6344
f 6344 7469 6345
f 6801 6805 7499
f 7499 6805 6806
f 7499 6806 7530
f 7530 6806 6807
f 7530 6807 7531
f 7531 6807 6809
f 7531 6809 7532
f 7532 6809 6811
f 7532 6811 7533
f 7533 6811 7473
f 7473 7534 7533
f 7533 7534 7535
f 7533 7535 7532
f 7532 7535 7536
f 7532 7536 7531
f 7531 7536 7537
f 7531 7537 7530
f 7530 7537 7538
f 7530 7538 7499
f 7499 7538 7539
f 7499 7539 7500
f 7500 7539 7540
f 7500 7540 7498
f 7498 7540 7541
f 7498 7541 7497
f 7497 7541 7542
f 7497 7542 7495
f 7495 7542 7543
f 7495 7543 7496
f 7496 7543 7544
f 7496 7544 7494
f 7494 7544 7545
f 7494 7545 7493
f 7493 7545 7546
f 7493 7546 7492
f 7492 7546 7547
f 7492 7547 7491
f 7491 7547 7548
f 7491 7548 7490
f 7490 7548 7549
f 7490 7549 7489
f 7489 7549 7550
f 7489 7550 7488
f 7488 7550 7551
f 7488 7551 7487
f 7487 7551 7552
f 7487 7552 7486
f 7486 7552 7553
f 7486 7553 7485
f 7485 7553 7554
f 7485 7554 7484
f 7484 7554 7555
f 7484 7555 7483
f 7483 7555 7556
f 7483 7556 7482
f 7482 7556 7557
f 7482 7557 7481
f 7481 7557 7558
f 7481 7558 7480
f 7480 7558 7559
f 7480 7559 7479
f 7479 7559 7560
f 7479 7560 7478
f 7478 7560 7561
f 7478 7561 7477
f 7477 7561 7562
f 7477 7562 7476
f 7476 7562 7563
f 7476 7563 7475
f 7475 7563 7564
f 7475 7564 7474
f 7474 7564 7565
f 7474 7565 7287
f 7287 7565 7312
f 7534 7566 7535
f 7535 7566 7567
f 7535 7567 7536
f 7536 7567 7568
f 7536 7568 7537
f 7537 7568 7569
f 7537 7569 7538
f 7538 7569 7570
f 7538 7570 7539
f 7539 7570 7571
f 7539 7571 7540
f 7540 7571 7572
f 7540 7572 7541
f 7541 7572 7573
f 7541 7573 7542
f 7542 7573 7574
f 7542 7574 7543
f 7543 7574 7575
f 7543 7575 7544
f 7544 7575 7576
f 7544 7576 7545
f 7545 7576 7577
f 7545 7577 7546
f 7546 7577 7578
f 7546 7578 7547
f 7547 7578 7579
f 7547 7579 7548
f 7548 7579 7580
f 7548 7580 7549
f 7549 7580 7581
f 7549 7581 7550
f 7550 7581 7582
f 7550 7582 7551
f 7551 7582 7583
f 7551 7583 7552
f 7552 7583 7584
f 7552 7584 7553
f 7553 7584 7585
f 7553 7585 7554
f 7554 7585 7586
f 7554 7586 7555
f 7555 7586 7587
f 7555 7587 7556
f 7556 7587 7588
f 7556 7588 7557
f 7557 7588 7589
f 7557 7589 7558
f 7558 7589 7590
f 7558 7590 7559
f 7559 7590 7591
f 7559 7591 7560
f 7560 7591 7592
f 7560 7592 7561
f 7561 7592 7593
f 7561 7593 7562
f 7562 7593 7594
f 7562 7594 7563
f 7563 7594 7595
f 7563 7595 7564
f 7564 7595 7596
f 7564 7596 7565
f 7565 7596 7468
f 7565 7468 7312
f 7312 7468 7251
f 7566 7471 7567
f 7567 7471 7470
f 7567 7470 7568
f 7568 7470 7469
f 7568 7469 7569
f 7569 7469 7529
f 7569 7529 7570
f 7570 7529 7528
f 7570 7528 7571
f 7571 7528 7527
f 7571 7527 7572
f 7572 7527 7526
f 7572 7526 7573
f 7573 7526 7525
f 7573 7525 7574
f 7574 7525 7524
f 7574 7524 7575
f 7575 7524 7523
f 7575 7523 7576
f 7576 7523 7522
f 7576 7522 7577
f 7577 7522 7521
f 7577 7521 7578
f 7578 7521 7520
f 7578 7520 7579
f 7579 7520 7519
f 7579 7519 7580
f 7580 7519 7518
f 7580 7518 7581
f 7581 7518 7517
f 7581 7517 7582
f 7582 7517 7516
f 7582 7516 7583
f 7583 7516 7515
f 7583 7515 7584
f 7584 7515 7514
f 7584 7514 7585
f 7585 7514 7513
f 7585 7513 7586
f 7586 7513 7512
f 7586 7512 7587
f 7587 7512 7511
f 7587 7511 7588
f 7588 7511 7510
f 7588 7510 7589
f 7589 7510 7509
f 7589 7509 7590
f 7590 7509 7508
f 7590 7508 7591
f 7591 7508 7507
f 7591 7507 7592
f 7592 7507 7506
f 7592 7506 7593
f 7593 7506 7505
f 7593 7505 7594
f 7594 7505 7504
f 7594 7504 7595
f 7595 7504 7503
f 7595 7503 7596
f 7596 7503 7502
f 7596 7502 7468
f 7468 7502 7501
f 7468 7501 7252
f 7252 7501 7254
f 7342 7405 7597
f 7598 7599 7600
f 7600 7599 7601
f 7600 7601 7602
f 7602 7601 7603
f 7602 7603 7604
f 7604 7603 7472
f 7605 7606 7598
f 7598 7606 7607
f 7598 7607 7599
f 7608 7609 7610
f 7610 7609 7611
f 7610 7611 7612
f 7612 7611 7605
f 7612 7605 7613
f 7613 7605 7598
f 7614 7615 7608
f 7608 7615 7616
f 7608 7616 7609
f 7608 7617 7614
f 7614 7617 7618
f 7614 7618 7619
f 7619 7618 7620
f 7619 7620 7621
f 7621 7620 7622
f 7621 7622 7623
f 7623 7622 7624
f 7623 7624 7625
f 7625 7624 7626
f 7625 7626 7627
f 7627 7626 7628
f 7627 7628 7629
f 7629 7628 7630
f 7629 7630 7631
f 7631 7630 7632
f 7631 7632 7633
f 7633 7632 7634
f 7633 7634 7635
f 7635 7634 7636
f 7636 7634 7637
f 7636 7637 7638
f 7638 7637 7639
f 7638 7639 7640
f 7640 7639 7641
f 7640 7641 7642
f 7642 7641 7643
f 7642 7643 7644
f 7338 7337 7645
f 7645 7337 7466
f 7644 7643 7646
f 7646 7643 7647
f 7646 7647 7648
f 7648 7647 7649
f 7648 7649 7650
f 7650 7649 7645
f 7650 7645 7651
f 7651 7645 7466
f 7651 7466 7467
f 7473 6816 6815
f 7534 7473 7652
f 7473 6815 7652
f 7652 6815 6813
f 7652 6813 7653
f 7653 6813 6812
f 7653 6812 7654
f 6812 6831 7654
f 7654 6831 6828
f 7654 6828 7655
f 7655 6828 6827
f 7655 6827 7656
f 7656 6827 6829
f 7656 6829 7657
f 7657 6829 6830
f 7657 6830 7658
f 7658 6830 6692
f 7658 6692 7659
f 6692 6691 7659
f 7659 6691 6836
f 7659 6836 7660
f 7660 6836 6835
f 7660 6835 7661
f 7661 6835 6833
f 7661 6833 7662
f 6833 6832 7662
f 7662 6832 6841
f 7662 6841 7663
f 7663 6841 6840
f 7663 6840 7664
f 7664 6840 6838
f 7664 6838 7665
f 7665 6838 6837
f 7665 6837 7666
f 6837 6846 7666
f 7666 6846 6845
f 7666 6845 7667
f 7667 6845 6843
f 7667 6843 7668
f 7668 6843 6842
f 7668 6842 7669
f 6842 6851 7669
f 7669 6851 6850
f 7669 6850 7670
f 7670 6850 6848
f 7670 6848 7671
f 7671 6848 6847
f 7671 6847 7672
f 7672 6847 6858
f 7672 6858 7673
f 6858 6864 7673
f 7673 6864 6865
f 7673 6865 7674
f 7674 6865 6861
f 7674 6861 7675
f 7675 6861 6872
f 7675 6872 7676
f 7676 6872 6871
f 6871 7341 7676
f 7676 7341 7677
f 7676 7677 7675
f 7675 7677 7678
f 7675 7678 7674
f 7674 7678 7679
f 7674 7679 7673
f 7673 7679 7680
f 7673 7680 7672
f 7672 7680 7681
f 7672 7681 7671
f 7671 7681 7682
f 7671 7682 7670
f 7670 7682 7683
f 7670 7683 7669
f 7669 7683 7684
f 7669 7684 7668
f 7668 7684 7685
f 7668 7685 7667
f 7667 7685 7686
f 7667 7686 7666
f 7666 7686 7687
f 7666 7687 7665
f 7665 7687 7688
f 7665 7688 7664
f 7664 7688 7689
f 7664 7689 7663
f 7663 7689 7690
f 7663 7690 7662
f 7662 7690 7691
f 7662 7691 7661
f 7661 7691 7692
f 7661 7692 7660
f 7660 7692 7693
f 7660 7693 7659
f 7659 7693 7694
f 7659 7694 7658
f 7658 7694 7695
f 7658 7695 7657
f 7657 7695 7696
f 7657 7696 7656
f 7656 7696 7697
f 7656 7697 7655
f 7655 7697 7698
f 7655 7698 7654
f 7654 7698 7699
f 7654 7699 7653
f 7653 7699 7700
f 7653 7700 7652
f 7652 7700 7701
f 7652 7701 7534
f 7534 7701 7566
f 7341 7342 7677
f 7677 7342 7597
f 7677 7597 7678
f 7678 7597 7702
f 7678 7702 7679
f 7679 7702 7703
f 7679 7703 7680
f 7680 7703 7704
f 7680 7704 7681
f 7681 7704 7705
f 7681 7705 7682
f 7682 7705 7706
f 7682 7706 7683
f 7683 7706 7707
f 7683 7707 7684
f 7684 7707 7708
f 7684 7708 7685
f 7685 7708 7709
f 7685 7709 7686
f 7686 7709 7710
f 7686 7710 7687
f 7687 7710 7711
f 7687 7711 7688
f 7688 7711 7712
f 7688 7712 7689
f 7689 7712 7713
f 7689 7713 7690
f 7690 7713 7714
f 7690 7714 7691
f 7691 7714 7715
f 7691 7715 7692
f 7692 7715 7716
f 7692 7716 7693
f 7693 7716 7717
f 7693 7717 7694
f 7694 7717 7718
f 7694 7718 7695
f 7695 7718 7719
f 7695 7719 7696
f 7696 7719 7720
f 7696 7720 7697
f 7697 7720 7721
f 7697 7721 7698
f 7698 7721 7722
f 7698 7722 7699
f 7699 7722 7723
f 7699 7723 7700
f 7700 7723 7724
f 7700 7724 7701
f 7701 7724 7725
f 7701 7725 7566
f 7566 7725 7471
f 7405 7338 7597
f 7597 7338 7645
f 7597 7645 7702
f 7702 7645 7649
f 7702 7649 7703
f 7703 7649 7647
f 7703 7647 7704
f 7704 7647 7643
f 7704 7643 7705
f 7705 7643 7641
f 7705 7641 7706
f 7706 7641 7639
f 7706 7639 7707
f 7707 7639 7637
f 7707 7637 7708
f 7708 7637 7634
f 7708 7634 7709
f 7709 7634 7632
f 7709 7632 7710
f 7710 7632 7630
f 7710 7630 7711
f 7711 7630 7628
f 7711 7628 7712
f 7712 7628 7626
f 7712 7626 7713
f 7713 7626 7624
f 7713 7624 7714
f 7714 7624 7622
f 7714 7622 7715
f 7715 7622 7620
f 7715 7620 7716
f 7716 7620 7618
f 7716 7618 7717
f 7717 7618 7617
f 7717 7617 7718
f 7718 7617 7608
f 7718 7608 7719
f 7719 7608 7610
f 7719 7610 7720
f 7720 7610 7612
f 7720 7612 7721
f 7721 7612 7613
f 7721 7613 7722
f 7722 7613 7598
f 7722 7598 7723
f 7723 7598 7600
f 7723 7600 7724
f 7724 7600 7602
f 7724 7602 7725
f 7725 7602 7604
f 7725 7604 7471
f 7471 7604 7472
f 5330 5334 7726
f 7726 5334 6510
f 7726 6510 7727
f 7727 6510 6511
f 7727 6511 7728
f 7728 6511 6522
f 7728 6522 7729
f 7729 6522 6521
f 7729 6521 7730
f 7730 6521 6520
f 7730 6520 7731
f 7731 6520 6515
f 7731 6515 7732
f 7732 6515 6516
f 7732 6516 7733
f 7733 6516 6518
f 7733 6518 7734
f 7734 6518 6519
f 7734 6519 7735
f 7735 6519 6492
f 7735 6492 5360
f 5360 6492 5362
f 7736 7731 7737
f 7737 7731 7732
f 7737 7732 7738
f 7738 7732 7733
f 7738 7733 7739
f 7739 7733 7734
f 7739 7734 7740
f 7740 7734 7735
f 7740 7735 5358
f 5358 7735 5360
f 5329 5330 7741
f 7741 5330 7726
f 7741 7726 7742
f 7742 7726 7727
f 7742 7727 7743
f 7743 7727 7728
f 7743 7728 7744
f 7744 7728 7729
f 7744 7729 7736
f 7736 7729 7730
f 7736 7730 7731
f 5328 5329 6687
f 6687 5329 7741
f 6687 7741 6688
f 6688 7741 7742
f 6688 7742 6689
f 6689 7742 7743
f 6689 7743 6690
f 6690 7743 7744
f 6690 7744 6682
f 6682 7744 7736
f 6682 7736 6683
f 6683 7736 7737
f 6683 7737 6684
f 6684 7737 7738
f 6684 7738 6685
f 6685 7738 7739
f 6685 7739 6686
f 6686 7739 7740
f 6686 7740 5359
f 5359 7740 5358
f 6660 7745 6659
f 6659 7745 7746
f 6659 7746 6656
f 6656 7746 7747
f 6656 7747 6657
f 6657 7747 7748
f 6657 7748 6648
f 6648 7748 7749
f 6648 7749 6649
f 6649 7749 7750
f 6649 7750 6650
f 6650 7750 7751
f 6650 7751 6652
f 6652 7751 7752
f 6652 7752 6644
f 6644 7752 7753
f 6644 7753 6645
f 6645 7753 7754
f 6645 7754 6662
f 6662 7754 7755
f 6662 7755 6661
f 6661 7755 7756
f 6661 7756 6660
f 6660 7756 7745
f 7751 7757 7752
f 7752 7757 7758
f 7752 7758 7753
f 7753 7758 7759
f 7753 7759 7754
f 7754 7759 7760
f 7754 7760 7755
f 7755 7760 7761
f 7755 7761 7756
f 7756 7761 7762
f 7756 7762 7745
f 7745 7762 7763
f 7745 7763 7746
f 7746 7763 7764
f 7746 7764 7747
f 7747 7764 7765
f 7747 7765 7748
f 7748 7765 7766
f 7748 7766 7749
f 7749 7766 7767
f 7749 7767 7750
f 7750 7767 7768
f 7750 7768 7751
f 7751 7768 7757
f 7763 6500 7764
f 7764 6500 6469
f 7764 6469 7765
f 7765 6469 6471
f 7765 6471 7766
f 7766 6471 6491
f 7766 6491 7767
f 7767 6491 6517
f 7767 6517 7768
f 7768 6517 6506
f 7768 6506 7757
f 7757 6506 6508
f 7757 6508 7758
f 7758 6508 6509
f 7758 6509 7759
f 7759 6509 6468
f 7759 6468 7760
f 7760 6468 6467
f 7760 6467 7761
f 7761 6467 6496
f 7761 6496 7762
f 7762 6496 6498
f 7762 6498 7763
f 7763 6498 6500
f 6329 7769 6340
f 6340 7769 7770
f 6340 7770 6339
f 6339 7770 7771
f 6339 7771 6338
f 6338 7771 7772
f 6338 7772 6337
f 6337 7772 7773
f 6337 7773 6334
f 6334 7773 7774
f 6334 7774 6335
f 6335 7774 7775
f 6335 7775 6336
f 6336 7775 7776
f 6336 7776 6326
f 6326 7776 7777
f 6326 7777 6327
f 6327 7777 7778
f 6327 7778 6328
f 6328 7778 7779
f 6328 7779 6331
f 6331 7779 7780
f 6331 7780 6329
f 6329 7780 7769
f 7771 7781 7772
f 7772 7781 7782
f 7772 7782 7773
f 7773 7782 7783
f 7773 7783 7774
f 7774 7783 7784
f 7774 7784 7775
f 7775 7784 7785
f 7775 7785 7776
f 7776 7785 7786
f 7776 7786 7777
f 7777 7786 7787
f 7777 7787 7778
f 7778 7787 7788
f 7778 7788 7779
f 7779 7788 7789
f 7779 7789 7780
f 7780 7789 7790
f 7780 7790 7769
f 7769 7790 7791
f 7769 7791 7770
f 7770 7791 7792
f 7770 7792 7771
f 7771 7792 7781
f 7791 6466 7792
f 7792 6466 6507
f 7792 6507 7781
f 7781 6507 6505
f 7781 6505 7782
f 7782 6505 6504
f 7782 6504 7783
f 7783 6504 6503
f 7783 6503 7784
f 7784 6503 6477
f 7784 6477 7785
f 7785 6477 6479
f 7785 6479 7786
f 7786 6479 6481
f 7786 6481 7787
f 7787 6481 6483
f 7787 6483 7788
f 7788 6483 6485
f 7788 6485 7789
f 7789 6485 6487
f 7789 6487 7790
f 7790 6487 6475
f 7790 6475 7791
f 7791 6475 6466
f 7793 5376 7794
f 7794 5376 5379
f 7794 5379 7795
f 7795 5379 5380
f 7795 5380 7796
f 7796 5380 5381
f 7796 5381 7797
f 7797 5381 5382
f 7797 5382 7798
f 7798 5382 5370
f 7798 5370 7799
f 7799 5370 5364
f 7799 5364 7800
f 7800 5364 5365
f 7800 5365 7801
f 7801 5365 5371
f 7801 5371 7802
f 7802 5371 5372
f 7802 5372 7803
f 7803 5372 5374
f 7803 5374 7804
f 7804 5374 5375
f 7804 5375 7793
f 7793 5375 5376
f 7797 7798 7805
f 7805 7798 7799
f 7805 7799 7800
f 7794 7795 7805
f 7805 7795 7796
f 7805 7796 7797
f 7803 7804 7805
f 7805 7804 7793
f 7805 7793 7794
f 7800 7801 7805
f 7805 7801 7802
f 7805 7802 7803
f 7806 5392 7807
f 7807 5392 5394
f 7807 5394 7808
f 7808 5394 5395
f 7808 5395 7809
f 7809 5395 5377
f 7809 5377 7810
f 7810 5377 5378
f 7810 5378 7811
f 7811 5378 5387
f 7811 5387 7812
f 7812 5387 5388
f 7812 5388 7813
f 7813 5388 5389
f 7813 5389 7814
f 7814 5389 5390
f 7814 5390 7815
f 7815 5390 5384
f 7815 5384 7816
f 7816 5384 5386
f 7816 5386 7817
f 7817 5386 5391
f 7817 5391 7806
f 7806 5391 5392
f 7810 7811 7818
f 7818 7811 7812
f 7818 7812 7813
f 7807 7808 7818
f 7818 7808 7809
f 7818 7809 7810
f 7816 7817 7818
f 7818 7817 7806
f 7818 7806 7807
f 7813 7814 7818
f 7818 7814 7815
f 7818 7815 7816
f 7819 5337 7820
f 7820 5337 5336
f 7820 5336 7821
f 7821 5336 5342
f 7821 5342 7822
f 7822 5342 5343
f 7822 5343 7823
f 7823 5343 5344
f 7823 5344 7824
f 7824 5344 5320
f 7824 5320 7825
f 7825 5320 5321
f 7825 5321 7826
f 7826 5321 5339
f 7826 5339 7827
f 7827 5339 5340
f 7827 5340 7828
f 7828 5340 5341
f 7828 5341 7829
f 7829 5341 5332
f 7829 5332 7830
f 7830 5332 5338
f 7830 5338 7819
f 7819 5338 5337
f 7829 7830 7831
f 7831 7830 7819
f 7831 7819 7820
f 7826 7827 7831
f 7831 7827 7828
f 7831 7828 7829
f 7823 7824 7831
f 7831 7824 7825
f 7831 7825 7826
f 7820 7821 7831
f 7831 7821 7822
f 7831 7822 7823
f 7832 5356 7833
f 7833 5356 5357
f 7833 5357 7834
f 7834 5357 5349
f 7834 5349 7835
f 7835 5349 5350
f 7835 5350 7836
f 7836 5350 5351
f 7836 5351 7837
f 7837 5351 5352
f 7837 5352 7838
f 7838 5352 5353
f 7838 5353 7839
f 7839 5353 5354
f 7839 5354 7840
f 7840 5354 5346
f 7840 5346 7841
f 7841 5346 5347
f 7841 5347 7842
f 7842 5347 5348
f 7842 5348 7843
f 7843 5348 5355
f 7843 5355 7832
f 7832 5355 5356
f 7842 7843 7844
f 7844 7843 7832
f 7844 7832 7833
f 7839 7840 7844
f 7844 7840 7841
f 7844 7841 7842
f 7836 7837 7844
f 7844 7837 7838
f 7844 7838 7839
f 7833 7834 7844
f 7844 7834 7835
f 7844 7835 7836
f 6766 6999 6998
f 6766 6998 6737
f 6737 6998 6997
f 6737 6997 6738
f 6738 6997 6996
f 6738 6996 6739
f 6739 6996 6995
f 6739 6995 6742
f 6742 6995 6994
f 6742 6994 6741
f 6741 6994 6993
f 6741 6993 6740
f 6740 6993 6991
f 6740 6991 6743
f 6743 6991 6990
f 6743 6990 6744
f 6744 6990 7011
f 6744 7011 6746
f 6746 7011 6750
f 6750 7011 7010
f 6750 7010 6754
f 6754 7010 7008
f 6754 7008 7007
f 6754 7007 6757
f 6757 7007 7001
f 6757 7001 6759
f 6759 7001 6760
f 6760 7001 7000
f 6760 7000 6762
f 6762 7000 7006
f 6762 7006 6763
f 6763 7006 7005
f 6763 7005 6764
f 7005 7004 6764
f 6764 7004 7003
f 6764 7003 6765
f 6765 7003 6999
f 6765 6999 6766
f 6924 7032 6853
f 6853 7032 7031
f 6853 7031 6854
f 6854 7031 7028
f 6854 7028 6855
f 6855 7028 6856
f 6856 7028 7029
f 6856 7029 6857
f 6857 7029 7030
f 6857 7030 6862
f 6862 7030 7027
f 6862 7027 6863
f 7027 7026 6863
f 6863 7026 7025
f 6863 7025 6859
f 6859 7025 6860
f 6860 7025 7024
f 6860 7024 6870
f 6870 7024 6868
f 6868 7024 7022
f 6868 7022 7021
f 7017 6873 7019
f 7019 6873 6868
f 7019 6868 7021
f 6876 6880 7017
f 7017 6880 6879
f 7017 6879 6873
f 7017 7016 6876
f 6876 7016 7013
f 6876 7013 6918
f 6918 7013 6920
f 6920 7013 7012
f 6920 7012 6921
f 6921 7012 7015
f 6921 7015 6922
f 6922 7015 7014
f 6922 7014 6923
f 7032 6924 7033
f 7033 6924 6923
f 7033 6923 7014
f 6926 7038 6928
f 6928 7038 7037
f 6928 7037 7055
f 6911 7043 6701
f 6701 7043 7042
f 6701 7042 6704
f 6704 7042 7041
f 6704 7041 6697
f 6697 7041 7040
f 6697 7040 6698
f 6698 7040 7035
f 6698 7035 6707
f 6707 7035 7034
f 6707 7034 6708
f 6708 7034 7036
f 6708 7036 6710
f 6710 7036 6925
f 6925 7036 7038
f 6925 7038 6926
f 7043 6911 7045
f 7045 6911 6910
f 7045 6910 7047
f 6928 7055 7054
f 6928 7054 6929
f 6929 7054 7053
f 6929 7053 6930
f 6930 7053 6931
f 6931 7053 7052
f 6931 7052 6932
f 7052 7051 6932
f 6932 7051 7050
f 6932 7050 6933
f 6933 7050 7049
f 6933 7049 6934
f 6934 7049 7048
f 6934 7048 6917
f 6917 7048 7047
f 6917 7047 6910
f 6814 7076 7075
f 6814 7075 6821
f 6821 7075 7069
f 6821 7069 6822
f 6822 7069 6823
f 6823 7069 7068
f 6823 7068 6820
f 6820 7068 7074
f 6820 7074 6817
f 6817 7074 7073
f 6817 7073 6818
f 7073 7072 6818
f 6818 7072 7071
f 6818 7071 6824
f 6824 7071 7067
f 6824 7067 6825
f 6808 7057 7077
f 6808 7077 6810
f 6810 7077 7076
f 6810 7076 6814
f 6798 7065 7064
f 6798 7064 6799
f 6799 7064 7063
f 6799 7063 6794
f 6794 7063 7062
f 6794 7062 6795
f 6795 7062 7061
f 6795 7061 6800
f 6800 7061 7060
f 6800 7060 6803
f 6803 7060 7059
f 6803 7059 6804
f 6804 7059 7057
f 6804 7057 6808
f 6825 7067 6826
f 6826 7067 7066
f 6826 7066 6798
f 6798 7066 7065
f 6333 6679 6130
f 6130 6679 7845
f 6130 7845 7846
f 6677 7847 6679
f 6679 7847 7848
f 6679 7848 7845
f 7845 7848 7849
f 7845 7849 7100
f 7104 7103 7850
f 7850 7103 7851
f 6676 6678 7852
f 7852 6678 7850
f 7852 7850 7853
f 7853 7850 7851
f 7854 6676 7855
f 7855 6676 7852
f 7854 7856 6676
f 6676 7856 7857
f 6676 7857 6677
f 6677 7857 7858
f 6677 7858 7859
f 7859 7860 6677
f 6677 7860 7861
f 6677 7861 7847
f 6667 7862 6668
f 6668 7862 6681
f 7862 7863 6681
f 6681 7863 7864
f 6681 7864 6680
f 7864 7865 6680
f 6680 7865 7866
f 6680 7866 6678
f 6678 7866 7867
f 6678 7867 7850
f 6679 6333 6332
f 6679 6332 6675
f 6675 6332 6330
f 6675 6330 6674
f 6674 6330 6270
f 6674 6270 6269
f 6130 7846 6128
f 6128 7846 7868
f 6128 7868 6126
f 6126 7868 6120
f 6283 6287 6484
f 6484 6482 6283
f 6283 6482 6480
f 6283 6480 6290
f 6290 6480 6478
f 6290 6478 6300
f 6300 6478 6514
f 6300 6514 6320
f 6320 6514 6513
f 6320 6513 6322
f 6322 6513 6512
f 6322 6512 6324
f 6324 6512 5335
f 6324 5335 5323
f 6484 6287 6486
f 6486 6287 7220
f 6473 6474 7235
f 7250 7255 6494
f 7255 7257 6494
f 6494 7257 7259
f 6494 7259 6495
f 6495 7259 7260
f 6495 7260 7261
f 7243 7244 6493
f 6493 7244 7246
f 6493 7246 6494
f 6494 7246 7248
f 6494 7248 7250
f 7235 7237 6473
f 6473 7237 7239
f 6473 7239 6493
f 6493 7239 7241
f 6493 7241 7243
f 7227 7229 6476
f 6476 7229 7231
f 6476 7231 6474
f 6474 7231 7233
f 6474 7233 7235
f 7227 6476 7222
f 7222 6476 6489
f 7222 6489 7223
f 7212 7210 6488
f 6488 7210 7208
f 6488 7208 6489
f 6489 7208 7224
f 6489 7224 7223
f 7220 7218 6486
f 6486 7218 7216
f 6486 7216 6488
f 6488 7216 7214
f 6488 7214 7212
f 6497 6375 6363
f 6497 6363 6499
f 6499 6363 6358
f 6499 6358 6501
f 6501 6358 6356
f 6501 6356 6502
f 6502 6356 6379
f 6502 6379 6470
f 6470 6379 6381
f 6470 6381 6472
f 6472 6381 6383
f 6472 6383 6490
f 6490 6383 5369
f 6490 5369 5363
f 6497 6495 6375
f 6375 6495 7261
f 6427 6316 6305
f 6427 6305 6428
f 6428 6305 6303
f 6428 6303 6430
f 6430 6303 6313
f 6430 6313 6432
f 6432 6313 6321
f 6432 6321 6434
f 6434 6321 6323
f 6434 6323 6436
f 6436 6323 6325
f 6436 6325 6438
f 6438 6325 5324
f 6438 5324 5331
f 6316 6427 7467
f 7467 6427 6403
f 7651 7467 6403
f 7607 7606 6450
f 7472 7603 6452
f 6452 7603 7601
f 6452 7601 6450
f 6450 7601 7599
f 6450 7599 7607
f 7606 7605 6450
f 6450 7605 7611
f 6450 7611 6449
f 6449 7611 7609
f 6449 7609 7616
f 7619 6448 7614
f 7614 6448 6449
f 7614 6449 7615
f 7615 6449 7616
f 7619 7621 6448
f 6448 7621 7623
f 6448 7623 6401
f 7629 6399 7627
f 7627 6399 6401
f 7627 6401 7625
f 7625 6401 7623
f 7635 6397 7633
f 7633 6397 6399
f 7633 6399 7631
f 7631 6399 7629
f 7642 7644 6395
f 7635 7636 6397
f 6397 7636 7638
f 6397 7638 6395
f 6395 7638 7640
f 6395 7640 7642
f 7644 7646 6395
f 6395 7646 7648
f 6395 7648 6403
f 6403 7648 7650
f 6403 7650 7651
f 7472 6452 6345
f 6345 6452 6454
f 6343 6345 6454
f 6454 6456 6343
f 6343 6456 6412
f 6343 6412 6346
f 6346 6412 6414
f 6346 6414 6360
f 6360 6414 6416
f 6360 6416 6378
f 6378 6416 6418
f 6378 6418 6380
f 6380 6418 6420
f 6380 6420 6382
f 6382 6420 5383
f 6382 5383 5368
f 6782 6780 6936
f 6936 6989 6782
f 6782 6989 6988
f 6782 6988 6785
f 6785 6988 6986
f 6785 6986 6796
f 6796 6986 6984
f 6796 6984 6797
f 6797 6984 6982
f 6797 6982 6819
f 6819 6982 6980
f 6819 6980 6693
f 6693 6980 6978
f 6693 6978 6834
f 6834 6978 6976
f 6834 6976 6839
f 6839 6976 6974
f 6839 6974 6844
f 6844 6974 6972
f 6844 6972 6849
f 6849 6972 6971
f 6849 6971 6852
f 6852 6971 6969
f 6852 6969 6919
f 6919 6969 6967
f 6919 6967 6883
f 6883 6967 6965
f 6883 6965 6885
f 6885 6965 6963
f 6885 6963 6890
f 6890 6963 6961
f 6890 6961 6893
f 6893 6961 6959
f 6893 6959 6903
f 6903 6959 6957
f 6903 6957 6927
f 6927 6957 6955
f 6927 6955 6711
f 6711 6955 6954
f 6711 6954 6709
f 6709 6954 6952
f 6709 6952 6696
f 6696 6952 6950
f 6696 6950 6716
f 6716 6950 6948
f 6716 6948 6719
f 6719 6948 6946
f 6719 6946 6726
f 6726 6946 6944
f 6726 6944 6730
f 6730 6944 6942
f 6730 6942 6736
f 6736 6942 6940
f 6736 6940 6761
f 6761 6940 6938
f 6761 6938 6767
f 6767 6938 6936
f 6767 6936 6774
f 6774 6936 6780
f 7846 7845 7869
f 6118 6120 7869
f 7869 6120 7868
f 7869 7868 7846
f 7099 7869 7100
f 7100 7869 7845
f 6118 7869 6122
f 6122 7869 7099
f 6122 7099 6123
f 6647 6667 6655
f 6667 6647 7862
f 7862 6647 6646
f 7862 6646 7863
f 7863 6646 7864
f 7864 6646 6651
f 7864 6651 7865
f 7865 6651 7866
f 7866 6651 6653
f 7866 6653 7867
f 7867 6653 6654
f 7867 6654 7850
f 7105 7098 7870
f 7870 7098 7871
f 7871 7098 7872
f 7872 7098 7104
f 7872 7104 6643
f 6643 7104 7850
f 6643 7850 6654
f 7853 7851 7873
f 7873 7851 7103
f 7874 7848 7847
f 7092 7100 7849
f 7847 7861 7874
f 7874 7861 7860
f 7874 7860 7875
f 7875 7860 7859
f 7875 7859 7876
f 7876 7859 7858
f 7876 7858 7877
f 7877 7858 7857
f 7877 7857 7878
f 7878 7857 7856
f 7878 7856 7879
f 7879 7856 7854
f 7879 7854 7880
f 7880 7854 7855
f 7880 7855 7873
f 7873 7855 7852
f 7873 7852 7853
f 7103 7102 7873
f 7873 7102 7101
f 7873 7101 7880
f 7880 7101 7097
f 7880 7097 7879
f 7879 7097 7096
f 7879 7096 7878
f 7878 7096 7095
f 7878 7095 7877
f 7877 7095 7094
f 7877 7094 7876
f 7876 7094 7093
f 7876 7093 7875
f 7875 7093 7092
f 7875 7092 7874
f 7874 7092 7849
f 7874 7849 7848
f 7108 7881 7109
f 7870 7871 7882
f 6642 6614 6613
f 7883 7884 6642
f 7885 7886 6242
f 6242 7886 7887
f 6242 7887 7106
f 7887 7888 7106
f 7106 7888 7889
f 7106 7889 7116
f 7890 7118 7891
f 7891 7118 7117
f 7891 7117 7892
f 7112 7111 7890
f 7890 7111 7110
f 7890 7110 7118
f 7893 7107 7894
f 7894 7107 7112
f 7894 7112 7895
f 7895 7112 7890
f 7881 6591 7109
f 7109 6591 6599
f 7109 6599 6598
f 7108 7107 7881
f 7881 7107 7893
f 7881 7893 6591
f 6591 7893 6592
f 7896 6572 7897
f 7897 6572 6573
f 7897 6573 6593
f 6242 6241 7885
f 7885 6241 6239
f 7885 6239 7898
f 7898 6239 6238
f 7898 6238 7899
f 7899 6238 6247
f 7899 6247 7900
f 7900 6247 6246
f 7900 6246 7901
f 7901 6246 6244
f 7901 6244 7902
f 7902 6244 6243
f 7902 6243 7903
f 7903 6243 6254
f 7903 6254 7904
f 7904 6254 6253
f 7904 6253 7905
f 7905 6253 6252
f 7905 6252 7906
f 7906 6252 6251
f 7906 6251 7907
f 7907 6251 6249
f 7907 6249 7908
f 7908 6249 6248
f 7908 6248 7882
f 7882 6248 7105
f 7882 7105 7870
f 7872 7909 7871
f 7871 7909 7910
f 7871 7910 7882
f 7882 7910 7911
f 7882 7911 7908
f 7908 7911 7912
f 7908 7912 7907
f 7907 7912 7913
f 7907 7913 7906
f 7906 7913 7914
f 7906 7914 7905
f 7905 7914 7915
f 7905 7915 7904
f 7904 7915 7916
f 7904 7916 7903
f 7903 7916 7917
f 7903 7917 7902
f 7902 7917 7918
f 7902 7918 7901
f 7901 7918 7919
f 7901 7919 7900
f 7900 7919 7920
f 7900 7920 7899
f 7899 7920 7921
f 7899 7921 7898
f 7898 7921 7922
f 7898 7922 7885
f 7885 7922 7923
f 7885 7923 7886
f 7886 7923 7924
f 7886 7924 7887
f 7887 7924 7925
f 7887 7925 7888
f 7888 7925 7892
f 7888 7892 7889
f 7889 7892 7117
f 7889 7117 7116
f 6642 6613 7883
f 7883 6613 6628
f 7883 6628 7926
f 7926 6628 6627
f 7926 6627 7927
f 7927 6627 6626
f 7927 6626 7928
f 7928 6626 6625
f 7928 6625 7929
f 7929 6625 6624
f 7929 6624 7930
f 7930 6624 6623
f 7930 6623 7931
f 7931 6623 6622
f 7931 6622 7932
f 7932 6622 6621
f 7932 6621 7933
f 7933 6621 6619
f 7933 6619 7934
f 7934 6619 6618
f 7934 6618 7935
f 7935 6618 6617
f 7935 6617 7936
f 7936 6617 6616
f 7936 6616 7937
f 7937 6616 6636
f 7937 6636 7938
f 7938 6636 6635
f 7938 6635 7939
f 7939 6635 6634
f 7939 6634 7940
f 7940 6634 6633
f 7940 6633 7941
f 7941 6633 6632
f 7941 6632 7942
f 7942 6632 6631
f 7942 6631 7943
f 7943 6631 6629
f 7943 6629 7944
f 7944 6629 6630
f 7944 6630 7896
f 7896 6630 6570
f 7896 6570 6572
f 6592 7893 6593
f 6593 7893 7894
f 6593 7894 7897
f 7897 7894 7895
f 7897 7895 7896
f 7896 7895 7890
f 7896 7890 7944
f 7944 7890 7891
f 7944 7891 7943
f 7943 7891 7892
f 7943 7892 7942
f 7942 7892 7925
f 7942 7925 7941
f 7941 7925 7924
f 7941 7924 7940
f 7940 7924 7923
f 7940 7923 7939
f 7939 7923 7922
f 7939 7922 7938
f 7938 7922 7921
f 7938 7921 7937
f 7937 7921 7920
f 7937 7920 7936
f 7936 7920 7919
f 7936 7919 7935
f 7935 7919 7918
f 7935 7918 7934
f 7934 7918 7917
f 7934 7917 7933
f 7933 7917 7916
f 7933 7916 7932
f 7932 7916 7915
f 7932 7915 7931
f 7931 7915 7914
f 7931 7914 7930
f 7930 7914 7913
f 7930 7913 7929
f 7929 7913 7912
f 7929 7912 7928
f 7928 7912 7911
f 7928 7911 7927
f 7927 7911 7910
f 7927 7910 7926
f 7926 7910 7909
f 7926 7909 7883
f 7883 7909 7872
f 7883 7872 7884
f 7884 7872 6643
f 7884 6643 6642

