mtllib material.mtl
usemtl mtl_LINK3
v 0.22864686 0.01208468 0.06753056
v 0.22864686 0.01414208 0.06932452
v 0.22864686 0.01272787 0.07073874
v 0.22864686 0.01593605 0.07138193
v 0.22864686 0.01579817 0.07484018
v 0.22864686 0.01860552 0.07612958
v 0.22864686 0.01758859 0.07964049
v 0.22864686 0.01989510 0.08142138
v 0.22864686 0.01795409 0.08475077
v 0.22864686 0.01970914 0.08686487
v 0.22864686 0.01686504 0.08975702
v 0.22864686 0.01806144 0.09205633
v 0.22864686 0.01440969 0.09425366
v 0.22864686 0.01507421 0.09661073
v 0.22864686 0.01078695 0.09787641
v 0.22864686 0.01096899 0.10019030
v 0.22864686 0.00629030 0.10033175
v 0.22864686 0.00605024 0.10252956
v 0.22864686 0.00128406 0.10142080
v 0.22864686 0.00068277 0.10345500
v 0.22864686 -0.00382623 0.10105531
v 0.22864686 -0.00473534 0.10289800
v 0.22864686 -0.00862653 0.09926488
v 0.22864686 -0.00980225 0.10089988
v 0.22864686 -0.01272797 0.09619458
v 0.22864686 -0.01414219 0.09760880
v 0.22864686 -0.01579827 0.09209315
v 0.22864686 -0.01743326 0.09326886
v 0.22864686 -0.01758869 0.08729284
v 0.22864686 -0.01943139 0.08820195
v 0.22864686 -0.01795419 0.08218256
v 0.22864686 -0.01998839 0.08278384
v 0.22864686 -0.01686515 0.07717631
v 0.22864686 -0.01906295 0.07741637
v 0.22864686 -0.01440979 0.07267966
v 0.22864686 -0.01672369 0.07249763
v 0.22864686 -0.01078705 0.06905692
v 0.22864686 -0.01314412 0.06839240
v 0.22864686 -0.00629041 0.06660157
v 0.22864686 -0.00858972 0.06540517
v 0.22864686 -0.00128416 0.06551252
v 0.22864686 -0.00339826 0.06375747
v 0.22864686 0.00382612 0.06587802
v 0.22864686 0.00204523 0.06357152
v 0.22864686 0.00862643 0.06766844
v 0.22864686 0.00733703 0.06486110
v 0.07864685 0.01593605 0.07138193
v 0.07864685 0.01414208 0.06932452
v 0.07864685 0.01272787 0.07073874
v 0.07864685 0.01208468 0.06753056
v 0.07864685 0.00862643 0.06766844
v 0.07864685 0.00733703 0.06486110
v 0.07864685 0.00382612 0.06587802
v 0.07864685 0.00204523 0.06357152
v 0.07864685 -0.00128416 0.06551252
v 0.07864685 -0.00339826 0.06375747
v 0.07864685 -0.00629041 0.06660157
v 0.07864685 -0.00858972 0.06540517
v 0.07864685 -0.01078705 0.06905692
v 0.07864685 -0.01314412 0.06839240
v 0.07864685 -0.01440979 0.07267966
v 0.07864685 -0.01672369 0.07249763
v 0.07864685 -0.01686515 0.07717631
v 0.07864685 -0.01906295 0.07741637
v 0.07864685 -0.01795419 0.08218256
v 0.07864685 -0.01998839 0.08278384
v 0.07864685 -0.01758869 0.08729284
v 0.07864685 -0.01943139 0.08820195
v 0.07864685 -0.01579827 0.09209315
v 0.07864685 -0.01743326 0.09326886
v 0.07864685 -0.01272797 0.09619458
v 0.07864685 -0.01414219 0.09760880
v 0.07864685 -0.00862653 0.09926488
v 0.07864685 -0.00980225 0.10089988
v 0.07864685 -0.00382623 0.10105531
v 0.07864685 -0.00473534 0.10289800
v 0.07864685 0.00128406 0.10142080
v 0.07864685 0.00068277 0.10345500
v 0.07864685 0.00629030 0.10033175
v 0.07864685 0.00605024 0.10252956
v 0.07864685 0.01078695 0.09787641
v 0.07864685 0.01096899 0.10019030
v 0.07864685 0.01440969 0.09425366
v 0.07864685 0.01507421 0.09661073
v 0.07864685 0.01686504 0.08975702
v 0.07864685 0.01806144 0.09205633
v 0.07864685 0.01795409 0.08475077
v 0.07864685 0.01970914 0.08686487
v 0.07864685 0.01758859 0.07964049
v 0.07864685 0.01989510 0.08142138
v 0.07864685 0.01579817 0.07484018
v 0.07864685 0.01860552 0.07612958
v 0.09703478 -0.01308045 0.09859621
v 0.09739686 -0.01319376 0.09849750
v 0.15364686 -0.00980225 0.10089988
v 0.09534782 -0.01360191 0.09812918
v 0.09589685 -0.01319376 0.09849750
v 0.09625898 -0.01308043 0.09859622
v 0.09664685 -0.01304170 0.09862963
v 0.09794589 -0.01360191 0.09812918
v 0.09809534 -0.01386392 0.09788169
v 0.15364686 -0.01414219 0.09760880
v 0.09814686 -0.01414219 0.09760880
v 0.15364686 -0.01743326 0.09326886
v 0.09809583 -0.01441381 0.09733185
v 0.09794589 -0.01466257 0.09706852
v 0.09739686 -0.01503088 0.09666038
v 0.09703552 -0.01512947 0.09654721
v 0.09589685 -0.01503088 0.09666038
v 0.09625849 -0.01512952 0.09654715
v 0.09664685 -0.01516302 0.09650831
v 0.09534782 -0.01466257 0.09706852
v 0.09519800 -0.01441412 0.09733153
v 0.09514686 -0.01414219 0.09760880
v 0.09519807 -0.01386472 0.09788092
v 0.20919807 -0.01386472 0.09788092
v 0.18227093 -0.00980225 0.10089988
v 0.18351218 -0.01076201 0.10032430
v 0.20934781 -0.01360191 0.09812918
v 0.20989685 -0.01319376 0.09849750
v 0.21025898 -0.01308043 0.09859622
v 0.21139686 -0.01319376 0.09849750
v 0.21103477 -0.01308045 0.09859621
v 0.21064685 -0.01304170 0.09862963
v 0.21025848 -0.01512952 0.09654715
v 0.20989685 -0.01503088 0.09666038
v 0.18227093 -0.01743326 0.09326886
v 0.21194589 -0.01360191 0.09812918
v 0.21209534 -0.01386392 0.09788169
v 0.21214685 -0.01414219 0.09760880
v 0.21209583 -0.01441381 0.09733185
v 0.21194589 -0.01466257 0.09706852
v 0.21139686 -0.01503088 0.09666038
v 0.21103552 -0.01512947 0.09654721
v 0.21064685 -0.01516302 0.09650831
v 0.20934781 -0.01466257 0.09706852
v 0.20919800 -0.01441412 0.09733153
v 0.18351218 -0.01685769 0.09422863
v 0.18440050 -0.01611799 0.09530777
v 0.18440104 -0.01184200 0.09958399
v 0.18495798 -0.01299941 0.09866590
v 0.20914686 -0.01414219 0.09760880
v 0.18514685 -0.01414219 0.09760880
v 0.18495798 -0.01519929 0.09646602
v 0.21025848 0.01308044 0.09859613
v 0.20989685 0.01319366 0.09849750
v 0.15364686 0.01096899 0.10019030
v 0.21139686 0.01503078 0.09666038
v 0.21194589 0.01466247 0.09706852
v 0.21209534 0.01441498 0.09733053
v 0.21214685 0.01414208 0.09760880
v 0.21209583 0.01386514 0.09788042
v 0.21194589 0.01360181 0.09812918
v 0.21139686 0.01319366 0.09849750
v 0.21103552 0.01308050 0.09859608
v 0.21064685 0.01304159 0.09862963
v 0.20914686 0.01414208 0.09760880
v 0.15364686 0.01507421 0.09661073
v 0.20919800 0.01386482 0.09788074
v 0.20934781 0.01360181 0.09812918
v 0.20919807 0.01441421 0.09733134
v 0.20934781 0.01466247 0.09706852
v 0.20989685 0.01503078 0.09666038
v 0.21002461 0.01507421 0.09661073
v 0.21064685 0.01516291 0.09650831
v 0.15364686 0.01806144 0.09205633
v 0.21126910 0.01507421 0.09661073
v 0.21209583 -0.01386524 0.06905290
v 0.21194589 -0.01360191 0.06880414
v 0.20989685 -0.01319376 0.06843583
v 0.20934781 -0.01360191 0.06880414
v 0.15364686 -0.01314412 0.06839240
v 0.20919800 -0.01386492 0.06905259
v 0.20914686 -0.01414219 0.06932452
v 0.15364686 -0.01672369 0.07249763
v 0.20919807 -0.01441431 0.06960199
v 0.20934781 -0.01466257 0.06986480
v 0.20989685 -0.01503088 0.07027294
v 0.21025898 -0.01512961 0.07038628
v 0.21064685 -0.01516302 0.07042502
v 0.21103477 -0.01512960 0.07038627
v 0.21139686 -0.01503088 0.07027294
v 0.21194589 -0.01466257 0.06986480
v 0.21209534 -0.01441508 0.06960279
v 0.21214685 -0.01414219 0.06932452
v 0.21064685 -0.01304170 0.06830370
v 0.21126910 -0.01314412 0.06839240
v 0.21139686 -0.01319376 0.06843583
v 0.21002461 -0.01314412 0.06839240
v 0.15364686 -0.00858972 0.06540517
v 0.09519807 0.01441421 0.09733134
v 0.09534782 0.01466247 0.09706852
v 0.09794589 0.01466247 0.09706852
v 0.09739686 0.01503078 0.09666038
v 0.09726910 0.01507421 0.09661073
v 0.09809534 0.01441498 0.09733053
v 0.09814686 0.01414208 0.09760880
v 0.09809583 0.01386514 0.09788042
v 0.09794589 0.01360181 0.09812918
v 0.09739686 0.01319366 0.09849750
v 0.09703552 0.01308050 0.09859608
v 0.09589685 0.01319366 0.09849750
v 0.09625849 0.01308044 0.09859613
v 0.09664685 0.01304159 0.09862963
v 0.09534782 0.01360181 0.09812918
v 0.09519800 0.01386482 0.09788074
v 0.09514686 0.01414208 0.09760880
v 0.09664685 0.01516291 0.09650831
v 0.09602461 0.01507421 0.09661073
v 0.09589685 0.01503078 0.09666038
v 0.09809583 -0.01386524 0.06905290
v 0.09794589 -0.01360191 0.06880414
v 0.09589685 -0.01319376 0.06843583
v 0.09534782 -0.01360191 0.06880414
v 0.09519800 -0.01386492 0.06905259
v 0.09514686 -0.01414219 0.06932452
v 0.09519807 -0.01441431 0.06960199
v 0.09534782 -0.01466257 0.06986480
v 0.09703478 -0.01512960 0.07038627
v 0.09739686 -0.01503088 0.07027294
v 0.09589685 -0.01503088 0.07027294
v 0.09625898 -0.01512961 0.07038628
v 0.09664685 -0.01516302 0.07042502
v 0.09794589 -0.01466257 0.06986480
v 0.09809534 -0.01441508 0.06960279
v 0.09814686 -0.01414219 0.06932452
v 0.09664685 -0.01304170 0.06830370
v 0.09726910 -0.01314412 0.06839240
v 0.09739686 -0.01319376 0.06843583
v 0.09602461 -0.01314412 0.06839240
v 0.17495443 -0.01740953 0.09331095
v 0.17378354 -0.01685894 0.09422667
v 0.18095179 -0.01777092 0.09264250
v 0.17943597 -0.01794830 0.09229051
v 0.17637520 -0.01777695 0.09263083
v 0.15364686 -0.01943139 0.08820195
v 0.17786337 -0.01794862 0.09228987
v 0.15364686 -0.00473534 0.10289800
v 0.17786337 -0.00882325 0.10141523
v 0.17943341 -0.00882361 0.10141505
v 0.18095179 -0.00917589 0.10123754
v 0.17289139 -0.01184400 0.09958252
v 0.17378402 -0.01075960 0.10032585
v 0.17289139 -0.01611591 0.09531061
v 0.17233627 -0.01520067 0.09646440
v 0.17214686 -0.01414219 0.09760880
v 0.17233613 -0.01299820 0.09866693
v 0.17495435 -0.00984439 0.10087612
v 0.17502278 -0.00980225 0.10089988
v 0.17637405 -0.00916462 0.10124335
v 0.15364686 -0.01906295 0.07741637
v 0.15364686 -0.01998839 0.08278384
v 0.09625893 0.01512950 0.07038627
v 0.09589685 0.01503078 0.07027294
v 0.09809564 0.01441421 0.06960199
v 0.09794589 0.01466247 0.06986480
v 0.15364686 0.01593605 0.07138193
v 0.09703522 0.01308044 0.06833719
v 0.09739686 0.01319366 0.06843583
v 0.15364686 0.01208468 0.06753056
v 0.09534782 0.01466247 0.06986480
v 0.09519837 0.01441498 0.06960279
v 0.09514686 0.01414208 0.06932452
v 0.09519788 0.01386514 0.06905290
v 0.09534782 0.01360181 0.06880414
v 0.09589685 0.01319366 0.06843583
v 0.09625819 0.01308050 0.06833725
v 0.09664685 0.01304159 0.06830370
v 0.15364686 -0.00339826 0.06375747
v 0.15364686 0.00204523 0.06357152
v 0.15364686 0.00733703 0.06486110
v 0.09794589 0.01360181 0.06880414
v 0.09809572 0.01386482 0.06905259
v 0.09814686 0.01414208 0.06932452
v 0.09739686 0.01503078 0.07027294
v 0.09703473 0.01512951 0.07038628
v 0.09664685 0.01516291 0.07042502
v 0.21025893 0.01512950 0.07038627
v 0.20989685 0.01503078 0.07027294
v 0.20934781 0.01466247 0.06986480
v 0.20919837 0.01441498 0.06960279
v 0.20914686 0.01414208 0.06932452
v 0.20919788 0.01386514 0.06905290
v 0.20934781 0.01360181 0.06880414
v 0.21103522 0.01308044 0.06833719
v 0.21139686 0.01319366 0.06843583
v 0.20989685 0.01319366 0.06843583
v 0.21025819 0.01308050 0.06833725
v 0.21064685 0.01304159 0.06830370
v 0.21194589 0.01360181 0.06880414
v 0.21209571 0.01386482 0.06905259
v 0.21214685 0.01414208 0.06932452
v 0.21209563 0.01441421 0.06960199
v 0.21194589 0.01466247 0.06986480
v 0.21139686 0.01503078 0.07027294
v 0.21103473 0.01512951 0.07038628
v 0.21064685 0.01516291 0.07042502
v 0.15364686 0.01970914 0.08686487
v 0.15364686 0.01989510 0.08142138
v 0.15364686 0.01860552 0.07612958
v 0.15364686 0.00068277 0.10345500
v 0.15364686 0.00605024 0.10252956
v 0.09794589 0.01218649 0.07021946
v 0.09739686 0.01177612 0.06985337
v 0.15364686 0.00862643 0.06766844
v 0.09703524 0.01166208 0.06975555
v 0.09664685 0.01162294 0.06972235
v 0.09625818 0.01166214 0.06975560
v 0.09589685 0.01177612 0.06985337
v 0.09703474 0.01371115 0.07180463
v 0.09739686 0.01361324 0.07169048
v 0.15364686 0.01579817 0.07484018
v 0.09534782 0.01218649 0.07021946
v 0.09519788 0.01245062 0.07046741
v 0.09514686 0.01272787 0.07073874
v 0.09519837 0.01300048 0.07101731
v 0.09534782 0.01324715 0.07128012
v 0.09589685 0.01361324 0.07169048
v 0.09625892 0.01371114 0.07180462
v 0.09664685 0.01374426 0.07184367
v 0.09794589 0.01324715 0.07128012
v 0.09809564 0.01299971 0.07101651
v 0.15364686 0.01272787 0.07073874
v 0.09814686 0.01272787 0.07073874
v 0.09809571 0.01245029 0.07046708
v 0.09703553 -0.01371111 0.09512886
v 0.09739686 -0.01361334 0.09524284
v 0.15364686 -0.01579827 0.09209315
v 0.09534782 -0.01324725 0.09565320
v 0.09589685 -0.01361334 0.09524284
v 0.09625848 -0.01371117 0.09512880
v 0.09664685 -0.01374436 0.09508965
v 0.09794589 -0.01218659 0.09671386
v 0.09739686 -0.01177623 0.09707996
v 0.15364686 -0.00862653 0.09926488
v 0.09794589 -0.01324725 0.09565320
v 0.09809583 -0.01299931 0.09591734
v 0.15364686 -0.01272797 0.09619458
v 0.09814686 -0.01272797 0.09619458
v 0.09809534 -0.01244940 0.09646719
v 0.09703479 -0.01166209 0.09717786
v 0.09664685 -0.01162304 0.09721097
v 0.09625897 -0.01166208 0.09717786
v 0.09589685 -0.01177623 0.09707996
v 0.09534782 -0.01218659 0.09671386
v 0.09519807 -0.01245020 0.09646642
v 0.09514686 -0.01272797 0.09619458
v 0.09519801 -0.01299962 0.09591701
v 0.21025817 0.01166214 0.06975560
v 0.20989685 0.01177612 0.06985337
v 0.21194589 0.01218649 0.07021946
v 0.21139686 0.01177612 0.06985337
v 0.21103524 0.01166208 0.06975555
v 0.21064685 0.01162294 0.06972235
v 0.20934781 0.01324715 0.07128012
v 0.20989685 0.01361324 0.07169048
v 0.20934781 0.01218649 0.07021946
v 0.20919788 0.01245062 0.07046741
v 0.20914686 0.01272787 0.07073874
v 0.20919837 0.01300048 0.07101731
v 0.21025892 0.01371114 0.07180462
v 0.21064685 0.01374426 0.07184367
v 0.21103474 0.01371115 0.07180463
v 0.21139686 0.01361324 0.07169048
v 0.21194589 0.01324715 0.07128012
v 0.21209563 0.01299971 0.07101651
v 0.21214685 0.01272787 0.07073874
v 0.21209571 0.01245029 0.07046708
v 0.20919800 -0.01299962 0.09591701
v 0.18271294 -0.01579827 0.09209315
v 0.18351218 -0.01540551 0.09277644
v 0.20934781 -0.01324725 0.09565320
v 0.20989685 -0.01361334 0.09524284
v 0.21025847 -0.01371117 0.09512880
v 0.21139686 -0.01361334 0.09524284
v 0.21103553 -0.01371111 0.09512886
v 0.21064685 -0.01374436 0.09508965
v 0.21025896 -0.01166208 0.09717786
v 0.20989685 -0.01177623 0.09707996
v 0.18271294 -0.00862653 0.09926488
v 0.21194589 -0.01324725 0.09565320
v 0.21209583 -0.01299931 0.09591734
v 0.21214685 -0.01272797 0.09619458
v 0.21209534 -0.01244940 0.09646719
v 0.21194589 -0.01218659 0.09671386
v 0.21139686 -0.01177623 0.09707996
v 0.21103479 -0.01166209 0.09717786
v 0.21064685 -0.01162304 0.09721097
v 0.18439969 -0.01468637 0.09387398
v 0.18495798 -0.01378030 0.09504703
v 0.20914686 -0.01272797 0.09619458
v 0.18514685 -0.01272797 0.09619458
v 0.20919807 -0.01245020 0.09646642
v 0.18495798 -0.01158041 0.09724691
v 0.18439914 -0.01040650 0.09815359
v 0.20934781 -0.01218659 0.09671386
v 0.18351218 -0.00930983 0.09887212
v 0.17633791 -0.01627733 0.09115107
v 0.17786337 -0.01644473 0.09078598
v 0.15364686 -0.01758869 0.08729284
v 0.18095179 -0.01627802 0.09114961
v 0.17943208 -0.01644464 0.09078618
v 0.17289139 -0.01468343 0.09387812
v 0.17363116 -0.01531111 0.09293088
v 0.17458077 -0.01579827 0.09209315
v 0.17495325 -0.01593511 0.09183768
v 0.17363012 -0.00946537 0.09877704
v 0.17289139 -0.01041151 0.09815004
v 0.17233714 -0.01157602 0.09725060
v 0.17214686 -0.01272797 0.09619458
v 0.17233771 -0.01378544 0.09504090
v 0.18095179 -0.00768299 0.09974463
v 0.17943186 -0.00731955 0.09991127
v 0.17786337 -0.00731937 0.09991135
v 0.15364686 -0.00382623 0.10105531
v 0.17633946 -0.00768389 0.09974421
v 0.17495443 -0.00837032 0.09940211
v 0.17461902 -0.00859867 0.09928007
v 0.15364686 0.00128406 0.10142080
v 0.15364686 0.00629030 0.10033175
v 0.15364686 0.01078695 0.09787641
v 0.09664685 0.01374426 0.09508965
v 0.09625897 0.01371115 0.09512869
v 0.09589685 0.01361324 0.09524284
v 0.09534782 0.01324715 0.09565320
v 0.09519807 0.01299971 0.09591682
v 0.09514686 0.01272787 0.09619458
v 0.09519801 0.01245029 0.09646624
v 0.09703553 0.01166214 0.09717772
v 0.09739686 0.01177612 0.09707996
v 0.09534782 0.01218649 0.09671386
v 0.09589685 0.01177612 0.09707996
v 0.09625848 0.01166208 0.09717777
v 0.09664685 0.01162294 0.09721097
v 0.09794589 0.01218649 0.09671386
v 0.09809583 0.01245062 0.09646592
v 0.15364686 0.01440969 0.09425366
v 0.09814686 0.01272787 0.09619458
v 0.09809534 0.01300048 0.09591601
v 0.09794589 0.01324715 0.09565320
v 0.09739686 0.01361324 0.09524284
v 0.09703479 0.01371114 0.09512870
v 0.21064685 0.01374426 0.09508965
v 0.21025896 0.01371115 0.09512869
v 0.20989685 0.01361324 0.09524284
v 0.20934781 0.01324715 0.09565320
v 0.20934781 0.01218649 0.09671386
v 0.20989685 0.01177612 0.09707996
v 0.20919807 0.01299971 0.09591682
v 0.20914686 0.01272787 0.09619458
v 0.20919800 0.01245029 0.09646624
v 0.21025847 0.01166208 0.09717777
v 0.21064685 0.01162294 0.09721097
v 0.21103553 0.01166214 0.09717772
v 0.21139686 0.01177612 0.09707996
v 0.21194589 0.01218649 0.09671386
v 0.21209583 0.01245062 0.09646592
v 0.21214685 0.01272787 0.09619458
v 0.21209534 0.01300048 0.09591601
v 0.21194589 0.01324715 0.09565320
v 0.21139686 0.01361324 0.09524284
v 0.21103479 0.01371114 0.09512870
v 0.15364686 0.01686504 0.08975702
v 0.15364686 0.01795409 0.08475077
v 0.15364686 0.01758859 0.07964049
v 0.15364686 0.00382612 0.06587802
v 0.15364686 -0.00128416 0.06551252
v 0.15364686 -0.00629041 0.06660157
v 0.15364686 -0.01078705 0.06905692
v 0.09664685 -0.01374436 0.07184367
v 0.09625897 -0.01371125 0.07180463
v 0.09589685 -0.01361334 0.07169048
v 0.09534782 -0.01324725 0.07128012
v 0.09519807 -0.01299981 0.07101651
v 0.09514686 -0.01272797 0.07073874
v 0.09519801 -0.01245040 0.07046708
v 0.09703553 -0.01166224 0.06975560
v 0.09739686 -0.01177623 0.06985337
v 0.09534782 -0.01218659 0.07021946
v 0.09589685 -0.01177623 0.06985337
v 0.09625848 -0.01166218 0.06975555
v 0.09664685 -0.01162304 0.06972235
v 0.09794589 -0.01218659 0.07021946
v 0.09809583 -0.01245072 0.07046741
v 0.15364686 -0.01440979 0.07267966
v 0.09814686 -0.01272797 0.07073874
v 0.09809534 -0.01300058 0.07101731
v 0.09794589 -0.01324725 0.07128012
v 0.09739686 -0.01361334 0.07169048
v 0.09703479 -0.01371124 0.07180462
v 0.21064685 -0.01374436 0.07184367
v 0.21025896 -0.01371125 0.07180463
v 0.20989685 -0.01361334 0.07169048
v 0.20934781 -0.01324725 0.07128012
v 0.20934781 -0.01218659 0.07021946
v 0.20989685 -0.01177623 0.06985337
v 0.20919807 -0.01299981 0.07101651
v 0.20914686 -0.01272797 0.07073874
v 0.20919800 -0.01245040 0.07046708
v 0.21025847 -0.01166218 0.06975555
v 0.21064685 -0.01162304 0.06972235
v 0.21103553 -0.01166224 0.06975560
v 0.21139686 -0.01177623 0.06985337
v 0.21194589 -0.01218659 0.07021946
v 0.21209583 -0.01245072 0.07046741
v 0.21214685 -0.01272797 0.07073874
v 0.21209534 -0.01300058 0.07101731
v 0.21194589 -0.01324725 0.07128012
v 0.21139686 -0.01361334 0.07169048
v 0.21103479 -0.01371124 0.07180462
v 0.15364686 -0.01686515 0.07717631
v 0.15364686 -0.01795419 0.08218256
v 0.04111215 -0.02546028 0.04910547
v 0.04081574 -0.02769333 0.05047924
v 0.04099479 -0.03399995 0.04968749
v 0.04042355 -0.02969951 0.05194616
v 0.04060314 -0.03399995 0.05131100
v 0.03992067 -0.03148647 0.05349619
v 0.03970833 -0.03208060 0.05407580
v 0.03904013 -0.03355828 0.05569813
v 0.03878936 -0.03399995 0.05624495
v 0.04164299 0.00000005 0.04298520
v 0.04164304 -0.00055922 0.04298817
v 0.04163636 0.00000005 0.04267291
v 0.04164525 -0.00428665 0.04315615
v 0.04161014 -0.01491753 0.04495054
v 0.04163636 -0.03399995 0.04267291
v 0.04163723 -0.01182250 0.04422677
v 0.04164666 -0.00807238 0.04357531
v 0.04154957 -0.01805945 0.04588078
v 0.04144255 -0.02099837 0.04696192
v 0.04127292 -0.02372545 0.04818857
v 0.04152785 -0.03399995 0.04613619
v 0.04062463 -0.03399995 0.03570209
v 0.04062463 0.00000005 0.03570209
v 0.04153508 -0.03399995 0.04087942
v 0.00393960 -0.02657036 0.07245973
v 0.00284100 -0.02585331 0.07214517
v 0.00284250 -0.03399995 0.07214563
v -0.00890575 -0.01612666 0.06532050
v -0.00995039 -0.01493812 0.06428874
v -0.00994539 -0.03399995 0.06429392
v -0.01590864 -0.00440442 0.05532813
v -0.01622319 -0.00318394 0.05456895
v -0.01733092 -0.03399995 0.05123124
v -0.01733092 0.00000005 0.05123124
v -0.01644551 -0.00197105 0.05399371
v -0.01653783 -0.00117290 0.05374398
v -0.01656947 -0.00072727 0.05365679
v -0.01658888 -0.00011569 0.05360290
v -0.01658938 0.00000005 0.05360149
v -0.01240923 -0.01168091 0.06139164
v -0.01387655 -0.00925239 0.05923231
v -0.01446809 -0.03399995 0.05823181
v -0.01447578 -0.00808357 0.05821820
v -0.01563066 -0.03399995 0.05595415
v -0.01499991 -0.00692960 0.05724888
v -0.01518741 -0.00647627 0.05688018
v -0.01075883 -0.01394872 0.06341623
v -0.01316672 -0.03399995 0.06032745
v -0.01000810 -0.03399995 0.06422872
v -0.00025019 -0.02370983 0.07100682
v -0.00405030 -0.03399995 0.06903225
v 0.00227662 -0.02547643 0.07196576
v -0.00197746 -0.03399995 0.07019451
v 0.00266971 -0.03399995 0.07209202
v -0.00265766 -0.02188365 0.06983674
v -0.00405434 -0.02074453 0.06902977
v -0.00624321 -0.03399995 0.06754872
v -0.00493971 -0.01998617 0.06846438
v -0.00685892 -0.01822627 0.06707887
v 0.01270850 -0.03164212 0.07344787
v 0.01029491 -0.03399995 0.07343619
v 0.01529579 -0.03293959 0.07324392
v 0.01258091 -0.03399995 0.07345212
v 0.01756745 -0.03399995 0.07287663
v 0.01183437 -0.03118335 0.07346608
v 0.01029038 -0.03034845 0.07343598
v 0.00756822 -0.03399995 0.07318811
v 0.00916484 -0.02972010 0.07336381
v 0.00653090 -0.02818264 0.07302723
v 0.03920113 -0.03299995 0.03038950
v 0.03958936 -0.03259802 0.03183839
v 0.03997758 0.00000005 0.03328728
v 0.03997758 -0.02999995 0.03328728
v 0.03987356 -0.03149995 0.03289905
v 0.03097159 -0.03299995 -0.00032356
v 0.02897778 -0.03399995 -0.00776457
v 0.02897778 -0.03299995 -0.00776457
v -0.02897778 -0.03299995 0.00776457
v -0.02897778 -0.03399995 0.00776457
v -0.01875442 -0.03299995 0.04591864
v -0.01836619 -0.03259802 0.04736753
v -0.01808199 -0.03149995 0.04842819
v -0.01797796 0.00000005 0.04881642
v -0.01797796 -0.02999995 0.04881642
v 0.11164686 -0.01108309 0.10071236
v 0.11164686 -0.00577547 0.10313627
v 0.11164686 -0.00651456 0.10656571
v 0.11164686 -0.00554172 0.10681792
v 0.11164686 0.00000005 0.10396666
v 0.11164686 0.00000005 0.10746667
v 0.11164686 0.00000005 0.05946666
v 0.11164686 0.00000005 0.06296666
v 0.11164686 -0.00141279 0.05950846
v 0.11164686 -0.00577547 0.06379706
v 0.11164686 -0.00572183 0.06015884
v 0.11164686 -0.01549282 0.07004201
v 0.11164686 -0.01558403 0.06521440
v 0.11164686 -0.01108309 0.06622096
v 0.11164686 -0.01096812 0.06211963
v 0.11164686 -0.00651456 0.06036762
v 0.11164686 -0.02179599 0.07341867
v 0.11164686 -0.02075163 0.07141058
v 0.11164686 -0.01864741 0.07495066
v 0.11164686 -0.01913518 0.06898130
v 0.11164686 -0.01741026 0.06694636
v 0.11164686 -0.02395746 0.08203219
v 0.11164686 -0.02344164 0.07832341
v 0.11164686 -0.02029129 0.08054921
v 0.11164686 -0.02298014 0.07654522
v 0.11164686 -0.01079139 0.10490371
v 0.11164686 -0.01544647 0.10183536
v 0.11164686 -0.01549282 0.09689131
v 0.11164686 -0.01926337 0.09778097
v 0.11164686 -0.01864741 0.09198267
v 0.11164686 -0.02204681 0.09295207
v 0.11164686 -0.02344164 0.08860992
v 0.11164686 -0.02029129 0.08638412
v 0.11164686 -0.02364111 0.08759732
v 0.11164686 -0.02400078 0.08346666
v 0.09709200 -0.02413396 0.08855515
v 0.03937894 -0.01512670 0.09709213
v 0.03818892 -0.01264966 0.09831183
v 0.02941974 -0.01281671 0.09555817
v -0.00047727 -0.00167359 0.08174419
v -0.00356430 -0.00168403 0.07851500
v -0.00319867 -0.00475213 0.07835533
v -0.00641141 -0.00169446 0.07503077
v 0.09891956 -0.02413396 0.07826758
v 0.09800578 -0.02470939 0.08341137
v 0.10058410 -0.01970029 0.06890542
v 0.09979217 -0.02243952 0.07335728
v 0.08809046 -0.02308306 0.07311087
v 0.00614867 -0.01963703 0.07672983
v 0.00906090 -0.02083844 0.07757746
v 0.00648527 -0.01846341 0.07844500
v 0.07409222 0.00000005 0.05798334
v 0.07753152 0.00000005 0.05833342
v 0.07738218 -0.00157971 0.05836338
v 0.08596935 0.00000005 0.05889669
v 0.08555654 -0.00153798 0.05892160
v 0.08879992 0.00000005 0.05900837
v 0.09372937 -0.00149625 0.05918408
v 0.10413627 0.00000005 0.05930819
v 0.06633122 0.00000005 0.05690900
v 0.06881218 -0.00162143 0.05733774
v 0.06345295 0.00000005 0.05641109
v 0.05945244 -0.00166316 0.05567301
v 0.05612538 0.00000005 0.05491021
v 0.05441161 -0.00168403 0.05452488
v 0.05360612 0.00000005 0.05427211
v 0.05188330 0.00000005 0.05376069
v 0.04953749 -0.00170489 0.05295550
v 0.04868225 0.00000005 0.05255042
v 0.04917154 -0.00481101 0.05307768
v 0.04650197 -0.00339885 0.05158282
v 0.04621006 -0.00044175 0.05122408
v 0.04846321 -0.00786110 0.05331118
v 0.04700557 -0.00641741 0.05231337
v 0.04794016 -0.01358686 0.05491734
v 0.04777860 -0.01179813 0.05414473
v 0.05230450 -0.01068730 0.05543284
v 0.04747665 -0.00939028 0.05324374
v 0.05095604 -0.01348492 0.05600561
v 0.04797975 -0.01417876 0.05519590
v 0.04805444 -0.01633288 0.05632522
v 0.04728277 -0.02230642 0.06092675
v 0.04765118 -0.02097038 0.05963323
v 0.05257712 -0.01834835 0.05927309
v 0.04789871 -0.01946170 0.05838808
v 0.04798530 -0.01855202 0.05772528
v 0.04800470 -0.01826490 0.05752787
v 0.04678977 -0.02349108 0.06227473
v 0.04811949 -0.02252589 0.06156600
v 0.04658007 -0.02388604 0.06277826
v 0.05339377 -0.02224333 0.06336313
v 0.04591125 -0.02487408 0.06418858
v 0.04231543 -0.02722982 0.06921808
v 0.04356172 -0.02672906 0.06778619
v 0.04840132 -0.02533543 0.06642902
v 0.04413091 -0.02641830 0.06704518
v 0.04509940 -0.02571642 0.06561524
v 0.04531977 -0.02551611 0.06525238
v 0.03804813 -0.02690326 0.07976484
v 0.03509867 -0.02780568 0.07462931
v 0.04342637 -0.02754384 0.07586794
v 0.03711430 -0.02789027 0.07346280
v 0.03896825 -0.02783465 0.07219011
v 0.03142100 -0.02724942 0.07680439
v 0.03039310 -0.02720357 0.07667031
v 0.03282390 -0.02757406 0.07572354
v 0.02783059 -0.02670370 0.07745183
v 0.02593006 -0.02533543 0.08016386
v 0.02488128 -0.02601613 0.07810262
v 0.02200129 -0.02524713 0.07850107
v 0.02335682 -0.02392860 0.08174215
v 0.01906711 -0.02437709 0.07868019
v 0.01609428 -0.02341599 0.07863138
v 0.02093761 -0.02224333 0.08322975
v 0.01509295 -0.02307510 0.07856268
v 0.01204600 -0.02198524 0.07818959
v 0.01416784 -0.02252589 0.07883490
v 0.01182981 -0.02055706 0.08003529
v -0.00010873 -0.01348492 0.07703427
v 0.00326081 -0.01835140 0.07562435
v 0.00295395 -0.01340139 0.08010312
v 0.00372391 -0.01856456 0.07582057
v 0.00429248 -0.01882248 0.07605133
v -0.00573425 -0.01346468 0.07003681
v -0.00364834 -0.01475872 0.07168243
v -0.00294433 -0.01356844 0.07372008
v -0.00115607 -0.01615770 0.07334438
v 0.00149136 -0.01750958 0.07480316
v -0.01336550 -0.00172575 0.06295244
v -0.01510519 -0.00173619 0.05835264
v -0.01478063 -0.00482317 0.05821828
v -0.01457436 -0.00515896 0.05864459
v -0.01334406 -0.00687497 0.06093493
v -0.01229616 -0.00795728 0.06271455
v -0.01174665 -0.00866333 0.06342585
v -0.01617484 -0.00147095 0.05487202
v -0.01592692 -0.00237555 0.05554030
v -0.01557742 -0.00328452 0.05642114
v -0.01633572 0.00000005 0.05441591
v -0.01633515 -0.00008630 0.05441755
v -0.01537272 0.00000005 0.05770318
v -0.01631344 -0.00054268 0.05448023
v -0.01627803 -0.00087528 0.05458165
v -0.01132679 -0.00171532 0.06725904
v -0.01200713 0.00000005 0.06603965
v 0.01397499 -0.00163187 0.09230123
v 0.01250358 0.00000005 0.09152988
v 0.01007573 -0.00164230 0.08999689
v 0.00504945 0.00000005 0.08656880
v 0.00635746 -0.00165273 0.08747561
v 0.01804057 -0.00162143 0.09439813
v 0.02661187 -0.00160057 0.09800772
v 0.02121815 0.00000005 0.09590881
v 0.02656881 0.00000005 0.09804571
v 0.03135425 0.00000005 0.09967597
v 0.03567206 -0.00157971 0.10090174
v 0.03563345 0.00000005 0.10094181
v 0.09371678 -0.00145452 0.10750026
v 0.09370905 0.00000005 0.10754330
v 0.09730555 -0.01595069 0.06484519
v 0.09664686 -0.01588178 0.06475630
v 0.09257294 -0.01198145 0.06203257
v 0.09789080 -0.01618436 0.06506738
v 0.09764688 -0.01606287 0.06495417
v 0.10125902 -0.01604718 0.06511642
v 0.09620886 -0.01593227 0.06477448
v 0.09564681 -0.01611991 0.06489715
v 0.09138547 -0.01650741 0.06496357
v 0.09558458 -0.01615087 0.06491917
v 0.09508345 -0.01651068 0.06519188
v 0.09491488 -0.01670400 0.06534813
v 0.09476040 -0.01696163 0.06556543
v 0.09464688 -0.01744922 0.06600478
v 0.08986741 -0.02026541 0.06871539
v 0.09475579 -0.01792004 0.06646718
v 0.09491485 -0.01816037 0.06672047
v 0.09507862 -0.01832241 0.06689946
v 0.09557909 -0.01861328 0.06724484
v 0.09564686 -0.01863867 0.06727733
v 0.09619840 -0.01876593 0.06745699
v 0.09664679 -0.01878487 0.06751007
v 0.09686729 -0.01876939 0.06750831
v 0.09751222 -0.01862459 0.06739189
v 0.09764685 -0.01857245 0.06734356
v 0.09806025 -0.01834437 0.06712331
v 0.09864686 -0.01733214 0.06613434
v 0.09859592 -0.01700629 0.06582590
v 0.09837891 -0.01804882 0.06683190
v 0.09844884 -0.01795459 0.06673902
v 0.09863445 -0.01749266 0.06628843
v 0.09837891 -0.01660180 0.06545049
v 0.09833767 -0.01655151 0.06540427
v 0.09750738 -0.01583330 0.10185315
v 0.09764690 -0.01588903 0.10180510
v 0.09805712 -0.01612672 0.10159891
v 0.09837890 -0.01644037 0.10132121
v 0.09844672 -0.01653554 0.10123545
v 0.09837891 -0.01788431 0.09993671
v 0.09834171 -0.01792756 0.09989251
v 0.09863372 -0.01700813 0.10079839
v 0.09864686 -0.01717388 0.10064054
v 0.09859766 -0.01748982 0.10033292
v 0.09730813 -0.01850153 0.09929879
v 0.09542746 -0.01970029 0.09791731
v 0.09764686 -0.01839312 0.09941025
v 0.09789500 -0.01827578 0.09953235
v 0.09664686 -0.01858441 0.09922260
v 0.09621435 -0.01855765 0.09926277
v 0.09564686 -0.01841527 0.09943239
v 0.09564683 -0.01590222 0.10181829
v 0.09619299 -0.01573130 0.10195255
v 0.09422632 -0.01164735 0.10465466
v 0.09664682 -0.01568780 0.10198284
v 0.09686092 -0.01569540 0.10197419
v 0.09475617 -0.01672801 0.10111692
v 0.09491484 -0.01646616 0.10134706
v 0.09475254 -0.01604718 0.10170631
v 0.09507932 -0.01628171 0.10150492
v 0.09557715 -0.01593523 0.10179171
v 0.09509040 -0.01809526 0.09978569
v 0.09491482 -0.01791911 0.09997147
v 0.07751647 -0.01849458 0.09928132
v 0.09476332 -0.01769018 0.10020570
v 0.07679453 -0.01650741 0.10106455
v 0.09464689 -0.01721743 0.10066706
v 0.08585842 -0.01627729 0.10149892
v 0.07831261 -0.02026541 0.09731273
v 0.09559231 -0.01839372 0.09945703
v 0.04729900 -0.01248261 0.10045985
v 0.04954583 -0.01719776 0.09770864
v 0.05664323 -0.01231556 0.10207476
v 0.05536646 -0.00709165 0.10398352
v 0.06507871 -0.00699547 0.10517346
v 0.06461044 -0.00151711 0.10605134
v 0.07445063 -0.00149625 0.10684405
v 0.07190247 0.00000005 0.10671845
v 0.08501314 -0.01181440 0.10444653
v 0.09387468 -0.00670692 0.10662043
v 0.08939710 0.00000005 0.10748017
v 0.08419193 -0.00147539 0.10730165
v 0.07481024 -0.00689929 0.10595961
v 0.06611484 -0.01214851 0.10322914
v 0.05854209 -0.01696764 0.09923849
v 0.05241266 -0.02111309 0.09420412
v 0.06096575 -0.02083053 0.09562022
v 0.06962671 -0.02054797 0.09663484
v 0.06765705 -0.01673753 0.10033409
v 0.07193065 -0.02340482 0.09230656
v 0.06379943 -0.02372659 0.09139178
v 0.05576364 -0.02404836 0.09011310
v 0.08444693 -0.00680310 0.10641695
v 0.07560707 -0.01198145 0.10399555
v 0.06691449 -0.02551861 0.08674444
v 0.05944679 -0.02586477 0.08562009
v 0.06329889 -0.02648092 0.08092324
v 0.08204447 -0.02482629 0.08807836
v 0.08008955 -0.02308306 0.09291725
v 0.09621938 -0.02243952 0.09346545
v 0.07017273 -0.02612661 0.08188453
v 0.07343096 -0.02551861 0.07702462
v 0.08613554 -0.02482629 0.07794976
v 0.08497899 -0.00709165 0.05978554
v 0.09336977 -0.00689929 0.06006851
v 0.08370222 -0.01231556 0.06169429
v 0.08180336 -0.01696764 0.06453057
v 0.07937970 -0.02083053 0.06814883
v 0.07654603 -0.02372659 0.07237728
v 0.08409000 -0.02541800 0.08301406
v 0.04090341 -0.02758692 0.07059959
v 0.04291039 -0.02724942 0.06978849
v 0.04880461 -0.02690326 0.07197104
v 0.06094193 -0.02621093 0.07514682
v 0.05953370 -0.02469189 0.06970247
v 0.06516319 -0.02437013 0.07085436
v 0.05862283 -0.02196077 0.06483652
v 0.06262203 -0.01788812 0.06191309
v 0.05394624 -0.02501366 0.06823995
v 0.05482080 -0.02655710 0.07374275
v 0.05652712 -0.02683522 0.07963256
v 0.05606201 -0.01331787 0.05746326
v 0.06575450 -0.01298376 0.05960959
v 0.04620416 0.00000005 0.05121717
v 0.05404598 -0.00475213 0.05468455
v 0.05909279 -0.00469325 0.05586589
v 0.06848684 -0.00457550 0.05758186
v 0.07711411 -0.00445775 0.05864070
v 0.05333947 -0.00776492 0.05498976
v 0.05839878 -0.00766874 0.05623474
v 0.05738341 -0.01055493 0.05677045
v 0.06786007 -0.00747637 0.05804934
v 0.06694444 -0.01029019 0.05872920
v 0.07659794 -0.00728401 0.05917271
v 0.07486533 -0.01264966 0.06095328
v 0.07228983 -0.01742788 0.06358966
v 0.06900387 -0.02139565 0.06694334
v -0.01096180 -0.00484045 0.06715679
v -0.01025468 -0.00790919 0.06696142
v -0.00995737 -0.01032835 0.06576497
v -0.00792956 -0.00786110 0.07092629
v -0.00863789 -0.00481101 0.07115979
v -0.00900383 -0.00170489 0.07128197
v -0.00750859 0.00000005 0.07361665
v -0.00604512 -0.00478157 0.07488940
v -0.00533674 -0.00781301 0.07461919
v -0.00249216 -0.00776492 0.07805012
v -0.00145719 -0.01068730 0.07760704
v 0.00490392 -0.01055493 0.08363045
v 0.00622533 -0.01331787 0.08293764
v 0.01042169 -0.00463438 0.08977593
v 0.00319454 -0.00469325 0.08453501
v 0.00283490 -0.00166316 0.08472788
v -0.00178779 0.00000005 0.08051182
v 0.00388855 -0.00766874 0.08416615
v 0.01206351 -0.01042256 0.08873872
v 0.01836591 -0.00457550 0.09415402
v 0.02691085 -0.00451662 0.09774493
v 0.03594014 -0.00445775 0.10062442
v 0.04510359 -0.00155884 0.10315628
v 0.04281730 0.00000005 0.10271947
v 0.01108862 -0.00757255 0.08935314
v 0.01990831 -0.01029019 0.09300667
v 0.01899268 -0.00747637 0.09368653
v 0.02832741 -0.01015782 0.09650823
v 0.02748662 -0.00738019 0.09724130
v 0.03720995 -0.01002546 0.09931730
v 0.03645630 -0.00728401 0.10009240
v 0.04578762 -0.00718783 0.10231482
v 0.05633724 0.00000005 0.10511506
v 0.05478891 -0.00153798 0.10484745
v 0.03403898 -0.01978363 0.09156456
v 0.03229399 -0.01765800 0.09306987
v 0.02423071 -0.01788812 0.08982278
v 0.02254532 -0.01552625 0.09105986
v 0.01487356 -0.01572603 0.08698110
v 0.01333118 -0.01315081 0.08794363
v 0.00968893 -0.01323434 0.08554808
v 0.01870016 -0.02029925 0.08460968
v 0.03290651 -0.02501366 0.08349592
v 0.03049634 -0.02362464 0.08524821
v 0.02822991 -0.02196077 0.08689935
v 0.01310954 -0.01823329 0.08359824
v 0.01667074 -0.01811823 0.08586513
v 0.02613316 -0.02004144 0.08843043
v 0.03596181 -0.02167821 0.08990844
v 0.00971022 -0.01834835 0.08112780
v 0.04024943 -0.02469189 0.08622497
v 0.04496233 -0.02655710 0.08218468
v 0.04989156 -0.02718953 0.07796372
v 0.03931568 -0.02780646 0.07192627
v -0.00795191 -0.01192432 0.06797620
v 0.02109824 -0.01298376 0.09212629
v 0.03074772 -0.01532647 0.09440656
v 0.04076441 -0.01742788 0.09567545
v 0.04405037 -0.02139565 0.09232178
v 0.04789105 -0.02437013 0.08841076
v 0.05211231 -0.02621093 0.08411830
v 0.04289466 0.00000005 0.04767129
v 0.04433117 0.00000005 0.04964792
v 0.04433462 -0.00046436 0.04965485
v 0.03895184 -0.03028692 0.05770135
v 0.03817991 -0.03134739 0.05909342
v 0.03781304 -0.03444691 0.05821101
v 0.03730438 -0.03222986 0.06048413
v 0.03712777 -0.03470191 0.05945230
v 0.03680604 -0.03262153 0.06120491
v 0.03574251 -0.03325879 0.06260471
v 0.03532833 -0.03516016 0.06220713
v 0.03456631 -0.03372623 0.06397308
v 0.03328938 -0.03540082 0.06464243
v 0.03326272 -0.03403278 0.06531263
v 0.03297885 -0.03407602 0.06558304
v 0.03168783 -0.03545227 0.06618869
v 0.03146675 -0.03419242 0.06691173
v 0.02982097 -0.03414238 0.06817068
v 0.02932310 -0.03538653 0.06804359
v 0.02795342 -0.03391803 0.06939889
v 0.02673879 -0.03519132 0.06963232
v 0.02594047 -0.03352456 0.07051670
v 0.02421157 -0.03492159 0.07084785
v -0.01645386 0.00000005 0.05400600
v -0.01651946 0.00000005 0.05380302
v -0.01651893 -0.00010834 0.05380448
v -0.01504530 -0.00605994 0.05719735
v -0.01580337 -0.00412332 0.05559295
v -0.01613420 -0.00298131 0.05480656
v -0.01636810 -0.00184581 0.05421006
v -0.01646523 -0.00109839 0.05395092
v -0.01649852 -0.00068106 0.05386042
v -0.01366994 -0.00864968 0.05961970
v -0.01484838 -0.00648326 0.05757782
v -0.01213444 -0.01090994 0.06183275
v -0.00848456 -0.01503177 0.06582881
v -0.01041236 -0.01301530 0.06389729
v -0.00636128 -0.01697087 0.06760213
v -0.00437545 -0.01859216 0.06899114
v -0.00201972 -0.02033528 0.07035775
v -0.01639204 -0.00009364 0.05421190
v -0.01637047 -0.00058875 0.05427224
v -0.01633529 -0.00094954 0.05436987
v -0.01623272 -0.00159567 0.05464936
v -0.01598599 -0.00257690 0.05529249
v -0.01563763 -0.00356292 0.05613990
v -0.01484161 -0.00523217 0.05786739
v -0.01463525 -0.00559647 0.05827682
v -0.01340295 -0.00745766 0.06047339
v -0.01180172 -0.00939460 0.06285428
v -0.01000917 -0.01119398 0.06507888
v -0.00800370 -0.01291329 0.06716760
v -0.00579299 -0.01456484 0.06909677
v -0.00372146 -0.01594482 0.07062086
v -0.00125719 -0.01742759 0.07213897
v 0.00134670 -0.01884961 0.07344624
v 0.00408596 -0.02021886 0.07453539
v 0.00045970 -0.02200749 0.07151271
v 0.00305594 -0.02361877 0.07244782
v 0.00476102 -0.02461235 0.07292242
v 0.00741156 -0.02606919 0.07345493
v 0.01009656 -0.02744832 0.07375118
v 0.01280550 -0.02874843 0.07380950
v 0.01368914 -0.02915289 0.07377668
v 0.01629301 -0.03028659 0.07353051
v 0.01883427 -0.03130293 0.07307044
v 0.02096351 -0.03450064 0.07202388
v 0.02130088 -0.03219107 0.07240652
v 0.02379683 -0.03297151 0.07150067
v 0.00589227 -0.02106185 0.07510910
v 0.00871183 -0.02229471 0.07579348
v 0.01158307 -0.02345759 0.07624099
v 0.01449380 -0.02454748 0.07645009
v 0.01544585 -0.02488476 0.07646614
v 0.01825842 -0.02582428 0.07636359
v 0.02101262 -0.02665641 0.07604462
v 0.02369291 -0.02737104 0.07552154
v 0.02641130 -0.02798460 0.07476327
v 0.02874941 -0.02840504 0.07391218
v 0.03094546 -0.02868779 0.07292765
v 0.03298091 -0.02882844 0.07183240
v 0.03476954 -0.02882810 0.07070156
v 0.03640518 -0.02869525 0.06950128
v 0.03671112 -0.02865321 0.06925607
v 0.03810948 -0.02837519 0.06803795
v 0.03935847 -0.02797643 0.06678931
v 0.04047339 -0.02745190 0.06550740
v 0.04098967 -0.02713562 0.06484595
v 0.04188488 -0.02643340 0.06356785
v 0.04266039 -0.02559978 0.06228391
v 0.04332647 -0.02462228 0.06099972
v 0.04354239 -0.02423000 0.06053669
v 0.04406818 -0.02304551 0.05928379
v 0.04449229 -0.02169818 0.05806072
v 0.04481721 -0.02016485 0.05686251
v 0.04499025 -0.01894159 0.05602301
v 0.04515421 -0.01695813 0.05483410
v 0.04521355 -0.01473906 0.05370259
v 0.03962620 -0.02903487 0.05631364
v 0.03984710 -0.02853119 0.05581420
v 0.04038874 -0.02701132 0.05446641
v 0.04083735 -0.02529297 0.05316604
v 0.04120123 -0.02336098 0.05191660
v 0.04141314 -0.02184320 0.05106033
v 0.04165538 -0.01942698 0.04987930
v 0.04182575 -0.01678363 0.04879484
v 0.04193452 -0.01391767 0.04781570
v 0.04198904 -0.01106190 0.04700917
v 0.04200722 -0.00756968 0.04622492
v 0.04199479 -0.00402381 0.04566221
v 0.04198072 -0.00052490 0.04540997
v 0.04198041 0.00000005 0.04540529
v 0.04289617 -0.00049264 0.04767739
v 0.04296884 -0.00377798 0.04799940
v 0.04308140 -0.00710420 0.04868105
v 0.04315528 -0.01036553 0.04957801
v 0.04315896 -0.01301094 0.05046007
v 0.04309005 -0.01563790 0.05149384
v 0.04293981 -0.01802886 0.05260348
v 0.04270302 -0.02018324 0.05377882
v 0.04248913 -0.02152026 0.05461299
v 0.04211829 -0.02320421 0.05580749
v 0.04166122 -0.02468816 0.05702825
v 0.04111393 -0.02599297 0.05827688
v 0.04089257 -0.02642441 0.05873706
v 0.04022087 -0.02749718 0.06000990
v 0.03945665 -0.02840945 0.06127917
v 0.03859255 -0.02917633 0.06254206
v 0.03810086 -0.02952127 0.06319613
v 0.03705057 -0.03009334 0.06446721
v 0.03588602 -0.03052926 0.06571294
v 0.03459002 -0.03083506 0.06693850
v 0.03430702 -0.03088167 0.06718675
v 0.03279486 -0.03103167 0.06841096
v 0.03113972 -0.03103907 0.06957923
v 0.02925087 -0.03089505 0.07072711
v 0.02720468 -0.03059795 0.07177734
v 0.02501610 -0.03015252 0.07270487
v 0.02245867 -0.02949967 0.07355797
v 0.01992430 -0.02873742 0.07417844
v 0.01730801 -0.02784888 0.07459931
v 0.01462424 -0.02684453 0.07480774
v 0.01371313 -0.02648371 0.07482791
v 0.01091959 -0.02531692 0.07473041
v 0.00815192 -0.02407040 0.07439400
v 0.00542232 -0.02274682 0.07381967
v 0.00366780 -0.02184082 0.07331679
v 0.00099857 -0.02036742 0.07233589
v -0.00154806 -0.01883454 0.07113311
v -0.00396590 -0.01723355 0.06971610
v -0.00600347 -0.01574180 0.06827950
v -0.00818223 -0.01395478 0.06644788
v -0.01016145 -0.01209330 0.06445377
v -0.01193135 -0.01014563 0.06232171
v -0.01351178 -0.00805033 0.06003416
v -0.01472669 -0.00603840 0.05792084
v -0.01492992 -0.00564483 0.05752675
v -0.01571298 -0.00384267 0.05586369
v -0.01605511 -0.00277889 0.05504783
v -0.01629715 -0.00172065 0.05442866
v -0.01639770 -0.00102393 0.05415959
v -0.01643217 -0.00063488 0.05406560
v -0.01645331 -0.00010098 0.05400751
v -0.01639260 0.00000005 0.05421032
v 0.04450435 -0.00356507 0.05001645
v 0.04478967 -0.00671039 0.05076188
v 0.04503745 -0.00979219 0.05171639
v 0.04516940 -0.01228179 0.05263734
v 0.09491481 -0.01518544 0.06969529
v 0.09471489 -0.01485671 0.06934126
v 0.07664686 -0.01549282 0.07004201
v 0.09464686 -0.01449559 0.06897093
v 0.07664686 -0.01108309 0.06622096
v 0.09471491 -0.01412521 0.06860977
v 0.09491481 -0.01377122 0.06828108
v 0.09564686 -0.01321901 0.06779801
v 0.09612717 -0.01306548 0.06766976
v 0.09764686 -0.01321901 0.06779801
v 0.09716411 -0.01306497 0.06766935
v 0.09664686 -0.01301222 0.06762587
v 0.09837891 -0.01377122 0.06828108
v 0.09857854 -0.01412448 0.06860908
v 0.09864686 -0.01449559 0.06897093
v 0.09857865 -0.01485715 0.06934173
v 0.09837891 -0.01518544 0.06969529
v 0.09764686 -0.01566851 0.07024749
v 0.09716472 -0.01579707 0.07040141
v 0.09664686 -0.01584066 0.07045428
v 0.09612865 -0.01579701 0.07040133
v 0.07664686 -0.01864741 0.07495066
v 0.09564675 -0.01566847 0.07024745
v 0.09528267 -0.01549282 0.07004201
v 0.09612717 -0.01579685 0.09653219
v 0.07664686 -0.01864741 0.09198267
v 0.09564686 -0.01566860 0.09668572
v 0.07664686 -0.01549282 0.09689131
v 0.09491481 -0.01518554 0.09723794
v 0.09471491 -0.01485684 0.09759192
v 0.09664686 -0.01584075 0.09647893
v 0.09716411 -0.01579727 0.09653168
v 0.09764696 -0.01566856 0.09668577
v 0.09801120 -0.01549282 0.09689131
v 0.09837891 -0.01518554 0.09723794
v 0.09857854 -0.01485753 0.09759119
v 0.09864686 -0.01449569 0.09796230
v 0.09857865 -0.01412488 0.09832386
v 0.09612865 -0.01306528 0.09926373
v 0.09564686 -0.01321912 0.09913522
v 0.07664686 -0.01108309 0.10071236
v 0.09837891 -0.01377133 0.09865215
v 0.09764686 -0.01321912 0.09913522
v 0.09716472 -0.01306521 0.09926379
v 0.09664686 -0.01301233 0.09930737
v 0.09491481 -0.01377133 0.09865215
v 0.09471489 -0.01412534 0.09832342
v 0.09464686 -0.01449569 0.09796230
v 0.07664686 0.00000005 0.10396666
v 0.07664686 -0.00577547 0.10313627
v 0.07664686 -0.02029129 0.08638412
v 0.07664686 -0.02029129 0.08054921
v 0.07664686 -0.00577547 0.06379706
v 0.07664686 0.00000005 0.06296666
v 0.07664686 0.00000005 0.07278510
v 0.07664686 -0.01061868 0.08571174
v 0.07664686 -0.00999956 0.08774669
v 0.07664686 0.00000005 0.09441864
v 0.07664686 -0.00210545 0.09421115
v 0.07664686 -0.00210768 0.07299305
v 0.07664686 -0.00413855 0.07360804
v 0.07664686 -0.00601265 0.07460941
v 0.07664686 -0.00764966 0.07594968
v 0.07664686 -0.00900089 0.07759294
v 0.07664686 -0.01000077 0.07945736
v 0.07664686 -0.01061914 0.08149119
v 0.07664686 -0.01082783 0.08360339
v 0.07664686 -0.00899981 0.08961053
v 0.07664686 -0.00764918 0.09125342
v 0.07664686 -0.00601048 0.09259529
v 0.07664686 -0.00413896 0.09359542
v 0.02718923 -0.03399995 -0.01267855
v 0.02627755 -0.03299995 -0.01447378
v 0.02854137 -0.03299995 -0.00924067
v 0.02627755 -0.03399995 -0.01447378
v 0.02457456 -0.03399995 -0.01720729
v 0.02205017 -0.03299995 -0.02034183
v 0.02205017 -0.03399995 -0.02034183
v 0.02121320 -0.03399995 -0.02121321
v 0.01654131 -0.03299995 -0.02502769
v 0.01720729 -0.03399995 -0.02457456
v 0.01654131 -0.03399995 -0.02502769
v 0.01007114 -0.03299995 -0.02825902
v 0.01267855 -0.03399995 -0.02718923
v 0.01007114 -0.03399995 -0.02825902
v 0.00776457 -0.03399995 -0.02897778
v 0.00301566 -0.03299995 -0.02984804
v 0.00301566 -0.03399995 -0.02984804
v 0.00261467 -0.03399995 -0.02988584
v -0.00421507 -0.03299995 -0.02970241
v -0.00261467 -0.03399995 -0.02988584
v -0.00421507 -0.03399995 -0.02970241
v -0.00776457 -0.03399995 -0.02897778
v -0.01120084 -0.03299995 -0.02783058
v -0.01120084 -0.03399995 -0.02783058
v -0.01267855 -0.03399995 -0.02718923
v -0.01753566 -0.03299995 -0.02434133
v -0.01720729 -0.03399995 -0.02457456
v -0.01753566 -0.03399995 -0.02434133
v -0.02285137 -0.03299995 -0.01943746
v -0.02121320 -0.03399995 -0.02121321
v -0.02285137 -0.03399995 -0.01943746
v -0.02457456 -0.03399995 -0.01720729
v -0.02683904 -0.03299995 -0.01340395
v -0.02988584 -0.03399995 -0.00261467
v -0.02999392 -0.03299995 0.00060411
v -0.02926692 -0.03299995 -0.00659146
v -0.02683904 -0.03399995 -0.01340395
v -0.02718923 -0.03399995 -0.01267855
v -0.02853662 -0.03299995 -0.00925534
v -0.02897778 -0.03399995 -0.00776457
v -0.02926692 -0.03399995 -0.00659146
v -0.02988584 -0.03399995 0.00261467
v -0.02999392 -0.03399995 0.00060411
v 0.00931862 -0.03999995 0.00376394
v 0.00350000 -0.03999995 0.01500000
v 0.00303109 -0.03999995 0.01325000
v 0.00175000 -0.03999995 0.01196891
v -0.00000000 -0.03999995 0.01150000
v -0.02370058 -0.03999995 0.00377924
v -0.00175000 -0.03999995 0.01196891
v -0.00303109 -0.03999995 0.01325000
v -0.02318222 -0.03999995 0.00621166
v -0.00350000 -0.03999995 0.01500000
v -0.01153536 -0.03999995 0.04967832
v -0.00303109 -0.03999995 0.01675000
v -0.00175000 -0.03999995 0.01803109
v 0.00841000 -0.03999995 0.05571666
v 0.00175000 -0.03999995 0.01803109
v 0.00914686 -0.03999995 0.05846666
v 0.00303109 -0.03999995 0.01675000
v 0.00931545 -0.03999995 0.06735315
v 0.00841000 -0.03999995 0.06121666
v 0.00639686 -0.03999995 0.05370352
v 0.00364686 -0.03999995 0.05296666
v -0.00000000 -0.03999995 0.01850000
v 0.00089686 -0.03999995 0.05370352
v 0.00639686 -0.03999995 0.06322980
v 0.00838395 -0.03999995 0.06724382
v 0.00364686 -0.03999995 0.06396666
v 0.00446514 -0.03999995 0.06636695
v 0.00089686 -0.03999995 0.06322980
v 0.00074740 -0.03999995 0.06484894
v -0.00111628 -0.03999995 0.06121666
v -0.00111628 -0.03999995 0.05571666
v -0.00266520 -0.03999995 0.06273231
v -0.00567711 -0.03999995 0.06007631
v -0.00185314 -0.03999995 0.05846666
v -0.00820401 -0.03999995 0.05695530
v -0.01017515 -0.03999995 0.05345665
v 0.02939686 -0.03999995 0.04670352
v 0.02664686 -0.03999995 0.04596666
v 0.02585517 -0.03999995 0.00376394
v 0.02389686 -0.03999995 0.04670352
v 0.02188372 -0.03999995 0.04871666
v 0.02114686 -0.03999995 0.05146666
v 0.02188372 -0.03999995 0.05421666
v 0.03482908 -0.03999995 0.03725500
v 0.03555744 -0.03999995 0.04139687
v 0.03141000 -0.03999995 0.04871666
v 0.03555165 -0.03999995 0.04560228
v 0.03214686 -0.03999995 0.05146666
v 0.03481188 -0.03999995 0.04974213
v 0.03141000 -0.03999995 0.05421666
v 0.03336086 -0.03999995 0.05368929
v 0.02198724 -0.03999995 0.06535213
v 0.01928816 -0.03999995 0.06628433
v 0.02389686 -0.03999995 0.05622980
v 0.01638333 -0.03999995 0.06699464
v 0.01239410 -0.03999995 0.06745502
v 0.03248154 -0.03999995 0.05549525
v 0.03191208 -0.03999995 0.05657068
v 0.02939686 -0.03999995 0.05622980
v 0.03052093 -0.03999995 0.05880966
v 0.02901396 -0.03999995 0.06067276
v 0.02664686 -0.03999995 0.05696666
v 0.02782946 -0.03999995 0.06182937
v 0.02604286 -0.03999995 0.06321478
v 0.02402464 -0.03999995 0.06441561
v 0.01474038 -0.03999995 -0.01053109
v 0.01697056 -0.03999995 -0.01697056
v 0.01965965 -0.03999995 -0.01376583
v 0.01602147 -0.03999995 -0.00925000
v 0.02175139 -0.03999995 -0.01014284
v 0.01649038 -0.03999995 -0.00750000
v 0.02318222 -0.03999995 -0.00621166
v 0.01602147 -0.03999995 -0.00575000
v 0.01474038 -0.03999995 -0.00446891
v 0.01299038 -0.03999995 -0.00400000
v 0.01124038 -0.03999995 -0.00446891
v 0.00933934 -0.03999995 -0.02210830
v 0.00949038 -0.03999995 -0.00750000
v 0.00995929 -0.03999995 -0.00575000
v 0.01376583 -0.03999995 -0.01965965
v 0.01299038 -0.03999995 -0.01100000
v 0.01014284 -0.03999995 -0.02175138
v 0.01124038 -0.03999995 -0.01053109
v 0.00995929 -0.03999995 -0.00925000
v -0.01125643 -0.03999995 -0.00444104
v -0.00997535 -0.03999995 -0.00572212
v -0.00950643 -0.03999995 -0.00747212
v -0.00997535 -0.03999995 -0.00922213
v 0.00621166 -0.03999995 -0.02318222
v -0.00621166 -0.03999995 -0.02318222
v -0.00209174 -0.03999995 -0.02390867
v -0.01125643 -0.03999995 -0.01050321
v 0.00209174 -0.03999995 -0.02390867
v -0.01475644 -0.03999995 -0.01050321
v -0.01697056 -0.03999995 -0.01697056
v -0.01300643 -0.03999995 -0.01097213
v -0.01376583 -0.03999995 -0.01965965
v -0.01014284 -0.03999995 -0.02175138
v -0.01300643 -0.03999995 -0.00397212
v -0.01475644 -0.03999995 -0.00444104
v -0.02390867 -0.03999995 0.00209174
v -0.01603752 -0.03999995 -0.00572212
v -0.02390867 -0.03999995 -0.00209174
v -0.01650644 -0.03999995 -0.00747212
v -0.02318222 -0.03999995 -0.00621166
v -0.01603752 -0.03999995 -0.00922213
v -0.02175139 -0.03999995 -0.01014284
v -0.01965965 -0.03999995 -0.01376583
v -0.01407291 -0.03299995 0.00812500
v -0.01434086 -0.03299995 0.00712500
v -0.01452365 -0.03299995 0.01121250
v 0.01081562 -0.03299995 -0.02312500
v 0.00617043 -0.03299995 -0.02312500
v 0.00617043 -0.03299995 -0.01072500
v -0.01452365 -0.03299995 -0.00032356
v -0.01447868 -0.03299995 -0.00662212
v -0.01470643 -0.03299995 -0.00747212
v -0.01447868 -0.03299995 -0.00832213
v -0.01452365 -0.03299995 -0.02312500
v -0.01452365 -0.03299995 -0.01072500
v -0.01452365 -0.03299995 -0.00918606
v -0.00617043 -0.03299995 -0.02312500
v 0.01081562 -0.03299995 -0.01072500
v 0.01384038 -0.03299995 -0.00602776
v 0.01081562 -0.03299995 -0.00032356
v 0.01299038 -0.03299995 -0.00580000
v 0.01214038 -0.03299995 -0.00602776
v 0.01151814 -0.03299995 -0.00665000
v 0.01129038 -0.03299995 -0.00750000
v 0.01151814 -0.03299995 -0.00835000
v 0.01081562 -0.03299995 -0.00918606
v 0.01214038 -0.03299995 -0.00897224
v 0.01299038 -0.03299995 -0.00920000
v 0.01384038 -0.03299995 -0.00897224
v 0.01446262 -0.03299995 -0.00835000
v 0.01469038 -0.03299995 -0.00750000
v 0.01446262 -0.03299995 -0.00665000
v 0.01334086 -0.03299995 0.00885705
v 0.01234086 -0.03299995 0.00912500
v 0.01081562 -0.03299995 0.01121250
v 0.01060881 -0.03299995 0.00612500
v 0.01134086 -0.03299995 0.00539295
v 0.01234086 -0.03299995 0.00512500
v 0.01334086 -0.03299995 0.00539295
v 0.01407291 -0.03299995 0.00812500
v 0.01434086 -0.03299995 0.00712500
v 0.01407291 -0.03299995 0.00612500
v 0.01081562 -0.03299995 0.03799537
v 0.00617043 -0.03299995 0.01121250
v 0.00617043 -0.03299995 0.03924005
v -0.00000000 -0.03299995 0.01330000
v 0.00085000 -0.03299995 0.01352776
v 0.00185000 -0.03299995 0.01121250
v 0.00185000 -0.03299995 0.04039770
v 0.00085000 -0.03299995 0.01647224
v -0.00185000 -0.03299995 0.04138912
v -0.00000000 -0.03299995 0.01670000
v -0.00085000 -0.03299995 0.01647224
v -0.00147224 -0.03299995 0.01585000
v -0.00170000 -0.03299995 0.01500000
v -0.00185000 -0.03299995 0.01121250
v -0.00147224 -0.03299995 0.01415000
v -0.00085000 -0.03299995 0.01352776
v 0.00147224 -0.03299995 0.01415000
v 0.00170000 -0.03299995 0.01500000
v 0.00147224 -0.03299995 0.01585000
v -0.00617043 -0.03299995 0.01121250
v -0.00617043 -0.03299995 0.04254677
v -0.01452365 -0.03299995 0.04478501
v -0.01385644 -0.03299995 -0.00599988
v -0.01300643 -0.03299995 -0.00577212
v -0.01215643 -0.03299995 -0.00599988
v -0.00617043 -0.03299995 -0.00032356
v -0.01153419 -0.03299995 -0.00662212
v -0.01300643 -0.03299995 -0.00917213
v -0.01215643 -0.03299995 -0.00894437
v -0.00617043 -0.03299995 -0.00918606
v -0.01153419 -0.03299995 -0.00832213
v -0.01130643 -0.03299995 -0.00747212
v -0.01385644 -0.03299995 -0.00894437
v 0.01034086 -0.03299995 0.00712500
v 0.01060881 -0.03299995 0.00812500
v 0.01134086 -0.03299995 0.00885705
v -0.00185000 -0.03299995 -0.01072500
v -0.00617043 -0.03299995 -0.01072500
v -0.00173205 -0.03299995 -0.01325000
v -0.00200000 -0.03299995 -0.01425000
v -0.00173205 -0.03299995 -0.01525000
v -0.00185000 -0.03299995 -0.02312500
v 0.00185000 -0.03299995 -0.02312500
v 0.00100000 -0.03299995 -0.01251795
v -0.00000000 -0.03299995 -0.01225000
v -0.00100000 -0.03299995 -0.01251795
v 0.00173205 -0.03299995 -0.01525000
v 0.00200000 -0.03299995 -0.01425000
v -0.00100000 -0.03299995 -0.01598205
v -0.00000000 -0.03299995 -0.01625000
v 0.00100000 -0.03299995 -0.01598205
v 0.00173205 -0.03299995 -0.01325000
v 0.00185000 -0.03299995 -0.01072500
v -0.00185000 -0.03299995 -0.00918606
v 0.00617043 -0.03299995 -0.00032356
v 0.00617043 -0.03299995 -0.00918606
v 0.00185000 -0.03299995 -0.00032356
v -0.00185000 -0.03299995 -0.00032356
v 0.00185000 -0.03299995 -0.00918606
v -0.01334086 -0.03299995 0.00885705
v -0.01407291 -0.03299995 0.00612500
v -0.01034086 -0.03299995 0.00712500
v -0.01060881 -0.03299995 0.00812500
v -0.01134086 -0.03299995 0.00885705
v -0.01234086 -0.03299995 0.00912500
v -0.01334086 -0.03299995 0.00539295
v -0.01234086 -0.03299995 0.00512500
v -0.01134086 -0.03299995 0.00539295
v -0.01060881 -0.03299995 0.00612500
v 0.00763031 -0.03629605 0.07273563
v 0.00280638 -0.03629605 0.07165622
v -0.00597085 -0.03629605 0.06718209
v -0.00967842 -0.03629605 0.06391264
v -0.01521538 -0.03629605 0.05576403
v 0.01246559 -0.03954323 0.06975001
v -0.01375323 -0.03954323 0.05027260
v -0.01226288 -0.03954323 0.05441240
v -0.01443314 -0.03919610 0.05045478
v -0.01403278 -0.03824259 0.05522265
v -0.01655446 -0.03699995 0.05102318
v -0.01563344 -0.03824259 0.05077640
v -0.01688976 -0.03629605 0.05111302
v -0.01278896 -0.03629605 0.06007076
v -0.01171318 -0.03824259 0.05933977
v -0.01010315 -0.03954323 0.05824576
v -0.00733450 -0.03954323 0.06166537
v -0.00873958 -0.03824259 0.06301250
v -0.00519523 -0.03824259 0.06613803
v -0.00403444 -0.03954323 0.06457547
v -0.00177005 -0.03629605 0.06978760
v -0.00117937 -0.03824259 0.06862883
v -0.00029536 -0.03954323 0.06689460
v 0.00377806 -0.03954323 0.06855784
v 0.00319558 -0.03824259 0.07041518
v 0.00780714 -0.03824259 0.07144707
v 0.00807178 -0.03954323 0.06951860
v 0.01256669 -0.03629605 0.07299562
v 0.01252620 -0.03824259 0.07169561
v 0.01747732 -0.03629605 0.07242890
v 0.01740881 -0.03699995 0.07208860
v 0.01722063 -0.03824259 0.07115384
v 0.01697539 -0.03919610 0.06993563
v -0.02540008 -0.03954323 0.00680593
v -0.02608000 -0.03919610 0.00698811
v -0.02728030 -0.03824259 0.00730973
v -0.02820132 -0.03699995 0.00755652
v -0.02853661 -0.03629605 0.00764636
v 0.03837614 -0.03629605 0.05605041
v 0.03719939 -0.03824259 0.05549641
v 0.03806208 -0.03699995 0.05590256
v 0.03697307 -0.03725443 0.05778315
v 0.03503883 -0.03926905 0.05679788
v 0.03607511 -0.03919610 0.05496712
v 0.03624128 -0.03739658 0.05896252
v 0.03441175 -0.03764694 0.06155937
v 0.03243096 -0.03777598 0.06384540
v 0.03090503 -0.03780335 0.06530426
v 0.02866642 -0.03776836 0.06707690
v 0.02621768 -0.03766374 0.06863073
v 0.02381090 -0.03751739 0.06985789
v 0.02069508 -0.03728455 0.07110427
v 0.03435822 -0.03930936 0.05792215
v 0.03269066 -0.03937963 0.06034305
v 0.03090685 -0.03941549 0.06243028
v 0.02953083 -0.03942307 0.06375164
v 0.02749678 -0.03941338 0.06535508
v 0.02524653 -0.03938431 0.06676415
v 0.02301111 -0.03934339 0.06788183
v 0.02008790 -0.03927762 0.06902415
v -0.02943086 -0.03629605 -0.00257487
v 0.00764636 -0.03629605 -0.02853661
v 0.01248553 -0.03629605 -0.02677530
v 0.02608000 -0.03919610 -0.00698811
v 0.02540008 -0.03954323 -0.00680593
v 0.02383236 -0.03954323 -0.01111321
v 0.00680593 -0.03954323 -0.02540008
v 0.02154050 -0.03954323 -0.01508282
v 0.01859415 -0.03954323 -0.01859415
v 0.01508282 -0.03954323 -0.02154050
v -0.02619603 -0.03954323 0.00229186
v 0.02820132 -0.03699995 -0.00755652
v 0.02728030 -0.03824259 -0.00730973
v 0.02559653 -0.03824259 -0.01193586
v 0.02313502 -0.03824259 -0.01619931
v 0.01997056 -0.03824259 -0.01997056
v 0.01619931 -0.03824259 -0.02313502
v -0.02813517 -0.03824259 0.00246151
v 0.02677530 -0.03629605 -0.01248553
v 0.02420044 -0.03629605 -0.01694533
v 0.02089025 -0.03629605 -0.02089025
v 0.01694533 -0.03629605 -0.02420043
v -0.00229186 -0.03954323 -0.02619603
v -0.00680593 -0.03954323 -0.02540008
v -0.00246151 -0.03824259 -0.02813517
v -0.00730973 -0.03824259 -0.02728030
v -0.00257487 -0.03629605 -0.02943085
v -0.00764636 -0.03629605 -0.02853661
v -0.01111321 -0.03954323 -0.02383236
v -0.01193585 -0.03824259 -0.02559652
v -0.01248553 -0.03629605 -0.02677530
v -0.01508282 -0.03954323 -0.02154050
v -0.01619931 -0.03824259 -0.02313502
v -0.01694533 -0.03629605 -0.02420043
v -0.01859415 -0.03954323 -0.01859415
v -0.02154051 -0.03954323 -0.01508282
v -0.01997056 -0.03824259 -0.01997056
v -0.02313502 -0.03824259 -0.01619931
v -0.02089025 -0.03629605 -0.02089025
v -0.02420043 -0.03629605 -0.01694533
v -0.02383236 -0.03954323 -0.01111321
v -0.02559652 -0.03824259 -0.01193586
v -0.02677530 -0.03629605 -0.01248553
v -0.02540008 -0.03954323 -0.00680593
v -0.02728030 -0.03824259 -0.00730973
v -0.02853661 -0.03629605 -0.00764636
v 0.02853661 -0.03629605 -0.00764636
v 0.01193586 -0.03824259 -0.02559652
v 0.01111321 -0.03954323 -0.02383236
v 0.00730973 -0.03824259 -0.02728030
v 0.00257487 -0.03629605 -0.02943085
v 0.00246151 -0.03824259 -0.02813517
v 0.00229186 -0.03954323 -0.02619603
v -0.02813517 -0.03824259 -0.00246151
v -0.02619603 -0.03954323 -0.00229186
v -0.02943086 -0.03629605 0.00257487
v 0.04016231 -0.03629605 0.05119157
v 0.03702810 -0.03954323 0.05034251
v 0.03784499 -0.03954323 0.04119885
v 0.03783864 -0.03954323 0.04580660
v 0.03890692 -0.03824259 0.05085149
v 0.03977746 -0.03824259 0.04597981
v 0.03978427 -0.03824259 0.04103098
v 0.03704694 -0.03954323 0.03666073
v 0.03772685 -0.03919610 0.03647855
v 0.03892715 -0.03824259 0.03615693
v 0.03984817 -0.03699995 0.03591014
v 0.04107293 -0.03629605 0.04609555
v 0.04108007 -0.03629605 0.04091881
v 0.04018347 -0.03629605 0.03582030
v -0.01130643 -0.03799995 -0.00747212
v -0.01153419 -0.03799995 -0.00662212
v -0.01215643 -0.03799995 -0.00599988
v -0.01300643 -0.03799995 -0.00577212
v -0.01385644 -0.03799995 -0.00599988
v -0.01447868 -0.03799995 -0.00662212
v -0.01470643 -0.03799995 -0.00747212
v -0.01447868 -0.03799995 -0.00832213
v -0.01385644 -0.03799995 -0.00894437
v -0.01300643 -0.03799995 -0.00917213
v -0.01215643 -0.03799995 -0.00894437
v -0.01153419 -0.03799995 -0.00832213
v -0.00997535 -0.03799995 -0.00572212
v -0.01125643 -0.03799995 -0.00444104
v -0.01300643 -0.03799995 -0.00397212
v -0.01475644 -0.03799995 -0.00444104
v -0.01603752 -0.03799995 -0.00572212
v -0.01650644 -0.03799995 -0.00747212
v -0.01603752 -0.03799995 -0.00922213
v -0.01475644 -0.03799995 -0.01050321
v -0.01300643 -0.03799995 -0.01097213
v -0.01125643 -0.03799995 -0.01050321
v -0.00997535 -0.03799995 -0.00922213
v -0.00950643 -0.03799995 -0.00747212
v 0.01469038 -0.03799995 -0.00750000
v 0.01446262 -0.03799995 -0.00665000
v 0.01384038 -0.03799995 -0.00602776
v 0.01299038 -0.03799995 -0.00580000
v 0.01214038 -0.03799995 -0.00602776
v 0.01151814 -0.03799995 -0.00665000
v 0.01129038 -0.03799995 -0.00750000
v 0.01151814 -0.03799995 -0.00835000
v 0.01214038 -0.03799995 -0.00897224
v 0.01299038 -0.03799995 -0.00920000
v 0.01384038 -0.03799995 -0.00897224
v 0.01446262 -0.03799995 -0.00835000
v 0.00949038 -0.03799995 -0.00750000
v 0.00995929 -0.03799995 -0.00925000
v 0.01124038 -0.03799995 -0.01053109
v 0.01299038 -0.03799995 -0.01100000
v 0.01474038 -0.03799995 -0.01053109
v 0.01602147 -0.03799995 -0.00925000
v 0.01649038 -0.03799995 -0.00750000
v 0.01602147 -0.03799995 -0.00575000
v 0.01474038 -0.03799995 -0.00446891
v 0.01299038 -0.03799995 -0.00400000
v 0.01124038 -0.03799995 -0.00446891
v 0.00995929 -0.03799995 -0.00575000
v 0.00170000 -0.03799995 0.01500000
v 0.00147224 -0.03799995 0.01585000
v 0.00085000 -0.03799995 0.01647224
v -0.00000000 -0.03799995 0.01670000
v -0.00085000 -0.03799995 0.01647224
v -0.00147224 -0.03799995 0.01585000
v -0.00170000 -0.03799995 0.01500000
v -0.00147224 -0.03799995 0.01415000
v -0.00085000 -0.03799995 0.01352776
v -0.00000000 -0.03799995 0.01330000
v 0.00085000 -0.03799995 0.01352776
v 0.00147224 -0.03799995 0.01415000
v -0.00000000 -0.03799995 0.01850000
v -0.00175000 -0.03799995 0.01803109
v -0.00303109 -0.03799995 0.01675000
v -0.00350000 -0.03799995 0.01500000
v -0.00303109 -0.03799995 0.01325000
v -0.00175000 -0.03799995 0.01196891
v -0.00000000 -0.03799995 0.01150000
v 0.00175000 -0.03799995 0.01196891
v 0.00303109 -0.03799995 0.01325000
v 0.00350000 -0.03799995 0.01500000
v 0.00303109 -0.03799995 0.01675000
v 0.00175000 -0.03799995 0.01803109
v -0.01434086 -0.03599995 0.00712500
v -0.01407291 -0.03599995 0.00812500
v -0.01334086 -0.03599995 0.00885705
v -0.01234086 -0.03599995 0.00912500
v -0.01134086 -0.03599995 0.00885705
v -0.01060881 -0.03599995 0.00812500
v -0.01034086 -0.03599995 0.00712500
v -0.01060881 -0.03599995 0.00612500
v -0.01134086 -0.03599995 0.00539295
v -0.01234086 -0.03599995 0.00512500
v -0.01334086 -0.03599995 0.00539295
v -0.01407291 -0.03599995 0.00612500
v -0.01234086 -0.03599995 0.00712500
v 0.01034086 -0.03599995 0.00712500
v 0.01060881 -0.03599995 0.00812500
v 0.01134086 -0.03599995 0.00885705
v 0.01234086 -0.03599995 0.00912500
v 0.01334086 -0.03599995 0.00885705
v 0.01407291 -0.03599995 0.00812500
v 0.01434086 -0.03599995 0.00712500
v 0.01407291 -0.03599995 0.00612500
v 0.01334086 -0.03599995 0.00539295
v 0.01234086 -0.03599995 0.00512500
v 0.01134086 -0.03599995 0.00539295
v 0.01060881 -0.03599995 0.00612500
v 0.01234086 -0.03599995 0.00712500
v -0.00200000 -0.03599995 -0.01425000
v -0.00173205 -0.03599995 -0.01325000
v -0.00100000 -0.03599995 -0.01251795
v -0.00000000 -0.03599995 -0.01225000
v 0.00100000 -0.03599995 -0.01251795
v 0.00173205 -0.03599995 -0.01325000
v 0.00200000 -0.03599995 -0.01425000
v 0.00173205 -0.03599995 -0.01525000
v 0.00100000 -0.03599995 -0.01598205
v -0.00000000 -0.03599995 -0.01625000
v -0.00100000 -0.03599995 -0.01598205
v -0.00173205 -0.03599995 -0.01525000
v -0.00000000 -0.03599995 -0.01425000
v 0.02902843 0.00000005 0.05009166
v 0.02939686 0.00000005 0.05146666
v 0.06891486 0.00000005 0.07560799
v 0.02902843 0.00000005 0.05284166
v 0.06370143 0.00000005 0.07521403
v 0.06142633 0.00000005 0.07491898
v 0.01027441 0.00000005 0.06130240
v 0.00655523 0.00000005 0.05404406
v 0.00602843 0.00000005 0.05709166
v 0.07410910 0.00000005 0.07561070
v 0.02426529 0.00000005 0.05284166
v 0.02362430 0.00000005 0.05242759
v 0.02579188 0.00000005 0.05565352
v 0.03708914 0.00000005 0.06609236
v 0.03466645 0.00000005 0.06441297
v 0.02802186 0.00000005 0.05384823
v 0.03149556 0.00000005 0.06184285
v 0.02829281 0.00000005 0.05868230
v 0.02664686 0.00000005 0.05421666
v 0.02527186 0.00000005 0.05384823
v 0.00639686 0.00000005 0.05846666
v 0.00602843 0.00000005 0.05984166
v 0.01497817 0.00000005 0.06779191
v 0.03571994 0.00000005 0.08357608
v 0.02753909 0.00000005 0.07890506
v 0.02073482 0.00000005 0.07367473
v 0.00502186 0.00000005 0.06084823
v 0.01766935 0.00000005 0.07075426
v 0.00227186 0.00000005 0.06084823
v 0.00364686 0.00000005 0.06121666
v 0.03809810 0.00000005 0.06673066
v 0.04178138 0.00000005 0.06879934
v 0.04402109 0.00000005 0.06988087
v 0.04633297 0.00000005 0.07087501
v 0.05080593 0.00000005 0.07248604
v 0.05154741 0.00000005 0.07271662
v 0.02178834 0.00000005 0.04899602
v 0.02389686 0.00000005 0.05146666
v 0.02118929 0.00000005 0.04814763
v 0.02426529 0.00000005 0.05009166
v 0.02033688 0.00000005 0.04755433
v 0.05642290 0.00000005 0.07399782
v 0.05927226 0.00000005 0.07456912
v 0.00126529 0.00000005 0.05709166
v 0.00089686 0.00000005 0.05846666
v 0.00126529 0.00000005 0.05984166
v 0.00632535 0.00000005 0.05279652
v 0.00364686 0.00000005 0.05571666
v 0.00502186 0.00000005 0.05608509
v 0.02802186 0.00000005 0.04908509
v 0.06430998 0.00000005 0.09131426
v 0.05414661 0.00000005 0.08981601
v 0.04452899 0.00000005 0.08718773
v 0.02664686 0.00000005 0.04871666
v 0.00663161 0.00000005 0.05156551
v 0.00227186 0.00000005 0.05608509
v 0.01933325 0.00000005 0.04728723
v 0.07392056 0.00000005 0.09159227
v 0.02527186 0.00000005 0.04908509
v 0.00741926 0.00000005 0.05057112
v 0.00854747 0.00000005 0.04999116
v 0.01829869 0.00000005 0.04737833
v 0.02939686 -0.03629995 0.05146666
v 0.02902843 -0.03629995 0.05284166
v 0.02802186 -0.03629995 0.05384823
v 0.02664686 -0.03629995 0.05421666
v 0.02527186 -0.03629995 0.05384823
v 0.02426529 -0.03629995 0.05284166
v 0.02389686 -0.03629995 0.05146666
v 0.02426529 -0.03629995 0.05009166
v 0.02527186 -0.03629995 0.04908509
v 0.02664686 -0.03629995 0.04871666
v 0.02802186 -0.03629995 0.04908509
v 0.02902843 -0.03629995 0.05009166
v 0.02188372 -0.03629995 0.05421666
v 0.02114686 -0.03629995 0.05146666
v 0.02188372 -0.03629995 0.04871666
v 0.02389686 -0.03629995 0.04670352
v 0.02664686 -0.03629995 0.04596666
v 0.02939686 -0.03629995 0.04670352
v 0.03141000 -0.03629995 0.04871666
v 0.03214686 -0.03629995 0.05146666
v 0.03141000 -0.03629995 0.05421666
v 0.02939686 -0.03629995 0.05622980
v 0.02664686 -0.03629995 0.05696666
v 0.02389686 -0.03629995 0.05622980
v 0.00639686 -0.03629995 0.05846666
v 0.00602843 -0.03629995 0.05984166
v 0.00502186 -0.03629995 0.06084823
v 0.00364686 -0.03629995 0.06121666
v 0.00227186 -0.03629995 0.06084823
v 0.00126529 -0.03629995 0.05984166
v 0.00089686 -0.03629995 0.05846666
v 0.00126529 -0.03629995 0.05709166
v 0.00227186 -0.03629995 0.05608509
v 0.00364686 -0.03629995 0.05571666
v 0.00502186 -0.03629995 0.05608509
v 0.00602843 -0.03629995 0.05709166
v 0.00364686 -0.03629995 0.06396666
v 0.00089686 -0.03629995 0.06322980
v -0.00111628 -0.03629995 0.06121666
v -0.00185314 -0.03629995 0.05846666
v -0.00111628 -0.03629995 0.05571666
v 0.00089686 -0.03629995 0.05370352
v 0.00364686 -0.03629995 0.05296666
v 0.00639686 -0.03629995 0.05370352
v 0.00841000 -0.03629995 0.05571666
v 0.00914686 -0.03629995 0.05846666
v 0.00841000 -0.03629995 0.06121666
v 0.00639686 -0.03629995 0.06322980
v 0.00866384 -0.00107980 0.04995998
v 0.00915802 -0.00241610 0.04982756
v 0.00944765 -0.00288808 0.04974996
v 0.01828857 -0.00031859 0.04738104
v 0.01153433 -0.00460785 0.04919083
v 0.01206421 -0.00480064 0.04904885
v 0.01309112 -0.00498833 0.04877369
v 0.01416782 -0.00494100 0.04848519
v 0.00874478 -0.00140228 0.04993829
v 0.01016519 -0.00371521 0.04955769
v 0.01059322 -0.00406741 0.04944300
v 0.01472312 -0.00481833 0.04833640
v 0.01572483 -0.00440583 0.04806799
v 0.01620940 -0.00410003 0.04793815
v 0.01702122 -0.00336991 0.04772063
v 0.01738236 -0.00291247 0.04762386
v 0.01810342 -0.00139582 0.04743065
v 0.01790926 -0.00195354 0.04748268
v 0.04879344 -0.00047091 0.08849281
v 0.05386871 -0.00047091 0.08974250
v 0.05396920 -0.00217151 0.08946439
v 0.05926730 -0.00047091 0.07458279
v 0.04401219 -0.00047091 0.06989267
v 0.03707859 -0.00047091 0.06610272
v 0.02141759 -0.00047091 0.07425139
v 0.01768124 -0.00047091 0.07074564
v 0.03894786 -0.00047091 0.08503366
v 0.06930122 -0.00047091 0.09158270
v 0.06415620 -0.00047091 0.09128655
v 0.07410751 -0.00155695 0.07576453
v 0.06716238 -0.00047091 0.07553332
v 0.06710634 -0.00217151 0.07581992
v 0.07410206 -0.00305805 0.07621917
v 0.06698219 -0.00377104 0.07646071
v 0.07409207 -0.00444355 0.07696000
v 0.06679706 -0.00519566 0.07742367
v 0.07407794 -0.00565373 0.07795117
v 0.06656034 -0.00637842 0.07866239
v 0.07406048 -0.00665181 0.07916579
v 0.06628325 -0.00726530 0.08011874
v 0.07404129 -0.00739005 0.08054271
v 0.06597834 -0.00781384 0.08172590
v 0.07402164 -0.00784617 0.08204399
v 0.06565929 -0.00800023 0.08340994
v 0.07400285 -0.00800023 0.08360255
v 0.06534025 -0.00781384 0.08509398
v 0.07398568 -0.00784580 0.08515843
v 0.06503534 -0.00726530 0.08670114
v 0.07397038 -0.00738898 0.08666082
v 0.07395709 -0.00665051 0.08803762
v 0.06475824 -0.00637842 0.08815748
v 0.07394554 -0.00565257 0.08925204
v 0.06452152 -0.00519566 0.08939620
v 0.07393577 -0.00444113 0.09024412
v 0.06433640 -0.00377104 0.09035916
v 0.07392793 -0.00305779 0.09098376
v 0.06421224 -0.00217151 0.09099995
v 0.07392255 -0.00155510 0.09143879
v 0.05900083 -0.00047091 0.09067345
v 0.01427059 -0.00047091 0.06691404
v 0.01121925 -0.00047091 0.06275569
v 0.00856082 -0.00047091 0.05826972
v 0.01034599 -0.00519566 0.05754006
v 0.00751711 -0.00387166 0.05374400
v 0.00943557 -0.00377104 0.05791118
v 0.00686578 -0.00224628 0.05394791
v 0.00883077 -0.00217151 0.05815871
v 0.00673855 -0.00173131 0.05398740
v 0.01601985 -0.00800023 0.05524068
v 0.01207162 -0.00768094 0.05228197
v 0.01442257 -0.00781384 0.05588693
v 0.01123923 -0.00737116 0.05255323
v 0.01289869 -0.00726530 0.05650393
v 0.00976606 -0.00650767 0.05302891
v 0.01151867 -0.00637842 0.05706350
v 0.00909648 -0.00594561 0.05324329
v 0.00797007 -0.00462296 0.05360140
v 0.01623224 -0.00770888 0.05090559
v 0.01536646 -0.00790517 0.05119477
v 0.01367665 -0.00798107 0.05175562
v 0.02169370 -0.00519566 0.05294131
v 0.01855263 -0.00655640 0.05012077
v 0.02052102 -0.00637842 0.05341787
v 0.01780007 -0.00704513 0.05037649
v 0.01914100 -0.00726530 0.05397744
v 0.01761712 -0.00781384 0.05459444
v 0.02118755 -0.00312362 0.04920926
v 0.02037414 -0.00465477 0.04949366
v 0.01981530 -0.00538539 0.04968724
v 0.02260412 -0.00377104 0.05257018
v 0.02320891 -0.00217151 0.05232266
v 0.02148802 -0.00222999 0.04910297
v 0.02347887 -0.00047091 0.05221165
v 0.02177268 -0.00051207 0.04900165
v 0.03089193 -0.00047091 0.06131595
v 0.05147950 -0.00047091 0.07271096
v 0.03567321 -0.00519566 0.06747673
v 0.04282943 -0.00519566 0.07145920
v 0.03638712 -0.00377104 0.06677986
v 0.04342968 -0.00377104 0.07066435
v 0.03686417 -0.00217151 0.06631309
v 0.04383136 -0.00217151 0.07013229
v 0.02410395 -0.00726530 0.06098631
v 0.02826154 -0.00637842 0.06320134
v 0.02538608 -0.00637842 0.06021386
v 0.02930077 -0.00519566 0.06245901
v 0.02647732 -0.00519566 0.05955479
v 0.03011007 -0.00377104 0.06187915
v 0.02732637 -0.00377104 0.05904022
v 0.03064985 -0.00217151 0.06149088
v 0.02789200 -0.00217151 0.05869589
v 0.02814533 -0.00047091 0.05854088
v 0.01998692 -0.00781384 0.05835969
v 0.02146094 -0.00726530 0.05762260
v 0.02279655 -0.00637842 0.05695359
v 0.02393245 -0.00519566 0.05638317
v 0.02481535 -0.00377104 0.05593823
v 0.02540276 -0.00217151 0.05564085
v 0.02566543 -0.00047091 0.05550716
v 0.02993125 -0.00217151 0.08006310
v 0.03442561 -0.00217151 0.08258280
v 0.03037205 -0.00377104 0.07956199
v 0.03482728 -0.00377104 0.08205074
v 0.03103119 -0.00519566 0.07881367
v 0.03542753 -0.00519566 0.08125589
v 0.03187586 -0.00637842 0.07785575
v 0.03619635 -0.00637842 0.08023809
v 0.03286620 -0.00726530 0.07673352
v 0.03709742 -0.00726530 0.07904544
v 0.03395709 -0.00781384 0.07549798
v 0.03808974 -0.00781384 0.07773217
v 0.03509915 -0.00800023 0.07420481
v 0.03912848 -0.00800023 0.07635754
v 0.02566045 -0.00217151 0.07722181
v 0.02613750 -0.00377104 0.07675505
v 0.02685141 -0.00519566 0.07605816
v 0.02776680 -0.00637842 0.07516624
v 0.02884051 -0.00726530 0.07412144
v 0.03002358 -0.00781384 0.07297125
v 0.03126231 -0.00800023 0.07176745
v 0.02164665 -0.00217151 0.07405799
v 0.02215680 -0.00377104 0.07362887
v 0.02292091 -0.00519566 0.07298819
v 0.02390134 -0.00637842 0.07216819
v 0.02505189 -0.00726530 0.07120764
v 0.02632004 -0.00781384 0.07015018
v 0.02764808 -0.00800023 0.06904345
v 0.03250104 -0.00781384 0.07056366
v 0.04016722 -0.00781384 0.07498293
v 0.01792332 -0.00217151 0.07057071
v 0.01846310 -0.00377104 0.07018244
v 0.01927240 -0.00519566 0.06960257
v 0.02031163 -0.00637842 0.06886025
v 0.02153187 -0.00726530 0.06799055
v 0.02287733 -0.00781384 0.06703301
v 0.02428658 -0.00800023 0.06603079
v 0.02897611 -0.00781384 0.06793672
v 0.03368411 -0.00726530 0.06941346
v 0.04115954 -0.00726530 0.07366966
v 0.01452392 -0.00217151 0.06675902
v 0.01508955 -0.00377104 0.06641470
v 0.01593861 -0.00519566 0.06590013
v 0.01702984 -0.00637842 0.06524106
v 0.01831197 -0.00726530 0.06446861
v 0.01972629 -0.00781384 0.06361793
v 0.02120796 -0.00800023 0.06272746
v 0.02569583 -0.00781384 0.06502858
v 0.03024426 -0.00726530 0.06687927
v 0.03475782 -0.00637842 0.06836867
v 0.04206061 -0.00637842 0.07247700
v 0.01148192 -0.00217151 0.06262200
v 0.01206932 -0.00377104 0.06232462
v 0.01295223 -0.00519566 0.06187969
v 0.01408813 -0.00637842 0.06130926
v 0.01542374 -0.00726530 0.06064026
v 0.01689775 -0.00781384 0.05990317
v 0.01844234 -0.00800023 0.05913143
v 0.02268963 -0.00781384 0.06183698
v 0.02704130 -0.00726530 0.06407104
v 0.03139482 -0.00637842 0.06591871
v 0.02544603 -0.00047091 0.07743218
v 0.02973296 -0.00047091 0.08028889
v 0.03424477 -0.00047091 0.08282243
v 0.03911004 -0.00217151 0.08478184
v 0.04380862 -0.00047091 0.08692349
v 0.04395109 -0.00217151 0.08666117
v 0.04426719 -0.00377104 0.08607780
v 0.05419198 -0.00377104 0.08884452
v 0.04473907 -0.00519566 0.08520518
v 0.05452430 -0.00519566 0.08791548
v 0.04534298 -0.00637842 0.08408667
v 0.05494938 -0.00637842 0.08672285
v 0.04605036 -0.00726530 0.08277505
v 0.05544708 -0.00726530 0.08532277
v 0.04682907 -0.00781384 0.08133007
v 0.05599482 -0.00781384 0.08377925
v 0.04764406 -0.00800023 0.07981723
v 0.05656801 -0.00800023 0.08216264
v 0.04845904 -0.00781384 0.07830439
v 0.05714119 -0.00781384 0.08054604
v 0.04923775 -0.00726530 0.07685941
v 0.05768893 -0.00726530 0.07900251
v 0.04994513 -0.00637842 0.07554778
v 0.05818664 -0.00637842 0.07760243
v 0.05054905 -0.00519566 0.07442927
v 0.05861171 -0.00519566 0.07640981
v 0.05102093 -0.00377104 0.07355665
v 0.05894404 -0.00377104 0.07548077
v 0.05133702 -0.00217151 0.07297329
v 0.05916681 -0.00217151 0.07486090
v 0.00650924 -0.00170866 0.05274178
v 0.01932135 -0.00038565 0.04729054
v 0.00756611 -0.00135102 0.05053099
v 0.00766811 -0.00175321 0.05050310
v 0.00818938 -0.00301741 0.05036038
v 0.00855260 -0.00360147 0.05026086
v 0.00945213 -0.00462129 0.05001409
v 0.00998597 -0.00505142 0.04986750
v 0.01115529 -0.00570350 0.04954610
v 0.01181181 -0.00593150 0.04936543
v 0.01307430 -0.00614101 0.04901778
v 0.01439147 -0.00605909 0.04865455
v 0.01506484 -0.00589697 0.04846876
v 0.01627539 -0.00537117 0.04813432
v 0.01685590 -0.00498978 0.04797386
v 0.01782478 -0.00408783 0.04770570
v 0.01825304 -0.00352841 0.04758706
v 0.01887520 -0.00236254 0.04741451
v 0.01910407 -0.00168614 0.04735094
v 0.00680252 -0.00157389 0.05151685
v 0.00692116 -0.00204171 0.05148302
v 0.00752782 -0.00351291 0.05130936
v 0.00794934 -0.00419033 0.05118844
v 0.00899357 -0.00537257 0.05088761
v 0.00961199 -0.00586954 0.05070895
v 0.01096502 -0.00662015 0.05031673
v 0.01172435 -0.00688107 0.05009579
v 0.01317987 -0.00711585 0.04967128
v 0.01469674 -0.00701210 0.04922676
v 0.01546925 -0.00682008 0.04899987
v 0.01685707 -0.00620358 0.04859058
v 0.01751988 -0.00575982 0.04839464
v 0.01862485 -0.00471312 0.04806662
v 0.01911179 -0.00406641 0.04792158
v 0.01981787 -0.00272132 0.04771049
v 0.02007752 -0.00194124 0.04763247
v 0.02032339 -0.00044466 0.04755841
v 0.00663686 -0.00221642 0.05270369
v 0.00728977 -0.00381540 0.05250752
v 0.00774316 -0.00455186 0.05237074
v 0.00886786 -0.00584066 0.05202902
v 0.00953432 -0.00638386 0.05182550
v 0.01099461 -0.00720805 0.05137684
v 0.01181584 -0.00749714 0.05112285
v 0.01339154 -0.00776245 0.05063337
v 0.01503856 -0.00765931 0.05011733
v 0.01587803 -0.00745454 0.04985316
v 0.01738975 -0.00678841 0.04937393
v 0.01811201 -0.00630654 0.04914388
v 0.01931817 -0.00516508 0.04875683
v 0.01984996 -0.00445840 0.04858510
v 0.02062155 -0.00298584 0.04833427
v 0.02090566 -0.00213017 0.04824109
v 0.02117453 -0.00048856 0.04815253
v -0.00650000 0.03499995 0.00000000
v -0.00650000 0.03699995 0.00000000
v -0.00562917 0.03499995 0.00325000
v -0.00627852 0.03699995 0.00168232
v -0.00562917 0.03699995 0.00325000
v -0.00459619 0.03699995 0.00459619
v -0.00325000 0.03499995 0.00562916
v -0.00325000 0.03699995 0.00562916
v -0.00168232 0.03699995 0.00627852
v -0.00000000 0.03499995 0.00650000
v -0.00000000 0.03699995 0.00650000
v 0.00325000 0.03499995 0.00562916
v 0.00168232 0.03699995 0.00627852
v 0.00325000 0.03699995 0.00562916
v 0.00562917 0.03499995 0.00325000
v 0.00459619 0.03699995 0.00459619
v 0.00562917 0.03699995 0.00325000
v 0.00650000 0.03499995 0.00000000
v 0.00627852 0.03699995 0.00168232
v 0.00650000 0.03699995 0.00000000
v 0.00627852 0.03699995 -0.00168233
v 0.00562917 0.03499995 -0.00325000
v 0.00562917 0.03699995 -0.00325000
v 0.00459619 0.03699995 -0.00459620
v 0.00325000 0.03499995 -0.00562917
v 0.00325000 0.03699995 -0.00562917
v 0.00168232 0.03699995 -0.00627852
v -0.00000000 0.03499995 -0.00650000
v -0.00000000 0.03699995 -0.00650000
v -0.00325000 0.03499995 -0.00562917
v -0.00168232 0.03699995 -0.00627852
v -0.00325000 0.03699995 -0.00562917
v -0.00459619 0.03699995 -0.00459620
v -0.00562917 0.03499995 -0.00325000
v -0.00562917 0.03699995 -0.00325000
v -0.00627852 0.03699995 -0.00168233
v 0.04164433 0.00313355 0.04307726
v 0.04164299 -0.00000005 0.04298520
v 0.04163636 -0.00000005 0.04267291
v 0.04156944 0.01724997 0.04562052
v 0.04162338 0.01373663 0.04465330
v 0.04163636 0.03399995 0.04267291
v 0.04164397 0.01001224 0.04388272
v 0.04164679 0.00676108 0.04340289
v 0.04069362 0.02840186 0.05096904
v 0.04075280 0.02806998 0.05073604
v 0.04099479 0.03399995 0.04968749
v 0.04107704 0.02577672 0.04928594
v 0.04152785 0.03399995 0.04613619
v 0.04130886 0.02325050 0.04795729
v 0.04146424 0.02052371 0.04677173
v 0.03878936 0.03399995 0.05624495
v 0.03904840 0.03354283 0.05567959
v 0.04060314 0.03399995 0.05131100
v 0.03972162 0.03204555 0.05404058
v 0.04026470 0.03033531 0.05246773
v 0.04153508 0.03399995 0.04087942
v 0.04062463 -0.00000005 0.03570209
v 0.04062463 0.03399995 0.03570209
v 0.01634880 0.03344072 0.07309590
v 0.01756745 0.03399995 0.07287663
v 0.01258091 0.03399995 0.07345212
v 0.01029491 0.03399995 0.07343619
v 0.01014098 0.03026601 0.07342885
v 0.01132222 0.03090987 0.07346491
v 0.01385478 0.03222826 0.07338531
v 0.00752068 0.02877171 0.07318155
v 0.00756822 0.03399995 0.07318811
v 0.00284250 0.03399995 0.07214563
v -0.00405030 0.03399995 0.06903225
v -0.00405437 0.02074451 0.06902975
v -0.00313751 0.02149962 0.06957074
v -0.00076501 0.02333223 0.07077867
v -0.00006011 0.02384762 0.07108816
v -0.00197746 0.03399995 0.07019451
v 0.00241166 0.02556715 0.07200981
v 0.00266971 0.03399995 0.07209202
v 0.00284033 0.02585287 0.07214496
v 0.00494181 0.02720653 0.07270776
v -0.00983830 0.01507020 0.06440438
v -0.00943499 0.01553605 0.06481041
v -0.00994539 0.03399995 0.06429392
v -0.00748080 0.01761597 0.06657797
v -0.00537840 0.01959873 0.06816769
v -0.00624321 0.03399995 0.06754872
v -0.01446809 0.03399995 0.05823181
v -0.01446874 0.00809813 0.05823066
v -0.01444651 0.00814394 0.05826991
v -0.01000810 0.03399995 0.06422872
v -0.01159162 0.01285201 0.06243962
v -0.00994657 0.01494265 0.06429271
v -0.01313667 0.01053948 0.06037159
v -0.01316672 0.03399995 0.06032745
v -0.01657257 0.00066824 0.05364822
v -0.01733092 -0.00000005 0.05123124
v -0.01658227 0.00043425 0.05362128
v -0.01658938 -0.00000005 0.05360149
v -0.01637675 0.00240603 0.05417542
v -0.01733092 0.03399995 0.05123124
v -0.01643756 0.00202579 0.05401492
v -0.01652379 0.00132425 0.05378240
v -0.01617504 0.00339498 0.05468904
v -0.01579387 0.00478313 0.05559127
v -0.01537902 0.00598428 0.05648980
v -0.01563066 0.03399995 0.05595415
v 0.03997758 -0.00000005 0.03328728
v 0.03997758 0.02999995 0.03328728
v 0.03987356 0.03149995 0.03289905
v 0.02897778 0.03299995 -0.00776457
v 0.02897778 0.03399995 -0.00776457
v 0.03920113 0.03299995 0.03038950
v 0.03958936 0.03259802 0.03183839
v -0.01797796 -0.00000005 0.04881642
v -0.01797796 0.02999995 0.04881642
v -0.01808199 0.03149995 0.04842819
v -0.01836619 0.03259802 0.04736753
v -0.01875442 0.03299995 0.04591864
v -0.02897778 0.03399995 0.00776457
v -0.02897778 0.03299995 0.00776457
v 0.11164686 -0.00000005 0.10746667
v 0.11164686 -0.00000005 0.10396666
v 0.11164686 0.00568843 0.10678265
v 0.11164686 0.00577547 0.10313627
v 0.11164686 0.01549282 0.09689131
v 0.11164686 0.01555631 0.10174254
v 0.11164686 0.01108309 0.10071236
v 0.11164686 0.01093661 0.10482988
v 0.11164686 0.00651456 0.10656571
v 0.11164686 0.02395796 0.08489272
v 0.11164686 0.02344164 0.08860992
v 0.11164686 0.02029129 0.08638412
v 0.11164686 0.00554053 0.06011513
v 0.11164686 0.00651456 0.06036762
v 0.11164686 0.00577547 0.06379706
v 0.11164686 0.01078919 0.06202851
v 0.11164686 0.01108309 0.06622096
v 0.11164686 0.02179599 0.09351465
v 0.11164686 0.02075713 0.09551327
v 0.11164686 0.01864741 0.09198267
v 0.11164686 0.01913518 0.09795202
v 0.11164686 0.01741861 0.09997816
v 0.11164686 0.02298292 0.09037885
v 0.11164686 0.02179599 0.07341867
v 0.11164686 0.01864741 0.07495066
v 0.11164686 0.01926046 0.06914844
v 0.11164686 0.01549282 0.07004201
v 0.11164686 0.01544364 0.06509558
v 0.11164686 0.01131325 0.06230074
v 0.11164686 0.00141279 0.05950846
v 0.11164686 -0.00000005 0.06296666
v 0.11164686 -0.00000005 0.05946666
v 0.11164686 0.02204440 0.07397565
v 0.11164686 0.02344164 0.07832341
v 0.11164686 0.02029129 0.08054921
v 0.11164686 0.02363986 0.07932886
v 0.11164686 0.02400078 0.08346666
v 0.09891956 0.02413396 0.07826758
v 0.00635746 0.00165273 0.08747561
v 0.01007573 0.00164230 0.08999689
v 0.01042169 0.00463438 0.08977593
v -0.00047727 0.00167359 0.08174419
v 0.00283490 0.00166316 0.08472788
v 0.00319454 0.00469325 0.08453501
v 0.09800578 0.02470939 0.08341137
v 0.08694050 0.01998285 0.09771863
v 0.09542746 0.01970029 0.09791731
v 0.09621938 0.02243952 0.09346545
v 0.06611484 0.01214851 0.10322914
v 0.06507871 0.00699547 0.10517346
v 0.07481024 0.00689929 0.10595961
v 0.09979217 0.02243952 0.07335728
v 0.07486533 0.01264966 0.06095328
v 0.07228983 0.01742788 0.06358966
v 0.08180336 0.01696764 0.06453057
v 0.00130085 -0.00000005 0.08347350
v 0.00815763 -0.00000005 0.08880514
v 0.07059310 -0.00000005 0.05754809
v 0.06881218 0.00162143 0.05733774
v 0.07738218 0.00157971 0.05836338
v 0.04768793 -0.00000005 0.05207200
v 0.04620416 -0.00000005 0.05121717
v 0.04637427 0.00248153 0.05142155
v 0.03930716 0.02780722 0.07193284
v 0.03755759 0.02789009 0.07317777
v 0.04342637 0.02754384 0.07586794
v -0.01085956 0.00952370 0.06463572
v -0.01229616 0.00795728 0.06271455
v -0.01025468 0.00790919 0.06696142
v -0.01632776 0.00032400 0.05443893
v -0.01633572 -0.00000005 0.05441591
v -0.01515712 -0.00000005 0.05836145
v -0.01616595 0.00151179 0.05489667
v -0.01626233 0.00098825 0.05462633
v -0.01631690 0.00049862 0.05447026
v -0.01609807 0.00179548 0.05508321
v -0.01510519 0.00173619 0.05835264
v -0.01587334 0.00253284 0.05567972
v -0.01545024 0.00356622 0.05672617
v -0.01336550 0.00172575 0.06295244
v -0.01396724 0.00605682 0.05982415
v -0.01499177 0.00445837 0.05776667
v -0.00558232 0.01356344 0.07016551
v -0.00640862 0.01301660 0.06944727
v -0.00792956 0.00786110 0.07092629
v -0.00852466 0.01149152 0.06738231
v -0.00896106 0.01115024 0.06691048
v -0.00145719 0.01068730 0.07760704
v -0.00010873 0.01348492 0.07703427
v -0.00294433 0.01356844 0.07372008
v 0.00153480 0.01612558 0.07634148
v 0.00444284 0.01889000 0.07611051
v 0.00170127 0.01761182 0.07490669
v 0.00092350 0.01722955 0.07451449
v -0.00168137 0.01587421 0.07301890
v -0.00412585 0.01447357 0.07132784
v -0.00545074 0.01364836 0.07027578
v 0.01182981 0.02055706 0.08003529
v 0.00727208 0.02011090 0.07708729
v 0.01740977 0.02385074 0.07868160
v 0.01450704 0.02287166 0.07851022
v 0.01416784 0.02252589 0.07883490
v 0.01315804 0.02239216 0.07835471
v 0.01017981 0.02127784 0.07783632
v 0.02728665 0.02658526 0.07759124
v 0.02587768 0.02626049 0.07791124
v 0.02593006 0.02533543 0.08016386
v 0.02310631 0.02555279 0.07837463
v 0.02335682 0.02392860 0.08174215
v 0.02978751 0.02709468 0.07687414
v 0.03142100 0.02724942 0.07680439
v 0.03216394 0.02748479 0.07600195
v 0.03440883 0.02774899 0.07498431
v 0.03563680 0.02784074 0.07433739
v 0.03804813 0.02690326 0.07976484
v 0.04291039 0.02724942 0.06978849
v 0.04088828 0.02758982 0.07061327
v 0.04231944 0.02722853 0.06921384
v 0.04356156 0.02672914 0.06778640
v 0.04840132 0.02533543 0.06642902
v 0.04461893 0.02609660 0.06635488
v 0.04591961 0.02486370 0.06417246
v 0.04659323 0.02386271 0.06274766
v 0.05339377 0.02224333 0.06336313
v 0.04550891 0.02532879 0.06492741
v 0.04531958 0.02551629 0.06525270
v 0.04811949 0.02252589 0.06156600
v 0.04753961 0.02144378 0.06006837
v 0.04712759 0.02272775 0.06138093
v 0.04759415 0.02122229 0.05986184
v 0.05257712 0.01834835 0.05927309
v 0.04787196 0.01967747 0.05855428
v 0.05606201 0.01331787 0.05746326
v 0.04802286 0.01793297 0.05730616
v 0.04798530 0.01855197 0.05772525
v 0.05095604 0.01348492 0.05600561
v 0.04793911 0.01357253 0.05491075
v 0.04805064 0.01599010 0.05613209
v 0.04767453 0.01088604 0.05378627
v 0.04846321 0.00786110 0.05331118
v 0.04726052 0.00796018 0.05277257
v 0.04917154 0.00481101 0.05307768
v 0.04682634 0.00537190 0.05203228
v 0.04953749 0.00170489 0.05295550
v 0.04972661 -0.00000005 0.05299261
v 0.06274509 -0.00000005 0.05628070
v 0.05889461 -0.00000005 0.05551866
v 0.05945244 0.00166316 0.05567301
v 0.05599764 -0.00000005 0.05488024
v 0.07902082 -0.00000005 0.05846194
v 0.08555654 0.00153798 0.05892160
v 0.08699073 -0.00000005 0.05894067
v 0.09372937 0.00149625 0.05918408
v 0.09052207 -0.00000005 0.05906213
v 0.10342801 -0.00000005 0.05929682
v 0.08419193 0.00147539 0.10730165
v 0.07831469 -0.00000005 0.10710476
v 0.09371678 0.00145452 0.10750026
v 0.09989403 -0.00000005 0.10756904
v 0.07445063 0.00149625 0.10684405
v 0.06461044 0.00151711 0.10605134
v 0.06266597 -0.00000005 0.10589438
v 0.05478891 0.00153798 0.10484745
v 0.04882859 -0.00000005 0.10392127
v 0.04510359 0.00155884 0.10315628
v 0.03567206 0.00157971 0.10090174
v 0.03670019 -0.00000005 0.10123191
v 0.02661187 0.00160057 0.09800772
v 0.02533511 -0.00000005 0.09758446
v 0.01804057 0.00162143 0.09439813
v 0.01613223 -0.00000005 0.09350827
v -0.00356430 0.00168403 0.07851500
v -0.00641141 0.00169446 0.07503077
v -0.00466366 -0.00000005 0.07732062
v -0.00900383 0.00170489 0.07128197
v -0.00951277 -0.00000005 0.07056610
v -0.01132679 0.00171532 0.06725904
v -0.01341168 -0.00000005 0.06297824
v 0.09539995 0.01625778 0.06499729
v 0.09564675 0.01611994 0.06489717
v 0.09257294 0.01198145 0.06203257
v 0.09598567 0.01598872 0.06480841
v 0.09664686 0.01588178 0.06475630
v 0.09707427 0.01590602 0.06479740
v 0.09764686 0.01606287 0.06495415
v 0.09769659 0.01608448 0.06497451
v 0.09820128 0.01641117 0.06527559
v 0.09837891 0.01660180 0.06545050
v 0.09853014 0.01684193 0.06567245
v 0.09864682 0.01732307 0.06612568
v 0.09853828 0.01779930 0.06658650
v 0.09837891 0.01804882 0.06683190
v 0.09821662 0.01821913 0.06700002
v 0.09771854 0.01854088 0.06731373
v 0.09764685 0.01857245 0.06734356
v 0.09709927 0.01873525 0.06748638
v 0.09664679 0.01878487 0.06751007
v 0.08986741 0.02026541 0.06871539
v 0.09642743 0.01878417 0.06749369
v 0.09578086 0.01868186 0.06733418
v 0.09564688 0.01863868 0.06727734
v 0.09523480 0.01843771 0.06703185
v 0.09491485 0.01816036 0.06672046
v 0.09484810 0.01807454 0.06662848
v 0.09466058 0.01762477 0.06617247
v 0.09464686 0.01745558 0.06601076
v 0.09138547 0.01650741 0.06496357
v 0.09469534 0.01713244 0.06571510
v 0.09491484 0.01670405 0.06534817
v 0.09495216 0.01665586 0.06530866
v 0.09764691 0.01588903 0.10180509
v 0.09730664 0.01577063 0.10190734
v 0.09422632 0.01164735 0.10465466
v 0.09664686 0.01568780 0.10198284
v 0.09621596 0.01572710 0.10195572
v 0.09557641 0.01838713 0.09946454
v 0.09564685 0.01841527 0.09943239
v 0.09619498 0.01855493 0.09926625
v 0.09664684 0.01858441 0.09922260
v 0.09686441 0.01857398 0.09922896
v 0.09751018 0.01844319 0.09935845
v 0.09764686 0.01839313 0.09941025
v 0.09805857 0.01817457 0.09963764
v 0.09837890 0.01788432 0.09993671
v 0.09837890 0.01644037 0.10132122
v 0.09833929 0.01639137 0.10136509
v 0.09789218 0.01601572 0.10169555
v 0.09844743 0.01779357 0.10002898
v 0.09863400 0.01733673 0.10048307
v 0.09864686 0.01717387 0.10064054
v 0.09859682 0.01685073 0.10094608
v 0.09464689 0.01720054 0.10068303
v 0.09475543 0.01767428 0.10022168
v 0.09491482 0.01791911 0.09997147
v 0.09507744 0.01808417 0.09979755
v 0.09564683 0.01590221 0.10181829
v 0.09559229 0.01592781 0.10179770
v 0.09475254 0.01604718 0.10170631
v 0.09508875 0.01627266 0.10151258
v 0.09491484 0.01646616 0.10134706
v 0.09476225 0.01671504 0.10112850
v 0.08585842 0.01627729 0.10149892
v 0.09336977 0.00689929 0.06006851
v 0.08497899 0.00709165 0.05978554
v 0.08535916 0.00433999 0.05921720
v 0.07711411 0.00445775 0.05864070
v 0.07937970 0.02083053 0.06814883
v 0.06900387 0.02139565 0.06694334
v 0.07654603 0.02372659 0.07237728
v 0.07343096 0.02551861 0.07702462
v 0.08613554 0.02482629 0.07794976
v 0.08809046 0.02308306 0.07311087
v 0.06516319 0.02437013 0.07085436
v 0.06094193 0.02621093 0.07514682
v 0.06329889 0.02648092 0.08092324
v 0.05652712 0.02683522 0.07963256
v 0.05944679 0.02586477 0.08562009
v 0.05211231 0.02621093 0.08411830
v 0.05576364 0.02404836 0.09011310
v 0.04789105 0.02437013 0.08841076
v 0.05241266 0.02111309 0.09420412
v 0.04405037 0.02139565 0.09232178
v 0.04954583 0.01719776 0.09770864
v 0.06691449 0.02551861 0.08674444
v 0.06379943 0.02372659 0.09139178
v 0.07193065 0.02340482 0.09230656
v 0.06962671 0.02054797 0.09663484
v 0.07831261 0.02026541 0.09731273
v 0.07017273 0.02612661 0.08188453
v 0.08204447 0.02482629 0.08807836
v 0.08008955 0.02308306 0.09291725
v 0.04076441 0.01742788 0.09567545
v 0.03937894 0.01512670 0.09709213
v 0.04729900 0.01248261 0.10045985
v 0.03645630 0.00728401 0.10009240
v 0.04578762 0.00718783 0.10231482
v 0.03720995 0.01002546 0.09931730
v 0.03818892 0.01264966 0.09831183
v 0.05536646 0.00709165 0.10398352
v 0.05664323 0.01231556 0.10207476
v 0.05854209 0.01696764 0.09923849
v 0.07679453 0.01650741 0.10106455
v 0.09709200 0.02413396 0.08855515
v 0.08409000 0.02541800 0.08301406
v 0.08501314 0.01181440 0.10444653
v 0.07560707 0.01198145 0.10399555
v 0.06765705 0.01673753 0.10033409
v 0.06096575 0.02083053 0.09562022
v 0.09387468 0.00670692 0.10662043
v 0.08444693 0.00680310 0.10641695
v -0.00533674 0.00781301 0.07461919
v -0.00249216 0.00776492 0.07805012
v -0.00319867 0.00475213 0.07835533
v -0.00604512 0.00478157 0.07488940
v -0.00863789 0.00481101 0.07115979
v -0.01096180 0.00484045 0.06715679
v -0.01300168 0.00486988 0.06287071
v -0.01253753 0.00782350 0.06224914
v 0.00388855 0.00766874 0.08416615
v 0.00490392 0.01055493 0.08363045
v 0.00622533 0.01331787 0.08293764
v 0.00783425 0.01592580 0.08209933
v 0.00971022 0.01834835 0.08112780
v 0.01899268 0.00747637 0.09368653
v 0.02748662 0.00738019 0.09724130
v 0.01990831 0.01029019 0.09300667
v 0.02832741 0.01015782 0.09650823
v 0.02109824 0.01298376 0.09212629
v 0.02941974 0.01281671 0.09555817
v 0.02254532 0.01552625 0.09105986
v 0.03074772 0.01532647 0.09440656
v 0.02423071 0.01788812 0.08982278
v 0.03229399 0.01765800 0.09306987
v 0.02613316 0.02004144 0.08843043
v 0.03403898 0.01978363 0.09156456
v 0.02822991 0.02196077 0.08689935
v 0.03596181 0.02167821 0.08990844
v 0.03049634 0.02362464 0.08524821
v 0.04024943 0.02469189 0.08622497
v 0.03290651 0.02501366 0.08349592
v 0.04496233 0.02655710 0.08218468
v 0.01108862 0.00757255 0.08935314
v 0.01206351 0.01042256 0.08873872
v 0.01333118 0.01315081 0.08794363
v 0.01487356 0.01572603 0.08698110
v 0.01667074 0.01811823 0.08586513
v 0.01870016 0.02029925 0.08460968
v 0.02093761 0.02224333 0.08322975
v 0.02028030 0.02474672 0.07863356
v 0.01836591 0.00457550 0.09415402
v 0.02691085 0.00451662 0.09774493
v 0.04533741 0.00439887 0.10286815
v 0.03594014 0.00445775 0.10062442
v 0.01397499 0.00163187 0.09230123
v 0.05230450 0.01068730 0.05543284
v 0.05333947 0.00776492 0.05498976
v 0.05404598 0.00475213 0.05468455
v 0.05738341 0.01055493 0.05677045
v 0.05839878 0.00766874 0.05623474
v 0.08370222 0.01231556 0.06169429
v 0.07659794 0.00728401 0.05917271
v 0.06786007 0.00747637 0.05804934
v 0.06848684 0.00457550 0.05758186
v 0.05909279 0.00469325 0.05586589
v 0.05441161 0.00168403 0.05452488
v 0.05270769 -0.00000005 0.05401473
v 0.05766064 0.01811823 0.06072775
v 0.06575450 0.01298376 0.05960959
v 0.06694444 0.01029019 0.05872920
v 0.04880461 0.02690326 0.07197104
v 0.05394624 0.02501366 0.06823995
v 0.05862283 0.02196077 0.06483652
v 0.06262203 0.01788812 0.06191309
v 0.04989156 0.02718953 0.07796372
v 0.05482080 0.02655710 0.07374275
v 0.05953370 0.02469189 0.06970247
v -0.01645386 -0.00000005 0.05400600
v -0.01639260 -0.00000005 0.05421032
v -0.01638470 0.00035152 0.05423249
v 0.01974968 0.03432761 0.07236904
v 0.01978394 0.03165729 0.07284088
v 0.01734719 0.03071964 0.07336649
v 0.02214760 0.03247034 0.07212661
v 0.02333883 0.03283837 0.07168549
v 0.02327239 0.03480712 0.07122869
v 0.02543592 0.03340561 0.07076655
v 0.02648552 0.03516725 0.06976786
v 0.02740882 0.03382544 0.06972121
v 0.02925605 0.03409114 0.06856325
v 0.02878731 0.03535469 0.06840634
v 0.03026096 0.03417104 0.06785144
v 0.03122392 0.03545073 0.06658886
v 0.03182819 0.03418046 0.06661025
v 0.03325575 0.03403394 0.06531935
v 0.03345294 0.03538973 0.06446833
v 0.03455382 0.03373012 0.06398675
v 0.03574589 0.03325713 0.06260054
v 0.03563203 0.03510175 0.06178788
v 0.03680589 0.03262163 0.06120511
v 0.03734135 0.03462765 0.05907777
v 0.04289466 -0.00000005 0.04767129
v 0.04198041 -0.00000005 0.04540529
v 0.04198907 0.00294166 0.04554658
v 0.04443037 0.00260513 0.04985338
v 0.04468963 0.00562315 0.05047412
v 0.04492742 0.00831116 0.05123301
v 0.04512838 0.01133920 0.05227166
v 0.04521192 0.01411372 0.05341473
v 0.04517129 0.01660542 0.05464159
v 0.04502757 0.01860149 0.05580513
v 0.03774048 0.03182534 0.05981309
v 0.03856399 0.03085989 0.05842324
v 0.03896002 0.03027381 0.05768556
v 0.03963991 0.02900517 0.05628335
v 0.04021433 0.02755314 0.05492214
v 0.04069442 0.02590153 0.05360363
v 0.04076327 0.02561672 0.05339592
v 0.04115657 0.02363619 0.05208286
v 0.04146252 0.02142504 0.05084100
v 0.04168844 0.01900277 0.04969188
v 0.04186002 0.01604889 0.04852595
v 0.04196053 0.01283152 0.04749045
v 0.04200310 0.00937959 0.04660440
v 0.04200514 0.00634314 0.04600162
v 0.04477880 0.02038481 0.05702362
v 0.04442358 0.02195302 0.05827847
v 0.04435916 0.02217679 0.05847460
v 0.04389944 0.02346816 0.05970820
v 0.04333991 0.02459914 0.06097165
v 0.04266855 0.02558952 0.06226932
v 0.04227243 0.02604924 0.06295035
v 0.01484500 0.02966704 0.07369508
v 0.01228696 0.02850654 0.07381690
v 0.01108879 0.02793497 0.07380039
v 0.00842172 0.02659894 0.07359458
v 0.00578710 0.02518833 0.07315757
v 0.00319451 0.02370131 0.07249039
v 0.00065523 0.02213342 0.07159252
v -0.00007003 0.02166221 0.07128847
v -0.00251460 0.01998295 0.07009372
v -0.00482897 0.01823559 0.06869441
v 0.04143760 0.02681226 0.06422956
v 0.04047324 0.02745198 0.06550759
v 0.03936203 0.02797504 0.06678549
v 0.03809614 0.02837860 0.06805040
v 0.03670361 0.02865431 0.06926218
v 0.03516127 0.02880913 0.07042997
v 0.03345973 0.02884106 0.07154623
v 0.03236562 0.02880006 0.07218359
v 0.03035139 0.02862343 0.07321301
v 0.02819894 0.02831618 0.07413004
v 0.02591208 0.02788121 0.07492056
v 0.02461442 0.02759247 0.07529111
v 0.02204385 0.02694328 0.07586864
v 0.01939992 0.02618029 0.07625782
v 0.01669306 0.02531200 0.07644836
v 0.01393568 0.02434532 0.07642876
v 0.01264775 0.02386643 0.07634567
v 0.00979031 0.02274201 0.07599028
v 0.00698204 0.02154973 0.07540336
v 0.00423255 0.02028894 0.07458607
v 0.00155253 0.01895668 0.07353782
v 0.00078940 0.01855602 0.07318996
v -0.00177558 0.01712797 0.07184372
v -0.00419497 0.01564139 0.07029397
v -0.00646438 0.01408534 0.06854689
v -0.00700577 0.01640774 0.06709807
v -0.00903456 0.01448546 0.06531247
v -0.00945400 0.01405430 0.06490091
v -0.01128068 0.01199784 0.06290275
v -0.01289515 0.00984827 0.06078869
v -0.01426753 0.00761637 0.05862997
v -0.01524662 0.00560033 0.05679423
v -0.01568269 0.00447752 0.05586529
v -0.01608356 0.00317883 0.05493103
v -0.01629575 0.00225309 0.05439855
v -0.01635973 0.00189707 0.05423205
v -0.01645046 0.00124014 0.05399080
v -0.01650177 0.00062578 0.05385152
v -0.01651198 0.00040665 0.05382356
v -0.01651946 -0.00000005 0.05380302
v -0.01644611 0.00037907 0.05402733
v -0.01643554 0.00058335 0.05405637
v -0.01638241 0.00115606 0.05420100
v -0.01628849 0.00176843 0.05445150
v -0.01622227 0.00210027 0.05462434
v -0.01600273 0.00296293 0.05517699
v -0.01558824 0.00417247 0.05614612
v -0.01513776 0.00521738 0.05710907
v -0.01412762 0.00709112 0.05901016
v -0.01271400 0.00916196 0.06124283
v -0.01105360 0.01115257 0.06342687
v -0.00917732 0.01305288 0.06548990
v -0.00874675 0.01345079 0.06591480
v -0.00666474 0.01522314 0.06775869
v -0.00443126 0.01690567 0.06940897
v -0.00205609 0.01851120 0.07085894
v 0.00045428 0.02005117 0.07210181
v 0.00119949 0.02048272 0.07241928
v 0.00381035 0.02191617 0.07336171
v 0.00647868 0.02327083 0.07407130
v 0.00919293 0.02455009 0.07454896
v 0.01194280 0.02575476 0.07479410
v 0.01317841 0.02626737 0.07482786
v 0.01581580 0.02730140 0.07474277
v 0.01839379 0.02822914 0.07445110
v 0.02090080 0.02904352 0.07396477
v 0.02332714 0.02973554 0.07329480
v 0.02454746 0.03004268 0.07287916
v 0.02669035 0.03050402 0.07201269
v 0.02869824 0.03082780 0.07102948
v 0.03056945 0.03101083 0.06994532
v 0.03158314 0.03105083 0.06928214
v 0.03315702 0.03100962 0.06813253
v 0.03458308 0.03083628 0.06694467
v 0.03587363 0.03053299 0.06572542
v 0.03705390 0.03009182 0.06446341
v 0.03810073 0.02952136 0.06319632
v 0.03902284 0.02882341 0.06193299
v 0.03983645 0.02798932 0.06066897
v 0.04022900 0.02748594 0.05999546
v 0.04090629 0.02639897 0.05870919
v 0.04148418 0.02515399 0.05745171
v 0.04197247 0.02373106 0.05622056
v 0.04204270 0.02348468 0.05602480
v 0.04244373 0.02176133 0.05477339
v 0.04275227 0.01981263 0.05356284
v 0.04297067 0.01764747 0.05241399
v 0.04311591 0.01496754 0.05121331
v 0.04316493 0.01200772 0.05010828
v 0.04312732 0.00879716 0.04912108
v 0.04304385 0.00595469 0.04841548
v 0.04293752 0.00276177 0.04785337
v 0.04433117 -0.00000005 0.04964792
v -0.01637391 0.00054095 0.05426265
v -0.01631969 0.00107209 0.05441288
v -0.01622388 0.00163998 0.05467308
v -0.01615636 0.00194769 0.05485262
v -0.01593262 0.00274752 0.05542665
v -0.01551071 0.00386851 0.05643325
v -0.01505274 0.00483639 0.05743349
v -0.01402737 0.00657051 0.05940881
v -0.01259451 0.00848544 0.06173081
v -0.01091274 0.01032499 0.06400654
v -0.00901222 0.01208024 0.06616296
v -0.00857592 0.01244774 0.06660825
v 0.09612961 0.01306497 0.06766935
v 0.09564686 0.01321901 0.06779801
v 0.07664686 0.01108309 0.06622096
v 0.09837891 0.01518544 0.06969529
v 0.09857883 0.01485671 0.06934126
v 0.09864686 0.01449559 0.06897093
v 0.09857881 0.01412521 0.06860977
v 0.09837891 0.01377122 0.06828108
v 0.09764686 0.01321901 0.06779801
v 0.09716654 0.01306548 0.06766976
v 0.09664686 0.01301222 0.06762587
v 0.09491481 0.01377122 0.06828108
v 0.09471518 0.01412448 0.06860908
v 0.07664686 0.01549282 0.07004201
v 0.09464686 0.01449559 0.06897093
v 0.09471507 0.01485715 0.06934173
v 0.09491481 0.01518544 0.06969529
v 0.09564686 0.01566851 0.07024749
v 0.07664686 0.01864741 0.07495066
v 0.09612900 0.01579707 0.07040141
v 0.09664686 0.01584066 0.07045428
v 0.09716507 0.01579701 0.07040133
v 0.09764696 0.01566847 0.07024745
v 0.09801105 0.01549282 0.07004201
v 0.09491481 0.01518554 0.09723794
v 0.09471489 0.01485681 0.09759195
v 0.07664686 0.01549282 0.09689131
v 0.09464686 0.01449569 0.09796230
v 0.07664686 0.01108309 0.10071236
v 0.09471491 0.01412531 0.09832345
v 0.09491481 0.01377133 0.09865215
v 0.09564686 0.01321912 0.09913522
v 0.09612717 0.01306558 0.09926347
v 0.09764686 0.01321912 0.09913522
v 0.09716411 0.01306508 0.09926389
v 0.09664686 0.01301233 0.09930737
v 0.09837891 0.01377133 0.09865215
v 0.09857854 0.01412458 0.09832414
v 0.09864686 0.01449569 0.09796230
v 0.09857865 0.01485725 0.09759149
v 0.09837891 0.01518554 0.09723794
v 0.09764686 0.01566860 0.09668572
v 0.09716472 0.01579716 0.09653181
v 0.09664686 0.01584075 0.09647893
v 0.09612865 0.01579710 0.09653188
v 0.07664686 0.01864741 0.09198267
v 0.09564675 0.01566856 0.09668577
v 0.09528252 0.01549282 0.09689131
v 0.07664686 -0.00000005 0.06296666
v 0.07664686 0.00577547 0.06379706
v 0.07664686 0.02029129 0.08054921
v 0.07664686 0.02029129 0.08638412
v 0.07664686 0.00577547 0.10313627
v 0.07664686 -0.00000005 0.10396666
v 0.07664686 -0.00000005 0.09441864
v 0.07664686 0.01082783 0.08360322
v 0.07664686 0.01061914 0.08149121
v 0.07664686 0.01000087 0.07945761
v 0.07664686 -0.00000005 0.07278510
v 0.07664686 0.00210781 0.07299308
v 0.07664686 0.00210537 0.09421117
v 0.07664686 0.00413902 0.09359540
v 0.07664686 0.00601055 0.09259523
v 0.07664686 0.00764925 0.09125336
v 0.07664686 0.00899983 0.08961051
v 0.07664686 0.00999946 0.08774693
v 0.07664686 0.01061867 0.08571181
v 0.07664686 0.00900087 0.07759291
v 0.07664686 0.00764960 0.07594962
v 0.07664686 0.00601253 0.07460933
v 0.07664686 0.00413846 0.07360800
v 0.02718923 0.03399995 -0.01267855
v 0.02627755 0.03299995 -0.01447378
v 0.02627755 0.03399995 -0.01447378
v 0.02457456 0.03399995 -0.01720729
v 0.02205017 0.03299995 -0.02034183
v 0.02205017 0.03399995 -0.02034183
v 0.01654131 0.03299995 -0.02502769
v 0.01654131 0.03399995 -0.02502769
v 0.01720729 0.03399995 -0.02457456
v 0.02121320 0.03399995 -0.02121321
v 0.01267855 0.03399995 -0.02718923
v 0.01007114 0.03299995 -0.02825902
v 0.01007114 0.03399995 -0.02825902
v -0.00421507 0.03299995 -0.02970241
v -0.00421507 0.03399995 -0.02970241
v -0.00261467 0.03399995 -0.02988584
v 0.00301566 0.03299995 -0.02984804
v 0.00261467 0.03399995 -0.02988584
v 0.00301566 0.03399995 -0.02984804
v 0.00776457 0.03399995 -0.02897778
v -0.00776457 0.03399995 -0.02897778
v -0.01120084 0.03299995 -0.02783058
v -0.01120084 0.03399995 -0.02783058
v -0.01753566 0.03299995 -0.02434133
v -0.01753566 0.03399995 -0.02434133
v -0.01720729 0.03399995 -0.02457456
v -0.01267855 0.03399995 -0.02718923
v -0.02121320 0.03399995 -0.02121321
v -0.02285137 0.03299995 -0.01943746
v -0.02285137 0.03399995 -0.01943746
v -0.02926692 0.03299995 -0.00659146
v -0.02926692 0.03399995 -0.00659146
v -0.02897778 0.03399995 -0.00776457
v -0.02683904 0.03299995 -0.01340395
v -0.02718923 0.03399995 -0.01267855
v -0.02683904 0.03399995 -0.01340395
v -0.02457456 0.03399995 -0.01720729
v -0.02988584 0.03399995 -0.00261467
v -0.02999392 0.03299995 0.00060411
v -0.02999392 0.03399995 0.00060411
v -0.02988584 0.03399995 0.00261467
v -0.00822724 0.03999995 -0.00475000
v -0.02175139 0.03999995 -0.01014284
v -0.00917630 0.03999995 -0.00245878
v -0.02318222 0.03999995 -0.00621166
v -0.00950000 0.03999995 0.00000000
v -0.00475000 0.03999995 -0.00822724
v -0.01376583 0.03999995 -0.01965965
v -0.00671751 0.03999995 -0.00671751
v -0.01697056 0.03999995 -0.01697056
v -0.01965965 0.03999995 -0.01376583
v 0.02484686 0.03999995 0.05546666
v 0.03336086 0.03999995 0.05368929
v 0.02454019 0.03999995 0.05313729
v 0.03481188 0.03999995 0.04974213
v 0.02364109 0.03999995 0.05096666
v -0.00000000 0.03999995 -0.00950000
v -0.00209174 0.03999995 -0.02390867
v -0.00245878 0.03999995 -0.00917629
v -0.00621166 0.03999995 -0.02318222
v -0.01014284 0.03999995 -0.02175138
v 0.00917630 0.03999995 0.00245878
v 0.00822724 0.03999995 0.00475000
v 0.01584686 0.03999995 0.04646666
v -0.01153536 0.03999995 0.04967832
v -0.01017515 0.03999995 0.05345665
v 0.00684686 0.03999995 0.05546666
v -0.00820401 0.03999995 0.05695530
v 0.00715352 0.03999995 0.05779603
v -0.02318222 0.03999995 0.00621166
v -0.00671751 0.03999995 0.00671752
v 0.02364109 0.03999995 0.05996666
v 0.02913434 0.03999995 0.06054173
v 0.02454019 0.03999995 0.05779603
v 0.03074905 0.03999995 0.05847993
v 0.03208626 0.03999995 0.05625111
v 0.02221082 0.03999995 0.06183062
v 0.02563013 0.03999995 0.06348731
v 0.02748319 0.03999995 0.06212766
v 0.02175139 0.03999995 -0.01014284
v 0.02318222 0.03999995 -0.00621166
v 0.01817623 0.03999995 0.04677333
v 0.03482908 0.03999995 0.03725500
v 0.02034686 0.03999995 0.04767243
v 0.02221082 0.03999995 0.04910270
v 0.03555744 0.03999995 0.04139687
v 0.03555165 0.03999995 0.04560228
v -0.00000000 0.03999995 0.00950000
v -0.00245878 0.03999995 0.00917630
v -0.00475000 0.03999995 0.00822724
v -0.02390867 0.03999995 -0.00209174
v -0.02390867 0.03999995 0.00209174
v -0.00917630 0.03999995 0.00245878
v -0.00822724 0.03999995 0.00475000
v -0.00567711 0.03999995 0.06007631
v -0.00266520 0.03999995 0.06273231
v 0.00805263 0.03999995 0.05996666
v 0.00074740 0.03999995 0.06484894
v 0.00948290 0.03999995 0.06183062
v 0.00446514 0.03999995 0.06636695
v 0.01134686 0.03999995 0.06326089
v 0.00838395 0.03999995 0.06724382
v 0.01351749 0.03999995 0.06416000
v 0.01239410 0.03999995 0.06745502
v 0.01584686 0.03999995 0.06446666
v 0.01638333 0.03999995 0.06699464
v 0.01817623 0.03999995 0.06416000
v 0.01825902 0.03999995 0.06656641
v 0.02034686 0.03999995 0.06326089
v 0.02121550 0.03999995 0.06565037
v 0.02382321 0.03999995 0.06451909
v 0.00475000 0.03999995 -0.00822724
v 0.01014284 0.03999995 -0.02175138
v 0.00245878 0.03999995 -0.00917629
v 0.00621166 0.03999995 -0.02318222
v 0.00209174 0.03999995 -0.02390867
v 0.00715352 0.03999995 0.05313729
v 0.00805263 0.03999995 0.05096666
v 0.00671751 0.03999995 -0.00671751
v 0.01697056 0.03999995 -0.01697056
v 0.01376583 0.03999995 -0.01965965
v 0.00822724 0.03999995 -0.00475000
v 0.00917630 0.03999995 -0.00245878
v 0.00950000 0.03999995 0.00000000
v 0.01965965 0.03999995 -0.01376583
v 0.00948290 0.03999995 0.04910270
v 0.01134686 0.03999995 0.04767243
v 0.00245878 0.03999995 0.00917630
v 0.01351749 0.03999995 0.04677333
v 0.00475000 0.03999995 0.00822724
v 0.00671751 0.03999995 0.00671752
v -0.00339919 0.03299995 -0.01046162
v 0.00114981 0.03299995 -0.01093974
v -0.00736044 0.03299995 -0.00817459
v -0.01004900 0.03299995 -0.00447410
v 0.00550000 0.03299995 0.00952628
v 0.00114981 0.03299995 0.01093974
v -0.00339919 0.03299995 0.01046162
v 0.00889919 0.03299995 0.00646564
v 0.01075962 0.03299995 0.00228703
v 0.01075962 0.03299995 -0.00228703
v 0.00889919 0.03299995 -0.00646564
v 0.00550000 0.03299995 -0.00952628
v -0.01100000 0.03299995 0.00000000
v -0.01004900 0.03299995 0.00447410
v -0.00736044 0.03299995 0.00817459
v 0.01252620 0.03824259 0.07169561
v 0.01722063 0.03824259 0.07115384
v 0.01697539 0.03919610 0.06993563
v -0.01688976 0.03629605 0.05111302
v -0.01655446 0.03699995 0.05102318
v -0.01521538 0.03629605 0.05576403
v -0.01278896 0.03629605 0.06007076
v -0.00967842 0.03629605 0.06391264
v -0.00597085 0.03629605 0.06718209
v -0.00177005 0.03629605 0.06978760
v 0.00280638 0.03629605 0.07165622
v 0.00763031 0.03629605 0.07273563
v 0.01256669 0.03629605 0.07299562
v -0.01443314 0.03919610 0.05045478
v -0.01563344 0.03824259 0.05077640
v -0.01403278 0.03824259 0.05522265
v 0.01747732 0.03629605 0.07242890
v 0.01740881 0.03699995 0.07208860
v -0.01171318 0.03824259 0.05933977
v -0.00873958 0.03824259 0.06301250
v -0.00519523 0.03824259 0.06613803
v -0.00117937 0.03824259 0.06862883
v 0.00319558 0.03824259 0.07041518
v 0.00780714 0.03824259 0.07144707
v -0.01226288 0.03954323 0.05441240
v -0.01375323 0.03954323 0.05027260
v -0.01010315 0.03954323 0.05824576
v -0.00733450 0.03954323 0.06166537
v -0.00403444 0.03954323 0.06457547
v -0.00029536 0.03954323 0.06689460
v 0.00377806 0.03954323 0.06855784
v 0.00807178 0.03954323 0.06951860
v 0.01246559 0.03954323 0.06975001
v -0.02853661 0.03629605 0.00764636
v -0.02820132 0.03699995 0.00755652
v -0.02728030 0.03824259 0.00730973
v -0.02608000 0.03919610 0.00698811
v -0.02540008 0.03954323 0.00680593
v 0.01952386 0.03718719 0.07148999
v 0.01898179 0.03924987 0.06937993
v 0.02291265 0.03745462 0.07025307
v 0.02597712 0.03765077 0.06876553
v 0.02815942 0.03775137 0.06742806
v 0.03046523 0.03780254 0.06568404
v 0.03258782 0.03777007 0.06368174
v 0.03471340 0.03761538 0.06116556
v 0.03646679 0.03735540 0.05860735
v 0.03837614 0.03629605 0.05605041
v 0.03806208 0.03699995 0.05590256
v 0.03719939 0.03824259 0.05549641
v 0.02217150 0.03932574 0.06824306
v 0.02502410 0.03938070 0.06688666
v 0.02703303 0.03940867 0.06567308
v 0.02913288 0.03942284 0.06409509
v 0.03104802 0.03941385 0.06228170
v 0.03296341 0.03937082 0.05998004
v 0.03456685 0.03929771 0.05758540
v 0.03607511 0.03919610 0.05496712
v 0.02820132 0.03699995 -0.00755652
v 0.02853661 0.03629605 -0.00764636
v 0.02677530 0.03629605 -0.01248553
v -0.02943086 0.03629605 0.00257487
v 0.02420044 0.03629605 -0.01694533
v 0.02089025 0.03629605 -0.02089025
v 0.01694533 0.03629605 -0.02420043
v 0.01248553 0.03629605 -0.02677530
v 0.00764636 0.03629605 -0.02853661
v 0.00257487 0.03629605 -0.02943085
v -0.00257487 0.03629605 -0.02943085
v -0.00764636 0.03629605 -0.02853661
v -0.01248553 0.03629605 -0.02677530
v -0.01694533 0.03629605 -0.02420043
v -0.02089025 0.03629605 -0.02089025
v -0.02420043 0.03629605 -0.01694533
v -0.02677530 0.03629605 -0.01248553
v -0.02853661 0.03629605 -0.00764636
v -0.02943086 0.03629605 -0.00257487
v 0.02608000 0.03919610 -0.00698811
v 0.02728030 0.03824259 -0.00730973
v 0.02559653 0.03824259 -0.01193586
v 0.02313502 0.03824259 -0.01619931
v 0.01997056 0.03824259 -0.01997056
v 0.01619931 0.03824259 -0.02313502
v 0.01193586 0.03824259 -0.02559652
v 0.00730973 0.03824259 -0.02728030
v 0.00246151 0.03824259 -0.02813517
v -0.00246151 0.03824259 -0.02813517
v -0.00730973 0.03824259 -0.02728030
v -0.01193585 0.03824259 -0.02559652
v -0.01619931 0.03824259 -0.02313502
v -0.01997056 0.03824259 -0.01997056
v -0.02313502 0.03824259 -0.01619931
v -0.02559652 0.03824259 -0.01193586
v -0.02728030 0.03824259 -0.00730973
v -0.02813517 0.03824259 -0.00246151
v -0.02813517 0.03824259 0.00246151
v 0.02540008 0.03954323 -0.00680593
v 0.02383236 0.03954323 -0.01111321
v 0.02154050 0.03954323 -0.01508282
v 0.01859415 0.03954323 -0.01859415
v 0.01508282 0.03954323 -0.02154050
v 0.01111321 0.03954323 -0.02383236
v 0.00680593 0.03954323 -0.02540008
v 0.00229186 0.03954323 -0.02619603
v -0.00229186 0.03954323 -0.02619603
v -0.00680593 0.03954323 -0.02540008
v -0.01111321 0.03954323 -0.02383236
v -0.01508282 0.03954323 -0.02154050
v -0.01859415 0.03954323 -0.01859415
v -0.02154051 0.03954323 -0.01508282
v -0.02383236 0.03954323 -0.01111321
v -0.02540008 0.03954323 -0.00680593
v -0.02619603 0.03954323 -0.00229186
v -0.02619603 0.03954323 0.00229186
v 0.04016231 0.03629605 0.05119157
v 0.04108007 0.03629605 0.04091881
v 0.04107293 0.03629605 0.04609555
v 0.03890692 0.03824259 0.05085149
v 0.03977746 0.03824259 0.04597981
v 0.03978427 0.03824259 0.04103098
v 0.03702810 0.03954323 0.05034251
v 0.04018347 0.03629605 0.03582030
v 0.03984817 0.03699995 0.03591014
v 0.03892715 0.03824259 0.03615693
v 0.03772685 0.03919610 0.03647855
v 0.03783864 0.03954323 0.04580660
v 0.03784499 0.03954323 0.04119885
v 0.03704694 0.03954323 0.03666073
v 0.00829871 -0.00000005 0.05779687
v 0.01281064 -0.00000005 0.06505301
v 0.00581192 -0.00000005 0.05971666
v 0.02580164 -0.00000005 0.05566658
v 0.02362595 -0.00000005 0.05243033
v 0.02539686 -0.00000005 0.05363173
v 0.00114686 -0.00000005 0.05846666
v 0.00148179 -0.00000005 0.05971666
v 0.02881192 -0.00000005 0.05271666
v 0.07009751 -0.00000005 0.07564305
v 0.06493422 -0.00000005 0.07534247
v 0.02881192 -0.00000005 0.05021666
v 0.02789686 -0.00000005 0.04930160
v 0.02178834 -0.00000005 0.04899602
v 0.02092878 -0.00000005 0.04791728
v 0.02539686 -0.00000005 0.04930160
v 0.02448179 -0.00000005 0.05021666
v 0.02414686 -0.00000005 0.05146666
v 0.02448179 -0.00000005 0.05271666
v 0.00489686 -0.00000005 0.06063173
v 0.02753355 -0.00000005 0.05782467
v 0.02664686 -0.00000005 0.05396666
v 0.03037838 -0.00000005 0.06081487
v 0.02789686 -0.00000005 0.05363173
v 0.03090382 -0.00000005 0.06130733
v 0.05978028 -0.00000005 0.07465789
v 0.05927226 -0.00000005 0.07456912
v 0.05466530 -0.00000005 0.07358152
v 0.04402109 -0.00000005 0.06988087
v 0.04129952 -0.00000005 0.06855020
v 0.02914686 -0.00000005 0.05146666
v 0.00148179 -0.00000005 0.05721666
v 0.00364686 -0.00000005 0.06096666
v 0.00239686 -0.00000005 0.06063173
v 0.01862106 -0.00000005 0.07170716
v 0.02573319 -0.00000005 0.07765711
v 0.05032637 -0.00000005 0.07233161
v 0.04572503 -0.00000005 0.07062495
v 0.03736481 -0.00000005 0.06627011
v 0.03708914 -0.00000005 0.06609236
v 0.03354583 -0.00000005 0.06355771
v 0.01967739 -0.00000005 0.04733717
v 0.02664686 -0.00000005 0.04896666
v 0.00614686 -0.00000005 0.05846666
v 0.00581192 -0.00000005 0.05721666
v 0.00655523 -0.00000005 0.05404406
v 0.00489686 -0.00000005 0.05630160
v 0.00632535 -0.00000005 0.05279652
v 0.00364686 -0.00000005 0.05596666
v 0.00663161 -0.00000005 0.05156551
v 0.00239686 -0.00000005 0.05630160
v 0.02972320 -0.00000005 0.08030002
v 0.03407289 -0.00000005 0.08275015
v 0.04293267 -0.00000005 0.08662577
v 0.05304586 -0.00000005 0.08957738
v 0.06349773 -0.00000005 0.09124025
v 0.07392056 -0.00000005 0.09159227
v 0.01829869 -0.00000005 0.04737833
v 0.00854747 -0.00000005 0.04999116
v 0.00741926 -0.00000005 0.05057112
v 0.07410910 -0.00000005 0.07561070
v 0.01100000 0.03199995 0.00000000
v 0.01075962 0.03199995 -0.00228703
v 0.00889919 0.03199995 -0.00646564
v 0.00550000 0.03199995 -0.00952628
v 0.00114981 0.03199995 -0.01093974
v -0.00339919 0.03199995 -0.01046162
v -0.00736044 0.03199995 -0.00817459
v -0.01004900 0.03199995 -0.00447410
v -0.01100000 0.03199995 0.00000000
v -0.01004900 0.03199995 0.00447410
v -0.00736044 0.03199995 0.00817459
v -0.00339919 0.03199995 0.01046162
v 0.00114981 0.03199995 0.01093974
v 0.00550000 0.03199995 0.00952628
v 0.00889919 0.03199995 0.00646564
v 0.01075962 0.03199995 0.00228703
v 0.00978148 0.03199995 0.00207912
v 0.00809017 0.03199995 0.00587785
v 0.00500000 0.03199995 0.00866025
v 0.00104528 0.03199995 0.00994522
v -0.00309017 0.03199995 0.00951057
v -0.00669131 0.03199995 0.00743145
v -0.00913545 0.03199995 0.00406737
v -0.01000000 0.03199995 0.00000000
v -0.00913545 0.03199995 -0.00406737
v -0.00669131 0.03199995 -0.00743145
v -0.00309017 0.03199995 -0.00951056
v 0.00104528 0.03199995 -0.00994522
v 0.00500000 0.03199995 -0.00866026
v 0.00809017 0.03199995 -0.00587785
v 0.00978148 0.03199995 -0.00207912
v 0.01000000 0.03199995 0.00000000
v 0.00978148 0.02799995 0.00207912
v 0.01000000 0.02799995 0.00000000
v 0.00978148 0.02799995 -0.00207912
v 0.00809017 0.02799995 -0.00587785
v 0.00500000 0.02799995 -0.00866026
v 0.00104528 0.02799995 -0.00994522
v -0.00309017 0.02799995 -0.00951056
v -0.00669131 0.02799995 -0.00743145
v -0.00913545 0.02799995 -0.00406737
v -0.01000000 0.02799995 0.00000000
v -0.00913545 0.02799995 0.00406737
v -0.00669131 0.02799995 0.00743145
v -0.00309017 0.02799995 0.00951057
v 0.00104528 0.02799995 0.00994522
v 0.00500000 0.02799995 0.00866025
v 0.00809017 0.02799995 0.00587785
v -0.00837158 0.02799995 0.00000000
v -0.00418579 0.02799995 0.00725000
v 0.00837158 0.02799995 0.00000000
v 0.00418579 0.02799995 -0.00725000
v -0.00418579 0.02799995 -0.00725000
v 0.00418579 0.02799995 0.00725000
v 0.00859688 0.00070430 0.04997792
v 0.01182828 0.00547284 0.04911207
v 0.01066592 0.00418427 0.04942352
v 0.01618135 0.00443987 0.04794567
v 0.01701312 0.00337900 0.04772279
v 0.01024587 0.00378796 0.04953608
v 0.01010764 0.00366129 0.04957311
v 0.00940468 0.00282490 0.04976147
v 0.01827943 0.00043974 0.04738349
v 0.01806876 0.00151255 0.04743994
v 0.01533144 0.00566182 0.04817340
v 0.01467786 0.00646423 0.04834853
v 0.01456647 0.00657026 0.04837837
v 0.01787289 0.00203881 0.04749242
v 0.01732820 0.00298841 0.04763837
v 0.00910271 0.00231095 0.04984238
v 0.00871287 0.00128539 0.04994684
v 0.01393131 0.00692471 0.04854856
v 0.01361715 0.00692720 0.04863274
v 0.01422699 0.00681654 0.04846934
v 0.01314366 0.00673664 0.04875961
v 0.01273768 0.00642986 0.04886840
v 0.04342968 0.00377104 0.07066435
v 0.04282943 0.00519566 0.07145920
v 0.03567321 0.00519566 0.06747673
v 0.00883077 0.00217151 0.05815871
v 0.01148192 0.00217151 0.06262200
v 0.01121925 0.00047091 0.06275569
v 0.03103119 0.00519566 0.07881367
v 0.03542753 0.00519566 0.08125589
v 0.03482728 0.00377104 0.08205074
v 0.02384852 0.00727836 0.06073274
v 0.02410395 0.00726530 0.06098631
v 0.02339097 0.00766371 0.06176548
v 0.02077275 0.00421332 0.04965214
v 0.02058682 0.00432367 0.04941970
v 0.02113110 0.00326066 0.04922917
v 0.05147950 0.00047091 0.07271096
v 0.07410751 0.00155705 0.07576454
v 0.05900083 0.00047091 0.09067345
v 0.06415620 0.00047091 0.09128655
v 0.04879344 0.00047091 0.08849281
v 0.05386871 0.00047091 0.08974250
v 0.03894786 0.00047091 0.08503366
v 0.04380862 0.00047091 0.08692349
v 0.03424477 0.00047091 0.08282243
v 0.06698219 0.00377104 0.07646071
v 0.07407794 0.00565368 0.07795113
v 0.06679706 0.00519566 0.07742367
v 0.07406048 0.00665179 0.07916576
v 0.06656034 0.00637842 0.07866239
v 0.07404129 0.00739012 0.08054290
v 0.06628325 0.00726530 0.08011874
v 0.07402164 0.00784617 0.08204400
v 0.06597834 0.00781384 0.08172590
v 0.07400285 0.00800023 0.08360242
v 0.06565929 0.00800023 0.08340994
v 0.07398568 0.00784579 0.08515849
v 0.06534025 0.00781384 0.08509398
v 0.07397038 0.00738891 0.08666099
v 0.06503534 0.00726530 0.08670114
v 0.07395709 0.00665052 0.08803761
v 0.06475824 0.00637842 0.08815748
v 0.07394554 0.00565261 0.08925200
v 0.06452152 0.00519566 0.08939620
v 0.07393577 0.00444118 0.09024409
v 0.06433640 0.00377104 0.09035916
v 0.07392793 0.00305784 0.09098374
v 0.06933445 0.00217151 0.09129471
v 0.07392255 0.00155504 0.09143881
v 0.06930122 0.00047091 0.09158270
v 0.06716238 0.00047091 0.07553332
v 0.06710634 0.00217151 0.07581992
v 0.07410206 0.00305798 0.07621915
v 0.07409207 0.00444346 0.07695995
v 0.05926730 0.00047091 0.07458279
v 0.04401219 0.00047091 0.06989267
v 0.03707859 0.00047091 0.06610272
v 0.03089193 0.00047091 0.06131595
v 0.02814533 0.00047091 0.05854088
v 0.02566543 0.00047091 0.05550716
v 0.02347887 0.00047091 0.05221165
v 0.02261087 0.00374246 0.05255152
v 0.02234798 0.00370158 0.05205194
v 0.02320891 0.00217151 0.05232266
v 0.02184144 0.00374957 0.05118314
v 0.02175858 0.00070597 0.04900670
v 0.02143460 0.00241636 0.04912190
v 0.02146192 0.00387069 0.05059795
v 0.02307577 0.00395325 0.05354545
v 0.02540276 0.00217151 0.05564085
v 0.02481535 0.00377104 0.05593823
v 0.02409300 0.00547793 0.05702801
v 0.02380991 0.00479274 0.05565516
v 0.02338610 0.00421418 0.05432159
v 0.02403666 0.00697630 0.06003800
v 0.02538608 0.00637842 0.06021386
v 0.02419609 0.00631523 0.05866444
v 0.02704130 0.00726530 0.06407104
v 0.02569583 0.00781384 0.06502858
v 0.02294918 0.00785298 0.06242254
v 0.02428658 0.00800023 0.06603079
v 0.02222333 0.00798590 0.06317566
v 0.02287733 0.00781384 0.06703301
v 0.02037822 0.00783839 0.06420247
v 0.02136830 0.00798031 0.06376691
v 0.01827259 0.00722999 0.06453916
v 0.01702984 0.00637842 0.06524106
v 0.01759900 0.00696894 0.06451411
v 0.01625420 0.00637041 0.06429562
v 0.01490814 0.00568117 0.06385234
v 0.01593861 0.00519566 0.06590013
v 0.01461032 0.00551772 0.06372270
v 0.01017724 0.00301190 0.05997857
v 0.00965214 0.00289943 0.05915308
v 0.00943646 0.00290019 0.05876374
v 0.01044025 0.00311152 0.06034119
v 0.01123673 0.00351231 0.06128618
v 0.01206932 0.00377104 0.06232462
v 0.01195074 0.00393332 0.06198163
v 0.01322037 0.00470899 0.06295578
v 0.00846638 0.00352562 0.05628169
v 0.00883778 0.00312407 0.05744080
v 0.00900633 0.00302043 0.05786008
v 0.00790292 0.00452247 0.05362258
v 0.00810106 0.00481013 0.05356003
v 0.00821826 0.00406168 0.05507098
v 0.00856082 0.00047091 0.05826972
v 0.00663327 0.00113169 0.05401997
v 0.00681560 0.00205951 0.05396350
v 0.03037205 0.00377104 0.07956199
v 0.03442561 0.00217151 0.08258280
v 0.02993125 0.00217151 0.08006310
v 0.02973296 0.00047091 0.08028889
v 0.02685141 0.00519566 0.07605816
v 0.02613750 0.00377104 0.07675505
v 0.02566045 0.00217151 0.07722181
v 0.02544603 0.00047091 0.07743218
v 0.00743035 0.00370384 0.05377125
v 0.01508955 0.00377104 0.06641470
v 0.01452392 0.00217151 0.06675902
v 0.01427059 0.00047091 0.06691404
v 0.02390134 0.00637842 0.07216819
v 0.02292091 0.00519566 0.07298819
v 0.02215680 0.00377104 0.07362887
v 0.02164665 0.00217151 0.07405799
v 0.02141759 0.00047091 0.07425139
v 0.02153187 0.00726530 0.06799055
v 0.02031163 0.00637842 0.06886025
v 0.01927240 0.00519566 0.06960257
v 0.01846310 0.00377104 0.07018244
v 0.01792332 0.00217151 0.07057071
v 0.01768124 0.00047091 0.07074564
v 0.03187586 0.00637842 0.07785575
v 0.02776680 0.00637842 0.07516624
v 0.02884051 0.00726530 0.07412144
v 0.02505189 0.00726530 0.07120764
v 0.02632004 0.00781384 0.07015018
v 0.03709742 0.00726530 0.07904544
v 0.03395709 0.00781384 0.07549798
v 0.03808974 0.00781384 0.07773217
v 0.03126231 0.00800023 0.07176745
v 0.01946581 0.00761779 0.06443354
v 0.03368411 0.00726530 0.06941346
v 0.04115954 0.00726530 0.07366966
v 0.03250104 0.00781384 0.07056366
v 0.04016722 0.00781384 0.07498293
v 0.03912848 0.00800023 0.07635754
v 0.03024426 0.00726530 0.06687927
v 0.02897611 0.00781384 0.06793672
v 0.02764808 0.00800023 0.06904345
v 0.03002358 0.00781384 0.07297125
v 0.03286620 0.00726530 0.07673352
v 0.03619635 0.00637842 0.08023809
v 0.04383136 0.00217151 0.07013229
v 0.03638712 0.00377104 0.06677986
v 0.03011007 0.00377104 0.06187915
v 0.03237525 0.00519566 0.06509871
v 0.02826154 0.00637842 0.06320134
v 0.03139482 0.00637842 0.06591871
v 0.03475782 0.00637842 0.06836867
v 0.04206061 0.00637842 0.07247700
v 0.02930077 0.00519566 0.06245901
v 0.02647732 0.00519566 0.05955479
v 0.02732637 0.00377104 0.05904022
v 0.03686417 0.00217151 0.06631309
v 0.03064985 0.00217151 0.06149088
v 0.02789200 0.00217151 0.05869589
v 0.06421224 0.00217151 0.09099995
v 0.05907934 0.00217151 0.09039016
v 0.05419198 0.00377104 0.08884452
v 0.05396920 0.00217151 0.08946439
v 0.04891530 0.00217151 0.08822170
v 0.04426719 0.00377104 0.08607780
v 0.04395109 0.00217151 0.08666117
v 0.03911004 0.00217151 0.08478184
v 0.05133702 0.00217151 0.07297329
v 0.05916681 0.00217151 0.07486090
v 0.05102093 0.00377104 0.07355665
v 0.05894404 0.00377104 0.07548077
v 0.05054905 0.00519566 0.07442927
v 0.05861171 0.00519566 0.07640981
v 0.04994513 0.00637842 0.07554778
v 0.05818664 0.00637842 0.07760243
v 0.04923775 0.00726530 0.07685941
v 0.05768893 0.00726530 0.07900251
v 0.04845904 0.00781384 0.07830439
v 0.05714119 0.00781384 0.08054604
v 0.04764406 0.00800023 0.07981723
v 0.05656801 0.00800023 0.08216264
v 0.04682907 0.00781384 0.08133007
v 0.05599482 0.00781384 0.08377925
v 0.04605036 0.00726530 0.08277505
v 0.05544708 0.00726530 0.08532277
v 0.04534298 0.00637842 0.08408667
v 0.05494938 0.00637842 0.08672285
v 0.04473907 0.00519566 0.08520518
v 0.05452430 0.00519566 0.08791548
v 0.02414686 0.00999995 0.05146666
v 0.02448179 0.00999995 0.05271666
v 0.02539686 0.00999995 0.05363173
v 0.02664686 0.00999995 0.05396666
v 0.02789686 0.00999995 0.05363173
v 0.02881192 0.00999995 0.05271666
v 0.02914686 0.00999995 0.05146666
v 0.02881192 0.00999995 0.05021666
v 0.02789686 0.00999995 0.04930160
v 0.02664686 0.00999995 0.04896666
v 0.02539686 0.00999995 0.04930160
v 0.02448179 0.00999995 0.05021666
v 0.02664686 0.00999995 0.05146666
v 0.00114686 0.00999995 0.05846666
v 0.00148179 0.00999995 0.05971666
v 0.00239686 0.00999995 0.06063173
v 0.00364686 0.00999995 0.06096666
v 0.00489686 0.00999995 0.06063173
v 0.00581192 0.00999995 0.05971666
v 0.00614686 0.00999995 0.05846666
v 0.00581192 0.00999995 0.05721666
v 0.00489686 0.00999995 0.05630160
v 0.00364686 0.00999995 0.05596666
v 0.00239686 0.00999995 0.05630160
v 0.00148179 0.00999995 0.05721666
v 0.00364686 0.00999995 0.05846666
v 0.02076784 0.00594283 0.05048832
v 0.02090863 0.00579186 0.05063153
v 0.02190904 0.03799995 0.05196666
v 0.02141379 0.00532331 0.05122294
v 0.01823236 0.00725995 0.04888567
v 0.01922938 0.00689631 0.04933816
v 0.01934686 0.03799995 0.04940448
v 0.01934762 0.00685902 0.04940492
v 0.02079660 0.03799995 0.05051691
v 0.01953476 0.00679079 0.04951692
v 0.02009517 0.00650669 0.04990322
v 0.01379365 0.00841339 0.04877455
v 0.01584686 0.03799995 0.04846666
v 0.01273230 0.00851218 0.04919773
v 0.01403512 0.03799995 0.04870518
v 0.01234667 0.00852092 0.04940459
v 0.01494343 0.00823228 0.04852521
v 0.01584872 0.00803840 0.04846666
v 0.01765859 0.03799995 0.04870518
v 0.01611832 0.00796944 0.04847193
v 0.01729261 0.00760731 0.04861759
v 0.01234686 0.03799995 0.04940448
v 0.01089711 0.03799995 0.05051691
v 0.01174446 0.00849576 0.04979477
v 0.00978468 0.03799995 0.05196666
v 0.01089116 0.00836267 0.05052287
v 0.00889797 0.00675860 0.05462225
v 0.00905689 0.00735876 0.05376478
v 0.00884686 0.03799995 0.05546666
v 0.00887999 0.00661457 0.05478635
v 0.00924584 0.00766237 0.05313717
v 0.00962649 0.00792184 0.05225621
v 0.00908538 0.03799995 0.05365493
v 0.00978533 0.00798600 0.05196554
v 0.01019902 0.00815360 0.05133121
v 0.00908538 0.03799995 0.05727839
v 0.00886287 0.00559006 0.05593985
v 0.00884686 0.00600564 0.05546267
v 0.00978468 0.03799995 0.05896666
v 0.00978468 0.00399442 0.05896666
v 0.00964645 0.00399742 0.05871550
v 0.00933857 0.00416199 0.05804392
v 0.00922296 0.00430435 0.05773029
v 0.00898650 0.00485559 0.05685789
v 0.01089711 0.03799995 0.06041641
v 0.01102743 0.00484352 0.06054339
v 0.01040447 0.00429079 0.05986898
v 0.01020219 0.00415297 0.05960643
v 0.00980563 0.00399689 0.05900271
v 0.01376354 0.00759316 0.06214946
v 0.01262154 0.00648491 0.06167934
v 0.01234686 0.03799995 0.06152884
v 0.01235001 0.00620716 0.06153066
v 0.01159555 0.00542205 0.06102781
v 0.01685315 0.00994018 0.06239395
v 0.01627512 0.00958191 0.06245355
v 0.01584686 0.03799995 0.06246666
v 0.01583885 0.00928523 0.06246666
v 0.01403512 0.03799995 0.06222814
v 0.01513595 0.00876256 0.06243047
v 0.01401070 0.00781771 0.06222155
v 0.02112066 0.01079731 0.06006960
v 0.02040534 0.01098042 0.06077893
v 0.02190904 0.03799995 0.05896666
v 0.02079660 0.03799995 0.06041641
v 0.01959988 0.01097273 0.06137554
v 0.01934686 0.03799995 0.06152884
v 0.01934381 0.01093452 0.06153060
v 0.01765859 0.03799995 0.06222814
v 0.01870105 0.01077740 0.06185834
v 0.01789243 0.01047412 0.06216111
v 0.02284463 0.00753257 0.05564327
v 0.02269856 0.00868301 0.05689991
v 0.02284686 0.03799995 0.05546666
v 0.02237050 0.00958973 0.05800480
v 0.02211403 0.01000525 0.05858475
v 0.02260834 0.03799995 0.05727839
v 0.02191376 0.01024524 0.05895846
v 0.02158317 0.01053677 0.05947848
v 0.02260834 0.03799995 0.05365493
v 0.02279724 0.00659230 0.05463469
v 0.02284686 0.00736718 0.05546764
v 0.02167920 0.00515796 0.05159578
v 0.02190787 0.00509145 0.05196465
v 0.02201626 0.00509334 0.05215932
v 0.02218193 0.00515013 0.05248893
v 0.02245493 0.00544050 0.05315726
v 0.02261795 0.00579890 0.05369118
v 0.02090145 0.00065633 0.04792607
v 0.01874259 0.00481789 0.04816673
v 0.01808698 0.00432271 0.04778844
v 0.01847900 0.00381777 0.04767747
v 0.01923430 0.00513765 0.04866612
v 0.01909316 0.00505166 0.04849858
v 0.01950203 0.00502764 0.04878052
v 0.01954604 0.00446156 0.04835619
v 0.01999280 0.00477126 0.04903220
v 0.01965371 0.00056085 0.04734393
v 0.01939495 0.00192558 0.04741758
v 0.01915290 0.00259951 0.04748640
v 0.02060327 0.00225004 0.04802139
v 0.02032365 0.00303855 0.04811045
v 0.00906621 0.00558088 0.05103419
v 0.00950396 0.00478420 0.05004596
v 0.00991851 0.00505427 0.04988800
v 0.01828197 0.00579325 0.04851628
v 0.01076759 0.00658023 0.04991256
v 0.00995742 0.00654337 0.05084712
v 0.00943037 0.00577625 0.05076648
v 0.00899147 0.00585490 0.05165708
v 0.01166197 0.00738104 0.04958871
v 0.01077109 0.00701503 0.05018418
v 0.01053431 0.00689152 0.05036646
v 0.01452228 0.00736945 0.04845803
v 0.01483647 0.00749022 0.04844353
v 0.01404329 0.00747786 0.04857362
v 0.01370476 0.00767606 0.04870482
v 0.01354019 0.00751412 0.04871499
v 0.01264907 0.00761837 0.04908682
v 0.01277749 0.00742634 0.04897062
v 0.01212479 0.00723547 0.04923226
v 0.01508605 0.00715724 0.04834537
v 0.01527422 0.00706882 0.04831338
v 0.01596016 0.00709010 0.04832925
v 0.01638215 0.00641523 0.04818030
v 0.01708521 0.00652837 0.04835659
v 0.01803079 0.00595718 0.04847457
v 0.01770508 0.00548780 0.04813357
v 0.01123999 0.00605109 0.04940157
v 0.01241340 0.00683930 0.04900561
v 0.01295173 0.00708467 0.04883939
v 0.01357460 0.00722213 0.04865959
v 0.01398409 0.00720252 0.04854822
v 0.01437117 0.00709452 0.04844770
v 0.01482178 0.00686629 0.04833663
v 0.01497117 0.00676960 0.04830125
v 0.01585075 0.00604759 0.04810722
v 0.01694246 0.00499095 0.04789453
v 0.00877350 0.00573813 0.05198912
v 0.00858537 0.00559749 0.05232229
v 0.00767599 0.00445349 0.05239104
v 0.00836469 0.00535303 0.05279356
v 0.00813642 0.00491234 0.05343679
v 0.00748170 0.00088239 0.05055406
v 0.00890996 0.00529588 0.05091175
v 0.00788689 0.00409988 0.05120637
v 0.00744704 0.00336131 0.05133251
v 0.00720286 0.00365062 0.05253369
v 0.00687437 0.00187211 0.05149637
v 0.00658653 0.00203231 0.05271873
v 0.00670435 0.00102868 0.05154481
v 0.00640363 0.00111704 0.05277324
v 0.00938008 0.00455507 0.05003387
v 0.00849876 0.00352343 0.05027562
v 0.00811984 0.00288688 0.05037942
v 0.00762788 0.00160742 0.05051410
v 0.00962829 0.00371699 0.05870922
v 0.00958697 0.00343902 0.05871522
v 0.00922683 0.00357938 0.05792720
v 0.00952284 0.00316596 0.05873344
v 0.00912971 0.00329550 0.05788722
v 0.01175587 0.00502723 0.06119428
v 0.01187009 0.00464160 0.06141229
v 0.01120717 0.00415489 0.06085236
v 0.01193555 0.00427411 0.06167680
v 0.01124109 0.00382505 0.06105530
v 0.02053714 0.00468815 0.04975174
v 0.02055130 0.00508686 0.05004565
v 0.02071926 0.00457229 0.04995546
v 0.02062890 0.00550893 0.05029343
v 0.02072440 0.00496157 0.05022408
v 0.02166197 0.00479186 0.05152794
v 0.02136083 0.00494346 0.05110947
v 0.02078805 0.00537149 0.05045132
v 0.02289205 0.00609547 0.05493855
v 0.02270871 0.00537664 0.05388903
v 0.02253214 0.00504981 0.05328925
v 0.02222921 0.00478430 0.05253537
v 0.02204311 0.00473238 0.05216319
v 0.02209947 0.00905316 0.05902617
v 0.02236662 0.00871056 0.05846919
v 0.02273204 0.00794177 0.05736124
v 0.02292093 0.00693611 0.05603804
v 0.01978821 0.00983517 0.06152270
v 0.02050160 0.00983383 0.06099759
v 0.02114594 0.00968728 0.06037706
v 0.02157783 0.00948094 0.05985057
v 0.01667605 0.00872423 0.06258138
v 0.01724449 0.00902287 0.06250676
v 0.01823616 0.00945480 0.06225943
v 0.01898176 0.00969072 0.06196499
v 0.02138511 0.00421063 0.05079418
v 0.02174372 0.00408219 0.05132002
v 0.02221019 0.00403140 0.05210911
v 0.02244534 0.00407501 0.05256690
v 0.02284562 0.00429884 0.05348526
v 0.02309766 0.00457422 0.05420823
v 0.02340837 0.00517795 0.05545884
v 0.02356359 0.00587839 0.05675090
v 0.02351397 0.00670545 0.05828258
v 0.02324812 0.00732790 0.05954487
v 0.02302325 0.00760084 0.06017018
v 0.02254938 0.00793690 0.06107965
v 0.02213298 0.00809792 0.06164719
v 0.02148558 0.00821305 0.06229482
v 0.02074418 0.00821754 0.06281542
v 0.01988406 0.00810957 0.06322611
v 0.01907738 0.00792764 0.06347440
v 0.01799628 0.00758744 0.06364294
v 0.01737335 0.00734796 0.06366669
v 0.01610670 0.00677675 0.06356297
v 0.01481475 0.00609153 0.06324859
v 0.01452644 0.00592569 0.06314857
v 0.01317423 0.00509132 0.06252152
v 0.02135121 0.00457035 0.05096570
v 0.02168359 0.00443142 0.05143555
v 0.02210807 0.00437667 0.05214638
v 0.02231747 0.00442408 0.05256149
v 0.02266322 0.00466676 0.05339930
v 0.02286996 0.00496498 0.05406283
v 0.02309842 0.00561786 0.05521685
v 0.02316527 0.00637394 0.05641446
v 0.02301175 0.00726340 0.05783554
v 0.02267027 0.00792796 0.05900206
v 0.02241543 0.00821760 0.05957713
v 0.02191558 0.00857213 0.06041028
v 0.02150082 0.00874096 0.06093011
v 0.02088095 0.00886200 0.06152993
v 0.02018974 0.00886840 0.06202794
v 0.01939558 0.00875752 0.06244344
v 0.01864898 0.00856764 0.06271696
v 0.01764030 0.00820823 0.06293922
v 0.01705493 0.00795353 0.06299990
v 0.01585665 0.00734276 0.06297923
v 0.01462561 0.00660576 0.06275725
v 0.01435001 0.00642687 0.06267869
v 0.01305567 0.00552582 0.06215540
v 0.01552416 0.00802292 0.06259134
v 0.01435210 0.00719294 0.06240790
v 0.01409088 0.00699325 0.06233934
v 0.01286911 0.00599622 0.06187113
v 0.01047224 0.00339439 0.06019511
v 0.01022067 0.00328689 0.05986145
v 0.00972393 0.00316525 0.05909640
v 0.01047692 0.00368747 0.06006677
v 0.01023939 0.00357066 0.05975972
v 0.00977370 0.00343837 0.05905221
v 0.01113555 0.00449629 0.06068076
v 0.01045424 0.00398740 0.05995765
v 0.01023320 0.00386033 0.05967443
v 0.00980101 0.00371640 0.05902088
v 0.00897985 0.00340711 0.05749323
v 0.00866487 0.00383804 0.05640156
v 0.00848245 0.00440885 0.05526036
v 0.00909220 0.00370042 0.05755949
v 0.00881933 0.00416756 0.05653914
v 0.00868098 0.00478570 0.05547192
v 0.00929668 0.00386919 0.05797961
v 0.00917355 0.00400065 0.05763881
v 0.00892714 0.00450866 0.05669210
v 0.00880886 0.00518276 0.05570032
v 0.00885230 0.00611578 0.05446569
v 0.00870878 0.00563651 0.05414616
v 0.00845505 0.00519554 0.05384028
v 0.01915486 0.00597021 0.04912397
v 0.01943066 0.00586078 0.04926858
v 0.01993720 0.00558948 0.04957888
v 0.00873679 0.00575743 0.05401000
v 0.00949269 0.00680752 0.05204085
v 0.00912554 0.00654319 0.05277938
v 0.00892990 0.00627019 0.05330000
v 0.01017632 0.00731414 0.05115445
v 0.01088925 0.00766987 0.05040843
v 0.01173488 0.00792812 0.04973467
v 0.01270564 0.00806011 0.04917269
v 0.01375574 0.00804184 0.04876184
v 0.01489262 0.00785829 0.04850782
v 0.01603698 0.00752469 0.04843444
v 0.01717575 0.00705802 0.04853813
v 0.01810059 0.00659060 0.04875225
v 0.02357426 0.03973200 0.05753722
v 0.02277506 0.03973200 0.05946666
v 0.02150371 0.03973200 0.06112352
v 0.01984686 0.03973200 0.06239486
v 0.01791741 0.03973200 0.06319407
v 0.01584686 0.03973200 0.06346666
v 0.01377631 0.03973200 0.06319407
v 0.01184686 0.03973200 0.06239486
v 0.01019000 0.03973200 0.06112352
v 0.00891865 0.03973200 0.05946666
v 0.00811945 0.03973200 0.05753722
v 0.00784686 0.03973200 0.05546666
v 0.00811945 0.03973200 0.05339611
v 0.00891865 0.03973200 0.05146666
v 0.01019000 0.03973200 0.04980981
v 0.01184686 0.03973200 0.04853846
v 0.01377631 0.03973200 0.04773926
v 0.01584686 0.03973200 0.04746666
v 0.01791741 0.03973200 0.04773926
v 0.01984686 0.03973200 0.04853846
v 0.02150371 0.03973200 0.04980981
v 0.02277506 0.03973200 0.05146666
v 0.02357426 0.03973200 0.05339611
v 0.02384686 0.03973200 0.05546666
v 0.02286716 0.03899995 0.05734774
v 0.02214109 0.03899995 0.05910064
v 0.02098607 0.03899995 0.06060588
v 0.01948083 0.03899995 0.06176089
v 0.01772794 0.03899995 0.06248696
v 0.01584686 0.03899995 0.06273461
v 0.01396577 0.03899995 0.06248696
v 0.01221288 0.03899995 0.06176089
v 0.01070764 0.03899995 0.06060588
v 0.00955263 0.03899995 0.05910064
v 0.00882656 0.03899995 0.05734774
v 0.00857891 0.03899995 0.05546666
v 0.00882656 0.03899995 0.05358558
v 0.00955263 0.03899995 0.05183269
v 0.01070764 0.03899995 0.05032745
v 0.01221288 0.03899995 0.04917243
v 0.01396577 0.03899995 0.04844636
v 0.01584686 0.03899995 0.04819871
v 0.01772794 0.03899995 0.04844636
v 0.01948083 0.03899995 0.04917243
v 0.02098607 0.03899995 0.05032745
v 0.02214109 0.03899995 0.05183269
v 0.02286716 0.03899995 0.05358558
v 0.02311481 0.03899995 0.05546666
v 0.00418579 0.03499995 -0.00725000
v 0.00837158 0.03499995 0.00000000
v -0.00418579 0.03499995 -0.00725000
v 0.00418579 0.03499995 0.00725000
v -0.00418579 0.03499995 0.00725000
v -0.00837158 0.03499995 0.00000000
v 0.18614686 -0.01450005 0.08431666
v 0.13614686 -0.01450005 0.08431666
v 0.18614686 -0.01450005 0.08261666
v 0.13614686 -0.01450005 0.08261666
v 0.18614686 0.01149995 0.08431666
v 0.18614686 0.01149995 0.08261666
v 0.13614686 0.01149995 0.08431666
v 0.13614686 0.01149995 0.08261666
v 0.13777186 -0.01048451 0.08431666
v 0.13864686 -0.01025005 0.08431666
v 0.14016241 -0.01112505 0.08431666
v 0.18364686 -0.01375005 0.08431666
v 0.13952185 -0.01048451 0.08431666
v 0.18277186 -0.01351560 0.08431666
v 0.18213132 -0.01287505 0.08431666
v 0.13777186 -0.01351560 0.08431666
v 0.13864686 -0.01375005 0.08431666
v 0.13713132 -0.01287505 0.08431666
v 0.13689686 -0.01200005 0.08431666
v 0.13713132 -0.01112505 0.08431666
v 0.18452185 -0.01048451 0.08431666
v 0.18516240 -0.01112505 0.08431666
v 0.18539687 -0.01200005 0.08431666
v 0.18516240 -0.01287505 0.08431666
v 0.18452185 -0.01351560 0.08431666
v 0.18189685 -0.01200005 0.08431666
v 0.18213132 -0.01112505 0.08431666
v 0.18277186 -0.01048451 0.08431666
v 0.18364686 -0.01025005 0.08431666
v 0.14039686 -0.01200005 0.08431666
v 0.14016241 -0.01287505 0.08431666
v 0.13952185 -0.01351560 0.08431666
v 0.18516240 -0.01287505 0.08261666
v 0.18539687 -0.01200005 0.08261666
v 0.18516240 -0.01112505 0.08261666
v 0.18452185 -0.01048451 0.08261666
v 0.18364686 -0.01025005 0.08261666
v 0.14016241 -0.01287505 0.08261666
v 0.14039686 -0.01200005 0.08261666
v 0.14016241 -0.01112505 0.08261666
v 0.13952185 -0.01048451 0.08261666
v 0.13864686 -0.01025005 0.08261666
v 0.13777186 -0.01048451 0.08261666
v 0.13952185 -0.01351560 0.08261666
v 0.18277186 -0.01048451 0.08261666
v 0.13864686 -0.01375005 0.08261666
v 0.18213132 -0.01112505 0.08261666
v 0.18189685 -0.01200005 0.08261666
v 0.13713132 -0.01112505 0.08261666
v 0.13689686 -0.01200005 0.08261666
v 0.13713132 -0.01287505 0.08261666
v 0.18213132 -0.01287505 0.08261666
v 0.13777186 -0.01351560 0.08261666
v 0.18277186 -0.01351560 0.08261666
v 0.18364686 -0.01375005 0.08261666
v 0.18452185 -0.01351560 0.08261666
v 0.18064685 -0.01200005 0.09654575
v 0.18069421 -0.01146919 0.09701367
v 0.17964685 -0.01146919 0.09701367
v 0.18764685 -0.01146919 0.09701367
v 0.18664686 -0.01200005 0.09654575
v 0.18764685 -0.01350843 0.09498128
v 0.18658780 -0.01259242 0.09597645
v 0.18764685 -0.00912820 0.09868965
v 0.18532501 -0.00951333 0.09845199
v 0.18576817 -0.00987873 0.09821367
v 0.18615030 -0.01034693 0.09788903
v 0.18641849 -0.01085200 0.09751293
v 0.18659951 -0.01146919 0.09701367
v 0.18364686 -0.00900005 0.09876576
v 0.18408795 -0.00903265 0.09874654
v 0.18764685 -0.00654706 0.09996513
v 0.18451431 -0.00912820 0.09868965
v 0.18479490 -0.00922841 0.09862911
v 0.18152554 -0.00987873 0.09821367
v 0.18197083 -0.00951189 0.09845290
v 0.17964685 -0.00912820 0.09868965
v 0.18114424 -0.01034570 0.09788991
v 0.18087521 -0.01085200 0.09751293
v 0.18320780 -0.00903235 0.09874672
v 0.17964685 -0.00654706 0.09996513
v 0.18285382 -0.00910677 0.09870248
v 0.18249881 -0.00922841 0.09862911
v 0.18070599 -0.01259277 0.09597609
v 0.17964685 -0.01350843 0.09498128
v 0.18087521 -0.01314810 0.09539106
v 0.18533462 -0.01448026 0.09373244
v 0.18479490 -0.01477169 0.09330847
v 0.18764685 -0.01519227 0.09264594
v 0.18425545 -0.01493767 0.09305467
v 0.18364686 -0.01500005 0.09295679
v 0.18641849 -0.01314810 0.09539106
v 0.18624008 -0.01350843 0.09498128
v 0.18576817 -0.01412137 0.09422077
v 0.18303894 -0.01493781 0.09305446
v 0.17964685 -0.01519227 0.09264594
v 0.18249881 -0.01477169 0.09330847
v 0.18195856 -0.01447990 0.09373295
v 0.18152554 -0.01412137 0.09422077
v 0.18105364 -0.01350843 0.09498128
v 0.17964685 -0.01146919 0.06991965
v 0.18164685 -0.01200005 0.07038758
v 0.17964685 -0.01350843 0.07195205
v 0.18170528 -0.01247995 0.07084467
v 0.18187594 -0.01292950 0.07130558
v 0.18514387 -0.01067381 0.06928451
v 0.18479389 -0.01036166 0.06905488
v 0.18764685 -0.00912820 0.06824367
v 0.18435606 -0.01013002 0.06889112
v 0.18389179 -0.01001510 0.06881193
v 0.18340579 -0.01001463 0.06881161
v 0.18292931 -0.01013320 0.06889334
v 0.17964685 -0.00912820 0.06824367
v 0.18251073 -0.01035408 0.06904943
v 0.18213959 -0.01068547 0.06929330
v 0.18187594 -0.01107060 0.06959204
v 0.18171860 -0.01146919 0.06991965
v 0.18564683 -0.01200939 0.07039616
v 0.18764685 -0.01146919 0.06991965
v 0.18558875 -0.01247868 0.07084342
v 0.18764685 -0.01350843 0.07195205
v 0.18542020 -0.01292485 0.07130065
v 0.18514387 -0.01332630 0.07174174
v 0.18558906 -0.01152273 0.06996517
v 0.18557511 -0.01146919 0.06991965
v 0.18541147 -0.01105870 0.06958254
v 0.18291606 -0.01386175 0.07237992
v 0.18340579 -0.01398547 0.07253640
v 0.17964685 -0.01519227 0.07428739
v 0.18207288 -0.01323399 0.07163766
v 0.18234345 -0.01351700 0.07196211
v 0.18251073 -0.01364602 0.07211545
v 0.18389843 -0.01398416 0.07253473
v 0.18764685 -0.01519227 0.07428739
v 0.18435606 -0.01387008 0.07239035
v 0.18468615 -0.01370881 0.07219137
v 0.18494840 -0.01351860 0.07196400
v 0.17964685 -0.01647641 0.09006909
v 0.18764685 -0.01647641 0.09006909
v 0.17964685 -0.01732707 0.08731855
v 0.18764685 -0.01732707 0.08731855
v 0.17964685 -0.01772186 0.08446666
v 0.18764685 -0.01772186 0.08446666
v 0.17964685 -0.00654706 0.06696820
v 0.18764685 -0.00654706 0.06696820
v 0.17964685 -0.00379367 0.06612679
v 0.18764685 -0.00379367 0.06612679
v 0.17964685 -0.00094047 0.06574159
v 0.18764685 -0.00094047 0.06574159
v 0.17964685 0.00193747 0.06582273
v 0.18764685 0.00193747 0.06582273
v 0.17964685 0.00476444 0.06636806
v 0.18764685 0.00476444 0.06636806
v 0.17964685 0.00746605 0.06736325
v 0.18764685 0.00746605 0.06736325
v 0.17964685 0.00997124 0.06878211
v 0.18764685 0.00997124 0.06878211
v 0.17964685 0.01221408 0.07058732
v 0.18764685 0.01221408 0.07058732
v 0.17964685 0.01413558 0.07273138
v 0.18764685 0.01413558 0.07273138
v 0.17964685 0.01568518 0.07515787
v 0.18764685 0.01568518 0.07515787
v 0.17964685 0.01682211 0.07780296
v 0.18764685 0.01682211 0.07780296
v 0.17964685 0.01751645 0.08059707
v 0.18764685 0.01751645 0.08059707
v 0.17964685 0.01774995 0.08346666
v 0.18764685 0.01774995 0.08346666
v 0.17964685 0.01751645 0.08633626
v 0.18764685 0.01751645 0.08633626
v 0.17964685 0.01682211 0.08913036
v 0.18764685 0.01682211 0.08913036
v 0.17964685 0.01568518 0.09177545
v 0.18764685 0.01568518 0.09177545
v 0.17964685 0.01413558 0.09420195
v 0.18764685 0.01413558 0.09420195
v 0.17964685 0.01221408 0.09634601
v 0.18764685 0.01221408 0.09634601
v 0.17964685 0.00997124 0.09815121
v 0.18764685 0.00997124 0.09815121
v 0.17964685 0.00746605 0.09957007
v 0.18764685 0.00746605 0.09957007
v 0.17964685 0.00476444 0.10056526
v 0.18764685 0.00476444 0.10056526
v 0.17964685 0.00193747 0.10111060
v 0.18764685 0.00193747 0.10111060
v 0.17964685 -0.00094047 0.10119174
v 0.18764685 -0.00094047 0.10119174
v 0.17964685 -0.00379367 0.10080653
v 0.18764685 -0.00379367 0.10080653
v 0.18764685 -0.01647641 0.07686423
v 0.17964685 -0.01647641 0.07686423
v 0.18764685 -0.01732707 0.07961477
v 0.17964685 -0.01732707 0.07961477
v 0.18764685 -0.01772186 0.08246666
v 0.17964685 -0.01772186 0.08246666
v 0.17964685 0.01299995 0.08246666
v 0.17964685 0.01299995 0.08446666
v 0.18764685 0.01299995 0.08246666
v 0.18764685 0.01299995 0.08446666
v 0.18435606 -0.01013002 0.08246666
v 0.18340579 -0.01001463 0.08246666
v 0.18251073 -0.01035408 0.08246666
v 0.18558875 -0.01247868 0.08246666
v 0.18558875 -0.01152142 0.08246666
v 0.18514387 -0.01067381 0.08246666
v 0.18251073 -0.01364602 0.08246666
v 0.18187594 -0.01292950 0.08246666
v 0.18164685 -0.01200005 0.08246666
v 0.18187594 -0.01107060 0.08246666
v 0.18514387 -0.01332630 0.08246666
v 0.18435606 -0.01387008 0.08246666
v 0.18340579 -0.01398547 0.08246666
v 0.18277186 -0.01351559 0.08446666
v 0.18364686 -0.01375005 0.08446666
v 0.18516240 -0.01112505 0.08446666
v 0.18539685 -0.01200005 0.08446666
v 0.18516240 -0.01287505 0.08446666
v 0.18452185 -0.01351559 0.08446666
v 0.18277186 -0.01048451 0.08446666
v 0.18364686 -0.01025005 0.08446666
v 0.18452185 -0.01048451 0.08446666
v 0.18213131 -0.01112505 0.08446666
v 0.18189685 -0.01200005 0.08446666
v 0.18213131 -0.01287505 0.08446666
v 0.18479490 -0.01477169 0.08846666
v 0.18664686 -0.01200005 0.08846666
v 0.18641849 -0.01314810 0.08846666
v 0.18576817 -0.01412137 0.08846666
v 0.18364686 -0.01500005 0.08846666
v 0.18249881 -0.01477169 0.08846666
v 0.18152554 -0.01412137 0.08846666
v 0.18087521 -0.01314810 0.08846666
v 0.18064685 -0.01200005 0.08846666
v 0.18087521 -0.01085200 0.08846666
v 0.18152554 -0.00987873 0.08846666
v 0.18249881 -0.00922841 0.08846666
v 0.18364686 -0.00900005 0.08846666
v 0.18479490 -0.00922841 0.08846666
v 0.18576817 -0.00987873 0.08846666
v 0.18641849 -0.01085200 0.08846666
v 0.18277186 -0.01048451 0.08846666
v 0.18213131 -0.01112505 0.08846666
v 0.18189685 -0.01200005 0.08846666
v 0.18213131 -0.01287505 0.08846666
v 0.18452185 -0.01048451 0.08846666
v 0.18364686 -0.01025005 0.08846666
v 0.18516240 -0.01287505 0.08846666
v 0.18539685 -0.01200005 0.08846666
v 0.18516240 -0.01112505 0.08846666
v 0.18277186 -0.01351559 0.08846666
v 0.18364686 -0.01375005 0.08846666
v 0.18452185 -0.01351559 0.08846666
v 0.13364686 -0.01426531 0.07971633
v 0.13364686 -0.01471611 0.08246666
v 0.13364686 0.01299995 0.08246666
v 0.13364686 0.01205831 0.07497205
v 0.13364686 0.01024517 0.07285544
v 0.13364686 0.00806624 0.07111768
v 0.13364686 0.01299995 0.08446666
v 0.13364686 0.00499995 0.08846666
v 0.13364686 0.00499995 0.08936092
v 0.13364686 0.01434369 0.08002871
v 0.13364686 0.01344094 0.07739194
v 0.13364686 -0.01638998 0.09028082
v 0.13364686 -0.01501205 0.09293780
v 0.13364686 -0.00500005 0.08936092
v 0.13364686 -0.01320728 0.09532548
v 0.13364686 -0.01102699 0.09737598
v 0.13364686 -0.00522954 0.09197473
v 0.13364686 -0.00500005 0.08846666
v 0.13364686 -0.01772186 0.08446666
v 0.13364686 -0.01730189 0.08743008
v 0.13364686 -0.00261628 0.06895054
v 0.13364686 -0.00530015 0.06970180
v 0.13364686 0.00016099 0.06871754
v 0.13364686 -0.00779478 0.07094450
v 0.13364686 0.00293251 0.06901112
v 0.13364686 -0.01001113 0.07263427
v 0.13364686 -0.01187006 0.07471079
v 0.13364686 0.00559933 0.06982081
v 0.13364686 -0.01330520 0.07709990
v 0.13364686 0.00682962 0.09654023
v 0.13364686 0.00916692 0.09502214
v 0.13364686 0.00591089 0.09450857
v 0.13364686 0.01117693 0.09309150
v 0.13364686 0.00522944 0.09197473
v 0.13364686 0.01278790 0.09081724
v 0.13364686 0.01394230 0.08828053
v 0.13364686 0.01459893 0.08557195
v 0.13364686 0.01473434 0.08278822
v 0.13364686 -0.00853316 0.09903099
v 0.13364686 -0.00702354 0.09688489
v 0.13364686 -0.00591099 0.09450857
v 0.13670528 -0.01247995 0.07084467
v 0.11664686 -0.01333182 0.07174803
v 0.13664685 -0.01200005 0.07038758
v 0.11664686 -0.01120969 0.06970416
v 0.13668659 -0.01160337 0.07003441
v 0.13979389 -0.01036166 0.06905488
v 0.13935606 -0.01013002 0.06889112
v 0.14364685 -0.00877871 0.06803949
v 0.13889179 -0.01001510 0.06881193
v 0.13840578 -0.01001463 0.06881161
v 0.13792931 -0.01013320 0.06889334
v 0.11664686 -0.00877871 0.06803949
v 0.13751073 -0.01035408 0.06904943
v 0.13713959 -0.01068547 0.06929330
v 0.13687378 -0.01107474 0.06959533
v 0.13680965 -0.01120969 0.06970416
v 0.14064683 -0.01200939 0.07039616
v 0.14364685 -0.01120969 0.06970416
v 0.14058875 -0.01247868 0.07084342
v 0.14364685 -0.01333182 0.07174803
v 0.14042020 -0.01292485 0.07130065
v 0.14058875 -0.01152142 0.06996405
v 0.14048406 -0.01120969 0.06970416
v 0.14014387 -0.01067381 0.06928451
v 0.13791606 -0.01386175 0.07237992
v 0.13840578 -0.01398547 0.07253640
v 0.11664686 -0.01508662 0.07411476
v 0.13687594 -0.01292950 0.07130558
v 0.13715474 -0.01333182 0.07174803
v 0.13751073 -0.01364602 0.07211545
v 0.13889845 -0.01398416 0.07253473
v 0.14364685 -0.01508662 0.07411476
v 0.13935606 -0.01387008 0.07239035
v 0.13979846 -0.01363523 0.07210249
v 0.14014387 -0.01332630 0.07174174
v 0.11664686 -0.00610585 0.06679988
v 0.14364685 -0.00610585 0.06679988
v 0.11664686 -0.00326477 0.06601948
v 0.14364685 -0.00326477 0.06601948
v 0.11664686 -0.00033373 0.06571980
v 0.14364685 -0.00033373 0.06571980
v 0.11664686 0.00260651 0.06590909
v 0.14364685 0.00260651 0.06590909
v 0.11664686 0.00547492 0.06658214
v 0.14364685 0.00547492 0.06658214
v 0.11664686 0.00819249 0.06772040
v 0.14364685 0.00819249 0.06772040
v 0.11664686 0.01068432 0.06929251
v 0.14364685 0.01068432 0.06929251
v 0.11664686 0.01288178 0.07125515
v 0.14364685 0.01288178 0.07125515
v 0.11664686 0.01472431 0.07355426
v 0.14364685 0.01472431 0.07355426
v 0.11664686 0.01616114 0.07612648
v 0.14364685 0.01616114 0.07612648
v 0.11664686 0.01715269 0.07890094
v 0.14364685 0.01715269 0.07890094
v 0.11664686 0.01767164 0.08180119
v 0.14364685 0.01767164 0.08180119
v 0.11664686 0.01770369 0.08474734
v 0.14364685 0.01770369 0.08474734
v 0.11664686 0.01724795 0.08765820
v 0.14364685 0.01724795 0.08765820
v 0.11664686 0.01631699 0.09045357
v 0.14364685 0.01631699 0.09045357
v 0.11664686 0.01493644 0.09305643
v 0.14364685 0.01493644 0.09305643
v 0.11664686 0.01314436 0.09539507
v 0.14364685 0.01314436 0.09539507
v 0.11664686 0.01099011 0.09740505
v 0.14364685 0.01099011 0.09740505
v 0.11664686 0.00853306 0.09903099
v 0.14364685 0.00853306 0.09903099
v 0.14364685 -0.01642574 0.07673918
v 0.11664686 -0.01642574 0.07673918
v 0.14364685 -0.01731230 0.07954895
v 0.11664686 -0.01731230 0.07954895
v 0.14364685 -0.01772186 0.08246666
v 0.11664686 -0.01772186 0.08246666
v 0.14158119 -0.01262432 0.09594426
v 0.14364685 -0.01320728 0.09532548
v 0.14164686 -0.01200005 0.09654575
v 0.14364685 -0.01102699 0.09737598
v 0.14160757 -0.01151611 0.09697381
v 0.13662834 -0.00978067 0.09827889
v 0.13714686 -0.00940197 0.09852210
v 0.13621980 -0.01023669 0.09796748
v 0.13896255 -0.00901671 0.09875596
v 0.14364685 -0.00853316 0.09903099
v 0.13833328 -0.00901648 0.09875608
v 0.13771315 -0.00914905 0.09867713
v 0.13957390 -0.00914688 0.09867843
v 0.14015914 -0.00940911 0.09851765
v 0.14065425 -0.00977062 0.09828552
v 0.14108481 -0.01025180 0.09795680
v 0.14138749 -0.01077984 0.09756839
v 0.14148323 -0.01102281 0.09737929
v 0.13564688 -0.01201289 0.09653395
v 0.13571241 -0.01262379 0.09594480
v 0.13571241 -0.01137631 0.09709176
v 0.13581112 -0.01102099 0.09738073
v 0.13598017 -0.01062571 0.09768489
v 0.14065425 -0.01422948 0.09407730
v 0.14017498 -0.01458168 0.09358785
v 0.14364685 -0.01501205 0.09293780
v 0.14139323 -0.01320728 0.09532548
v 0.14138751 -0.01322021 0.09531106
v 0.14108028 -0.01375461 0.09468605
v 0.13957390 -0.01485322 0.09318499
v 0.13897583 -0.01498196 0.09298532
v 0.13833328 -0.01498362 0.09298272
v 0.13768859 -0.01484289 0.09320077
v 0.13714686 -0.01459813 0.09356412
v 0.13662297 -0.01421452 0.09409735
v 0.13621980 -0.01376341 0.09467526
v 0.13590048 -0.01320728 0.09532548
v 0.14364685 -0.01638998 0.09028082
v 0.14364685 -0.01730189 0.08743008
v 0.14364685 -0.01772186 0.08446666
v 0.14364685 0.01299995 0.08246666
v 0.14364685 0.01299995 0.08446666
v 0.14364685 0.00499995 0.08846666
v 0.14364685 -0.00500005 0.08846666
v 0.14364685 0.00499995 0.08936092
v 0.14364685 -0.00702354 0.09688489
v 0.14364685 -0.00500005 0.08936092
v 0.14364685 0.00702344 0.09688489
v 0.14364685 0.00591089 0.09450857
v 0.14364685 0.00522944 0.09197473
v 0.14364685 -0.00591099 0.09450857
v 0.14364685 -0.00522954 0.09197473
v 0.11664686 -0.01471611 0.08246666
v 0.13687594 -0.01107060 0.08246666
v 0.13664685 -0.01200005 0.08246666
v 0.13687594 -0.01292950 0.08246666
v 0.13935606 -0.01013002 0.08246666
v 0.13840578 -0.01001463 0.08246666
v 0.13751073 -0.01035408 0.08246666
v 0.14014387 -0.01067381 0.08246666
v 0.14058875 -0.01152142 0.08246666
v 0.14058875 -0.01247868 0.08246666
v 0.14014387 -0.01332630 0.08246666
v 0.13935606 -0.01387008 0.08246666
v 0.13840578 -0.01398547 0.08246666
v 0.13751073 -0.01364602 0.08246666
v 0.13952185 -0.01351559 0.08446666
v 0.13864686 -0.01375005 0.08446666
v 0.13777186 -0.01351559 0.08446666
v 0.14016241 -0.01112505 0.08446666
v 0.14039686 -0.01200005 0.08446666
v 0.14016241 -0.01287505 0.08446666
v 0.13777186 -0.01048451 0.08446666
v 0.13864686 -0.01025005 0.08446666
v 0.13952185 -0.01048451 0.08446666
v 0.13713132 -0.01112505 0.08446666
v 0.13689686 -0.01200005 0.08446666
v 0.13713132 -0.01287505 0.08446666
v 0.14138749 -0.01077984 0.08846666
v 0.14138749 -0.01322026 0.08846666
v 0.14164686 -0.01200005 0.08846666
v 0.14065425 -0.01422948 0.08846666
v 0.13957390 -0.01485322 0.08846666
v 0.13714686 -0.01459813 0.08846666
v 0.13833328 -0.01498362 0.08846666
v 0.13621980 -0.01376341 0.08846666
v 0.13571241 -0.01262379 0.08846666
v 0.13621980 -0.01023669 0.08846666
v 0.13571241 -0.01137631 0.08846666
v 0.13564685 -0.01200005 0.08846666
v 0.13714686 -0.00940197 0.08846666
v 0.13833328 -0.00901648 0.08846666
v 0.13957390 -0.00914688 0.08846666
v 0.14065425 -0.00977062 0.08846666
v 0.13689686 -0.01200005 0.08846666
v 0.13713132 -0.01112505 0.08846666
v 0.13713132 -0.01287505 0.08846666
v 0.13777186 -0.01351559 0.08846666
v 0.13864686 -0.01375005 0.08846666
v 0.13952185 -0.01351559 0.08846666
v 0.13952185 -0.01048451 0.08846666
v 0.13864686 -0.01025005 0.08846666
v 0.13777186 -0.01048451 0.08846666
v 0.14016241 -0.01287505 0.08846666
v 0.14039686 -0.01200005 0.08846666
v 0.14016241 -0.01112505 0.08846666
v 0.11664686 0.00702344 0.09688489
v 0.11664686 0.00682962 0.09654023
v 0.11664686 -0.01426531 0.07971633
v 0.11664686 -0.01330520 0.07709990
v 0.11664686 -0.01187006 0.07471079
v 0.11664686 -0.01001113 0.07263427
v 0.11664686 -0.00779478 0.07094450
v 0.11664686 -0.00530015 0.06970180
v 0.11664686 -0.00261628 0.06895054
v 0.11664686 0.00016099 0.06871754
v 0.11664686 0.00293251 0.06901112
v 0.11664686 0.00559933 0.06982081
v 0.11664686 0.00806624 0.07111768
v 0.11664686 0.01024517 0.07285544
v 0.11664686 0.01205831 0.07497205
v 0.11664686 0.01344094 0.07739194
v 0.11664686 0.01434369 0.08002871
v 0.11664686 0.01473434 0.08278822
v 0.11664686 0.01459893 0.08557195
v 0.11664686 0.01394230 0.08828053
v 0.11664686 0.01278790 0.09081724
v 0.11664686 0.01117693 0.09309150
v 0.11664686 0.00916692 0.09502214
v 0.28964686 -0.01183851 0.06797148
v 0.29464686 -0.01183851 0.06797148
v 0.28964686 -0.01916293 0.06374271
v 0.29464686 -0.02699395 0.05922147
v 0.23164685 -0.01916293 0.06374271
v 0.23164685 -0.02699395 0.05922147
v 0.23164685 -0.02666293 0.07673310
v 0.23164685 -0.03449395 0.07221185
v 0.28964686 -0.02666293 0.07673310
v 0.29464686 -0.03449395 0.07221185
v 0.28964686 -0.01933851 0.08096185
v 0.29464686 -0.01933851 0.08096185
v 0.23164685 -0.02791097 0.06860229
v 0.23164685 -0.02807844 0.06797729
v 0.23164685 -0.02791097 0.06735229
v 0.23164685 -0.02745344 0.06689475
v 0.23164685 -0.02682844 0.06672728
v 0.23164685 -0.02620344 0.06689475
v 0.23164685 -0.02574591 0.06735229
v 0.23164685 -0.02169594 0.06656878
v 0.23164685 -0.02557844 0.06797729
v 0.23164685 -0.02381575 0.06971666
v 0.23164685 -0.02574591 0.06860229
v 0.23164685 -0.02548199 0.07312641
v 0.23164685 -0.02620344 0.06905982
v 0.23164685 -0.02682844 0.06922729
v 0.23164685 -0.02745344 0.06905982
v 0.29464686 -0.01915966 0.06865208
v 0.29464686 -0.02044494 0.06823447
v 0.29464686 -0.02178897 0.06837573
v 0.29464686 -0.02295933 0.06905144
v 0.29464686 -0.02375368 0.07014477
v 0.29464686 -0.02403466 0.07146666
v 0.29464686 -0.02375368 0.07278856
v 0.29464686 -0.02295933 0.07388188
v 0.29464686 -0.02178897 0.07455759
v 0.29464686 -0.02044494 0.07469886
v 0.29464686 -0.01870397 0.07795183
v 0.29464686 -0.01915966 0.07428125
v 0.29464686 -0.01760397 0.07507906
v 0.29464686 -0.01815536 0.07337696
v 0.29464686 -0.01606589 0.07241502
v 0.29464686 -0.01760568 0.07214238
v 0.29464686 -0.01412799 0.07002600
v 0.29464686 -0.01760568 0.07079095
v 0.29464686 -0.01815536 0.06955636
v 0.28964686 -0.02163466 0.07293890
v 0.28964686 -0.02225690 0.07231666
v 0.28964686 -0.02548199 0.07312641
v 0.28964686 -0.02248466 0.07146666
v 0.28964686 -0.02381575 0.06971666
v 0.28964686 -0.02225690 0.07061666
v 0.28964686 -0.02169594 0.06656878
v 0.28964686 -0.02163466 0.06999442
v 0.28964686 -0.02078466 0.06976666
v 0.28964686 -0.01993466 0.06999442
v 0.28964686 -0.01931242 0.07061666
v 0.28964686 -0.01412799 0.07002600
v 0.28964686 -0.01908466 0.07146666
v 0.28964686 -0.02078466 0.07316666
v 0.28964686 -0.01993466 0.07293890
v 0.28964686 -0.01870397 0.07795183
v 0.28964686 -0.01931242 0.07231666
v 0.28964686 -0.01760397 0.07507906
v 0.28964686 -0.01606589 0.07241502
v 0.29144686 -0.01993466 0.06999442
v 0.29144686 -0.01931242 0.07061666
v 0.29144686 -0.01908466 0.07146666
v 0.29144686 -0.01931242 0.07231666
v 0.29144686 -0.01993466 0.07293890
v 0.29144686 -0.02078466 0.07316666
v 0.29144686 -0.02163466 0.07293890
v 0.29144686 -0.02225690 0.07231666
v 0.29144686 -0.02248466 0.07146666
v 0.29144686 -0.02225690 0.07061666
v 0.29144686 -0.02163466 0.06999442
v 0.29144686 -0.02078466 0.06976666
v 0.29144686 -0.02295933 0.07388188
v 0.29144686 -0.02375368 0.07278856
v 0.29144686 -0.02403466 0.07146666
v 0.29144686 -0.01760568 0.07214238
v 0.29144686 -0.01815536 0.07337696
v 0.29144686 -0.01915966 0.07428125
v 0.29144686 -0.02044494 0.07469886
v 0.29144686 -0.02178897 0.07455759
v 0.29144686 -0.02375368 0.07014477
v 0.29144686 -0.02295933 0.06905144
v 0.29144686 -0.02178897 0.06837573
v 0.29144686 -0.02044494 0.06823447
v 0.29144686 -0.01915966 0.06865208
v 0.29144686 -0.01815536 0.06955636
v 0.29144686 -0.01760568 0.07079095
v 0.24239793 -0.02682844 0.06797729
v 0.24164686 -0.02682844 0.06922729
v 0.24164686 -0.02620344 0.06905982
v 0.24164686 -0.02745344 0.06905982
v 0.24164686 -0.02557844 0.06797729
v 0.24164686 -0.02574591 0.06735229
v 0.24164686 -0.02574591 0.06860229
v 0.24164686 -0.02682844 0.06672728
v 0.24164686 -0.02745344 0.06689475
v 0.24164686 -0.02620344 0.06689475
v 0.24164686 -0.02807844 0.06797729
v 0.24164686 -0.02791097 0.06860229
v 0.24164686 -0.02791097 0.06735229
v 0.22864686 -0.02709359 0.07875600
v 0.22864686 -0.02750001 0.08351590
v 0.22864686 -0.02707654 0.08827431
v 0.22864686 0.00084995 0.11592285
v 0.22864686 -0.00000005 0.11615060
v 0.22864686 0.00749995 0.11896666
v 0.22864686 -0.02830517 0.06882469
v 0.22864686 -0.02853293 0.06797469
v 0.22864686 -0.03449395 0.07221185
v 0.22864686 -0.02830517 0.06712469
v 0.22864686 -0.02699395 0.05922147
v 0.22864686 -0.00750005 0.11896666
v 0.22864686 -0.00900005 0.09905512
v 0.22864686 -0.01235240 0.09655939
v 0.22864686 -0.01770184 0.10451177
v 0.22864686 -0.02768293 0.06944694
v 0.22864686 -0.02854924 0.07564403
v 0.22864686 -0.02683293 0.06967469
v 0.22864686 -0.02764430 0.07644872
v 0.22864686 -0.02713121 0.07754561
v 0.22864686 0.00937465 0.05761391
v 0.22864686 0.00475911 0.05638161
v 0.22864686 0.00312562 0.06574012
v 0.22864686 -0.01787834 0.08555634
v 0.22864686 -0.01787834 0.08137699
v 0.22864686 -0.02598293 0.06944694
v 0.22864686 -0.01691452 0.07731030
v 0.22864686 -0.02536069 0.06882469
v 0.22864686 -0.01503883 0.07357550
v 0.22864686 -0.02513293 0.06797469
v 0.22864686 -0.01235240 0.07037394
v 0.22864686 -0.00900005 0.06787820
v 0.22864686 0.01762627 0.06235830
v 0.22864686 0.01370729 0.05962639
v 0.22864686 -0.02107682 0.10113075
v 0.22864686 -0.01503883 0.09335782
v 0.22864686 -0.02381575 0.09721667
v 0.22864686 -0.02583598 0.09288763
v 0.22864686 -0.01691452 0.08962303
v 0.22864686 0.01989979 0.06303501
v 0.22864686 0.01869331 0.06293090
v 0.22864686 0.02536059 0.06712469
v 0.22864686 0.03449385 0.07221185
v 0.22864686 0.02699385 0.05922147
v 0.22864686 0.02830507 0.06712469
v 0.22864686 0.02768283 0.06650244
v 0.22864686 -0.00085005 0.11592285
v 0.22864686 -0.00147229 0.11530060
v 0.22864686 -0.00750005 0.11210231
v 0.22864686 -0.00170005 0.11445060
v 0.22864686 -0.00774446 0.11091626
v 0.22864686 -0.00147229 0.11360060
v 0.22864686 -0.00843786 0.10992346
v 0.22864686 -0.00946726 0.10928568
v 0.22864686 0.02104914 0.06265365
v 0.22864686 0.02598283 0.06650244
v 0.22864686 0.02683283 0.06627469
v 0.22864686 -0.00085005 0.11297836
v 0.22864686 -0.01379267 0.10725770
v 0.22864686 -0.00937475 0.05761391
v 0.22864686 -0.01370739 0.05962639
v 0.22864686 -0.01762637 0.06235830
v 0.22864686 0.00084995 0.11297836
v 0.22864686 0.01378875 0.09503684
v 0.22864686 0.01074880 0.09790488
v 0.22864686 -0.02536069 0.06712469
v 0.22864686 -0.02768293 0.06650244
v 0.22864686 -0.02683293 0.06627469
v 0.22864686 -0.02104924 0.06265365
v 0.22864686 -0.02598293 0.06650244
v 0.22864686 -0.01989989 0.06303501
v 0.22864686 -0.01869341 0.06293091
v 0.22864686 0.00712939 0.06693877
v 0.22864686 0.01074880 0.06902844
v 0.22864686 0.02513283 0.06797469
v 0.22864686 0.01378875 0.07189649
v 0.22864686 0.02536059 0.06882469
v 0.22864686 0.01608534 0.07538828
v 0.22864686 0.02598283 0.06944694
v 0.22864686 -0.00104666 0.06549712
v 0.22864686 0.00774436 0.11091626
v 0.22864686 0.00147219 0.11360060
v 0.22864686 0.00749995 0.11210231
v 0.22864686 0.00169995 0.11445060
v 0.22864686 0.00147219 0.11530060
v 0.22864686 -0.00000005 0.05596666
v 0.22864686 -0.00475921 0.05638161
v 0.22864686 -0.00516251 0.06622285
v 0.22864686 0.02707644 0.08827431
v 0.22864686 0.02749990 0.08351590
v 0.22864686 0.02709348 0.07875600
v 0.22864686 0.01751476 0.07931558
v 0.22864686 0.01799995 0.08346666
v 0.22864686 0.02683283 0.06967469
v 0.22864686 0.00712939 0.09999456
v 0.22864686 0.00312562 0.10119320
v 0.22864686 -0.00000005 0.11275060
v 0.22864686 -0.00104666 0.10143621
v 0.22864686 -0.00516251 0.10071047
v 0.22864686 0.02853283 0.06797469
v 0.22864686 0.02830507 0.06882469
v 0.22864686 0.02854914 0.07564403
v 0.22864686 0.02768283 0.06944694
v 0.22864686 0.02764420 0.07644872
v 0.22864686 0.02713111 0.07754561
v 0.22864686 0.00843776 0.10992346
v 0.22864686 0.00946716 0.10928568
v 0.22864686 0.01770174 0.10451178
v 0.22864686 0.01379256 0.10725771
v 0.22864686 0.01751476 0.08761775
v 0.22864686 0.02583588 0.09288763
v 0.22864686 0.01608534 0.09154505
v 0.22864686 0.02381565 0.09721667
v 0.22864686 0.02107672 0.10113075
v 0.23164685 0.02709348 0.07875600
v 0.23164685 0.02749990 0.08351590
v 0.23164685 0.02707644 0.08827431
v 0.23164685 0.02583588 0.09288763
v 0.23164685 0.02381565 0.09721667
v 0.23164685 0.02107672 0.10113075
v 0.23164685 0.01770174 0.10451178
v 0.23164685 0.01379256 0.10725771
v 0.23164685 0.00946716 0.10928568
v 0.23164685 -0.01762637 0.06235830
v 0.23164685 -0.01370739 0.05962639
v 0.23164685 -0.00937475 0.05761391
v 0.23164685 -0.00475921 0.05638161
v 0.23164685 -0.00000005 0.05596666
v 0.23164685 0.00475911 0.05638161
v 0.23164685 0.00937465 0.05761391
v 0.23164685 0.01370729 0.05962639
v 0.23164685 0.01762627 0.06235830
v 0.23164685 -0.00946726 0.10928568
v 0.23164685 -0.01379267 0.10725770
v 0.23164685 -0.01770184 0.10451177
v 0.23164685 -0.02107682 0.10113075
v 0.23164685 -0.02381575 0.09721667
v 0.23164685 -0.02583598 0.09288763
v 0.23164685 -0.02707654 0.08827431
v 0.23164685 -0.02750001 0.08351590
v 0.23164685 -0.02709359 0.07875600
v 0.20664686 0.01750976 0.08763878
v 0.18864685 0.01751476 0.08761775
v 0.20664686 0.01608534 0.09154505
v 0.18864685 0.01608534 0.09154505
v 0.18864685 0.01378875 0.09503684
v 0.21464686 0.01750976 0.08763878
v 0.21464686 0.01378875 0.09503684
v 0.21464686 0.01236802 0.09654454
v 0.20664686 0.01236802 0.09654454
v 0.21464686 0.01608534 0.09154505
v 0.20664686 0.00417207 0.06595685
v 0.18864685 0.00312562 0.06574012
v 0.20664686 0.00712939 0.06693877
v 0.18864685 0.00712939 0.06693877
v 0.18864685 0.01074880 0.06902844
v 0.21464686 0.00417207 0.06595685
v 0.21464686 0.01074880 0.06902844
v 0.21464686 0.01307783 0.07109860
v 0.20664686 0.01307783 0.07109860
v 0.21464686 0.00712939 0.06693877
v 0.20664686 -0.00516251 0.10071047
v 0.20664686 -0.00417217 0.10097647
v 0.18864685 -0.00104666 0.10143621
v 0.21464686 -0.00417217 0.10097647
v 0.18864685 -0.01235240 0.09655939
v 0.20664686 -0.00900005 0.09905512
v 0.18864685 -0.00900005 0.09905512
v 0.18864685 -0.00516251 0.10071047
v 0.21464686 -0.01235240 0.09655939
v 0.21464686 -0.01307793 0.09583473
v 0.20664686 -0.01307793 0.09583473
v 0.21464686 -0.00900005 0.09905512
v 0.21464686 -0.00516251 0.10071047
v 0.20664686 -0.01750986 0.07929454
v 0.18864685 -0.01787834 0.08137699
v 0.20664686 -0.01691452 0.07731030
v 0.18864685 -0.01691452 0.07731030
v 0.18864685 -0.01503883 0.07357550
v 0.21464686 -0.01750986 0.07929454
v 0.21464686 -0.01503883 0.07357550
v 0.21464686 -0.01236812 0.07038879
v 0.20664686 -0.01236812 0.07038879
v 0.21464686 -0.01691452 0.07731030
v 0.18864685 -0.01787834 0.08555634
v 0.18864685 -0.01691452 0.08962303
v 0.18864685 -0.01503883 0.09335782
v 0.20664686 -0.01235240 0.09655939
v 0.18864685 -0.00104666 0.06549712
v 0.18864685 -0.00516251 0.06622285
v 0.18864685 -0.00900005 0.06787820
v 0.18864685 -0.01235240 0.07037394
v 0.20664686 -0.01503883 0.07357550
v 0.18864685 0.01799995 0.08346666
v 0.18864685 0.01751476 0.07931558
v 0.18864685 0.01608534 0.07538828
v 0.18864685 0.01378875 0.07189649
v 0.20664686 0.01074880 0.06902844
v 0.18864685 0.00312562 0.10119320
v 0.18864685 0.00712939 0.09999456
v 0.18864685 0.01074880 0.09790488
v 0.20664686 0.01378875 0.09503684
v 0.18864685 0.00799995 0.06961025
v 0.18864685 0.00445143 0.06809837
v 0.18864685 0.00064420 0.06747964
v 0.18864685 -0.00320046 0.06779001
v 0.18864685 -0.00685913 0.06901146
v 0.18864685 -0.01011918 0.07107298
v 0.18864685 -0.01279113 0.07385479
v 0.18864685 -0.01471972 0.07719520
v 0.18864685 -0.01579285 0.08090008
v 0.18864685 -0.01594817 0.08475412
v 0.18864685 -0.01517663 0.08853335
v 0.18864685 -0.01352309 0.09201811
v 0.18864685 -0.01108364 0.09500590
v 0.18864685 -0.00800005 0.09732307
v 0.18864685 -0.00445153 0.09883495
v 0.18864685 -0.00064431 0.09945369
v 0.18864685 0.00320036 0.09914331
v 0.18864685 0.00685903 0.09792187
v 0.18864685 0.01011908 0.09586034
v 0.18864685 0.01279103 0.09307854
v 0.18864685 0.01471962 0.08973813
v 0.18864685 0.01579275 0.08603324
v 0.18864685 0.01594807 0.08217920
v 0.18864685 0.01517653 0.07839997
v 0.18864685 0.01352299 0.07491521
v 0.18864685 0.01108354 0.07192742
v 0.21185417 0.00671760 0.07118361
v 0.22964686 0.00362342 0.06994370
v 0.22964686 0.00389499 0.07001941
v 0.21189685 0.00699995 0.07134230
v 0.21032357 0.00592816 0.07078375
v 0.21002185 0.00604149 0.07083734
v 0.19064686 0.00362342 0.06994370
v 0.21172939 0.00645170 0.07104190
v 0.21127185 0.00604149 0.07083734
v 0.21097010 0.00592816 0.07078374
v 0.21064685 0.00588946 0.07076573
v 0.20956433 0.00645170 0.07104190
v 0.20943978 0.00671679 0.07118317
v 0.19064686 0.00389499 0.07001941
v 0.20939685 0.00699995 0.07134230
v 0.19064686 0.00699995 0.07134230
v 0.19064686 0.00969809 0.07336983
v 0.20943938 0.00727804 0.07150717
v 0.19064686 0.00989944 0.07356717
v 0.20956433 0.00753424 0.07166690
v 0.21002185 0.00791649 0.07191987
v 0.21032295 0.00801943 0.07199112
v 0.21127185 0.00791649 0.07191987
v 0.22964686 0.00989944 0.07356717
v 0.21097051 0.00801948 0.07199116
v 0.21064685 0.00805452 0.07201573
v 0.21172939 0.00753424 0.07166690
v 0.21185423 0.00727837 0.07150737
v 0.22964686 0.00969809 0.07336983
v 0.22964686 0.00699995 0.07134230
v 0.20943938 0.01195943 0.09074477
v 0.19064686 0.00989944 0.09336615
v 0.19064686 0.01119215 0.09187705
v 0.20939685 0.01212431 0.09046666
v 0.20956433 0.01179972 0.09100095
v 0.21002185 0.01154674 0.09138320
v 0.21032207 0.01147562 0.09148595
v 0.21127185 0.01154674 0.09138320
v 0.22964686 0.00989944 0.09336615
v 0.21097012 0.01147539 0.09148628
v 0.21064685 0.01145088 0.09152123
v 0.21172939 0.01179972 0.09100095
v 0.21185416 0.01195911 0.09074530
v 0.22964686 0.01119215 0.09187705
v 0.21189685 0.01212431 0.09046666
v 0.22964686 0.01212431 0.09046666
v 0.22964686 0.01287966 0.08895420
v 0.21185423 0.01228289 0.09018449
v 0.22964686 0.01352291 0.08709013
v 0.21032299 0.01268280 0.08939502
v 0.21002185 0.01262927 0.08950821
v 0.19064686 0.01352291 0.08709013
v 0.21172939 0.01242472 0.08991842
v 0.21127185 0.01262927 0.08950821
v 0.21097051 0.01268282 0.08939496
v 0.21064685 0.01270088 0.08935618
v 0.20956433 0.01242472 0.08991842
v 0.20943938 0.01228270 0.09018485
v 0.19064686 0.01287966 0.08895420
v 0.19064686 0.01212431 0.09046666
v 0.20943949 -0.00727847 0.09542596
v 0.19064686 -0.00989955 0.09336615
v 0.19064686 -0.00969819 0.09356350
v 0.20939685 -0.00700005 0.09559102
v 0.20956433 -0.00753434 0.09526643
v 0.21002185 -0.00791659 0.09501345
v 0.21032320 -0.00801959 0.09494216
v 0.21127185 -0.00791659 0.09501345
v 0.22964686 -0.00989955 0.09336615
v 0.21097076 -0.00801953 0.09494220
v 0.21064685 -0.00805462 0.09491760
v 0.21172939 -0.00753434 0.09526643
v 0.21185434 -0.00727814 0.09542615
v 0.22964686 -0.00969819 0.09356350
v 0.21189685 -0.00700005 0.09559102
v 0.22964686 -0.00700005 0.09559102
v 0.21032360 -0.00592826 0.09614958
v 0.21002185 -0.00604159 0.09609599
v 0.19064686 -0.00362352 0.09698962
v 0.22964686 -0.00389510 0.09691392
v 0.21185392 -0.00671689 0.09575015
v 0.22964686 -0.00362352 0.09698962
v 0.21172939 -0.00645181 0.09589143
v 0.21127185 -0.00604159 0.09609599
v 0.21097015 -0.00592826 0.09614957
v 0.21064685 -0.00588956 0.09616759
v 0.20956433 -0.00645181 0.09589143
v 0.20943955 -0.00671770 0.09574971
v 0.19064686 -0.00389510 0.09691392
v 0.19064686 -0.00700005 0.09559102
v 0.20943955 -0.01195921 0.07618802
v 0.19064686 -0.00989954 0.07356717
v 0.19064686 -0.01119225 0.07505627
v 0.20939685 -0.01212441 0.07646666
v 0.20956433 -0.01179982 0.07593238
v 0.21002185 -0.01154684 0.07555012
v 0.21032359 -0.01147549 0.07544704
v 0.21127185 -0.01154684 0.07555012
v 0.22964686 -0.00989954 0.07356717
v 0.21097165 -0.01147572 0.07544738
v 0.21064685 -0.01145098 0.07541209
v 0.21172939 -0.01179982 0.07593238
v 0.21185432 -0.01195953 0.07618856
v 0.22964686 -0.01119225 0.07505627
v 0.21189685 -0.01212441 0.07646666
v 0.22964686 -0.01212441 0.07646666
v 0.21032321 -0.01268292 0.07753836
v 0.21002185 -0.01262937 0.07742512
v 0.19064686 -0.01352301 0.07984319
v 0.22964686 -0.01287976 0.07797913
v 0.21185434 -0.01228280 0.07674847
v 0.22964686 -0.01352301 0.07984319
v 0.21172939 -0.01242482 0.07701491
v 0.21127185 -0.01262937 0.07742512
v 0.21097073 -0.01268290 0.07753830
v 0.21064685 -0.01270098 0.07757715
v 0.20956433 -0.01242482 0.07701491
v 0.20943949 -0.01228299 0.07674883
v 0.19064686 -0.01287976 0.07797913
v 0.19064686 -0.01212441 0.07646666
v 0.22964686 -0.00056377 0.09745531
v 0.19064686 -0.00056377 0.09745531
v 0.22964686 -0.00000005 0.09746666
v 0.19064686 -0.00000005 0.09746666
v 0.22964686 0.00280031 0.09718373
v 0.19064686 0.00280031 0.09718373
v 0.22964686 0.00362342 0.09698962
v 0.19064686 0.00362342 0.09698962
v 0.22964686 0.00600165 0.09611497
v 0.19064686 0.00600165 0.09611497
v 0.22964686 0.00699995 0.09559102
v 0.19064686 0.00699995 0.09559102
v 0.22964686 0.00885419 0.09431113
v 0.19064686 0.00885419 0.09431113
v 0.22964686 0.01381865 0.08571242
v 0.19064686 0.01381865 0.08571242
v 0.22964686 0.01399995 0.08346666
v 0.19064686 0.01399995 0.08346666
v 0.22964686 0.01395455 0.08234013
v 0.19064686 0.01395455 0.08234013
v 0.22964686 0.01352291 0.07984319
v 0.19064686 0.01352291 0.07984319
v 0.22964686 0.01327946 0.07903331
v 0.19064686 0.01327946 0.07903331
v 0.22964686 0.01212431 0.07646666
v 0.19064686 0.01212431 0.07646666
v 0.22964686 0.01183261 0.07598414
v 0.19064686 0.01183261 0.07598414
v 0.22964686 0.00056367 0.06947802
v 0.19064686 0.00056367 0.06947802
v 0.22964686 -0.00000005 0.06946667
v 0.19064686 -0.00000005 0.06946667
v 0.22964686 -0.00280041 0.06974959
v 0.19064686 -0.00280041 0.06974959
v 0.22964686 -0.00362352 0.06994370
v 0.19064686 -0.00362352 0.06994370
v 0.22964686 -0.00600175 0.07081836
v 0.19064686 -0.00600175 0.07081836
v 0.22964686 -0.00700005 0.07134230
v 0.19064686 -0.00700005 0.07134230
v 0.22964686 -0.00885429 0.07262219
v 0.19064686 -0.00885429 0.07262219
v 0.22964686 -0.01381875 0.08122090
v 0.19064686 -0.01381875 0.08122090
v 0.22964686 -0.01400005 0.08346666
v 0.19064686 -0.01400005 0.08346666
v 0.22964686 -0.01395465 0.08459319
v 0.19064686 -0.01395465 0.08459319
v 0.22964686 -0.01352301 0.08709013
v 0.19064686 -0.01352301 0.08709013
v 0.22964686 -0.01327956 0.08790001
v 0.19064686 -0.01327956 0.08790001
v 0.22964686 -0.01212441 0.09046666
v 0.19064686 -0.01212441 0.09046666
v 0.22964686 -0.01183271 0.09094919
v 0.19064686 -0.01183271 0.09094919
v 0.23164685 0.00685903 0.09792187
v 0.23164685 0.01011908 0.09586034
v 0.23164685 0.00084995 0.11297836
v 0.23164685 -0.02683293 0.06627469
v 0.23164685 -0.02598293 0.06650244
v 0.23164685 -0.02104924 0.06265365
v 0.23164685 -0.02536069 0.06712469
v 0.23164685 -0.01989989 0.06303501
v 0.23164685 -0.01869341 0.06293091
v 0.23164685 0.02699385 0.05922147
v 0.23164685 0.02683283 0.06627469
v 0.23164685 0.02104914 0.06265365
v 0.23164685 0.02598283 0.06650244
v 0.23164685 0.01989979 0.06303501
v 0.23164685 0.02536059 0.06712469
v 0.23164685 0.01869331 0.06293090
v 0.23164685 0.02513283 0.06797469
v 0.23164685 0.00799995 0.06961025
v 0.23164685 0.02830507 0.06882469
v 0.23164685 0.02853283 0.06797469
v 0.23164685 0.03449385 0.07221185
v 0.23164685 0.02830507 0.06712469
v 0.23164685 0.02768283 0.06650244
v 0.23164685 0.00064420 0.06747964
v 0.23164685 0.00445143 0.06809837
v 0.23164685 -0.00320046 0.06779001
v 0.23164685 -0.00685913 0.06901146
v 0.23164685 -0.02513293 0.06797469
v 0.23164685 -0.00147229 0.11530060
v 0.23164685 -0.00085005 0.11592285
v 0.23164685 -0.00750005 0.11896666
v 0.23164685 -0.00000005 0.11615060
v 0.23164685 0.00749995 0.11896666
v 0.23164685 0.01579275 0.08603324
v 0.23164685 0.01594807 0.08217920
v 0.23164685 0.02598283 0.06944694
v 0.23164685 0.01517653 0.07839997
v 0.23164685 0.02536059 0.06882469
v 0.23164685 0.01352299 0.07491521
v 0.23164685 0.01108354 0.07192742
v 0.23164685 -0.02768293 0.06650244
v 0.23164685 -0.02830517 0.06712469
v 0.23164685 -0.00170005 0.11445060
v 0.23164685 -0.00750005 0.11210231
v 0.23164685 -0.00147229 0.11360060
v 0.23164685 -0.00774446 0.11091626
v 0.23164685 -0.00843786 0.10992346
v 0.23164685 0.00084995 0.11592285
v 0.23164685 0.00147219 0.11530060
v 0.23164685 0.00749995 0.11210231
v 0.23164685 0.00169995 0.11445060
v 0.23164685 0.00774436 0.11091626
v 0.23164685 0.00147219 0.11360060
v 0.23164685 0.00843776 0.10992346
v 0.23164685 -0.00800005 0.09732307
v 0.23164685 -0.00445153 0.09883495
v 0.23164685 -0.00000005 0.11275060
v 0.23164685 -0.00064431 0.09945369
v 0.23164685 0.00320036 0.09914331
v 0.23164685 -0.01011918 0.07107298
v 0.23164685 -0.01279113 0.07385479
v 0.23164685 -0.02536069 0.06882469
v 0.23164685 -0.01471972 0.07719520
v 0.23164685 -0.02598293 0.06944694
v 0.23164685 -0.01579285 0.08090008
v 0.23164685 -0.01594817 0.08475412
v 0.23164685 -0.02853293 0.06797469
v 0.23164685 -0.02830517 0.06882469
v 0.23164685 -0.02854924 0.07564403
v 0.23164685 -0.02768293 0.06944694
v 0.23164685 -0.02764430 0.07644872
v 0.23164685 -0.02683293 0.06967469
v 0.23164685 -0.02713121 0.07754561
v 0.23164685 0.02768283 0.06944694
v 0.23164685 0.02854914 0.07564403
v 0.23164685 0.02683283 0.06967469
v 0.23164685 0.02764420 0.07644872
v 0.23164685 0.02713111 0.07754561
v 0.23164685 -0.01352309 0.09201811
v 0.23164685 -0.01517663 0.08853335
v 0.23164685 -0.00085005 0.11297836
v 0.23164685 -0.01108364 0.09500590
v 0.23164685 0.01279103 0.09307854
v 0.23164685 0.01471962 0.08973813
v 0.21189685 -0.00862505 0.09840560
v 0.21172939 -0.00808378 0.09871810
v 0.21002185 -0.00956255 0.09786434
v 0.20956433 -0.00916632 0.09809310
v 0.20939685 -0.00862505 0.09840560
v 0.20956433 -0.00808378 0.09871810
v 0.21172939 -0.00916632 0.09809310
v 0.21127185 -0.00956255 0.09786434
v 0.21064685 -0.00970758 0.09778060
v 0.21002185 -0.00768755 0.09894687
v 0.21064685 -0.00754252 0.09903060
v 0.21127185 -0.00768755 0.09894687
v 0.20939685 0.00862495 0.06852772
v 0.20956433 0.00808368 0.06821522
v 0.21002185 0.00768745 0.06798646
v 0.21064685 0.00754242 0.06790272
v 0.21127185 0.00768745 0.06798646
v 0.21064685 0.00970748 0.06915273
v 0.21127185 0.00956245 0.06906899
v 0.21002185 0.00956245 0.06906899
v 0.20956433 0.00916622 0.06884023
v 0.21172939 0.00808368 0.06821522
v 0.21189685 0.00862495 0.06852772
v 0.21172939 0.00916622 0.06884023
v 0.21002185 -0.01548025 0.07577916
v 0.21064685 -0.01556399 0.07592420
v 0.21189685 -0.01493899 0.07484166
v 0.21172939 -0.01525149 0.07538293
v 0.21172939 -0.01462649 0.07430039
v 0.21127185 -0.01439772 0.07390416
v 0.21064685 -0.01431399 0.07375913
v 0.21002185 -0.01439772 0.07390416
v 0.21127185 -0.01548025 0.07577916
v 0.20956433 -0.01462649 0.07430039
v 0.20939685 -0.01493899 0.07484166
v 0.20956433 -0.01525149 0.07538293
v 0.21127185 0.01439762 0.09302916
v 0.21064685 0.01431389 0.09317420
v 0.21002185 0.01439762 0.09302916
v 0.20956433 0.01462639 0.09263293
v 0.20939685 0.01493889 0.09209166
v 0.20956433 0.01525139 0.09155039
v 0.21002185 0.01548015 0.09115417
v 0.21064685 0.01556389 0.09100913
v 0.21127185 0.01548015 0.09115417
v 0.21172939 0.01525139 0.09155039
v 0.21189685 0.01493889 0.09209166
v 0.21172939 0.01462639 0.09263293
v 0.28964686 -0.00750005 0.10146666
v 0.29464686 -0.00750005 0.10146666
v 0.28964686 -0.00750005 0.10992417
v 0.29464686 -0.00750005 0.11896666
v 0.23164685 -0.00750005 0.10992417
v 0.23164685 0.00749995 0.10992417
v 0.28964686 0.00749995 0.10992417
v 0.29464686 0.00749995 0.11896666
v 0.28964686 0.00749995 0.10146666
v 0.29464686 0.00749995 0.10146666
v 0.23164685 0.00108248 0.11507042
v 0.23164685 0.00062495 0.11552795
v 0.23164685 -0.00000005 0.11569542
v 0.23164685 -0.00062505 0.11552795
v 0.23164685 -0.00108258 0.11507042
v 0.23164685 -0.00125005 0.11444542
v 0.23164685 -0.00108258 0.11382042
v 0.23164685 -0.00378610 0.11070479
v 0.23164685 -0.00062505 0.11336289
v 0.23164685 -0.00000005 0.11096666
v 0.23164685 -0.00000005 0.11319542
v 0.23164685 0.00378600 0.11070479
v 0.23164685 0.00062495 0.11336289
v 0.23164685 0.00108248 0.11382042
v 0.23164685 0.00124995 0.11444542
v 0.29464686 -0.00325005 0.10746666
v 0.29464686 -0.00296907 0.10878856
v 0.29464686 -0.00217472 0.10988189
v 0.29464686 -0.00100436 0.11055759
v 0.29464686 0.00033967 0.11069886
v 0.29464686 0.00162495 0.11028124
v 0.29464686 0.00262925 0.10937697
v 0.29464686 0.00317893 0.10814238
v 0.29464686 0.00317893 0.10679095
v 0.29464686 0.00262925 0.10555636
v 0.29464686 0.00457593 0.10242215
v 0.29464686 0.00162495 0.10465208
v 0.29464686 0.00153804 0.10290591
v 0.29464686 0.00033967 0.10423446
v 0.29464686 -0.00153814 0.10290591
v 0.29464686 -0.00100436 0.10437573
v 0.29464686 -0.00457603 0.10242215
v 0.29464686 -0.00217472 0.10505144
v 0.29464686 -0.00296907 0.10614477
v 0.28964686 0.00169995 0.10746666
v 0.28964686 0.00147219 0.10831666
v 0.28964686 0.00378600 0.11070479
v 0.28964686 0.00084995 0.10893890
v 0.28964686 -0.00000005 0.11096666
v 0.28964686 -0.00000005 0.10916666
v 0.28964686 -0.00378610 0.11070479
v 0.28964686 -0.00085005 0.10893890
v 0.28964686 -0.00147229 0.10831666
v 0.28964686 -0.00170005 0.10746666
v 0.28964686 -0.00147229 0.10661666
v 0.28964686 -0.00457603 0.10242215
v 0.28964686 -0.00085005 0.10599442
v 0.28964686 0.00147219 0.10661666
v 0.28964686 0.00084995 0.10599442
v 0.28964686 0.00457593 0.10242215
v 0.28964686 -0.00000005 0.10576666
v 0.28964686 0.00153804 0.10290591
v 0.28964686 -0.00153814 0.10290591
v 0.29144686 -0.00170005 0.10746666
v 0.29144686 -0.00147229 0.10661666
v 0.29144686 -0.00085005 0.10599442
v 0.29144686 -0.00000005 0.10576666
v 0.29144686 0.00084995 0.10599442
v 0.29144686 0.00147219 0.10661666
v 0.29144686 0.00169995 0.10746666
v 0.29144686 0.00147219 0.10831666
v 0.29144686 0.00084995 0.10893890
v 0.29144686 -0.00000005 0.10916666
v 0.29144686 -0.00085005 0.10893890
v 0.29144686 -0.00147229 0.10831666
v 0.29144686 0.00317893 0.10814238
v 0.29144686 0.00262925 0.10937697
v 0.29144686 0.00162495 0.11028124
v 0.29144686 -0.00100436 0.10437573
v 0.29144686 0.00033967 0.10423446
v 0.29144686 0.00162495 0.10465208
v 0.29144686 0.00262925 0.10555636
v 0.29144686 0.00317893 0.10679095
v 0.29144686 0.00033967 0.11069886
v 0.29144686 -0.00100436 0.11055759
v 0.29144686 -0.00217472 0.10988189
v 0.29144686 -0.00296907 0.10878856
v 0.29144686 -0.00325005 0.10746666
v 0.29144686 -0.00296907 0.10614477
v 0.29144686 -0.00217472 0.10505144
v 0.24239793 -0.00000005 0.11444542
v 0.24164686 0.00108248 0.11382042
v 0.24164686 0.00062495 0.11336289
v 0.24164686 0.00124995 0.11444542
v 0.24164686 -0.00062505 0.11336289
v 0.24164686 -0.00108258 0.11382042
v 0.24164686 -0.00000005 0.11319542
v 0.24164686 -0.00108258 0.11507042
v 0.24164686 -0.00062505 0.11552795
v 0.24164686 -0.00125005 0.11444542
v 0.24164686 0.00062495 0.11552795
v 0.24164686 0.00108248 0.11507042
v 0.24164686 -0.00000005 0.11569542
v 0.28964686 0.01933841 0.08096185
v 0.29464686 0.01933841 0.08096185
v 0.28964686 0.02666283 0.07673310
v 0.29464686 0.03449385 0.07221185
v 0.23164685 0.02666283 0.07673310
v 0.23164685 0.01916283 0.06374271
v 0.28964686 0.01916283 0.06374271
v 0.29464686 0.02699385 0.05922147
v 0.28964686 0.01183841 0.06797148
v 0.29464686 0.01183841 0.06797148
v 0.23164685 0.02682834 0.06672728
v 0.23164685 0.02745334 0.06689475
v 0.23164685 0.02791087 0.06735229
v 0.23164685 0.02807834 0.06797729
v 0.23164685 0.02791087 0.06860229
v 0.23164685 0.02745334 0.06905982
v 0.23164685 0.02682834 0.06922729
v 0.23164685 0.02548189 0.07312641
v 0.23164685 0.02620334 0.06905982
v 0.23164685 0.02381565 0.06971666
v 0.23164685 0.02574581 0.06860229
v 0.23164685 0.02169584 0.06656878
v 0.23164685 0.02557834 0.06797729
v 0.23164685 0.02574581 0.06735229
v 0.23164685 0.02620334 0.06689475
v 0.29464686 0.02240956 0.07428125
v 0.29464686 0.02341386 0.07337696
v 0.29464686 0.02396354 0.07214238
v 0.29464686 0.02396354 0.07079095
v 0.29464686 0.02341386 0.06955636
v 0.29464686 0.02240956 0.06865208
v 0.29464686 0.02112428 0.06823447
v 0.29464686 0.01978025 0.06837573
v 0.29464686 0.01860989 0.06905144
v 0.29464686 0.01781554 0.07014477
v 0.29464686 0.01412789 0.07002600
v 0.29464686 0.01753456 0.07146666
v 0.29464686 0.01606579 0.07241502
v 0.29464686 0.01781554 0.07278856
v 0.29464686 0.01760387 0.07507906
v 0.29464686 0.01860989 0.07388188
v 0.29464686 0.01870387 0.07795183
v 0.29464686 0.01978025 0.07455759
v 0.29464686 0.02112428 0.07469886
v 0.28964686 0.01993456 0.06999442
v 0.28964686 0.02078456 0.06976666
v 0.28964686 0.02169584 0.06656878
v 0.28964686 0.02163456 0.06999442
v 0.28964686 0.02381565 0.06971666
v 0.28964686 0.02225680 0.07061666
v 0.28964686 0.02548189 0.07312641
v 0.28964686 0.02248456 0.07146666
v 0.28964686 0.02225680 0.07231666
v 0.28964686 0.02163456 0.07293890
v 0.28964686 0.02078456 0.07316666
v 0.28964686 0.01870387 0.07795183
v 0.28964686 0.01993456 0.07293890
v 0.28964686 0.01931232 0.07061666
v 0.28964686 0.01908456 0.07146666
v 0.28964686 0.01412789 0.07002600
v 0.28964686 0.01931232 0.07231666
v 0.28964686 0.01606579 0.07241502
v 0.28964686 0.01760387 0.07507906
v 0.29144686 0.02163456 0.07293890
v 0.29144686 0.02078456 0.07316666
v 0.29144686 0.01993456 0.07293890
v 0.29144686 0.01931232 0.07231666
v 0.29144686 0.01908456 0.07146666
v 0.29144686 0.01931232 0.07061666
v 0.29144686 0.01993456 0.06999442
v 0.29144686 0.02078456 0.06976666
v 0.29144686 0.02163456 0.06999442
v 0.29144686 0.02225680 0.07061666
v 0.29144686 0.02248456 0.07146666
v 0.29144686 0.02225680 0.07231666
v 0.29144686 0.01978025 0.06837573
v 0.29144686 0.02112428 0.06823447
v 0.29144686 0.02240956 0.06865208
v 0.29144686 0.01860989 0.07388188
v 0.29144686 0.01781554 0.07278856
v 0.29144686 0.01753456 0.07146666
v 0.29144686 0.01781554 0.07014477
v 0.29144686 0.01860989 0.06905144
v 0.29144686 0.02341386 0.06955636
v 0.29144686 0.02396354 0.07079095
v 0.29144686 0.02396354 0.07214238
v 0.29144686 0.02341386 0.07337696
v 0.29144686 0.02240956 0.07428125
v 0.29144686 0.02112428 0.07469886
v 0.29144686 0.01978025 0.07455759
v 0.24239793 0.02682834 0.06797729
v 0.24164686 0.02574581 0.06735229
v 0.24164686 0.02557834 0.06797729
v 0.24164686 0.02620334 0.06689475
v 0.24164686 0.02620334 0.06905982
v 0.24164686 0.02682834 0.06922729
v 0.24164686 0.02574581 0.06860229
v 0.24164686 0.02791087 0.06860229
v 0.24164686 0.02807834 0.06797729
v 0.24164686 0.02745334 0.06905982
v 0.24164686 0.02745334 0.06689475
v 0.24164686 0.02682834 0.06672728
v 0.24164686 0.02791087 0.06735229
v 0.29164687 0.00686667 0.07302166
v 0.29089579 0.00764177 0.07204098
v 0.29089579 0.00704758 0.07178482
v 0.29089579 0.00802826 0.07255992
v 0.29089579 0.00810351 0.07320257
v 0.29089579 0.00588599 0.07224657
v 0.29089579 0.00562983 0.07284074
v 0.29089579 0.00640493 0.07186007
v 0.29164687 -0.00561233 0.07229740
v 0.29089579 -0.00483723 0.07131673
v 0.29089579 -0.00543142 0.07106057
v 0.29089579 -0.00445074 0.07183566
v 0.29089579 -0.00437549 0.07247832
v 0.29089579 -0.00659301 0.07152231
v 0.29089579 -0.00684917 0.07211649
v 0.29089579 -0.00607407 0.07113581
v 0.29164687 0.00561223 0.09463592
v 0.29089579 0.00638732 0.09365524
v 0.29089579 0.00579314 0.09339909
v 0.29089579 0.00677382 0.09417418
v 0.29089579 0.00684907 0.09481683
v 0.29089579 0.00463155 0.09386083
v 0.29089579 0.00437539 0.09445501
v 0.29089579 0.00515048 0.09347433
v 0.29164687 0.01247895 0.08419091
v 0.29089579 0.01325404 0.08321024
v 0.29089579 0.01265986 0.08295408
v 0.29089579 0.01364054 0.08372917
v 0.29089579 0.01371579 0.08437183
v 0.29089579 0.01149827 0.08341582
v 0.29089579 0.01124211 0.08401000
v 0.29089579 0.01201721 0.08302933
v 0.29164687 -0.01247905 0.08274241
v 0.29089579 -0.01170396 0.08176173
v 0.29089579 -0.01229814 0.08150557
v 0.29089579 -0.01131746 0.08228067
v 0.29089579 -0.01124221 0.08292332
v 0.29089579 -0.01345973 0.08196732
v 0.29089579 -0.01371589 0.08256150
v 0.29089579 -0.01294080 0.08158082
v 0.29164687 -0.00686677 0.09391167
v 0.29089579 -0.00609168 0.09293099
v 0.29089579 -0.00668586 0.09267483
v 0.29089579 -0.00570518 0.09344992
v 0.29089579 -0.00562993 0.09409258
v 0.29089579 -0.00784745 0.09313657
v 0.29089579 -0.00810361 0.09373076
v 0.29089579 -0.00732852 0.09275008
v 0.28764686 0.01484202 0.08563760
v 0.28414685 0.01484202 0.08563760
v 0.28414685 0.01423956 0.08818191
v 0.28764686 0.01423956 0.08818191
v 0.28414685 0.01343494 0.09013757
v 0.28764686 0.01320443 0.09058296
v 0.28414685 0.01320443 0.09058296
v 0.28414685 0.01176809 0.09276778
v 0.28764686 0.01176809 0.09276778
v 0.28414685 0.00997418 0.09467000
v 0.28764686 0.00997418 0.09467000
v 0.28414685 0.00787721 0.09623180
v 0.28764686 0.00787721 0.09623180
v 0.28414685 0.00554090 0.09740574
v 0.28764686 0.00554090 0.09740574
v 0.28414685 0.00308284 0.09814644
v 0.28764686 0.00303622 0.09815615
v 0.28414685 0.00356104 0.09803782
v 0.28414685 0.00449016 0.09777883
v 0.28414685 0.00303622 0.09815615
v 0.28414685 0.00043929 0.09846023
v 0.28764686 0.00043929 0.09846023
v 0.28414685 -0.00217099 0.09830873
v 0.28764686 -0.00217099 0.09830873
v 0.28414685 -0.00471530 0.09770627
v 0.28764686 -0.00471530 0.09770627
v 0.28414685 -0.00711635 0.09667114
v 0.28764686 -0.00711635 0.09667114
v 0.28414685 -0.00889838 0.09554224
v 0.28764686 -0.00930117 0.09523480
v 0.28414685 -0.00930117 0.09523480
v 0.28414685 -0.01120338 0.09344090
v 0.28764686 -0.01120338 0.09344090
v 0.28414685 -0.01276519 0.09134392
v 0.28764686 -0.01276519 0.09134392
v 0.28414685 -0.01393913 0.08900761
v 0.28764686 -0.01393913 0.08900761
v 0.28414685 -0.01468954 0.08650293
v 0.28764686 -0.01468954 0.08650293
v 0.28414685 -0.01499362 0.08390600
v 0.28764686 -0.01499362 0.08390600
v 0.28414685 -0.01484212 0.08129572
v 0.28764686 -0.01484212 0.08129572
v 0.28714687 0.00419590 0.07205378
v 0.28414685 0.00419590 0.07205378
v 0.28714687 0.00414607 0.07107960
v 0.28414685 0.00414607 0.07107960
v 0.28714687 0.00372723 0.07019865
v 0.28414685 0.00372723 0.07019865
v 0.28714687 0.00300314 0.06954504
v 0.28414685 0.00300314 0.06954504
v 0.28714687 0.00208405 0.06921828
v 0.28414685 0.00208405 0.06921828
v 0.28714687 0.00110987 0.06926811
v 0.28414685 0.00110987 0.06926811
v 0.28714687 0.00022892 0.06968695
v 0.28414685 0.00022892 0.06968695
v 0.28714687 -0.00042469 0.07041103
v 0.28414685 -0.00042469 0.07041103
v 0.28714687 -0.00075145 0.07133013
v 0.28414685 -0.00075145 0.07133013
v 0.28714687 -0.00858471 0.08822431
v 0.28414685 -0.00858471 0.08822431
v 0.28714687 -0.00863454 0.08725013
v 0.28414685 -0.00863454 0.08725013
v 0.28714687 -0.00905338 0.08636917
v 0.28414685 -0.00905338 0.08636917
v 0.28714687 -0.00977747 0.08571556
v 0.28414685 -0.00977747 0.08571556
v 0.28714687 -0.01069656 0.08538880
v 0.28414685 -0.01069656 0.08538880
v 0.28714687 -0.01167074 0.08543864
v 0.28414685 -0.01167074 0.08543864
v 0.28714687 -0.01255169 0.08585748
v 0.28414685 -0.01255169 0.08585748
v 0.28714687 -0.01320530 0.08658157
v 0.28414685 -0.01320530 0.08658157
v 0.28714687 -0.01353206 0.08750065
v 0.28414685 -0.01353206 0.08750065
v 0.28714687 0.01180969 0.09120738
v 0.28414685 0.01180969 0.09120738
v 0.28714687 0.01175985 0.09023320
v 0.28414685 0.01175985 0.09023320
v 0.28714687 0.01134101 0.08935224
v 0.28414685 0.01134101 0.08935224
v 0.28714687 0.01061692 0.08869863
v 0.28414685 0.01061692 0.08869863
v 0.28714687 0.00969783 0.08837187
v 0.28414685 0.00969783 0.08837187
v 0.28714687 0.00872365 0.08842171
v 0.28414685 0.00872365 0.08842171
v 0.28714687 0.00784270 0.08884055
v 0.28414685 0.00784270 0.08884055
v 0.28714687 0.00718909 0.08956464
v 0.28414685 0.00718909 0.08956464
v 0.28714687 0.00686233 0.09048373
v 0.28414685 0.00686233 0.09048373
v 0.28414685 0.00810351 0.07320257
v 0.28414685 0.00802826 0.07255992
v 0.28414685 0.00764177 0.07204098
v 0.28414685 0.00704758 0.07178482
v 0.28414685 0.00640493 0.07186007
v 0.28414685 0.00588599 0.07224657
v 0.28414685 0.00562983 0.07284074
v 0.28414685 -0.00437549 0.07247832
v 0.28414685 -0.00445074 0.07183566
v 0.28414685 -0.00483723 0.07131673
v 0.28414685 -0.00543142 0.07106057
v 0.28414685 -0.00607407 0.07113581
v 0.28414685 -0.00659301 0.07152231
v 0.28414685 -0.00684917 0.07211649
v 0.28414685 0.00684907 0.09481683
v 0.28414685 0.00677382 0.09417418
v 0.28414685 0.00638732 0.09365524
v 0.28414685 0.00579314 0.09339909
v 0.28414685 0.00515048 0.09347433
v 0.28414685 0.00463155 0.09386083
v 0.28414685 0.00437539 0.09445501
v 0.28414685 0.01371579 0.08437183
v 0.28414685 0.01364054 0.08372917
v 0.28414685 0.01325404 0.08321024
v 0.28414685 0.01265986 0.08295408
v 0.28414685 0.01201721 0.08302933
v 0.28414685 0.01149827 0.08341582
v 0.28414685 0.01124211 0.08401000
v 0.28414685 -0.01124221 0.08292332
v 0.28414685 -0.01131746 0.08228067
v 0.28414685 -0.01170396 0.08176173
v 0.28414685 -0.01229814 0.08150557
v 0.28414685 -0.01294080 0.08158082
v 0.28414685 -0.01345973 0.08196732
v 0.28414685 -0.01371589 0.08256150
v 0.28414685 -0.00562993 0.09409258
v 0.28414685 -0.00570518 0.09344992
v 0.28414685 -0.00609168 0.09293099
v 0.28414685 -0.00668586 0.09267483
v 0.28414685 -0.00732852 0.09275008
v 0.28414685 -0.00784745 0.09313657
v 0.28414685 -0.00810361 0.09373076
v 0.28742754 0.00630540 0.08504505
v 0.28730348 0.00637492 0.08473542
v 0.28742754 0.00656441 0.08483110
v 0.28724730 0.00643151 0.08440740
v 0.28742754 0.00672835 0.08445082
v 0.28742754 -0.00630550 0.08188827
v 0.28754684 -0.00630550 0.08188827
v 0.28754684 -0.00629152 0.08183344
v 0.28414685 0.00643151 0.08440740
v 0.28728008 0.00646284 0.08416024
v 0.28414685 0.00649562 0.08370381
v 0.28742754 0.00649331 0.08376034
v 0.28414685 -0.00643161 0.08252592
v 0.28724730 -0.00643161 0.08252592
v 0.28414685 -0.00629152 0.08183344
v 0.28725454 -0.00641427 0.08241416
v 0.28730348 -0.00637502 0.08219790
v 0.28754684 0.00649331 0.08376034
v 0.28754684 0.00649562 0.08370381
v 0.28754684 0.00632977 0.08198901
v 0.28414685 0.00632977 0.08198901
v 0.28754684 0.00571924 0.08037803
v 0.28414685 0.00571924 0.08037803
v 0.28754684 0.00470695 0.07898401
v 0.28414685 0.00470695 0.07898401
v 0.28754684 0.00336400 0.07790490
v 0.28414685 0.00336400 0.07790490
v 0.28754684 0.00178472 0.07721649
v 0.28414685 0.00178472 0.07721649
v 0.28754684 0.00008006 0.07696716
v 0.28414685 0.00008006 0.07696716
v 0.28754684 -0.00163022 0.07717440
v 0.28414685 -0.00163022 0.07717440
v 0.28754684 -0.00322598 0.07782367
v 0.28414685 -0.00322598 0.07782367
v 0.28754684 -0.00459513 0.07886935
v 0.28414685 -0.00459513 0.07886935
v 0.28754684 -0.00564148 0.08023799
v 0.28414685 -0.00564148 0.08023799
v 0.28754684 0.00514520 0.08421925
v 0.29094687 0.00514520 0.08421925
v 0.28754684 0.00530914 0.08383898
v 0.29094687 0.00530914 0.08383898
v 0.28754684 0.00564126 0.08359162
v 0.29094687 0.00564126 0.08359162
v 0.28754684 0.00605256 0.08354346
v 0.29094687 0.00605256 0.08354346
v 0.28754684 0.00643284 0.08370740
v 0.29094687 0.00643284 0.08370740
v 0.29094687 0.00668020 0.08403952
v 0.28742754 0.00668020 0.08403952
v 0.29094687 0.00672835 0.08445082
v 0.28742754 -0.00650699 0.08203706
v 0.29094687 -0.00656451 0.08210222
v 0.28754684 -0.00623240 0.08185487
v 0.29094687 -0.00623240 0.08185487
v 0.28754684 -0.00582109 0.08180671
v 0.29094687 -0.00582109 0.08180671
v 0.28754684 -0.00544082 0.08197065
v 0.29094687 -0.00544082 0.08197065
v 0.28754684 -0.00519346 0.08230277
v 0.29094687 -0.00519346 0.08230277
v 0.28754684 -0.00514530 0.08271407
v 0.29094687 -0.00514530 0.08271407
v 0.28742754 -0.00672845 0.08248250
v 0.29094687 -0.00672845 0.08248250
v 0.28742754 -0.00668671 0.08231946
v 0.28742754 -0.00656451 0.08210222
v 0.28804687 0.00494731 0.08419031
v 0.28754684 0.00494731 0.08419031
v 0.28804687 0.00495078 0.08276717
v 0.28754684 0.00495078 0.08276717
v 0.28804687 0.00455316 0.08140069
v 0.28754684 0.00455316 0.08140069
v 0.28804687 0.00378667 0.08020159
v 0.28754684 0.00378667 0.08020159
v 0.28804687 0.00271341 0.07926700
v 0.28754684 0.00271341 0.07926700
v 0.28804687 0.00142031 0.07867265
v 0.28754684 0.00142031 0.07867265
v 0.28804687 0.00001215 0.07846668
v 0.28754684 0.00001215 0.07846668
v 0.28804687 -0.00139701 0.07866578
v 0.28754684 -0.00139701 0.07866578
v 0.28804687 -0.00269298 0.07925382
v 0.28754684 -0.00269298 0.07925382
v 0.28804687 -0.00377080 0.08018315
v 0.28754684 -0.00377080 0.08018315
v 0.28804687 -0.00454313 0.08137850
v 0.28754684 -0.00454313 0.08137850
v 0.28804687 -0.00494741 0.08274302
v 0.28754684 -0.00494741 0.08274302
v 0.28814685 0.00395784 0.08404558
v 0.28804687 0.00395784 0.08404558
v 0.28814685 0.00394302 0.08279419
v 0.28804687 0.00394302 0.08279419
v 0.28814685 0.00354222 0.08160863
v 0.28804687 0.00354222 0.08160863
v 0.28814685 0.00279469 0.08060495
v 0.28804687 0.00279469 0.08060495
v 0.28814685 0.00177359 0.07988138
v 0.28804687 0.00177359 0.07988138
v 0.28814685 0.00057887 0.07950877
v 0.28804687 0.00057887 0.07950877
v 0.28814685 -0.00067252 0.07952359
v 0.28804687 -0.00067252 0.07952359
v 0.28814685 -0.00185808 0.07992439
v 0.28804687 -0.00185808 0.07992439
v 0.28814685 -0.00286177 0.08067192
v 0.28804687 -0.00286177 0.08067192
v 0.28814685 -0.00358533 0.08169302
v 0.28804687 -0.00358533 0.08169302
v 0.28814685 -0.00395794 0.08288775
v 0.28804687 -0.00395794 0.08288775
v 0.28864685 0.01632623 0.08585469
v 0.28764686 0.01632623 0.08585469
v 0.28764686 0.01571050 0.08850934
v 0.28864685 0.01571050 0.08850934
v 0.28764686 0.01466623 0.09102643
v 0.28864685 0.01466623 0.09102643
v 0.28764686 0.01322190 0.09333732
v 0.28864685 0.01322190 0.09333732
v 0.28764686 0.01141692 0.09537896
v 0.28864685 0.01141692 0.09537896
v 0.28764686 0.00930050 0.09709566
v 0.28864685 0.00930050 0.09709566
v 0.28764686 0.00693040 0.09844060
v 0.28864685 0.00693040 0.09844060
v 0.28764686 0.00437124 0.09937709
v 0.28864685 0.00437124 0.09937709
v 0.28764686 0.00169286 0.09987959
v 0.28864685 0.00169286 0.09987959
v 0.28764686 -0.00103171 0.09993438
v 0.28864685 -0.00103171 0.09993438
v 0.28764686 -0.00372814 0.09953997
v 0.28864685 -0.00372814 0.09953997
v 0.28764686 -0.00632287 0.09870713
v 0.28864685 -0.00632287 0.09870713
v 0.28764686 -0.00874514 0.09745857
v 0.28864685 -0.00874514 0.09745857
v 0.28764686 -0.01092886 0.09582835
v 0.28864685 -0.01092886 0.09582835
v 0.28764686 -0.01281447 0.09386092
v 0.28864685 -0.01281447 0.09386092
v 0.28764686 -0.01435054 0.09160998
v 0.28864685 -0.01435054 0.09160998
v 0.28764686 -0.01549516 0.08913690
v 0.28864685 -0.01549516 0.08913690
v 0.28764686 -0.01621712 0.08650915
v 0.28864685 -0.01621712 0.08650915
v 0.28764686 -0.01649671 0.08379842
v 0.28864685 -0.01649671 0.08379842
v 0.28764686 -0.01632633 0.08107863
v 0.28864685 -0.01632633 0.08107863
v 0.28514686 0.00263139 0.09619755
v 0.28589794 0.00216964 0.09503596
v 0.28589794 0.00281230 0.09496071
v 0.28589794 0.00165071 0.09542246
v 0.28589794 0.00139455 0.09601664
v 0.28589794 0.00379298 0.09573580
v 0.28589794 0.00386823 0.09637846
v 0.28589794 0.00340648 0.09521687
v 0.28514686 -0.00970961 0.09211100
v 0.28589794 -0.01017135 0.09094941
v 0.28589794 -0.00952869 0.09087416
v 0.28589794 -0.01069028 0.09133591
v 0.28589794 -0.01094645 0.09193008
v 0.28589794 -0.00854802 0.09164925
v 0.28589794 -0.00847277 0.09229191
v 0.28589794 -0.00893451 0.09113032
v 0.28514686 -0.01234104 0.07938011
v 0.28589794 -0.01280279 0.07821852
v 0.28589794 -0.01216013 0.07814327
v 0.28589794 -0.01332172 0.07860502
v 0.28589794 -0.01357788 0.07919919
v 0.28589794 -0.01117945 0.07891836
v 0.28589794 -0.01110420 0.07956102
v 0.28589794 -0.01156595 0.07839943
v 0.28514686 -0.00263149 0.07073577
v 0.28589794 -0.00309323 0.06957418
v 0.28589794 -0.00245058 0.06949893
v 0.28589794 -0.00361217 0.06996068
v 0.28589794 -0.00386833 0.07055486
v 0.28589794 -0.00146990 0.07027403
v 0.28589794 -0.00139465 0.07091668
v 0.28589794 -0.00185639 0.06975509
v 0.28514686 0.00970951 0.07482233
v 0.28589794 0.00924776 0.07366074
v 0.28589794 0.00989042 0.07358549
v 0.28589794 0.00872883 0.07404723
v 0.28589794 0.00847267 0.07464141
v 0.28589794 0.01087109 0.07436058
v 0.28589794 0.01094634 0.07500324
v 0.28589794 0.01048460 0.07384165
v 0.28514686 0.01234094 0.08755322
v 0.28589794 0.01187920 0.08639163
v 0.28589794 0.01252185 0.08631638
v 0.28589794 0.01136026 0.08677812
v 0.28589794 0.01110410 0.08737230
v 0.28589794 0.01350253 0.08709147
v 0.28589794 0.01357778 0.08773413
v 0.28589794 0.01311604 0.08657254
v 0.28864685 -0.01731580 0.08093390
v 0.29264686 -0.01731580 0.08093390
v 0.29264686 -0.01749651 0.08381853
v 0.28864685 -0.01749651 0.08381853
v 0.29264686 -0.01719997 0.08669355
v 0.28864685 -0.01719997 0.08669355
v 0.29264686 -0.01643426 0.08948055
v 0.28864685 -0.01643426 0.08948055
v 0.29264686 -0.01522026 0.09210351
v 0.28864685 -0.01522026 0.09210351
v 0.29264686 -0.01359110 0.09449088
v 0.28864685 -0.01359110 0.09449088
v 0.29264686 -0.01195343 0.09624816
v 0.28864685 -0.01159121 0.09657754
v 0.29264686 -0.01159121 0.09657754
v 0.29264686 -0.00927514 0.09830657
v 0.28864685 -0.00927514 0.09830657
v 0.29264686 -0.00670607 0.09963080
v 0.28864685 -0.00670607 0.09963080
v 0.29264686 -0.00395408 0.10051411
v 0.28864685 -0.00395408 0.10051411
v 0.29264686 -0.00109424 0.10093242
v 0.28864685 -0.00109424 0.10093242
v 0.29264686 0.00179546 0.10087431
v 0.28864685 0.00179546 0.10087431
v 0.29264686 0.00463617 0.10034136
v 0.28864685 0.00463617 0.10034136
v 0.29264686 0.00735042 0.09934811
v 0.28864685 0.00735042 0.09934811
v 0.29264686 0.00986417 0.09792166
v 0.28864685 0.00986417 0.09792166
v 0.29264686 0.01210885 0.09610092
v 0.28864685 0.01210885 0.09610092
v 0.29264686 0.01402323 0.09393554
v 0.28864685 0.01402323 0.09393554
v 0.29264686 0.01555510 0.09148461
v 0.28864685 0.01555510 0.09148461
v 0.29264686 0.01666265 0.08881496
v 0.28864685 0.01666265 0.08881496
v 0.29264686 0.01731570 0.08599942
v 0.28864685 0.01731570 0.08599942
v 0.29264686 0.00139455 0.09601664
v 0.29264686 0.00165071 0.09542246
v 0.29264686 0.00216964 0.09503596
v 0.29264686 0.00281230 0.09496071
v 0.29264686 0.00340648 0.09521687
v 0.29264686 0.00379298 0.09573580
v 0.29264686 0.00386823 0.09637846
v 0.29264686 -0.01094645 0.09193008
v 0.29264686 -0.01069028 0.09133591
v 0.29264686 -0.01017135 0.09094941
v 0.29264686 -0.00952869 0.09087416
v 0.29264686 -0.00893451 0.09113032
v 0.29264686 -0.00854802 0.09164925
v 0.29264686 -0.00847277 0.09229191
v 0.29264686 -0.01357788 0.07919919
v 0.29264686 -0.01332172 0.07860502
v 0.29264686 -0.01280279 0.07821852
v 0.29264686 -0.01216013 0.07814327
v 0.29264686 -0.01156595 0.07839943
v 0.29264686 -0.01117945 0.07891836
v 0.29264686 -0.01110420 0.07956102
v 0.29264686 -0.00386833 0.07055486
v 0.29264686 -0.00361217 0.06996068
v 0.29264686 -0.00309323 0.06957418
v 0.29264686 -0.00245058 0.06949893
v 0.29264686 -0.00185639 0.06975509
v 0.29264686 -0.00146990 0.07027403
v 0.29264686 -0.00139465 0.07091668
v 0.29264686 0.00847267 0.07464141
v 0.29264686 0.00872883 0.07404723
v 0.29264686 0.00924776 0.07366074
v 0.29264686 0.00989042 0.07358549
v 0.29264686 0.01048460 0.07384165
v 0.29264686 0.01087109 0.07436058
v 0.29264686 0.01094634 0.07500324
v 0.29264686 0.01110410 0.08737230
v 0.29264686 0.01136026 0.08677812
v 0.29264686 0.01187920 0.08639163
v 0.29264686 0.01252185 0.08631638
v 0.29264686 0.01311604 0.08657254
v 0.29264686 0.01350253 0.08709147
v 0.29264686 0.01357778 0.08773413
v 0.28964686 -0.01421515 0.08588100
v 0.29264686 -0.01421515 0.08588100
v 0.28964686 -0.01390775 0.08516799
v 0.29264686 -0.01390775 0.08516799
v 0.28964686 -0.01328503 0.08470419
v 0.29264686 -0.01328503 0.08470419
v 0.28964686 -0.01251385 0.08461389
v 0.29264686 -0.01251385 0.08461389
v 0.28964686 -0.01180083 0.08492129
v 0.29264686 -0.01180083 0.08492129
v 0.28964686 -0.01133703 0.08554401
v 0.29264686 -0.01133703 0.08554401
v 0.28964686 -0.01124673 0.08631519
v 0.29264686 -0.01124673 0.08631519
v 0.28964686 0.00260230 0.07090858
v 0.29264686 0.00260230 0.07090858
v 0.28964686 0.00290969 0.07019556
v 0.29264686 0.00290969 0.07019556
v 0.28964686 0.00353241 0.06973176
v 0.29264686 0.00353241 0.06973176
v 0.28964686 0.00430360 0.06964146
v 0.29264686 0.00430360 0.06964146
v 0.28964686 0.00501662 0.06994886
v 0.29264686 0.00501662 0.06994886
v 0.28964686 0.00548041 0.07057157
v 0.29264686 0.00548041 0.07057157
v 0.28964686 0.00557071 0.07134277
v 0.29264686 0.00557071 0.07134277
v 0.28964686 0.00716008 0.09295912
v 0.29264686 0.00716008 0.09295912
v 0.28964686 0.00746747 0.09224611
v 0.29264686 0.00746747 0.09224611
v 0.28964686 0.00809019 0.09178231
v 0.29264686 0.00809019 0.09178231
v 0.28964686 0.00886138 0.09169201
v 0.29264686 0.00886138 0.09169201
v 0.28964686 0.00957440 0.09199940
v 0.29264686 0.00957440 0.09199940
v 0.28964686 0.01003819 0.09262212
v 0.29264686 0.01003819 0.09262212
v 0.28964686 0.01012849 0.09339331
v 0.29264686 0.01012849 0.09339331
v 0.29244685 -0.00890529 0.08216410
v 0.29264686 -0.00890529 0.08216410
v 0.29244685 -0.00839217 0.08021516
v 0.29264686 -0.00839217 0.08021516
v 0.29244685 -0.00745824 0.07842925
v 0.29264686 -0.00745824 0.07842925
v 0.29244685 -0.00615031 0.07689595
v 0.29264686 -0.00615031 0.07689595
v 0.29244685 -0.00453399 0.07569213
v 0.29264686 -0.00453399 0.07569213
v 0.29244685 -0.00269032 0.07487816
v 0.29264686 -0.00269032 0.07487816
v 0.29244685 -0.00071175 0.07449485
v 0.29264686 -0.00071175 0.07449485
v 0.29244685 0.00130251 0.07456142
v 0.29264686 0.00130251 0.07456142
v 0.29244685 0.00325146 0.07507454
v 0.29264686 0.00325146 0.07507454
v 0.29244685 0.00503736 0.07600848
v 0.29264686 0.00503736 0.07600848
v 0.29244685 0.00657066 0.07731640
v 0.29264686 0.00657066 0.07731640
v 0.29244685 0.00777448 0.07893272
v 0.29264686 0.00777448 0.07893272
v 0.29244685 0.00858846 0.08077639
v 0.29264686 0.00858846 0.08077639
v 0.29244685 0.00897177 0.08275496
v 0.29264686 0.00897177 0.08275496
v 0.29244685 0.00890519 0.08476923
v 0.29264686 0.00890519 0.08476923
v 0.28794685 -0.00376004 0.08291669
v 0.28814685 -0.00394312 0.08413913
v 0.28794685 -0.00374596 0.08410551
v 0.28814685 -0.00354233 0.08532470
v 0.28794685 -0.00336521 0.08523180
v 0.28814685 -0.00279479 0.08632838
v 0.28794685 -0.00265505 0.08618529
v 0.28814685 -0.00177369 0.08705194
v 0.28794685 -0.00168500 0.08687267
v 0.28814685 -0.00057897 0.08742455
v 0.28794685 -0.00055002 0.08722665
v 0.28814685 0.00067242 0.08740973
v 0.28794685 0.00063880 0.08721258
v 0.28814685 0.00185798 0.08700894
v 0.28794685 0.00176508 0.08683182
v 0.28814685 0.00286167 0.08626140
v 0.28794685 0.00271858 0.08612166
v 0.28814685 0.00358523 0.08524030
v 0.28794685 0.00340596 0.08515162
v 0.28794685 0.00375994 0.08401664
v 0.28794685 0.00077434 0.08283396
v 0.28904977 0.00079142 0.08285546
v 0.28794685 0.00098170 0.08327647
v 0.28931209 0.00086919 0.08297228
v 0.28991759 0.00075058 0.08280594
v 0.29194686 0.00077434 0.08283396
v 0.28967866 0.00085066 0.08294103
v 0.29194686 0.00098170 0.08327647
v 0.28944686 0.00087836 0.08298876
v 0.28864700 0.00015964 0.08247949
v 0.28794685 0.00038206 0.08254255
v 0.28867120 -0.00005211 0.08246802
v 0.28794685 -0.00010148 0.08247182
v 0.28867131 0.00033621 0.08252490
v 0.28869429 0.00040781 0.08255362
v 0.28882876 0.00062729 0.08268791
v 0.28897613 -0.00052999 0.08261862
v 0.28885713 -0.00041322 0.08255601
v 0.28794685 -0.00056079 0.08263867
v 0.28878817 -0.00032056 0.08251942
v 0.28868490 -0.00010104 0.08247177
v 0.29194686 -0.00056079 0.08263867
v 0.28984269 -0.00058411 0.08265495
v 0.29194686 -0.00088619 0.08300325
v 0.28958037 -0.00069153 0.08274427
v 0.28921506 -0.00066458 0.08271939
v 0.28794685 -0.00088619 0.08300325
v 0.28944686 -0.00070479 0.08275720
v 0.29024670 0.00012834 0.08247494
v 0.29194686 -0.00010148 0.08247182
v 0.29022250 0.00033584 0.08252476
v 0.29194686 0.00038206 0.08254255
v 0.29022241 -0.00005251 0.08246804
v 0.29019895 -0.00013066 0.08247523
v 0.29006404 -0.00037927 0.08254135
v 0.29003659 0.00065664 0.08271250
v 0.29010603 0.00057770 0.08265045
v 0.29020923 0.00038037 0.08254185
v 0.29194686 -0.00098952 0.08332194
v 0.28794685 -0.00098952 0.08332194
v 0.29194686 0.00098942 0.08361139
v 0.28794685 0.00098942 0.08361139
v 0.28885639 -0.00003959 0.08746645
v 0.28874922 -0.00018873 0.08746208
v 0.28868449 0.00009956 0.08446169
v 0.28867120 0.00005199 0.08446531
v 0.28944686 0.00070469 0.08417613
v 0.28944686 0.00022431 0.08746036
v 0.28921506 0.00066448 0.08421393
v 0.28915471 0.00016806 0.08746313
v 0.28897613 0.00052989 0.08431470
v 0.28893039 0.00003233 0.08746659
v 0.28885713 0.00041313 0.08437731
v 0.28878769 0.00031973 0.08441415
v 0.28867114 -0.00038475 0.08744808
v 0.28865466 -0.00046839 0.08743911
v 0.28864703 -0.00016108 0.08445361
v 0.28866142 -0.00072883 0.08739967
v 0.28867131 -0.00033633 0.08440842
v 0.28876176 -0.00098459 0.08734345
v 0.28869477 -0.00040914 0.08437915
v 0.28885639 -0.00110774 0.08731021
v 0.28882968 -0.00062840 0.08424459
v 0.28896278 -0.00120182 0.08728199
v 0.28905103 -0.00079212 0.08407709
v 0.28918254 -0.00131569 0.08724412
v 0.28923637 -0.00133178 0.08723851
v 0.28931335 -0.00086947 0.08396074
v 0.28944686 -0.00135885 0.08722880
v 0.28944686 -0.00087846 0.08394456
v 0.28918257 0.00131577 0.07968803
v 0.28922731 0.00132941 0.07969292
v 0.28944686 0.00135875 0.07970452
v 0.28898245 0.00121574 0.07965544
v 0.28885636 0.00110763 0.07962313
v 0.28879568 0.00103473 0.07960326
v 0.28866854 0.00076118 0.07954066
v 0.28865454 0.00046906 0.07949474
v 0.28867114 0.00038454 0.07948613
v 0.28874382 0.00019834 0.07947249
v 0.28885639 0.00003947 0.07946690
v 0.28891620 -0.00002002 0.07946664
v 0.28918007 -0.00017761 0.07946943
v 0.28944686 -0.00022441 0.07947296
v 0.29244685 -0.00816319 0.08227265
v 0.29264686 -0.00816319 0.08227265
v 0.29244685 -0.00780142 0.08133893
v 0.29264686 -0.00780142 0.08133893
v 0.29244685 -0.00707036 0.08065465
v 0.29264686 -0.00707036 0.08065465
v 0.29244685 -0.00611480 0.08035533
v 0.29264686 -0.00611480 0.08035533
v 0.29244685 -0.00512400 0.08050026
v 0.29264686 -0.00512400 0.08050026
v 0.29244685 -0.00429420 0.08106072
v 0.29264686 -0.00429420 0.08106072
v 0.29244685 -0.00378975 0.08192572
v 0.29264686 -0.00378975 0.08192572
v 0.29244685 -0.00371057 0.08292393
v 0.29264686 -0.00371057 0.08292393
v 0.29129687 -0.00484846 0.08275749
v 0.29129687 -0.00488717 0.08226947
v 0.29129687 -0.00491468 0.08219195
v 0.29129687 -0.00513379 0.08184659
v 0.29129687 -0.00525480 0.08173529
v 0.29129687 -0.00553947 0.08157258
v 0.29129687 -0.00577768 0.08150987
v 0.29129687 -0.00602386 0.08150173
v 0.29129687 -0.00634321 0.08157609
v 0.29129687 -0.00649103 0.08164807
v 0.29129687 -0.00702530 0.08243909
v 0.29129687 -0.00684843 0.08198261
v 0.29129687 -0.00679987 0.08191621
v 0.29094687 -0.00702530 0.08243909
v 0.29094687 -0.00679987 0.08191621
v 0.29094687 -0.00634321 0.08157609
v 0.29094687 -0.00577768 0.08150987
v 0.29094687 -0.00525480 0.08173529
v 0.29094687 -0.00491468 0.08219195
v 0.29094687 -0.00484846 0.08275749
v 0.29244685 0.00371047 0.08400939
v 0.29264686 0.00371047 0.08400939
v 0.29244685 0.00407223 0.08307569
v 0.29264686 0.00407223 0.08307569
v 0.29244685 0.00480329 0.08239140
v 0.29264686 0.00480329 0.08239140
v 0.29244685 0.00575885 0.08209208
v 0.29264686 0.00575885 0.08209208
v 0.29244685 0.00674965 0.08223701
v 0.29264686 0.00674965 0.08223701
v 0.29244685 0.00757946 0.08279747
v 0.29264686 0.00757946 0.08279747
v 0.29244685 0.00808390 0.08366247
v 0.29264686 0.00808390 0.08366247
v 0.29244685 0.00816309 0.08466068
v 0.29264686 0.00816309 0.08466068
v 0.29129687 0.00702520 0.08449424
v 0.29129687 0.00698648 0.08400623
v 0.29129687 0.00695898 0.08392870
v 0.29129687 0.00673986 0.08358334
v 0.29129687 0.00661886 0.08347204
v 0.29129687 0.00633418 0.08330933
v 0.29129687 0.00609598 0.08324662
v 0.29129687 0.00584979 0.08323848
v 0.29129687 0.00553044 0.08331284
v 0.29129687 0.00538263 0.08338482
v 0.29129687 0.00484836 0.08417583
v 0.29129687 0.00502522 0.08371935
v 0.29129687 0.00507378 0.08365296
v 0.29094687 0.00484836 0.08417583
v 0.29094687 0.00507378 0.08365296
v 0.29094687 0.00553044 0.08331284
v 0.29094687 0.00609598 0.08324662
v 0.29094687 0.00661886 0.08347204
v 0.29094687 0.00695898 0.08392870
v 0.29094687 0.00702520 0.08449424
v 0.29264686 0.00127357 0.07475931
v 0.29264686 0.00317920 0.07526103
v 0.29264686 0.00492541 0.07617421
v 0.29264686 0.00642465 0.07745307
v 0.29264686 0.00760171 0.07903347
v 0.29264686 0.00839760 0.08083618
v 0.29264686 0.00877239 0.08277078
v 0.29264686 0.00870730 0.08474028
v 0.29244685 0.00839207 0.08671817
v 0.29264686 0.00820558 0.08664592
v 0.29244685 0.00745814 0.08850407
v 0.29264686 0.00729240 0.08839213
v 0.29244685 0.00615021 0.09003738
v 0.29264686 0.00601354 0.08989136
v 0.29244685 0.00453389 0.09124120
v 0.29264686 0.00443314 0.09106842
v 0.29244685 0.00269022 0.09205517
v 0.29264686 0.00263044 0.09186431
v 0.29244685 0.00071165 0.09243848
v 0.29264686 0.00069583 0.09223910
v 0.29244685 -0.00130261 0.09237190
v 0.29264686 -0.00127367 0.09217401
v 0.29244685 -0.00325156 0.09185878
v 0.29264686 -0.00317930 0.09167229
v 0.29244685 -0.00503746 0.09092484
v 0.29264686 -0.00492552 0.09075911
v 0.29244685 -0.00657076 0.08961692
v 0.29264686 -0.00642475 0.08948025
v 0.29244685 -0.00777458 0.08800060
v 0.29264686 -0.00760182 0.08789985
v 0.29244685 -0.00858856 0.08615693
v 0.29264686 -0.00839770 0.08609715
v 0.29244685 -0.00897187 0.08417836
v 0.29264686 -0.00877249 0.08416255
v 0.29264686 -0.00870740 0.08219305
v 0.29264686 -0.00820568 0.08028741
v 0.29264686 -0.00729250 0.07854120
v 0.29264686 -0.00601364 0.07704197
v 0.29264686 -0.00443324 0.07586490
v 0.29264686 -0.00263054 0.07506901
v 0.29264686 -0.00069593 0.07469422
v 0.29264686 0.00378965 0.08500761
v 0.29264686 -0.00407233 0.08385764
v 0.29264686 0.00429410 0.08587261
v 0.29264686 -0.00575895 0.08484124
v 0.29264686 -0.00674976 0.08469632
v 0.29264686 -0.00757956 0.08413585
v 0.29264686 -0.00808400 0.08327086
v 0.29264686 -0.00480339 0.08454192
v 0.29264686 0.00780132 0.08559439
v 0.29264686 0.00707026 0.08627867
v 0.29264686 0.00611470 0.08657799
v 0.29264686 0.00512390 0.08643307
v 0.29129687 0.00684833 0.08495072
v 0.29094687 0.00679977 0.08501712
v 0.29129687 0.00679977 0.08501712
v 0.29129687 0.00649093 0.08528526
v 0.29094687 0.00634311 0.08535723
v 0.29129687 0.00634311 0.08535723
v 0.29094687 0.00577758 0.08542345
v 0.29129687 0.00602376 0.08543159
v 0.29129687 0.00577758 0.08542345
v 0.29129687 0.00553937 0.08536074
v 0.29094687 0.00525470 0.08519804
v 0.29129687 0.00525470 0.08519804
v 0.29129687 0.00513369 0.08508673
v 0.29094687 0.00491458 0.08474138
v 0.29129687 0.00488707 0.08466385
v 0.29129687 0.00491458 0.08474138
v 0.29244685 0.00378965 0.08500761
v 0.29244685 0.00429410 0.08587261
v 0.29244685 0.00512390 0.08643307
v 0.29244685 0.00611470 0.08657799
v 0.29244685 0.00707026 0.08627867
v 0.29244685 0.00780132 0.08559439
v 0.29129687 -0.00502532 0.08321397
v 0.29094687 -0.00507388 0.08328037
v 0.29129687 -0.00507388 0.08328037
v 0.29129687 -0.00538273 0.08354851
v 0.29094687 -0.00553054 0.08362049
v 0.29129687 -0.00553054 0.08362049
v 0.29094687 -0.00609608 0.08368670
v 0.29129687 -0.00584989 0.08369485
v 0.29129687 -0.00609608 0.08368670
v 0.29129687 -0.00633428 0.08362399
v 0.29094687 -0.00661896 0.08346128
v 0.29129687 -0.00661896 0.08346128
v 0.29129687 -0.00673997 0.08334999
v 0.29094687 -0.00695908 0.08300462
v 0.29129687 -0.00698658 0.08292710
v 0.29129687 -0.00695908 0.08300462
v 0.29244685 -0.00808400 0.08327086
v 0.29244685 -0.00757956 0.08413585
v 0.29244685 -0.00674976 0.08469632
v 0.29244685 -0.00575895 0.08484124
v 0.29244685 -0.00480339 0.08454192
v 0.29244685 -0.00407233 0.08385764
v 0.28971118 -0.00017866 0.07947064
v 0.28965735 -0.00019569 0.07947142
v 0.28993091 -0.00005873 0.07946698
v 0.29003733 0.00003949 0.07946688
v 0.29013196 0.00016701 0.07947030
v 0.29023230 0.00042815 0.07948969
v 0.29023904 0.00068898 0.07952649
v 0.29022259 0.00077169 0.07954185
v 0.29014447 0.00096350 0.07958458
v 0.29003733 0.00110765 0.07962312
v 0.28996333 0.00117659 0.07964358
v 0.28973901 0.00130565 0.07968576
v 0.28971362 -0.00131503 0.08724558
v 0.29003730 -0.00110776 0.08731018
v 0.29014990 -0.00095395 0.08735032
v 0.29020879 -0.00038175 0.08439095
v 0.29022250 -0.00033596 0.08440856
v 0.29010555 -0.00057844 0.08428243
v 0.29003659 -0.00065673 0.08422083
v 0.28997749 -0.00116483 0.08729339
v 0.28991759 -0.00075067 0.08412739
v 0.28967866 -0.00085076 0.08399229
v 0.29022259 -0.00077164 0.08739059
v 0.29023916 -0.00068819 0.08740655
v 0.29024673 -0.00012979 0.08445821
v 0.29022518 -0.00039516 0.08744621
v 0.29022241 0.00005239 0.08446529
v 0.29009801 -0.00011513 0.08746459
v 0.29019943 0.00012921 0.08445827
v 0.29003733 -0.00003960 0.08746643
v 0.29006496 0.00037796 0.08439247
v 0.28991127 0.00007323 0.08746644
v 0.28984395 0.00058320 0.08427895
v 0.28971112 0.00017841 0.08746386
v 0.28966638 0.00019287 0.08746309
v 0.28958163 0.00069118 0.08418930
v 0.29194686 0.00056069 0.08429465
v 0.29194686 0.00088609 0.08393007
v 0.28794685 0.00056069 0.08429465
v 0.28794685 0.00088609 0.08393007
v 0.29194686 0.00010138 0.08446150
v 0.29194686 -0.00038216 0.08439078
v 0.29194686 -0.00077444 0.08409937
v 0.28794685 -0.00077444 0.08409937
v 0.28794685 -0.00098180 0.08365685
v 0.29194686 -0.00098180 0.08365685
v 0.28794685 -0.00038216 0.08439078
v 0.28794685 0.00010138 0.08446150
v 0.28794685 0.00374586 0.08282781
v 0.28794685 0.00336511 0.08170153
v 0.28794685 0.00265495 0.08074803
v 0.28794685 0.00168490 0.08006065
v 0.28794685 0.00054992 0.07970667
v 0.28794685 -0.00063890 0.07972075
v 0.28794685 -0.00176518 0.08010150
v 0.28794685 -0.00271868 0.08081166
v 0.28794685 -0.00340606 0.08178171
v 0.29264686 0.00839207 0.08671817
v 0.29264686 0.00745814 0.08850407
v 0.29264686 0.00615021 0.09003738
v 0.29264686 0.00453389 0.09124120
v 0.29264686 0.00269022 0.09205517
v 0.29264686 0.00071165 0.09243848
v 0.29264686 -0.00130261 0.09237190
v 0.29264686 -0.00325156 0.09185878
v 0.29264686 -0.00503746 0.09092484
v 0.29264686 -0.00657076 0.08961692
v 0.29264686 -0.00777458 0.08800060
v 0.29264686 -0.00858856 0.08615693
v 0.29264686 -0.00897187 0.08417836
v 0.29264686 -0.00179556 0.06605902
v 0.29264686 0.00109414 0.06600090
v 0.29264686 0.00089686 0.06956048
v 0.29264686 0.01159111 0.07035579
v 0.29264686 0.01195333 0.07068516
v 0.29264686 0.01167104 0.07189784
v 0.29264686 0.01344837 0.07226890
v 0.29264686 0.01302799 0.07219222
v 0.29264686 0.01312017 0.07188608
v 0.29264686 0.00664107 0.09508370
v 0.29264686 0.00799803 0.09537808
v 0.29264686 0.00771417 0.09435303
v 0.29264686 0.00842719 0.09466042
v 0.29264686 0.00682486 0.09423651
v 0.29264686 -0.00413310 0.09274634
v 0.29264686 0.00874950 0.08536480
v 0.29264686 -0.00874960 0.08156852
v 0.29264686 -0.00681434 0.07264785
v 0.29264686 0.00530577 0.07527721
v 0.29264686 -0.00008941 0.07410677
v 0.29264686 0.01068476 0.07644413
v 0.29264686 0.00703012 0.07565129
v 0.29264686 0.00769721 0.09021539
v 0.29264686 0.00317022 0.09344367
v 0.29264686 0.00144588 0.09306958
v 0.29264686 -0.00394931 0.09189915
v 0.29264686 -0.01067424 0.09044024
v 0.29264686 -0.00942781 0.08469477
v 0.29264686 -0.00980189 0.08641911
v 0.29264686 0.00126209 0.09391677
v 0.29264686 0.00146980 0.09665930
v 0.29264686 0.00185629 0.09717823
v 0.29264686 0.00245047 0.09743439
v 0.29264686 0.00309313 0.09735914
v 0.29264686 0.00361206 0.09697264
v 0.29264686 0.00298643 0.09429085
v 0.29264686 -0.00872893 0.09288609
v 0.29264686 -0.01085803 0.09128742
v 0.29264686 -0.00989052 0.09334784
v 0.29264686 -0.00924786 0.09327259
v 0.29264686 -0.01087120 0.09257274
v 0.29264686 -0.01048470 0.09309167
v 0.29264686 -0.01350263 0.07984185
v 0.29264686 -0.01311614 0.08036079
v 0.29264686 -0.01346701 0.08054513
v 0.29264686 -0.01252195 0.08061695
v 0.29264686 -0.00947153 0.08141191
v 0.29264686 -0.01187930 0.08054170
v 0.29264686 -0.00753627 0.07249124
v 0.29264686 -0.01136036 0.08015520
v 0.29264686 -0.01666275 0.07811837
v 0.29264686 -0.01555520 0.07544872
v 0.29264686 -0.01402334 0.07299778
v 0.29264686 -0.01153175 0.07162446
v 0.29264686 -0.00379308 0.07119752
v 0.29264686 -0.00611115 0.06940646
v 0.29264686 0.00061378 0.07086537
v 0.29264686 -0.00165081 0.07151087
v 0.29264686 -0.00340658 0.07171645
v 0.29264686 -0.00281240 0.07197261
v 0.29264686 -0.00216974 0.07189737
v 0.29264686 -0.00582806 0.06810156
v 0.29264686 -0.01414522 0.08367137
v 0.29264686 -0.01451930 0.08539572
v 0.29264686 -0.01539165 0.08941683
v 0.29264686 -0.01412485 0.08665220
v 0.29264686 -0.01366105 0.08727491
v 0.29264686 -0.01294803 0.08758231
v 0.29264686 -0.01139617 0.09028362
v 0.29264686 -0.01217685 0.08749200
v 0.29264686 -0.01155413 0.08702821
v 0.29264686 -0.01052382 0.08626249
v 0.29264686 -0.01014974 0.08453815
v 0.29264686 0.00629205 0.07073092
v 0.29264686 0.00670597 0.06730253
v 0.29264686 0.00395398 0.06641921
v 0.29264686 0.00464060 0.07251958
v 0.29264686 0.00600897 0.07203581
v 0.29264686 0.00526332 0.07205578
v 0.29264686 0.00269260 0.07167976
v 0.29264686 0.00315639 0.07230248
v 0.29264686 0.00386941 0.07260988
v 0.29264686 0.00725038 0.09373032
v 0.29264686 0.00919838 0.09457012
v 0.29264686 0.00982110 0.09410633
v 0.29264686 0.00905416 0.09050976
v 0.29264686 -0.01557544 0.09026402
v 0.29264686 0.01010645 0.08565918
v 0.29264686 0.00942824 0.08878542
v 0.29264686 0.01117935 0.08801496
v 0.29264686 0.01156585 0.08853389
v 0.29264686 0.01216003 0.08879005
v 0.29264686 0.01332162 0.08832831
v 0.29264686 0.01280269 0.08871481
v 0.29264686 0.01643416 0.07745277
v 0.29264686 0.01719987 0.08023977
v 0.29264686 0.01749641 0.08311480
v 0.29264686 0.01204171 0.07673851
v 0.29264686 0.01274491 0.07349711
v 0.29264686 0.01522016 0.07482982
v 0.29264686 0.01359100 0.07244244
v 0.29264686 -0.00463627 0.06659196
v 0.29264686 -0.00683308 0.06924984
v 0.29264686 -0.00735052 0.06758521
v 0.29264686 -0.00654999 0.06794495
v 0.29264686 -0.00759783 0.06770203
v 0.29264686 -0.00986428 0.06901166
v 0.29264686 -0.01210895 0.07083241
v 0.29264686 -0.01157996 0.09113081
v 0.29264686 0.00927504 0.06862676
v 0.29264686 0.00801639 0.07110500
v 0.29264686 0.00773331 0.07240989
v 0.29264686 0.00851666 0.07519598
v 0.29264686 0.01033922 0.07590213
v 0.29264686 0.01074536 0.07552197
v 0.29264686 0.01138795 0.07320273
v 0.29264686 0.00879691 0.07567653
v 0.29264686 0.00925791 0.07598790
v 0.29264686 0.00980835 0.07606841
v 0.29264686 0.00807129 0.08849104
v 0.28964686 0.00982110 0.09410633
v 0.28964686 0.00919838 0.09457012
v 0.28964686 0.00842719 0.09466042
v 0.28964686 0.00771417 0.09435303
v 0.28964686 0.00725038 0.09373032
v 0.28964686 0.00526332 0.07205578
v 0.28964686 0.00464060 0.07251958
v 0.28964686 0.00386941 0.07260988
v 0.28964686 0.00315639 0.07230248
v 0.28964686 0.00269260 0.07167976
v 0.28964686 -0.01155413 0.08702821
v 0.28964686 -0.01217685 0.08749200
v 0.28964686 -0.01294803 0.08758231
v 0.28964686 -0.01366105 0.08727491
v 0.28964686 -0.01412485 0.08665220
v 0.28589794 0.01332162 0.08832831
v 0.28589794 0.01280269 0.08871481
v 0.28589794 0.01216003 0.08879005
v 0.28589794 0.01156585 0.08853389
v 0.28589794 0.01117935 0.08801496
v 0.28589794 0.01074536 0.07552197
v 0.28589794 0.01033922 0.07590213
v 0.28589794 0.00980835 0.07606841
v 0.28589794 0.00925791 0.07598790
v 0.28589794 0.00879691 0.07567653
v 0.28589794 0.00851666 0.07519598
v 0.28589794 -0.00165081 0.07151087
v 0.28589794 -0.00216974 0.07189737
v 0.28589794 -0.00281240 0.07197261
v 0.28589794 -0.00340658 0.07171645
v 0.28589794 -0.00379308 0.07119752
v 0.28589794 -0.01136036 0.08015520
v 0.28589794 -0.01187930 0.08054170
v 0.28589794 -0.01252195 0.08061695
v 0.28589794 -0.01311614 0.08036079
v 0.28589794 -0.01350263 0.07984185
v 0.28589794 -0.00872893 0.09288609
v 0.28589794 -0.00924786 0.09327259
v 0.28589794 -0.00989052 0.09334784
v 0.28589794 -0.01048470 0.09309167
v 0.28589794 -0.01087120 0.09257274
v 0.28589794 0.00361206 0.09697264
v 0.28589794 0.00309313 0.09735914
v 0.28589794 0.00245047 0.09743439
v 0.28589794 0.00185629 0.09717823
v 0.28589794 0.00146980 0.09665930
v 0.28864685 0.01749641 0.08311480
v 0.28864685 0.01719987 0.08023977
v 0.28864685 0.01643416 0.07745277
v 0.28864685 0.01522016 0.07482982
v 0.28864685 0.01359100 0.07244244
v 0.28864685 0.01159111 0.07035579
v 0.28864685 0.00927504 0.06862676
v 0.28864685 0.00670597 0.06730253
v 0.28864685 0.00395398 0.06641921
v 0.28864685 0.00109414 0.06600090
v 0.28864685 -0.00179556 0.06605902
v 0.28864685 -0.00463627 0.06659196
v 0.28864685 -0.00735052 0.06758521
v 0.28864685 -0.00986428 0.06901166
v 0.28864685 -0.01210895 0.07083241
v 0.28864685 -0.01402334 0.07299778
v 0.28864685 -0.01555520 0.07544872
v 0.28864685 -0.01666275 0.07811837
v 0.28864685 -0.00437135 0.06755623
v 0.28864685 -0.00693050 0.06849272
v 0.28864685 -0.00930061 0.06983766
v 0.28864685 -0.01141702 0.07155436
v 0.28864685 -0.01322200 0.07359600
v 0.28864685 -0.01466633 0.07590689
v 0.28864685 -0.01571060 0.07842398
v 0.28864685 0.01649661 0.08313490
v 0.28864685 0.01621702 0.08042417
v 0.28864685 0.01549506 0.07779642
v 0.28864685 0.01435043 0.07532335
v 0.28864685 0.01281437 0.07307240
v 0.28864685 0.01092876 0.07110498
v 0.28864685 0.00874504 0.06947476
v 0.28864685 0.00632277 0.06822620
v 0.28864685 0.00372804 0.06739335
v 0.28864685 0.00103161 0.06699894
v 0.28864685 -0.00169296 0.06705374
v 0.28764686 -0.01571060 0.07842398
v 0.28764686 -0.01466633 0.07590689
v 0.28764686 -0.01322200 0.07359600
v 0.28764686 -0.01141702 0.07155436
v 0.28764686 -0.00930061 0.06983766
v 0.28764686 -0.00693050 0.06849272
v 0.28764686 -0.00437135 0.06755623
v 0.28764686 -0.00169296 0.06705374
v 0.28764686 0.00103161 0.06699894
v 0.28764686 0.00372804 0.06739335
v 0.28764686 0.00632277 0.06822620
v 0.28764686 0.00874504 0.06947476
v 0.28764686 0.01092876 0.07110498
v 0.28764686 0.01281437 0.07307240
v 0.28764686 0.01435043 0.07532335
v 0.28764686 0.01549506 0.07779642
v 0.28764686 0.01621702 0.08042417
v 0.28764686 0.01649661 0.08313490
v 0.28804687 -0.00394312 0.08413913
v 0.28804687 -0.00354233 0.08532470
v 0.28804687 -0.00279479 0.08632838
v 0.28804687 -0.00177369 0.08705194
v 0.28804687 -0.00057897 0.08742455
v 0.28804687 0.00067242 0.08740973
v 0.28804687 0.00185798 0.08700894
v 0.28804687 0.00286167 0.08626140
v 0.28804687 0.00358523 0.08524030
v 0.28804687 -0.00495088 0.08416616
v 0.28804687 -0.00455326 0.08553264
v 0.28804687 -0.00378677 0.08673174
v 0.28804687 -0.00271351 0.08766633
v 0.28804687 -0.00142041 0.08826067
v 0.28804687 -0.00001225 0.08846664
v 0.28804687 0.00139690 0.08826755
v 0.28804687 0.00269288 0.08767951
v 0.28804687 0.00377070 0.08675017
v 0.28804687 0.00454303 0.08555482
v 0.28754684 -0.00495088 0.08416616
v 0.28754684 -0.00455326 0.08553264
v 0.28754684 -0.00378677 0.08673174
v 0.28754684 -0.00271351 0.08766633
v 0.28754684 -0.00142041 0.08826067
v 0.28754684 -0.00001225 0.08846664
v 0.28754684 0.00139690 0.08826755
v 0.28754684 0.00269288 0.08767951
v 0.28754684 0.00377070 0.08675017
v 0.28754684 0.00454303 0.08555482
v 0.29094687 -0.00605266 0.08338986
v 0.29094687 -0.00643294 0.08322592
v 0.29094687 -0.00668030 0.08289380
v 0.29094687 -0.00530924 0.08309434
v 0.29094687 -0.00564136 0.08334170
v 0.28742754 -0.00664384 0.08297272
v 0.28742754 -0.00649341 0.08317298
v 0.28754684 -0.00649341 0.08317298
v 0.28754684 -0.00530924 0.08309434
v 0.28754684 -0.00564136 0.08334170
v 0.28754684 -0.00605266 0.08338986
v 0.28754684 -0.00643294 0.08322592
v 0.28742754 -0.00668030 0.08289380
v 0.28742754 -0.00673516 0.08265068
v 0.29094687 0.00623229 0.08507846
v 0.29094687 0.00582099 0.08512662
v 0.29094687 0.00544072 0.08496267
v 0.29094687 0.00519336 0.08463056
v 0.29094687 0.00656441 0.08483110
v 0.28754684 0.00630540 0.08504505
v 0.28754684 0.00519336 0.08463056
v 0.28754684 0.00544072 0.08496267
v 0.28754684 0.00582099 0.08512662
v 0.28754684 0.00623229 0.08507846
v 0.28754684 -0.00649572 0.08322952
v 0.28754684 -0.00632987 0.08494431
v 0.28754684 -0.00336410 0.08902843
v 0.28754684 -0.00571935 0.08655529
v 0.28754684 -0.00470705 0.08794931
v 0.28754684 0.00163012 0.08975893
v 0.28754684 0.00322588 0.08910965
v 0.28754684 0.00459503 0.08806397
v 0.28754684 0.00564138 0.08669534
v 0.28754684 0.00629142 0.08509988
v 0.28754684 -0.00008017 0.08996617
v 0.28754684 -0.00178482 0.08971683
v 0.28728008 -0.00646294 0.08277308
v 0.28414685 -0.00649572 0.08322952
v 0.28414685 0.00629142 0.08509988
v 0.28414685 -0.00632987 0.08494431
v 0.28414685 -0.00571935 0.08655529
v 0.28414685 -0.00470705 0.08794931
v 0.28414685 -0.00336410 0.08902843
v 0.28414685 -0.00178482 0.08971683
v 0.28414685 -0.00008017 0.08996617
v 0.28414685 0.00163012 0.08975893
v 0.28414685 0.00322588 0.08910965
v 0.28414685 0.00459503 0.08806397
v 0.28414685 0.00564138 0.08669534
v 0.28414685 -0.00481499 0.07476018
v 0.28414685 -0.00439648 0.07485098
v 0.28414685 -0.00345162 0.07049560
v 0.28414685 0.00426580 0.09268425
v 0.28414685 0.00468431 0.09277505
v 0.28414685 0.00562554 0.08843644
v 0.28414685 -0.01346859 0.08429413
v 0.28414685 0.00432958 0.09441023
v 0.28414685 0.00391106 0.09431943
v 0.28414685 0.00779832 0.09516274
v 0.28414685 0.00815306 0.09352756
v 0.28414685 -0.00317653 0.06880685
v 0.28414685 -0.00356114 0.06889550
v 0.28414685 -0.00387013 0.07040481
v 0.28414685 -0.00554100 0.06952758
v 0.28414685 -0.00551348 0.07354349
v 0.28414685 -0.00606393 0.07346298
v 0.28414685 -0.00828374 0.07400767
v 0.28414685 0.00550923 0.09295401
v 0.28414685 -0.01306339 0.08935579
v 0.28414685 -0.01348223 0.08847483
v 0.28414685 0.00494270 0.07231667
v 0.28414685 0.00520702 0.08834564
v 0.28414685 0.00757132 0.07744728
v 0.28414685 0.00798984 0.07753807
v 0.28414685 0.00399783 0.07667205
v 0.28414685 -0.00676497 0.08374869
v 0.28414685 -0.00640247 0.08207771
v 0.28414685 -0.00770200 0.09008795
v 0.28414685 -0.00676078 0.08574934
v 0.28414685 0.00069231 0.09190902
v 0.28414685 -0.00043939 0.06847310
v 0.28414685 -0.00303632 0.06877717
v 0.28414685 -0.00309155 0.06883586
v 0.28414685 0.00530276 0.07065693
v 0.28414685 0.00471520 0.06922705
v 0.28414685 0.00217089 0.06862459
v 0.28414685 0.00386914 0.07297287
v 0.28414685 0.00321553 0.07369696
v 0.28414685 -0.00070162 0.07230431
v 0.28414685 -0.00028278 0.07318526
v 0.28414685 0.00233458 0.07411580
v 0.28414685 0.00136040 0.07416563
v 0.28414685 0.00044131 0.07383887
v 0.28414685 -0.00717929 0.08565854
v 0.28414685 -0.00812052 0.08999716
v 0.28414685 -0.01064804 0.08490603
v 0.28414685 -0.01044603 0.09028632
v 0.28414685 -0.01142021 0.09033616
v 0.28414685 -0.01194400 0.09087982
v 0.28414685 -0.01233930 0.09000940
v 0.28414685 -0.00891147 0.08914340
v 0.28414685 -0.00956508 0.08986748
v 0.28414685 -0.00847526 0.09163234
v 0.28414685 0.01082932 0.09285055
v 0.28414685 0.00994836 0.09326939
v 0.28414685 0.00897419 0.09331923
v 0.28414685 0.01148293 0.09212647
v 0.28414685 0.00645046 0.08861540
v 0.28414685 0.00686478 0.08670555
v 0.28414685 0.00805509 0.09299247
v 0.28414685 0.00733101 0.09233886
v 0.28414685 0.00691216 0.09145791
v 0.28414685 0.00784735 0.07379675
v 0.28414685 0.00570508 0.07348340
v 0.28414685 0.00732842 0.07418325
v 0.28414685 0.00668576 0.07425850
v 0.28414685 0.00609158 0.07400233
v 0.28414685 0.00887625 0.07143217
v 0.28414685 0.00543132 0.09587276
v 0.28414685 0.00483713 0.09561660
v 0.28414685 0.00445064 0.09509767
v 0.28414685 0.00659291 0.09541102
v 0.28414685 0.00607397 0.09579751
v 0.28414685 -0.01149837 0.08351750
v 0.28414685 -0.01023372 0.08299618
v 0.28414685 -0.00987121 0.08132520
v 0.28414685 -0.01364064 0.08320416
v 0.28414685 -0.01325414 0.08372308
v 0.28414685 -0.01265996 0.08397925
v 0.28414685 -0.01201731 0.08390400
v 0.28414685 -0.01423966 0.07875141
v 0.28414685 -0.01269176 0.08071331
v 0.28414685 -0.01320453 0.07635036
v 0.28414685 -0.01176819 0.07416554
v 0.28414685 -0.00997428 0.07226333
v 0.28414685 -0.00787731 0.07070152
v 0.28414685 -0.00652493 0.07315160
v 0.28414685 -0.00680518 0.07267106
v 0.28414685 -0.00457647 0.07299704
v 0.28414685 -0.00498261 0.07337720
v 0.28414685 0.00926442 0.07166965
v 0.28414685 0.00892422 0.07141024
v 0.28414685 0.00889828 0.07139108
v 0.28414685 0.00711625 0.07026219
v 0.28414685 0.01120328 0.07349243
v 0.28414685 0.00930107 0.07169852
v 0.28414685 0.00975962 0.07336166
v 0.28414685 0.00893470 0.07318270
v 0.28414685 0.00851618 0.07309191
v 0.28414685 0.01345963 0.08496601
v 0.28414685 0.01294070 0.08535250
v 0.28414685 0.01229804 0.08542775
v 0.28414685 0.00950861 0.08727910
v 0.28414685 0.00987111 0.08560812
v 0.28414685 0.01170386 0.08517160
v 0.28414685 0.01131736 0.08465266
v 0.28414685 0.01145859 0.07829059
v 0.28414685 0.01393903 0.07792571
v 0.28414685 0.01468944 0.08043039
v 0.28414685 0.01499351 0.08302732
v 0.28414685 0.00033757 0.09354420
v 0.28414685 -0.00805674 0.09172313
v 0.28414685 -0.00588609 0.09468676
v 0.28414685 -0.00640503 0.09507325
v 0.28414685 -0.00704768 0.09514850
v 0.28414685 -0.00764187 0.09489235
v 0.28414685 -0.00802836 0.09437341
v 0.28414685 0.00722729 0.08503457
v 0.28414685 0.00881476 0.07771704
v 0.28414685 0.00603986 0.08652659
v 0.28414685 0.00640237 0.08485561
v 0.28414685 0.01276509 0.07558940
v 0.28414685 -0.00308294 0.06878689
v 0.29089579 -0.00802836 0.09437341
v 0.29089579 -0.00764187 0.09489235
v 0.29089579 -0.00704768 0.09514850
v 0.29089579 -0.00640503 0.09507325
v 0.29089579 -0.00588609 0.09468676
v 0.29089579 -0.01364064 0.08320416
v 0.29089579 -0.01325414 0.08372308
v 0.29089579 -0.01265996 0.08397925
v 0.29089579 -0.01201731 0.08390400
v 0.29089579 -0.01149837 0.08351750
v 0.29089579 0.01131736 0.08465266
v 0.29089579 0.01170386 0.08517160
v 0.29089579 0.01229804 0.08542775
v 0.29089579 0.01294070 0.08535250
v 0.29089579 0.01345963 0.08496601
v 0.29089579 0.00445064 0.09509767
v 0.29089579 0.00483713 0.09561660
v 0.29089579 0.00543132 0.09587276
v 0.29089579 0.00607397 0.09579751
v 0.29089579 0.00659291 0.09541102
v 0.29089579 -0.00680518 0.07267106
v 0.29089579 -0.00652493 0.07315160
v 0.29089579 -0.00606393 0.07346298
v 0.29089579 -0.00551348 0.07354349
v 0.29089579 -0.00498261 0.07337720
v 0.29089579 -0.00457647 0.07299704
v 0.29089579 0.00570508 0.07348340
v 0.29089579 0.00609158 0.07400233
v 0.29089579 0.00668576 0.07425850
v 0.29089579 0.00732842 0.07418325
v 0.29089579 0.00784735 0.07379675
v 0.28714687 0.00691216 0.09145791
v 0.28714687 0.00733101 0.09233886
v 0.28714687 0.00805509 0.09299247
v 0.28714687 0.00897419 0.09331923
v 0.28714687 0.00994836 0.09326939
v 0.28714687 0.01082932 0.09285055
v 0.28714687 0.01148293 0.09212647
v 0.28714687 -0.01348223 0.08847483
v 0.28714687 -0.01306339 0.08935579
v 0.28714687 -0.01233930 0.09000940
v 0.28714687 -0.01142021 0.09033616
v 0.28714687 -0.01044603 0.09028632
v 0.28714687 -0.00956508 0.08986748
v 0.28714687 -0.00891147 0.08914340
v 0.28714687 -0.00070162 0.07230431
v 0.28714687 -0.00028278 0.07318526
v 0.28714687 0.00044131 0.07383887
v 0.28714687 0.00136040 0.07416563
v 0.28714687 0.00233458 0.07411580
v 0.28714687 0.00321553 0.07369696
v 0.28714687 0.00386914 0.07297287
v 0.28764686 -0.01423966 0.07875141
v 0.28764686 -0.01320453 0.07635036
v 0.28764686 -0.01176819 0.07416554
v 0.28764686 -0.00997428 0.07226333
v 0.28764686 -0.00787731 0.07070152
v 0.28764686 -0.00554100 0.06952758
v 0.28764686 -0.00303632 0.06877717
v 0.28764686 -0.00043939 0.06847310
v 0.28764686 0.00217089 0.06862459
v 0.28764686 0.00471520 0.06922705
v 0.28764686 0.00711625 0.07026219
v 0.28764686 0.00930107 0.07169852
v 0.28764686 0.01120328 0.07349243
v 0.28764686 0.01276509 0.07558940
v 0.28764686 0.01393903 0.07792571
v 0.28764686 0.01468944 0.08043039
v 0.28764686 0.01499351 0.08302732
v 0.29064685 0.00395784 0.08404558
v 0.29094687 0.00425468 0.08408900
v 0.29064685 0.00358523 0.08524030
v 0.29094687 0.00385412 0.08537332
v 0.29064685 0.00286167 0.08626140
v 0.29094687 0.00307630 0.08647101
v 0.29064685 0.00185798 0.08700894
v 0.29094687 0.00199734 0.08727461
v 0.29064685 0.00067242 0.08740973
v 0.29094687 0.00072286 0.08770546
v 0.29064685 -0.00057897 0.08742455
v 0.29094687 -0.00062239 0.08772139
v 0.29064685 -0.00177369 0.08705194
v 0.29094687 -0.00190671 0.08732083
v 0.29064685 -0.00279479 0.08632838
v 0.29094687 -0.00300440 0.08654301
v 0.29064685 -0.00354233 0.08532470
v 0.29094687 -0.00380800 0.08546405
v 0.29064685 -0.00394312 0.08413913
v 0.29094687 -0.00423885 0.08418957
v 0.29064685 -0.00395794 0.08288775
v 0.29094687 -0.00425478 0.08284432
v 0.29094687 -0.00279479 0.08632838
v 0.29094687 -0.00177369 0.08705194
v 0.29094687 -0.00057897 0.08742455
v 0.29094687 0.00067242 0.08740973
v 0.29094687 0.00185798 0.08700894
v 0.29094687 0.00286167 0.08626140
v 0.29094687 0.00358523 0.08524030
v 0.29094687 0.00395784 0.08404558
v 0.29094687 0.00394302 0.08279419
v 0.29094687 0.00423875 0.08274376
v 0.29094687 0.00354222 0.08160863
v 0.29094687 0.00380790 0.08146928
v 0.29094687 0.00279469 0.08060495
v 0.29094687 0.00300430 0.08039032
v 0.29094687 0.00177359 0.07988138
v 0.29094687 0.00190661 0.07961249
v 0.29094687 0.00057887 0.07950877
v 0.29094687 0.00062229 0.07921194
v 0.29094687 -0.00067252 0.07952359
v 0.29094687 -0.00072296 0.07922786
v 0.29094687 -0.00185808 0.07992439
v 0.29094687 -0.00199744 0.07965872
v 0.29094687 -0.00286177 0.08067192
v 0.29094687 -0.00307640 0.08046231
v 0.29094687 -0.00358533 0.08169302
v 0.29094687 -0.00385422 0.08156000
v 0.29094687 -0.00395794 0.08288775
v 0.29094687 -0.00394312 0.08413913
v 0.29094687 -0.00354233 0.08532470
v 0.29064685 0.00394302 0.08279419
v 0.29064685 0.00354222 0.08160863
v 0.29064685 0.00279469 0.08060495
v 0.29064685 0.00177359 0.07988138
v 0.29064685 0.00057887 0.07950877
v 0.29064685 -0.00067252 0.07952359
v 0.29064685 -0.00185808 0.07992439
v 0.29064685 -0.00286177 0.08067192
v 0.29064685 -0.00358533 0.08169302
v 0.29094687 -0.00601364 0.07704197
v 0.29094687 -0.00615031 0.07689595
v 0.29094687 -0.00443324 0.07586490
v 0.29094687 -0.00453399 0.07569213
v 0.29094687 -0.00263054 0.07506901
v 0.29094687 -0.00269032 0.07487816
v 0.29094687 -0.00069593 0.07469422
v 0.29094687 -0.00071175 0.07449485
v 0.29094687 0.00127357 0.07475931
v 0.29094687 0.00130251 0.07456142
v 0.29094687 0.00317920 0.07526103
v 0.29094687 0.00325146 0.07507454
v 0.29094687 0.00492541 0.07617421
v 0.29094687 0.00503736 0.07600848
v 0.29094687 0.00642465 0.07745307
v 0.29094687 0.00657066 0.07731640
v 0.29094687 0.00760171 0.07903347
v 0.29094687 0.00777448 0.07893272
v 0.29094687 0.00839760 0.08083618
v 0.29094687 0.00858846 0.08077639
v 0.29094687 0.00877239 0.08277078
v 0.29094687 0.00897177 0.08275496
v 0.29094687 0.00870730 0.08474028
v 0.29094687 0.00890519 0.08476923
v 0.29094687 0.00820558 0.08664592
v 0.29094687 0.00839207 0.08671817
v 0.29094687 0.00729240 0.08839213
v 0.29094687 0.00745814 0.08850407
v 0.29094687 0.00601354 0.08989136
v 0.29094687 0.00615021 0.09003738
v 0.29094687 0.00443314 0.09106842
v 0.29094687 0.00453389 0.09124120
v 0.29094687 0.00263044 0.09186431
v 0.29094687 0.00269022 0.09205517
v 0.29094687 0.00069583 0.09223910
v 0.29094687 0.00071165 0.09243848
v 0.29094687 -0.00127367 0.09217401
v 0.29094687 -0.00130261 0.09237190
v 0.29094687 -0.00317930 0.09167229
v 0.29094687 -0.00325156 0.09185878
v 0.29094687 -0.00492552 0.09075911
v 0.29094687 -0.00503746 0.09092484
v 0.29094687 -0.00642475 0.08948025
v 0.29094687 -0.00657076 0.08961692
v 0.29094687 -0.00760182 0.08789985
v 0.29094687 -0.00777458 0.08800060
v 0.29094687 -0.00839770 0.08609715
v 0.29094687 -0.00858856 0.08615693
v 0.29094687 -0.00877249 0.08416255
v 0.29094687 -0.00897187 0.08417836
v 0.29094687 -0.00870740 0.08219305
v 0.29094687 -0.00890529 0.08216410
v 0.29094687 -0.00820568 0.08028741
v 0.29094687 -0.00839217 0.08021516
v 0.29094687 -0.00729250 0.07854120
v 0.29094687 -0.00745824 0.07842925
v 0.29114684 0.00890519 0.08476923
v 0.29114684 0.00839207 0.08671817
v 0.29114684 0.00745814 0.08850407
v 0.29114684 0.00615021 0.09003738
v 0.29114684 0.00453389 0.09124120
v 0.29114684 0.00269022 0.09205517
v 0.29114684 0.00071165 0.09243848
v 0.29114684 -0.00130261 0.09237190
v 0.29114684 -0.00325156 0.09185878
v 0.29114684 -0.00503746 0.09092484
v 0.29114684 -0.00657076 0.08961692
v 0.29114684 -0.00777458 0.08800060
v 0.29114684 -0.00858856 0.08615693
v 0.29114684 -0.00897187 0.08417836
v 0.29114684 -0.00890529 0.08216410
v 0.29114684 0.00130251 0.07456142
v 0.29114684 -0.00071175 0.07449485
v 0.29114684 -0.00269032 0.07487816
v 0.29114684 -0.00453399 0.07569213
v 0.29114684 -0.00615031 0.07689595
v 0.29114684 -0.00745824 0.07842925
v 0.29114684 -0.00839217 0.08021516
v 0.29114684 0.00325146 0.07507454
v 0.29114684 0.00503736 0.07600848
v 0.29114684 0.00657066 0.07731640
v 0.29114684 0.00777448 0.07893272
v 0.29114684 0.00858846 0.08077639
v 0.29114684 0.00897177 0.08275496
v 0.24264686 0.00178490 0.05953313
v 0.24264686 0.00443231 0.05976763
v 0.24264686 0.00441237 0.05935400
v 0.24264686 -0.00750864 0.10610932
v 0.24264686 -0.00597610 0.10724011
v 0.24264686 -0.00673885 0.10591564
v 0.24264686 -0.00578655 0.10687193
v 0.24264686 -0.00610504 0.10543776
v 0.24264686 -0.00543831 0.10664784
v 0.24264686 -0.00829314 0.10598831
v 0.24264686 -0.01473696 0.10579122
v 0.24264686 -0.00595616 0.10765374
v 0.24264686 -0.01038111 0.10812018
v 0.24264686 -0.00573208 0.10800198
v 0.24264686 -0.00567131 0.10960857
v 0.24264686 -0.00536389 0.10819153
v 0.24264686 0.00502458 0.06030542
v 0.24264686 0.00465639 0.06011587
v 0.24264686 0.00379529 0.06141810
v 0.24264686 -0.02386989 0.08596277
v 0.24264686 -0.02668350 0.08535238
v 0.24264686 -0.02331381 0.08916480
v 0.24264686 -0.02593370 0.09002472
v 0.24264686 -0.02196588 0.09313632
v 0.24264686 -0.02428582 0.09468111
v 0.24264686 -0.01994717 0.09681254
v 0.24264686 -0.02180990 0.09895515
v 0.24264686 -0.01731931 0.10008121
v 0.24264686 -0.01859035 0.10270109
v 0.24264686 -0.01416255 0.10284251
v 0.24264686 -0.01057331 0.10501211
v 0.24264686 -0.00433428 0.10507964
v 0.24264686 -0.00501144 0.10493273
v 0.24264686 -0.00568238 0.10510585
v 0.24264686 0.00597600 0.05969321
v 0.24264686 0.01473179 0.06113875
v 0.24264686 0.00595606 0.05927958
v 0.24264686 0.01037821 0.05881196
v 0.24264686 0.00573198 0.05893134
v 0.24264686 0.00567121 0.05732475
v 0.24264686 0.00536379 0.05874179
v 0.24264686 0.00254902 0.05974808
v 0.24264686 0.00316935 0.06024334
v 0.24264686 0.00354817 0.06094090
v 0.24264686 -0.02350336 0.07069337
v 0.24264686 -0.02068975 0.07130376
v 0.24264686 -0.02088484 0.06675176
v 0.24264686 -0.01885680 0.06862001
v 0.24264686 -0.01745558 0.06319681
v 0.24264686 -0.01598433 0.06556407
v 0.24264686 -0.01343116 0.06033297
v 0.24264686 -0.01262373 0.06305484
v 0.24264686 -0.00894879 0.05825788
v 0.24264686 -0.00887763 0.06116894
v 0.24264686 -0.00416132 0.05704231
v 0.24264686 -0.00486043 0.05996397
v 0.24264686 -0.00069481 0.05947672
v 0.24264686 0.00076804 0.05672769
v 0.24264686 0.00460192 0.05898581
v 0.24264686 0.00495016 0.05876173
v 0.24264686 -0.00441247 0.10757933
v 0.24264686 -0.00178500 0.10740019
v 0.24264686 -0.00443241 0.10716569
v 0.24264686 -0.00465649 0.10681745
v 0.24264686 0.02427934 0.07223840
v 0.24264686 0.02239901 0.07232378
v 0.24264686 0.02592912 0.07689091
v 0.24264686 0.02228926 0.07282965
v 0.24264686 0.02194129 0.07321288
v 0.24264686 -0.00254913 0.10718524
v 0.24264686 -0.00316945 0.10668999
v 0.24264686 -0.00502468 0.10662790
v 0.24264686 -0.00354827 0.10599243
v 0.24264686 -0.00379539 0.10551523
v 0.24264686 0.00673875 0.06101769
v 0.24264686 0.00610493 0.06149556
v 0.24264686 0.00578645 0.06006140
v 0.24264686 0.00568228 0.06182747
v 0.24264686 0.00543821 0.06028548
v 0.24264686 0.00501134 0.06200059
v 0.24264686 0.00433418 0.06185368
v 0.24264686 0.01858369 0.06422590
v 0.24264686 0.01942286 0.06769858
v 0.24264686 0.02180275 0.06796826
v 0.24264686 0.01980608 0.06804655
v 0.24264686 0.02224112 0.07183081
v 0.24264686 0.01533359 0.06500375
v 0.24264686 0.01823811 0.06786636
v 0.24264686 0.01842402 0.06774673
v 0.24264686 0.00750854 0.06082400
v 0.24264686 0.00829304 0.06094501
v 0.24264686 0.01198636 0.06267421
v 0.24264686 0.02175538 0.07333250
v 0.24264686 0.02255132 0.07525475
v 0.24264686 0.02369933 0.07967990
v 0.24264686 0.00415521 0.10989196
v 0.24264686 0.00483968 0.10697362
v 0.24264686 0.00029451 0.10746486
v 0.24264686 0.01891698 0.06758884
v 0.24264686 0.00920924 0.10562944
v 0.24264686 0.00894009 0.10867849
v 0.24264686 0.01324465 0.10348111
v 0.24264686 0.01342053 0.10660647
v 0.24264686 0.01679948 0.10060655
v 0.24264686 0.01744395 0.10374644
v 0.24264686 0.01974474 0.09711009
v 0.24264686 0.02087333 0.10019581
v 0.24264686 0.02197358 0.09311858
v 0.24264686 0.02359189 0.09607550
v 0.24264686 0.02340512 0.08877686
v 0.24264686 0.02550706 0.09152579
v 0.24264686 0.02398741 0.08424245
v 0.24264686 0.02655362 0.08670165
v 0.24264686 0.02669592 0.08176735
v 0.24264686 -0.00077118 0.11020555
v 0.24264686 -0.00460202 0.10794751
v 0.24264686 -0.00495026 0.10817159
v 0.24716617 -0.00597610 0.10724011
v 0.24716617 -0.00595616 0.10765374
v 0.24716617 -0.00573208 0.10800198
v 0.24716617 -0.00536389 0.10819153
v 0.24716617 -0.00495026 0.10817159
v 0.24716617 -0.00460202 0.10794751
v 0.24716617 -0.00441247 0.10757933
v 0.24716617 0.00441237 0.05935400
v 0.24716617 0.00443231 0.05976763
v 0.24716617 0.00465639 0.06011587
v 0.24716617 0.00502458 0.06030542
v 0.24716617 0.00543821 0.06028548
v 0.24716617 0.00578645 0.06006140
v 0.24716617 0.00597600 0.05969321
v 0.24776755 -0.02331009 0.07775335
v 0.24794686 -0.02328604 0.07765610
v 0.24794686 -0.02280406 0.07598488
v 0.24464686 -0.02345447 0.07837843
v 0.24744685 -0.02345447 0.07837843
v 0.24749210 -0.02339705 0.07812060
v 0.24464686 -0.02280406 0.07598488
v 0.24752523 -0.02337891 0.07804181
v 0.24770655 -0.02332207 0.07780245
v 0.24464686 -0.02068975 0.07130376
v 0.24794686 -0.01885680 0.06862001
v 0.24794686 -0.02115342 0.07212933
v 0.24464686 -0.02115342 0.07212933
v 0.24464686 -0.02095061 0.07175879
v 0.24794686 0.00178490 0.05953313
v 0.24794686 -0.00069481 0.05947672
v 0.24794686 -0.00486043 0.05996397
v 0.24794686 -0.00887763 0.06116894
v 0.24794686 -0.01262373 0.06305484
v 0.24794686 -0.01598433 0.06556407
v 0.24794686 0.00354817 0.06094090
v 0.24794686 0.00316935 0.06024334
v 0.24794686 0.00254902 0.05974808
v 0.24744685 0.00466416 0.06196678
v 0.24747227 0.00486248 0.06199608
v 0.24794686 0.00398099 0.06161784
v 0.24775708 0.00407567 0.06169583
v 0.24770737 0.00411262 0.06172285
v 0.24752204 0.00434157 0.06185676
v 0.24794686 0.00379529 0.06141810
v 0.24794686 0.00610493 0.06149556
v 0.24794686 0.00568228 0.06182747
v 0.24749207 0.00492830 0.06199989
v 0.24752976 0.00501977 0.06200034
v 0.24794686 0.00543051 0.06193231
v 0.24770682 0.00526666 0.06197343
v 0.24763446 0.00518660 0.06198648
v 0.24794686 0.00673875 0.06101769
v 0.24794686 0.00750854 0.06082400
v 0.24794686 0.00829304 0.06094501
v 0.24794686 0.01823811 0.06786636
v 0.24794686 0.01533359 0.06500375
v 0.24794686 0.01198636 0.06267421
v 0.24984686 0.01842402 0.06774673
v 0.24794686 0.01483668 0.07005505
v 0.24844685 0.01483668 0.07005505
v 0.24984686 0.01253739 0.07153456
v 0.24844685 0.01420510 0.07046145
v 0.24844685 0.01303381 0.07121514
v 0.24844685 0.01257000 0.07151358
v 0.24844685 0.01253739 0.07153456
v 0.24984686 0.01980608 0.06804655
v 0.24984686 0.01942286 0.06769858
v 0.24984686 0.01891698 0.06758884
v 0.24984686 0.02224112 0.07183081
v 0.24984686 0.02194129 0.07321288
v 0.24984686 0.02228926 0.07282965
v 0.24984686 0.02239901 0.07232378
v 0.24844685 0.01835396 0.07552120
v 0.24844685 0.01621889 0.07689504
v 0.24984686 0.01605467 0.07700071
v 0.24844685 0.01605467 0.07700071
v 0.24794686 0.02175538 0.07333250
v 0.24794686 0.01835396 0.07552120
v 0.24776755 0.02330999 0.08917997
v 0.24794686 0.02328594 0.08927722
v 0.24794686 0.02197358 0.09311858
v 0.24794686 0.02360040 0.08782770
v 0.24770670 0.02357258 0.08797569
v 0.24765763 0.02356326 0.08802413
v 0.24749206 0.02350894 0.08829653
v 0.24747331 0.02349650 0.08835664
v 0.24744685 0.02345437 0.08855489
v 0.24770655 0.02332197 0.08913088
v 0.24752523 0.02337881 0.08889151
v 0.24749210 0.02339695 0.08881272
v 0.24794686 -0.00178500 0.10740019
v 0.24794686 0.00029451 0.10746486
v 0.24794686 0.00483968 0.10697362
v 0.24794686 0.00920924 0.10562944
v 0.24794686 0.01324465 0.10348111
v 0.24794686 0.01679948 0.10060655
v 0.24794686 0.01974474 0.09711009
v 0.24794686 0.02255132 0.07525475
v 0.24794686 0.02369933 0.07967990
v 0.24794686 0.02398741 0.08424245
v 0.24794686 -0.00354827 0.10599243
v 0.24794686 -0.00316945 0.10668999
v 0.24794686 -0.00254913 0.10718524
v 0.24744685 -0.00466426 0.10496655
v 0.24747227 -0.00486258 0.10493724
v 0.24794686 -0.00398109 0.10531548
v 0.24775708 -0.00407577 0.10523749
v 0.24770737 -0.00411272 0.10521047
v 0.24752204 -0.00434167 0.10507657
v 0.24794686 -0.00379539 0.10551523
v 0.24794686 -0.00610504 0.10543776
v 0.24794686 -0.00568238 0.10510585
v 0.24749207 -0.00492840 0.10493343
v 0.24752976 -0.00501987 0.10493299
v 0.24794686 -0.00543061 0.10500102
v 0.24770682 -0.00526676 0.10495990
v 0.24763446 -0.00518670 0.10494684
v 0.24794686 -0.00673885 0.10591564
v 0.24794686 -0.00750864 0.10610932
v 0.24794686 -0.00829314 0.10598831
v 0.24489681 -0.02719210 0.08524205
v 0.24514686 -0.02744619 0.08518692
v 0.24364686 -0.02744619 0.08518692
v 0.24364686 -0.02668350 0.08535238
v 0.24464686 -0.02386989 0.08596277
v 0.24464686 -0.02693793 0.08529719
v 0.24364686 -0.02350336 0.07069337
v 0.24464686 -0.02375778 0.07063817
v 0.24364686 -0.02426605 0.07052791
v 0.24489681 -0.02401196 0.07058303
v 0.24514686 -0.02426605 0.07052791
v 0.24464686 -0.02695276 0.08506390
v 0.24464686 -0.02391874 0.08544054
v 0.24464686 -0.02696814 0.08477900
v 0.24514686 -0.02430995 0.07061059
v 0.24464686 -0.02386795 0.07084434
v 0.24514686 -0.02745189 0.08509348
v 0.24514686 -0.02729333 0.08010115
v 0.24464686 -0.02575739 0.07536978
v 0.24514686 -0.02623438 0.07521984
v 0.24464686 -0.02480281 0.07279786
v 0.24464686 -0.02400001 0.07109725
v 0.24464686 -0.02699407 0.08289861
v 0.24464686 -0.02679709 0.08016234
v 0.24749041 -0.00544873 0.10735451
v 0.24747691 -0.00544499 0.10754086
v 0.24745819 -0.00538559 0.10765877
v 0.24744789 -0.00530375 0.10772231
v 0.24744685 -0.00526485 0.10773501
v 0.24745211 -0.00517070 0.10773299
v 0.24746934 -0.00505854 0.10767215
v 0.24748854 -0.00495929 0.10752862
v 0.24749041 -0.00493984 0.10746492
v 0.24749041 0.00493973 0.05946841
v 0.24747691 0.00494348 0.05965475
v 0.24745819 0.00500288 0.05977266
v 0.24744789 0.00508472 0.05983620
v 0.24744685 0.00512362 0.05984889
v 0.24745211 0.00521777 0.05984688
v 0.24746934 0.00532993 0.05978604
v 0.24748854 0.00542918 0.05964251
v 0.24749041 0.00544863 0.05957881
v 0.24794681 0.02024717 0.08798734
v 0.24794686 0.02025896 0.08786167
v 0.24794686 0.01954530 0.08770686
v 0.24794686 0.00518342 0.06307128
v 0.24794713 -0.02024710 0.07894563
v 0.24794686 -0.02025906 0.07907165
v 0.24794686 -0.01954540 0.07922647
v 0.24794681 0.02027556 0.08820673
v 0.24794686 0.02070979 0.08720061
v 0.24794686 0.01959669 0.07947069
v 0.24794686 0.01999956 0.08359145
v 0.24794686 0.00404539 0.06301767
v 0.24794686 0.00373390 0.06275682
v 0.24794686 0.00076699 0.06348138
v 0.24794686 -0.00320615 0.06372532
v 0.24794681 -0.02027595 0.07872520
v 0.24794686 -0.02070989 0.07973272
v 0.24794686 -0.01958026 0.08754286
v 0.24794686 -0.01999987 0.08338284
v 0.24794686 -0.00518352 0.10386204
v 0.24794681 -0.00474012 0.10374227
v 0.24794686 -0.00626006 0.10246173
v 0.24794683 -0.00474956 0.10374427
v 0.24794681 -0.00452073 0.10371388
v 0.24794686 -0.00439506 0.10372567
v 0.24794686 -0.00217397 0.10334817
v 0.24794680 -0.00428470 0.10376290
v 0.24794681 -0.00416935 0.10382724
v 0.24794686 0.00200713 0.10336569
v 0.24794686 0.00610051 0.10251353
v 0.24794681 0.00474141 0.06319077
v 0.24794713 0.00452098 0.06321961
v 0.24794686 0.00470974 0.06402913
v 0.24794686 -0.00404483 0.10391616
v 0.24794686 -0.00373400 0.10417651
v 0.24794683 0.02027756 0.08821618
v 0.24794686 0.01823660 0.09167790
v 0.24794686 0.02039533 0.08865013
v 0.24794683 0.00475309 0.06318828
v 0.24794686 0.00439496 0.06320765
v 0.24794680 0.00428449 0.06317038
v 0.24794681 0.00416812 0.06310536
v 0.24794686 -0.00705229 0.06475127
v 0.24794683 -0.02027844 0.07871352
v 0.24794686 -0.01831853 0.07543963
v 0.24794686 -0.02039543 0.07828319
v 0.24794686 0.01613088 0.09529008
v 0.24794686 0.01332015 0.09838552
v 0.24794686 0.00992727 0.10082893
v 0.24794680 0.02029619 0.08775131
v 0.24794681 0.02036052 0.08763596
v 0.24794686 0.02044944 0.08751144
v 0.24794680 -0.02029634 0.07918212
v 0.24794681 -0.02036136 0.07929850
v 0.24794686 -0.02044903 0.07942122
v 0.24794686 -0.01416255 0.10284251
v 0.24794686 -0.01007256 0.10074510
v 0.24794686 -0.01344484 0.09827334
v 0.24794686 -0.02360050 0.07910562
v 0.24794686 -0.02385437 0.08082633
v 0.24794686 -0.02394978 0.08501927
v 0.24794686 -0.02331381 0.08916480
v 0.24794686 -0.01830489 0.09152474
v 0.24794686 -0.02196588 0.09313632
v 0.24794686 -0.01622952 0.09515445
v 0.24794686 -0.01994717 0.09681254
v 0.24794686 -0.01731931 0.10008121
v 0.24794686 -0.01061906 0.06651860
v 0.24794686 -0.01376517 0.06895731
v 0.24794686 -0.01636601 0.07197078
v 0.24794686 -0.01057331 0.10501211
v 0.24794686 0.00846592 0.06534686
v 0.24794686 0.01188674 0.06738238
v 0.24805139 -0.02071713 0.07976607
v 0.24744685 -0.02516469 0.07800741
v 0.24744837 -0.02517503 0.07805540
v 0.24747331 -0.02349660 0.07857668
v 0.24752536 -0.02523553 0.07834569
v 0.24749206 -0.02350904 0.07863680
v 0.24770713 -0.02528327 0.07858592
v 0.24770670 -0.02357268 0.07895764
v 0.24806125 -0.02531832 0.07877036
v 0.24765763 -0.02356336 0.07890920
v 0.24775417 -0.02529082 0.07862499
v 0.24844234 -0.02071713 0.07976607
v 0.24844047 -0.02531797 0.07876843
v 0.24873967 -0.02529080 0.07862490
v 0.24878660 -0.02067785 0.07958502
v 0.24878660 -0.02528327 0.07858592
v 0.24900196 -0.02060868 0.07926617
v 0.24897043 -0.02523466 0.07834141
v 0.24904686 -0.02055266 0.07900795
v 0.24904686 -0.02516469 0.07800741
v 0.24464686 -0.01855077 0.07227942
v 0.24464686 -0.02394978 0.08501927
v 0.24464686 -0.02151890 0.08596116
v 0.24464686 -0.02385437 0.08082633
v 0.24805139 0.00370054 0.06274959
v 0.24744685 0.00545920 0.05830202
v 0.24744685 0.00526475 0.05919832
v 0.24744837 0.00541121 0.05829168
v 0.24745211 0.00517060 0.05920034
v 0.24752536 0.00512092 0.05823118
v 0.24746934 0.00505846 0.05926117
v 0.24748854 0.00495925 0.05940431
v 0.24806125 0.00469625 0.05814840
v 0.24775417 0.00484162 0.05817590
v 0.24770713 0.00488069 0.05818344
v 0.24844234 0.00370054 0.06274959
v 0.24844047 0.00469818 0.05814875
v 0.24873967 0.00484171 0.05817591
v 0.24878660 0.00388159 0.06278886
v 0.24878660 0.00488069 0.05818344
v 0.24900196 0.00420044 0.06285803
v 0.24897043 0.00512520 0.05823205
v 0.24904686 0.00445866 0.06291405
v 0.24904686 0.00545920 0.05830202
v 0.24844685 -0.00983593 0.08714163
v 0.24844685 -0.01139737 0.08697576
v 0.24844685 -0.01265326 0.09276483
v 0.24844685 0.00366373 0.07362661
v 0.24844685 0.00628758 0.07505740
v 0.24844685 0.01200015 0.07597983
v 0.24844685 -0.00740868 0.09292737
v 0.24844685 -0.00736506 0.09383219
v 0.24844685 -0.00699631 0.09399205
v 0.24844685 -0.00777970 0.09463759
v 0.24844685 -0.00854148 0.09512777
v 0.24844685 -0.00896530 0.09582498
v 0.24844685 0.01152646 0.08686259
v 0.24844685 0.01148284 0.08595777
v 0.24844685 0.00963271 0.09153806
v 0.24844685 0.01699802 0.07755579
v 0.24844685 0.01699451 0.07706331
v 0.24844685 0.01680847 0.07792398
v 0.24844685 0.01366459 0.09241273
v 0.24844685 0.01682841 0.07833760
v 0.24844685 0.01705250 0.07868585
v 0.24844685 0.01734627 0.07733171
v 0.24844685 0.01775990 0.07731177
v 0.24844685 0.01907682 0.07746057
v 0.24844685 0.01812808 0.07750132
v 0.24844685 0.01835216 0.07784956
v 0.24844685 0.01959669 0.07947069
v 0.24844685 0.01837210 0.07826319
v 0.24844685 0.01967250 0.07986239
v 0.24844685 0.01818256 0.07863137
v 0.24844685 0.01676741 0.09308586
v 0.24844685 0.01783431 0.07885545
v 0.24844685 0.01742068 0.07887540
v 0.24844685 0.01823660 0.09167790
v 0.24844685 0.01954530 0.08770686
v 0.24844685 0.01999956 0.08359145
v 0.24844685 0.01613088 0.09529008
v 0.24844685 0.01332015 0.09838552
v 0.24844685 0.00954903 0.10103980
v 0.24844685 0.00992727 0.10082893
v 0.24844685 0.00790856 0.09948561
v 0.24844685 0.01094560 0.10020562
v 0.24844685 0.00837683 0.09732712
v 0.24844685 0.01224954 0.09927639
v 0.24844685 0.01240870 0.09820180
v 0.24844685 0.01330632 0.09839785
v 0.24844685 0.00741243 0.10204232
v 0.24844685 0.00775786 0.10190073
v 0.24844685 0.00741973 0.10173889
v 0.24844685 0.00766725 0.10059795
v 0.24844685 0.00200713 0.10336569
v 0.24844685 0.00610051 0.10251353
v 0.24844685 -0.00778413 0.09948317
v 0.24844685 0.00626607 0.10245971
v 0.24844685 0.00645725 0.10153008
v 0.24844685 -0.00780282 0.09909539
v 0.24844685 -0.00801290 0.09876891
v 0.24844685 -0.00874585 0.09860990
v 0.24844685 -0.00835807 0.09859121
v 0.24844685 -0.00795341 0.09840382
v 0.24844685 -0.00217397 0.10334817
v 0.24844685 -0.00796183 0.09982834
v 0.24844685 -0.00626006 0.10246173
v 0.24844685 -0.00828831 0.10003842
v 0.24844685 -0.01007256 0.10074510
v 0.24844685 -0.00867608 0.10005711
v 0.24844685 -0.00902126 0.09987941
v 0.24844685 -0.00923133 0.09955293
v 0.24844685 -0.00925003 0.09916516
v 0.24844685 -0.00945413 0.09807825
v 0.24844685 -0.00907233 0.09881998
v 0.24844685 -0.01041236 0.09869876
v 0.24844685 -0.01080013 0.09871744
v 0.24844685 -0.01344484 0.09827334
v 0.24844685 -0.01403964 0.09771060
v 0.24844685 -0.01387013 0.09712024
v 0.24844685 -0.01469927 0.09702885
v 0.24844685 -0.01362261 0.09597930
v 0.24844685 -0.01597267 0.09550308
v 0.24844685 -0.01338130 0.09486697
v 0.24844685 -0.01367532 0.09499320
v 0.24844685 -0.01445934 0.09377477
v 0.24844685 -0.01407156 0.09375607
v 0.24844685 -0.01291304 0.09270848
v 0.24844685 -0.01400180 0.09520328
v 0.24844685 -0.01438957 0.09522197
v 0.24844685 -0.01473475 0.09504427
v 0.24844685 -0.01622952 0.09515445
v 0.24844685 -0.01494482 0.09471779
v 0.24844685 -0.01830489 0.09152474
v 0.24844685 -0.01496352 0.09433001
v 0.24844685 -0.01478582 0.09398484
v 0.24844685 -0.01372639 0.09393377
v 0.24844685 -0.01351631 0.09426025
v 0.24844685 -0.01349762 0.09464803
v 0.24844685 -0.01958026 0.08754286
v 0.24844685 -0.01165715 0.08691940
v 0.24844685 -0.01999987 0.08338284
v 0.24844685 -0.01954540 0.07922647
v 0.24844685 -0.01376517 0.06895731
v 0.24844685 -0.01636601 0.07197078
v 0.24844685 -0.01831853 0.07543963
v 0.24844685 -0.00737625 0.06718642
v 0.24844685 -0.01061906 0.06651860
v 0.24844685 -0.00540626 0.06761379
v 0.24844685 -0.00655841 0.06457254
v 0.24844685 -0.00711648 0.06724277
v 0.24844685 -0.00684087 0.06467296
v 0.24844685 -0.00705229 0.06475127
v 0.24844685 0.00846592 0.06534686
v 0.24844685 0.00470974 0.06402913
v 0.24844685 -0.00059467 0.06448340
v 0.24844685 0.00076699 0.06348138
v 0.24844685 -0.00209539 0.06415783
v 0.24844685 -0.00320615 0.06372532
v 0.24844685 -0.00361164 0.06379545
v 0.24844685 -0.00145953 0.06846999
v 0.24844685 0.01139728 0.06951451
v 0.24844685 0.01158683 0.06914634
v 0.24844685 0.01188674 0.06738238
v 0.24844685 0.01360597 0.06880800
v 0.24844685 0.01294097 0.06944010
v 0.24844685 0.01296091 0.06985373
v 0.24844685 0.01193507 0.06892225
v 0.24844685 0.01234870 0.06890231
v 0.24844685 0.01271689 0.06909186
v 0.24844685 0.01277136 0.07022192
v 0.24844685 0.01242312 0.07044600
v 0.24844685 0.01200949 0.07046594
v 0.24844685 0.01164131 0.07027639
v 0.24844685 0.01141722 0.06992815
v 0.24844685 0.01441730 0.06960520
v 0.24844685 0.01331067 0.07458433
v 0.24844685 0.01295234 0.07402744
v 0.24844685 0.01244747 0.07391792
v 0.24844685 0.01255699 0.07341304
v 0.24844685 -0.00196319 0.07079165
v 0.24844685 0.01225677 0.07180566
v 0.24844685 0.01223757 0.07291663
v 0.24844685 0.01209450 0.07255362
v 0.24844685 0.01210125 0.07216350
v 0.24844685 0.01505583 0.07704886
v 0.24844685 0.01189748 0.08515237
v 0.24844685 0.01296264 0.07618863
v 0.24844685 0.01448865 0.08750521
v 0.24844685 0.01490328 0.08669981
v 0.24844685 0.01485966 0.08579499
v 0.24844685 0.01436948 0.08503321
v 0.24844685 0.01372686 0.08799540
v 0.24844685 0.01282205 0.08803901
v 0.24844685 0.01201664 0.08762438
v 0.24844685 0.01265926 0.08466219
v 0.24844685 0.01356408 0.08461858
v 0.24844685 0.01556170 0.07715861
v 0.24844685 -0.01114531 0.09853975
v 0.24844685 -0.01135538 0.09821326
v 0.24844685 -0.01190014 0.09754761
v 0.24844685 -0.01137408 0.09782549
v 0.24844685 -0.01165262 0.09640668
v 0.24844685 -0.01119638 0.09748032
v 0.24844685 -0.01086990 0.09727024
v 0.24844685 -0.01048212 0.09725155
v 0.24844685 -0.01013695 0.09742925
v 0.24844685 -0.00920661 0.09693731
v 0.24844685 -0.00992687 0.09775572
v 0.24844685 -0.00990818 0.09814350
v 0.24844685 -0.01008588 0.09848867
v 0.24844685 -0.01380314 0.09793991
v 0.24844685 -0.01361036 0.09717660
v 0.24844685 -0.01271707 0.09709521
v 0.24844685 -0.01232929 0.09707651
v 0.24844685 -0.01306224 0.09691751
v 0.24844685 -0.01327232 0.09659103
v 0.24844685 -0.01336284 0.09603565
v 0.24844685 -0.01329101 0.09620325
v 0.24844685 -0.01312153 0.09492332
v 0.24844685 -0.01311331 0.09585807
v 0.24844685 -0.01278683 0.09564800
v 0.24844685 -0.01239905 0.09562930
v 0.24844685 -0.01205388 0.09580701
v 0.24844685 -0.01141131 0.09529434
v 0.24844685 -0.01184380 0.09613349
v 0.24844685 -0.01182511 0.09652127
v 0.24844685 -0.01200281 0.09686644
v 0.24844685 -0.01037087 0.09228475
v 0.24844685 -0.00960908 0.09179457
v 0.24844685 -0.01078550 0.09309015
v 0.24844685 -0.01094304 0.09313585
v 0.24844685 -0.01074188 0.09399497
v 0.24844685 -0.01025170 0.09475675
v 0.24844685 -0.00944630 0.09517138
v 0.24844685 -0.00746458 0.09615055
v 0.24844685 -0.00840215 0.08976386
v 0.24844685 -0.00870427 0.09175095
v 0.24844685 -0.00784682 0.09044363
v 0.24844685 -0.00789886 0.09216558
v 0.24844685 -0.00628768 0.09187593
v 0.24844685 -0.00529435 0.07190561
v 0.24844685 -0.00578453 0.07114383
v 0.24844685 -0.00635723 0.07199735
v 0.24844685 -0.00582815 0.07023901
v 0.24844685 -0.00448895 0.07232025
v 0.24844685 -0.00391122 0.07252800
v 0.24844685 -0.00358413 0.07227663
v 0.24844685 -0.00241050 0.07285357
v 0.24844685 -0.00282235 0.07178645
v 0.24844685 -0.00240771 0.07098104
v 0.24844685 -0.00245133 0.07007623
v 0.24844685 -0.00294151 0.06931444
v 0.24844685 -0.00296025 0.06814443
v 0.24844685 -0.00374691 0.06889981
v 0.24844685 -0.00465173 0.06894343
v 0.24844685 -0.00541351 0.06943361
v 0.24844685 0.00742879 0.09088706
v 0.24844685 0.00867023 0.09132925
v 0.24844685 0.00921844 0.08849353
v 0.24844685 0.01026126 0.08569276
v 0.24844685 0.01047277 0.08271164
v 0.24844685 0.00840205 0.07716947
v 0.24844685 0.00983583 0.07979169
v 0.24844685 0.01456693 0.07653667
v 0.24844685 0.01467260 0.07670088
v 0.24844685 -0.00503741 0.07425389
v 0.24844685 -0.00252253 0.07327416
v 0.24844685 -0.00223782 0.07320789
v 0.24844685 0.00074305 0.07299299
v 0.24844685 -0.00832723 0.07156998
v 0.24844685 -0.01026136 0.08124056
v 0.24844685 -0.00806745 0.07162634
v 0.24844685 -0.00921854 0.07843979
v 0.24844685 -0.00742889 0.07604627
v 0.24844685 0.00503730 0.09267943
v 0.24844685 0.00223772 0.09372544
v 0.24844685 0.00741434 0.09711832
v 0.24844685 -0.00366383 0.09330672
v 0.24844685 -0.00074316 0.09394033
v 0.24844685 -0.00770589 0.09726288
v 0.24844685 0.00670477 0.10038915
v 0.24844685 0.00694608 0.09927681
v 0.24844685 -0.00590992 0.06993544
v 0.24844685 -0.00762014 0.06956442
v 0.24844685 -0.00787991 0.06950807
v 0.24844685 -0.01047287 0.08422168
v 0.24844685 -0.00466999 0.06401951
v 0.24984686 0.01225677 0.07180566
v 0.24984686 0.01210125 0.07216350
v 0.24984686 0.01294097 0.06944010
v 0.24984686 0.01271689 0.06909186
v 0.24984686 0.01277136 0.07022192
v 0.24984686 0.01296091 0.06985373
v 0.24984686 0.00927969 0.06887423
v 0.24984686 0.01158683 0.06914634
v 0.24984686 0.01139728 0.06951451
v 0.24984686 0.02337170 0.07265815
v 0.24984686 0.02495981 0.07713673
v 0.24984686 0.00989593 0.06681665
v 0.24984686 0.00995309 0.06586964
v 0.24984686 0.01193507 0.06892225
v 0.24984686 0.00999023 0.05973363
v 0.24984686 0.01234870 0.06890231
v 0.24984686 0.01418106 0.06197344
v 0.24984686 0.01788897 0.06494518
v 0.24984686 0.02098769 0.06854764
v 0.24984686 0.00940879 0.06763078
v 0.24984686 0.00924121 0.06785706
v 0.24984686 0.01200949 0.07046594
v 0.24984686 0.01242312 0.07044600
v 0.24984686 0.01699802 0.07755579
v 0.24984686 0.01556170 0.07715861
v 0.24984686 0.01680847 0.07792398
v 0.24984686 0.01505583 0.07704886
v 0.24984686 0.01682841 0.07833760
v 0.24984686 0.01705250 0.07868585
v 0.24984686 0.01818256 0.07863137
v 0.24984686 0.02076851 0.08241034
v 0.24984686 0.01783431 0.07885545
v 0.24984686 0.02013946 0.08170013
v 0.24984686 0.01742068 0.07887540
v 0.24984686 0.02088741 0.08563783
v 0.24984686 0.02099951 0.08333052
v 0.24984686 0.02556096 0.08658072
v 0.24984686 0.00913662 0.06851123
v 0.24984686 0.00914337 0.06812111
v 0.24984686 0.02569794 0.08183087
v 0.24984686 0.01837210 0.07826319
v 0.24984686 0.01835216 0.07784956
v 0.24984686 0.01812808 0.07750132
v 0.24984686 0.01775990 0.07731177
v 0.24984686 0.01734627 0.07733171
v 0.24984686 0.01209450 0.07255362
v 0.24984686 0.01223757 0.07291663
v 0.24984686 0.01467260 0.07670088
v 0.24984686 0.01712591 0.08106795
v 0.24984686 0.01831109 0.08146571
v 0.24984686 0.01786829 0.08152196
v 0.24984686 0.01744513 0.08137994
v 0.24984686 0.01164131 0.07027639
v 0.24984686 0.01141722 0.06992815
v 0.24984686 0.01925389 0.08135972
v 0.24984686 -0.00228266 0.10434224
v 0.24984686 -0.00545930 0.10863131
v 0.24984686 -0.00657306 0.10341147
v 0.24984686 -0.00999033 0.10719969
v 0.24984686 -0.01057618 0.10160903
v 0.24984686 -0.01418116 0.10495988
v 0.24984686 -0.01411708 0.09901367
v 0.24984686 -0.01788907 0.10198815
v 0.24984686 -0.01704099 0.09573884
v 0.24984686 -0.02098779 0.09838568
v 0.24984686 -0.01922014 0.09192765
v 0.24984686 -0.02337180 0.09427518
v 0.24984686 -0.02055927 0.08774667
v 0.24984686 -0.02495991 0.08979659
v 0.24984686 -0.02099987 0.08337864
v 0.24984686 -0.02569804 0.08510245
v 0.24984686 -0.02052267 0.07901446
v 0.24984686 0.02052257 0.08791886
v 0.24984686 0.02455353 0.09122452
v 0.24984686 0.01914844 0.09208846
v 0.24984686 0.02270995 0.09560414
v 0.24984686 0.01693742 0.09588125
v 0.24984686 0.02009302 0.09957042
v 0.24984686 0.01398616 0.09913146
v 0.24984686 0.01679184 0.10298832
v 0.24984686 0.01042363 0.10169704
v 0.24984686 0.01291883 0.10574143
v 0.24984686 0.00640554 0.10346587
v 0.24984686 0.00860588 0.10773599
v 0.24984686 0.00210749 0.10436064
v 0.24984686 0.00399987 0.10890409
v 0.24984686 -0.00074235 0.10920596
v 0.24984686 0.00956740 0.06500284
v 0.24984686 0.00882565 0.06441130
v 0.24984686 0.00545920 0.05830202
v 0.24984686 0.00488464 0.06304266
v 0.24984686 0.00074225 0.05772736
v 0.24984686 0.00075085 0.06248009
v 0.24984686 -0.00399997 0.05802923
v 0.24984686 -0.00341258 0.06274579
v 0.24984686 -0.00860598 0.05919733
v 0.24984686 -0.00744133 0.06382927
v 0.24984686 -0.01291893 0.06119190
v 0.24984686 -0.01117640 0.06568777
v 0.24984686 -0.01679194 0.06394500
v 0.24984686 -0.01447038 0.06824794
v 0.24984686 -0.02009312 0.06736290
v 0.24984686 -0.01719326 0.07140873
v 0.24984686 -0.02271005 0.07132919
v 0.24984686 -0.01923758 0.07504542
v 0.24984686 -0.02455363 0.07570881
v 0.24984686 -0.02556106 0.08035260
v 0.24904686 0.02516459 0.08892591
v 0.24904686 0.02055256 0.08792537
v 0.24904534 0.02515412 0.08897387
v 0.24900196 0.02049654 0.08818359
v 0.24896835 0.02508889 0.08926313
v 0.24878660 0.02042737 0.08850244
v 0.24843246 0.02498825 0.08968393
v 0.24873956 0.02502346 0.08954024
v 0.24878660 0.02503279 0.08950154
v 0.24844234 0.02038809 0.08868349
v 0.24805139 0.02038809 0.08868349
v 0.24805324 0.02498873 0.08968203
v 0.24775405 0.02502349 0.08954015
v 0.24752329 0.02508987 0.08925888
v 0.24770713 0.02503279 0.08950154
v 0.24744685 0.02516459 0.08892591
v 0.24904686 -0.00545930 0.10863131
v 0.24904686 -0.00445876 0.10401927
v 0.24904534 -0.00550726 0.10862083
v 0.24900196 -0.00471697 0.10396326
v 0.24896835 -0.00579652 0.10855560
v 0.24878660 -0.00503583 0.10389408
v 0.24843246 -0.00621731 0.10845497
v 0.24873956 -0.00607362 0.10849018
v 0.24878660 -0.00603493 0.10849950
v 0.24805139 -0.00521687 0.10385481
v 0.24844234 -0.00521687 0.10385481
v 0.24805324 -0.00621542 0.10845545
v 0.24775405 -0.00607353 0.10849020
v 0.24752329 -0.00579226 0.10855658
v 0.24770713 -0.00603493 0.10849950
v 0.24744685 -0.00512372 0.10708443
v 0.24745211 -0.00521787 0.10708644
v 0.24746934 -0.00533001 0.10714728
v 0.24748854 -0.00542922 0.10729042
v 0.24744685 -0.00545930 0.10863131
v 0.23964685 -0.02151890 0.08596116
v 0.23964685 -0.02738251 0.08468911
v 0.24464686 -0.02738251 0.08468911
v 0.24464686 -0.02441437 0.07100736
v 0.23964685 -0.02441437 0.07100736
v 0.23964685 -0.01855077 0.07227942
v 0.24824686 -0.00435685 0.10354951
v 0.24824686 0.02008280 0.08782346
v 0.24824686 0.00435675 0.06338381
v 0.24824686 -0.02008290 0.07910986
v 0.24916750 -0.02528527 0.07859727
v 0.24898900 -0.02532433 0.07880360
v 0.24884780 -0.02534408 0.07891127
v 0.24805291 -0.02498885 0.07725137
v 0.24806251 -0.02491263 0.07695243
v 0.24843225 -0.02498834 0.07724935
v 0.24853043 -0.02491821 0.07697335
v 0.24873929 -0.02502352 0.07739288
v 0.24893378 -0.02496859 0.07717082
v 0.24878660 -0.02503289 0.07743178
v 0.24898900 -0.02498005 0.07721666
v 0.24896824 -0.02508894 0.07766999
v 0.24924175 -0.02506072 0.07754982
v 0.24904536 -0.02515426 0.07795963
v 0.24934685 -0.02516469 0.07800741
v 0.24933188 -0.02520226 0.07818443
v 0.24928513 -0.02523888 0.07836308
v 0.24752316 -0.02509003 0.07767469
v 0.24732587 -0.02503013 0.07742114
v 0.24770713 -0.02503289 0.07743178
v 0.24750473 -0.02498005 0.07721666
v 0.24775358 -0.02502367 0.07739353
v 0.24764580 -0.02495344 0.07711055
v 0.24797808 -0.02491722 0.07696963
v 0.24851564 -0.02536951 0.07905445
v 0.24843106 -0.02537246 0.07907204
v 0.24796301 -0.02536885 0.07905059
v 0.24755988 -0.02533288 0.07885002
v 0.24750473 -0.02532433 0.07880360
v 0.24725179 -0.02525962 0.07846662
v 0.24714686 -0.02516469 0.07800741
v 0.24716176 -0.02512565 0.07783127
v 0.24720858 -0.02508483 0.07765298
v 0.24916784 0.00486986 0.05818154
v 0.24898900 0.00466301 0.05814239
v 0.24884792 0.00455542 0.05812264
v 0.24805291 0.00621524 0.05847786
v 0.24806267 0.00651421 0.05855409
v 0.24843225 0.00621726 0.05847837
v 0.24853070 0.00649320 0.05854849
v 0.24873929 0.00607373 0.05844320
v 0.24893384 0.00629574 0.05849811
v 0.24878660 0.00603483 0.05843382
v 0.24898900 0.00624996 0.05848666
v 0.24896824 0.00579663 0.05837777
v 0.24924192 0.00591645 0.05840591
v 0.24904536 0.00550698 0.05831246
v 0.24934685 0.00545920 0.05830202
v 0.24933197 0.00528271 0.05826456
v 0.24928513 0.00510353 0.05822783
v 0.24752316 0.00579192 0.05837668
v 0.24732621 0.00604599 0.05843671
v 0.24770713 0.00603483 0.05843382
v 0.24750473 0.00624996 0.05848666
v 0.24775358 0.00607308 0.05844304
v 0.24764593 0.00635614 0.05851329
v 0.24797808 0.00649698 0.05854949
v 0.24851564 0.00441216 0.05809721
v 0.24843122 0.00439460 0.05809426
v 0.24796328 0.00441595 0.05809785
v 0.24755993 0.00461655 0.05813382
v 0.24750473 0.00466301 0.05814238
v 0.24725196 0.00499966 0.05820703
v 0.24714686 0.00545920 0.05830202
v 0.24716185 0.00563587 0.05834118
v 0.24720858 0.00581364 0.05838189
v 0.25054684 -0.00925003 0.09916516
v 0.25054684 -0.00923133 0.09955293
v 0.25054684 -0.00902126 0.09987941
v 0.25054684 -0.00867608 0.10005711
v 0.25054684 -0.00828831 0.10003842
v 0.25054684 -0.00796183 0.09982834
v 0.25054684 -0.00778413 0.09948317
v 0.25054684 -0.01137408 0.09782549
v 0.25054684 -0.01135538 0.09821326
v 0.25054684 -0.01114531 0.09853975
v 0.25054684 -0.01080013 0.09871744
v 0.25054684 -0.01041236 0.09869876
v 0.25054684 -0.01008588 0.09848867
v 0.25054684 -0.00990818 0.09814350
v 0.25054684 -0.01329101 0.09620325
v 0.25054684 -0.01327232 0.09659103
v 0.25054684 -0.01306224 0.09691751
v 0.25054684 -0.01271707 0.09709521
v 0.25054684 -0.01232929 0.09707651
v 0.25054684 -0.01200281 0.09686644
v 0.25054684 -0.01182511 0.09652127
v 0.25054684 -0.01496352 0.09433001
v 0.25054684 -0.01494482 0.09471779
v 0.25054684 -0.01473475 0.09504427
v 0.25054684 -0.01438957 0.09522197
v 0.25054684 -0.01400180 0.09520328
v 0.25054684 -0.01367532 0.09499320
v 0.25054684 -0.01349762 0.09464803
v 0.24594685 0.01490328 0.08669981
v 0.24594685 0.01485966 0.08579499
v 0.24594685 0.01436948 0.08503321
v 0.24594685 0.01356408 0.08461858
v 0.24594685 0.01265926 0.08466219
v 0.24594685 0.01189748 0.08515237
v 0.24594685 0.01148284 0.08595777
v 0.24594685 -0.00736506 0.09383219
v 0.24594685 -0.00740868 0.09292737
v 0.24594685 -0.00789886 0.09216558
v 0.24594685 -0.00870427 0.09175095
v 0.24594685 -0.00960908 0.09179457
v 0.24594685 -0.01037087 0.09228475
v 0.24594685 -0.01078550 0.09309015
v 0.24594685 -0.00240771 0.07098104
v 0.24594685 -0.00245133 0.07007623
v 0.24594685 -0.00294151 0.06931444
v 0.24594685 -0.00374691 0.06889981
v 0.24594685 -0.00465173 0.06894343
v 0.24594685 -0.00541351 0.06943361
v 0.24594685 -0.00582815 0.07023901
v 0.25644687 -0.01026136 0.08124056
v 0.25644687 -0.01047287 0.08422168
v 0.25644687 -0.00983593 0.08714163
v 0.25644687 -0.00840215 0.08976386
v 0.25644687 -0.00628768 0.09187593
v 0.25644687 -0.00366383 0.09330672
v 0.25644687 -0.00074316 0.09394033
v 0.25644687 0.00223772 0.09372544
v 0.25644687 0.00503730 0.09267943
v 0.25644687 0.00742879 0.09088706
v 0.25644687 0.00921844 0.08849353
v 0.25644687 0.01026126 0.08569276
v 0.25064686 -0.00545930 0.10863131
v 0.25064686 -0.00074235 0.10920596
v 0.25064686 0.00399987 0.10890409
v 0.25064686 0.00860588 0.10773599
v 0.25064686 0.01291883 0.10574143
v 0.25064686 0.01679184 0.10298832
v 0.25064686 0.02009302 0.09957042
v 0.25064686 0.02270995 0.09560414
v 0.25064686 0.02455353 0.09122452
v 0.25064686 0.02556096 0.08658072
v 0.25064686 0.02569794 0.08183087
v 0.25064686 0.02495981 0.07713673
v 0.25064686 0.02337170 0.07265815
v 0.25064686 0.02098769 0.06854764
v 0.25064686 0.01788897 0.06494518
v 0.25064686 0.01418106 0.06197344
v 0.25064686 0.00999023 0.05973363
v 0.25064686 0.00545920 0.05830202
v 0.25054684 0.00882565 0.06441130
v 0.25054684 0.00488464 0.06304266
v 0.25054684 0.00075085 0.06248009
v 0.25054684 -0.00341258 0.06274579
v 0.25054684 -0.00744133 0.06382927
v 0.25054684 -0.01117640 0.06568777
v 0.25054684 -0.01447038 0.06824794
v 0.25054684 -0.01719326 0.07140873
v 0.25054684 -0.01923758 0.07504542
v 0.25054684 -0.02052267 0.07901446
v 0.25054684 0.01831109 0.08146571
v 0.25054684 0.01925389 0.08135972
v 0.25054684 0.02013946 0.08170013
v 0.25054684 0.02076851 0.08241034
v 0.25054684 0.02099951 0.08333052
v 0.25054684 0.01786829 0.08152196
v 0.25054684 0.01744513 0.08137994
v 0.25054684 0.01712591 0.08106795
v 0.25054684 0.00927969 0.06887423
v 0.25054684 0.00940879 0.06763078
v 0.25054684 0.00924121 0.06785706
v 0.25054684 0.00914337 0.06812111
v 0.25054684 0.00956740 0.06500284
v 0.25054684 0.00995309 0.06586964
v 0.25054684 0.00989593 0.06681665
v 0.24934685 0.02516459 0.08892591
v 0.24924192 0.02506070 0.08938316
v 0.24898900 0.02497995 0.08971667
v 0.24893384 0.02496851 0.08976246
v 0.24853070 0.02491812 0.08995991
v 0.24806267 0.02491252 0.08998092
v 0.24797808 0.02491712 0.08996369
v 0.24764593 0.02495332 0.08982285
v 0.24750473 0.02497995 0.08971667
v 0.24732621 0.02502991 0.08951271
v 0.24720858 0.02508473 0.08928035
v 0.24716185 0.02512543 0.08910258
v 0.24714686 0.02516459 0.08892591
v 0.24844082 -0.00469836 0.10878456
v 0.24874014 -0.00484217 0.10875734
v 0.24884780 -0.00455544 0.10881069
v 0.24898900 -0.00466311 0.10879093
v 0.24878660 -0.00488079 0.10874988
v 0.24916750 -0.00486944 0.10875188
v 0.24897055 -0.00512555 0.10870123
v 0.24928513 -0.00510363 0.10870549
v 0.24933188 -0.00528228 0.10866887
v 0.24934685 -0.00545930 0.10863131
v 0.24924175 -0.00591689 0.10852733
v 0.24898900 -0.00625006 0.10844667
v 0.24893378 -0.00629590 0.10843521
v 0.24853043 -0.00649337 0.10838482
v 0.24806251 -0.00651428 0.10837924
v 0.24797808 -0.00649708 0.10838383
v 0.24764580 -0.00635616 0.10842005
v 0.24750473 -0.00625006 0.10844667
v 0.24732587 -0.00604557 0.10849674
v 0.24720858 -0.00581374 0.10855144
v 0.24716176 -0.00563544 0.10859226
v 0.24714686 -0.00545930 0.10863131
v 0.24744835 -0.00541149 0.10864160
v 0.24725179 -0.00500010 0.10872623
v 0.24851564 -0.00441226 0.10883612
v 0.24843106 -0.00439468 0.10883907
v 0.24806146 -0.00469630 0.10878494
v 0.24796301 -0.00441612 0.10883546
v 0.24775444 -0.00484151 0.10875747
v 0.24755988 -0.00461670 0.10879949
v 0.24770713 -0.00488079 0.10874988
v 0.24750473 -0.00466311 0.10879094
v 0.24752547 -0.00512081 0.10870219
v 0.24749175 -0.00520075 0.10868582
v 0.23964685 0.01218486 0.08957498
v 0.23964685 0.01018960 0.09445442
v 0.23964685 0.00780910 0.09706298
v 0.23964685 -0.02461989 0.07077551
v 0.23964685 -0.02436137 0.07076304
v 0.23964685 -0.02308551 0.07103983
v 0.23964685 -0.02288898 0.07104293
v 0.23964685 -0.02270644 0.07097005
v 0.23964685 -0.02483754 0.07091556
v 0.23964685 -0.02495601 0.07114568
v 0.23964685 -0.02781814 0.08433878
v 0.23964685 -0.02780568 0.08459730
v 0.23964685 -0.02766562 0.08481496
v 0.23964685 -0.02256610 0.07083244
v 0.23964685 -0.02017668 0.06793960
v 0.23964685 -0.01729348 0.06553858
v 0.23964685 -0.02584358 0.08543080
v 0.23964685 -0.02597951 0.08528882
v 0.23964685 -0.02615965 0.08521021
v 0.23964685 -0.02743551 0.08493342
v 0.23964685 -0.01401596 0.06371220
v 0.23964685 -0.01045721 0.06252348
v 0.23964685 -0.00674001 0.06201341
v 0.23964685 -0.01819560 0.09819390
v 0.23964685 -0.02094185 0.09563736
v 0.23964685 -0.02316791 0.09261703
v 0.23964685 0.00354011 0.06630479
v 0.23964685 0.00378412 0.06632411
v 0.23964685 0.00811717 0.06972982
v 0.23964685 0.00401235 0.06623564
v 0.23964685 0.00827941 0.06949586
v 0.23964685 0.00417958 0.06605691
v 0.23964685 -0.01079670 0.06859833
v 0.23964685 -0.01031787 0.06829022
v 0.23964685 -0.00468410 0.06366201
v 0.23964685 -0.01102991 0.06967333
v 0.23964685 -0.01470648 0.09111394
v 0.23964685 -0.01105733 0.06910458
v 0.23964685 -0.01527522 0.09114136
v 0.23964685 -0.02479699 0.08923710
v 0.23964685 -0.02577287 0.08561420
v 0.23964685 0.00442749 0.06563164
v 0.23964685 0.00666733 0.06725441
v 0.23964685 0.00865505 0.06917775
v 0.23964685 -0.00916797 0.07007726
v 0.23964685 0.00809364 0.07001355
v 0.23964685 -0.00964680 0.07038537
v 0.23964685 -0.01021555 0.07041279
v 0.23964685 -0.00890734 0.06957100
v 0.23964685 -0.00893476 0.06900226
v 0.23964685 -0.00166227 0.06613694
v 0.23964685 -0.00303498 0.06583914
v 0.23964685 -0.00580843 0.06219876
v 0.23964685 -0.00506742 0.06279296
v 0.23964685 -0.01246968 0.09954998
v 0.23964685 -0.01317866 0.10018206
v 0.23964685 -0.00030446 0.06577723
v 0.23964685 0.00332865 0.06618152
v 0.23964685 0.00837624 0.08472103
v 0.23964685 0.01272950 0.08482453
v 0.23964685 0.00840365 0.08528977
v 0.23964685 0.00814303 0.08579602
v 0.23964685 0.01319226 0.08632862
v 0.23964685 0.01297832 0.08721438
v 0.23964685 0.01250326 0.08707600
v 0.23964685 0.00899029 0.07033530
v 0.23964685 0.00936593 0.07001718
v 0.23964685 0.00756187 0.08398157
v 0.23964685 -0.01575406 0.09144948
v 0.23964685 -0.01601468 0.09195573
v 0.23964685 -0.01502391 0.10019844
v 0.23964685 -0.01409928 0.10041579
v 0.23964685 0.01358533 0.08079585
v 0.23964685 0.01344965 0.08488061
v 0.23964685 0.01296126 0.08480115
v 0.23964685 0.01244484 0.08517306
v 0.23964685 0.01246822 0.08540482
v 0.23964685 0.00766419 0.08610414
v 0.23964685 0.00625366 0.08482335
v 0.23964685 0.00844909 0.07043326
v 0.23964685 0.00651429 0.08431710
v 0.23964685 0.00699313 0.08400898
v 0.23964685 -0.00412166 0.06494913
v 0.23964685 -0.00924287 0.06852343
v 0.23964685 -0.00974912 0.06826280
v 0.23964685 0.00806812 0.08424219
v 0.23964685 0.01215396 0.07694361
v 0.23964685 0.01239784 0.07692268
v 0.23964685 0.01254048 0.08496065
v 0.23964685 0.00873281 0.07045679
v 0.23964685 0.01286662 0.07677254
v 0.23964685 0.01185165 0.07599977
v 0.23964685 0.01171595 0.07620349
v 0.23964685 0.01206617 0.08718304
v 0.23964685 -0.01460416 0.09323651
v 0.23964685 -0.01412532 0.09292840
v 0.23964685 0.01194536 0.08738220
v 0.23964685 0.01194032 0.08761508
v 0.23964685 -0.00869393 0.09854972
v 0.23964685 0.00154778 0.06415811
v 0.23964685 0.00347718 0.06507766
v 0.23964685 0.00109854 0.06444428
v 0.23964685 0.00322927 0.06550292
v 0.23964685 0.00074077 0.06483889
v 0.23964685 0.00315614 0.06573651
v 0.23964685 0.00319161 0.06597870
v 0.23964685 0.01192515 0.07685664
v 0.23964685 0.01175674 0.07667901
v 0.23964685 -0.01598726 0.09252447
v 0.23964685 -0.01567915 0.09300330
v 0.23964685 -0.01517290 0.09326393
v 0.23964685 -0.01142445 0.09861162
v 0.23964685 -0.01006664 0.09825192
v 0.23964685 0.01272662 0.08807847
v 0.23964685 0.01225156 0.08794009
v 0.23964685 0.01205240 0.08781928
v 0.23964685 0.00501069 0.09921710
v 0.23964685 0.00187988 0.10085094
v 0.23964685 0.01168208 0.07644590
v 0.23964685 0.01330513 0.08576893
v 0.23964685 0.01281674 0.08568948
v 0.23964685 0.01260434 0.08559384
v 0.23964685 0.01227037 0.08707096
v 0.23964685 0.01206230 0.07587511
v 0.23964685 0.01118900 0.07273771
v 0.23964685 0.01253109 0.07572496
v 0.23964685 0.00709545 0.08613156
v 0.23964685 -0.01386469 0.09242215
v 0.23964685 -0.00148762 0.10191455
v 0.23964685 -0.00498890 0.10237545
v 0.23964685 -0.00592047 0.10219011
v 0.23964685 0.00821513 0.07027102
v 0.23964685 -0.01420022 0.09137457
v 0.23964685 -0.01389211 0.09185341
v 0.23964685 0.00628108 0.08539210
v 0.23964685 0.00658919 0.08587093
v 0.23964685 -0.01072180 0.07015216
v 0.23964685 -0.00666149 0.10159590
v 0.23964685 -0.00704481 0.10072686
v 0.23964685 -0.00760725 0.09943973
v 0.25049686 0.00574541 0.05698271
v 0.25037059 0.00647164 0.05714026
v 0.25049686 0.00583021 0.05659181
v 0.25039390 0.00648666 0.05674265
v 0.24976486 0.00736842 0.05733481
v 0.24976492 0.00744263 0.05699297
v 0.25011808 0.00704473 0.05688432
v 0.24844623 0.00800119 0.05715640
v 0.24879675 0.00794436 0.05713918
v 0.24879663 0.00787761 0.05744527
v 0.24911000 0.00784417 0.05710915
v 0.24965516 0.00753354 0.05701870
v 0.24780940 0.00796873 0.05714655
v 0.24769709 0.00787761 0.05744527
v 0.24716564 0.00774381 0.05707949
v 0.24672885 0.00736842 0.05733481
v 0.24672881 0.00744263 0.05699297
v 0.24612312 0.00647164 0.05714026
v 0.24599686 0.00574541 0.05698271
v 0.24599686 0.00583021 0.05659181
v 0.24603993 0.00625976 0.05668860
v 0.24625266 0.00684471 0.05683211
v 0.24665698 0.00737635 0.05697442
v 0.25049686 0.02648390 0.08921212
v 0.25037059 0.02632635 0.08993836
v 0.25049686 0.02687481 0.08929692
v 0.25039390 0.02672396 0.08995337
v 0.24976486 0.02613180 0.09083514
v 0.24976492 0.02647364 0.09090935
v 0.25011808 0.02658229 0.09051144
v 0.24844623 0.02631022 0.09146790
v 0.24879675 0.02632743 0.09141107
v 0.24879663 0.02602134 0.09134433
v 0.24911000 0.02635746 0.09131088
v 0.24965516 0.02644792 0.09100026
v 0.24780940 0.02632006 0.09143545
v 0.24769709 0.02602134 0.09134433
v 0.24716564 0.02638712 0.09121053
v 0.24672885 0.02613180 0.09083514
v 0.24672881 0.02647365 0.09090934
v 0.24612312 0.02632635 0.08993836
v 0.24599686 0.02648390 0.08921212
v 0.24599686 0.02687481 0.08929692
v 0.24603993 0.02677801 0.08972648
v 0.24625266 0.02663450 0.09031142
v 0.24665698 0.02649219 0.09084306
v 0.24599686 -0.00574551 0.10995062
v 0.24612312 -0.00501928 0.11010817
v 0.24599686 -0.00583031 0.11034152
v 0.24609981 -0.00517037 0.11047625
v 0.24672885 -0.00412250 0.11030272
v 0.24672879 -0.00419661 0.11064457
v 0.24637565 -0.00460377 0.11057857
v 0.24804749 -0.00362054 0.11072730
v 0.24769697 -0.00367940 0.11071941
v 0.24769709 -0.00361331 0.11041318
v 0.24738373 -0.00378302 0.11070522
v 0.24683855 -0.00410321 0.11065883
v 0.24868432 -0.00365416 0.11072281
v 0.24879663 -0.00361331 0.11041318
v 0.24932808 -0.00388665 0.11069063
v 0.24976486 -0.00412250 0.11030272
v 0.24976492 -0.00419661 0.11064457
v 0.25037059 -0.00501928 0.11010817
v 0.25049686 -0.00574551 0.10995062
v 0.25049686 -0.00583031 0.11034152
v 0.25045380 -0.00539927 0.11043143
v 0.25024107 -0.00480744 0.11054321
v 0.24983673 -0.00426462 0.11063398
v 0.24599686 -0.02648400 0.07772120
v 0.24612312 -0.02664155 0.07844744
v 0.24599686 -0.02687491 0.07763640
v 0.24609981 -0.02700964 0.07829634
v 0.24672885 -0.02683610 0.07934422
v 0.24672879 -0.02717796 0.07927010
v 0.24637565 -0.02711196 0.07886295
v 0.24804749 -0.02726068 0.07984617
v 0.24769697 -0.02725280 0.07978731
v 0.24769709 -0.02694657 0.07985341
v 0.24738373 -0.02723861 0.07968369
v 0.24683855 -0.02719222 0.07936350
v 0.24868432 -0.02725620 0.07981255
v 0.24879663 -0.02694657 0.07985341
v 0.24932808 -0.02722402 0.07958006
v 0.24976486 -0.02683610 0.07934422
v 0.24976492 -0.02717796 0.07927010
v 0.25037059 -0.02664155 0.07844744
v 0.25049686 -0.02648400 0.07772120
v 0.25049686 -0.02687491 0.07763640
v 0.25045380 -0.02696481 0.07806744
v 0.25024107 -0.02707659 0.07865927
v 0.24983673 -0.02716737 0.07920209
v 0.25414684 0.00516194 0.05645548
v 0.25414684 0.00572421 0.05708044
v 0.25414684 0.00019099 0.05596732
v 0.25414684 0.00077829 0.05647788
v 0.25414684 -0.00478625 0.05638637
v 0.25414684 -0.00419414 0.05679440
v 0.25414684 -0.00960560 0.05769879
v 0.25414684 -0.00902374 0.05801921
v 0.25414684 -0.01410807 0.05986128
v 0.25414684 -0.01354606 0.06011060
v 0.25414684 -0.01814511 0.06280252
v 0.25414684 -0.01760708 0.06299736
v 0.25414684 -0.02158355 0.06642546
v 0.25414684 -0.02106851 0.06658116
v 0.25414684 -0.02430995 0.07061059
v 0.25414684 -0.02381248 0.07073999
v 0.25414684 -0.02623438 0.07521984
v 0.25414684 -0.02574555 0.07533221
v 0.25414684 -0.02729333 0.08010115
v 0.25414684 -0.02680188 0.08020144
v 0.25414684 -0.02745189 0.08509348
v 0.25414684 -0.02694552 0.08518185
v 0.25414684 -0.02670481 0.09003215
v 0.25414684 -0.02617155 0.09010387
v 0.25414684 -0.02507675 0.09475423
v 0.25414684 -0.02450635 0.09479986
v 0.25414684 -0.02262141 0.09910393
v 0.25414684 -0.02200661 0.09910991
v 0.25414684 -0.01941980 0.10293776
v 0.25414684 -0.01875747 0.10288725
v 0.25414684 -0.01557753 0.10612924
v 0.25414684 -0.01486957 0.10600325
v 0.25414684 -0.01122136 0.10857308
v 0.25414684 -0.01047530 0.10835178
v 0.25414684 -0.00649500 0.11018867
v 0.25414684 -0.00572431 0.10985289
v 0.25414684 -0.00583031 0.11034152
v 0.25414684 0.00583021 0.05659181
v 0.25414684 0.00649490 0.05674466
v 0.25414684 0.01047520 0.05858154
v 0.25414684 0.01122126 0.05836025
v 0.25414684 0.01486947 0.06093008
v 0.25414684 0.01557743 0.06080409
v 0.25414684 0.01875737 0.06404608
v 0.25414684 0.01941970 0.06399557
v 0.25414684 0.02200651 0.06782342
v 0.25414684 0.02262131 0.06782940
v 0.25414684 0.02450625 0.07213347
v 0.25414684 0.02507665 0.07217909
v 0.25414684 0.02617145 0.07682946
v 0.25414684 0.02670471 0.07690118
v 0.25414684 0.02694542 0.08175147
v 0.25414684 0.02745179 0.08183984
v 0.25414684 0.02680178 0.08673189
v 0.25414684 0.02729323 0.08683218
v 0.25414684 0.02574545 0.09160112
v 0.25414684 0.02623427 0.09171349
v 0.25414684 0.02381238 0.09619334
v 0.25414684 0.02430985 0.09632274
v 0.25414684 0.02106841 0.10035216
v 0.25414684 0.02158345 0.10050786
v 0.25414684 0.01760698 0.10393597
v 0.25414684 0.01814501 0.10413080
v 0.25414684 0.01354596 0.10682273
v 0.25414684 0.01410797 0.10707204
v 0.25414684 0.00902364 0.10891411
v 0.25414684 0.00960550 0.10923453
v 0.25414684 0.00419404 0.11013892
v 0.25414684 0.00478615 0.11054695
v 0.25414684 -0.00077839 0.11045544
v 0.25414684 -0.00019109 0.11096600
v 0.25414684 -0.00516204 0.11047784
v 0.24898900 -0.02553228 0.07875849
v 0.24928513 -0.02543717 0.07832006
v 0.24934685 -0.02536014 0.07796501
v 0.24851564 -0.02558629 0.07900742
v 0.24797808 -0.02558629 0.07900742
v 0.24750473 -0.02553228 0.07875849
v 0.24720858 -0.02543717 0.07832006
v 0.24714686 -0.02536014 0.07796501
v 0.24750473 0.00629507 0.05827871
v 0.24720858 0.00585665 0.05818359
v 0.24714686 0.00550160 0.05810657
v 0.24797808 0.00654401 0.05833271
v 0.24851564 0.00654401 0.05833271
v 0.24898900 0.00629507 0.05827871
v 0.24928513 0.00585665 0.05818359
v 0.24934685 0.00550160 0.05810657
v 0.25054684 0.01294904 0.08556692
v 0.25054684 0.01282020 0.08562100
v 0.25054684 0.01292851 0.08482765
v 0.25054684 0.01248727 0.10035059
v 0.25054684 0.01302345 0.08711061
v 0.25054684 0.01398616 0.09913146
v 0.25054684 0.01343708 0.08709066
v 0.25054684 0.01693742 0.09588125
v 0.25054684 -0.00239276 0.07068875
v 0.25054684 -0.00337755 0.07091308
v 0.25054684 -0.00333612 0.07077964
v 0.25054684 0.01914844 0.09208846
v 0.25054684 0.01378533 0.08686658
v 0.25054684 0.02052257 0.08791886
v 0.25054684 0.01397488 0.08649840
v 0.25054684 0.02088741 0.08563783
v 0.25054684 0.01395494 0.08608477
v 0.25054684 -0.00747258 0.09410439
v 0.25054684 -0.00441550 0.09569384
v 0.25054684 -0.00892263 0.09562828
v 0.25054684 -0.00104824 0.09642433
v 0.25054684 0.00239266 0.09624457
v 0.25054684 0.00566547 0.09516717
v 0.25054684 0.01183394 0.07808553
v 0.25054684 0.00854028 0.09326783
v 0.25054684 0.01081514 0.09067996
v 0.25054684 0.01233025 0.08758537
v 0.25054684 0.01265527 0.08692106
v 0.25054684 0.01256042 0.08681845
v 0.25054684 0.01336267 0.08554698
v 0.25054684 0.01283194 0.08138341
v 0.25054684 0.01373085 0.08573652
v 0.25054684 0.01000462 0.07516566
v 0.25054684 0.00747247 0.07282893
v 0.25054684 0.00913662 0.06851123
v 0.25054684 0.00441539 0.07123949
v 0.25054684 0.00104814 0.07050899
v 0.25054684 -0.00335606 0.07036600
v 0.25054684 -0.00465572 0.07120229
v 0.25054684 -0.00454447 0.07128683
v 0.25054684 -0.00566557 0.07176615
v 0.25054684 -0.00961307 0.09405343
v 0.25054684 -0.00924489 0.09424298
v 0.25054684 -0.00883126 0.09422304
v 0.25054684 -0.00848302 0.09399896
v 0.25054684 -0.00829347 0.09363078
v 0.25054684 -0.00827588 0.09349216
v 0.25054684 -0.00918302 0.09266846
v 0.25054684 -0.00931931 0.09269930
v 0.25054684 -0.01000472 0.09176766
v 0.25054684 -0.00966755 0.09292337
v 0.25054684 -0.01183404 0.08884779
v 0.25054684 -0.00985710 0.09329156
v 0.25054684 -0.01407156 0.09375607
v 0.25054684 -0.00983716 0.09370519
v 0.25054684 -0.01351631 0.09426025
v 0.25054684 -0.01372639 0.09393377
v 0.25054684 -0.00854038 0.07366550
v 0.25054684 -0.01081524 0.07625337
v 0.25054684 -0.01922014 0.09192765
v 0.25054684 -0.02055927 0.08774667
v 0.25054684 -0.01445934 0.09377477
v 0.25054684 -0.02099987 0.08337864
v 0.25054684 -0.00487980 0.07085405
v 0.25054684 -0.00358014 0.07001776
v 0.25054684 -0.00394832 0.06982821
v 0.25054684 -0.00436195 0.06984815
v 0.25054684 -0.00471020 0.07007223
v 0.25054684 -0.00489974 0.07044042
v 0.25054684 -0.01233035 0.07934796
v 0.25054684 -0.01270453 0.08071054
v 0.25054684 -0.01292861 0.08210567
v 0.25054684 -0.01283205 0.08554991
v 0.25054684 -0.01478582 0.09398484
v 0.25054684 -0.01704099 0.09573884
v 0.25054684 -0.01411708 0.09901367
v 0.25054684 -0.01048212 0.09725155
v 0.25054684 -0.01086990 0.09727024
v 0.25054684 -0.01119638 0.09748032
v 0.25054684 -0.01026588 0.10178640
v 0.25054684 -0.01057618 0.10160903
v 0.25054684 -0.00992687 0.09775572
v 0.25054684 -0.01013695 0.09742925
v 0.25054684 -0.01184380 0.09613349
v 0.25054684 -0.01205388 0.09580701
v 0.25054684 -0.01239905 0.09562930
v 0.25054684 -0.01278683 0.09564800
v 0.25054684 -0.01311331 0.09585807
v 0.25054684 -0.00835807 0.09859121
v 0.25054684 -0.00874585 0.09860990
v 0.25054684 -0.00907233 0.09881998
v 0.25054684 -0.00801290 0.09876891
v 0.25054684 -0.00780282 0.09909539
v 0.25054684 0.01042363 0.10169704
v 0.25054684 0.00640554 0.10346587
v 0.25054684 0.00210749 0.10436064
v 0.25054684 -0.00228266 0.10434224
v 0.25054684 -0.00657306 0.10341147
v 0.24594685 0.01343708 0.08709066
v 0.24594685 0.01372686 0.08799540
v 0.24594685 0.01378533 0.08686658
v 0.24594685 0.01448865 0.08750521
v 0.24594685 0.01397488 0.08649840
v 0.24594685 0.01395494 0.08608477
v 0.24594685 0.01373085 0.08573652
v 0.24594685 0.01336267 0.08554698
v 0.24594685 0.01294904 0.08556692
v 0.24594685 0.01260079 0.08579100
v 0.24594685 0.01241125 0.08615918
v 0.24594685 0.01243119 0.08657281
v 0.24594685 0.01152646 0.08686259
v 0.24594685 0.01265527 0.08692106
v 0.24594685 0.01201664 0.08762438
v 0.24594685 0.01302345 0.08711061
v 0.24594685 0.01282205 0.08803901
v 0.24594685 -0.00931931 0.09269930
v 0.24594685 -0.00966755 0.09292337
v 0.24594685 -0.00985710 0.09329156
v 0.24594685 -0.00983716 0.09370519
v 0.24594685 -0.01074188 0.09399497
v 0.24594685 -0.00961307 0.09405343
v 0.24594685 -0.01025170 0.09475675
v 0.24594685 -0.00924489 0.09424298
v 0.24594685 -0.00944630 0.09517138
v 0.24594685 -0.00883126 0.09422304
v 0.24594685 -0.00854148 0.09512777
v 0.24594685 -0.00848302 0.09399896
v 0.24594685 -0.00777970 0.09463759
v 0.24594685 -0.00829347 0.09363078
v 0.24594685 -0.00831341 0.09321714
v 0.24594685 -0.00853749 0.09286890
v 0.24594685 -0.00890568 0.09267935
v 0.24594685 -0.00352566 0.07114782
v 0.24594685 -0.00282235 0.07178645
v 0.24594685 -0.00333612 0.07077964
v 0.24594685 -0.00335606 0.07036600
v 0.24594685 -0.00358014 0.07001776
v 0.24594685 -0.00394832 0.06982821
v 0.24594685 -0.00436195 0.06984815
v 0.24594685 -0.00471020 0.07007223
v 0.24594685 -0.00489974 0.07044042
v 0.24594685 -0.00487980 0.07085405
v 0.24594685 -0.00578453 0.07114383
v 0.24594685 -0.00465572 0.07120229
v 0.24594685 -0.00529435 0.07190561
v 0.24594685 -0.00428754 0.07139184
v 0.24594685 -0.00448895 0.07232025
v 0.24594685 -0.00387391 0.07137190
v 0.24594685 -0.00358413 0.07227663
v 0.25644687 -0.00947546 0.08414977
v 0.25644687 -0.00889918 0.08679163
v 0.25644687 -0.00760195 0.08916412
v 0.25644687 -0.00568886 0.09107504
v 0.25644687 -0.00331490 0.09236957
v 0.25644687 -0.00067238 0.09294284
v 0.25644687 0.00202460 0.09274841
v 0.25644687 0.00455756 0.09180202
v 0.25644687 0.00672128 0.09018035
v 0.25644687 0.00834049 0.08801478
v 0.25644687 0.00928399 0.08548075
v 0.25644687 0.00947536 0.08278355
v 0.25644687 0.01047277 0.08271164
v 0.25644687 0.00889908 0.08014169
v 0.25644687 0.00983583 0.07979169
v 0.25644687 0.00760185 0.07776920
v 0.25644687 0.00840205 0.07716947
v 0.25644687 0.00568876 0.07585829
v 0.25644687 0.00628758 0.07505740
v 0.25644687 0.00331480 0.07456376
v 0.25644687 0.00366373 0.07362661
v 0.25644687 0.00067228 0.07399049
v 0.25644687 0.00074305 0.07299299
v 0.25644687 -0.00202470 0.07418492
v 0.25644687 -0.00223782 0.07320789
v 0.25644687 -0.00455766 0.07513130
v 0.25644687 -0.00503741 0.07425389
v 0.25644687 -0.00672138 0.07675297
v 0.25644687 -0.00742889 0.07604627
v 0.25644687 -0.00834059 0.07891854
v 0.25644687 -0.00921854 0.07843979
v 0.25644687 -0.00928409 0.08145257
v 0.25064686 0.01989794 0.09941408
v 0.25064686 0.02248947 0.09548630
v 0.25064686 0.02431514 0.09114920
v 0.25064686 0.02531279 0.08655049
v 0.25064686 0.02544844 0.08184676
v 0.25064686 0.02471748 0.07719819
v 0.25064686 0.02314479 0.07276309
v 0.25064686 0.02078393 0.06869248
v 0.25064686 0.01771529 0.06512500
v 0.25064686 0.01404338 0.06218211
v 0.25064686 0.00989324 0.05996405
v 0.25064686 0.00540619 0.05854634
v 0.25064686 0.00073504 0.05797726
v 0.25064686 0.00074225 0.05772736
v 0.25064686 -0.00396114 0.05827619
v 0.25064686 -0.00399997 0.05802923
v 0.25064686 -0.00852243 0.05943295
v 0.25064686 -0.00860598 0.05919733
v 0.25064686 -0.01279350 0.06140816
v 0.25064686 -0.01291893 0.06119190
v 0.25064686 -0.01662891 0.06413454
v 0.25064686 -0.01679194 0.06394500
v 0.25064686 -0.01989804 0.06751925
v 0.25064686 -0.02009312 0.06736290
v 0.25064686 -0.02248957 0.07144703
v 0.25064686 -0.02271005 0.07132919
v 0.25064686 -0.02431524 0.07578412
v 0.25064686 -0.02455363 0.07570881
v 0.25064686 -0.02531289 0.08038284
v 0.25064686 -0.02556106 0.08035260
v 0.25064686 -0.02544854 0.08508657
v 0.25064686 -0.02569804 0.08510245
v 0.25064686 -0.02471758 0.08973514
v 0.25064686 -0.02495991 0.08979659
v 0.25064686 -0.02314489 0.09417024
v 0.25064686 -0.02337180 0.09427518
v 0.25064686 -0.02078403 0.09824084
v 0.25064686 -0.02098779 0.09838568
v 0.25064686 -0.01771539 0.10180833
v 0.25064686 -0.01788907 0.10198815
v 0.25064686 -0.01404348 0.10475121
v 0.25064686 -0.01418116 0.10495988
v 0.25064686 -0.00989334 0.10696927
v 0.25064686 -0.00999033 0.10719969
v 0.25064686 -0.00540629 0.10838699
v 0.25064686 -0.00073515 0.10895606
v 0.25064686 0.00396104 0.10865713
v 0.25064686 0.00852233 0.10750037
v 0.25064686 0.01279340 0.10552517
v 0.25064686 0.01662881 0.10279879
v 0.24750473 0.02518791 0.08976179
v 0.24720858 0.02528302 0.08932336
v 0.24714686 0.02536004 0.08896831
v 0.24797808 0.02513390 0.09001072
v 0.24851564 0.02513390 0.09001072
v 0.24898900 0.02518791 0.08976179
v 0.24928513 0.02528302 0.08932336
v 0.24934685 0.02536004 0.08896831
v 0.24898900 -0.00470822 0.10899889
v 0.24928513 -0.00514665 0.10890378
v 0.24934685 -0.00550170 0.10882676
v 0.24851564 -0.00445929 0.10905290
v 0.24797808 -0.00445929 0.10905290
v 0.24750473 -0.00470822 0.10899889
v 0.24720858 -0.00514665 0.10890378
v 0.24714686 -0.00550170 0.10882676
v 0.23664686 0.01018960 0.09445442
v 0.23664686 0.01198881 0.09005440
v 0.23664686 0.01218486 0.08957498
v 0.23664686 0.00780910 0.09706298
v 0.23664686 0.00501069 0.09921710
v 0.23664686 0.00187988 0.10085094
v 0.23664686 -0.00148762 0.10191455
v 0.23664686 -0.00498890 0.10237545
v 0.23664686 -0.00592047 0.10219011
v 0.23664686 -0.00666149 0.10159590
v 0.23664686 -0.00704481 0.10072686
v 0.23664686 -0.01246968 0.09954998
v 0.23664686 -0.01142445 0.09861162
v 0.23664686 -0.01006664 0.09825192
v 0.23664686 -0.00869393 0.09854972
v 0.23664686 -0.00760725 0.09943973
v 0.23664686 -0.01502391 0.10019844
v 0.23664686 -0.01409928 0.10041579
v 0.23664686 -0.01317866 0.10018206
v 0.23664686 -0.01819560 0.09819390
v 0.23664686 -0.02094185 0.09563736
v 0.23664686 -0.02316791 0.09261703
v 0.23664686 -0.02479699 0.08923710
v 0.23664686 -0.02577287 0.08561420
v 0.23664686 -0.02584358 0.08543080
v 0.23664686 -0.02597951 0.08528882
v 0.23664686 -0.02615965 0.08521021
v 0.23664686 -0.02743551 0.08493342
v 0.23664686 -0.02781814 0.08433878
v 0.23664686 -0.02780568 0.08459730
v 0.23664686 -0.02766562 0.08481496
v 0.23664686 -0.02495601 0.07114568
v 0.23664686 -0.02721311 0.08154989
v 0.23664686 -0.02436137 0.07076304
v 0.23664686 -0.02461989 0.07077551
v 0.23664686 -0.02483754 0.07091556
v 0.23664686 -0.02308551 0.07103983
v 0.23664686 -0.02288898 0.07104293
v 0.23664686 -0.02270644 0.07097005
v 0.23664686 -0.02256610 0.07083244
v 0.23664686 -0.02017668 0.06793960
v 0.23664686 -0.01729348 0.06553858
v 0.23664686 -0.01430363 0.06384177
v 0.23664686 -0.01401596 0.06371220
v 0.23664686 -0.01045721 0.06252348
v 0.23664686 -0.00674001 0.06201341
v 0.23664686 -0.00580843 0.06219876
v 0.23664686 -0.00506742 0.06279296
v 0.23664686 -0.00468410 0.06366201
v 0.23664686 0.00074077 0.06483889
v 0.23664686 -0.00030446 0.06577723
v 0.23664686 -0.00166227 0.06613694
v 0.23664686 -0.00303498 0.06583914
v 0.23664686 -0.00412166 0.06494913
v 0.23664686 0.00154778 0.06415811
v 0.23664686 0.00109854 0.06444428
v 0.23664686 0.00347718 0.06507766
v 0.23664686 0.00322927 0.06550292
v 0.23664686 0.00417958 0.06605691
v 0.23664686 0.00401235 0.06623564
v 0.23664686 0.00378412 0.06632411
v 0.23664686 0.00354011 0.06630479
v 0.23664686 0.00332865 0.06618152
v 0.23664686 0.00319161 0.06597870
v 0.23664686 0.00315614 0.06573651
v 0.23664686 0.00442749 0.06563164
v 0.23664686 0.00865505 0.06917775
v 0.23664686 0.00666733 0.06725441
v 0.23664686 0.00827941 0.06949586
v 0.23664686 0.00899029 0.07033530
v 0.23664686 0.00873281 0.07045679
v 0.23664686 0.00844909 0.07043326
v 0.23664686 0.00821513 0.07027102
v 0.23664686 0.00809364 0.07001355
v 0.23664686 0.00811717 0.06972982
v 0.23664686 0.00936593 0.07001718
v 0.23664686 0.01253109 0.07572496
v 0.23664686 0.01118900 0.07273771
v 0.23664686 0.01206230 0.07587511
v 0.23664686 0.01239784 0.07692268
v 0.23664686 0.01215396 0.07694361
v 0.23664686 0.01192515 0.07685664
v 0.23664686 0.01175674 0.07667901
v 0.23664686 0.01168208 0.07644590
v 0.23664686 0.01171595 0.07620349
v 0.23664686 0.01185165 0.07599977
v 0.23664686 0.01286662 0.07677254
v 0.23664686 0.01344965 0.08488061
v 0.23664686 0.01358533 0.08079585
v 0.23664686 0.01296126 0.08480115
v 0.23664686 0.01281674 0.08568948
v 0.23664686 0.01260434 0.08559384
v 0.23664686 0.01246822 0.08540482
v 0.23664686 0.01244484 0.08517306
v 0.23664686 0.01254048 0.08496065
v 0.23664686 0.01272950 0.08482453
v 0.23664686 0.01330513 0.08576893
v 0.23664686 0.01297832 0.08721438
v 0.23664686 0.01319226 0.08632862
v 0.23664686 0.01250326 0.08707600
v 0.23664686 0.01225156 0.08794009
v 0.23664686 0.01205240 0.08781928
v 0.23664686 0.01194032 0.08761508
v 0.23664686 0.01194536 0.08738220
v 0.23664686 0.01206617 0.08718304
v 0.23664686 0.01227037 0.08707096
v 0.23664686 0.01272662 0.08807847
v 0.23664686 0.00840365 0.08528977
v 0.23664686 0.00814303 0.08579602
v 0.23664686 0.00766419 0.08610414
v 0.23664686 0.00709545 0.08613156
v 0.23664686 0.00658919 0.08587093
v 0.23664686 0.00628108 0.08539210
v 0.23664686 0.00625366 0.08482335
v 0.23664686 -0.01386469 0.09242215
v 0.23664686 -0.01412532 0.09292840
v 0.23664686 -0.01460416 0.09323651
v 0.23664686 -0.01517290 0.09326393
v 0.23664686 -0.01567915 0.09300330
v 0.23664686 -0.01598726 0.09252447
v 0.23664686 -0.01601468 0.09195573
v 0.23664686 -0.00890734 0.06957100
v 0.23664686 -0.00916797 0.07007726
v 0.23664686 -0.00964680 0.07038537
v 0.23664686 -0.01021555 0.07041279
v 0.23664686 -0.01072180 0.07015216
v 0.23664686 -0.01102991 0.06967333
v 0.23664686 -0.01105733 0.06910458
v 0.25514686 -0.00572431 0.10985289
v 0.25514686 -0.01047530 0.10835178
v 0.25514686 -0.01486957 0.10600325
v 0.25514686 -0.01875747 0.10288725
v 0.25514686 -0.02200661 0.09910991
v 0.25514686 -0.02450635 0.09479986
v 0.25514686 -0.02617155 0.09010387
v 0.25514686 -0.02694552 0.08518185
v 0.25514686 -0.02680188 0.08020144
v 0.25514686 -0.02574555 0.07533221
v 0.25514686 -0.02381248 0.07073999
v 0.25514686 -0.02106851 0.06658116
v 0.25514686 -0.01760708 0.06299736
v 0.25514686 -0.01354606 0.06011060
v 0.25514686 -0.00902374 0.05801921
v 0.25514686 -0.00419414 0.05679440
v 0.25514686 0.00077829 0.05647788
v 0.25514686 0.00572421 0.05708044
v 0.25066617 0.01282020 0.08562100
v 0.25084642 0.01270443 0.08622279
v 0.25414684 0.01270443 0.08622279
v 0.25083846 0.01272768 0.08611335
v 0.25414684 0.01292851 0.08482765
v 0.25066617 -0.00454447 0.07128683
v 0.25414684 -0.00566557 0.07176615
v 0.25083846 -0.00407183 0.07112079
v 0.25414684 -0.00239276 0.07068875
v 0.25079367 -0.00367553 0.07099707
v 0.25066617 -0.00337755 0.07091308
v 0.25414684 -0.00854038 0.07366550
v 0.25414684 -0.01081524 0.07625337
v 0.25414684 -0.01233035 0.07934796
v 0.25414684 -0.01270453 0.08071054
v 0.25414684 0.01283194 0.08138341
v 0.25414684 0.01183394 0.07808553
v 0.25414684 0.01000462 0.07516566
v 0.25414684 0.00747247 0.07282893
v 0.25414684 0.00441539 0.07123949
v 0.25414684 0.00104814 0.07050899
v 0.25066617 0.01256042 0.08681845
v 0.25066617 0.01243119 0.08657281
v 0.25066617 0.01241125 0.08615918
v 0.25066617 -0.00352566 0.07114782
v 0.25066617 -0.00428754 0.07139184
v 0.25066617 -0.00387391 0.07137190
v 0.25914687 0.00928399 0.08548075
v 0.25914687 0.00834049 0.08801478
v 0.25914687 0.00672128 0.09018035
v 0.25914687 0.00455756 0.09180202
v 0.25914687 0.00202460 0.09274841
v 0.25914687 -0.00067238 0.09294284
v 0.25914687 -0.00331490 0.09236957
v 0.25914687 -0.00568886 0.09107504
v 0.25914687 -0.00760195 0.08916412
v 0.25914687 -0.00889918 0.08679163
v 0.25914687 -0.00947546 0.08414977
v 0.25914687 -0.00928409 0.08145257
v 0.26764685 -0.00540629 0.10838699
v 0.26764685 -0.00073515 0.10895606
v 0.26764685 0.00396104 0.10865713
v 0.26764685 0.00852233 0.10750037
v 0.26764685 0.01279340 0.10552517
v 0.26764685 0.01662881 0.10279879
v 0.26764685 0.01989794 0.09941408
v 0.26764685 0.02248947 0.09548630
v 0.26764685 0.02431514 0.09114920
v 0.26764685 0.02531279 0.08655049
v 0.26764685 0.02544844 0.08184676
v 0.26764685 0.02471748 0.07719819
v 0.26764685 0.02314479 0.07276309
v 0.26764685 0.02078393 0.06869248
v 0.26764685 0.01771529 0.06512500
v 0.26764685 0.01404338 0.06218211
v 0.26764685 0.00989324 0.05996405
v 0.26764685 0.00540619 0.05854634
v 0.23664686 -0.01470648 0.09111394
v 0.23664686 -0.01853549 0.08343242
v 0.23664686 -0.01527522 0.09114136
v 0.23664686 -0.01575406 0.09144948
v 0.23664686 -0.01420022 0.09137457
v 0.23664686 -0.01389211 0.09185341
v 0.23664686 -0.02330177 0.08525970
v 0.23664686 -0.02753733 0.08434083
v 0.23664686 -0.02694450 0.08160816
v 0.23664686 -0.02620167 0.07818405
v 0.23664686 -0.02183132 0.07848157
v 0.23664686 -0.02049566 0.07232478
v 0.23664686 -0.02473121 0.07140592
v 0.23664686 -0.02606687 0.07756270
v 0.23664686 -0.02196611 0.07910291
v 0.23664686 -0.02270895 0.08252703
v 0.23664686 -0.01079670 0.06859833
v 0.23664686 -0.00924287 0.06852343
v 0.23664686 -0.00974912 0.06826280
v 0.23664686 0.00699313 0.08400898
v 0.23664686 0.00756187 0.08398157
v 0.23664686 0.00806812 0.08424219
v 0.23664686 0.00837624 0.08472103
v 0.23664686 -0.00893476 0.06900226
v 0.23664686 0.00651429 0.08431710
v 0.23664686 -0.01031787 0.06829022
v 0.25514686 -0.01683977 0.06172559
v 0.25514686 -0.02035923 0.06498007
v 0.25514686 -0.02326009 0.06879626
v 0.25514686 -0.02545421 0.07305820
v 0.25514686 -0.02687491 0.07763640
v 0.25514686 -0.02747904 0.08239175
v 0.25514686 -0.02724822 0.08717975
v 0.25514686 -0.02618949 0.09185494
v 0.25514686 -0.02433501 0.09627525
v 0.25514686 -0.02174112 0.10030638
v 0.25514686 -0.01848664 0.10382584
v 0.25514686 -0.01467045 0.10672670
v 0.25514686 -0.01040851 0.10892082
v 0.25514686 -0.00583031 0.11034152
v 0.25514686 -0.00077839 0.11045544
v 0.25514686 -0.00107497 0.11094565
v 0.25514686 0.00419404 0.11013892
v 0.25514686 0.00371304 0.11071484
v 0.25514686 0.00902364 0.10891411
v 0.25514686 0.00838822 0.10965610
v 0.25514686 0.01354596 0.10682273
v 0.25514686 0.01280854 0.10780162
v 0.25514686 0.01683966 0.10520773
v 0.25514686 0.01760698 0.10393597
v 0.25514686 0.02035913 0.10195325
v 0.25514686 0.02106841 0.10035216
v 0.25514686 0.02325999 0.09813706
v 0.25514686 0.02381238 0.09619334
v 0.25514686 0.02545411 0.09387512
v 0.25514686 0.02574545 0.09160112
v 0.25514686 0.02687481 0.08929692
v 0.25514686 0.02680178 0.08673189
v 0.25514686 0.02747894 0.08454158
v 0.25514686 0.02694542 0.08175147
v 0.25514686 0.02724812 0.07975358
v 0.25514686 0.02617145 0.07682946
v 0.25514686 0.02618939 0.07507839
v 0.25514686 0.02450625 0.07213347
v 0.25514686 0.02433491 0.07065808
v 0.25514686 0.02200651 0.06782342
v 0.25514686 0.02174102 0.06662694
v 0.25514686 0.01875737 0.06404608
v 0.25514686 0.01848654 0.06310748
v 0.25514686 0.01486947 0.06093008
v 0.25514686 0.01467035 0.06020662
v 0.25514686 0.01047520 0.05858154
v 0.25514686 0.01040841 0.05801251
v 0.25514686 0.00583021 0.05659181
v 0.25514686 0.00107487 0.05598768
v 0.25514686 -0.00371314 0.05621849
v 0.25514686 -0.00838832 0.05727722
v 0.25514686 -0.01280864 0.05913170
v 0.25066617 0.01260079 0.08579100
v 0.25066617 -0.00827588 0.09349216
v 0.25066617 -0.00831341 0.09321714
v 0.25083846 -0.00865600 0.09316587
v 0.25066617 -0.00918302 0.09266846
v 0.25079367 -0.00896130 0.09288452
v 0.25066617 -0.00890568 0.09267935
v 0.25066617 -0.00853749 0.09286890
v 0.25414684 -0.01202044 0.08085895
v 0.25414684 -0.01088924 0.07774691
v 0.25414684 -0.01049437 0.07779522
v 0.25414684 -0.00985307 0.07610404
v 0.25414684 -0.00961448 0.07651260
v 0.25414684 -0.01008923 0.07767361
v 0.25414684 -0.00977061 0.07739537
v 0.25414684 -0.00959553 0.07701031
v 0.25414684 0.01202034 0.08607438
v 0.25414684 0.01227947 0.08275712
v 0.25414684 -0.00751913 0.07373253
v 0.25414684 -0.00463496 0.07207335
v 0.25414684 -0.00141161 0.07124793
v 0.25414684 0.00191504 0.07131667
v 0.25414684 0.00510154 0.07227454
v 0.25414684 0.00791472 0.07405144
v 0.25414684 0.01014869 0.07651734
v 0.25414684 0.01163999 0.07949179
v 0.25414684 0.01233025 0.08758537
v 0.25414684 0.01093583 0.08909663
v 0.25414684 0.01081514 0.09067996
v 0.25414684 0.00910606 0.09173521
v 0.25414684 0.00854028 0.09326783
v 0.25414684 0.00665572 0.09381030
v 0.25414684 0.00566547 0.09516717
v 0.25414684 0.00375180 0.09518049
v 0.25414684 0.00239266 0.09624457
v 0.25414684 0.00059219 0.09575240
v 0.25414684 -0.00104824 0.09642433
v 0.25414684 -0.00260777 0.09548705
v 0.25414684 -0.00441550 0.09569384
v 0.25414684 -0.00563002 0.09440254
v 0.25414684 -0.00747258 0.09410439
v 0.25414684 -0.00826860 0.09257277
v 0.25414684 -0.01000472 0.09176766
v 0.25414684 -0.01034369 0.09012243
v 0.25414684 -0.01183404 0.08884779
v 0.25414684 -0.01171387 0.08721851
v 0.25414684 -0.01283205 0.08554991
v 0.25414684 -0.01228578 0.08405890
v 0.25414684 -0.01292861 0.08210567
v 0.25914687 -0.00834059 0.07891854
v 0.25914687 -0.00921854 0.07843979
v 0.25914687 -0.00672138 0.07675297
v 0.25914687 -0.00742889 0.07604627
v 0.25914687 -0.00455766 0.07513130
v 0.25914687 -0.00503741 0.07425389
v 0.25914687 -0.00202470 0.07418492
v 0.25914687 -0.00223782 0.07320789
v 0.25914687 0.00067228 0.07399049
v 0.25914687 0.00074305 0.07299299
v 0.25914687 0.00331480 0.07456376
v 0.25914687 0.00366373 0.07362661
v 0.25914687 0.00568876 0.07585829
v 0.25914687 0.00628758 0.07505740
v 0.25914687 0.00760185 0.07776920
v 0.25914687 0.00840205 0.07716947
v 0.25914687 0.00889908 0.08014169
v 0.25914687 0.00983583 0.07979169
v 0.25914687 0.00947536 0.08278355
v 0.25914687 0.01047277 0.08271164
v 0.25914687 0.01026126 0.08569276
v 0.25914687 0.00921844 0.08849353
v 0.25914687 0.00742879 0.09088706
v 0.25914687 0.00503730 0.09267943
v 0.25914687 0.00223772 0.09372544
v 0.25914687 -0.00074316 0.09394033
v 0.25914687 -0.00366383 0.09330672
v 0.25914687 -0.00628768 0.09187593
v 0.25914687 -0.00840215 0.08976386
v 0.25914687 -0.00983593 0.08714163
v 0.25914687 -0.01047287 0.08422168
v 0.25914687 -0.01026136 0.08124056
v 0.26814684 -0.00530029 0.10789835
v 0.26814684 -0.00072073 0.10845628
v 0.26814684 0.00388337 0.10816320
v 0.26814684 0.00835522 0.10702912
v 0.26814684 0.01254255 0.10509264
v 0.26814684 0.01630275 0.10241973
v 0.26814684 0.01950778 0.09910138
v 0.26814684 0.02204850 0.09525061
v 0.26814684 0.02383837 0.09099856
v 0.26814684 0.02481646 0.08649002
v 0.26814684 0.02494945 0.08187852
v 0.26814684 0.02423282 0.07732110
v 0.26814684 0.02269097 0.07297296
v 0.26814684 0.02037640 0.06898218
v 0.26814684 0.01736793 0.06548464
v 0.26814684 0.01376802 0.06259946
v 0.26814684 0.00969925 0.06042488
v 0.26814684 0.00530019 0.05903497
v 0.23344685 -0.02473121 0.07140592
v 0.23344685 -0.02049566 0.07232478
v 0.23344685 -0.02183132 0.07848157
v 0.23344685 -0.02606687 0.07756270
v 0.23344685 -0.02620167 0.07818405
v 0.23344685 -0.02196611 0.07910291
v 0.23344685 -0.02330177 0.08525970
v 0.23344685 -0.02753733 0.08434083
v 0.25614685 0.00583021 0.05659181
v 0.25614685 0.00107487 0.05598768
v 0.25614685 -0.00371314 0.05621849
v 0.25614685 -0.00838832 0.05727722
v 0.25614685 -0.01280864 0.05913170
v 0.25614685 -0.01683977 0.06172559
v 0.25614685 -0.02035923 0.06498007
v 0.25614685 -0.02326009 0.06879626
v 0.25614685 -0.02545421 0.07305820
v 0.25614685 -0.02687491 0.07763640
v 0.25614685 -0.02747904 0.08239175
v 0.25614685 -0.02724822 0.08717975
v 0.25614685 -0.02618949 0.09185494
v 0.25614685 -0.02433501 0.09627525
v 0.25614685 -0.02174112 0.10030638
v 0.25614685 -0.01848664 0.10382584
v 0.25614685 -0.01467045 0.10672670
v 0.25614685 -0.01040851 0.10892082
v 0.25614685 -0.00583031 0.11034152
v 0.26414686 -0.00985307 0.07610404
v 0.26414686 -0.00961448 0.07651260
v 0.26413414 -0.00986206 0.07609484
v 0.25514686 -0.00985307 0.07610404
v 0.26412141 -0.00987117 0.07608576
v 0.25514686 -0.00987117 0.07608576
v 0.26414686 -0.00959553 0.07701031
v 0.25514686 -0.00751913 0.07373253
v 0.25514686 -0.00463496 0.07207335
v 0.25514686 -0.00141161 0.07124793
v 0.25514686 0.00191504 0.07131667
v 0.25514686 0.00510154 0.07227454
v 0.25514686 0.00791472 0.07405144
v 0.25514686 0.01014869 0.07651734
v 0.25514686 0.01163999 0.07949179
v 0.25514686 0.01227947 0.08275712
v 0.25514686 0.01202034 0.08607438
v 0.26364687 0.01026126 0.08569276
v 0.26364687 0.00921844 0.08849353
v 0.26364687 0.00742879 0.09088706
v 0.26364687 0.00503730 0.09267943
v 0.26364687 0.00223772 0.09372544
v 0.26364687 -0.00074316 0.09394033
v 0.26364687 -0.00366383 0.09330672
v 0.26364687 -0.00628768 0.09187593
v 0.26364687 -0.00840215 0.08976386
v 0.26364687 -0.00983593 0.08714163
v 0.26364687 -0.01047287 0.08422168
v 0.26364687 -0.01026136 0.08124056
v 0.26814684 -0.00190814 0.09226207
v 0.26814684 0.00090318 0.09242123
v 0.26814684 0.00362609 0.09170384
v 0.26814684 -0.00453268 0.09124196
v 0.26814684 -0.00969935 0.10650844
v 0.26814684 -0.00823723 0.08709280
v 0.26814684 -0.02037650 0.09795115
v 0.26814684 -0.00671354 0.08946075
v 0.26814684 -0.01736803 0.10144868
v 0.26814684 -0.01376812 0.10433387
v 0.26814684 0.00823713 0.07984053
v 0.26814684 0.00671344 0.07747258
v 0.26814684 0.00453258 0.07569136
v 0.26814684 0.00777525 0.08799929
v 0.26814684 0.00879536 0.08537475
v 0.26814684 0.00895451 0.08256343
v 0.26814684 0.00599404 0.09018015
v 0.26814684 -0.00895461 0.08436990
v 0.26814684 -0.02423292 0.08961222
v 0.26814684 -0.02269107 0.09396036
v 0.26814684 -0.00879546 0.08155858
v 0.26814684 -0.02481656 0.08044331
v 0.26814684 -0.02494955 0.08505481
v 0.26814684 -0.00599414 0.07675318
v 0.26814684 -0.01950788 0.06783194
v 0.26814684 -0.00777535 0.07893404
v 0.26814684 -0.02204860 0.07168271
v 0.26814684 -0.02383848 0.07593476
v 0.26814684 0.00190804 0.07467125
v 0.26814684 0.00072063 0.05847705
v 0.26814684 -0.00090328 0.07451210
v 0.26814684 -0.00388347 0.05877012
v 0.26814684 -0.00362619 0.07522948
v 0.26814684 -0.00835532 0.05990421
v 0.26814684 -0.01254265 0.06184068
v 0.26814684 -0.01630285 0.06451360
v 0.25614685 0.02200651 0.06782342
v 0.25614685 0.02433491 0.07065808
v 0.25614685 0.02450625 0.07213347
v 0.25614685 0.02618939 0.07507839
v 0.25614685 0.02617145 0.07682946
v 0.25614685 0.02724812 0.07975358
v 0.25614685 0.02694542 0.08175147
v 0.25614685 0.02747894 0.08454158
v 0.25614685 0.02680178 0.08673189
v 0.25614685 0.02687481 0.08929692
v 0.25614685 0.02574545 0.09160112
v 0.25614685 0.02545411 0.09387512
v 0.25614685 0.02381238 0.09619334
v 0.25614685 0.02325999 0.09813706
v 0.25614685 0.02106841 0.10035216
v 0.25614685 0.02035913 0.10195325
v 0.25614685 0.01760698 0.10393597
v 0.25614685 0.01683966 0.10520773
v 0.25614685 0.01354596 0.10682273
v 0.25614685 0.01280854 0.10780162
v 0.25614685 0.00902364 0.10891411
v 0.25614685 0.00838822 0.10965610
v 0.25614685 0.00419404 0.11013892
v 0.25614685 0.00371304 0.11071484
v 0.25614685 -0.00077839 0.11045544
v 0.25614685 -0.00107497 0.11094565
v 0.25614685 -0.00572431 0.10985289
v 0.25614685 -0.01047530 0.10835178
v 0.25614685 -0.01486957 0.10600325
v 0.25614685 -0.01875747 0.10288725
v 0.25614685 -0.02200661 0.09910991
v 0.25614685 -0.02450635 0.09479986
v 0.25614685 -0.02617155 0.09010387
v 0.25614685 -0.02694552 0.08518185
v 0.25614685 -0.02680188 0.08020144
v 0.25614685 -0.02574555 0.07533221
v 0.25614685 -0.02381248 0.07073999
v 0.25614685 -0.02106851 0.06658116
v 0.25614685 -0.01760708 0.06299736
v 0.25614685 -0.01354606 0.06011060
v 0.25614685 -0.00902374 0.05801921
v 0.25614685 -0.00419414 0.05679440
v 0.25614685 0.00077829 0.05647788
v 0.25614685 0.00572421 0.05708044
v 0.25614685 0.01047520 0.05858154
v 0.25614685 0.01040841 0.05801251
v 0.25614685 0.01486947 0.06093008
v 0.25614685 0.01467035 0.06020662
v 0.25614685 0.01875737 0.06404608
v 0.25614685 0.01848654 0.06310748
v 0.25614685 0.02174102 0.06662694
v 0.25514686 -0.00992973 0.07596424
v 0.25514686 -0.00990876 0.07603460
v 0.25514686 -0.01202044 0.08085895
v 0.25514686 -0.01088924 0.07774691
v 0.25514686 -0.01091354 0.07773846
v 0.25514686 -0.01105549 0.07774060
v 0.25514686 -0.01112192 0.07778388
v 0.25514686 -0.01097746 0.07772653
v 0.25514686 -0.01116025 0.07783640
v 0.25514686 -0.01221590 0.08081654
v 0.25514686 -0.01228578 0.08405890
v 0.25514686 -0.01248555 0.08406854
v 0.25514686 -0.01171387 0.08721851
v 0.25514686 -0.01190434 0.08727951
v 0.25514686 -0.01034369 0.09012243
v 0.25514686 -0.01051188 0.09023065
v 0.25514686 -0.00826860 0.09257277
v 0.25514686 -0.00840304 0.09272084
v 0.25514686 -0.00563002 0.09440254
v 0.25514686 -0.00572156 0.09458036
v 0.25514686 -0.00260777 0.09548705
v 0.25514686 -0.00265017 0.09568251
v 0.25514686 0.00059219 0.09575240
v 0.25514686 0.00060182 0.09595216
v 0.25514686 0.00375180 0.09518049
v 0.25514686 0.00381280 0.09537096
v 0.25514686 0.00665572 0.09381030
v 0.25514686 0.00676394 0.09397849
v 0.25514686 0.00910606 0.09173521
v 0.25514686 0.00925412 0.09186965
v 0.25514686 0.01093583 0.08909663
v 0.25514686 0.01111365 0.08918817
v 0.25514686 0.01221579 0.08611678
v 0.25514686 0.01248030 0.08276608
v 0.25514686 0.01184246 0.07946603
v 0.25514686 0.01034838 0.07645524
v 0.25514686 0.00810609 0.07395139
v 0.25514686 0.00527771 0.07213550
v 0.25514686 0.00206774 0.07113888
v 0.25514686 -0.00129174 0.07103358
v 0.25514686 -0.00455782 0.07182722
v 0.25514686 -0.00749437 0.07346240
v 0.25514686 -0.00988906 0.07582092
v 0.25514686 -0.00992629 0.07590085
v 0.26406223 -0.00990799 0.07603621
v 0.26401633 -0.00992659 0.07598455
v 0.26396599 -0.00992629 0.07590085
v 0.26414686 -0.00973084 0.07594325
v 0.26394728 -0.00989683 0.07583165
v 0.26394686 -0.00988906 0.07582092
v 0.26394686 -0.00749437 0.07346240
v 0.26414686 -0.00737446 0.07362247
v 0.26394686 -0.00455782 0.07182722
v 0.26414686 -0.00448490 0.07201345
v 0.26394686 -0.00129174 0.07103358
v 0.26414686 -0.00127107 0.07123251
v 0.26394686 0.00206774 0.07113888
v 0.26414686 0.00203465 0.07133612
v 0.26394686 0.00527771 0.07213550
v 0.26414686 0.00519326 0.07231680
v 0.26394686 0.00810609 0.07395139
v 0.26414686 0.00797639 0.07410363
v 0.26394686 0.01034838 0.07645524
v 0.26414686 0.01018280 0.07656742
v 0.26394686 0.01184246 0.07946603
v 0.26414686 0.01165298 0.07953005
v 0.26394686 0.01248030 0.08276608
v 0.26414686 0.01228062 0.08277729
v 0.26394686 0.01221579 0.08611678
v 0.26414686 0.01202034 0.08607438
v 0.26414686 -0.01008923 0.07767361
v 0.26414686 -0.00965752 0.07820041
v 0.26414686 -0.01049437 0.07779522
v 0.26414686 -0.01074999 0.08113456
v 0.26414686 -0.00977061 0.07739537
v 0.26414686 -0.00778265 0.07569291
v 0.26414686 -0.00527728 0.07381519
v 0.26414686 -0.00383829 0.09377529
v 0.26414686 -0.00563002 0.09440254
v 0.26414686 -0.00658710 0.09227636
v 0.26414686 -0.00826860 0.09257277
v 0.26414686 -0.00880225 0.09006372
v 0.26414686 -0.01034369 0.09012243
v 0.26414686 -0.01030431 0.08731662
v 0.26414686 -0.01171387 0.08721851
v 0.26414686 -0.01097158 0.08425763
v 0.26414686 -0.01228578 0.08405890
v 0.26414686 -0.01202044 0.08085895
v 0.26414686 -0.01098169 0.07792649
v 0.26414686 -0.01088924 0.07774691
v 0.26414686 -0.00234438 0.07271938
v 0.26414686 0.00077844 0.07249425
v 0.26414686 0.00383819 0.07315803
v 0.26414686 0.00658699 0.07465696
v 0.26414686 0.00880215 0.07686960
v 0.26414686 0.01030421 0.07961670
v 0.26414686 0.01097147 0.08267570
v 0.26414686 0.01074989 0.08579877
v 0.26414686 0.00965741 0.08873291
v 0.26414686 0.01093583 0.08909663
v 0.26414686 0.00778255 0.09124041
v 0.26414686 0.00910606 0.09173521
v 0.26414686 0.00527718 0.09311813
v 0.26414686 0.00665572 0.09381030
v 0.26414686 0.00234428 0.09421395
v 0.26414686 0.00375180 0.09518049
v 0.26414686 -0.00077854 0.09443908
v 0.26414686 0.00059219 0.09575240
v 0.26414686 -0.00260777 0.09548705
v 0.26412141 -0.01091354 0.07773846
v 0.26409829 -0.01093607 0.07773165
v 0.26395845 -0.01111963 0.07778198
v 0.26394686 -0.01116025 0.07783640
v 0.26406074 -0.01097567 0.07772628
v 0.26400328 -0.01104611 0.07773715
v 0.26904684 -0.00190814 0.09226207
v 0.26904684 0.00090318 0.09242123
v 0.26904684 0.00362609 0.09170384
v 0.26904684 0.00599404 0.09018015
v 0.26904684 0.00777525 0.08799929
v 0.26904684 0.00879536 0.08537475
v 0.26904684 0.00895451 0.08256343
v 0.26904684 0.00823713 0.07984053
v 0.26904684 0.00671344 0.07747258
v 0.26904684 0.00453258 0.07569136
v 0.26904684 0.00190804 0.07467125
v 0.25714687 -0.00572431 0.10985289
v 0.25714687 -0.01047530 0.10835178
v 0.25714687 -0.01486957 0.10600325
v 0.25714687 -0.01875747 0.10288725
v 0.25714687 -0.02200661 0.09910991
v 0.25714687 -0.02450635 0.09479986
v 0.25714687 -0.02617155 0.09010387
v 0.25714687 -0.02694552 0.08518185
v 0.25714687 -0.02680188 0.08020144
v 0.25714687 -0.02574555 0.07533221
v 0.25714687 -0.02381248 0.07073999
v 0.25714687 -0.02106851 0.06658116
v 0.25714687 -0.01760708 0.06299736
v 0.25714687 -0.01354606 0.06011060
v 0.25714687 -0.00902374 0.05801921
v 0.25714687 -0.00419414 0.05679440
v 0.25714687 0.00077829 0.05647788
v 0.25714687 0.00572421 0.05708044
v 0.26394686 -0.01221590 0.08081654
v 0.26904684 0.01791734 0.06855971
v 0.26904684 0.01695049 0.06936412
v 0.26904684 0.00762827 0.06277823
v 0.26904684 0.01420931 0.10583504
v 0.26904684 0.01329510 0.10639021
v 0.26904684 0.01490690 0.10138405
v 0.26904684 0.00806339 0.06159817
v 0.26904684 0.00885421 0.06042161
v 0.26904684 0.01009697 0.05973953
v 0.26904684 0.01804101 0.06405609
v 0.26904684 0.01876501 0.06509287
v 0.26904684 0.01899750 0.06633586
v 0.26904684 0.02630545 0.08667142
v 0.26904684 0.02583052 0.08938539
v 0.26904684 0.02186844 0.09153010
v 0.26904684 0.02068838 0.09109499
v 0.26904684 0.01904943 0.09457160
v 0.26904684 0.00373784 0.10519753
v 0.26904684 0.01683168 0.09771080
v 0.26904684 0.01410250 0.10041720
v 0.26904684 -0.00762837 0.10415509
v 0.26904684 -0.01695059 0.09756920
v 0.26904684 -0.02227038 0.07528617
v 0.26904684 -0.01914195 0.09441153
v 0.26904684 -0.02075170 0.09092130
v 0.26904684 0.01151417 0.05970423
v 0.26904684 0.01226685 0.05997681
v 0.26904684 0.01459410 0.06134742
v 0.26904684 0.01869715 0.06756423
v 0.26904684 0.02529465 0.09053079
v 0.26904684 0.02433443 0.09135362
v 0.26904684 0.02312046 0.09170770
v 0.26904684 0.00533688 0.10848442
v 0.26904684 0.00442326 0.10761013
v 0.26904684 0.00395105 0.10643705
v 0.26904684 -0.02173092 0.08720455
v 0.26904684 -0.02511173 0.07618412
v 0.26904684 -0.02381042 0.07535742
v 0.26904684 -0.01556462 0.06316605
v 0.26904684 -0.01510992 0.06198608
v 0.26904684 -0.01549273 0.06442855
v 0.26904684 -0.01420941 0.06109829
v 0.26904684 -0.01490700 0.06554928
v 0.26904684 -0.01329521 0.06054312
v 0.26904684 -0.01410260 0.06651612
v 0.26904684 -0.00778957 0.05813736
v 0.26904684 -0.00627171 0.05807303
v 0.26904684 -0.00519100 0.05854458
v 0.26904684 0.02529901 0.08008736
v 0.26904684 0.02613904 0.08108518
v 0.26904684 0.02411492 0.07954033
v 0.26904684 0.02647621 0.08234518
v 0.26904684 0.02297034 0.07951556
v 0.26904684 0.02173082 0.07972877
v 0.26904684 0.02075160 0.07601203
v 0.26904684 0.01914185 0.07252180
v 0.26904684 -0.01459420 0.10558590
v 0.26904684 -0.01804111 0.10287723
v 0.26904684 -0.01791744 0.09837361
v 0.26904684 -0.02536318 0.08679567
v 0.26904684 -0.02615772 0.08581191
v 0.26904684 -0.02423387 0.08736466
v 0.26904684 -0.02647631 0.08458815
v 0.26904684 -0.02297044 0.08741777
v 0.26904684 -0.02630555 0.08026190
v 0.26904684 -0.02583062 0.07754793
v 0.26904684 -0.00437550 0.05939618
v 0.26904684 -0.00395115 0.06049627
v 0.26904684 -0.00885664 0.05849046
v 0.26904684 -0.00373794 0.06173579
v 0.26904684 0.01549263 0.10250477
v 0.26904684 0.01556452 0.10376728
v 0.26904684 0.01510982 0.10494725
v 0.26904684 -0.00090328 0.07451210
v 0.26904684 -0.00895461 0.08436990
v 0.26904684 -0.00823723 0.08709280
v 0.26904684 -0.02068848 0.07583834
v 0.26904684 -0.02186854 0.07540322
v 0.26904684 -0.00979861 0.10709628
v 0.26904684 -0.01104785 0.10729249
v 0.26904684 -0.00874120 0.10640277
v 0.26904684 -0.01226695 0.10695651
v 0.26904684 -0.00806349 0.10533515
v 0.26904684 -0.01876511 0.10184045
v 0.26904684 -0.01899760 0.10059746
v 0.26904684 -0.01869725 0.09936909
v 0.26904684 0.00652959 0.10890458
v 0.26904684 0.00778947 0.10879596
v 0.26904684 0.00885654 0.10844287
v 0.26904684 -0.00362619 0.07522948
v 0.26904684 -0.00599414 0.07675318
v 0.26904684 -0.01683178 0.06922252
v 0.26904684 -0.00777535 0.07893404
v 0.26904684 -0.01904953 0.07236172
v 0.26904684 -0.00879546 0.08155858
v 0.26904684 -0.00671354 0.08946075
v 0.26904684 -0.00453268 0.09124196
v 0.26904684 -0.00391997 0.10516544
v 0.26904684 -0.00009247 0.10551647
v 0.26904684 0.00047718 0.06142183
v 0.26904684 0.00467476 0.06191791
v 0.25714687 -0.01683977 0.06172559
v 0.25714687 -0.02035923 0.06498007
v 0.25714687 -0.02326009 0.06879626
v 0.25714687 -0.02545421 0.07305820
v 0.25714687 -0.02687491 0.07763640
v 0.25714687 -0.02747904 0.08239175
v 0.25714687 -0.02724822 0.08717975
v 0.25714687 -0.02618949 0.09185494
v 0.25714687 -0.02433501 0.09627525
v 0.25714687 -0.02174112 0.10030638
v 0.25714687 -0.01848664 0.10382584
v 0.25714687 -0.01467045 0.10672670
v 0.25714687 -0.01040851 0.10892082
v 0.25714687 -0.00583031 0.11034152
v 0.25714687 -0.00077839 0.11045544
v 0.25714687 -0.00107497 0.11094565
v 0.25714687 0.00419404 0.11013892
v 0.25714687 0.00371304 0.11071484
v 0.25714687 0.00902364 0.10891411
v 0.25714687 0.00838822 0.10965610
v 0.25714687 0.01354596 0.10682273
v 0.25714687 0.01280854 0.10780162
v 0.25714687 0.01683966 0.10520773
v 0.25714687 0.01760698 0.10393597
v 0.25714687 0.02035913 0.10195325
v 0.25714687 0.02106841 0.10035216
v 0.25714687 0.02325999 0.09813706
v 0.25714687 0.02381238 0.09619334
v 0.25714687 0.02545411 0.09387512
v 0.25714687 0.02574545 0.09160112
v 0.25714687 0.02687481 0.08929692
v 0.25714687 0.02680178 0.08673189
v 0.25714687 0.02747894 0.08454158
v 0.25714687 0.02694542 0.08175147
v 0.25714687 0.02724812 0.07975358
v 0.25714687 0.02617145 0.07682946
v 0.25714687 0.02618939 0.07507839
v 0.25714687 0.02450625 0.07213347
v 0.25714687 0.02433491 0.07065808
v 0.25714687 0.02200651 0.06782342
v 0.25714687 0.02174102 0.06662694
v 0.25714687 0.01875737 0.06404608
v 0.25714687 0.01848654 0.06310748
v 0.25714687 0.01486947 0.06093008
v 0.25714687 0.01467035 0.06020662
v 0.25714687 0.01047520 0.05858154
v 0.25714687 0.01040841 0.05801251
v 0.25714687 0.00583021 0.05659181
v 0.25714687 0.00107487 0.05598768
v 0.25714687 -0.00371314 0.05621849
v 0.25714687 -0.00838832 0.05727722
v 0.25714687 -0.01280864 0.05913170
v 0.27964684 0.00778947 0.10879596
v 0.27964684 0.00561820 0.05756907
v 0.28214687 0.00561820 0.05756907
v 0.27964684 0.01028121 0.05904238
v 0.28214687 0.01028121 0.05904238
v 0.27964684 0.01226685 0.05997681
v 0.28214687 0.01459410 0.06134742
v 0.27964684 0.01804101 0.06405609
v 0.27964684 0.01841001 0.06440572
v 0.28214687 0.01841001 0.06440572
v 0.27964684 0.02159898 0.06811310
v 0.28214687 0.02159898 0.06811310
v 0.27964684 0.02405243 0.07234334
v 0.28214687 0.02405243 0.07234334
v 0.27964684 0.02568679 0.07695237
v 0.28214687 0.02568679 0.07695237
v 0.27964684 0.02644643 0.08178323
v 0.28214687 0.02644643 0.08178323
v 0.27964684 0.02647621 0.08234518
v 0.28214687 0.02630545 0.08667142
v 0.27964684 0.02583052 0.08938539
v 0.27964684 0.02526868 0.09145048
v 0.28214687 0.02526868 0.09145048
v 0.27964684 0.02337141 0.09595765
v 0.28214687 0.02337141 0.09595765
v 0.27964684 0.02067825 0.10003947
v 0.28214687 0.02067825 0.10003947
v 0.27964684 0.01728092 0.10355691
v 0.28214687 0.01728092 0.10355691
v 0.27964684 0.01420931 0.10583504
v 0.28214687 0.01329510 0.10639021
v 0.28214687 -0.00561830 0.10936426
v 0.27964684 -0.00561830 0.10936426
v 0.28214687 -0.00076397 0.10995565
v 0.27964684 -0.00076397 0.10995565
v 0.28214687 0.00411637 0.10964499
v 0.27964684 0.00411637 0.10964499
v 0.28214687 0.00885654 0.10844287
v 0.27964684 -0.01804111 0.10287723
v 0.27964684 -0.01876511 0.10184045
v 0.27964684 -0.01899760 0.10059746
v 0.27964684 -0.01869725 0.09936909
v 0.27964684 -0.01791744 0.09837361
v 0.27884686 -0.01695059 0.09756920
v 0.27964684 -0.01756557 0.09808087
v 0.27884686 -0.01914195 0.09441153
v 0.27884686 -0.02075170 0.09092130
v 0.27884686 -0.02173092 0.08720455
v 0.27964684 -0.02251934 0.08734017
v 0.27964684 -0.02297044 0.08741777
v 0.27964684 -0.02423387 0.08736466
v 0.27964684 -0.02536318 0.08679567
v 0.27964684 -0.02615772 0.08581191
v 0.27964684 -0.02647631 0.08458815
v 0.27964684 -0.02583062 0.07754793
v 0.27964684 -0.02511173 0.07618412
v 0.27964684 -0.02381042 0.07535742
v 0.27964684 -0.02227038 0.07528617
v 0.27884686 -0.02068848 0.07583834
v 0.27964684 -0.02143908 0.07556158
v 0.27964684 -0.02186854 0.07540322
v 0.27884686 -0.01904953 0.07236172
v 0.27884686 -0.01683178 0.06922252
v 0.27884686 -0.01410260 0.06651612
v 0.27964684 -0.01461425 0.06590114
v 0.27964684 -0.01490700 0.06554928
v 0.27964684 -0.01549273 0.06442855
v 0.27964684 -0.01556462 0.06316605
v 0.27964684 -0.01510992 0.06198608
v 0.27964684 -0.01420941 0.06109829
v 0.27964684 -0.00778957 0.05813736
v 0.27964684 -0.00627171 0.05807303
v 0.27884686 -0.00373794 0.06173579
v 0.27964684 -0.00387356 0.06094737
v 0.27964684 -0.00395115 0.06049627
v 0.27884686 0.00047718 0.06142183
v 0.27884686 0.00467476 0.06191791
v 0.27884686 0.00762827 0.06277823
v 0.27964684 0.00790504 0.06202763
v 0.27964684 0.00806339 0.06159817
v 0.27964684 0.00885421 0.06042161
v 0.27964684 0.01009697 0.05973953
v 0.27964684 0.01151417 0.05970423
v 0.27964684 0.01876501 0.06509287
v 0.27964684 0.01899750 0.06633586
v 0.27964684 0.01869715 0.06756423
v 0.27964684 0.01791734 0.06855971
v 0.27884686 0.01695049 0.06936412
v 0.27964684 0.01756547 0.06885246
v 0.27884686 0.01914185 0.07252180
v 0.27884686 0.02075160 0.07601203
v 0.27884686 0.02173082 0.07972877
v 0.27964684 0.02251924 0.07959315
v 0.27964684 0.02297034 0.07951556
v 0.27964684 0.02411492 0.07954033
v 0.27964684 0.02529465 0.09053079
v 0.27964684 0.02433443 0.09135362
v 0.27964684 0.02312046 0.09170770
v 0.27964684 0.02186844 0.09153010
v 0.27884686 0.02068838 0.09109499
v 0.27964684 0.02143898 0.09137175
v 0.27884686 0.01904943 0.09457160
v 0.27884686 0.01683168 0.09771080
v 0.27884686 0.01410250 0.10041720
v 0.27964684 0.01461415 0.10103218
v 0.27964684 0.01490690 0.10138405
v 0.27964684 0.01549263 0.10250477
v 0.27964684 0.01556452 0.10376728
v 0.27964684 0.01510982 0.10494725
v 0.27964684 0.00652959 0.10890458
v 0.27964684 0.00533688 0.10848442
v 0.27964684 0.00442326 0.10761013
v 0.27964684 0.00395105 0.10643705
v 0.27884686 0.00373784 0.10519753
v 0.27964684 0.00387346 0.10598595
v 0.27884686 -0.00009247 0.10551647
v 0.27884686 -0.00391997 0.10516544
v 0.27884686 -0.00762837 0.10415509
v 0.27964684 -0.00790514 0.10490569
v 0.27964684 -0.00806349 0.10533515
v 0.27964684 -0.00874120 0.10640277
v 0.27964684 -0.00979861 0.10709628
v 0.27964684 -0.01104785 0.10729249
v 0.27964684 -0.01226695 0.10695651
v 0.25814685 0.00583021 0.05659181
v 0.25814685 0.00107487 0.05598768
v 0.25814685 -0.00371314 0.05621849
v 0.25814685 -0.00838832 0.05727722
v 0.25814685 -0.01280864 0.05913170
v 0.25814685 -0.01683977 0.06172559
v 0.25814685 -0.02035923 0.06498007
v 0.25814685 -0.02326009 0.06879626
v 0.25814685 -0.02545421 0.07305820
v 0.25814685 -0.02687491 0.07763640
v 0.25814685 -0.02747904 0.08239175
v 0.25814685 -0.02724822 0.08717975
v 0.25814685 -0.02618949 0.09185494
v 0.25814685 -0.02433501 0.09627525
v 0.25814685 -0.02174112 0.10030638
v 0.25814685 -0.01848664 0.10382584
v 0.25814685 -0.01467045 0.10672670
v 0.25814685 -0.01040851 0.10892082
v 0.25814685 -0.00583031 0.11034152
v 0.28168896 -0.02493166 0.09099051
v 0.28164685 -0.02492990 0.09084927
v 0.28164685 -0.02520224 0.08985805
v 0.28164685 0.00074946 0.05747747
v 0.28164685 0.00495036 0.05794229
v 0.28167492 0.00503942 0.05793111
v 0.28174686 0.00553340 0.05795998
v 0.28171101 -0.01906121 0.06568985
v 0.28214687 -0.01728102 0.06337641
v 0.28174058 -0.01922000 0.06581791
v 0.28214687 -0.02067835 0.06689386
v 0.28171104 -0.01952784 0.06620371
v 0.28168935 -0.01957200 0.06628667
v 0.28214687 -0.02405253 0.09458999
v 0.28171104 -0.02471410 0.09174674
v 0.28214687 -0.02568689 0.08998096
v 0.28174058 -0.02489429 0.09128725
v 0.28174686 -0.00553350 0.10897335
v 0.28174463 -0.00561773 0.10895267
v 0.28164685 -0.00607145 0.10874784
v 0.28214687 -0.01028131 0.10789095
v 0.28214687 0.00076387 0.05697767
v 0.28214687 -0.00411647 0.05728833
v 0.28164685 -0.00403881 0.05778226
v 0.28214687 -0.00885664 0.05849046
v 0.28164685 -0.00868953 0.05896171
v 0.28214687 -0.01329521 0.06054312
v 0.28164685 -0.01304435 0.06097564
v 0.28164685 -0.01695496 0.06375547
v 0.28164685 -0.01885849 0.06556808
v 0.28164685 -0.02594754 0.08511833
v 0.28214687 -0.02644653 0.08515009
v 0.28164685 -0.02580922 0.08032237
v 0.28214687 -0.02630555 0.08026190
v 0.28164685 -0.02479201 0.07563348
v 0.28214687 -0.02526878 0.07548285
v 0.28164685 -0.02293054 0.07121135
v 0.28214687 -0.02337151 0.07097567
v 0.28164685 -0.02028820 0.06720655
v 0.28164685 -0.01962960 0.06641729
v 0.28164685 -0.01008733 0.10743011
v 0.28164685 -0.01431884 0.10516856
v 0.28214687 -0.01459420 0.10558590
v 0.28164685 -0.01806275 0.10216797
v 0.28214687 -0.01841011 0.10252761
v 0.28164685 -0.02119155 0.09853053
v 0.28214687 -0.02159908 0.09882022
v 0.28164685 -0.02359871 0.09438011
v 0.28164685 -0.02458001 0.09194166
v 0.27964684 -0.02159908 0.09882022
v 0.27964684 -0.02086824 0.09794567
v 0.27964684 -0.02022194 0.09791451
v 0.27964684 -0.02306745 0.08971827
v 0.27964684 -0.01841011 0.10252761
v 0.27964684 -0.02240704 0.09178015
v 0.27964684 -0.02211088 0.09120486
v 0.27964684 -0.02150459 0.09119176
v 0.27964684 -0.02214203 0.09055857
v 0.27964684 -0.02249216 0.09001444
v 0.27964684 -0.02644653 0.08515009
v 0.27964684 -0.02568689 0.08998096
v 0.27964684 -0.02405253 0.09458999
v 0.27964684 -0.02152864 0.09588378
v 0.27964684 -0.02417276 0.09186527
v 0.27964684 -0.02098451 0.09553365
v 0.27964684 -0.01941280 0.09634279
v 0.27964684 -0.01983644 0.09480862
v 0.27964684 -0.01976293 0.09579866
v 0.27964684 -0.02033821 0.09550250
v 0.27964684 -0.02359747 0.09216144
v 0.27964684 -0.02295118 0.09213028
v 0.27964684 -0.02371375 0.08974943
v 0.27964684 -0.02425788 0.09009955
v 0.27964684 -0.02455405 0.09067484
v 0.27964684 -0.02452289 0.09132113
v 0.27964684 -0.02182481 0.09645907
v 0.27964684 -0.02179366 0.09710537
v 0.27964684 -0.02144353 0.09764950
v 0.27964684 -0.01967781 0.09756438
v 0.27964684 -0.01938164 0.09698910
v 0.27964684 0.00201992 0.10701283
v 0.27964684 0.00144464 0.10671666
v 0.27964684 -0.00611970 0.10656942
v 0.27964684 -0.00406219 0.10595269
v 0.27964684 -0.00009582 0.10631646
v 0.27964684 -0.00400386 0.10702843
v 0.27964684 0.00156091 0.10912868
v 0.27964684 -0.01028131 0.10789095
v 0.27964684 -0.00435399 0.10648430
v 0.27964684 -0.00492927 0.10618813
v 0.27964684 -0.00557557 0.10621929
v 0.27964684 0.00240121 0.10820325
v 0.27964684 0.00210504 0.10877854
v 0.27964684 0.00237005 0.10755696
v 0.27964684 -0.00641587 0.10714471
v 0.27964684 -0.00638471 0.10779101
v 0.27964684 -0.00603458 0.10833514
v 0.27964684 -0.00545930 0.10863131
v 0.27964684 -0.00001081 0.10831953
v 0.27964684 0.00033932 0.10886366
v 0.27964684 0.00091461 0.10915983
v 0.27964684 0.00079834 0.10674781
v 0.27964684 0.00025421 0.10709795
v 0.27964684 -0.00004196 0.10767324
v 0.27964684 -0.00397270 0.10767473
v 0.27964684 -0.00426887 0.10825001
v 0.27964684 -0.00481300 0.10860015
v 0.27964684 0.02262310 0.09375541
v 0.27964684 0.02204781 0.09345924
v 0.27964684 0.02297323 0.09429954
v 0.27964684 0.01906354 0.10077683
v 0.27964684 0.01935971 0.10020154
v 0.27964684 0.02300438 0.09494584
v 0.27964684 0.02270822 0.09552112
v 0.27964684 0.02216408 0.09587125
v 0.27964684 0.02151779 0.09590241
v 0.27964684 0.02094250 0.09560625
v 0.27964684 0.02140151 0.09349040
v 0.27964684 0.02085738 0.09384052
v 0.27964684 0.01974057 0.09497450
v 0.27964684 0.02056121 0.09441581
v 0.27964684 0.02059237 0.09506211
v 0.27964684 0.01932856 0.09955525
v 0.27964684 0.01897843 0.09901112
v 0.27964684 0.01840314 0.09871495
v 0.27964684 0.01744235 0.09822760
v 0.27964684 0.01775684 0.09874610
v 0.27964684 0.01721271 0.09909623
v 0.27964684 0.01691654 0.09967152
v 0.27964684 0.01694770 0.10031781
v 0.27964684 0.01729783 0.10086194
v 0.27964684 0.01787311 0.10115811
v 0.27964684 0.01851941 0.10112696
v 0.27964684 0.02022184 0.06901881
v 0.27964684 0.02086814 0.06898766
v 0.27964684 0.01967771 0.06936894
v 0.27964684 0.02098441 0.07139967
v 0.27964684 0.02152854 0.07104954
v 0.27964684 0.02452279 0.07561219
v 0.27964684 0.02182471 0.07047425
v 0.27964684 0.02179356 0.06982796
v 0.27964684 0.02144342 0.06928383
v 0.27964684 0.01938154 0.06994423
v 0.27964684 0.01941270 0.07059053
v 0.27964684 0.01983634 0.07212470
v 0.27964684 0.01976283 0.07113466
v 0.27964684 0.02033811 0.07143083
v 0.27964684 0.02613904 0.08108518
v 0.27964684 0.02455395 0.07625849
v 0.27964684 0.02425778 0.07683377
v 0.27964684 0.02529901 0.08008736
v 0.27964684 0.02371365 0.07718390
v 0.27964684 0.02306735 0.07721506
v 0.27964684 0.02417266 0.07506806
v 0.27964684 0.02359737 0.07477189
v 0.27964684 0.02295108 0.07480305
v 0.27964684 0.02240694 0.07515317
v 0.27964684 0.02150449 0.07574157
v 0.27964684 0.02211078 0.07572846
v 0.27964684 0.02214193 0.07637475
v 0.27964684 0.02249206 0.07691889
v 0.27964684 -0.00033942 0.05806966
v 0.27964684 -0.00091471 0.05777349
v 0.27964684 0.00076387 0.05697767
v 0.27964684 -0.00156101 0.05780465
v 0.27964684 -0.00411647 0.05728833
v 0.27964684 -0.00519100 0.05854458
v 0.27964684 -0.00240131 0.05873007
v 0.27964684 -0.00210514 0.05815478
v 0.27964684 0.00611960 0.06036391
v 0.27964684 -0.00437550 0.05939618
v 0.27964684 -0.00237015 0.05937636
v 0.27964684 -0.00202002 0.05992050
v 0.27964684 -0.00144474 0.06021666
v 0.27964684 0.00049449 0.06062201
v 0.27964684 0.00001071 0.05861379
v 0.27964684 0.00481290 0.05833318
v 0.27964684 0.00641577 0.05978862
v 0.27964684 0.00638461 0.05914232
v 0.27964684 0.00603448 0.05859819
v 0.27964684 0.00545920 0.05830202
v 0.27964684 -0.00079844 0.06018551
v 0.27964684 -0.00025431 0.05983538
v 0.27964684 0.00004186 0.05926009
v 0.27964684 0.00426877 0.05868331
v 0.27964684 0.00397260 0.05925860
v 0.27964684 0.00400375 0.05990489
v 0.27964684 0.00435389 0.06044902
v 0.27964684 0.00484437 0.06113610
v 0.27964684 0.00492917 0.06074519
v 0.27964684 0.00557547 0.06071404
v 0.27964684 -0.02526878 0.07548285
v 0.27964684 -0.02067835 0.06689386
v 0.27964684 -0.02151789 0.07103091
v 0.27964684 -0.02216419 0.07106207
v 0.27964684 -0.02337151 0.07097567
v 0.27964684 -0.02300449 0.07198749
v 0.27964684 -0.02270832 0.07141220
v 0.27964684 -0.02262320 0.07317791
v 0.27964684 -0.02297333 0.07263378
v 0.27964684 -0.02204791 0.07347408
v 0.27964684 -0.02140161 0.07344293
v 0.27964684 -0.02085748 0.07309280
v 0.27964684 -0.01974067 0.07195882
v 0.27964684 -0.02056132 0.07251751
v 0.27964684 -0.02059247 0.07187121
v 0.27964684 -0.01906364 0.06615650
v 0.27964684 -0.01728102 0.06337641
v 0.27964684 -0.01840324 0.06821838
v 0.27964684 -0.01775694 0.06818722
v 0.27964684 -0.01744245 0.06870573
v 0.27964684 -0.01721281 0.06783710
v 0.27964684 -0.01691664 0.06726181
v 0.27964684 -0.01694780 0.06661551
v 0.27964684 -0.01935981 0.06673178
v 0.27964684 -0.01932866 0.06737808
v 0.27964684 -0.01897853 0.06792221
v 0.27964684 -0.02094260 0.07132708
v 0.27964684 -0.01729793 0.06607138
v 0.27964684 -0.01787321 0.06577521
v 0.27964684 -0.01851951 0.06580637
v 0.25814685 0.02200651 0.06782342
v 0.25814685 0.02433491 0.07065808
v 0.25814685 0.02450625 0.07213347
v 0.25814685 0.02618939 0.07507839
v 0.25814685 0.02617145 0.07682946
v 0.25814685 0.02724812 0.07975358
v 0.25814685 0.02694542 0.08175147
v 0.25814685 0.02747894 0.08454158
v 0.25814685 0.02680178 0.08673189
v 0.25814685 0.02687481 0.08929692
v 0.25814685 0.02574545 0.09160112
v 0.25814685 0.02545411 0.09387512
v 0.25814685 0.02381238 0.09619334
v 0.25814685 0.02325999 0.09813706
v 0.25814685 0.02106841 0.10035216
v 0.25814685 0.02035913 0.10195325
v 0.25814685 0.01760698 0.10393597
v 0.25814685 0.01683966 0.10520773
v 0.25814685 0.01354596 0.10682273
v 0.25814685 0.01280854 0.10780162
v 0.25814685 0.00902364 0.10891411
v 0.25814685 0.00838822 0.10965610
v 0.25814685 0.00419404 0.11013892
v 0.25814685 0.00371304 0.11071484
v 0.25814685 -0.00077839 0.11045544
v 0.25814685 -0.00107497 0.11094565
v 0.25814685 -0.00572431 0.10985289
v 0.25814685 -0.01047530 0.10835178
v 0.25814685 -0.01486957 0.10600325
v 0.25814685 -0.01875747 0.10288725
v 0.25814685 -0.02200661 0.09910991
v 0.25814685 -0.02450635 0.09479986
v 0.25814685 -0.02617155 0.09010387
v 0.25814685 -0.02694552 0.08518185
v 0.25814685 -0.02680188 0.08020144
v 0.25814685 -0.02574555 0.07533221
v 0.25814685 -0.02381248 0.07073999
v 0.25814685 -0.02106851 0.06658116
v 0.25814685 -0.01760708 0.06299736
v 0.25814685 -0.01354606 0.06011060
v 0.25814685 -0.00902374 0.05801921
v 0.25814685 -0.00419414 0.05679440
v 0.25814685 0.00077829 0.05647788
v 0.25814685 0.00572421 0.05708044
v 0.25814685 0.01047520 0.05858154
v 0.25814685 0.01040841 0.05801251
v 0.25814685 0.01486947 0.06093008
v 0.25814685 0.01467035 0.06020662
v 0.25814685 0.01875737 0.06404608
v 0.25814685 0.01848654 0.06310748
v 0.25814685 0.02174102 0.06662694
v 0.28664684 0.01906341 0.10124184
v 0.28174058 0.01921990 0.10111542
v 0.28664684 0.01957148 0.10064752
v 0.28171104 0.01952774 0.10072961
v 0.28664684 0.01833438 0.10152445
v 0.28164685 0.01885839 0.10136524
v 0.28171101 0.01906111 0.10124347
v 0.28664684 0.01779891 0.10150015
v 0.28164685 0.01779891 0.10150015
v 0.28164685 0.01833438 0.10152445
v 0.28164685 0.01847734 0.09837290
v 0.28664684 0.01847734 0.09837290
v 0.28164685 0.01897474 0.09857268
v 0.28664684 0.01897474 0.09857268
v 0.28164685 0.01952113 0.09913198
v 0.28664684 0.01952113 0.09913198
v 0.28164685 0.01973724 0.09988341
v 0.28664684 0.01973724 0.09988341
v 0.28164685 0.01962950 0.10051603
v 0.28168935 0.01957190 0.10064666
v 0.28164685 -0.02284442 0.09246360
v 0.28164685 -0.01973735 0.06704992
v 0.28164685 -0.02367168 0.09250348
v 0.28164685 -0.02416908 0.09230370
v 0.28164685 -0.02476581 0.09022886
v 0.28164685 0.02520213 0.07707528
v 0.28164685 0.02492980 0.07608406
v 0.28164685 0.02476571 0.07670446
v 0.28164685 0.02359861 0.07255322
v 0.28164685 0.02119145 0.06840280
v 0.28164685 0.02284432 0.07446972
v 0.28164685 0.02367158 0.07442985
v 0.28164685 0.02416898 0.07462963
v 0.28164685 0.02457991 0.07499166
v 0.28164685 0.00868943 0.10797162
v 0.28164685 0.01304425 0.10595769
v 0.28164685 -0.00359517 0.10735659
v 0.28164685 0.00359507 0.05957673
v 0.28164685 -0.01176939 0.06517608
v 0.28164685 -0.01657460 0.06733601
v 0.28164685 -0.01511156 0.06782362
v 0.28164685 -0.01695369 0.06807238
v 0.28164685 -0.01787300 0.07107231
v 0.28164685 -0.01765018 0.06852055
v 0.28164685 -0.01994760 0.07479730
v 0.28164685 -0.01847744 0.06856042
v 0.28164685 0.01695486 0.10317785
v 0.28164685 0.01706254 0.10112106
v 0.28164685 0.01176929 0.10175724
v 0.28164685 0.01661438 0.10042457
v 0.28164685 0.01511146 0.09910970
v 0.28164685 -0.00495046 0.10899103
v 0.28164685 -0.00074956 0.10945585
v 0.28164685 -0.00426900 0.10871504
v 0.28164685 -0.00376094 0.10812071
v 0.28164685 0.02174670 0.08384251
v 0.28164685 0.02125552 0.08807787
v 0.28164685 0.02580912 0.08661095
v 0.28164685 0.02479191 0.09129984
v 0.28164685 0.02293044 0.09572197
v 0.28164685 0.02028809 0.09972677
v 0.28164685 0.00426890 0.05821829
v 0.28164685 0.00376083 0.05881261
v 0.28164685 0.01994750 0.09213603
v 0.28164685 0.01765008 0.09841278
v 0.28164685 0.01787290 0.09586102
v 0.28164685 0.01695359 0.09886095
v 0.28164685 0.01657450 0.09959731
v 0.28164685 0.00866931 0.06351911
v 0.28164685 0.01239431 0.06559371
v 0.28164685 0.00662753 0.06023460
v 0.28164685 -0.01897484 0.06836064
v 0.28164685 -0.02125562 0.07885545
v 0.28164685 -0.02174680 0.08309081
v 0.28164685 -0.01952123 0.06780135
v 0.28164685 -0.00657729 0.10821427
v 0.28164685 -0.00679340 0.10746284
v 0.28164685 -0.00662763 0.10669873
v 0.28164685 -0.00866941 0.10341421
v 0.28164685 -0.01239441 0.10133962
v 0.28164685 0.00797483 0.10370187
v 0.28164685 0.00387390 0.10486888
v 0.28164685 -0.00037590 0.10521341
v 0.28164685 -0.00381128 0.10660516
v 0.28164685 0.00403870 0.10915107
v 0.28164685 0.00607135 0.05818548
v 0.28164685 0.00657719 0.05871905
v 0.28164685 0.01008723 0.05950321
v 0.28164685 0.00679330 0.05947048
v 0.28164685 0.01431874 0.06176477
v 0.28164685 0.01806265 0.06476536
v 0.28164685 0.01564299 0.06835515
v 0.28164685 0.01829052 0.07169732
v 0.28164685 -0.01833448 0.06540888
v 0.28164685 -0.01779901 0.06543317
v 0.28164685 -0.01706265 0.06581226
v 0.28164685 -0.01661448 0.06650875
v 0.28164685 -0.00797493 0.06323145
v 0.28164685 -0.00387400 0.06206444
v 0.28164685 0.00037580 0.06171991
v 0.28164685 0.00381118 0.06032816
v 0.28164685 -0.01564309 0.09857817
v 0.28164685 -0.01829062 0.09523600
v 0.28164685 0.02594743 0.08181499
v 0.28164685 0.02425765 0.07729879
v 0.28164685 0.02352862 0.07758139
v 0.28164685 0.02299315 0.07755710
v 0.28164685 0.02140217 0.07959270
v 0.28164685 0.02225678 0.07717801
v 0.28164685 0.02023516 0.07549178
v 0.28164685 0.02180861 0.07648152
v 0.28164685 0.02176873 0.07565426
v 0.28164685 0.02214783 0.07491789
v 0.28164685 0.00611947 0.06082892
v 0.28164685 0.00539044 0.06111152
v 0.28164685 0.00461116 0.06221109
v 0.28164685 0.00485497 0.06108724
v 0.28164685 0.00435757 0.06088745
v 0.28164685 -0.02425775 0.08963454
v 0.28164685 -0.02352872 0.08935193
v 0.28164685 -0.02299325 0.08937623
v 0.28164685 -0.02140227 0.08734062
v 0.28164685 -0.02225688 0.08975532
v 0.28164685 -0.02023526 0.09144154
v 0.28164685 -0.02180871 0.09045181
v 0.28164685 -0.02176883 0.09127907
v 0.28164685 -0.02214793 0.09201544
v 0.28164685 -0.00611957 0.10610440
v 0.28164685 -0.00539054 0.10582180
v 0.28164685 -0.00461126 0.10472223
v 0.28164685 -0.00485507 0.10584609
v 0.28164685 -0.00435767 0.10604587
v 0.28664684 -0.00485507 0.10584609
v 0.28664684 -0.00435767 0.10604587
v 0.28664684 -0.00381128 0.10660516
v 0.28664684 -0.00359517 0.10735659
v 0.28664684 -0.00376094 0.10812071
v 0.28664684 -0.00426900 0.10871504
v 0.28664684 -0.00499803 0.10899764
v 0.28167492 -0.00503952 0.10900222
v 0.28664684 -0.00553350 0.10897335
v 0.28664684 -0.02299325 0.08937623
v 0.28664684 -0.02225688 0.08975532
v 0.28664684 -0.02180871 0.09045181
v 0.28664684 -0.02176883 0.09127907
v 0.28664684 -0.02214793 0.09201544
v 0.28664684 -0.02284442 0.09246360
v 0.28664684 -0.02367168 0.09250348
v 0.28664684 -0.01779901 0.06543317
v 0.28664684 -0.01706265 0.06581226
v 0.28664684 -0.01661448 0.06650875
v 0.28664684 -0.01657460 0.06733601
v 0.28664684 -0.01695369 0.06807238
v 0.28664684 -0.01765018 0.06852055
v 0.28664684 -0.01847744 0.06856042
v 0.28664684 0.00553340 0.05795998
v 0.28174463 0.00561763 0.05798066
v 0.28664684 0.00603080 0.05815976
v 0.28664684 0.00657719 0.05871905
v 0.28664684 0.00485497 0.06108724
v 0.28664684 0.00539044 0.06111152
v 0.28664684 0.00611947 0.06082892
v 0.28664684 0.00662753 0.06023460
v 0.28664684 0.00679330 0.05947048
v 0.28664684 0.02367158 0.07442985
v 0.28664684 0.02416898 0.07462963
v 0.28664684 0.02471536 0.07518892
v 0.28664684 0.02493148 0.07594035
v 0.28174058 0.02489419 0.07564608
v 0.28171104 0.02471400 0.07518658
v 0.28664684 0.02476571 0.07670446
v 0.28168896 0.02493156 0.07594281
v 0.28664684 0.02299315 0.07755710
v 0.28664684 0.02352862 0.07758139
v 0.28664684 0.02425765 0.07729879
v 0.27214685 -0.02306745 0.08971827
v 0.27214685 -0.02249216 0.09001444
v 0.27214685 -0.02214203 0.09055857
v 0.27214685 -0.02211088 0.09120486
v 0.27214685 -0.02240704 0.09178015
v 0.27214685 -0.02295118 0.09213028
v 0.27214685 -0.02359747 0.09216144
v 0.27614686 -0.02033821 0.09550250
v 0.27614686 -0.01976293 0.09579866
v 0.27614686 -0.01941280 0.09634279
v 0.27614686 -0.01938164 0.09698910
v 0.27614686 -0.01967781 0.09756438
v 0.27614686 -0.02022194 0.09791451
v 0.27614686 -0.02086824 0.09794567
v 0.27614686 0.00144464 0.10671666
v 0.27614686 0.00201992 0.10701283
v 0.27614686 0.00237005 0.10755696
v 0.27614686 0.00240121 0.10820325
v 0.27614686 0.00210504 0.10877854
v 0.27614686 0.00156091 0.10912868
v 0.27614686 0.00091461 0.10915983
v 0.27214685 -0.00492927 0.10618813
v 0.27214685 -0.00435399 0.10648430
v 0.27214685 -0.00400386 0.10702843
v 0.27214685 -0.00397270 0.10767473
v 0.27214685 -0.00426887 0.10825001
v 0.27214685 -0.00481300 0.10860015
v 0.27214685 -0.00545930 0.10863131
v 0.27214685 0.01840314 0.09871495
v 0.27214685 0.01897843 0.09901112
v 0.27214685 0.01932856 0.09955525
v 0.27214685 0.01935971 0.10020154
v 0.27214685 0.01906354 0.10077683
v 0.27214685 0.01851941 0.10112696
v 0.27214685 0.01787311 0.10115811
v 0.27614686 0.02204781 0.09345924
v 0.27614686 0.02262310 0.09375541
v 0.27614686 0.02297323 0.09429954
v 0.27614686 0.02300438 0.09494584
v 0.27614686 0.02270822 0.09552112
v 0.27614686 0.02216408 0.09587125
v 0.27614686 0.02151779 0.09590241
v 0.27214685 0.02359737 0.07477189
v 0.27214685 0.02417266 0.07506806
v 0.27214685 0.02452279 0.07561219
v 0.27214685 0.02455395 0.07625849
v 0.27214685 0.02425778 0.07683377
v 0.27214685 0.02371365 0.07718390
v 0.27214685 0.02306735 0.07721506
v 0.27614686 0.02086814 0.06898766
v 0.27614686 0.02144342 0.06928383
v 0.27614686 0.02179356 0.06982796
v 0.27614686 0.02182471 0.07047425
v 0.27614686 0.02152854 0.07104954
v 0.27614686 0.02098441 0.07139967
v 0.27614686 0.02033811 0.07143083
v 0.27214685 0.00545920 0.05830202
v 0.27214685 0.00603448 0.05859819
v 0.27214685 0.00638461 0.05914232
v 0.27214685 0.00641577 0.05978862
v 0.27214685 0.00611960 0.06036391
v 0.27214685 0.00557547 0.06071404
v 0.27214685 0.00492917 0.06074519
v 0.27614686 -0.00091471 0.05777349
v 0.27614686 -0.00033942 0.05806966
v 0.27614686 0.00001071 0.05861379
v 0.27614686 0.00004186 0.05926009
v 0.27614686 -0.00025431 0.05983538
v 0.27614686 -0.00079844 0.06018551
v 0.27614686 -0.00144474 0.06021666
v 0.27214685 -0.01787321 0.06577521
v 0.27214685 -0.01729793 0.06607138
v 0.27214685 -0.01694780 0.06661551
v 0.27214685 -0.01691664 0.06726181
v 0.27214685 -0.01721281 0.06783710
v 0.27214685 -0.01775694 0.06818722
v 0.27214685 -0.01840324 0.06821838
v 0.27614686 -0.02151789 0.07103091
v 0.27614686 -0.02094260 0.07132708
v 0.27614686 -0.02059247 0.07187121
v 0.27614686 -0.02056132 0.07251751
v 0.27614686 -0.02085748 0.07309280
v 0.27614686 -0.02140161 0.07344293
v 0.27614686 -0.02204791 0.07347408
v 0.25914687 -0.00572431 0.10985289
v 0.25914687 -0.01047530 0.10835178
v 0.25914687 -0.01486957 0.10600325
v 0.25914687 -0.01875747 0.10288725
v 0.25914687 -0.02200661 0.09910991
v 0.25914687 -0.02450635 0.09479986
v 0.25914687 -0.02617155 0.09010387
v 0.25914687 -0.02694552 0.08518185
v 0.25914687 -0.02680188 0.08020144
v 0.25914687 -0.02574555 0.07533221
v 0.25914687 -0.02381248 0.07073999
v 0.25914687 -0.02106851 0.06658116
v 0.25914687 -0.01760708 0.06299736
v 0.25914687 -0.01354606 0.06011060
v 0.25914687 -0.00902374 0.05801921
v 0.25914687 -0.00419414 0.05679440
v 0.25914687 0.00077829 0.05647788
v 0.25914687 0.00572421 0.05708044
v 0.28664684 0.02147227 0.09865315
v 0.28664684 0.01947073 0.10114656
v 0.28664684 0.01718140 0.10337866
v 0.28664684 0.02022207 0.09764149
v 0.28664684 0.02102892 0.09837413
v 0.28664684 0.02135069 0.09859727
v 0.28664684 0.01686103 0.10296420
v 0.28664684 0.01706254 0.10112106
v 0.28664684 0.01605418 0.10223156
v 0.28664684 0.01661438 0.10042457
v 0.28664684 0.01518586 0.10088211
v 0.28664684 0.01657450 0.09959731
v 0.28664684 0.01510860 0.09927930
v 0.28664684 0.01695359 0.09886095
v 0.28664684 0.01584309 0.09785259
v 0.28664684 0.01765008 0.09841278
v 0.28664684 0.01719254 0.09698427
v 0.28664684 0.01879536 0.09690700
v 0.28664684 0.01955706 0.09718033
v 0.28514686 -0.00461126 0.10472223
v 0.28514686 -0.00037590 0.10521341
v 0.28514686 0.00387390 0.10486888
v 0.28514686 0.00797483 0.10370187
v 0.28514686 0.01176929 0.10175724
v 0.28514686 0.01511146 0.09910970
v 0.28514686 0.01787290 0.09586102
v 0.28514686 0.01994750 0.09213603
v 0.28514686 0.02125552 0.08807787
v 0.28514686 0.02174670 0.08384251
v 0.28514686 0.02140217 0.07959270
v 0.28514686 0.02023516 0.07549178
v 0.28514686 0.01829052 0.07169732
v 0.28514686 0.01564299 0.06835515
v 0.28514686 0.01239431 0.06559371
v 0.28514686 0.00866931 0.06351911
v 0.28514686 0.00461116 0.06221109
v 0.28664684 -0.00557590 0.10916880
v 0.28664684 -0.00865362 0.10830224
v 0.28664684 -0.00603090 0.10877357
v 0.28664684 -0.00241577 0.10965548
v 0.28664684 -0.00239581 0.10913201
v 0.28664684 -0.00216476 0.10806695
v 0.28664684 -0.00224202 0.10646413
v 0.28664684 -0.00311034 0.10511468
v 0.28664684 -0.00453706 0.10438019
v 0.28664684 -0.00613987 0.10445745
v 0.28664684 -0.00539054 0.10582180
v 0.28664684 -0.00748932 0.10532577
v 0.28664684 -0.00611957 0.10610440
v 0.28664684 -0.00822381 0.10675249
v 0.28664684 -0.00662763 0.10669873
v 0.28664684 -0.00845487 0.10781755
v 0.28664684 -0.00679340 0.10746284
v 0.28664684 -0.00657729 0.10821427
v 0.28664684 -0.02416908 0.09230370
v 0.28664684 -0.02388809 0.09446900
v 0.28664684 -0.02471546 0.09174440
v 0.28664684 -0.02504668 0.09148891
v 0.28664684 -0.02493158 0.09099297
v 0.28664684 -0.02583507 0.08839024
v 0.28664684 -0.02476581 0.09022886
v 0.28664684 -0.02570127 0.08838976
v 0.28664684 -0.02425775 0.08963454
v 0.28664684 -0.02531595 0.08832002
v 0.28664684 -0.02352872 0.08935193
v 0.28664684 -0.02427805 0.08798759
v 0.28664684 -0.02267523 0.08791032
v 0.28664684 -0.02124852 0.08864482
v 0.28664684 -0.02038020 0.08999427
v 0.28664684 -0.02030293 0.09159708
v 0.28664684 -0.02103743 0.09302379
v 0.28664684 -0.02238688 0.09389211
v 0.28664684 -0.02342478 0.09422455
v 0.28664684 -0.01833448 0.06540888
v 0.28664684 -0.01718150 0.06355467
v 0.28664684 -0.01906351 0.06569148
v 0.28664684 -0.01947083 0.06578676
v 0.28664684 -0.01957158 0.06628580
v 0.28664684 -0.02147237 0.06828018
v 0.28664684 -0.01973735 0.06704992
v 0.28664684 -0.02102902 0.06855919
v 0.28664684 -0.01952123 0.06780135
v 0.28664684 -0.02022217 0.06929183
v 0.28664684 -0.01897484 0.06836064
v 0.28664684 -0.01879546 0.07002632
v 0.28664684 -0.01719264 0.06994906
v 0.28664684 -0.01584319 0.06908074
v 0.28664684 -0.01510870 0.06765403
v 0.28664684 -0.01518596 0.06605121
v 0.28664684 -0.01605429 0.06470176
v 0.28664684 -0.01686113 0.06396913
v 0.28664684 0.00557580 0.05776452
v 0.28664684 0.00865352 0.05863109
v 0.28664684 0.00499793 0.05793569
v 0.28664684 0.00241567 0.05727784
v 0.28664684 0.00426890 0.05821829
v 0.28664684 0.00239571 0.05780131
v 0.28664684 0.00376083 0.05881261
v 0.28664684 0.00216465 0.05886638
v 0.28664684 0.00359507 0.05957673
v 0.28664684 0.00224192 0.06046920
v 0.28664684 0.00381118 0.06032816
v 0.28664684 0.00311024 0.06181864
v 0.28664684 0.00435757 0.06088745
v 0.28664684 0.00453695 0.06255314
v 0.28664684 0.00613977 0.06247587
v 0.28664684 0.00748922 0.06160755
v 0.28664684 0.00822371 0.06018084
v 0.28664684 0.00845477 0.05911577
v 0.27139577 -0.02333246 0.09093985
v 0.27614686 -0.02144353 0.09764950
v 0.27614686 -0.02152864 0.09588378
v 0.27614686 -0.02098451 0.09553365
v 0.27614686 -0.02182481 0.09645907
v 0.27614686 -0.02179366 0.09710537
v 0.27614686 0.00033932 0.10886366
v 0.27614686 0.00025421 0.10709795
v 0.27614686 0.00079834 0.10674781
v 0.27614686 -0.00004196 0.10767324
v 0.27614686 -0.00001081 0.10831953
v 0.27139577 -0.00519428 0.10740972
v 0.27139577 0.01813813 0.09993653
v 0.27614686 0.02094250 0.09560625
v 0.27614686 0.02059237 0.09506211
v 0.27614686 0.02140151 0.09349040
v 0.27614686 0.02085738 0.09384052
v 0.27614686 0.02056121 0.09441581
v 0.27139577 0.02333236 0.07599347
v 0.27614686 0.01976283 0.07113466
v 0.27614686 0.01967771 0.06936894
v 0.27614686 0.02022184 0.06901881
v 0.27614686 0.01938154 0.06994423
v 0.27614686 0.01941270 0.07059053
v 0.27139577 0.00519418 0.05952361
v 0.27614686 -0.00202002 0.05992050
v 0.27614686 -0.00210514 0.05815478
v 0.27614686 -0.00156101 0.05780465
v 0.27614686 -0.00240131 0.05873007
v 0.27614686 -0.00237015 0.05937636
v 0.27139577 -0.01813823 0.06699680
v 0.27614686 -0.02270832 0.07141220
v 0.27614686 -0.02216419 0.07106207
v 0.27614686 -0.02300449 0.07198749
v 0.27614686 -0.02297333 0.07263378
v 0.27614686 -0.02262320 0.07317791
v 0.25914687 -0.01683977 0.06172559
v 0.25914687 -0.02035923 0.06498007
v 0.25914687 -0.02326009 0.06879626
v 0.25914687 -0.02545421 0.07305820
v 0.25914687 -0.02687491 0.07763640
v 0.25914687 -0.02747904 0.08239175
v 0.25914687 -0.02724822 0.08717975
v 0.25914687 -0.02618949 0.09185494
v 0.25914687 -0.02433501 0.09627525
v 0.25914687 -0.02174112 0.10030638
v 0.25914687 -0.01848664 0.10382584
v 0.25914687 -0.01467045 0.10672670
v 0.25914687 -0.01040851 0.10892082
v 0.25914687 -0.00583031 0.11034152
v 0.25914687 -0.00077839 0.11045544
v 0.25914687 -0.00107497 0.11094565
v 0.25914687 0.00419404 0.11013892
v 0.25914687 0.00371304 0.11071484
v 0.25914687 0.00902364 0.10891411
v 0.25914687 0.00838822 0.10965610
v 0.25914687 0.01354596 0.10682273
v 0.25914687 0.01280854 0.10780162
v 0.25914687 0.01683966 0.10520773
v 0.25914687 0.01760698 0.10393597
v 0.25914687 0.02035913 0.10195325
v 0.25914687 0.02106841 0.10035216
v 0.25914687 0.02325999 0.09813706
v 0.25914687 0.02381238 0.09619334
v 0.25914687 0.02545411 0.09387512
v 0.25914687 0.02574545 0.09160112
v 0.25914687 0.02687481 0.08929692
v 0.25914687 0.02680178 0.08673189
v 0.25914687 0.02747894 0.08454158
v 0.25914687 0.02694542 0.08175147
v 0.25914687 0.02724812 0.07975358
v 0.25914687 0.02617145 0.07682946
v 0.25914687 0.02618939 0.07507839
v 0.25914687 0.02450625 0.07213347
v 0.25914687 0.02433491 0.07065808
v 0.25914687 0.02200651 0.06782342
v 0.25914687 0.02174102 0.06662694
v 0.25914687 0.01875737 0.06404608
v 0.25914687 0.01848654 0.06310748
v 0.25914687 0.01486947 0.06093008
v 0.25914687 0.01467035 0.06020662
v 0.25914687 0.01047520 0.05858154
v 0.25914687 0.01040841 0.05801251
v 0.25914687 0.00583021 0.05659181
v 0.25914687 0.00107487 0.05598768
v 0.25914687 -0.00371314 0.05621849
v 0.25914687 -0.00838832 0.05727722
v 0.25914687 -0.01280864 0.05913170
v 0.28914687 0.02330866 0.09805961
v 0.28664684 0.02330866 0.09805961
v 0.28664684 0.02288804 0.09849902
v 0.28914687 0.02288804 0.09849902
v 0.28664684 0.02232752 0.09873528
v 0.28914687 0.02232752 0.09873528
v 0.28664684 0.02171926 0.09872953
v 0.28914687 0.02171926 0.09872953
v 0.28654629 0.02157005 0.09868900
v 0.28644687 0.02167111 0.09871825
v 0.28644687 0.01961879 0.10128101
v 0.28644687 0.01726533 0.10357031
v 0.28654629 0.01722650 0.10347253
v 0.28914687 0.01735143 0.10413583
v 0.28664684 0.01718460 0.10476460
v 0.28914687 0.01718460 0.10476460
v 0.28664684 0.01676725 0.10526363
v 0.28914687 0.01676725 0.10526363
v 0.28914687 0.01723636 0.10349555
v 0.28664684 0.01726533 0.10357031
v 0.28664684 0.01735143 0.10413583
v 0.28914687 0.01686103 0.10296420
v 0.28914687 0.01605418 0.10223156
v 0.28914687 0.01553120 0.10161400
v 0.28914687 0.01518586 0.10088211
v 0.28914687 0.01504172 0.10008579
v 0.28914687 0.01510860 0.09927930
v 0.28914687 0.01538193 0.09851760
v 0.28914687 0.01584309 0.09785259
v 0.28914687 0.01646066 0.09732959
v 0.28914687 0.01879536 0.09690700
v 0.28914687 0.01798886 0.09684013
v 0.28914687 0.01719254 0.09698427
v 0.28914687 0.02102892 0.09837413
v 0.28914687 0.02022207 0.09764149
v 0.28514686 -0.01814242 0.07289053
v 0.28514686 -0.01994760 0.07479730
v 0.28514686 -0.01994486 0.07689365
v 0.28514686 -0.02125562 0.07885545
v 0.28514686 -0.02087563 0.08118405
v 0.28514686 -0.02174680 0.08309081
v 0.28514686 -0.02089403 0.08557420
v 0.28514686 -0.02140227 0.08734062
v 0.28514686 -0.01999926 0.08987226
v 0.28514686 -0.02023526 0.09144154
v 0.28514686 -0.01823043 0.09389035
v 0.28514686 -0.01829062 0.09523600
v 0.28514686 -0.01566485 0.09745287
v 0.28514686 -0.01564309 0.09857817
v 0.28514686 -0.01241464 0.10040414
v 0.28514686 -0.01239441 0.10133962
v 0.28514686 -0.00862185 0.10261515
v 0.28514686 -0.00866941 0.10341421
v 0.28514686 -0.00445225 0.10398928
v 0.28514686 -0.00008807 0.10446648
v 0.28514686 0.00427996 0.10402589
v 0.28514686 0.00846094 0.10268675
v 0.28514686 0.01227212 0.10050760
v 0.28514686 0.01554696 0.09758369
v 0.28514686 0.01814231 0.09404279
v 0.28514686 0.01994476 0.09003967
v 0.28514686 0.02087552 0.08574928
v 0.28514686 0.02089393 0.08135912
v 0.28514686 0.01999916 0.07706107
v 0.28514686 0.01823033 0.07304298
v 0.28514686 0.01566475 0.06948045
v 0.28514686 0.01241454 0.06652919
v 0.28514686 0.00862175 0.06431817
v 0.28514686 0.00445215 0.06294404
v 0.28514686 0.00008797 0.06246684
v 0.28514686 0.00037580 0.06171991
v 0.28514686 -0.00428006 0.06290744
v 0.28514686 -0.00387400 0.06206444
v 0.28514686 -0.00846104 0.06424657
v 0.28514686 -0.00797493 0.06323145
v 0.28514686 -0.01227222 0.06642572
v 0.28514686 -0.01176939 0.06517608
v 0.28514686 -0.01554706 0.06934963
v 0.28514686 -0.01511156 0.06782362
v 0.28514686 -0.01787300 0.07107231
v 0.28664684 -0.00098356 0.11094907
v 0.28664684 -0.00124792 0.11091593
v 0.28914687 -0.00098356 0.11094907
v 0.28914687 -0.00124792 0.11091593
v 0.28644687 -0.00561830 0.10936426
v 0.28654629 -0.00239794 0.10975809
v 0.28644687 -0.00237273 0.10986023
v 0.28914687 -0.00881027 0.10850790
v 0.28664684 -0.00946323 0.10892805
v 0.28914687 -0.00946323 0.10892805
v 0.28664684 -0.01023879 0.10896544
v 0.28914687 -0.01023879 0.10896544
v 0.28654629 -0.00871237 0.10838823
v 0.28644687 -0.00877763 0.10847075
v 0.28664684 -0.00877763 0.10847075
v 0.28914687 -0.00845487 0.10781755
v 0.28664684 -0.00881027 0.10850790
v 0.28914687 -0.00822381 0.10675249
v 0.28914687 -0.00795048 0.10599078
v 0.28914687 -0.00748932 0.10532577
v 0.28914687 -0.00687175 0.10480279
v 0.28914687 -0.00453706 0.10438019
v 0.28914687 -0.00534355 0.10431331
v 0.28914687 -0.00613987 0.10445745
v 0.28914687 -0.00239581 0.10913201
v 0.28914687 -0.00216476 0.10806695
v 0.28664684 -0.02435659 0.09508764
v 0.28664684 -0.02404389 0.09460864
v 0.28914687 -0.02398654 0.09455260
v 0.28914687 -0.02342478 0.09422455
v 0.28654629 -0.02396804 0.09453575
v 0.28644687 -0.02404389 0.09460864
v 0.28914687 -0.02435659 0.09508764
v 0.28914687 -0.02446531 0.09572902
v 0.28664684 -0.02446531 0.09572902
v 0.28914687 -0.02429227 0.09635612
v 0.28664684 -0.02429227 0.09635612
v 0.28644687 -0.02523715 0.09154991
v 0.28644687 -0.02604301 0.08836709
v 0.28654629 -0.02593892 0.08838236
v 0.28664684 -0.02604301 0.08836709
v 0.28664684 -0.02609151 0.08835740
v 0.28914687 -0.02609151 0.08835740
v 0.28914687 -0.02570127 0.08838976
v 0.28914687 -0.02531595 0.08832002
v 0.28914687 -0.02427805 0.08798759
v 0.28914687 -0.02267523 0.08791032
v 0.28914687 -0.02348173 0.08784345
v 0.28914687 -0.02238688 0.09389211
v 0.28664684 -0.02224238 0.06818377
v 0.28664684 -0.02167121 0.06821507
v 0.28914687 -0.02159400 0.06823672
v 0.28914687 -0.02102902 0.06855919
v 0.28654629 -0.02157015 0.06824432
v 0.28644687 -0.02167121 0.06821507
v 0.28914687 -0.02224238 0.06818377
v 0.28914687 -0.02285220 0.06841031
v 0.28664684 -0.02285220 0.06841031
v 0.28914687 -0.02330876 0.06887372
v 0.28664684 -0.02330876 0.06887372
v 0.28644687 -0.01961889 0.06565232
v 0.28644687 -0.01726543 0.06336301
v 0.28654629 -0.01722660 0.06346079
v 0.28914687 -0.01735153 0.06279750
v 0.28664684 -0.01718470 0.06216872
v 0.28914687 -0.01718470 0.06216872
v 0.28664684 -0.01676735 0.06166970
v 0.28914687 -0.01676735 0.06166970
v 0.28914687 -0.01723646 0.06343777
v 0.28664684 -0.01726543 0.06336301
v 0.28664684 -0.01735153 0.06279750
v 0.28914687 -0.01686113 0.06396913
v 0.28914687 -0.01605429 0.06470176
v 0.28914687 -0.01553130 0.06531932
v 0.28914687 -0.01518596 0.06605121
v 0.28914687 -0.01504182 0.06684753
v 0.28914687 -0.01510870 0.06765403
v 0.28914687 -0.01538203 0.06841573
v 0.28914687 -0.01584319 0.06908074
v 0.28914687 -0.01646076 0.06960373
v 0.28914687 -0.01719264 0.06994906
v 0.28914687 -0.01798896 0.07009320
v 0.28914687 -0.02022217 0.06929183
v 0.28914687 -0.01955716 0.06975299
v 0.28914687 -0.01879546 0.07002632
v 0.28664684 0.00211416 0.05656280
v 0.28664684 0.00237263 0.05707310
v 0.28914687 0.00239249 0.05715078
v 0.28914687 0.00239571 0.05780131
v 0.28654629 0.00239784 0.05717523
v 0.28644687 0.00237263 0.05707310
v 0.28914687 0.00211416 0.05656280
v 0.28914687 0.00161306 0.05614794
v 0.28664684 0.00161306 0.05614794
v 0.28914687 0.00098346 0.05598425
v 0.28664684 0.00098346 0.05598425
v 0.28644687 0.00561820 0.05756907
v 0.28644687 0.00877753 0.05846258
v 0.28654629 0.00871227 0.05854509
v 0.28914687 0.00922423 0.05810526
v 0.28664684 0.00985218 0.05793535
v 0.28914687 0.00985218 0.05793535
v 0.28664684 0.01049302 0.05804727
v 0.28914687 0.01049302 0.05804727
v 0.28914687 0.00872727 0.05852506
v 0.28664684 0.00877753 0.05846258
v 0.28664684 0.00922423 0.05810526
v 0.28914687 0.00845477 0.05911577
v 0.28914687 0.00822371 0.06018084
v 0.28914687 0.00795038 0.06094254
v 0.28914687 0.00748922 0.06160755
v 0.28914687 0.00687165 0.06213054
v 0.28914687 0.00613977 0.06247587
v 0.28914687 0.00534345 0.06262001
v 0.28914687 0.00453695 0.06255314
v 0.28914687 0.00377525 0.06227981
v 0.28914687 0.00311024 0.06181864
v 0.28914687 0.00258725 0.06120107
v 0.28914687 0.00216465 0.05886638
v 0.28914687 0.00209778 0.05967287
v 0.28914687 0.00224192 0.06046920
v 0.28664684 0.02427795 0.07894574
v 0.28914687 0.02427795 0.07894574
v 0.28914687 0.02348163 0.07908988
v 0.28664684 0.02267513 0.07902300
v 0.28914687 0.02267513 0.07902300
v 0.28914687 0.02191343 0.07874967
v 0.28664684 0.02124842 0.07828851
v 0.28914687 0.02124842 0.07828851
v 0.28914687 0.02072543 0.07767094
v 0.28664684 0.02038010 0.07693906
v 0.28914687 0.02038010 0.07693906
v 0.28914687 0.02023596 0.07614274
v 0.28664684 0.02030283 0.07533624
v 0.28914687 0.02030283 0.07533624
v 0.28914687 0.02057616 0.07457454
v 0.28664684 0.02103733 0.07390953
v 0.28914687 0.02238677 0.07304121
v 0.28664684 0.02238677 0.07304121
v 0.28914687 0.02165489 0.07338654
v 0.28914687 0.02103733 0.07390953
v 0.28914687 0.02342468 0.07270878
v 0.28664684 0.02342468 0.07270878
v 0.28914687 0.02429217 0.07057720
v 0.28664684 0.02429217 0.07057720
v 0.28664684 0.02446521 0.07120430
v 0.28914687 0.02446521 0.07120430
v 0.28664684 0.02435649 0.07184569
v 0.28914687 0.02435649 0.07184569
v 0.28664684 0.02398644 0.07238072
v 0.28914687 0.02398644 0.07238072
v 0.28664684 0.02726032 0.07984424
v 0.28664684 0.02703683 0.07923329
v 0.28664684 0.02724812 0.07975358
v 0.28664684 0.02618939 0.07507839
v 0.28664684 0.02596368 0.07855394
v 0.28664684 0.02531585 0.07861330
v 0.28664684 0.02225678 0.07717801
v 0.28664684 0.02180861 0.07648152
v 0.28664684 0.02176873 0.07565426
v 0.28664684 0.02214783 0.07491789
v 0.28664684 0.02284432 0.07446972
v 0.28664684 0.02433491 0.07065808
v 0.28664684 0.02657571 0.07877442
v 0.28914687 0.02531585 0.07861330
v 0.28914687 0.02596368 0.07855394
v 0.28914687 0.02657571 0.07877442
v 0.28914687 0.02703683 0.07923329
v 0.28914687 0.02726032 0.07984424
v 0.26014686 0.00583021 0.05659181
v 0.26014686 0.00107487 0.05598768
v 0.26014686 -0.00371314 0.05621849
v 0.26014686 -0.00838832 0.05727722
v 0.26014686 -0.01280864 0.05913170
v 0.26014686 -0.01683977 0.06172559
v 0.26014686 -0.02035923 0.06498007
v 0.26014686 -0.02326009 0.06879626
v 0.26014686 -0.02545421 0.07305820
v 0.26014686 -0.02687491 0.07763640
v 0.26014686 -0.02747904 0.08239175
v 0.26014686 -0.02724822 0.08717975
v 0.26014686 -0.02618949 0.09185494
v 0.26014686 -0.02433501 0.09627525
v 0.26014686 -0.02174112 0.10030638
v 0.26014686 -0.01848664 0.10382584
v 0.26014686 -0.01467045 0.10672670
v 0.26014686 -0.01040851 0.10892082
v 0.26014686 -0.00583031 0.11034152
v 0.28964686 0.02288486 0.09779428
v 0.28964686 0.02260445 0.09808722
v 0.28964686 0.02223077 0.09824473
v 0.28964686 0.02182527 0.09824090
v 0.28664684 0.02035913 0.10195325
v 0.28664684 0.01683966 0.10520773
v 0.28664684 0.02325999 0.09813706
v 0.28664684 0.02167111 0.09871825
v 0.28664684 0.01961879 0.10128101
v 0.28964686 0.01652491 0.10333437
v 0.28964686 0.01677513 0.10368860
v 0.28964686 0.01685184 0.10411545
v 0.28964686 0.01674062 0.10453463
v 0.28964686 0.01646239 0.10486732
v 0.28964686 0.01571807 0.10260173
v 0.28964686 0.01511072 0.10188456
v 0.28964686 0.01470969 0.10103463
v 0.28964686 0.01454230 0.10010987
v 0.28964686 0.01461996 0.09917329
v 0.28964686 0.01493738 0.09828873
v 0.28964686 0.01547292 0.09751647
v 0.28964686 0.01619010 0.09690912
v 0.28964686 0.01704003 0.09650809
v 0.28964686 0.01796479 0.09634070
v 0.28964686 0.01890136 0.09641837
v 0.28964686 0.02055819 0.09727133
v 0.28964686 0.02136504 0.09800396
v 0.28564686 -0.00434625 0.10350065
v 0.28564686 -0.00008597 0.10396648
v 0.28564686 0.00417806 0.10353637
v 0.28564686 0.00825948 0.10222913
v 0.28564686 0.01197993 0.10010187
v 0.28564686 0.01517679 0.09724757
v 0.28564686 0.01771035 0.09379099
v 0.28564686 0.01946989 0.08988317
v 0.28564686 0.02037849 0.08569492
v 0.28564686 0.02039645 0.08140930
v 0.28564686 0.01952299 0.07721359
v 0.28564686 0.01779627 0.07329116
v 0.28564686 0.01529178 0.06981346
v 0.28564686 0.01211895 0.06693246
v 0.28564686 0.00841647 0.06477410
v 0.28564686 0.00434615 0.06343268
v 0.28964686 -0.00096567 0.11044939
v 0.28964686 -0.00114192 0.11042730
v 0.28664684 -0.01040851 0.10892082
v 0.28664684 -0.01049312 0.10888606
v 0.28664684 -0.00583031 0.11034152
v 0.28664684 -0.00107497 0.11094565
v 0.28664684 -0.00178469 0.11068264
v 0.28664684 -0.00219133 0.11026171
v 0.28664684 -0.00237273 0.10986023
v 0.28664684 -0.00561830 0.10936426
v 0.28964686 -0.00894350 0.10771155
v 0.28964686 -0.00918044 0.10817178
v 0.28964686 -0.00961574 0.10845189
v 0.28964686 -0.01013278 0.10847681
v 0.28964686 -0.00871245 0.10664649
v 0.28964686 -0.00839503 0.10576192
v 0.28964686 -0.00785949 0.10498966
v 0.28964686 -0.00714231 0.10438231
v 0.28964686 -0.00629239 0.10398128
v 0.28964686 -0.00536762 0.10381389
v 0.28964686 -0.00443105 0.10389155
v 0.28964686 -0.00167612 0.10817295
v 0.28964686 -0.00190718 0.10923802
v 0.28964686 -0.02385059 0.09612177
v 0.28964686 -0.02396595 0.09570371
v 0.28964686 -0.02389347 0.09527611
v 0.28964686 -0.02364677 0.09491942
v 0.28964686 -0.02327226 0.09470072
v 0.28664684 -0.02664747 0.08811059
v 0.28664684 -0.02618949 0.09185494
v 0.28664684 -0.02705970 0.08766330
v 0.28664684 -0.02724822 0.08717975
v 0.28664684 -0.02726042 0.08708909
v 0.28664684 -0.02523715 0.09154991
v 0.28664684 -0.02433501 0.09627525
v 0.28964686 -0.02546847 0.08784385
v 0.28964686 -0.02572534 0.08789034
v 0.28964686 -0.02598551 0.08786877
v 0.28964686 -0.02443056 0.08751141
v 0.28964686 -0.02350580 0.08734403
v 0.28964686 -0.02256923 0.08742169
v 0.28964686 -0.02223436 0.09436829
v 0.28964686 -0.02288496 0.06913904
v 0.28964686 -0.02258059 0.06883010
v 0.28964686 -0.02217405 0.06867908
v 0.28964686 -0.02174179 0.06871438
v 0.28964686 -0.02136514 0.06892936
v 0.28664684 -0.01683977 0.06172559
v 0.28664684 -0.02035923 0.06498007
v 0.28664684 -0.01961889 0.06565232
v 0.28664684 -0.02326009 0.06879626
v 0.28964686 -0.01652501 0.06359896
v 0.28964686 -0.01674263 0.06331486
v 0.28964686 -0.01677523 0.06324473
v 0.28964686 -0.01685194 0.06281788
v 0.28964686 -0.01674072 0.06239869
v 0.28964686 -0.01646249 0.06206601
v 0.28964686 -0.01571817 0.06433159
v 0.28964686 -0.01511082 0.06504877
v 0.28964686 -0.01470979 0.06589869
v 0.28964686 -0.01454240 0.06682345
v 0.28964686 -0.01462006 0.06776003
v 0.28964686 -0.01493748 0.06864459
v 0.28964686 -0.01547303 0.06941686
v 0.28964686 -0.01619020 0.07002420
v 0.28964686 -0.01704013 0.07042523
v 0.28964686 -0.01796489 0.07059262
v 0.28964686 -0.01890146 0.07051496
v 0.28964686 -0.01978602 0.07019754
v 0.28964686 -0.02055829 0.06966200
v 0.28964686 0.00096557 0.05648394
v 0.28964686 0.00138531 0.05659306
v 0.28964686 0.00171937 0.05686963
v 0.28964686 0.00190493 0.05726162
v 0.28964686 0.00190708 0.05769530
v 0.28664684 0.01040841 0.05801251
v 0.28664684 0.00583021 0.05659181
v 0.28664684 0.00561820 0.05756907
v 0.28664684 0.00107487 0.05598768
v 0.28964686 0.00894340 0.05922177
v 0.28964686 0.00912507 0.05882796
v 0.28964686 0.00945638 0.05854810
v 0.28964686 0.00987501 0.05843483
v 0.28964686 0.01030224 0.05850944
v 0.28964686 0.00871235 0.06028684
v 0.28964686 0.00839493 0.06117140
v 0.28964686 0.00785939 0.06194367
v 0.28964686 0.00714221 0.06255101
v 0.28964686 0.00629228 0.06295204
v 0.28964686 0.00536752 0.06311943
v 0.28964686 0.00443095 0.06304177
v 0.28964686 0.00354639 0.06272435
v 0.28964686 0.00277412 0.06218881
v 0.28964686 0.00216678 0.06147163
v 0.28964686 0.00176575 0.06062171
v 0.28964686 0.00159836 0.05969695
v 0.28964686 0.00167602 0.05876037
v 0.28964686 0.02443046 0.07942191
v 0.28964686 0.02350570 0.07958930
v 0.28964686 0.02256913 0.07951164
v 0.28964686 0.02168457 0.07919422
v 0.28964686 0.02091230 0.07865868
v 0.28964686 0.02030496 0.07794150
v 0.28964686 0.01990392 0.07709157
v 0.28964686 0.01973654 0.07616682
v 0.28964686 0.01981420 0.07523024
v 0.28964686 0.02013162 0.07434568
v 0.28964686 0.02066716 0.07357341
v 0.28964686 0.02138433 0.07296607
v 0.28964686 0.02223426 0.07256503
v 0.28964686 0.02327216 0.07223260
v 0.28964686 0.02385025 0.07081111
v 0.28964686 0.02396585 0.07122962
v 0.28964686 0.02389337 0.07165721
v 0.28964686 0.02364667 0.07201390
v 0.27714685 -0.01040851 0.10892082
v 0.27714685 -0.00583031 0.11034152
v 0.27714685 -0.01467045 0.10672670
v 0.28914687 -0.01049312 0.10888606
v 0.27714685 -0.02174112 0.10030638
v 0.27714685 -0.02433501 0.09627525
v 0.27714685 -0.02618949 0.09185494
v 0.27714685 -0.02724822 0.08717975
v 0.27714685 -0.02747904 0.08239175
v 0.28914687 -0.02726042 0.08708909
v 0.27714685 -0.02545421 0.07305820
v 0.27714685 -0.02326009 0.06879626
v 0.27714685 -0.02035923 0.06498007
v 0.27714685 -0.01683977 0.06172559
v 0.27714685 -0.01280864 0.05913170
v 0.27714685 -0.00371314 0.05621849
v 0.27714685 0.00107487 0.05598768
v 0.27714685 0.00583021 0.05659181
v 0.28914687 -0.01280864 0.05913170
v 0.27714685 -0.00838832 0.05727722
v 0.28914687 -0.00838832 0.05727722
v 0.28914687 -0.00371314 0.05621849
v 0.28914687 -0.02747904 0.08239175
v 0.27714685 -0.02687491 0.07763640
v 0.28914687 -0.02687491 0.07763640
v 0.28914687 -0.02545421 0.07305820
v 0.28914687 -0.01467045 0.10672670
v 0.27714685 -0.01848664 0.10382584
v 0.28914687 -0.01848664 0.10382584
v 0.28914687 -0.02174112 0.10030638
v 0.28964686 0.02546837 0.07908948
v 0.28964686 0.02590025 0.07904990
v 0.28964686 0.02630827 0.07919689
v 0.28964686 0.02661569 0.07950280
v 0.28964686 0.02676468 0.07991009
v 0.26014686 0.02200651 0.06782342
v 0.26014686 0.02433491 0.07065808
v 0.26014686 0.02450625 0.07213347
v 0.26014686 0.02618939 0.07507839
v 0.26014686 0.02617145 0.07682946
v 0.26014686 0.02724812 0.07975358
v 0.26014686 0.02694542 0.08175147
v 0.26014686 0.02747894 0.08454158
v 0.26014686 0.02680178 0.08673189
v 0.26014686 0.02687481 0.08929692
v 0.26014686 0.02574545 0.09160112
v 0.26014686 0.02545411 0.09387512
v 0.26014686 0.02381238 0.09619334
v 0.26014686 0.02325999 0.09813706
v 0.26014686 0.02106841 0.10035216
v 0.26014686 0.02035913 0.10195325
v 0.26014686 0.01760698 0.10393597
v 0.26014686 0.01683966 0.10520773
v 0.26014686 0.01354596 0.10682273
v 0.26014686 0.01280854 0.10780162
v 0.26014686 0.00902364 0.10891411
v 0.26014686 0.00838822 0.10965610
v 0.26014686 0.00419404 0.11013892
v 0.26014686 0.00371304 0.11071484
v 0.26014686 -0.00077839 0.11045544
v 0.26014686 -0.00107497 0.11094565
v 0.26014686 -0.00572431 0.10985289
v 0.26014686 -0.01047530 0.10835178
v 0.26014686 -0.01486957 0.10600325
v 0.26014686 -0.01875747 0.10288725
v 0.26014686 -0.02200661 0.09910991
v 0.26014686 -0.02450635 0.09479986
v 0.26014686 -0.02617155 0.09010387
v 0.26014686 -0.02694552 0.08518185
v 0.26014686 -0.02680188 0.08020144
v 0.26014686 -0.02574555 0.07533221
v 0.26014686 -0.02381248 0.07073999
v 0.26014686 -0.02106851 0.06658116
v 0.26014686 -0.01760708 0.06299736
v 0.26014686 -0.01354606 0.06011060
v 0.26014686 -0.00902374 0.05801921
v 0.26014686 -0.00419414 0.05679440
v 0.26014686 0.00077829 0.05647788
v 0.26014686 0.00572421 0.05708044
v 0.26014686 0.01047520 0.05858154
v 0.26014686 0.01040841 0.05801251
v 0.26014686 0.01486947 0.06093008
v 0.26014686 0.01467035 0.06020662
v 0.26014686 0.01875737 0.06404608
v 0.26014686 0.01848654 0.06310748
v 0.26014686 0.02174102 0.06662694
v 0.28964686 0.02686027 0.08072384
v 0.28964686 0.02697932 0.08452204
v 0.28914687 0.02747894 0.08454158
v 0.28914687 0.02687481 0.08929692
v 0.28964686 0.02638618 0.08919092
v 0.28914687 0.02545411 0.09387512
v 0.28964686 0.02499130 0.09368587
v 0.28964686 0.02330907 0.09709330
v 0.28964686 -0.00820592 0.06688614
v 0.28964686 -0.01001075 0.06790917
v 0.28964686 -0.01000204 0.06183715
v 0.28964686 0.00820582 0.10004719
v 0.28964686 0.01001065 0.09902416
v 0.28964686 0.01000194 0.10509618
v 0.28964686 -0.02270910 0.09807143
v 0.28964686 -0.01806574 0.09900714
v 0.28964686 -0.02134582 0.10000020
v 0.28964686 -0.02091240 0.08827465
v 0.28964686 -0.02168467 0.08773910
v 0.28964686 -0.02192865 0.08726420
v 0.28964686 -0.02676478 0.08702323
v 0.28964686 -0.02686037 0.08620948
v 0.28964686 0.02192855 0.07966913
v 0.28964686 0.01838364 0.09600959
v 0.28964686 0.01403317 0.10597072
v 0.28964686 0.01461562 0.10616869
v 0.28964686 0.01168959 0.09780550
v 0.28964686 0.01252927 0.10222085
v 0.28964686 0.01330482 0.10218346
v 0.28964686 0.01322153 0.09640651
v 0.28964686 0.01458720 0.09484480
v 0.28964686 0.01155829 0.10410691
v 0.28964686 0.01152091 0.10333135
v 0.28964686 0.01187631 0.10264101
v 0.28964686 0.01197845 0.10475986
v 0.28964686 0.01266879 0.10511526
v 0.28964686 0.01344435 0.10507788
v 0.28964686 0.01409731 0.10465772
v 0.28964686 0.01445271 0.10396738
v 0.28964686 0.01441532 0.10319182
v 0.28964686 0.01399517 0.10253886
v 0.28964686 0.01629256 0.09555595
v 0.28964686 0.01978592 0.09673578
v 0.28964686 0.02157955 0.09815273
v 0.28964686 0.02429467 0.08762947
v 0.28964686 0.02371938 0.08733331
v 0.28964686 0.02307309 0.08736446
v 0.28964686 0.02252895 0.08771459
v 0.28964686 0.02223279 0.08828988
v 0.28964686 0.02226394 0.08893618
v 0.28964686 0.02261407 0.08948031
v 0.28964686 0.02318936 0.08977648
v 0.28964686 0.02383566 0.08974532
v 0.28964686 0.02437979 0.08939519
v 0.28964686 0.02467596 0.08881991
v 0.28964686 0.02464480 0.08817361
v 0.28964686 0.01983748 0.07921549
v 0.28964686 0.01658047 0.07526079
v 0.28964686 0.01739498 0.07716881
v 0.28964686 0.02209687 0.06880073
v 0.28964686 0.01806564 0.06792618
v 0.28964686 0.01705911 0.06653895
v 0.28964686 0.01651498 0.06688908
v 0.28964686 0.01586868 0.06692024
v 0.28964686 0.02134572 0.06693313
v 0.28964686 0.02228642 0.06822483
v 0.28964686 0.02270900 0.06886190
v 0.28964686 0.01735528 0.06596366
v 0.28964686 0.01732413 0.06531736
v 0.28964686 0.01815042 0.06347765
v 0.28964686 0.01697400 0.06477323
v 0.28964686 0.01440361 0.06062953
v 0.28964686 0.01639871 0.06447706
v 0.28964686 0.01575241 0.06450822
v 0.28964686 0.01520828 0.06485835
v 0.28964686 0.01491211 0.06543364
v 0.28964686 0.01494327 0.06607994
v 0.28964686 0.00403180 0.06488167
v 0.28964686 0.01529340 0.06662407
v 0.28964686 -0.00609914 0.06087543
v 0.28964686 -0.00613030 0.06022914
v 0.28964686 -0.00364563 0.05671391
v 0.28964686 -0.00639531 0.06145072
v 0.28964686 -0.00811057 0.05964158
v 0.28964686 -0.00923182 0.05809395
v 0.28964686 -0.00761198 0.05939483
v 0.28964686 -0.00823581 0.05775339
v 0.28964686 -0.00705571 0.05938884
v 0.28964686 -0.00648043 0.05968501
v 0.28964686 -0.00845271 0.06008023
v 0.28964686 -0.00857065 0.06062388
v 0.28964686 -0.00844103 0.06116487
v 0.28964686 -0.00808952 0.06159605
v 0.28964686 -0.00758574 0.06183201
v 0.28964686 -0.00693944 0.06180085
v 0.28964686 -0.01152101 0.06360198
v 0.28964686 -0.01155839 0.06282642
v 0.28964686 -0.01197855 0.06217346
v 0.28964686 -0.01257575 0.05957416
v 0.28964686 -0.01322163 0.07052682
v 0.28964686 -0.01330492 0.06474986
v 0.28964686 -0.01168970 0.06912783
v 0.28964686 -0.01252937 0.06471247
v 0.28964686 -0.01187641 0.06429232
v 0.28964686 -0.01266889 0.06181806
v 0.28964686 -0.01333642 0.06182525
v 0.28964686 -0.01393472 0.06212135
v 0.28964686 -0.01434529 0.06264772
v 0.28964686 -0.01458730 0.07208852
v 0.28964686 -0.01390946 0.06446671
v 0.28964686 -0.01433128 0.06394930
v 0.28964686 -0.01448682 0.06330011
v 0.28964686 -0.02330917 0.06984003
v 0.28964686 -0.01838374 0.07092373
v 0.28964686 -0.02261417 0.07745302
v 0.28964686 -0.02318946 0.07715685
v 0.28964686 -0.02499140 0.07324745
v 0.28964686 -0.02307319 0.07956886
v 0.28964686 -0.02371948 0.07960001
v 0.28964686 -0.02429477 0.07930385
v 0.28964686 -0.02697942 0.08241129
v 0.28964686 -0.02252905 0.07921873
v 0.28964686 -0.02223289 0.07864344
v 0.28964686 -0.02226404 0.07799715
v 0.28964686 -0.02383576 0.07718800
v 0.28964686 -0.02437989 0.07753813
v 0.28964686 -0.02638628 0.07774241
v 0.28964686 -0.02467606 0.07811342
v 0.28964686 -0.02464490 0.07875971
v 0.28964686 -0.02635614 0.08770423
v 0.28964686 -0.02663097 0.08740604
v 0.28964686 -0.02066726 0.09335992
v 0.28964686 -0.02013172 0.09258765
v 0.28964686 -0.01658057 0.09167253
v 0.28964686 -0.02138443 0.09396726
v 0.28964686 -0.02030506 0.08899182
v 0.28964686 -0.01799084 0.08777728
v 0.28964686 -0.01990402 0.08984175
v 0.28964686 -0.01739508 0.08976451
v 0.28964686 -0.01973664 0.09076651
v 0.28964686 -0.01981430 0.09170309
v 0.28964686 -0.00403190 0.10205166
v 0.28964686 -0.01494337 0.10085339
v 0.28964686 -0.01529350 0.10030925
v 0.28964686 -0.01575251 0.10242510
v 0.28964686 -0.01520838 0.10207497
v 0.28964686 -0.01491221 0.10149968
v 0.28964686 -0.01815052 0.10345568
v 0.28964686 -0.01738372 0.10124814
v 0.28964686 -0.01586879 0.10001309
v 0.28964686 -0.01642506 0.10001907
v 0.28964686 -0.01692364 0.10026583
v 0.28964686 -0.01726578 0.10070448
v 0.28964686 -0.01639881 0.10245626
v 0.28964686 -0.01440371 0.10630379
v 0.28964686 -0.01690259 0.10222030
v 0.28964686 -0.01725410 0.10178912
v 0.28964686 -0.01030234 0.10842388
v 0.28964686 0.00851105 0.10594162
v 0.28964686 0.00816092 0.10539749
v 0.28964686 0.00758564 0.10510132
v 0.28964686 0.00613020 0.10670419
v 0.28964686 0.00648033 0.10724832
v 0.28964686 0.00611314 0.10976550
v 0.28964686 0.00705561 0.10754449
v 0.28964686 0.00823571 0.10917994
v 0.28964686 0.00770191 0.10751333
v 0.28964686 0.01257565 0.10735916
v 0.28964686 0.00824604 0.10716321
v 0.28964686 0.00854221 0.10658792
v 0.28964686 -0.00159846 0.10723638
v 0.28964686 0.00609904 0.10605789
v 0.28964686 -0.00176585 0.10631162
v 0.28964686 -0.00216688 0.10546169
v 0.28964686 -0.00277422 0.10474452
v 0.28964686 0.00693934 0.10513248
v 0.28964686 0.00639521 0.10548260
v 0.28964686 -0.00354649 0.10420897
v 0.28964686 0.00364553 0.11021941
v 0.28964686 -0.00177086 0.10999115
v 0.28964686 -0.00191392 0.10962814
v 0.28964686 -0.00149977 0.11027177
v 0.28964686 0.01396704 0.10657338
v 0.28964686 0.01555745 0.07345596
v 0.28964686 0.01433878 0.07177702
v 0.28964686 0.00967329 0.06769718
v 0.28964686 0.00784685 0.06671327
v 0.28964686 0.01293980 0.07024508
v 0.28964686 0.01137809 0.06887941
v 0.28964686 0.00592172 0.06594004
v 0.28964686 0.01840487 0.08533992
v 0.28964686 0.01849888 0.08326744
v 0.28964686 0.01807940 0.08738884
v 0.28964686 0.01799074 0.07915604
v 0.28964686 0.01836026 0.08119748
v 0.28964686 0.01576943 0.09314001
v 0.28964686 0.01675334 0.09131356
v 0.28964686 0.01752658 0.08938843
v 0.28964686 -0.00592182 0.10099329
v 0.28964686 -0.00392223 0.10154612
v 0.28964686 -0.00187331 0.10187158
v 0.28964686 0.00019917 0.10196559
v 0.28964686 0.00226914 0.10182697
v 0.28964686 0.00431057 0.10145745
v 0.28964686 0.00629780 0.10086169
v 0.28964686 -0.01433888 0.09515630
v 0.28964686 -0.01293990 0.09668825
v 0.28964686 -0.00784695 0.10022005
v 0.28964686 -0.01555755 0.09347737
v 0.28964686 -0.01137819 0.09805392
v 0.28964686 -0.00967339 0.09923614
v 0.28964686 -0.01576953 0.07379332
v 0.28964686 -0.01675344 0.07561976
v 0.28964686 -0.01836036 0.08573585
v 0.28964686 -0.01849898 0.08366588
v 0.28964686 -0.01752668 0.07754489
v 0.28964686 -0.01807950 0.07954448
v 0.28964686 -0.01840497 0.08159340
v 0.28964686 -0.00226924 0.06510635
v 0.28964686 -0.00431067 0.06547587
v 0.28964686 -0.00629790 0.06607163
v 0.28964686 0.00392213 0.06538721
v 0.28964686 0.00187321 0.06506175
v 0.28964686 -0.00019927 0.06496774
v 0.28914687 0.01280854 0.10780162
v 0.28914687 0.00838822 0.10965610
v 0.28914687 0.00371304 0.11071484
v 0.28764686 -0.00434625 0.10350065
v 0.28764686 -0.00008597 0.10396648
v 0.28764686 0.00417806 0.10353637
v 0.28764686 0.00825948 0.10222913
v 0.28764686 0.01197993 0.10010187
v 0.28764686 0.01517679 0.09724757
v 0.28764686 0.01771035 0.09379099
v 0.28764686 0.01946989 0.08988317
v 0.28764686 0.02037849 0.08569492
v 0.28764686 0.02039645 0.08140930
v 0.28764686 0.01952299 0.07721359
v 0.28764686 0.01779627 0.07329116
v 0.28764686 0.01529178 0.06981346
v 0.28764686 0.01211895 0.06693246
v 0.28764686 0.00841647 0.06477410
v 0.28764686 0.00434615 0.06343268
v 0.28914687 0.01467035 0.06020662
v 0.28914687 0.01848654 0.06310748
v 0.28914687 0.02174102 0.06662694
v 0.27714685 -0.01354606 0.06011060
v 0.27714685 -0.01760708 0.06299736
v 0.27714685 -0.02106851 0.06658116
v 0.27714685 -0.02381248 0.07073999
v 0.27714685 -0.02574555 0.07533221
v 0.27714685 -0.02680188 0.08020144
v 0.27714685 -0.02694552 0.08518185
v 0.27714685 -0.02617155 0.09010387
v 0.27714685 -0.02450635 0.09479986
v 0.27714685 -0.02200661 0.09910991
v 0.27714685 -0.01875747 0.10288725
v 0.27714685 -0.01486957 0.10600325
v 0.27714685 -0.01047530 0.10835178
v 0.27714685 -0.00572431 0.10985289
v 0.27714685 -0.00077839 0.11045544
v 0.27714685 -0.00107497 0.11094565
v 0.27714685 0.00419404 0.11013892
v 0.27714685 0.00371304 0.11071484
v 0.27714685 0.00902364 0.10891411
v 0.27714685 0.00838822 0.10965610
v 0.27714685 0.01354596 0.10682273
v 0.27714685 0.01280854 0.10780162
v 0.27714685 0.01683966 0.10520773
v 0.27714685 0.01760698 0.10393597
v 0.27714685 0.02035913 0.10195325
v 0.27714685 0.02106841 0.10035216
v 0.27714685 0.02325999 0.09813706
v 0.27714685 0.02381238 0.09619334
v 0.27714685 0.02545411 0.09387512
v 0.27714685 0.02574545 0.09160112
v 0.27714685 0.02687481 0.08929692
v 0.27714685 0.02680178 0.08673189
v 0.27714685 0.02747894 0.08454158
v 0.27714685 0.02694542 0.08175147
v 0.27714685 0.02724812 0.07975358
v 0.27714685 0.02617145 0.07682946
v 0.27714685 0.02618939 0.07507839
v 0.27714685 0.02450625 0.07213347
v 0.27714685 0.02433491 0.07065808
v 0.27714685 0.02200651 0.06782342
v 0.27714685 0.02174102 0.06662694
v 0.27714685 0.01875737 0.06404608
v 0.27714685 0.01848654 0.06310748
v 0.27714685 0.01486947 0.06093008
v 0.27714685 0.01467035 0.06020662
v 0.27714685 0.01047520 0.05858154
v 0.27714685 0.01040841 0.05801251
v 0.27714685 0.00572421 0.05708044
v 0.27714685 0.00077829 0.05647788
v 0.27714685 -0.00419414 0.05679440
v 0.27714685 -0.00902374 0.05801921
v 0.26114684 -0.00572431 0.10985289
v 0.26114684 -0.01047530 0.10835178
v 0.26114684 -0.01486957 0.10600325
v 0.26114684 -0.01875747 0.10288725
v 0.26114684 -0.02200661 0.09910991
v 0.26114684 -0.02450635 0.09479986
v 0.26114684 -0.02617155 0.09010387
v 0.26114684 -0.02694552 0.08518185
v 0.26114684 -0.02680188 0.08020144
v 0.26114684 -0.02574555 0.07533221
v 0.26114684 -0.02381248 0.07073999
v 0.26114684 -0.02106851 0.06658116
v 0.26114684 -0.01760708 0.06299736
v 0.26114684 -0.01354606 0.06011060
v 0.26114684 -0.00902374 0.05801921
v 0.26114684 -0.00419414 0.05679440
v 0.26114684 0.00077829 0.05647788
v 0.26114684 0.00572421 0.05708044
v 0.28564686 -0.01266889 0.06181806
v 0.28564686 -0.01197855 0.06217346
v 0.28564686 -0.01155839 0.06282642
v 0.28564686 -0.01152101 0.06360198
v 0.28564686 -0.01187641 0.06429232
v 0.28564686 -0.01252937 0.06471247
v 0.28564686 -0.01330492 0.06474986
v 0.28564686 0.01330482 0.10218346
v 0.28564686 0.01399517 0.10253886
v 0.28564686 0.01441532 0.10319182
v 0.28564686 0.01445271 0.10396738
v 0.28564686 0.01409731 0.10465772
v 0.28564686 0.01344435 0.10507788
v 0.28564686 0.01266879 0.10511526
v 0.28289792 0.00758564 0.10510132
v 0.28289792 0.00816092 0.10539749
v 0.28289792 0.00851105 0.10594162
v 0.28289792 0.00854221 0.10658792
v 0.28289792 0.00824604 0.10716321
v 0.28289792 0.00770191 0.10751333
v 0.28289792 0.00705561 0.10754449
v 0.28289792 0.02371938 0.08733331
v 0.28289792 0.02429467 0.08762947
v 0.28289792 0.02464480 0.08817361
v 0.28289792 0.02467596 0.08881991
v 0.28289792 0.02437979 0.08939519
v 0.28289792 0.02383566 0.08974532
v 0.28289792 0.02318936 0.08977648
v 0.28289792 0.01639871 0.06447706
v 0.28289792 0.01697400 0.06477323
v 0.28289792 0.01732413 0.06531736
v 0.28289792 0.01735528 0.06596366
v 0.28289792 0.01705911 0.06653895
v 0.28289792 0.01651498 0.06688908
v 0.28289792 0.01586868 0.06692024
v 0.28289792 -0.00705571 0.05938884
v 0.28289792 -0.00648043 0.05968501
v 0.28289792 -0.00613030 0.06022914
v 0.28289792 -0.00609914 0.06087543
v 0.28289792 -0.00639531 0.06145072
v 0.28289792 -0.00693944 0.06180085
v 0.28289792 -0.00758574 0.06183201
v 0.28289792 -0.02318946 0.07715685
v 0.28289792 -0.02261417 0.07745302
v 0.28289792 -0.02226404 0.07799715
v 0.28289792 -0.02223289 0.07864344
v 0.28289792 -0.02252905 0.07921873
v 0.28289792 -0.02307319 0.07956886
v 0.28289792 -0.02371948 0.07960001
v 0.28289792 -0.01586879 0.10001309
v 0.28289792 -0.01529350 0.10030925
v 0.28289792 -0.01494337 0.10085339
v 0.28289792 -0.01491221 0.10149968
v 0.28289792 -0.01520838 0.10207497
v 0.28289792 -0.01575251 0.10242510
v 0.28289792 -0.01639881 0.10245626
v 0.28914687 0.00381612 0.06587584
v 0.28914687 0.00576167 0.06641373
v 0.28914687 0.00763477 0.06716606
v 0.28914687 0.00941185 0.06812339
v 0.28914687 0.01107057 0.06927366
v 0.28914687 0.01259007 0.07060242
v 0.28914687 0.01395125 0.07209295
v 0.28914687 0.01513698 0.07372652
v 0.28914687 0.01613235 0.07548257
v 0.28914687 0.01692485 0.07733903
v 0.28914687 0.01750450 0.07927255
v 0.28914687 0.01786403 0.08125880
v 0.28914687 0.01799891 0.08327283
v 0.28914687 0.01790744 0.08528929
v 0.28914687 0.01759076 0.08728284
v 0.28914687 0.01705288 0.08922838
v 0.28914687 0.01630055 0.09110148
v 0.28914687 0.01534323 0.09287857
v 0.28914687 0.01419295 0.09453728
v 0.28914687 0.01286419 0.09605679
v 0.28914687 0.01137366 0.09741796
v 0.28914687 0.00974009 0.09860369
v 0.28914687 0.00798404 0.09959906
v 0.28914687 0.00612758 0.10039156
v 0.28914687 0.00419407 0.10097121
v 0.28914687 0.00220781 0.10133074
v 0.28914687 0.00019378 0.10146562
v 0.28914687 -0.00182268 0.10137415
v 0.28914687 -0.00381622 0.10105748
v 0.28764686 -0.01771045 0.07314234
v 0.28764686 -0.01946999 0.07705016
v 0.28764686 -0.01752668 0.07754489
v 0.28764686 -0.00825959 0.06470419
v 0.28764686 -0.01198003 0.06683145
v 0.28764686 -0.01001075 0.06790917
v 0.28764686 -0.01675344 0.07561976
v 0.28764686 -0.01576953 0.07379332
v 0.28764686 -0.01517689 0.06968575
v 0.28764686 0.00008587 0.06296685
v 0.28764686 -0.00417816 0.06339695
v 0.28764686 -0.00226924 0.06510635
v 0.28764686 0.00784685 0.06671327
v 0.28764686 0.01433878 0.07177702
v 0.28764686 -0.01458730 0.07208852
v 0.28764686 -0.01322163 0.07052682
v 0.28764686 -0.01168970 0.06912783
v 0.28764686 -0.00820592 0.06688614
v 0.28764686 -0.00629790 0.06607163
v 0.28764686 -0.00431067 0.06547587
v 0.28764686 0.00967329 0.06769718
v 0.28764686 0.01137809 0.06887941
v 0.28764686 0.01293980 0.07024508
v 0.28764686 0.00226914 0.10182697
v 0.28764686 0.00019917 0.10196559
v 0.28764686 -0.00187331 0.10187158
v 0.28764686 -0.00392223 0.10154612
v 0.28764686 -0.00841657 0.10215923
v 0.28764686 -0.02039655 0.08552402
v 0.28764686 -0.01952309 0.08971974
v 0.28764686 -0.01799084 0.08777728
v 0.28764686 -0.00019927 0.06496774
v 0.28764686 0.00187321 0.06506175
v 0.28764686 0.00392213 0.06538721
v 0.28764686 0.00592172 0.06594004
v 0.28764686 0.01555745 0.07345596
v 0.28764686 0.01658047 0.07526079
v 0.28764686 -0.00592182 0.10099329
v 0.28764686 -0.00784695 0.10022005
v 0.28764686 -0.01211905 0.10000087
v 0.28764686 -0.01779637 0.09364216
v 0.28764686 -0.01529188 0.09711987
v 0.28764686 -0.01433888 0.09515630
v 0.28764686 -0.01555755 0.09347737
v 0.28764686 -0.01658057 0.09167253
v 0.28764686 -0.01739508 0.08976451
v 0.28764686 -0.01836036 0.08573585
v 0.28764686 -0.01849898 0.08366588
v 0.28764686 -0.02037859 0.08123840
v 0.28764686 -0.01840497 0.08159340
v 0.28764686 -0.01807950 0.07954448
v 0.28764686 0.01739498 0.07716881
v 0.28764686 0.01799074 0.07915604
v 0.28764686 0.01836026 0.08119748
v 0.28764686 0.01849888 0.08326744
v 0.28764686 0.01840487 0.08533992
v 0.28764686 0.01576943 0.09314001
v 0.28764686 -0.00967339 0.09923614
v 0.28764686 -0.01137819 0.09805392
v 0.28764686 -0.01293990 0.09668825
v 0.28764686 0.01001065 0.09902416
v 0.28764686 0.01807940 0.08738884
v 0.28764686 0.01752658 0.08938843
v 0.28764686 0.01675334 0.09131356
v 0.28764686 0.00820582 0.10004719
v 0.28764686 0.00629780 0.10086169
v 0.28764686 0.00431057 0.10145745
v 0.28764686 0.01458720 0.09484480
v 0.28764686 0.01322153 0.09640651
v 0.28764686 0.01168959 0.09780550
v 0.27614686 -0.00572431 0.10985289
v 0.27614686 -0.01047530 0.10835178
v 0.27614686 -0.01486957 0.10600325
v 0.27614686 -0.01875747 0.10288725
v 0.27614686 -0.02200661 0.09910991
v 0.27614686 -0.02450635 0.09479986
v 0.27614686 -0.02617155 0.09010387
v 0.27614686 -0.02694552 0.08518185
v 0.27614686 -0.02680188 0.08020144
v 0.27614686 -0.02574555 0.07533221
v 0.27614686 -0.02381248 0.07073999
v 0.27614686 -0.02106851 0.06658116
v 0.27614686 -0.01760708 0.06299736
v 0.27614686 -0.01354606 0.06011060
v 0.27614686 -0.00902374 0.05801921
v 0.27614686 -0.00419414 0.05679440
v 0.27614686 0.00077829 0.05647788
v 0.27614686 0.00572421 0.05708044
v 0.26114684 -0.01683977 0.06172559
v 0.26114684 -0.02035923 0.06498007
v 0.26114684 -0.02326009 0.06879626
v 0.26114684 -0.02545421 0.07305820
v 0.26114684 -0.02687491 0.07763640
v 0.26114684 -0.02747904 0.08239175
v 0.26114684 -0.02724822 0.08717975
v 0.26114684 -0.02618949 0.09185494
v 0.26114684 -0.02433501 0.09627525
v 0.26114684 -0.02174112 0.10030638
v 0.26114684 -0.01848664 0.10382584
v 0.26114684 -0.01467045 0.10672670
v 0.26114684 -0.01040851 0.10892082
v 0.26114684 -0.00583031 0.11034152
v 0.26114684 -0.00077839 0.11045544
v 0.26114684 -0.00107497 0.11094565
v 0.26114684 0.00419404 0.11013892
v 0.26114684 0.00371304 0.11071484
v 0.26114684 0.00902364 0.10891411
v 0.26114684 0.00838822 0.10965610
v 0.26114684 0.01354596 0.10682273
v 0.26114684 0.01280854 0.10780162
v 0.26114684 0.01683966 0.10520773
v 0.26114684 0.01760698 0.10393597
v 0.26114684 0.02035913 0.10195325
v 0.26114684 0.02106841 0.10035216
v 0.26114684 0.02325999 0.09813706
v 0.26114684 0.02381238 0.09619334
v 0.26114684 0.02545411 0.09387512
v 0.26114684 0.02574545 0.09160112
v 0.26114684 0.02687481 0.08929692
v 0.26114684 0.02680178 0.08673189
v 0.26114684 0.02747894 0.08454158
v 0.26114684 0.02694542 0.08175147
v 0.26114684 0.02724812 0.07975358
v 0.26114684 0.02617145 0.07682946
v 0.26114684 0.02618939 0.07507839
v 0.26114684 0.02450625 0.07213347
v 0.26114684 0.02433491 0.07065808
v 0.26114684 0.02200651 0.06782342
v 0.26114684 0.02174102 0.06662694
v 0.26114684 0.01875737 0.06404608
v 0.26114684 0.01848654 0.06310748
v 0.26114684 0.01486947 0.06093008
v 0.26114684 0.01467035 0.06020662
v 0.26114684 0.01047520 0.05858154
v 0.26114684 0.01040841 0.05801251
v 0.26114684 0.00583021 0.05659181
v 0.26114684 0.00107487 0.05598768
v 0.26114684 -0.00371314 0.05621849
v 0.26114684 -0.00838832 0.05727722
v 0.26114684 -0.01280864 0.05913170
v 0.28564686 -0.01434529 0.06264772
v 0.28564686 -0.01393472 0.06212135
v 0.28564686 -0.01448682 0.06330011
v 0.28564686 -0.01433128 0.06394930
v 0.28564686 -0.01390946 0.06446671
v 0.28564686 -0.01333642 0.06182525
v 0.28564686 0.01197845 0.10475986
v 0.28564686 0.01155829 0.10410691
v 0.28564686 0.01152091 0.10333135
v 0.28564686 0.01187631 0.10264101
v 0.28564686 0.01252927 0.10222085
v 0.28214687 0.00732062 0.10632290
v 0.28214687 0.02345437 0.08855489
v 0.28214687 0.01613370 0.06569865
v 0.28214687 -0.00732073 0.06061042
v 0.28214687 -0.02345447 0.07837843
v 0.28214687 -0.01613380 0.10123467
v 0.28814685 0.00381612 0.06587584
v 0.28814685 0.00576167 0.06641373
v 0.28814685 0.00763477 0.06716606
v 0.28814685 0.00941185 0.06812339
v 0.28814685 0.01107057 0.06927366
v 0.28814685 0.01259007 0.07060242
v 0.28814685 0.01395125 0.07209295
v 0.28814685 0.01513698 0.07372652
v 0.28814685 0.01613235 0.07548257
v 0.28814685 0.01692485 0.07733903
v 0.28814685 0.01750450 0.07927255
v 0.28814685 0.01786403 0.08125880
v 0.28814685 0.01799891 0.08327283
v 0.28814685 0.01790744 0.08528929
v 0.28814685 0.01759076 0.08728284
v 0.28814685 0.01705288 0.08922838
v 0.28814685 0.01630055 0.09110148
v 0.28814685 0.01534323 0.09287857
v 0.28814685 0.01419295 0.09453728
v 0.28814685 0.01286419 0.09605679
v 0.28814685 0.01137366 0.09741796
v 0.28814685 0.00974009 0.09860369
v 0.28814685 0.00798404 0.09959906
v 0.28814685 0.00612758 0.10039156
v 0.28814685 0.00419407 0.10097121
v 0.28814685 0.00220781 0.10133074
v 0.28814685 0.00019378 0.10146562
v 0.28814685 -0.00182268 0.10137415
v 0.28814685 -0.00381622 0.10105748
v 0.27614686 0.02200651 0.06782342
v 0.27614686 0.02433491 0.07065808
v 0.27614686 0.02450625 0.07213347
v 0.27614686 0.02618939 0.07507839
v 0.27614686 0.02617145 0.07682946
v 0.27614686 0.02724812 0.07975358
v 0.27614686 0.02694542 0.08175147
v 0.27614686 0.02747894 0.08454158
v 0.27614686 0.02680178 0.08673189
v 0.27614686 0.02687481 0.08929692
v 0.27614686 0.02574545 0.09160112
v 0.27614686 0.02545411 0.09387512
v 0.27614686 0.02381238 0.09619334
v 0.27614686 0.02325999 0.09813706
v 0.27614686 0.02106841 0.10035216
v 0.27614686 0.02035913 0.10195325
v 0.27614686 0.01760698 0.10393597
v 0.27614686 0.01683966 0.10520773
v 0.27614686 0.01354596 0.10682273
v 0.27614686 0.01280854 0.10780162
v 0.27614686 0.00902364 0.10891411
v 0.27614686 0.00838822 0.10965610
v 0.27614686 0.00419404 0.11013892
v 0.27614686 0.00371304 0.11071484
v 0.27614686 -0.00077839 0.11045544
v 0.27614686 -0.00107497 0.11094565
v 0.27614686 -0.00583031 0.11034152
v 0.27614686 -0.01040851 0.10892082
v 0.27614686 -0.01467045 0.10672670
v 0.27614686 -0.01848664 0.10382584
v 0.27614686 -0.02174112 0.10030638
v 0.27614686 -0.02433501 0.09627525
v 0.27614686 -0.02618949 0.09185494
v 0.27614686 -0.02724822 0.08717975
v 0.27614686 -0.02747904 0.08239175
v 0.27614686 -0.02687491 0.07763640
v 0.27614686 -0.02545421 0.07305820
v 0.27614686 -0.02326009 0.06879626
v 0.27614686 -0.02035923 0.06498007
v 0.27614686 -0.01683977 0.06172559
v 0.27614686 -0.01280864 0.05913170
v 0.27614686 -0.00838832 0.05727722
v 0.27614686 -0.00371314 0.05621849
v 0.27614686 0.00107487 0.05598768
v 0.27614686 0.00583021 0.05659181
v 0.27614686 0.01047520 0.05858154
v 0.27614686 0.01040841 0.05801251
v 0.27614686 0.01486947 0.06093008
v 0.27614686 0.01467035 0.06020662
v 0.27614686 0.01875737 0.06404608
v 0.27614686 0.01848654 0.06310748
v 0.27614686 0.02174102 0.06662694
v 0.26214686 0.00583021 0.05659181
v 0.26214686 0.00107487 0.05598768
v 0.26214686 -0.00371314 0.05621849
v 0.26214686 -0.00838832 0.05727722
v 0.26214686 -0.01280864 0.05913170
v 0.26214686 -0.01683977 0.06172559
v 0.26214686 -0.02035923 0.06498007
v 0.26214686 -0.02326009 0.06879626
v 0.26214686 -0.02545421 0.07305820
v 0.26214686 -0.02687491 0.07763640
v 0.26214686 -0.02747904 0.08239175
v 0.26214686 -0.02724822 0.08717975
v 0.26214686 -0.02618949 0.09185494
v 0.26214686 -0.02433501 0.09627525
v 0.26214686 -0.02174112 0.10030638
v 0.26214686 -0.01848664 0.10382584
v 0.26214686 -0.01467045 0.10672670
v 0.26214686 -0.01040851 0.10892082
v 0.26214686 -0.00583031 0.11034152
v 0.27514684 0.00583021 0.05659181
v 0.27514684 0.00107487 0.05598768
v 0.27514684 -0.00371314 0.05621849
v 0.27514684 -0.00838832 0.05727722
v 0.27514684 -0.01280864 0.05913170
v 0.27514684 -0.01683977 0.06172559
v 0.27514684 -0.02035923 0.06498007
v 0.27514684 -0.02326009 0.06879626
v 0.27514684 -0.02545421 0.07305820
v 0.27514684 -0.02687491 0.07763640
v 0.27514684 -0.02747904 0.08239175
v 0.27514684 -0.02724822 0.08717975
v 0.27514684 -0.02618949 0.09185494
v 0.27514684 -0.02433501 0.09627525
v 0.27514684 -0.02174112 0.10030638
v 0.27514684 -0.01848664 0.10382584
v 0.27514684 -0.01467045 0.10672670
v 0.27514684 -0.01040851 0.10892082
v 0.27514684 -0.00583031 0.11034152
v 0.26214686 0.02200651 0.06782342
v 0.26214686 0.02433491 0.07065808
v 0.26214686 0.02450625 0.07213347
v 0.26214686 0.02618939 0.07507839
v 0.26214686 0.02617145 0.07682946
v 0.26214686 0.02724812 0.07975358
v 0.26214686 0.02694542 0.08175147
v 0.26214686 0.02747894 0.08454158
v 0.26214686 0.02680178 0.08673189
v 0.26214686 0.02687481 0.08929692
v 0.26214686 0.02574545 0.09160112
v 0.26214686 0.02545411 0.09387512
v 0.26214686 0.02381238 0.09619334
v 0.26214686 0.02325999 0.09813706
v 0.26214686 0.02106841 0.10035216
v 0.26214686 0.02035913 0.10195325
v 0.26214686 0.01760698 0.10393597
v 0.26214686 0.01683966 0.10520773
v 0.26214686 0.01354596 0.10682273
v 0.26214686 0.01280854 0.10780162
v 0.26214686 0.00902364 0.10891411
v 0.26214686 0.00838822 0.10965610
v 0.26214686 0.00419404 0.11013892
v 0.26214686 0.00371304 0.11071484
v 0.26214686 -0.00077839 0.11045544
v 0.26214686 -0.00107497 0.11094565
v 0.26214686 -0.00572431 0.10985289
v 0.26214686 -0.01047530 0.10835178
v 0.26214686 -0.01486957 0.10600325
v 0.26214686 -0.01875747 0.10288725
v 0.26214686 -0.02200661 0.09910991
v 0.26214686 -0.02450635 0.09479986
v 0.26214686 -0.02617155 0.09010387
v 0.26214686 -0.02694552 0.08518185
v 0.26214686 -0.02680188 0.08020144
v 0.26214686 -0.02574555 0.07533221
v 0.26214686 -0.02381248 0.07073999
v 0.26214686 -0.02106851 0.06658116
v 0.26214686 -0.01760708 0.06299736
v 0.26214686 -0.01354606 0.06011060
v 0.26214686 -0.00902374 0.05801921
v 0.26214686 -0.00419414 0.05679440
v 0.26214686 0.00077829 0.05647788
v 0.26214686 0.00572421 0.05708044
v 0.26214686 0.01047520 0.05858154
v 0.26214686 0.01040841 0.05801251
v 0.26214686 0.01486947 0.06093008
v 0.26214686 0.01467035 0.06020662
v 0.26214686 0.01875737 0.06404608
v 0.26214686 0.01848654 0.06310748
v 0.26214686 0.02174102 0.06662694
v 0.27514684 -0.01354606 0.06011060
v 0.27514684 -0.01760708 0.06299736
v 0.27514684 -0.02106851 0.06658116
v 0.27514684 -0.02381248 0.07073999
v 0.27514684 -0.02574555 0.07533221
v 0.27514684 -0.02680188 0.08020144
v 0.27514684 -0.02694552 0.08518185
v 0.27514684 -0.02617155 0.09010387
v 0.27514684 -0.02450635 0.09479986
v 0.27514684 -0.02200661 0.09910991
v 0.27514684 -0.01875747 0.10288725
v 0.27514684 -0.01486957 0.10600325
v 0.27514684 -0.01047530 0.10835178
v 0.27514684 -0.00572431 0.10985289
v 0.27514684 -0.00077839 0.11045544
v 0.27514684 -0.00107497 0.11094565
v 0.27514684 0.00419404 0.11013892
v 0.27514684 0.00371304 0.11071484
v 0.27514684 0.00902364 0.10891411
v 0.27514684 0.00838822 0.10965610
v 0.27514684 0.01354596 0.10682273
v 0.27514684 0.01280854 0.10780162
v 0.27514684 0.01683966 0.10520773
v 0.27514684 0.01760698 0.10393597
v 0.27514684 0.02035913 0.10195325
v 0.27514684 0.02106841 0.10035216
v 0.27514684 0.02325999 0.09813706
v 0.27514684 0.02381238 0.09619334
v 0.27514684 0.02545411 0.09387512
v 0.27514684 0.02574545 0.09160112
v 0.27514684 0.02687481 0.08929692
v 0.27514684 0.02680178 0.08673189
v 0.27514684 0.02747894 0.08454158
v 0.27514684 0.02694542 0.08175147
v 0.27514684 0.02724812 0.07975358
v 0.27514684 0.02617145 0.07682946
v 0.27514684 0.02618939 0.07507839
v 0.27514684 0.02450625 0.07213347
v 0.27514684 0.02433491 0.07065808
v 0.27514684 0.02200651 0.06782342
v 0.27514684 0.02174102 0.06662694
v 0.27514684 0.01875737 0.06404608
v 0.27514684 0.01848654 0.06310748
v 0.27514684 0.01486947 0.06093008
v 0.27514684 0.01467035 0.06020662
v 0.27514684 0.01047520 0.05858154
v 0.27514684 0.01040841 0.05801251
v 0.27514684 0.00572421 0.05708044
v 0.27514684 0.00077829 0.05647788
v 0.27514684 -0.00419414 0.05679440
v 0.27514684 -0.00902374 0.05801921
v 0.26314685 -0.00572431 0.10985289
v 0.26314685 -0.01047530 0.10835178
v 0.26314685 -0.01486957 0.10600325
v 0.26314685 -0.01875747 0.10288725
v 0.26314685 -0.02200661 0.09910991
v 0.26314685 -0.02450635 0.09479986
v 0.26314685 -0.02617155 0.09010387
v 0.26314685 -0.02694552 0.08518185
v 0.26314685 -0.02680188 0.08020144
v 0.26314685 -0.02574555 0.07533221
v 0.26314685 -0.02381248 0.07073999
v 0.26314685 -0.02106851 0.06658116
v 0.26314685 -0.01760708 0.06299736
v 0.26314685 -0.01354606 0.06011060
v 0.26314685 -0.00902374 0.05801921
v 0.26314685 -0.00419414 0.05679440
v 0.26314685 0.00077829 0.05647788
v 0.26314685 0.00572421 0.05708044
v 0.27414685 -0.00572431 0.10985289
v 0.27414685 -0.01047530 0.10835178
v 0.27414685 -0.01486957 0.10600325
v 0.27414685 -0.01875747 0.10288725
v 0.27414685 -0.02200661 0.09910991
v 0.27414685 -0.02450635 0.09479986
v 0.27414685 -0.02617155 0.09010387
v 0.27414685 -0.02694552 0.08518185
v 0.27414685 -0.02680188 0.08020144
v 0.27414685 -0.02574555 0.07533221
v 0.27414685 -0.02381248 0.07073999
v 0.27414685 -0.02106851 0.06658116
v 0.27414685 -0.01760708 0.06299736
v 0.27414685 -0.01354606 0.06011060
v 0.27414685 -0.00902374 0.05801921
v 0.27414685 -0.00419414 0.05679440
v 0.27414685 0.00077829 0.05647788
v 0.27414685 0.00572421 0.05708044
v 0.26314685 -0.01683977 0.06172559
v 0.26314685 -0.02035923 0.06498007
v 0.26314685 -0.02326009 0.06879626
v 0.26314685 -0.02545421 0.07305820
v 0.26314685 -0.02687491 0.07763640
v 0.26314685 -0.02747904 0.08239175
v 0.26314685 -0.02724822 0.08717975
v 0.26314685 -0.02618949 0.09185494
v 0.26314685 -0.02433501 0.09627525
v 0.26314685 -0.02174112 0.10030638
v 0.26314685 -0.01848664 0.10382584
v 0.26314685 -0.01467045 0.10672670
v 0.26314685 -0.01040851 0.10892082
v 0.26314685 -0.00583031 0.11034152
v 0.26314685 -0.00077839 0.11045544
v 0.26314685 -0.00107497 0.11094565
v 0.26314685 0.00419404 0.11013892
v 0.26314685 0.00371304 0.11071484
v 0.26314685 0.00902364 0.10891411
v 0.26314685 0.00838822 0.10965610
v 0.26314685 0.01354596 0.10682273
v 0.26314685 0.01280854 0.10780162
v 0.26314685 0.01683966 0.10520773
v 0.26314685 0.01760698 0.10393597
v 0.26314685 0.02035913 0.10195325
v 0.26314685 0.02106841 0.10035216
v 0.26314685 0.02325999 0.09813706
v 0.26314685 0.02381238 0.09619334
v 0.26314685 0.02545411 0.09387512
v 0.26314685 0.02574545 0.09160112
v 0.26314685 0.02687481 0.08929692
v 0.26314685 0.02680178 0.08673189
v 0.26314685 0.02747894 0.08454158
v 0.26314685 0.02694542 0.08175147
v 0.26314685 0.02724812 0.07975358
v 0.26314685 0.02617145 0.07682946
v 0.26314685 0.02618939 0.07507839
v 0.26314685 0.02450625 0.07213347
v 0.26314685 0.02433491 0.07065808
v 0.26314685 0.02200651 0.06782342
v 0.26314685 0.02174102 0.06662694
v 0.26314685 0.01875737 0.06404608
v 0.26314685 0.01848654 0.06310748
v 0.26314685 0.01486947 0.06093008
v 0.26314685 0.01467035 0.06020662
v 0.26314685 0.01047520 0.05858154
v 0.26314685 0.01040841 0.05801251
v 0.26314685 0.00583021 0.05659181
v 0.26314685 0.00107487 0.05598768
v 0.26314685 -0.00371314 0.05621849
v 0.26314685 -0.00838832 0.05727722
v 0.26314685 -0.01280864 0.05913170
v 0.27414685 -0.02433501 0.09627525
v 0.27414685 -0.02618949 0.09185494
v 0.27414685 -0.02724822 0.08717975
v 0.27414685 -0.02747904 0.08239175
v 0.27414685 -0.02687491 0.07763640
v 0.27414685 -0.02545421 0.07305820
v 0.27414685 -0.02326009 0.06879626
v 0.27414685 -0.02035923 0.06498007
v 0.27414685 -0.01683977 0.06172559
v 0.27414685 -0.01280864 0.05913170
v 0.27414685 -0.00838832 0.05727722
v 0.27414685 -0.00371314 0.05621849
v 0.27414685 0.00107487 0.05598768
v 0.27414685 0.00583021 0.05659181
v 0.27414685 0.01047520 0.05858154
v 0.27414685 0.01040841 0.05801251
v 0.27414685 0.01486947 0.06093008
v 0.27414685 0.01467035 0.06020662
v 0.27414685 0.01875737 0.06404608
v 0.27414685 0.01848654 0.06310748
v 0.27414685 0.02200651 0.06782342
v 0.27414685 0.02174102 0.06662694
v 0.27414685 0.02433491 0.07065808
v 0.27414685 0.02450625 0.07213347
v 0.27414685 0.02618939 0.07507839
v 0.27414685 0.02617145 0.07682946
v 0.27414685 0.02724812 0.07975358
v 0.27414685 0.02694542 0.08175147
v 0.27414685 0.02747894 0.08454158
v 0.27414685 0.02680178 0.08673189
v 0.27414685 0.02687481 0.08929692
v 0.27414685 0.02574545 0.09160112
v 0.27414685 0.02545411 0.09387512
v 0.27414685 0.02381238 0.09619334
v 0.27414685 0.02325999 0.09813706
v 0.27414685 0.02106841 0.10035216
v 0.27414685 0.02035913 0.10195325
v 0.27414685 0.01760698 0.10393597
v 0.27414685 0.01683966 0.10520773
v 0.27414685 0.01354596 0.10682273
v 0.27414685 0.01280854 0.10780162
v 0.27414685 0.00902364 0.10891411
v 0.27414685 0.00838822 0.10965610
v 0.27414685 0.00419404 0.11013892
v 0.27414685 0.00371304 0.11071484
v 0.27414685 -0.00077839 0.11045544
v 0.27414685 -0.00107497 0.11094565
v 0.27414685 -0.00583031 0.11034152
v 0.27414685 -0.01040851 0.10892082
v 0.27414685 -0.01467045 0.10672670
v 0.27414685 -0.01848664 0.10382584
v 0.27414685 -0.02174112 0.10030638
v 0.26414686 0.00583021 0.05659181
v 0.26414686 0.00107487 0.05598768
v 0.26414686 -0.00371314 0.05621849
v 0.26414686 -0.00838832 0.05727722
v 0.26414686 -0.01280864 0.05913170
v 0.26414686 -0.01683977 0.06172559
v 0.26414686 -0.02035923 0.06498007
v 0.26414686 -0.02326009 0.06879626
v 0.26414686 -0.02545421 0.07305820
v 0.26414686 -0.02687491 0.07763640
v 0.26414686 -0.02747904 0.08239175
v 0.26414686 -0.02724822 0.08717975
v 0.26414686 -0.02618949 0.09185494
v 0.26414686 -0.02433501 0.09627525
v 0.26414686 -0.02174112 0.10030638
v 0.26414686 -0.01848664 0.10382584
v 0.26414686 -0.01467045 0.10672670
v 0.26414686 -0.01040851 0.10892082
v 0.26414686 -0.00583031 0.11034152
v 0.27314687 0.00583021 0.05659181
v 0.27314687 0.00107487 0.05598768
v 0.27314687 -0.00371314 0.05621849
v 0.27314687 -0.00838832 0.05727722
v 0.27314687 -0.01280864 0.05913170
v 0.27314687 -0.01683977 0.06172559
v 0.27314687 -0.02035923 0.06498007
v 0.27314687 -0.02326009 0.06879626
v 0.27314687 -0.02545421 0.07305820
v 0.27314687 -0.02687491 0.07763640
v 0.27314687 -0.02747904 0.08239175
v 0.27314687 -0.02724822 0.08717975
v 0.27314687 -0.02618949 0.09185494
v 0.27314687 -0.02433501 0.09627525
v 0.27314687 -0.02174112 0.10030638
v 0.27314687 -0.01848664 0.10382584
v 0.27314687 -0.01467045 0.10672670
v 0.27314687 -0.01040851 0.10892082
v 0.27314687 -0.00583031 0.11034152
v 0.26414686 0.02200651 0.06782342
v 0.26414686 0.02433491 0.07065808
v 0.26414686 0.02450625 0.07213347
v 0.26414686 0.02618939 0.07507839
v 0.26414686 0.02617145 0.07682946
v 0.26414686 0.02724812 0.07975358
v 0.26414686 0.02694542 0.08175147
v 0.26414686 0.02747894 0.08454158
v 0.26414686 0.02680178 0.08673189
v 0.26414686 0.02687481 0.08929692
v 0.26414686 0.02574545 0.09160112
v 0.26414686 0.02545411 0.09387512
v 0.26414686 0.02381238 0.09619334
v 0.26414686 0.02325999 0.09813706
v 0.26414686 0.02106841 0.10035216
v 0.26414686 0.02035913 0.10195325
v 0.26414686 0.01760698 0.10393597
v 0.26414686 0.01683966 0.10520773
v 0.26414686 0.01354596 0.10682273
v 0.26414686 0.01280854 0.10780162
v 0.26414686 0.00902364 0.10891411
v 0.26414686 0.00838822 0.10965610
v 0.26414686 0.00419404 0.11013892
v 0.26414686 0.00371304 0.11071484
v 0.26414686 -0.00077839 0.11045544
v 0.26414686 -0.00107497 0.11094565
v 0.26414686 -0.00572431 0.10985289
v 0.26414686 -0.01047530 0.10835178
v 0.26414686 -0.01486957 0.10600325
v 0.26414686 -0.01875747 0.10288725
v 0.26414686 -0.02200661 0.09910991
v 0.26414686 -0.02450635 0.09479986
v 0.26414686 -0.02617155 0.09010387
v 0.26414686 -0.02694552 0.08518185
v 0.26414686 -0.02680188 0.08020144
v 0.26414686 -0.02574555 0.07533221
v 0.26414686 -0.02381248 0.07073999
v 0.26414686 -0.02106851 0.06658116
v 0.26414686 -0.01760708 0.06299736
v 0.26414686 -0.01354606 0.06011060
v 0.26414686 -0.00902374 0.05801921
v 0.26414686 -0.00419414 0.05679440
v 0.26414686 0.00077829 0.05647788
v 0.26414686 0.00572421 0.05708044
v 0.26414686 0.01047520 0.05858154
v 0.26414686 0.01040841 0.05801251
v 0.26414686 0.01486947 0.06093008
v 0.26414686 0.01467035 0.06020662
v 0.26414686 0.01875737 0.06404608
v 0.26414686 0.01848654 0.06310748
v 0.26414686 0.02174102 0.06662694
v 0.27314687 -0.01354606 0.06011060
v 0.27314687 -0.01760708 0.06299736
v 0.27314687 -0.02106851 0.06658116
v 0.27314687 -0.02381248 0.07073999
v 0.27314687 -0.02574555 0.07533221
v 0.27314687 -0.02680188 0.08020144
v 0.27314687 -0.02694552 0.08518185
v 0.27314687 -0.02617155 0.09010387
v 0.27314687 -0.02450635 0.09479986
v 0.27314687 -0.02200661 0.09910991
v 0.27314687 -0.01875747 0.10288725
v 0.27314687 -0.01486957 0.10600325
v 0.27314687 -0.01047530 0.10835178
v 0.27314687 -0.00572431 0.10985289
v 0.27314687 -0.00077839 0.11045544
v 0.27314687 -0.00107497 0.11094565
v 0.27314687 0.00419404 0.11013892
v 0.27314687 0.00371304 0.11071484
v 0.27314687 0.00902364 0.10891411
v 0.27314687 0.00838822 0.10965610
v 0.27314687 0.01354596 0.10682273
v 0.27314687 0.01280854 0.10780162
v 0.27314687 0.01683966 0.10520773
v 0.27314687 0.01760698 0.10393597
v 0.27314687 0.02035913 0.10195325
v 0.27314687 0.02106841 0.10035216
v 0.27314687 0.02325999 0.09813706
v 0.27314687 0.02381238 0.09619334
v 0.27314687 0.02545411 0.09387512
v 0.27314687 0.02574545 0.09160112
v 0.27314687 0.02687481 0.08929692
v 0.27314687 0.02680178 0.08673189
v 0.27314687 0.02747894 0.08454158
v 0.27314687 0.02694542 0.08175147
v 0.27314687 0.02724812 0.07975358
v 0.27314687 0.02617145 0.07682946
v 0.27314687 0.02618939 0.07507839
v 0.27314687 0.02450625 0.07213347
v 0.27314687 0.02433491 0.07065808
v 0.27314687 0.02200651 0.06782342
v 0.27314687 0.02174102 0.06662694
v 0.27314687 0.01875737 0.06404608
v 0.27314687 0.01848654 0.06310748
v 0.27314687 0.01486947 0.06093008
v 0.27314687 0.01467035 0.06020662
v 0.27314687 0.01047520 0.05858154
v 0.27314687 0.01040841 0.05801251
v 0.27314687 0.00572421 0.05708044
v 0.27314687 0.00077829 0.05647788
v 0.27314687 -0.00419414 0.05679440
v 0.27314687 -0.00902374 0.05801921
v 0.26514685 -0.00572431 0.10985289
v 0.26514685 -0.01047530 0.10835178
v 0.26514685 -0.01486957 0.10600325
v 0.26514685 -0.01875747 0.10288725
v 0.26514685 -0.02200661 0.09910991
v 0.26514685 -0.02450635 0.09479986
v 0.26514685 -0.02617155 0.09010387
v 0.26514685 -0.02694552 0.08518185
v 0.26514685 -0.02680188 0.08020144
v 0.26514685 -0.02574555 0.07533221
v 0.26514685 -0.02381248 0.07073999
v 0.26514685 -0.02106851 0.06658116
v 0.26514685 -0.01760708 0.06299736
v 0.26514685 -0.01354606 0.06011060
v 0.26514685 -0.00902374 0.05801921
v 0.26514685 -0.00419414 0.05679440
v 0.26514685 0.00077829 0.05647788
v 0.26514685 0.00572421 0.05708044
v 0.27214685 -0.00572431 0.10985289
v 0.27214685 -0.01047530 0.10835178
v 0.27214685 -0.01486957 0.10600325
v 0.27214685 -0.01875747 0.10288725
v 0.27214685 -0.02200661 0.09910991
v 0.27214685 -0.02450635 0.09479986
v 0.27214685 -0.02617155 0.09010387
v 0.27214685 -0.02694552 0.08518185
v 0.27214685 -0.02680188 0.08020144
v 0.27214685 -0.02574555 0.07533221
v 0.27214685 -0.02381248 0.07073999
v 0.27214685 -0.02106851 0.06658116
v 0.27214685 -0.01760708 0.06299736
v 0.27214685 -0.01354606 0.06011060
v 0.27214685 -0.00902374 0.05801921
v 0.27214685 -0.00419414 0.05679440
v 0.27214685 0.00077829 0.05647788
v 0.27214685 0.00572421 0.05708044
v 0.26514685 -0.01683977 0.06172559
v 0.26514685 -0.02035923 0.06498007
v 0.26514685 -0.02326009 0.06879626
v 0.26514685 -0.02545421 0.07305820
v 0.26514685 -0.02687491 0.07763640
v 0.26514685 -0.02747904 0.08239175
v 0.26514685 -0.02724822 0.08717975
v 0.26514685 -0.02618949 0.09185494
v 0.26514685 -0.02433501 0.09627525
v 0.26514685 -0.02174112 0.10030638
v 0.26514685 -0.01848664 0.10382584
v 0.26514685 -0.01467045 0.10672670
v 0.26514685 -0.01040851 0.10892082
v 0.26514685 -0.00583031 0.11034152
v 0.26514685 -0.00077839 0.11045544
v 0.26514685 -0.00107497 0.11094565
v 0.26514685 0.00419404 0.11013892
v 0.26514685 0.00371304 0.11071484
v 0.26514685 0.00902364 0.10891411
v 0.26514685 0.00838822 0.10965610
v 0.26514685 0.01354596 0.10682273
v 0.26514685 0.01280854 0.10780162
v 0.26514685 0.01683966 0.10520773
v 0.26514685 0.01760698 0.10393597
v 0.26514685 0.02035913 0.10195325
v 0.26514685 0.02106841 0.10035216
v 0.26514685 0.02325999 0.09813706
v 0.26514685 0.02381238 0.09619334
v 0.26514685 0.02545411 0.09387512
v 0.26514685 0.02574545 0.09160112
v 0.26514685 0.02687481 0.08929692
v 0.26514685 0.02680178 0.08673189
v 0.26514685 0.02747894 0.08454158
v 0.26514685 0.02694542 0.08175147
v 0.26514685 0.02724812 0.07975358
v 0.26514685 0.02617145 0.07682946
v 0.26514685 0.02618939 0.07507839
v 0.26514685 0.02450625 0.07213347
v 0.26514685 0.02433491 0.07065808
v 0.26514685 0.02200651 0.06782342
v 0.26514685 0.02174102 0.06662694
v 0.26514685 0.01875737 0.06404608
v 0.26514685 0.01848654 0.06310748
v 0.26514685 0.01486947 0.06093008
v 0.26514685 0.01467035 0.06020662
v 0.26514685 0.01047520 0.05858154
v 0.26514685 0.01040841 0.05801251
v 0.26514685 0.00583021 0.05659181
v 0.26514685 0.00107487 0.05598768
v 0.26514685 -0.00371314 0.05621849
v 0.26514685 -0.00838832 0.05727722
v 0.26514685 -0.01280864 0.05913170
v 0.27214685 -0.02433501 0.09627525
v 0.27214685 -0.02618949 0.09185494
v 0.27214685 -0.02724822 0.08717975
v 0.27214685 -0.02747904 0.08239175
v 0.27214685 -0.02687491 0.07763640
v 0.27214685 -0.02545421 0.07305820
v 0.27214685 -0.02326009 0.06879626
v 0.27214685 -0.02035923 0.06498007
v 0.27214685 -0.01683977 0.06172559
v 0.27214685 -0.01280864 0.05913170
v 0.27214685 -0.00838832 0.05727722
v 0.27214685 -0.00371314 0.05621849
v 0.27214685 0.00107487 0.05598768
v 0.27214685 0.00583021 0.05659181
v 0.27214685 0.01047520 0.05858154
v 0.27214685 0.01040841 0.05801251
v 0.27214685 0.01486947 0.06093008
v 0.27214685 0.01467035 0.06020662
v 0.27214685 0.01875737 0.06404608
v 0.27214685 0.01848654 0.06310748
v 0.27214685 0.02200651 0.06782342
v 0.27214685 0.02174102 0.06662694
v 0.27214685 0.02433491 0.07065808
v 0.27214685 0.02450625 0.07213347
v 0.27214685 0.02618939 0.07507839
v 0.27214685 0.02617145 0.07682946
v 0.27214685 0.02724812 0.07975358
v 0.27214685 0.02694542 0.08175147
v 0.27214685 0.02747894 0.08454158
v 0.27214685 0.02680178 0.08673189
v 0.27214685 0.02687481 0.08929692
v 0.27214685 0.02574545 0.09160112
v 0.27214685 0.02545411 0.09387512
v 0.27214685 0.02381238 0.09619334
v 0.27214685 0.02325999 0.09813706
v 0.27214685 0.02106841 0.10035216
v 0.27214685 0.02035913 0.10195325
v 0.27214685 0.01760698 0.10393597
v 0.27214685 0.01683966 0.10520773
v 0.27214685 0.01354596 0.10682273
v 0.27214685 0.01280854 0.10780162
v 0.27214685 0.00902364 0.10891411
v 0.27214685 0.00838822 0.10965610
v 0.27214685 0.00419404 0.11013892
v 0.27214685 0.00371304 0.11071484
v 0.27214685 -0.00077839 0.11045544
v 0.27214685 -0.00107497 0.11094565
v 0.27214685 -0.00583031 0.11034152
v 0.27214685 -0.01040851 0.10892082
v 0.27214685 -0.01467045 0.10672670
v 0.27214685 -0.01848664 0.10382584
v 0.27214685 -0.02174112 0.10030638
v 0.26614687 0.00583021 0.05659181
v 0.26614687 0.00107487 0.05598768
v 0.26614687 -0.00371314 0.05621849
v 0.26614687 -0.00838832 0.05727722
v 0.26614687 -0.01280864 0.05913170
v 0.26614687 -0.01683977 0.06172559
v 0.26614687 -0.02035923 0.06498007
v 0.26614687 -0.02326009 0.06879626
v 0.26614687 -0.02545421 0.07305820
v 0.26614687 -0.02687491 0.07763640
v 0.26614687 -0.02747904 0.08239175
v 0.26614687 -0.02724822 0.08717975
v 0.26614687 -0.02618949 0.09185494
v 0.26614687 -0.02433501 0.09627525
v 0.26614687 -0.02174112 0.10030638
v 0.26614687 -0.01848664 0.10382584
v 0.26614687 -0.01467045 0.10672670
v 0.26614687 -0.01040851 0.10892082
v 0.26614687 -0.00583031 0.11034152
v 0.27114686 0.00583021 0.05659181
v 0.27114686 0.00107487 0.05598768
v 0.27114686 -0.00371314 0.05621849
v 0.27114686 -0.00838832 0.05727722
v 0.27114686 -0.01280864 0.05913170
v 0.27114686 -0.01683977 0.06172559
v 0.27114686 -0.02035923 0.06498007
v 0.27114686 -0.02326009 0.06879626
v 0.27114686 -0.02545421 0.07305820
v 0.27114686 -0.02687491 0.07763640
v 0.27114686 -0.02747904 0.08239175
v 0.27114686 -0.02724822 0.08717975
v 0.27114686 -0.02618949 0.09185494
v 0.27114686 -0.02433501 0.09627525
v 0.27114686 -0.02174112 0.10030638
v 0.27114686 -0.01848664 0.10382584
v 0.27114686 -0.01467045 0.10672670
v 0.27114686 -0.01040851 0.10892082
v 0.27114686 -0.00583031 0.11034152
v 0.26614687 0.02200651 0.06782342
v 0.26614687 0.02433491 0.07065808
v 0.26614687 0.02450625 0.07213347
v 0.26614687 0.02618939 0.07507839
v 0.26614687 0.02617145 0.07682946
v 0.26614687 0.02724812 0.07975358
v 0.26614687 0.02694542 0.08175147
v 0.26614687 0.02747894 0.08454158
v 0.26614687 0.02680178 0.08673189
v 0.26614687 0.02687481 0.08929692
v 0.26614687 0.02574545 0.09160112
v 0.26614687 0.02545411 0.09387512
v 0.26614687 0.02381238 0.09619334
v 0.26614687 0.02325999 0.09813706
v 0.26614687 0.02106841 0.10035216
v 0.26614687 0.02035913 0.10195325
v 0.26614687 0.01760698 0.10393597
v 0.26614687 0.01683966 0.10520773
v 0.26614687 0.01354596 0.10682273
v 0.26614687 0.01280854 0.10780162
v 0.26614687 0.00902364 0.10891411
v 0.26614687 0.00838822 0.10965610
v 0.26614687 0.00419404 0.11013892
v 0.26614687 0.00371304 0.11071484
v 0.26614687 -0.00077839 0.11045544
v 0.26614687 -0.00107497 0.11094565
v 0.26614687 -0.00572431 0.10985289
v 0.26614687 -0.01047530 0.10835178
v 0.26614687 -0.01486957 0.10600325
v 0.26614687 -0.01875747 0.10288725
v 0.26614687 -0.02200661 0.09910991
v 0.26614687 -0.02450635 0.09479986
v 0.26614687 -0.02617155 0.09010387
v 0.26614687 -0.02694552 0.08518185
v 0.26614687 -0.02680188 0.08020144
v 0.26614687 -0.02574555 0.07533221
v 0.26614687 -0.02381248 0.07073999
v 0.26614687 -0.02106851 0.06658116
v 0.26614687 -0.01760708 0.06299736
v 0.26614687 -0.01354606 0.06011060
v 0.26614687 -0.00902374 0.05801921
v 0.26614687 -0.00419414 0.05679440
v 0.26614687 0.00077829 0.05647788
v 0.26614687 0.00572421 0.05708044
v 0.26614687 0.01047520 0.05858154
v 0.26614687 0.01040841 0.05801251
v 0.26614687 0.01486947 0.06093008
v 0.26614687 0.01467035 0.06020662
v 0.26614687 0.01875737 0.06404608
v 0.26614687 0.01848654 0.06310748
v 0.26614687 0.02174102 0.06662694
v 0.27114686 -0.01354606 0.06011060
v 0.27114686 -0.01760708 0.06299736
v 0.27114686 -0.02106851 0.06658116
v 0.27114686 -0.02381248 0.07073999
v 0.27114686 -0.02574555 0.07533221
v 0.27114686 -0.02680188 0.08020144
v 0.27114686 -0.02694552 0.08518185
v 0.27114686 -0.02617155 0.09010387
v 0.27114686 -0.02450635 0.09479986
v 0.27114686 -0.02200661 0.09910991
v 0.27114686 -0.01875747 0.10288725
v 0.27114686 -0.01486957 0.10600325
v 0.27114686 -0.01047530 0.10835178
v 0.27114686 -0.00572431 0.10985289
v 0.27114686 -0.00077839 0.11045544
v 0.27114686 -0.00107497 0.11094565
v 0.27114686 0.00419404 0.11013892
v 0.27114686 0.00371304 0.11071484
v 0.27114686 0.00902364 0.10891411
v 0.27114686 0.00838822 0.10965610
v 0.27114686 0.01354596 0.10682273
v 0.27114686 0.01280854 0.10780162
v 0.27114686 0.01683966 0.10520773
v 0.27114686 0.01760698 0.10393597
v 0.27114686 0.02035913 0.10195325
v 0.27114686 0.02106841 0.10035216
v 0.27114686 0.02325999 0.09813706
v 0.27114686 0.02381238 0.09619334
v 0.27114686 0.02545411 0.09387512
v 0.27114686 0.02574545 0.09160112
v 0.27114686 0.02687481 0.08929692
v 0.27114686 0.02680178 0.08673189
v 0.27114686 0.02747894 0.08454158
v 0.27114686 0.02694542 0.08175147
v 0.27114686 0.02724812 0.07975358
v 0.27114686 0.02617145 0.07682946
v 0.27114686 0.02618939 0.07507839
v 0.27114686 0.02450625 0.07213347
v 0.27114686 0.02433491 0.07065808
v 0.27114686 0.02200651 0.06782342
v 0.27114686 0.02174102 0.06662694
v 0.27114686 0.01875737 0.06404608
v 0.27114686 0.01848654 0.06310748
v 0.27114686 0.01486947 0.06093008
v 0.27114686 0.01467035 0.06020662
v 0.27114686 0.01047520 0.05858154
v 0.27114686 0.01040841 0.05801251
v 0.27114686 0.00572421 0.05708044
v 0.27114686 0.00077829 0.05647788
v 0.27114686 -0.00419414 0.05679440
v 0.27114686 -0.00902374 0.05801921
v 0.26714686 -0.00572431 0.10985289
v 0.26714686 -0.01047530 0.10835178
v 0.26714686 -0.01486957 0.10600325
v 0.26714686 -0.01875747 0.10288725
v 0.26714686 -0.02200661 0.09910991
v 0.26714686 -0.02450635 0.09479986
v 0.26714686 -0.02617155 0.09010387
v 0.26714686 -0.02694552 0.08518185
v 0.26714686 -0.02680188 0.08020144
v 0.26714686 -0.02574555 0.07533221
v 0.26714686 -0.02381248 0.07073999
v 0.26714686 -0.02106851 0.06658116
v 0.26714686 -0.01760708 0.06299736
v 0.26714686 -0.01354606 0.06011060
v 0.26714686 -0.00902374 0.05801921
v 0.26714686 -0.00419414 0.05679440
v 0.26714686 0.00077829 0.05647788
v 0.26714686 0.00572421 0.05708044
v 0.27014685 -0.00572431 0.10985289
v 0.27014685 -0.01047530 0.10835178
v 0.27014685 -0.01486957 0.10600325
v 0.27014685 -0.01875747 0.10288725
v 0.27014685 -0.02200661 0.09910991
v 0.27014685 -0.02450635 0.09479986
v 0.27014685 -0.02617155 0.09010387
v 0.27014685 -0.02694552 0.08518185
v 0.27014685 -0.02680188 0.08020144
v 0.27014685 -0.02574555 0.07533221
v 0.27014685 -0.02381248 0.07073999
v 0.27014685 -0.02106851 0.06658116
v 0.27014685 -0.01760708 0.06299736
v 0.27014685 -0.01354606 0.06011060
v 0.27014685 -0.00902374 0.05801921
v 0.27014685 -0.00419414 0.05679440
v 0.27014685 0.00077829 0.05647788
v 0.27014685 0.00572421 0.05708044
v 0.26714686 -0.01683977 0.06172559
v 0.26714686 -0.02035923 0.06498007
v 0.26714686 -0.02326009 0.06879626
v 0.26714686 -0.02545421 0.07305820
v 0.26714686 -0.02687491 0.07763640
v 0.26714686 -0.02747904 0.08239175
v 0.26714686 -0.02724822 0.08717975
v 0.26714686 -0.02618949 0.09185494
v 0.26714686 -0.02433501 0.09627525
v 0.26714686 -0.02174112 0.10030638
v 0.26714686 -0.01848664 0.10382584
v 0.26714686 -0.01467045 0.10672670
v 0.26714686 -0.01040851 0.10892082
v 0.26714686 -0.00583031 0.11034152
v 0.26714686 -0.00077839 0.11045544
v 0.26714686 -0.00107497 0.11094565
v 0.26714686 0.00419404 0.11013892
v 0.26714686 0.00371304 0.11071484
v 0.26714686 0.00902364 0.10891411
v 0.26714686 0.00838822 0.10965610
v 0.26714686 0.01354596 0.10682273
v 0.26714686 0.01280854 0.10780162
v 0.26714686 0.01683966 0.10520773
v 0.26714686 0.01760698 0.10393597
v 0.26714686 0.02035913 0.10195325
v 0.26714686 0.02106841 0.10035216
v 0.26714686 0.02325999 0.09813706
v 0.26714686 0.02381238 0.09619334
v 0.26714686 0.02545411 0.09387512
v 0.26714686 0.02574545 0.09160112
v 0.26714686 0.02687481 0.08929692
v 0.26714686 0.02680178 0.08673189
v 0.26714686 0.02747894 0.08454158
v 0.26714686 0.02694542 0.08175147
v 0.26714686 0.02724812 0.07975358
v 0.26714686 0.02617145 0.07682946
v 0.26714686 0.02618939 0.07507839
v 0.26714686 0.02450625 0.07213347
v 0.26714686 0.02433491 0.07065808
v 0.26714686 0.02200651 0.06782342
v 0.26714686 0.02174102 0.06662694
v 0.26714686 0.01875737 0.06404608
v 0.26714686 0.01848654 0.06310748
v 0.26714686 0.01486947 0.06093008
v 0.26714686 0.01467035 0.06020662
v 0.26714686 0.01047520 0.05858154
v 0.26714686 0.01040841 0.05801251
v 0.26714686 0.00583021 0.05659181
v 0.26714686 0.00107487 0.05598768
v 0.26714686 -0.00371314 0.05621849
v 0.26714686 -0.00838832 0.05727722
v 0.26714686 -0.01280864 0.05913170
v 0.27014685 -0.02433501 0.09627525
v 0.27014685 -0.02618949 0.09185494
v 0.27014685 -0.02724822 0.08717975
v 0.27014685 -0.02747904 0.08239175
v 0.27014685 -0.02687491 0.07763640
v 0.27014685 -0.02545421 0.07305820
v 0.27014685 -0.02326009 0.06879626
v 0.27014685 -0.02035923 0.06498007
v 0.27014685 -0.01683977 0.06172559
v 0.27014685 -0.01280864 0.05913170
v 0.27014685 -0.00838832 0.05727722
v 0.27014685 -0.00371314 0.05621849
v 0.27014685 0.00107487 0.05598768
v 0.27014685 0.00583021 0.05659181
v 0.27014685 0.01047520 0.05858154
v 0.27014685 0.01040841 0.05801251
v 0.27014685 0.01486947 0.06093008
v 0.27014685 0.01467035 0.06020662
v 0.27014685 0.01875737 0.06404608
v 0.27014685 0.01848654 0.06310748
v 0.27014685 0.02200651 0.06782342
v 0.27014685 0.02174102 0.06662694
v 0.27014685 0.02433491 0.07065808
v 0.27014685 0.02450625 0.07213347
v 0.27014685 0.02618939 0.07507839
v 0.27014685 0.02617145 0.07682946
v 0.27014685 0.02724812 0.07975358
v 0.27014685 0.02694542 0.08175147
v 0.27014685 0.02747894 0.08454158
v 0.27014685 0.02680178 0.08673189
v 0.27014685 0.02687481 0.08929692
v 0.27014685 0.02574545 0.09160112
v 0.27014685 0.02545411 0.09387512
v 0.27014685 0.02381238 0.09619334
v 0.27014685 0.02325999 0.09813706
v 0.27014685 0.02106841 0.10035216
v 0.27014685 0.02035913 0.10195325
v 0.27014685 0.01760698 0.10393597
v 0.27014685 0.01683966 0.10520773
v 0.27014685 0.01354596 0.10682273
v 0.27014685 0.01280854 0.10780162
v 0.27014685 0.00902364 0.10891411
v 0.27014685 0.00838822 0.10965610
v 0.27014685 0.00419404 0.11013892
v 0.27014685 0.00371304 0.11071484
v 0.27014685 -0.00077839 0.11045544
v 0.27014685 -0.00107497 0.11094565
v 0.27014685 -0.00583031 0.11034152
v 0.27014685 -0.01040851 0.10892082
v 0.27014685 -0.01467045 0.10672670
v 0.27014685 -0.01848664 0.10382584
v 0.27014685 -0.02174112 0.10030638
v 0.26814684 0.00583021 0.05659181
v 0.26814684 0.00107487 0.05598768
v 0.26814684 -0.00371314 0.05621849
v 0.26814684 -0.00838832 0.05727722
v 0.26814684 -0.01280864 0.05913170
v 0.26814684 -0.01683977 0.06172559
v 0.26814684 -0.02035923 0.06498007
v 0.26814684 -0.02326009 0.06879626
v 0.26814684 -0.02545421 0.07305820
v 0.26814684 -0.02687491 0.07763640
v 0.26814684 -0.02747904 0.08239175
v 0.26814684 -0.02724822 0.08717975
v 0.26814684 -0.02618949 0.09185494
v 0.26814684 -0.02433501 0.09627525
v 0.26814684 -0.02174112 0.10030638
v 0.26814684 -0.01848664 0.10382584
v 0.26814684 -0.01467045 0.10672670
v 0.26814684 -0.01040851 0.10892082
v 0.26814684 -0.00583031 0.11034152
v 0.26914686 0.00583021 0.05659181
v 0.26914686 0.00107487 0.05598768
v 0.26914686 -0.00371314 0.05621849
v 0.26914686 -0.00838832 0.05727722
v 0.26914686 -0.01280864 0.05913170
v 0.26914686 -0.01683977 0.06172559
v 0.26914686 -0.02035923 0.06498007
v 0.26914686 -0.02326009 0.06879626
v 0.26914686 -0.02545421 0.07305820
v 0.26914686 -0.02687491 0.07763640
v 0.26914686 -0.02747904 0.08239175
v 0.26914686 -0.02724822 0.08717975
v 0.26914686 -0.02618949 0.09185494
v 0.26914686 -0.02433501 0.09627525
v 0.26914686 -0.02174112 0.10030638
v 0.26914686 -0.01848664 0.10382584
v 0.26914686 -0.01467045 0.10672670
v 0.26914686 -0.01040851 0.10892082
v 0.26914686 -0.00583031 0.11034152
v 0.26814684 -0.02200661 0.09910991
v 0.26814684 -0.02450635 0.09479986
v 0.26814684 -0.02617155 0.09010387
v 0.26814684 -0.02694552 0.08518185
v 0.26814684 -0.02680188 0.08020144
v 0.26814684 -0.02574555 0.07533221
v 0.26814684 -0.02381248 0.07073999
v 0.26814684 -0.02106851 0.06658116
v 0.26814684 -0.01760708 0.06299736
v 0.26814684 -0.01354606 0.06011060
v 0.26814684 -0.00902374 0.05801921
v 0.26814684 -0.00419414 0.05679440
v 0.26814684 0.00077829 0.05647788
v 0.26814684 0.00572421 0.05708044
v 0.26814684 0.01047520 0.05858154
v 0.26814684 0.01040841 0.05801251
v 0.26814684 0.01486947 0.06093008
v 0.26814684 0.01467035 0.06020662
v 0.26814684 0.01875737 0.06404608
v 0.26814684 0.01848654 0.06310748
v 0.26814684 0.02200651 0.06782342
v 0.26814684 0.02174102 0.06662694
v 0.26814684 0.02433491 0.07065808
v 0.26814684 0.02450625 0.07213347
v 0.26814684 0.02618939 0.07507839
v 0.26814684 0.02617145 0.07682946
v 0.26814684 0.02724812 0.07975358
v 0.26814684 0.02694542 0.08175147
v 0.26814684 0.02747894 0.08454158
v 0.26814684 0.02680178 0.08673189
v 0.26814684 0.02687481 0.08929692
v 0.26814684 0.02574545 0.09160112
v 0.26814684 0.02545411 0.09387512
v 0.26814684 0.02381238 0.09619334
v 0.26814684 0.02325999 0.09813706
v 0.26814684 0.02106841 0.10035216
v 0.26814684 0.02035913 0.10195325
v 0.26814684 0.01760698 0.10393597
v 0.26814684 0.01683966 0.10520773
v 0.26814684 0.01354596 0.10682273
v 0.26814684 0.01280854 0.10780162
v 0.26814684 0.00902364 0.10891411
v 0.26814684 0.00838822 0.10965610
v 0.26814684 0.00419404 0.11013892
v 0.26814684 0.00371304 0.11071484
v 0.26814684 -0.00077839 0.11045544
v 0.26814684 -0.00107497 0.11094565
v 0.26814684 -0.00572431 0.10985289
v 0.26814684 -0.01047530 0.10835178
v 0.26814684 -0.01486957 0.10600325
v 0.26814684 -0.01875747 0.10288725
v 0.26914686 -0.01354606 0.06011060
v 0.26914686 -0.01760708 0.06299736
v 0.26914686 -0.02106851 0.06658116
v 0.26914686 -0.02381248 0.07073999
v 0.26914686 -0.02574555 0.07533221
v 0.26914686 -0.02680188 0.08020144
v 0.26914686 -0.02694552 0.08518185
v 0.26914686 -0.02617155 0.09010387
v 0.26914686 -0.02450635 0.09479986
v 0.26914686 -0.02200661 0.09910991
v 0.26914686 -0.01875747 0.10288725
v 0.26914686 -0.01486957 0.10600325
v 0.26914686 -0.01047530 0.10835178
v 0.26914686 -0.00572431 0.10985289
v 0.26914686 -0.00077839 0.11045544
v 0.26914686 -0.00107497 0.11094565
v 0.26914686 0.00419404 0.11013892
v 0.26914686 0.00371304 0.11071484
v 0.26914686 0.00902364 0.10891411
v 0.26914686 0.00838822 0.10965610
v 0.26914686 0.01354596 0.10682273
v 0.26914686 0.01280854 0.10780162
v 0.26914686 0.01683966 0.10520773
v 0.26914686 0.01760698 0.10393597
v 0.26914686 0.02035913 0.10195325
v 0.26914686 0.02106841 0.10035216
v 0.26914686 0.02325999 0.09813706
v 0.26914686 0.02381238 0.09619334
v 0.26914686 0.02545411 0.09387512
v 0.26914686 0.02574545 0.09160112
v 0.26914686 0.02687481 0.08929692
v 0.26914686 0.02680178 0.08673189
v 0.26914686 0.02747894 0.08454158
v 0.26914686 0.02694542 0.08175147
v 0.26914686 0.02724812 0.07975358
v 0.26914686 0.02617145 0.07682946
v 0.26914686 0.02618939 0.07507839
v 0.26914686 0.02450625 0.07213347
v 0.26914686 0.02433491 0.07065808
v 0.26914686 0.02200651 0.06782342
v 0.26914686 0.02174102 0.06662694
v 0.26914686 0.01875737 0.06404608
v 0.26914686 0.01848654 0.06310748
v 0.26914686 0.01486947 0.06093008
v 0.26914686 0.01467035 0.06020662
v 0.26914686 0.01047520 0.05858154
v 0.26914686 0.01040841 0.05801251
v 0.26914686 0.00572421 0.05708044
v 0.26914686 0.00077829 0.05647788
v 0.26914686 -0.00419414 0.05679440
v 0.26914686 -0.00902374 0.05801921
v 0.24214685 0.00567121 0.05732475
v 0.24214685 0.00076804 0.05672769
v 0.24214685 -0.00416132 0.05704231
v 0.24214685 -0.00894879 0.05825788
v 0.24214685 -0.01343116 0.06033297
v 0.24214685 -0.01745558 0.06319681
v 0.24214685 -0.02088484 0.06675176
v 0.24214685 -0.02360203 0.07087661
v 0.24364686 -0.02360203 0.07087661
v 0.24364686 -0.02745840 0.08497962
v 0.24364686 -0.02669737 0.08514472
v 0.24364686 -0.02745189 0.08509348
v 0.24214685 -0.02669737 0.08514472
v 0.23374686 -0.02745840 0.08497962
v 0.24214685 -0.02644331 0.08519984
v 0.23374686 -0.02644331 0.08519984
v 0.24214685 0.00185606 0.05718911
v 0.24214685 0.00485865 0.05847603
v 0.24214685 0.00437982 0.05878414
v 0.24214685 0.00250536 0.05769466
v 0.24214685 -0.02334797 0.07093173
v 0.24214685 -0.02084293 0.06710132
v 0.24214685 -0.01756039 0.06362014
v 0.24214685 -0.01370537 0.06078596
v 0.24214685 -0.00940356 0.05869119
v 0.24214685 -0.00479518 0.05740411
v 0.24214685 -0.00003048 0.05696668
v 0.24214685 0.00105816 0.05698780
v 0.24214685 0.00785338 0.05935359
v 0.24214685 0.00734338 0.06018955
v 0.24214685 0.00552971 0.06057118
v 0.24214685 0.00676962 0.06113000
v 0.24214685 0.00496097 0.06059860
v 0.24214685 0.00581819 0.06168535
v 0.24214685 0.00471716 0.06172246
v 0.24214685 0.00445472 0.06033797
v 0.24214685 0.00373049 0.06123244
v 0.24214685 0.00414661 0.05985914
v 0.24214685 0.00309471 0.06033276
v 0.24214685 0.00411919 0.05929040
v 0.24214685 0.00296224 0.05923910
v 0.24214685 0.00289614 0.05841886
v 0.24214685 -0.00542750 0.10848472
v 0.24214685 -0.00485875 0.10845730
v 0.24214685 -0.00077118 0.11020555
v 0.24214685 0.00869910 0.05885995
v 0.24214685 0.00600855 0.06026307
v 0.24214685 0.00626918 0.05975682
v 0.24214685 -0.00919969 0.10815109
v 0.24214685 -0.00567131 0.10960857
v 0.24214685 -0.01038111 0.10812018
v 0.24214685 -0.00593375 0.10822409
v 0.24214685 -0.00624186 0.10774525
v 0.24214685 0.01037821 0.05881196
v 0.24214685 0.00593365 0.05870924
v 0.24214685 0.00542739 0.05844861
v 0.24214685 -0.00839927 0.10796005
v 0.24214685 -0.00774353 0.10746289
v 0.24214685 -0.00626928 0.10717651
v 0.24214685 -0.00734348 0.10674378
v 0.24214685 -0.00600865 0.10667025
v 0.24214685 -0.00676972 0.10580333
v 0.24214685 -0.00552982 0.10636214
v 0.24214685 -0.00581829 0.10524797
v 0.24214685 -0.00496107 0.10633472
v 0.24214685 -0.00471726 0.10521086
v 0.24214685 -0.00445482 0.10659535
v 0.24214685 -0.00373059 0.10570089
v 0.24214685 -0.00414671 0.10707419
v 0.24214685 -0.00309481 0.10660057
v 0.24214685 -0.00411929 0.10764293
v 0.24214685 -0.00296234 0.10769422
v 0.24214685 -0.00437992 0.10814918
v 0.24214685 -0.02593370 0.09002472
v 0.24214685 -0.02575071 0.08972394
v 0.24214685 -0.02428582 0.09468111
v 0.24214685 -0.02420579 0.09425240
v 0.24214685 -0.02180990 0.09895515
v 0.24214685 -0.02187175 0.09842924
v 0.24214685 -0.01882468 0.10211829
v 0.24214685 -0.01859035 0.10270109
v 0.24214685 -0.01516392 0.10519928
v 0.24214685 -0.01473696 0.10579122
v 0.24214685 -0.01100881 0.10757179
v 0.24214685 -0.01000928 0.10800368
v 0.24214685 0.00624176 0.05918808
v 0.24214685 0.00967779 0.05882696
v 0.24214685 -0.00284459 0.10866637
v 0.24214685 -0.00227946 0.10946608
v 0.24214685 -0.00140242 0.10990165
v 0.24214685 -0.00105826 0.10994553
v 0.24214685 0.00415521 0.10989196
v 0.24214685 0.00386408 0.10968342
v 0.24214685 0.00894009 0.10867849
v 0.24214685 0.00865272 0.10851420
v 0.24214685 0.01342053 0.10660647
v 0.24214685 0.01314198 0.10647833
v 0.24214685 0.01744395 0.10374644
v 0.24214685 0.01717651 0.10364625
v 0.24214685 0.02087333 0.10019581
v 0.24214685 0.02061673 0.10011595
v 0.24214685 0.02359189 0.09607550
v 0.24214685 0.02334359 0.09600957
v 0.24214685 0.02550706 0.09152579
v 0.24214685 0.02526276 0.09146919
v 0.24214685 0.02655362 0.08670165
v 0.24214685 0.02630782 0.08665194
v 0.24214685 0.02669592 0.08176735
v 0.24214685 0.02644262 0.08172446
v 0.24214685 0.02592912 0.07689091
v 0.24214685 0.02566249 0.07685727
v 0.24214685 0.02427934 0.07223840
v 0.24214685 0.02399442 0.07221877
v 0.24214685 0.02180275 0.06796826
v 0.24214685 0.02149614 0.06796944
v 0.24214685 0.01858369 0.06422590
v 0.24214685 0.01825408 0.06425633
v 0.24214685 0.01473179 0.06113875
v 0.24214685 0.01438041 0.06120791
v 0.24214685 0.01000918 0.05892964
v 0.24364686 -0.02436306 0.07071152
v 0.23374686 -0.02334797 0.07093173
v 0.23374686 -0.02436306 0.07071152
v 0.24364686 -0.02430995 0.07061059
v 0.23214686 -0.00019109 0.11096600
v 0.23214686 -0.00516204 0.11047784
v 0.23214686 -0.00583031 0.11034152
v 0.23214686 0.00583021 0.05659181
v 0.23214686 0.00649490 0.05674466
v 0.23214686 0.01122126 0.05836025
v 0.23214686 0.01557743 0.06080409
v 0.23214686 0.01941970 0.06399557
v 0.23214686 0.02262131 0.06782940
v 0.23214686 0.02507665 0.07217909
v 0.23214686 0.02670471 0.07690118
v 0.23214686 0.02745179 0.08183984
v 0.23214686 0.02729323 0.08683218
v 0.24983755 0.02716715 0.08773205
v 0.24976492 0.02717786 0.08766323
v 0.24932820 0.02722391 0.08735332
v 0.25024179 0.02707625 0.08827540
v 0.25045404 0.02696447 0.08886711
v 0.23214686 0.02623427 0.09171349
v 0.24609981 0.02700954 0.08863698
v 0.24637604 0.02711217 0.08806854
v 0.24672887 0.02717785 0.08766329
v 0.24683832 0.02719201 0.08757054
v 0.24738544 0.02723861 0.08724893
v 0.24769711 0.02725262 0.08714657
v 0.24805140 0.02726059 0.08708709
v 0.24868491 0.02725608 0.08712089
v 0.23214686 0.00478615 0.11054695
v 0.23214686 0.00960550 0.10923453
v 0.23214686 0.01410797 0.10707204
v 0.23214686 0.01814501 0.10413080
v 0.23214686 0.02158345 0.10050786
v 0.23214686 0.02430985 0.09632274
v 0.23373719 -0.02335159 0.07093847
v 0.23355818 -0.02343850 0.07110183
v 0.23345776 -0.02452618 0.07102806
v 0.23344965 -0.02352166 0.07126077
v 0.23334697 -0.02472840 0.07143509
v 0.23334685 -0.02372845 0.07166780
v 0.23334685 -0.02473534 0.07144936
v 0.23334685 -0.02648457 0.08437227
v 0.23334685 -0.02749146 0.08415384
v 0.23334685 -0.02629910 0.08020934
v 0.23334685 -0.02729333 0.08010115
v 0.23334685 -0.02528469 0.07553337
v 0.23334685 -0.02623438 0.07521984
v 0.23334698 -0.02648401 0.08438849
v 0.23344965 -0.02747631 0.08460902
v 0.23345782 -0.02646425 0.08484358
v 0.23373722 -0.02745882 0.08497204
v 0.23164685 -0.00572431 0.10985289
v 0.23164685 -0.00506818 0.10998673
v 0.23164685 -0.00018762 0.11046601
v 0.23164685 0.00469913 0.11005458
v 0.23164685 0.00943086 0.10876603
v 0.23164685 0.01385146 0.10664285
v 0.23164685 0.01781510 0.10375509
v 0.23164685 0.02119102 0.10019802
v 0.23164685 0.02386785 0.09608899
v 0.23164685 0.02575729 0.09156355
v 0.23164685 0.02679699 0.08677099
v 0.23164685 0.02695266 0.08186942
v 0.23164685 0.02621917 0.07702055
v 0.23164685 0.02462071 0.07238433
v 0.23164685 0.02221001 0.06811371
v 0.23164685 0.01906661 0.06434959
v 0.23164685 0.01529420 0.06121614
v 0.23164685 0.01101724 0.05881673
v 0.23164685 0.00637681 0.05723051
v 0.23164685 0.00572421 0.05708044
v 0.23244686 -0.02645614 0.08499149
v 0.23244686 -0.02575071 0.08972394
v 0.23244686 -0.02084293 0.06710132
v 0.23244686 -0.02344598 0.07111602
v 0.23244686 -0.02629910 0.08020934
v 0.23244686 -0.02528469 0.07553337
v 0.23244686 -0.01000928 0.10800368
v 0.23244686 -0.01100881 0.10757179
v 0.23244686 -0.01516392 0.10519928
v 0.23244686 -0.01882468 0.10211829
v 0.23244686 -0.02187175 0.09842924
v 0.23244686 -0.02420579 0.09425240
v 0.23244686 -0.01756039 0.06362014
v 0.23244686 -0.01370537 0.06078596
v 0.23244686 -0.00940356 0.05869119
v 0.23244686 -0.00479518 0.05740411
v 0.23244686 -0.00003048 0.05696668
v 0.23244686 0.00105816 0.05698780
v 0.23244686 -0.00919969 0.10815109
v 0.23244686 -0.00839927 0.10796005
v 0.23244686 -0.00774353 0.10746289
v 0.23244686 -0.00734348 0.10674378
v 0.23244686 -0.00676972 0.10580333
v 0.23244686 -0.00581829 0.10524797
v 0.23244686 -0.00471726 0.10521086
v 0.23244686 -0.00105826 0.10994553
v 0.23244686 -0.00140242 0.10990165
v 0.23244686 0.01000918 0.05892964
v 0.23244686 0.01438041 0.06120791
v 0.23244686 0.01825408 0.06425633
v 0.23244686 0.02149614 0.06796944
v 0.23244686 0.02399442 0.07221877
v 0.23244686 0.02566249 0.07685727
v 0.23244686 0.02644262 0.08172446
v 0.23244686 0.02630782 0.08665194
v 0.23244686 0.02526276 0.09146919
v 0.23244686 0.02334359 0.09600957
v 0.23244686 0.02061673 0.10011595
v 0.23244686 0.01717651 0.10364625
v 0.23244686 0.01314198 0.10647833
v 0.23244686 0.00865272 0.10851420
v 0.23244686 0.00386408 0.10968342
v 0.23244686 0.00967779 0.05882696
v 0.23244686 0.00734338 0.06018955
v 0.23244686 0.00676962 0.06113000
v 0.23244686 0.00581819 0.06168535
v 0.23244686 0.00471716 0.06172246
v 0.23244686 0.00373049 0.06123244
v 0.23244686 0.00309471 0.06033276
v 0.23244686 0.00296224 0.05923910
v 0.23244686 0.00185606 0.05718911
v 0.23244686 0.00250536 0.05769466
v 0.23244686 0.00289614 0.05841886
v 0.23299685 0.00626918 0.05975682
v 0.23299685 0.00624176 0.05918808
v 0.23299685 0.00593365 0.05870924
v 0.23299685 0.00542739 0.05844861
v 0.23299685 0.00485865 0.05847603
v 0.23299685 0.00437982 0.05878414
v 0.23299685 0.00411919 0.05929040
v 0.23299685 -0.00411929 0.10764293
v 0.23299685 -0.00414671 0.10707419
v 0.23299685 -0.00445482 0.10659535
v 0.23299685 -0.00496107 0.10633472
v 0.23299685 -0.00552982 0.10636214
v 0.23299685 -0.00600865 0.10667025
v 0.23299685 -0.00626928 0.10717651
v 0.23164685 -0.00352853 0.10892226
v 0.23164685 -0.00450797 0.10955249
v 0.23164685 0.00471716 0.06172246
v 0.23164685 -0.00739314 0.10693270
v 0.23164685 -0.00686004 0.10589718
v 0.23164685 -0.00305151 0.10672341
v 0.23164685 -0.00299543 0.10788674
v 0.23164685 0.00665162 0.07049236
v 0.23164685 -0.00368175 0.10574397
v 0.23164685 0.00705444 0.06863555
v 0.23164685 0.00588050 0.06166638
v 0.23164685 0.00656326 0.06865923
v 0.23164685 0.00749166 0.06886064
v 0.23164685 0.00775776 0.06927418
v 0.23164685 0.00778144 0.06976537
v 0.23164685 0.00733696 0.05883729
v 0.23164685 0.00739304 0.06000063
v 0.23164685 0.00755635 0.07020258
v 0.23164685 -0.02575739 0.07536978
v 0.23164685 -0.02679709 0.08016234
v 0.23164685 0.00368165 0.06118936
v 0.23164685 -0.02695276 0.08506390
v 0.23164685 -0.00588060 0.10526694
v 0.23164685 -0.00471726 0.10521086
v 0.23164685 0.00594831 0.06985373
v 0.23164685 -0.01906671 0.10258374
v 0.23164685 -0.01529430 0.10571719
v 0.23164685 -0.00733706 0.10809603
v 0.23164685 -0.01101734 0.10811660
v 0.23164685 -0.00670682 0.10907547
v 0.23164685 -0.00637691 0.10970281
v 0.23164685 -0.00567131 0.10960857
v 0.23164685 -0.01385156 0.06029047
v 0.23164685 -0.01781520 0.06317823
v 0.23164685 0.00305141 0.06020992
v 0.23164685 -0.02119112 0.06673530
v 0.23164685 -0.02386795 0.07084434
v 0.23164685 -0.02621927 0.08991278
v 0.23164685 -0.02462081 0.09454900
v 0.23164685 -0.02221011 0.09881961
v 0.23164685 0.00018752 0.05646731
v 0.23164685 0.00352843 0.05801107
v 0.23164685 0.00450787 0.05738083
v 0.23164685 0.00685994 0.06103614
v 0.23164685 0.00592463 0.06936254
v 0.23164685 0.00614972 0.06892533
v 0.23164685 0.00621441 0.07026727
v 0.23164685 0.00714281 0.07046868
v 0.23164685 0.00299533 0.05904659
v 0.23164685 -0.00469923 0.05687874
v 0.23164685 -0.00943096 0.05816729
v 0.23164685 0.00670672 0.05785786
v 0.23164685 0.00567121 0.05732475
v 0.23164685 0.00506808 0.05694659
v 0.23244686 0.00656326 0.06865923
v 0.23244686 0.00614972 0.06892533
v 0.23244686 -0.00227946 0.10946608
v 0.23244686 0.00778144 0.06976537
v 0.23244686 0.00775776 0.06927418
v 0.23244686 0.00621441 0.07026727
v 0.23244686 0.00665162 0.07049236
v 0.23244686 0.00755635 0.07020258
v 0.23244686 0.00869910 0.05885995
v 0.23244686 0.00705444 0.06863555
v 0.23244686 0.00749166 0.06886064
v 0.23244686 0.00592463 0.06936254
v 0.23244686 0.00594831 0.06985373
v 0.23244686 0.00714281 0.07046868
v 0.23244686 0.00785338 0.05935359
v 0.23244686 -0.00284459 0.10866637
v 0.23244686 -0.00296234 0.10769422
v 0.23244686 -0.00309481 0.10660057
v 0.23244686 -0.00373059 0.10570089
v 0.23184685 0.00739304 0.06000063
v 0.23184685 0.00733696 0.05883729
v 0.23184685 0.00670672 0.05785786
v 0.23184685 0.00567121 0.05732475
v 0.23184685 0.00450787 0.05738083
v 0.23184685 0.00352843 0.05801107
v 0.23184685 0.00299533 0.05904659
v 0.23184685 -0.00299543 0.10788674
v 0.23184685 -0.00305151 0.10672341
v 0.23184685 -0.00368175 0.10574397
v 0.23184685 -0.00471726 0.10521086
v 0.23184685 -0.00588060 0.10526694
v 0.23184685 -0.00686004 0.10589718
v 0.23184685 -0.00739314 0.10693270
v 0.23184685 -0.00733706 0.10809603
v 0.23184685 -0.00670682 0.10907547
v 0.23184685 -0.00567131 0.10960857
v 0.23184685 -0.00450797 0.10955249
v 0.23184685 -0.00352853 0.10892226
v 0.23184685 0.00305141 0.06020992
v 0.23184685 0.00368165 0.06118936
v 0.23184685 0.00471716 0.06172246
v 0.23184685 0.00588050 0.06166638
v 0.23184685 0.00685994 0.06103614
v 0.23299685 -0.00624186 0.10774525
v 0.23299685 -0.00593375 0.10822409
v 0.23299685 -0.00542750 0.10848472
v 0.23299685 -0.00485875 0.10845730
v 0.23299685 -0.00437992 0.10814918
v 0.23299685 0.00414661 0.05985914
v 0.23299685 0.00445472 0.06033797
v 0.23299685 0.00496097 0.06059860
v 0.23299685 0.00552971 0.06057118
v 0.23299685 0.00600855 0.06026307
v 0.23214686 0.00516194 0.05645548
v 0.23214686 0.00019099 0.05596732
v 0.23214686 -0.00478625 0.05638637
v 0.23214686 -0.00960560 0.05769879
v 0.23214686 -0.01410807 0.05986128
v 0.23214686 -0.01814511 0.06280252
v 0.23214686 -0.02158355 0.06642546
v 0.23214686 -0.02430995 0.07061059
v 0.23214686 -0.02623438 0.07521984
v 0.23214686 -0.02729333 0.08010115
v 0.23214686 -0.02745189 0.08509348
v 0.23214686 -0.02670481 0.09003215
v 0.23214686 -0.02507675 0.09475423
v 0.23214686 -0.02262141 0.09910393
v 0.23214686 -0.01941980 0.10293776
v 0.23214686 -0.01557753 0.10612924
v 0.23214686 -0.01122136 0.10857308
v 0.23214686 -0.00649500 0.11018867
v 0.25045404 0.00540040 0.05650214
v 0.24609981 0.00517027 0.05645707
v 0.24637604 0.00460183 0.05635444
v 0.24672887 0.00419657 0.05628876
v 0.24683832 0.00410383 0.05627460
v 0.24738544 0.00378222 0.05622800
v 0.24769711 0.00367986 0.05621399
v 0.24805140 0.00362038 0.05620602
v 0.24868491 0.00365418 0.05621053
v 0.24932820 0.00388661 0.05624270
v 0.24976492 0.00419651 0.05628875
v 0.24983755 0.00426533 0.05629947
v 0.25024179 0.00480868 0.05639036
v 0.24603967 -0.00625864 0.11024501
v 0.25039390 -0.00648676 0.11019067
v 0.25011766 -0.00704663 0.11004853
v 0.24976484 -0.00744267 0.10994037
v 0.24965540 -0.00753294 0.10991482
v 0.24910828 -0.00784495 0.10982396
v 0.24879660 -0.00794391 0.10979431
v 0.24844231 -0.00800135 0.10977691
v 0.24780880 -0.00796872 0.10978681
v 0.24716552 -0.00774385 0.10985385
v 0.24672881 -0.00744273 0.10994036
v 0.24665616 -0.00737566 0.10995913
v 0.24625194 -0.00684348 0.11010155
v 0.25039390 -0.02672406 0.07697995
v 0.25011766 -0.02658192 0.07642008
v 0.24976484 -0.02647376 0.07602404
v 0.24965540 -0.02644822 0.07593377
v 0.24910828 -0.02635735 0.07562176
v 0.24879660 -0.02632770 0.07552280
v 0.24844231 -0.02631030 0.07546536
v 0.24780880 -0.02632020 0.07549799
v 0.24716552 -0.02638724 0.07572286
v 0.24672881 -0.02647375 0.07602398
v 0.24665616 -0.02649251 0.07609106
v 0.24625194 -0.02663494 0.07662323
v 0.24603967 -0.02677840 0.07720807
v 0.28814685 0.00182258 0.06555918
v 0.28814685 -0.00019388 0.06546771
v 0.28814685 -0.00220791 0.06560259
v 0.28814685 -0.00419417 0.06596211
v 0.28814685 -0.00612768 0.06654177
v 0.28814685 -0.00798414 0.06733426
v 0.28814685 -0.00974019 0.06832963
v 0.28814685 -0.01137376 0.06951536
v 0.28814685 -0.01286429 0.07087654
v 0.28814685 -0.01419305 0.07239604
v 0.28814685 -0.01534333 0.07405476
v 0.28814685 -0.01630065 0.07583185
v 0.28814685 -0.01705298 0.07770494
v 0.28814685 -0.01759087 0.07965049
v 0.28814685 -0.01790754 0.08164403
v 0.28814685 -0.01799901 0.08366049
v 0.28814685 -0.01786413 0.08567452
v 0.28814685 -0.01750460 0.08766078
v 0.28814685 -0.01692495 0.08959430
v 0.28814685 -0.01613245 0.09145075
v 0.28814685 -0.01513708 0.09320681
v 0.28814685 -0.01395135 0.09484037
v 0.28814685 -0.01259017 0.09633090
v 0.28814685 -0.01107067 0.09765966
v 0.28814685 -0.00941195 0.09880994
v 0.28814685 -0.00763487 0.09976726
v 0.28814685 -0.00576177 0.10051960
v 0.28914687 0.00182258 0.06555918
v 0.28914687 -0.00019388 0.06546771
v 0.28914687 -0.00220791 0.06560259
v 0.28914687 -0.00419417 0.06596211
v 0.28914687 -0.00612768 0.06654177
v 0.28914687 -0.00798414 0.06733426
v 0.28914687 -0.00974019 0.06832963
v 0.28914687 -0.01137376 0.06951536
v 0.28914687 -0.01286429 0.07087654
v 0.28914687 -0.01419305 0.07239604
v 0.28914687 -0.01534333 0.07405476
v 0.28914687 -0.01630065 0.07583185
v 0.28914687 -0.01705298 0.07770494
v 0.28914687 -0.01759087 0.07965049
v 0.28914687 -0.01790754 0.08164403
v 0.28914687 -0.01799901 0.08366049
v 0.28914687 -0.01786413 0.08567452
v 0.28914687 -0.01750460 0.08766078
v 0.28914687 -0.01692495 0.08959430
v 0.28914687 -0.01613245 0.09145075
v 0.28914687 -0.01513708 0.09320681
v 0.28914687 -0.01395135 0.09484037
v 0.28914687 -0.01259017 0.09633090
v 0.28914687 -0.01107067 0.09765966
v 0.28914687 -0.00941195 0.09880994
v 0.28914687 -0.00763487 0.09976726
v 0.28914687 -0.00576177 0.10051960
v 0.28289792 -0.01690259 0.10222030
v 0.28289792 -0.01738372 0.10124814
v 0.28289792 -0.01726578 0.10070448
v 0.28289792 -0.01725410 0.10178912
v 0.28289792 -0.01642506 0.10001907
v 0.28289792 -0.01692364 0.10026583
v 0.28289792 -0.02464490 0.07875971
v 0.28289792 -0.02467606 0.07811342
v 0.28289792 -0.02429477 0.07930385
v 0.28289792 -0.02383576 0.07718800
v 0.28289792 -0.02437989 0.07753813
v 0.28289792 -0.00808952 0.06159605
v 0.28289792 -0.00857065 0.06062388
v 0.28289792 -0.00845271 0.06008023
v 0.28289792 -0.00844103 0.06116487
v 0.28289792 -0.00761198 0.05939483
v 0.28289792 -0.00811057 0.05964158
v 0.28289792 0.01494327 0.06607994
v 0.28289792 0.01491211 0.06543364
v 0.28289792 0.01529340 0.06662407
v 0.28289792 0.01575241 0.06450822
v 0.28289792 0.01520828 0.06485835
v 0.28289792 0.02226394 0.08893618
v 0.28289792 0.02223279 0.08828988
v 0.28289792 0.02261407 0.08948031
v 0.28289792 0.02307309 0.08736446
v 0.28289792 0.02252895 0.08771459
v 0.28289792 0.00613020 0.10670419
v 0.28289792 0.00609904 0.10605789
v 0.28289792 0.00648033 0.10724832
v 0.28289792 0.00693934 0.10513248
v 0.28289792 0.00639521 0.10548260
v 0.28564686 0.00008587 0.06296685
v 0.28564686 -0.00417816 0.06339695
v 0.28564686 -0.00825959 0.06470419
v 0.28564686 -0.01198003 0.06683145
v 0.28564686 -0.01517689 0.06968575
v 0.28564686 -0.01771045 0.07314234
v 0.28564686 -0.01946999 0.07705016
v 0.28564686 -0.02037859 0.08123840
v 0.28564686 -0.02039655 0.08552402
v 0.28564686 -0.01952309 0.08971974
v 0.28564686 -0.01779637 0.09364216
v 0.28564686 -0.01529188 0.09711987
v 0.28564686 -0.01211905 0.10000087
v 0.28564686 -0.00841657 0.10215923
v 0.28914687 -0.02191353 0.08818366
v 0.28914687 -0.02124852 0.08864482
v 0.28914687 -0.02072553 0.08926238
v 0.28914687 -0.02038020 0.08999427
v 0.28914687 -0.02023606 0.09079058
v 0.28914687 -0.02030293 0.09159708
v 0.28914687 -0.02057626 0.09235878
v 0.28914687 -0.02103743 0.09302379
v 0.28914687 -0.02165499 0.09354679
v 0.28914687 -0.02664747 0.08811059
v 0.28914687 -0.02705970 0.08766330
v 0.28914687 -0.00377535 0.10465352
v 0.28914687 -0.00311034 0.10511468
v 0.28914687 -0.00258735 0.10573225
v 0.28914687 -0.00224202 0.10646413
v 0.28914687 -0.00209788 0.10726045
v 0.28914687 -0.00178469 0.11068264
v 0.28914687 -0.00219133 0.11026171
v 0.28914687 -0.00240593 0.10971720
v 0.28914687 0.01955706 0.09718033
v 0.28914687 0.02135069 0.09859727
v 0.27214685 -0.01932866 0.06737808
v 0.27214685 -0.01935981 0.06673178
v 0.27214685 -0.01897853 0.06792221
v 0.27214685 -0.01851951 0.06580637
v 0.27214685 -0.01906364 0.06615650
v 0.27214685 0.00400375 0.05990489
v 0.27214685 0.00397260 0.05925860
v 0.27214685 0.00435389 0.06044902
v 0.27214685 0.00481290 0.05833318
v 0.27214685 0.00426877 0.05868331
v 0.27214685 0.02214193 0.07637475
v 0.27214685 0.02211078 0.07572846
v 0.27214685 0.02249206 0.07691889
v 0.27214685 0.02295108 0.07480305
v 0.27214685 0.02240694 0.07515317
v 0.27214685 0.01694770 0.10031781
v 0.27214685 0.01691654 0.09967152
v 0.27214685 0.01729783 0.10086194
v 0.27214685 0.01775684 0.09874610
v 0.27214685 0.01721271 0.09909623
v 0.27214685 -0.00638471 0.10779101
v 0.27214685 -0.00641587 0.10714471
v 0.27214685 -0.00603458 0.10833514
v 0.27214685 -0.00557557 0.10621929
v 0.27214685 -0.00611970 0.10656942
v 0.27214685 -0.02452289 0.09132113
v 0.27214685 -0.02455405 0.09067484
v 0.27214685 -0.02417276 0.09186527
v 0.27214685 -0.02371375 0.08974943
v 0.27214685 -0.02425788 0.09009955
v 0.26394686 -0.01248555 0.08406854
v 0.26394686 -0.01190434 0.08727951
v 0.26394686 -0.01051188 0.09023065
v 0.26394686 -0.00840304 0.09272084
v 0.26394686 -0.00572156 0.09458036
v 0.26394686 -0.00265017 0.09568251
v 0.26394686 0.00060182 0.09595216
v 0.26394686 0.00381280 0.09537096
v 0.26394686 0.00676394 0.09397849
v 0.26394686 0.00925412 0.09186965
v 0.26394686 0.01111365 0.08918817
v 0.26364687 -0.00921854 0.07843979
v 0.26364687 -0.00742889 0.07604627
v 0.26364687 -0.00503741 0.07425389
v 0.26364687 -0.00223782 0.07320789
v 0.26364687 0.00074305 0.07299299
v 0.26364687 0.00366373 0.07362661
v 0.26364687 0.00628758 0.07505740
v 0.26364687 0.00840205 0.07716947
v 0.26364687 0.00983583 0.07979169
v 0.26364687 0.01047277 0.08271164
v 0.26413414 -0.01090143 0.07774276
v 0.26764685 0.00073504 0.05797726
v 0.26764685 -0.00396114 0.05827619
v 0.26764685 -0.00852243 0.05943295
v 0.26764685 -0.01279350 0.06140816
v 0.26764685 -0.01662891 0.06413454
v 0.26764685 -0.01989804 0.06751925
v 0.26764685 -0.02248957 0.07144703
v 0.26764685 -0.02431524 0.07578412
v 0.26764685 -0.02531289 0.08038284
v 0.26764685 -0.02544854 0.08508657
v 0.26764685 -0.02471758 0.08973514
v 0.26764685 -0.02314489 0.09417024
v 0.26764685 -0.02078403 0.09824084
v 0.26764685 -0.01771539 0.10180833
v 0.26764685 -0.01404348 0.10475121
v 0.26764685 -0.00989334 0.10696927
v 0.25075349 0.01261008 0.08662648
v 0.24720858 -0.02528312 0.07760996
v 0.24612312 -0.02632645 0.07699497
v 0.24750473 -0.02518801 0.07717154
v 0.24672885 -0.02613190 0.07609819
v 0.24797808 -0.02513400 0.07692260
v 0.24769709 -0.02602144 0.07558900
v 0.24851564 -0.02513400 0.07692260
v 0.24879663 -0.02602144 0.07558900
v 0.24898900 -0.02518801 0.07717154
v 0.24976486 -0.02613190 0.07609819
v 0.24928513 -0.02528312 0.07760996
v 0.25037059 -0.02632645 0.07699497
v 0.24720858 -0.00585675 0.10874973
v 0.24612312 -0.00647174 0.10979307
v 0.24750473 -0.00629517 0.10865462
v 0.24672885 -0.00736852 0.10959852
v 0.24797808 -0.00654411 0.10860062
v 0.24769709 -0.00787771 0.10948806
v 0.24851564 -0.00654411 0.10860062
v 0.24879663 -0.00787771 0.10948806
v 0.24898900 -0.00629517 0.10865462
v 0.24976486 -0.00736852 0.10959852
v 0.24928513 -0.00585675 0.10874973
v 0.25037059 -0.00647174 0.10979307
v 0.24928513 0.02543707 0.08861326
v 0.25037059 0.02664145 0.08848589
v 0.24898900 0.02553218 0.08817483
v 0.24976486 0.02683600 0.08758911
v 0.24851564 0.02558619 0.08792590
v 0.24879663 0.02694646 0.08707992
v 0.24797808 0.02558619 0.08792590
v 0.24769709 0.02694646 0.08707992
v 0.24750473 0.02553218 0.08817483
v 0.24672885 0.02683600 0.08758911
v 0.24720858 0.02543707 0.08861326
v 0.24612312 0.02664145 0.08848589
v 0.24928513 0.00514655 0.05802954
v 0.25037059 0.00501917 0.05682516
v 0.24898900 0.00470812 0.05793443
v 0.24976486 0.00412239 0.05663061
v 0.24851564 0.00445919 0.05788043
v 0.24879663 0.00361321 0.05652015
v 0.24797808 0.00445919 0.05788043
v 0.24769709 0.00361321 0.05652015
v 0.24750473 0.00470812 0.05793443
v 0.24672885 0.00412239 0.05663061
v 0.24720858 0.00514655 0.05802954
v 0.24612312 0.00501917 0.05682516
v 0.24933197 0.02520205 0.08874942
v 0.24928513 0.02523878 0.08857024
v 0.24916784 0.02528507 0.08833658
v 0.24898900 0.02532423 0.08812972
v 0.24843122 0.02537236 0.08786131
v 0.24851564 0.02536941 0.08787888
v 0.24884792 0.02534397 0.08802213
v 0.24725196 0.02525958 0.08846637
v 0.24750473 0.02532423 0.08812972
v 0.24755993 0.02533279 0.08808326
v 0.24796328 0.02536876 0.08788266
v 0.24744835 0.02517489 0.08887810
v 0.24752547 0.02523548 0.08858743
v 0.24770713 0.02528317 0.08834741
v 0.24775444 0.02529076 0.08830812
v 0.24806146 0.02531822 0.08816291
v 0.24844082 0.02531785 0.08816497
v 0.24874014 0.02529063 0.08830877
v 0.24878660 0.02528317 0.08834741
v 0.24897055 0.02523451 0.08859216
v 0.24805139 -0.02038819 0.07824983
v 0.24844234 -0.02038819 0.07824983
v 0.24900196 -0.02049664 0.07874974
v 0.24878660 -0.02042747 0.07843088
v 0.24805139 0.00521677 0.06307852
v 0.24844234 0.00521677 0.06307852
v 0.24900196 0.00471687 0.06297007
v 0.24878660 0.00503573 0.06303924
v 0.24900196 0.02060858 0.08766715
v 0.24878660 0.02067775 0.08734830
v 0.24844234 0.02071703 0.08716726
v 0.24805139 0.02071703 0.08716726
v 0.24900196 -0.00420054 0.10407529
v 0.24878660 -0.00388169 0.10414446
v 0.24844234 -0.00370064 0.10418374
v 0.24805139 -0.00370064 0.10418374
v 0.24747680 -0.00494380 0.10727782
v 0.24744788 -0.00508518 0.10709697
v 0.24745812 -0.00500329 0.10716029
v 0.24747680 0.00544467 0.05939171
v 0.24744788 0.00530329 0.05921086
v 0.24745812 0.00538517 0.05927417
v 0.24716617 0.00536379 0.05874179
v 0.24716617 0.00495016 0.05876173
v 0.24716617 0.00460192 0.05898581
v 0.24716617 0.00573198 0.05893134
v 0.24716617 0.00595606 0.05927958
v 0.24716617 -0.00502468 0.10662790
v 0.24716617 -0.00543831 0.10664784
v 0.24716617 -0.00578655 0.10687193
v 0.24716617 -0.00465649 0.10681745
v 0.24716617 -0.00443241 0.10716569
f 1 2 3
f 3 2 4
f 3 4 5
f 5 4 6
f 5 6 7
f 7 6 8
f 7 8 9
f 9 8 10
f 9 10 11
f 11 10 12
f 11 12 13
f 13 12 14
f 13 14 15
f 15 14 16
f 15 16 17
f 17 16 18
f 17 18 19
f 19 18 20
f 19 20 21
f 21 20 22
f 21 22 23
f 23 22 24
f 23 24 25
f 25 24 26
f 25 26 27
f 27 26 28
f 27 28 29
f 29 28 30
f 29 30 31
f 31 30 32
f 31 32 33
f 33 32 34
f 33 34 35
f 35 34 36
f 35 36 37
f 37 36 38
f 37 38 39
f 39 38 40
f 39 40 41
f 41 40 42
f 41 42 43
f 43 42 44
f 43 44 45
f 45 44 46
f 45 46 3
f 3 46 1
f 47 48 49
f 49 48 50
f 49 50 51
f 51 50 52
f 51 52 53
f 53 52 54
f 53 54 55
f 55 54 56
f 55 56 57
f 57 56 58
f 57 58 59
f 59 58 60
f 59 60 61
f 61 60 62
f 61 62 63
f 63 62 64
f 63 64 65
f 65 64 66
f 65 66 67
f 67 66 68
f 67 68 69
f 69 68 70
f 69 70 71
f 71 70 72
f 71 72 73
f 73 72 74
f 73 74 75
f 75 74 76
f 75 76 77
f 77 76 78
f 77 78 79
f 79 78 80
f 79 80 81
f 81 80 82
f 81 82 83
f 83 82 84
f 83 84 85
f 85 84 86
f 85 86 87
f 87 86 88
f 87 88 89
f 89 88 90
f 89 90 91
f 91 90 92
f 91 92 49
f 49 92 47
f 93 94 95
f 96 97 74
f 74 97 98
f 74 98 99
f 93 95 99
f 94 100 95
f 95 100 101
f 95 101 102
f 102 101 103
f 102 103 104
f 104 103 105
f 105 106 104
f 104 106 107
f 104 107 108
f 109 70 110
f 110 70 111
f 109 112 70
f 70 112 113
f 70 113 72
f 72 113 114
f 72 114 74
f 74 114 115
f 74 115 96
f 116 117 118
f 116 119 117
f 117 119 120
f 117 120 121
f 122 24 123
f 123 24 124
f 125 126 127
f 122 128 24
f 24 128 129
f 24 129 26
f 26 129 130
f 26 130 28
f 28 130 131
f 131 132 28
f 28 132 133
f 28 133 134
f 125 127 135
f 126 136 127
f 127 136 137
f 127 137 138
f 138 137 139
f 118 140 116
f 116 140 141
f 116 141 142
f 142 141 143
f 142 143 137
f 137 143 144
f 137 144 139
f 145 146 147
f 148 149 14
f 149 150 14
f 14 150 151
f 14 151 16
f 16 151 152
f 16 152 153
f 153 154 16
f 16 154 155
f 16 155 156
f 157 158 159
f 159 158 147
f 159 147 160
f 160 147 146
f 157 161 158
f 158 161 162
f 158 162 163
f 164 165 166
f 148 14 167
f 167 14 12
f 167 12 165
f 168 169 38
f 170 171 172
f 171 173 172
f 172 173 174
f 172 174 175
f 175 174 176
f 176 177 175
f 175 177 178
f 175 178 179
f 179 180 36
f 36 180 181
f 36 181 182
f 182 183 36
f 36 183 184
f 36 184 38
f 38 184 185
f 38 185 168
f 186 40 187
f 187 40 38
f 187 38 188
f 188 38 169
f 170 172 189
f 189 172 190
f 189 190 186
f 191 192 84
f 193 158 194
f 194 158 195
f 193 196 158
f 158 196 197
f 158 197 147
f 147 197 198
f 198 199 147
f 147 199 200
f 147 200 201
f 202 82 203
f 203 82 204
f 202 205 82
f 82 205 206
f 82 206 84
f 84 206 207
f 84 207 191
f 208 86 209
f 209 86 84
f 209 84 210
f 210 84 192
f 163 164 158
f 158 164 166
f 158 166 195
f 195 166 208
f 211 212 172
f 213 214 60
f 214 215 60
f 60 215 216
f 60 216 62
f 62 216 217
f 62 217 218
f 219 220 175
f 218 221 62
f 62 221 222
f 62 222 223
f 219 175 223
f 220 224 175
f 175 224 225
f 175 225 172
f 172 225 226
f 172 226 211
f 227 190 228
f 228 190 172
f 228 172 229
f 229 172 212
f 213 60 230
f 230 60 58
f 230 58 227
f 104 231 232
f 134 135 28
f 28 135 127
f 28 127 30
f 30 127 233
f 30 233 234
f 231 104 235
f 235 104 236
f 235 236 237
f 238 239 240
f 121 124 117
f 117 124 24
f 117 24 241
f 241 24 22
f 241 22 240
f 242 243 95
f 232 244 104
f 104 244 245
f 104 245 102
f 102 245 246
f 102 246 95
f 95 246 247
f 95 247 242
f 243 248 95
f 95 248 249
f 95 249 238
f 238 249 250
f 238 250 239
f 223 175 62
f 62 175 251
f 62 251 64
f 64 251 252
f 64 252 66
f 66 252 236
f 66 236 68
f 68 236 104
f 68 104 70
f 70 104 108
f 70 108 111
f 179 36 175
f 175 36 34
f 175 34 251
f 251 34 32
f 251 32 252
f 252 32 30
f 252 30 236
f 236 30 234
f 236 234 237
f 253 254 47
f 255 256 257
f 258 259 260
f 254 261 47
f 47 261 262
f 47 262 48
f 48 262 263
f 48 263 50
f 50 263 264
f 50 264 265
f 265 266 50
f 50 266 267
f 50 267 268
f 227 58 190
f 190 58 56
f 190 56 269
f 269 56 54
f 269 54 270
f 270 54 52
f 270 52 271
f 271 52 50
f 271 50 260
f 260 50 268
f 260 268 258
f 259 272 260
f 260 272 273
f 260 273 257
f 257 273 274
f 257 274 255
f 256 275 257
f 257 275 276
f 257 276 277
f 278 279 257
f 257 279 280
f 280 281 257
f 257 281 282
f 257 282 260
f 260 282 283
f 260 283 284
f 285 286 1
f 284 287 260
f 260 287 288
f 260 288 289
f 186 190 40
f 40 190 269
f 40 269 42
f 42 269 270
f 42 270 44
f 44 270 271
f 44 271 46
f 46 271 260
f 46 260 1
f 1 260 289
f 1 289 285
f 286 290 1
f 1 290 291
f 1 291 2
f 2 291 292
f 2 292 4
f 4 292 293
f 4 293 294
f 294 295 4
f 4 295 296
f 4 296 297
f 208 166 86
f 86 166 298
f 86 298 88
f 88 298 299
f 88 299 90
f 90 299 300
f 90 300 92
f 92 300 257
f 92 257 47
f 47 257 277
f 47 277 253
f 165 12 166
f 166 12 10
f 166 10 298
f 298 10 8
f 298 8 299
f 299 8 6
f 299 6 300
f 300 6 4
f 300 4 257
f 257 4 297
f 257 297 278
f 240 22 238
f 238 22 20
f 238 20 301
f 301 20 18
f 301 18 302
f 302 18 16
f 302 16 147
f 147 16 156
f 147 156 145
f 99 95 74
f 74 95 238
f 74 238 76
f 76 238 301
f 76 301 78
f 78 301 302
f 78 302 80
f 80 302 147
f 80 147 82
f 82 147 201
f 82 201 204
f 303 304 305
f 306 307 51
f 51 307 308
f 51 308 309
f 310 311 312
f 309 313 51
f 51 313 314
f 51 314 49
f 49 314 315
f 49 315 91
f 91 315 316
f 316 317 91
f 91 317 318
f 91 318 319
f 310 312 320
f 311 321 312
f 312 321 322
f 312 322 323
f 323 322 324
f 323 324 305
f 305 324 325
f 305 325 303
f 326 327 328
f 329 330 69
f 69 330 331
f 326 328 332
f 333 334 335
f 327 336 328
f 328 336 337
f 328 337 338
f 338 337 339
f 338 339 335
f 335 339 340
f 335 340 333
f 341 342 73
f 73 342 343
f 73 343 344
f 344 345 73
f 73 345 346
f 73 346 71
f 71 346 347
f 71 347 69
f 69 347 348
f 69 348 329
f 349 350 305
f 351 352 45
f 45 352 353
f 349 305 354
f 355 356 312
f 350 357 305
f 305 357 358
f 305 358 323
f 323 358 359
f 323 359 312
f 312 359 360
f 312 360 355
f 361 362 5
f 5 362 363
f 5 363 364
f 364 365 5
f 5 365 366
f 5 366 3
f 3 366 367
f 3 367 45
f 45 367 368
f 45 368 351
f 369 370 371
f 369 372 370
f 370 372 373
f 370 373 374
f 375 27 376
f 376 27 377
f 378 379 380
f 375 381 27
f 27 381 382
f 27 382 25
f 25 382 383
f 25 383 23
f 23 383 384
f 384 385 23
f 23 385 386
f 23 386 387
f 378 380 388
f 371 389 369
f 369 389 390
f 369 390 391
f 391 390 392
f 391 392 393
f 393 392 394
f 393 394 395
f 379 396 380
f 380 396 393
f 380 393 397
f 397 393 395
f 398 399 400
f 374 377 370
f 370 377 27
f 370 27 401
f 401 27 29
f 401 29 402
f 403 404 328
f 328 404 405
f 328 405 400
f 400 405 406
f 400 406 398
f 407 408 335
f 335 408 409
f 335 409 338
f 338 409 410
f 338 410 328
f 328 410 411
f 328 411 403
f 387 388 23
f 23 388 380
f 23 380 21
f 21 380 412
f 413 414 415
f 414 416 415
f 415 416 417
f 415 417 335
f 335 417 418
f 335 418 407
f 412 413 21
f 21 413 415
f 21 415 19
f 19 415 419
f 19 419 17
f 17 419 420
f 17 420 15
f 15 420 421
f 422 423 83
f 83 423 424
f 83 424 425
f 425 426 83
f 83 426 427
f 83 427 81
f 81 427 428
f 429 430 421
f 428 431 81
f 81 431 432
f 81 432 433
f 429 421 434
f 433 434 81
f 81 434 421
f 81 421 79
f 79 421 420
f 79 420 77
f 77 420 419
f 77 419 75
f 75 419 415
f 75 415 73
f 73 415 335
f 73 335 341
f 341 335 334
f 430 435 421
f 421 435 436
f 421 436 437
f 437 436 438
f 437 438 439
f 439 440 437
f 437 440 441
f 437 441 442
f 443 444 437
f 437 444 445
f 437 445 446
f 447 448 421
f 446 449 437
f 437 449 450
f 437 450 421
f 421 450 451
f 421 451 447
f 448 452 421
f 421 452 453
f 421 453 15
f 15 453 454
f 15 454 455
f 455 456 15
f 15 456 457
f 15 457 13
f 13 457 458
f 13 458 459
f 459 460 13
f 13 460 461
f 13 461 462
f 442 422 437
f 437 422 83
f 437 83 463
f 463 83 85
f 463 85 464
f 464 85 87
f 464 87 465
f 465 87 89
f 465 89 312
f 312 89 91
f 312 91 320
f 320 91 319
f 462 443 13
f 13 443 437
f 13 437 11
f 11 437 463
f 11 463 9
f 9 463 464
f 9 464 7
f 7 464 465
f 7 465 5
f 5 465 312
f 5 312 361
f 361 312 356
f 353 354 45
f 45 354 305
f 45 305 43
f 43 305 466
f 43 466 41
f 41 466 467
f 41 467 39
f 39 467 468
f 39 468 37
f 37 468 469
f 470 471 61
f 61 471 472
f 61 472 473
f 473 474 61
f 61 474 475
f 61 475 59
f 59 475 476
f 477 478 469
f 476 479 59
f 59 479 480
f 59 480 481
f 477 469 482
f 481 482 59
f 59 482 469
f 59 469 57
f 57 469 468
f 57 468 55
f 55 468 467
f 55 467 53
f 53 467 466
f 53 466 51
f 51 466 305
f 51 305 306
f 306 305 304
f 478 483 469
f 469 483 484
f 469 484 485
f 485 484 486
f 485 486 487
f 487 488 485
f 485 488 489
f 485 489 490
f 491 492 485
f 485 492 493
f 485 493 494
f 495 496 469
f 494 497 485
f 485 497 498
f 485 498 469
f 469 498 499
f 469 499 495
f 496 500 469
f 469 500 501
f 469 501 37
f 37 501 502
f 37 502 503
f 503 504 37
f 37 504 505
f 37 505 35
f 35 505 506
f 35 506 507
f 507 508 35
f 35 508 509
f 35 509 510
f 510 491 35
f 35 491 485
f 35 485 33
f 33 485 511
f 33 511 31
f 31 511 512
f 31 512 29
f 29 512 400
f 29 400 402
f 402 400 399
f 490 470 485
f 485 470 61
f 485 61 511
f 511 61 63
f 511 63 512
f 512 63 65
f 512 65 400
f 400 65 67
f 400 67 328
f 328 67 69
f 328 69 332
f 332 69 331
f 313 309 265
f 265 309 266
f 266 309 267
f 267 309 308
f 267 308 268
f 268 308 307
f 268 307 258
f 258 307 306
f 258 306 259
f 306 304 259
f 259 304 303
f 259 303 272
f 272 303 273
f 273 303 325
f 273 325 274
f 274 325 324
f 274 324 255
f 255 324 322
f 255 322 256
f 322 321 256
f 256 321 311
f 256 311 275
f 275 311 276
f 276 311 310
f 276 310 277
f 277 310 320
f 277 320 253
f 253 320 319
f 253 319 254
f 254 319 318
f 254 318 317
f 313 265 314
f 314 265 264
f 314 264 315
f 315 264 263
f 315 263 316
f 316 263 262
f 316 262 317
f 317 262 261
f 317 261 254
f 336 327 106
f 106 327 107
f 107 327 108
f 108 327 326
f 108 326 111
f 111 326 332
f 111 332 110
f 110 332 331
f 110 331 109
f 331 330 109
f 109 330 329
f 109 329 112
f 112 329 113
f 113 329 348
f 113 348 114
f 114 348 347
f 114 347 115
f 115 347 346
f 115 346 96
f 346 345 96
f 96 345 344
f 96 344 97
f 97 344 98
f 98 344 343
f 98 343 99
f 99 343 342
f 99 342 93
f 93 342 341
f 93 341 94
f 94 341 334
f 94 334 333
f 336 106 337
f 337 106 105
f 337 105 339
f 339 105 103
f 339 103 340
f 340 103 101
f 340 101 333
f 333 101 100
f 333 100 94
f 357 350 284
f 284 350 287
f 287 350 288
f 288 350 349
f 288 349 289
f 289 349 354
f 289 354 285
f 285 354 353
f 285 353 286
f 353 352 286
f 286 352 351
f 286 351 290
f 290 351 291
f 291 351 368
f 291 368 292
f 292 368 367
f 292 367 293
f 293 367 366
f 293 366 294
f 366 365 294
f 294 365 364
f 294 364 295
f 295 364 296
f 296 364 363
f 296 363 297
f 297 363 362
f 297 362 278
f 278 362 361
f 278 361 279
f 279 361 356
f 279 356 355
f 357 284 358
f 358 284 283
f 358 283 359
f 359 283 282
f 359 282 360
f 360 282 281
f 360 281 355
f 355 281 280
f 355 280 279
f 381 375 132
f 132 375 133
f 133 375 134
f 134 375 376
f 134 376 135
f 135 376 377
f 135 377 125
f 125 377 374
f 125 374 126
f 374 373 126
f 126 373 372
f 126 372 136
f 136 372 137
f 137 372 369
f 137 369 142
f 142 369 391
f 142 391 116
f 116 391 393
f 116 393 119
f 393 396 119
f 119 396 379
f 119 379 120
f 120 379 121
f 121 379 378
f 121 378 124
f 124 378 388
f 124 388 123
f 123 388 387
f 123 387 122
f 122 387 386
f 122 386 385
f 381 132 382
f 382 132 131
f 382 131 383
f 383 131 130
f 383 130 384
f 384 130 129
f 384 129 385
f 385 129 128
f 385 128 122
f 456 455 153
f 153 455 154
f 154 455 155
f 155 455 454
f 155 454 156
f 156 454 453
f 156 453 145
f 145 453 452
f 145 452 146
f 452 448 146
f 146 448 447
f 146 447 160
f 160 447 159
f 159 447 451
f 159 451 157
f 157 451 450
f 157 450 161
f 161 450 449
f 161 449 162
f 449 446 162
f 162 446 445
f 162 445 163
f 163 445 164
f 164 445 444
f 164 444 165
f 460 148 461
f 461 148 167
f 461 167 462
f 462 167 165
f 462 165 443
f 443 165 444
f 456 153 457
f 457 153 152
f 457 152 458
f 458 152 151
f 458 151 459
f 459 151 150
f 459 150 460
f 460 150 149
f 460 149 148
f 504 503 169
f 169 503 188
f 188 503 187
f 187 503 502
f 187 502 186
f 502 501 186
f 186 501 500
f 186 500 189
f 189 500 496
f 189 496 170
f 170 496 495
f 170 495 171
f 171 495 173
f 173 495 499
f 173 499 174
f 174 499 498
f 174 498 176
f 176 498 497
f 176 497 177
f 497 494 177
f 177 494 493
f 177 493 178
f 178 493 179
f 179 493 492
f 179 492 180
f 180 492 491
f 180 491 181
f 181 491 510
f 181 510 182
f 182 510 509
f 182 509 508
f 504 169 505
f 505 169 168
f 505 168 506
f 506 168 185
f 506 185 507
f 507 185 184
f 507 184 508
f 508 184 183
f 508 183 182
f 435 430 199
f 199 430 200
f 200 430 201
f 201 430 429
f 201 429 204
f 204 429 434
f 204 434 203
f 203 434 433
f 203 433 202
f 433 432 202
f 202 432 431
f 202 431 205
f 205 431 206
f 206 431 428
f 206 428 207
f 207 428 427
f 207 427 191
f 191 427 426
f 191 426 192
f 426 425 192
f 192 425 424
f 192 424 210
f 210 424 209
f 209 424 423
f 209 423 208
f 440 194 441
f 441 194 195
f 441 195 442
f 442 195 208
f 442 208 422
f 422 208 423
f 435 199 436
f 436 199 198
f 436 198 438
f 438 198 197
f 438 197 439
f 439 197 196
f 439 196 440
f 440 196 193
f 440 193 194
f 483 478 212
f 212 478 229
f 229 478 228
f 228 478 477
f 228 477 227
f 477 482 227
f 227 482 481
f 227 481 230
f 230 481 480
f 230 480 213
f 213 480 479
f 213 479 214
f 214 479 215
f 215 479 476
f 215 476 216
f 216 476 475
f 216 475 217
f 217 475 474
f 217 474 218
f 474 473 218
f 218 473 472
f 218 472 221
f 221 472 222
f 222 472 471
f 222 471 223
f 223 471 470
f 223 470 219
f 219 470 490
f 219 490 220
f 220 490 489
f 220 489 488
f 483 212 484
f 484 212 211
f 484 211 486
f 486 211 226
f 486 226 487
f 487 226 225
f 487 225 488
f 488 225 224
f 488 224 220
f 243 418 248
f 248 418 417
f 248 417 249
f 249 417 250
f 250 417 416
f 250 416 239
f 239 416 414
f 239 414 240
f 240 414 413
f 240 413 241
f 241 413 412
f 241 412 117
f 117 412 380
f 117 380 118
f 118 380 397
f 118 397 140
f 140 397 395
f 140 395 141
f 141 395 394
f 141 394 143
f 143 394 392
f 143 392 144
f 144 392 390
f 144 390 139
f 139 390 389
f 139 389 138
f 138 389 371
f 138 371 127
f 127 371 370
f 127 370 233
f 233 370 401
f 233 401 234
f 234 401 402
f 234 402 237
f 237 402 399
f 237 399 235
f 235 399 398
f 235 398 231
f 398 406 231
f 231 406 405
f 231 405 232
f 232 405 404
f 232 404 244
f 244 404 403
f 244 403 245
f 245 403 411
f 245 411 246
f 246 411 410
f 246 410 247
f 247 410 409
f 247 409 242
f 242 409 408
f 242 408 243
f 243 408 407
f 243 407 418
f 513 514 515
f 515 514 516
f 515 516 517
f 517 516 518
f 518 519 517
f 517 519 520
f 517 520 521
f 522 523 524
f 524 523 525
f 526 527 528
f 528 527 529
f 526 530 527
f 527 530 531
f 527 531 532
f 513 515 532
f 532 515 533
f 532 533 527
f 534 535 536
f 536 535 524
f 536 524 527
f 527 524 525
f 527 525 529
f 537 538 539
f 540 541 542
f 543 544 545
f 545 544 546
f 546 544 547
f 546 547 548
f 548 549 546
f 546 549 550
f 546 550 551
f 552 553 554
f 554 553 555
f 554 555 556
f 556 555 557
f 556 557 545
f 545 557 558
f 545 558 543
f 552 554 559
f 559 554 560
f 559 560 541
f 541 560 561
f 541 561 542
f 562 563 564
f 564 563 565
f 564 565 538
f 538 565 566
f 538 566 539
f 562 567 563
f 563 567 568
f 563 568 569
f 569 568 570
f 569 570 542
f 542 570 571
f 542 571 540
f 572 573 574
f 574 573 575
f 574 575 576
f 572 577 573
f 573 577 578
f 573 578 579
f 579 578 580
f 579 580 539
f 539 580 581
f 539 581 537
f 582 583 534
f 584 535 585
f 585 535 534
f 585 534 586
f 586 534 583
f 582 534 587
f 587 534 588
f 587 588 589
f 590 591 592
f 592 591 545
f 592 545 593
f 593 545 594
f 546 595 545
f 545 595 596
f 545 596 594
f 597 598 599
f 599 598 600
f 600 598 601
f 600 601 602
f 603 604 605
f 605 604 606
f 605 606 607
f 608 609 610
f 610 609 611
f 610 611 606
f 606 611 612
f 606 612 607
f 613 614 615
f 615 614 616
f 615 616 608
f 608 616 617
f 608 617 609
f 618 619 620
f 620 619 615
f 615 619 621
f 615 621 613
f 599 622 597
f 597 622 623
f 597 623 624
f 624 623 625
f 624 625 626
f 625 627 626
f 626 627 628
f 626 628 629
f 629 628 630
f 629 630 620
f 620 630 631
f 620 631 618
f 630 628 632
f 633 634 635
f 636 637 638
f 638 637 639
f 621 619 640
f 618 631 641
f 642 643 644
f 645 646 647
f 648 649 650
f 650 649 651
f 650 651 652
f 652 651 653
f 652 653 654
f 654 653 655
f 654 655 605
f 605 655 603
f 648 650 656
f 656 650 657
f 656 657 658
f 658 657 659
f 658 659 660
f 660 659 661
f 660 661 662
f 662 661 663
f 663 661 664
f 663 664 665
f 666 667 668
f 669 670 667
f 671 672 673
f 673 672 674
f 671 675 676
f 676 675 677
f 678 679 680
f 679 681 680
f 680 681 682
f 680 682 683
f 684 685 686
f 686 685 687
f 686 687 688
f 689 690 691
f 691 690 692
f 692 693 691
f 691 693 694
f 691 694 688
f 695 696 697
f 697 696 698
f 697 698 699
f 700 701 702
f 701 700 703
f 703 700 704
f 703 704 705
f 705 704 706
f 706 704 707
f 706 707 708
f 708 707 709
f 709 707 710
f 709 710 711
f 712 713 714
f 715 716 717
f 717 716 718
f 717 718 647
f 647 718 719
f 647 719 645
f 720 721 722
f 722 721 723
f 722 723 715
f 715 723 724
f 715 724 716
f 725 726 727
f 727 728 725
f 725 728 729
f 725 729 730
f 730 729 731
f 732 733 726
f 726 733 734
f 726 734 727
f 735 736 737
f 737 736 738
f 737 738 739
f 740 741 725
f 725 741 737
f 725 737 726
f 726 737 739
f 726 739 732
f 742 743 744
f 744 743 745
f 744 745 746
f 747 748 749
f 749 748 750
f 750 748 751
f 751 748 752
f 751 752 753
f 754 600 755
f 755 600 602
f 756 757 758
f 759 760 761
f 761 760 611
f 757 762 758
f 758 762 763
f 758 763 764
f 763 765 764
f 764 765 766
f 764 766 767
f 767 768 764
f 764 768 769
f 764 769 770
f 770 769 771
f 771 772 770
f 770 772 773
f 770 773 774
f 774 775 770
f 770 775 776
f 770 776 777
f 778 779 642
f 642 779 780
f 642 780 781
f 782 783 761
f 781 784 642
f 642 784 785
f 642 785 761
f 761 785 786
f 761 786 782
f 783 787 761
f 761 787 788
f 761 788 759
f 623 789 790
f 790 791 623
f 623 791 792
f 623 792 793
f 794 795 625
f 793 796 623
f 623 796 797
f 623 797 625
f 625 797 798
f 625 798 794
f 799 800 801
f 801 800 625
f 801 625 802
f 802 625 795
f 799 803 800
f 800 803 804
f 800 804 805
f 806 807 808
f 808 807 809
f 623 622 789
f 789 622 808
f 789 808 810
f 810 808 809
f 811 812 813
f 813 812 814
f 813 814 815
f 816 817 818
f 818 817 819
f 818 819 820
f 821 811 822
f 822 811 813
f 822 813 808
f 808 813 815
f 808 815 806
f 818 823 816
f 816 823 800
f 816 800 824
f 824 800 805
f 634 633 825
f 633 826 825
f 825 826 827
f 825 827 828
f 828 827 829
f 828 829 830
f 830 829 831
f 830 831 832
f 819 821 820
f 820 821 822
f 820 822 833
f 833 822 808
f 833 808 834
f 834 808 622
f 834 622 599
f 835 832 836
f 836 832 831
f 836 831 837
f 837 831 829
f 837 829 838
f 838 829 827
f 838 827 839
f 839 827 826
f 839 826 840
f 841 842 843
f 844 842 845
f 845 842 841
f 845 841 846
f 755 835 754
f 754 835 836
f 754 836 847
f 847 836 837
f 847 837 848
f 848 837 838
f 848 838 843
f 843 838 839
f 843 839 841
f 841 839 840
f 841 840 846
f 849 850 851
f 844 823 842
f 842 823 818
f 842 818 843
f 843 818 820
f 843 820 848
f 848 820 833
f 848 833 847
f 847 833 834
f 847 834 754
f 754 834 599
f 754 599 600
f 849 852 853
f 853 852 632
f 853 632 854
f 854 632 628
f 854 628 627
f 846 850 845
f 845 850 849
f 845 849 844
f 844 849 853
f 844 853 823
f 823 853 854
f 823 854 800
f 800 854 627
f 800 627 625
f 855 856 857
f 858 859 860
f 860 859 758
f 860 758 861
f 861 758 764
f 861 764 862
f 862 764 770
f 862 770 863
f 856 863 644
f 644 863 770
f 644 770 642
f 642 770 777
f 642 777 778
f 855 857 864
f 864 857 640
f 864 640 641
f 641 640 619
f 641 619 618
f 856 644 857
f 857 644 643
f 857 643 640
f 640 643 613
f 640 613 621
f 760 756 611
f 611 756 758
f 611 758 612
f 612 758 859
f 612 859 607
f 611 609 761
f 761 609 617
f 761 617 642
f 642 617 616
f 642 616 643
f 643 616 614
f 643 614 613
f 865 689 866
f 866 689 691
f 866 691 867
f 868 869 870
f 870 869 871
f 680 872 871
f 684 678 685
f 685 678 680
f 685 680 687
f 687 680 871
f 687 871 873
f 873 871 869
f 873 869 874
f 874 869 868
f 874 868 875
f 677 675 683
f 683 675 876
f 683 876 680
f 680 876 877
f 680 877 872
f 878 665 668
f 668 665 664
f 668 664 666
f 666 664 661
f 666 661 879
f 879 661 659
f 879 659 880
f 880 659 657
f 880 657 881
f 881 657 650
f 881 650 882
f 882 650 652
f 882 652 858
f 858 652 654
f 858 654 859
f 859 654 605
f 859 605 607
f 670 669 674
f 674 669 883
f 674 883 673
f 673 883 884
f 673 884 885
f 885 884 886
f 885 886 887
f 887 886 888
f 887 888 889
f 671 673 675
f 675 673 885
f 675 885 876
f 876 885 887
f 876 887 877
f 877 887 889
f 877 889 872
f 872 889 890
f 872 890 871
f 871 890 891
f 871 891 870
f 740 725 892
f 892 725 730
f 892 730 893
f 893 730 731
f 893 731 894
f 893 895 892
f 892 895 896
f 892 896 740
f 740 896 897
f 740 897 741
f 741 897 898
f 899 900 901
f 901 900 902
f 901 902 903
f 647 904 717
f 717 904 903
f 717 903 715
f 715 903 902
f 715 902 722
f 722 902 900
f 722 900 720
f 749 743 747
f 747 743 742
f 747 742 905
f 905 742 744
f 905 744 906
f 906 744 746
f 906 746 907
f 907 746 745
f 907 745 908
f 639 899 638
f 638 899 901
f 638 901 909
f 909 901 903
f 909 903 910
f 910 903 904
f 905 911 747
f 747 911 912
f 747 912 748
f 748 912 913
f 748 913 752
f 752 913 914
f 752 914 753
f 753 914 915
f 916 917 918
f 918 917 919
f 918 919 920
f 920 919 921
f 920 921 922
f 922 921 923
f 832 924 830
f 830 924 925
f 830 925 828
f 828 925 923
f 828 923 825
f 825 923 921
f 825 921 634
f 634 921 919
f 634 919 635
f 635 919 917
f 924 915 925
f 925 915 914
f 925 914 923
f 923 914 913
f 923 913 922
f 922 913 912
f 922 912 920
f 920 912 911
f 920 911 918
f 918 911 905
f 918 905 916
f 916 905 906
f 926 927 928
f 928 927 929
f 928 929 930
f 930 929 931
f 930 931 932
f 712 711 713
f 713 711 710
f 713 710 714
f 714 710 933
f 702 696 700
f 700 696 695
f 700 695 704
f 704 695 934
f 704 934 707
f 707 934 935
f 707 935 710
f 710 935 936
f 710 936 933
f 932 937 930
f 930 937 938
f 930 938 928
f 928 938 939
f 928 939 926
f 926 939 940
f 932 941 937
f 937 941 714
f 937 714 938
f 938 714 933
f 938 933 939
f 939 933 936
f 939 936 940
f 940 936 935
f 940 935 942
f 942 935 934
f 942 934 943
f 943 934 695
f 943 695 944
f 944 695 697
f 944 697 867
f 867 697 699
f 867 699 866
f 866 699 945
f 866 945 865
f 894 946 893
f 893 946 720
f 893 720 895
f 895 720 900
f 895 900 896
f 896 900 899
f 896 899 897
f 897 899 639
f 897 639 898
f 898 639 637
f 898 637 908
f 908 637 636
f 908 636 907
f 907 636 638
f 907 638 906
f 906 638 909
f 906 909 916
f 916 909 910
f 916 910 917
f 917 910 947
f 917 947 635
f 635 947 948
f 635 948 633
f 633 948 949
f 633 949 826
f 826 949 950
f 826 950 840
f 840 950 951
f 840 951 846
f 846 951 952
f 846 952 850
f 850 952 875
f 850 875 851
f 851 875 868
f 667 666 669
f 669 666 879
f 669 879 883
f 883 879 880
f 883 880 884
f 884 880 881
f 884 881 886
f 886 881 882
f 886 882 888
f 888 882 858
f 888 858 889
f 889 858 860
f 889 860 890
f 890 860 861
f 890 861 891
f 891 861 862
f 891 862 870
f 870 862 863
f 870 863 868
f 868 863 856
f 868 856 851
f 851 856 855
f 851 855 849
f 849 855 864
f 849 864 852
f 852 864 641
f 852 641 632
f 632 641 631
f 632 631 630
f 688 687 691
f 691 687 873
f 691 873 867
f 867 873 874
f 867 874 944
f 944 874 875
f 944 875 943
f 943 875 952
f 943 952 942
f 942 952 951
f 942 951 940
f 940 951 950
f 940 950 926
f 926 950 949
f 926 949 927
f 927 949 948
f 927 948 929
f 929 948 947
f 929 947 931
f 931 947 910
f 931 910 932
f 932 910 904
f 932 904 941
f 941 904 647
f 941 647 714
f 714 647 646
f 714 646 712
f 953 954 955
f 521 956 957
f 521 957 958
f 958 957 959
f 958 959 960
f 959 961 960
f 960 961 962
f 960 962 963
f 963 962 964
f 963 964 965
f 964 966 965
f 965 966 967
f 965 967 968
f 967 969 968
f 968 969 970
f 968 970 971
f 971 970 972
f 971 972 973
f 973 972 974
f 973 974 975
f 976 977 978
f 557 979 558
f 558 979 980
f 558 980 543
f 543 980 981
f 543 981 544
f 544 981 982
f 544 982 547
f 547 982 983
f 547 983 548
f 548 983 984
f 548 984 549
f 549 984 978
f 549 978 550
f 550 978 977
f 550 977 551
f 555 985 557
f 557 985 986
f 557 986 979
f 555 553 985
f 985 553 552
f 985 552 987
f 987 552 559
f 541 988 559
f 559 988 989
f 559 989 987
f 541 540 988
f 988 540 571
f 988 571 990
f 990 571 570
f 990 570 991
f 991 570 568
f 991 568 992
f 735 993 736
f 736 993 994
f 736 994 738
f 738 994 995
f 738 995 739
f 739 995 996
f 739 996 732
f 732 996 997
f 732 997 733
f 733 997 998
f 733 998 734
f 734 998 999
f 734 999 727
f 727 999 1000
f 727 1000 728
f 728 1000 1001
f 728 1001 729
f 729 1001 1002
f 729 1002 731
f 731 1002 1003
f 731 1003 894
f 894 1003 1004
f 894 1004 946
f 946 1004 1005
f 946 1005 720
f 720 1005 1006
f 720 1006 721
f 721 1006 1007
f 721 1007 723
f 723 1007 1008
f 723 1008 724
f 724 1008 716
f 716 1008 1009
f 716 1009 718
f 568 567 992
f 992 567 562
f 992 562 1010
f 1010 562 564
f 1010 564 1011
f 1011 564 538
f 1011 538 1012
f 538 537 1012
f 1012 537 581
f 1012 581 1013
f 1013 581 580
f 1013 580 1014
f 1014 580 578
f 1014 578 1015
f 578 577 1015
f 1015 577 572
f 1015 572 1016
f 1016 572 574
f 1016 574 1017
f 1017 574 576
f 1017 576 1018
f 1018 576 1019
f 1018 1019 1020
f 1020 1019 975
f 1020 975 1021
f 1021 975 974
f 718 1009 719
f 719 1009 1022
f 719 1022 645
f 645 1022 1023
f 645 1023 646
f 646 1023 1024
f 646 1024 712
f 712 1024 1025
f 712 1025 711
f 711 1025 1026
f 711 1026 709
f 709 1026 1027
f 709 1027 708
f 708 1027 1028
f 708 1028 706
f 706 1028 1029
f 706 1029 705
f 705 1029 1030
f 705 1030 703
f 703 1030 1031
f 703 1031 701
f 701 1031 1032
f 701 1032 702
f 702 1032 1033
f 702 1033 696
f 696 1033 1034
f 696 1034 698
f 698 1034 1035
f 698 1035 699
f 699 1035 1036
f 699 1036 945
f 945 1036 1037
f 945 1037 865
f 865 1037 1038
f 865 1038 689
f 689 1038 1039
f 689 1039 690
f 690 1039 1040
f 690 1040 692
f 692 1040 1041
f 692 1041 693
f 693 1041 694
f 694 1041 1042
f 694 1042 688
f 688 1042 1043
f 688 1043 686
f 686 1043 1044
f 686 1044 684
f 684 1044 1045
f 684 1045 678
f 678 1045 1046
f 678 1046 679
f 679 1046 1047
f 679 1047 681
f 681 1047 682
f 682 1047 1048
f 682 1048 683
f 683 1048 1049
f 683 1049 677
f 677 1049 1050
f 677 1050 676
f 521 520 956
f 956 520 519
f 956 519 1051
f 1051 519 518
f 1051 518 1052
f 1052 518 516
f 1052 516 1053
f 1053 516 514
f 1053 514 1054
f 1054 514 513
f 1054 513 1055
f 1055 513 532
f 1055 532 1056
f 1056 532 531
f 1056 531 1057
f 1057 531 530
f 1057 530 1058
f 1058 530 526
f 1058 526 1059
f 1059 526 528
f 1059 528 1060
f 1060 528 529
f 1060 529 1061
f 1061 529 525
f 1061 525 1062
f 1062 525 523
f 1062 523 1063
f 1063 523 522
f 522 1064 1063
f 1063 1064 1065
f 1063 1065 1062
f 1062 1065 1066
f 1062 1066 1061
f 1061 1066 1067
f 1061 1067 1060
f 1060 1067 1068
f 1060 1068 1059
f 1059 1068 1069
f 1059 1069 1058
f 1058 1069 1070
f 1058 1070 1057
f 1057 1070 1071
f 1057 1071 1056
f 1056 1071 1072
f 1056 1072 1055
f 1055 1072 1073
f 1055 1073 1054
f 1054 1073 1074
f 1054 1074 1053
f 1053 1074 1075
f 1053 1075 1052
f 1052 1075 1076
f 1052 1076 1051
f 1051 1076 1077
f 1051 1077 956
f 956 1077 1078
f 956 1078 957
f 957 1078 1079
f 957 1079 959
f 959 1079 1080
f 959 1080 961
f 961 1080 1081
f 961 1081 962
f 962 1081 1082
f 962 1082 964
f 964 1082 1083
f 964 1083 966
f 966 1083 1084
f 966 1084 967
f 967 1084 1085
f 967 1085 969
f 969 1085 1086
f 969 1086 970
f 970 1086 1087
f 970 1087 972
f 972 1087 1088
f 972 1088 974
f 974 1088 1089
f 974 1089 1021
f 1021 1089 1090
f 1021 1090 1020
f 1020 1090 1091
f 1020 1091 1018
f 1018 1091 1092
f 1018 1092 1017
f 1017 1092 1093
f 1017 1093 1016
f 1016 1093 1094
f 1016 1094 1015
f 1015 1094 1095
f 1015 1095 1014
f 1014 1095 1096
f 1014 1096 1013
f 1013 1096 1097
f 1013 1097 1012
f 1012 1097 1098
f 1012 1098 1011
f 1011 1098 1099
f 1011 1099 1010
f 1010 1099 1100
f 1010 1100 992
f 992 1100 1101
f 992 1101 991
f 991 1101 1102
f 991 1102 990
f 990 1102 1103
f 990 1103 988
f 988 1103 1104
f 988 1104 989
f 989 1104 1105
f 989 1105 987
f 987 1105 1106
f 987 1106 985
f 985 1106 1107
f 985 1107 986
f 986 1107 1108
f 986 1108 979
f 979 1108 1109
f 979 1109 980
f 980 1109 1110
f 980 1110 981
f 981 1110 1111
f 981 1111 982
f 982 1111 1112
f 982 1112 983
f 983 1112 1113
f 983 1113 984
f 984 1113 1114
f 984 1114 978
f 978 1114 1115
f 978 1115 976
f 976 1115 1116
f 1064 953 1065
f 1065 953 955
f 1065 955 1066
f 1066 955 1117
f 1066 1117 1067
f 1067 1117 1118
f 1067 1118 1068
f 1068 1118 1119
f 1068 1119 1069
f 1069 1119 1120
f 1069 1120 1070
f 1070 1120 1050
f 1070 1050 1071
f 1071 1050 1049
f 1071 1049 1072
f 1072 1049 1048
f 1072 1048 1073
f 1073 1048 1047
f 1073 1047 1074
f 1074 1047 1046
f 1074 1046 1075
f 1075 1046 1045
f 1075 1045 1076
f 1076 1045 1044
f 1076 1044 1077
f 1077 1044 1043
f 1077 1043 1078
f 1078 1043 1042
f 1078 1042 1079
f 1079 1042 1041
f 1079 1041 1080
f 1080 1041 1040
f 1080 1040 1081
f 1081 1040 1039
f 1081 1039 1082
f 1082 1039 1038
f 1082 1038 1083
f 1083 1038 1037
f 1083 1037 1084
f 1084 1037 1036
f 1084 1036 1085
f 1085 1036 1035
f 1085 1035 1086
f 1086 1035 1034
f 1086 1034 1087
f 1087 1034 1033
f 1087 1033 1088
f 1088 1033 1032
f 1088 1032 1089
f 1089 1032 1031
f 1089 1031 1090
f 1090 1031 1030
f 1090 1030 1091
f 1091 1030 1029
f 1091 1029 1092
f 1092 1029 1028
f 1092 1028 1093
f 1093 1028 1027
f 1093 1027 1094
f 1094 1027 1026
f 1094 1026 1095
f 1095 1026 1025
f 1095 1025 1096
f 1096 1025 1024
f 1096 1024 1097
f 1097 1024 1023
f 1097 1023 1098
f 1098 1023 1022
f 1098 1022 1099
f 1099 1022 1009
f 1099 1009 1100
f 1100 1009 1008
f 1100 1008 1101
f 1101 1008 1007
f 1101 1007 1102
f 1102 1007 1006
f 1102 1006 1103
f 1103 1006 1005
f 1103 1005 1104
f 1104 1005 1004
f 1104 1004 1105
f 1105 1004 1003
f 1105 1003 1106
f 1106 1003 1002
f 1106 1002 1107
f 1107 1002 1001
f 1107 1001 1108
f 1108 1001 1000
f 1108 1000 1109
f 1109 1000 999
f 1109 999 1110
f 1110 999 998
f 1110 998 1111
f 1111 998 997
f 1111 997 1112
f 1112 997 996
f 1112 996 1113
f 1113 996 995
f 1113 995 1114
f 1114 995 994
f 1114 994 1115
f 1115 994 993
f 1115 993 1116
f 1116 993 735
f 676 1050 671
f 671 1050 1120
f 671 1120 672
f 672 1120 1119
f 672 1119 674
f 674 1119 1118
f 674 1118 670
f 670 1118 1117
f 670 1117 667
f 667 1117 955
f 667 955 668
f 668 955 954
f 668 954 878
f 596 595 585
f 585 595 584
f 1121 1122 1123
f 1123 1122 1124
f 1123 1124 1125
f 1125 1124 1126
f 1126 1127 1125
f 1125 1127 1128
f 1125 1128 1129
f 1130 610 1131
f 1131 610 1132
f 1130 1133 610
f 610 1133 1134
f 610 1134 608
f 608 1134 1135
f 608 1135 1136
f 1136 1137 608
f 608 1137 1138
f 608 1138 615
f 615 1138 1139
f 1140 1141 1142
f 1142 1141 1143
f 1142 1143 1123
f 1123 1143 1144
f 1123 1144 1121
f 1145 1146 1147
f 1147 1146 1148
f 1147 1148 1149
f 1149 1148 1150
f 1151 1152 626
f 626 1152 1153
f 626 1153 624
f 624 1153 1154
f 624 1154 1155
f 1155 1156 624
f 624 1156 1157
f 624 1157 597
f 597 1157 1158
f 1159 1160 1161
f 1158 1162 597
f 597 1162 1163
f 597 1163 1164
f 1159 1161 1165
f 1160 1166 1161
f 1161 1166 1167
f 1161 1167 1148
f 1148 1167 1168
f 1148 1168 1150
f 1169 601 1170
f 1170 601 598
f 1170 598 1161
f 1161 598 597
f 1161 597 1165
f 1165 597 1164
f 1145 1151 1146
f 1146 1151 626
f 1146 626 1171
f 1171 626 629
f 1171 629 1172
f 1172 629 620
f 1172 620 1142
f 1142 620 615
f 1142 615 1140
f 1140 615 1139
f 1129 1132 1125
f 1125 1132 610
f 1125 610 1173
f 1173 610 606
f 1173 606 1174
f 1174 606 604
f 1173 1174 1175
f 1171 1176 1146
f 1146 1176 1177
f 1146 1177 1148
f 1178 1169 1179
f 1179 1169 1170
f 1175 1180 1173
f 1173 1180 1181
f 1173 1181 1125
f 1125 1181 1182
f 1125 1182 1123
f 1182 1183 1123
f 1123 1183 1184
f 1123 1184 1142
f 1142 1184 1185
f 1142 1185 1172
f 1172 1185 1186
f 1172 1186 1171
f 1171 1186 1187
f 1171 1187 1176
f 1177 1188 1148
f 1148 1188 1189
f 1148 1189 1161
f 1161 1189 1190
f 1161 1190 1170
f 1170 1190 1191
f 1170 1191 1179
f 1192 1193 588
f 588 1193 1194
f 588 1194 589
f 1192 1195 1193
f 1193 1195 1196
f 1193 1196 1197
f 1196 1198 1197
f 1197 1198 1199
f 1197 1199 1200
f 1199 1201 1200
f 1200 1201 1202
f 1200 1202 1203
f 1203 1202 1204
f 1204 1205 1203
f 1203 1205 1206
f 1203 1206 1207
f 1206 1208 1207
f 1207 1208 1209
f 1207 1209 1210
f 1210 1209 1211
f 1211 1212 1210
f 1210 1212 1213
f 1210 1213 1214
f 1213 1215 1214
f 1214 1215 1216
f 1214 1216 1217
f 1216 1218 1217
f 1217 1218 1219
f 1217 1219 1220
f 1220 1219 1221
f 1221 1222 1220
f 1220 1222 1223
f 1220 1223 1224
f 1225 1226 1227
f 1223 1228 1224
f 1224 1228 1229
f 1224 1229 1230
f 1230 1229 1231
f 1230 1231 1227
f 1227 1231 1232
f 1227 1232 1225
f 591 590 1233
f 1233 590 1226
f 1233 1226 1234
f 1234 1226 1225
f 1235 1236 1237
f 1237 1238 1235
f 1235 1238 1239
f 1235 1239 1240
f 1239 1241 1240
f 1240 1241 1242
f 1240 1242 1243
f 1243 1242 1244
f 1243 1244 1245
f 1245 1244 1246
f 1245 1246 1247
f 1248 1249 1250
f 1250 1249 1251
f 1250 1251 1236
f 1236 1235 1250
f 1250 1235 1252
f 1250 1252 1253
f 1248 1254 1249
f 1249 1254 1255
f 1249 1255 1256
f 1256 1255 1257
f 1253 1252 1258
f 1258 1252 1259
f 1258 1259 1260
f 1260 1259 1261
f 1260 1261 1262
f 1262 1261 1263
f 1262 1263 1264
f 1265 1245 1257
f 1257 1245 1247
f 1257 1247 1256
f 1263 1266 1264
f 1264 1266 1267
f 1264 1267 1268
f 1268 1267 1269
f 1268 1269 1265
f 1265 1269 1270
f 1265 1270 1245
f 1271 1272 1273
f 1273 1272 1235
f 1272 1274 1235
f 1235 1274 1275
f 1235 1275 1252
f 1252 1275 1276
f 1252 1276 1277
f 1273 1278 1271
f 1271 1278 1279
f 1271 1279 1280
f 1280 1279 1281
f 1280 1281 1282
f 1282 1281 1283
f 1282 1283 1284
f 1284 1283 1285
f 1286 1287 1288
f 1288 1287 1289
f 1288 1289 1277
f 1277 1289 1290
f 1277 1290 1252
f 1285 1291 1284
f 1284 1291 1292
f 1284 1292 1293
f 1292 1294 1293
f 1293 1294 1295
f 1293 1295 1296
f 1295 1297 1296
f 1296 1297 1298
f 1296 1298 1288
f 1288 1298 1299
f 1288 1299 1286
f 1300 1301 1302
f 1300 1302 1303
f 1303 1302 1304
f 1303 1304 1305
f 1305 1304 1306
f 1305 1306 1307
f 1307 1306 1273
f 1307 1273 1308
f 1308 1273 1309
f 1309 1273 1235
f 1309 1235 1310
f 1311 1312 1235
f 1235 1312 1313
f 1235 1313 1310
f 1301 1300 1314
f 1314 1300 1315
f 1314 1315 1316
f 1316 1315 1317
f 1316 1317 1311
f 1311 1317 1318
f 1311 1318 1312
f 1319 1320 1235
f 1235 1320 1321
f 1235 1321 1311
f 1311 1321 1322
f 1311 1322 1323
f 1324 1325 1326
f 1326 1325 1322
f 1322 1325 1327
f 1322 1327 1323
f 1328 1329 1330
f 1330 1329 1331
f 1330 1331 1326
f 1326 1331 1332
f 1326 1332 1324
f 1319 1235 1333
f 1333 1235 1240
f 1333 1240 1334
f 1334 1240 1335
f 1334 1335 1336
f 1336 1335 1337
f 1336 1337 1338
f 1338 1337 1339
f 1338 1339 1340
f 1340 1339 1341
f 1340 1341 1328
f 1328 1341 1342
f 1328 1342 1329
f 1343 1344 1345
f 1346 1347 1348
f 1349 1226 590
f 1350 1351 1227
f 1227 1351 1352
f 1227 1352 1230
f 1217 1220 1353
f 1353 1220 1224
f 1353 1224 1354
f 1354 1224 1230
f 1354 1230 1355
f 1356 1210 1214
f 1357 1193 1197
f 587 1358 1359
f 1359 1358 1360
f 1360 1361 1359
f 1359 1361 1362
f 1359 1362 1363
f 1363 1364 1365
f 1365 1364 1366
f 1365 1366 1367
f 1367 1368 1194
f 1194 1368 1369
f 1194 1369 589
f 589 1369 1370
f 589 1370 587
f 587 1370 1371
f 587 1371 1358
f 1372 1373 1374
f 1375 1376 1359
f 1359 1376 1377
f 1359 1377 587
f 587 1377 1378
f 1379 582 1380
f 1380 582 587
f 1380 587 1381
f 1381 587 1378
f 1379 1372 582
f 582 1372 1374
f 582 1374 1382
f 1382 1374 1383
f 1382 1383 1384
f 1385 1386 1387
f 1388 1389 1390
f 1390 1389 1391
f 1390 1391 1392
f 1392 1393 1390
f 1390 1393 1394
f 1390 1394 1395
f 1395 1394 1396
f 1395 1396 1397
f 1386 1398 1387
f 1387 1398 1399
f 1387 1399 1388
f 1388 1399 1400
f 1388 1400 1389
f 1401 1345 1402
f 1402 1345 1403
f 1227 1226 1350
f 1350 1226 1349
f 1350 1349 1404
f 1404 1349 1405
f 1405 1349 1406
f 1406 1349 1407
f 1406 1407 1408
f 1409 1410 1411
f 1411 1410 1412
f 1411 1412 1413
f 1230 1352 1355
f 1355 1352 1414
f 1355 1414 1409
f 1415 1383 1416
f 1416 1383 1374
f 1416 1374 1417
f 1417 1374 1373
f 1411 1418 1419
f 1419 1418 1420
f 1420 1421 1419
f 1419 1421 1422
f 1419 1422 1356
f 1356 1422 1423
f 1356 1423 1210
f 1210 1423 1424
f 1210 1424 1207
f 1425 1426 1418
f 1418 1426 1427
f 1418 1427 1420
f 1200 1203 1346
f 1346 1203 1207
f 1346 1207 1347
f 1347 1207 1424
f 1347 1424 1348
f 1348 1424 1428
f 1348 1428 1429
f 1422 1430 1423
f 1423 1430 1431
f 1423 1431 1424
f 1424 1431 1432
f 1424 1432 1428
f 1433 1425 1434
f 1434 1425 1418
f 1434 1418 1435
f 1435 1418 1411
f 1435 1411 1407
f 1407 1411 1413
f 1407 1413 1408
f 1409 1411 1355
f 1355 1411 1419
f 1355 1419 1354
f 1354 1419 1356
f 1354 1356 1353
f 1353 1356 1214
f 1353 1214 1217
f 1363 1365 1359
f 1359 1365 1436
f 1359 1436 1375
f 1388 1384 1387
f 1387 1384 1383
f 1387 1383 1436
f 1436 1383 1415
f 1436 1415 1375
f 1194 1193 1367
f 1367 1193 1357
f 1367 1357 1365
f 1365 1357 1437
f 1365 1437 1436
f 1436 1437 1438
f 1436 1438 1387
f 1387 1438 1395
f 1387 1395 1385
f 1385 1395 1397
f 1402 1390 1401
f 1401 1390 1395
f 1401 1395 1439
f 1439 1395 1438
f 1439 1438 1440
f 1440 1438 1437
f 1440 1437 1348
f 1348 1437 1357
f 1348 1357 1346
f 1346 1357 1197
f 1346 1197 1200
f 1343 1345 1441
f 592 1403 590
f 590 1403 1345
f 590 1345 1349
f 1349 1345 1344
f 1349 1344 1442
f 1443 1444 1401
f 1401 1444 1445
f 1401 1445 1345
f 1345 1445 1446
f 1345 1446 1441
f 1442 1447 1349
f 1349 1447 1448
f 1349 1448 1407
f 1407 1448 1449
f 1407 1449 1450
f 1429 1433 1348
f 1348 1433 1434
f 1348 1434 1440
f 1440 1434 1435
f 1440 1435 1439
f 1439 1435 1407
f 1439 1407 1401
f 1401 1407 1450
f 1401 1450 1443
f 573 579 1451
f 539 566 1452
f 563 569 1453
f 542 561 1454
f 554 556 1455
f 1252 1290 1456
f 1245 1270 1457
f 1457 1270 1458
f 1457 1458 1459
f 1459 1458 1460
f 1455 1461 1460
f 1460 1461 1462
f 1460 1462 1459
f 556 545 1455
f 1455 545 1463
f 1455 1463 1461
f 560 554 1464
f 1464 554 1455
f 1464 1455 1465
f 1465 1455 1460
f 1465 1460 1466
f 1466 1460 1458
f 1466 1458 1269
f 1269 1458 1270
f 1269 1267 1466
f 1466 1267 1467
f 1466 1467 1465
f 1465 1467 1468
f 1465 1468 1464
f 1464 1468 1454
f 1464 1454 560
f 560 1454 561
f 569 542 1453
f 1453 542 1454
f 1453 1454 1469
f 1469 1454 1468
f 1469 1468 1470
f 1470 1468 1467
f 1470 1467 1266
f 1266 1467 1267
f 565 563 1471
f 1471 563 1453
f 1471 1453 1472
f 1472 1453 1469
f 1472 1469 1473
f 1473 1469 1470
f 1473 1470 1263
f 1263 1470 1266
f 1263 1261 1473
f 1473 1261 1474
f 1473 1474 1472
f 1472 1474 1475
f 1472 1475 1471
f 1471 1475 1452
f 1471 1452 565
f 565 1452 566
f 579 539 1451
f 1451 539 1452
f 1451 1452 1476
f 1476 1452 1475
f 1476 1475 1477
f 1477 1475 1474
f 1477 1474 1259
f 1259 1474 1261
f 575 573 1478
f 1478 573 1451
f 1478 1451 1479
f 1479 1451 1476
f 1479 1476 1456
f 1456 1476 1477
f 1456 1477 1252
f 1252 1477 1259
f 576 575 1480
f 1480 575 1478
f 1480 1478 1481
f 1481 1478 1479
f 1481 1479 1482
f 1482 1479 1456
f 1482 1456 1483
f 1483 1456 1290
f 1483 1290 1289
f 1243 1245 1484
f 1484 1245 1457
f 1484 1457 1485
f 1485 1457 1459
f 1485 1459 1486
f 1486 1459 1462
f 1486 1462 1487
f 1487 1462 1461
f 1487 1461 1488
f 1488 1461 1463
f 1488 1463 591
f 591 1463 545
f 1489 521 958
f 1490 1491 1492
f 1492 1491 1489
f 1493 1494 1490
f 1494 1493 1285
f 1489 958 1492
f 1492 958 960
f 1492 960 1495
f 1495 960 963
f 1495 963 1496
f 1496 963 965
f 1496 965 1497
f 1497 965 968
f 1497 968 1498
f 1498 968 971
f 1498 971 1499
f 1499 971 973
f 1499 973 1500
f 1500 973 975
f 1500 975 1501
f 1501 975 1019
f 1501 1019 1502
f 1019 576 1480
f 1019 1480 1502
f 1502 1480 1481
f 1502 1481 1482
f 1490 1492 1493
f 1493 1492 1495
f 1493 1495 1503
f 1503 1495 1496
f 1503 1496 1504
f 1504 1496 1497
f 1504 1497 1505
f 1505 1497 1498
f 1505 1498 1506
f 1506 1498 1499
f 1506 1499 1507
f 1507 1499 1500
f 1507 1500 1508
f 1508 1500 1501
f 1508 1501 1509
f 1509 1501 1502
f 1509 1502 1510
f 1510 1502 1482
f 1510 1482 1483
f 1285 1493 1291
f 1291 1493 1503
f 1291 1503 1292
f 1292 1503 1504
f 1292 1504 1294
f 1294 1504 1505
f 1294 1505 1295
f 1295 1505 1506
f 1295 1506 1297
f 1297 1506 1507
f 1297 1507 1298
f 1298 1507 1508
f 1298 1508 1299
f 1299 1508 1509
f 1299 1509 1286
f 1286 1509 1510
f 1286 1510 1287
f 1287 1510 1483
f 1287 1483 1289
f 1234 1225 1511
f 1208 1206 1512
f 1205 1204 1513
f 1514 1515 1516
f 1240 1243 1484
f 1311 1323 1517
f 1515 1306 1304
f 1515 1304 1516
f 1516 1304 1302
f 1516 1302 1518
f 1518 1302 1301
f 1518 1301 1519
f 1519 1301 1314
f 1519 1314 1520
f 1521 1335 1240
f 1522 1523 1524
f 1524 1523 1514
f 1514 1516 1524
f 1524 1516 1518
f 1524 1518 1525
f 1525 1518 1519
f 1525 1519 1526
f 1526 1519 1520
f 1526 1520 1527
f 1240 1484 1521
f 1521 1484 1485
f 1521 1485 1528
f 1522 1524 1529
f 1529 1524 1525
f 1529 1525 1530
f 1530 1525 1526
f 1530 1526 1531
f 1531 1526 1527
f 1531 1527 1532
f 1325 1324 1533
f 1533 1324 1534
f 1533 1534 1535
f 1535 1534 1536
f 1535 1536 1537
f 1537 1536 1538
f 1324 1332 1534
f 1534 1332 1539
f 1534 1539 1536
f 1536 1539 1540
f 1536 1540 1538
f 1538 1540 1541
f 1332 1331 1539
f 1539 1331 1542
f 1539 1542 1540
f 1540 1542 1543
f 1540 1543 1541
f 1541 1543 1544
f 1329 1342 1545
f 1545 1342 1546
f 1545 1546 1547
f 1547 1546 1548
f 1547 1548 1549
f 1549 1548 1550
f 1342 1341 1546
f 1546 1341 1551
f 1546 1551 1548
f 1548 1551 1552
f 1548 1552 1550
f 1550 1552 1553
f 1341 1339 1551
f 1551 1339 1554
f 1551 1554 1552
f 1552 1554 1555
f 1552 1555 1553
f 1553 1555 1556
f 1192 588 1529
f 1529 588 1557
f 1529 1557 1522
f 1202 1201 1532
f 1532 1201 1199
f 1532 1199 1531
f 1531 1199 1198
f 1531 1198 1530
f 1530 1198 1196
f 1530 1196 1529
f 1529 1196 1195
f 1529 1195 1192
f 1204 1202 1513
f 1513 1202 1532
f 1513 1532 1558
f 1558 1532 1527
f 1558 1527 1559
f 1559 1527 1520
f 1559 1520 1316
f 1316 1520 1314
f 1206 1205 1512
f 1512 1205 1513
f 1512 1513 1560
f 1560 1513 1558
f 1560 1558 1517
f 1517 1558 1559
f 1517 1559 1311
f 1311 1559 1316
f 1209 1208 1561
f 1561 1208 1512
f 1561 1512 1562
f 1562 1512 1560
f 1562 1560 1563
f 1563 1560 1517
f 1563 1517 1327
f 1327 1517 1323
f 1327 1325 1563
f 1563 1325 1533
f 1563 1533 1562
f 1562 1533 1535
f 1562 1535 1561
f 1561 1535 1537
f 1561 1537 1209
f 1209 1537 1211
f 1219 1218 1544
f 1544 1218 1216
f 1544 1216 1541
f 1541 1216 1215
f 1541 1215 1538
f 1538 1215 1213
f 1538 1213 1537
f 1537 1213 1212
f 1537 1212 1211
f 1221 1219 1549
f 1549 1219 1544
f 1549 1544 1547
f 1547 1544 1543
f 1547 1543 1545
f 1545 1543 1542
f 1545 1542 1329
f 1329 1542 1331
f 1232 1231 1556
f 1556 1231 1229
f 1556 1229 1553
f 1553 1229 1228
f 1553 1228 1550
f 1550 1228 1223
f 1550 1223 1549
f 1549 1223 1222
f 1549 1222 1221
f 1225 1232 1511
f 1511 1232 1556
f 1511 1556 1564
f 1564 1556 1555
f 1564 1555 1565
f 1565 1555 1554
f 1565 1554 1337
f 1337 1554 1339
f 1233 1234 1566
f 1566 1234 1511
f 1566 1511 1528
f 1528 1511 1564
f 1528 1564 1521
f 1521 1564 1565
f 1521 1565 1335
f 1335 1565 1337
f 1485 1486 1528
f 1528 1486 1487
f 1528 1487 1566
f 1566 1487 1488
f 1566 1488 1233
f 1233 1488 591
f 515 517 1567
f 1568 1494 1285
f 1278 1569 1279
f 1279 1569 1570
f 1279 1570 1281
f 1281 1570 1568
f 1281 1568 1283
f 1283 1568 1285
f 1491 1490 1571
f 1571 1490 1494
f 1494 1568 1571
f 1571 1568 1570
f 1571 1570 1572
f 1572 1570 1569
f 1572 1569 1573
f 1278 1574 1569
f 1569 1574 1575
f 1569 1575 1573
f 1573 1575 1576
f 1573 1576 1577
f 1491 1571 1567
f 1567 1571 1572
f 1567 1572 1578
f 1578 1572 1573
f 1578 1573 1579
f 1579 1573 1577
f 1579 1577 1580
f 517 521 1567
f 1567 521 1489
f 1567 1489 1491
f 515 1567 533
f 533 1567 1578
f 533 1578 527
f 527 1578 1579
f 527 1579 536
f 536 1579 1580
f 536 1580 534
f 1273 1306 1515
f 588 534 1557
f 1557 534 1580
f 1557 1580 1522
f 1522 1580 1577
f 1522 1577 1523
f 1523 1577 1576
f 1523 1576 1514
f 1514 1576 1575
f 1514 1575 1515
f 1515 1575 1574
f 1515 1574 1273
f 1273 1574 1278
f 1413 1581 1408
f 1408 1581 1582
f 1408 1582 1406
f 1406 1582 1583
f 1406 1583 1405
f 1405 1583 1584
f 1405 1584 1404
f 1404 1584 1585
f 1404 1585 1350
f 1350 1585 1586
f 1350 1586 1351
f 1351 1586 1587
f 1351 1587 1352
f 1352 1587 1588
f 1352 1588 1414
f 1414 1588 1589
f 1414 1589 1409
f 1409 1589 1590
f 1409 1590 1410
f 1410 1590 1591
f 1410 1591 1412
f 1412 1591 1592
f 1412 1592 1413
f 1413 1592 1581
f 1582 1593 1583
f 1583 1593 1594
f 1583 1594 1584
f 1584 1594 1595
f 1584 1595 1585
f 1585 1595 1596
f 1585 1596 1586
f 1586 1596 1597
f 1586 1597 1587
f 1587 1597 1598
f 1587 1598 1588
f 1588 1598 1599
f 1588 1599 1589
f 1589 1599 1600
f 1589 1600 1590
f 1590 1600 1601
f 1590 1601 1591
f 1591 1601 1602
f 1591 1602 1592
f 1592 1602 1603
f 1592 1603 1581
f 1581 1603 1604
f 1581 1604 1582
f 1582 1604 1593
f 1604 1321 1593
f 1593 1321 1320
f 1593 1320 1594
f 1594 1320 1319
f 1594 1319 1595
f 1595 1319 1333
f 1595 1333 1596
f 1596 1333 1334
f 1596 1334 1597
f 1597 1334 1336
f 1597 1336 1598
f 1598 1336 1338
f 1598 1338 1599
f 1599 1338 1340
f 1599 1340 1600
f 1600 1340 1328
f 1600 1328 1601
f 1601 1328 1330
f 1601 1330 1602
f 1602 1330 1326
f 1602 1326 1603
f 1603 1326 1322
f 1603 1322 1604
f 1604 1322 1321
f 1370 1605 1371
f 1371 1605 1606
f 1371 1606 1358
f 1358 1606 1607
f 1358 1607 1360
f 1360 1607 1608
f 1360 1608 1361
f 1361 1608 1609
f 1361 1609 1362
f 1362 1609 1610
f 1362 1610 1363
f 1363 1610 1611
f 1363 1611 1364
f 1364 1611 1612
f 1364 1612 1366
f 1366 1612 1613
f 1366 1613 1367
f 1367 1613 1614
f 1367 1614 1368
f 1368 1614 1615
f 1368 1615 1369
f 1369 1615 1616
f 1369 1616 1370
f 1370 1616 1605
f 1611 1617 1612
f 1612 1617 1618
f 1612 1618 1613
f 1613 1618 1619
f 1613 1619 1614
f 1614 1619 1620
f 1614 1620 1615
f 1615 1620 1621
f 1615 1621 1616
f 1616 1621 1622
f 1616 1622 1605
f 1605 1622 1623
f 1605 1623 1606
f 1606 1623 1624
f 1606 1624 1607
f 1607 1624 1625
f 1607 1625 1608
f 1608 1625 1626
f 1608 1626 1609
f 1609 1626 1627
f 1609 1627 1610
f 1610 1627 1628
f 1610 1628 1611
f 1611 1628 1617
f 1623 1305 1624
f 1624 1305 1307
f 1624 1307 1625
f 1625 1307 1308
f 1625 1308 1626
f 1626 1308 1309
f 1626 1309 1627
f 1627 1309 1310
f 1627 1310 1628
f 1628 1310 1313
f 1628 1313 1617
f 1617 1313 1312
f 1617 1312 1618
f 1618 1312 1318
f 1618 1318 1619
f 1619 1318 1317
f 1619 1317 1620
f 1620 1317 1315
f 1620 1315 1621
f 1621 1315 1300
f 1621 1300 1622
f 1622 1300 1303
f 1622 1303 1623
f 1623 1303 1305
f 1399 1629 1400
f 1400 1629 1630
f 1400 1630 1389
f 1389 1630 1631
f 1389 1631 1391
f 1391 1631 1632
f 1391 1632 1392
f 1392 1632 1633
f 1392 1633 1393
f 1393 1633 1634
f 1393 1634 1394
f 1394 1634 1635
f 1394 1635 1396
f 1396 1635 1636
f 1396 1636 1397
f 1397 1636 1637
f 1397 1637 1385
f 1385 1637 1638
f 1385 1638 1386
f 1386 1638 1639
f 1386 1639 1398
f 1398 1639 1640
f 1398 1640 1399
f 1399 1640 1629
f 1632 1641 1633
f 1633 1641 1642
f 1633 1642 1634
f 1634 1642 1643
f 1634 1643 1635
f 1635 1643 1644
f 1635 1644 1636
f 1636 1644 1645
f 1636 1645 1637
f 1637 1645 1646
f 1637 1646 1638
f 1638 1646 1647
f 1638 1647 1639
f 1639 1647 1648
f 1639 1648 1640
f 1640 1648 1649
f 1640 1649 1629
f 1629 1649 1650
f 1629 1650 1630
f 1630 1650 1651
f 1630 1651 1631
f 1631 1651 1652
f 1631 1652 1632
f 1632 1652 1641
f 1650 1236 1651
f 1651 1236 1251
f 1651 1251 1652
f 1652 1251 1249
f 1652 1249 1641
f 1641 1249 1256
f 1641 1256 1642
f 1642 1256 1247
f 1642 1247 1643
f 1643 1247 1246
f 1643 1246 1644
f 1644 1246 1244
f 1644 1244 1645
f 1645 1244 1242
f 1645 1242 1646
f 1646 1242 1241
f 1646 1241 1647
f 1647 1241 1239
f 1647 1239 1648
f 1648 1239 1238
f 1648 1238 1649
f 1649 1238 1237
f 1649 1237 1650
f 1650 1237 1236
f 1653 1344 1654
f 1654 1344 1343
f 1654 1343 1655
f 1655 1343 1441
f 1655 1441 1656
f 1656 1441 1446
f 1656 1446 1657
f 1657 1446 1445
f 1657 1445 1658
f 1658 1445 1444
f 1658 1444 1659
f 1659 1444 1443
f 1659 1443 1660
f 1660 1443 1450
f 1660 1450 1661
f 1661 1450 1449
f 1661 1449 1662
f 1662 1449 1448
f 1662 1448 1663
f 1663 1448 1447
f 1663 1447 1664
f 1664 1447 1442
f 1664 1442 1653
f 1653 1442 1344
f 1663 1664 1665
f 1665 1664 1653
f 1665 1653 1654
f 1660 1661 1665
f 1665 1661 1662
f 1665 1662 1663
f 1657 1658 1665
f 1665 1658 1659
f 1665 1659 1660
f 1654 1655 1665
f 1665 1655 1656
f 1665 1656 1657
f 1666 1415 1667
f 1667 1415 1416
f 1667 1416 1668
f 1668 1416 1417
f 1668 1417 1669
f 1669 1417 1373
f 1669 1373 1670
f 1670 1373 1372
f 1670 1372 1671
f 1671 1372 1379
f 1671 1379 1672
f 1672 1379 1380
f 1672 1380 1673
f 1673 1380 1381
f 1673 1381 1674
f 1674 1381 1378
f 1674 1378 1675
f 1675 1378 1377
f 1675 1377 1676
f 1676 1377 1376
f 1676 1376 1677
f 1677 1376 1375
f 1677 1375 1666
f 1666 1375 1415
f 1676 1677 1678
f 1678 1677 1666
f 1678 1666 1667
f 1673 1674 1678
f 1678 1674 1675
f 1678 1675 1676
f 1670 1671 1678
f 1678 1671 1672
f 1678 1672 1673
f 1667 1668 1678
f 1678 1668 1669
f 1678 1669 1670
f 1679 1421 1680
f 1680 1421 1420
f 1680 1420 1681
f 1681 1420 1427
f 1681 1427 1682
f 1682 1427 1426
f 1682 1426 1683
f 1683 1426 1425
f 1683 1425 1684
f 1684 1425 1433
f 1684 1433 1685
f 1685 1433 1429
f 1685 1429 1686
f 1686 1429 1428
f 1686 1428 1687
f 1687 1428 1432
f 1687 1432 1688
f 1688 1432 1431
f 1688 1431 1689
f 1689 1431 1430
f 1689 1430 1690
f 1690 1430 1422
f 1690 1422 1679
f 1679 1422 1421
f 1689 1690 1691
f 1691 1690 1679
f 1691 1679 1680
f 1686 1687 1691
f 1691 1687 1688
f 1691 1688 1689
f 1683 1684 1691
f 1691 1684 1685
f 1691 1685 1686
f 1680 1681 1691
f 1691 1681 1682
f 1691 1682 1683
f 1174 1692 1693
f 832 835 1169
f 1169 835 755
f 1169 755 601
f 601 755 602
f 1694 1695 1696
f 1696 1695 1697
f 1698 1699 1700
f 1701 1175 1694
f 1694 1175 1174
f 1694 1174 1695
f 1695 1174 1693
f 1702 1703 1704
f 1705 1695 1706
f 1706 1695 1707
f 1706 1707 1708
f 1708 1707 1709
f 1709 1707 1710
f 1709 1710 1704
f 1704 1710 1711
f 1704 1711 1702
f 1700 1712 1698
f 1698 1712 1713
f 1698 1713 1714
f 1715 1716 750
f 750 1716 1717
f 749 750 1718
f 1718 750 1717
f 1718 1717 1713
f 1713 1717 1719
f 1713 1719 1714
f 1720 908 1721
f 1721 908 745
f 1721 745 1718
f 1718 745 743
f 1718 743 749
f 1705 1722 1695
f 1695 1722 1723
f 1695 1723 1724
f 1724 1725 1695
f 1695 1725 1726
f 1695 1726 1727
f 1703 1702 1728
f 1728 1702 1729
f 1728 1729 1730
f 1730 1729 1731
f 1730 1731 1732
f 1727 1733 1695
f 1695 1733 1734
f 1695 1734 1697
f 977 976 1735
f 976 1116 1735
f 1735 1116 735
f 1735 735 1736
f 1736 735 737
f 1736 737 1737
f 1737 737 741
f 1737 741 1720
f 1720 741 898
f 1720 898 908
f 1738 1739 1699
f 1699 1739 1740
f 1699 1740 1700
f 663 665 1741
f 1741 665 878
f 1741 878 954
f 832 1742 924
f 924 1742 1743
f 924 1743 915
f 915 1743 1744
f 915 1744 753
f 753 1744 1715
f 753 1715 751
f 751 1715 750
f 524 535 1745
f 595 546 1735
f 1735 546 551
f 1735 551 977
f 1738 1746 1739
f 1739 1746 595
f 1739 595 1747
f 1747 595 1735
f 584 1748 1732
f 954 953 1741
f 1741 953 1064
f 1741 1064 1745
f 1745 1064 522
f 1745 522 524
f 832 1169 1742
f 1742 1169 1178
f 1742 1178 1749
f 535 584 1745
f 1745 584 1732
f 1745 1732 1750
f 1750 1732 1731
f 1746 1751 595
f 595 1751 1752
f 595 1752 584
f 584 1752 1753
f 584 1753 1748
f 1174 648 656
f 1692 1174 1741
f 1741 1174 662
f 1741 662 663
f 653 651 1174
f 1174 651 649
f 1174 649 648
f 656 658 1174
f 1174 658 660
f 1174 660 662
f 653 1174 655
f 655 1174 604
f 655 604 603
f 1693 1754 1695
f 1695 1754 1755
f 1695 1755 1707
f 1707 1755 1756
f 1707 1756 1710
f 1710 1756 1757
f 1710 1757 1711
f 1711 1757 1758
f 1711 1758 1702
f 1702 1758 1759
f 1702 1759 1729
f 1729 1759 1760
f 1729 1760 1731
f 1731 1760 1761
f 1731 1761 1750
f 1750 1761 1762
f 1750 1762 1745
f 1745 1762 1763
f 1745 1763 1741
f 1741 1763 1764
f 1741 1764 1692
f 1692 1764 1765
f 1692 1765 1693
f 1693 1765 1754
f 1759 1766 1760
f 1760 1766 1767
f 1760 1767 1761
f 1761 1767 1768
f 1761 1768 1762
f 1762 1768 1769
f 1762 1769 1763
f 1763 1769 1770
f 1763 1770 1764
f 1764 1770 1771
f 1764 1771 1765
f 1765 1771 1772
f 1765 1772 1754
f 1754 1772 1773
f 1754 1773 1755
f 1755 1773 1774
f 1755 1774 1756
f 1756 1774 1775
f 1756 1775 1757
f 1757 1775 1776
f 1757 1776 1758
f 1758 1776 1777
f 1758 1777 1759
f 1759 1777 1766
f 1773 1282 1774
f 1774 1282 1284
f 1774 1284 1775
f 1775 1284 1293
f 1775 1293 1776
f 1776 1293 1296
f 1776 1296 1777
f 1777 1296 1288
f 1777 1288 1766
f 1766 1288 1277
f 1766 1277 1767
f 1767 1277 1276
f 1767 1276 1768
f 1768 1276 1275
f 1768 1275 1769
f 1769 1275 1274
f 1769 1274 1770
f 1770 1274 1272
f 1770 1272 1771
f 1771 1272 1271
f 1771 1271 1772
f 1772 1271 1280
f 1772 1280 1773
f 1773 1280 1282
f 1712 1778 1713
f 1713 1778 1779
f 1713 1779 1718
f 1718 1779 1780
f 1718 1780 1721
f 1721 1780 1781
f 1721 1781 1720
f 1720 1781 1782
f 1720 1782 1737
f 1737 1782 1783
f 1737 1783 1736
f 1736 1783 1784
f 1736 1784 1735
f 1735 1784 1785
f 1735 1785 1747
f 1747 1785 1786
f 1747 1786 1739
f 1739 1786 1787
f 1739 1787 1740
f 1740 1787 1788
f 1740 1788 1700
f 1700 1788 1789
f 1700 1789 1712
f 1712 1789 1778
f 1781 1790 1782
f 1782 1790 1791
f 1782 1791 1783
f 1783 1791 1792
f 1783 1792 1784
f 1784 1792 1793
f 1784 1793 1785
f 1785 1793 1794
f 1785 1794 1786
f 1786 1794 1795
f 1786 1795 1787
f 1787 1795 1796
f 1787 1796 1788
f 1788 1796 1797
f 1788 1797 1789
f 1789 1797 1798
f 1789 1798 1778
f 1778 1798 1799
f 1778 1799 1779
f 1779 1799 1800
f 1779 1800 1780
f 1780 1800 1801
f 1780 1801 1781
f 1781 1801 1790
f 1799 1250 1800
f 1800 1250 1253
f 1800 1253 1801
f 1801 1253 1258
f 1801 1258 1790
f 1790 1258 1260
f 1790 1260 1791
f 1791 1260 1262
f 1791 1262 1792
f 1792 1262 1264
f 1792 1264 1793
f 1793 1264 1268
f 1793 1268 1794
f 1794 1268 1265
f 1794 1265 1795
f 1795 1265 1257
f 1795 1257 1796
f 1796 1257 1255
f 1796 1255 1797
f 1797 1255 1254
f 1797 1254 1798
f 1798 1254 1248
f 1798 1248 1799
f 1799 1248 1250
f 596 585 594
f 594 585 586
f 594 586 593
f 593 586 583
f 1388 1390 593
f 583 582 1382
f 583 1382 593
f 593 1382 1384
f 593 1384 1388
f 1390 1402 593
f 593 1402 1403
f 593 1403 592
f 1133 1130 759
f 759 788 1133
f 1133 788 787
f 1133 787 1134
f 1134 787 783
f 1134 783 1135
f 783 782 1135
f 1135 782 786
f 1135 786 1136
f 1136 786 785
f 1136 785 1137
f 1137 785 784
f 1137 784 1138
f 1138 784 781
f 781 780 1138
f 1138 780 779
f 1138 779 1139
f 1139 779 778
f 1139 778 1140
f 1140 778 777
f 1140 777 1141
f 1141 777 776
f 1141 776 1143
f 1143 776 775
f 1143 775 1144
f 775 774 1144
f 1144 774 773
f 1144 773 1121
f 1121 773 772
f 1121 772 1122
f 1122 772 771
f 1122 771 1124
f 1124 771 769
f 1124 769 1126
f 1126 769 768
f 1126 768 1127
f 768 767 1127
f 1127 767 766
f 1127 766 1128
f 766 765 1128
f 1128 765 763
f 1128 763 1129
f 1129 763 762
f 1129 762 1132
f 1132 762 757
f 1132 757 1131
f 1131 757 756
f 1131 756 1130
f 1130 756 760
f 1130 760 759
f 1154 795 1155
f 1155 795 794
f 1155 794 1156
f 1156 794 798
f 1156 798 1157
f 798 797 1157
f 1157 797 796
f 1157 796 1158
f 1158 796 793
f 1158 793 1162
f 793 792 1162
f 1162 792 791
f 1162 791 1163
f 791 790 1163
f 1163 790 789
f 1163 789 1164
f 1164 789 810
f 1164 810 1165
f 1165 810 809
f 1165 809 1159
f 1159 809 807
f 1159 807 1160
f 807 806 1160
f 1160 806 815
f 1160 815 1166
f 815 814 1166
f 1166 814 812
f 1166 812 1167
f 1167 812 811
f 1167 811 1168
f 1168 811 821
f 1168 821 1150
f 1150 821 819
f 1150 819 1149
f 819 817 1149
f 1149 817 816
f 1149 816 1147
f 816 824 1147
f 1147 824 805
f 1147 805 1145
f 1145 805 804
f 1145 804 1151
f 1151 804 803
f 1151 803 1152
f 1152 803 799
f 1152 799 1153
f 1153 799 801
f 1153 801 1154
f 1154 801 802
f 1154 802 795
f 1753 1752 1802
f 1803 1804 1805
f 1806 1807 1805
f 1805 1807 1808
f 1805 1808 1809
f 1753 1802 1805
f 1805 1802 1810
f 1805 1810 1803
f 1804 1811 1805
f 1805 1811 1812
f 1805 1812 1806
f 1809 1813 1805
f 1805 1813 1814
f 1805 1814 1815
f 1815 1816 1805
f 1805 1816 1817
f 1805 1817 1818
f 1818 1817 1819
f 1820 1821 1822
f 1697 1734 1823
f 1725 1724 1824
f 1722 1705 1825
f 1717 1826 1827
f 1828 1715 1744
f 1742 1829 1830
f 1829 1742 1749
f 1831 1701 1694
f 1694 1832 1831
f 1831 1832 1833
f 1831 1833 1834
f 1834 1833 1835
f 1834 1835 1836
f 1836 1835 1837
f 1836 1837 1838
f 1838 1837 1839
f 1838 1839 1840
f 1840 1839 1841
f 1840 1841 1842
f 1842 1841 1843
f 1842 1843 1844
f 1844 1843 1845
f 1844 1845 1846
f 1846 1845 1847
f 1846 1847 1848
f 1848 1847 1849
f 1848 1849 1850
f 1850 1849 1851
f 1851 1849 1852
f 1851 1852 1853
f 1853 1852 1854
f 1853 1854 1855
f 1855 1854 1856
f 1855 1856 1857
f 1857 1856 1858
f 1857 1858 1859
f 1743 1742 1860
f 1860 1742 1830
f 1860 1830 1858
f 1858 1830 1829
f 1858 1829 1859
f 1859 1829 1749
f 1717 1827 1719
f 1719 1827 1861
f 1719 1861 1714
f 1714 1861 1862
f 1714 1862 1698
f 1698 1862 1863
f 1698 1863 1699
f 1864 1865 1866
f 1866 1865 1867
f 1866 1867 1868
f 1868 1867 1869
f 1870 1871 1872
f 1872 1871 1873
f 1872 1873 1874
f 1874 1873 1875
f 1874 1875 1876
f 1876 1875 1877
f 1876 1877 1864
f 1864 1877 1878
f 1864 1878 1865
f 1879 1880 1870
f 1870 1880 1881
f 1870 1881 1871
f 1882 1883 1884
f 1884 1883 1885
f 1884 1885 1886
f 1886 1885 1879
f 1886 1879 1887
f 1887 1879 1870
f 1888 1889 1882
f 1882 1889 1890
f 1882 1890 1883
f 1882 1891 1888
f 1888 1891 1892
f 1888 1892 1893
f 1893 1892 1894
f 1893 1894 1895
f 1706 1708 1896
f 1896 1708 1709
f 1722 1825 1723
f 1733 1727 1897
f 1897 1727 1726
f 1697 1823 1696
f 1898 1899 1900
f 1900 1899 1901
f 1900 1901 1902
f 1902 1901 1903
f 1902 1903 1825
f 1825 1903 1824
f 1825 1824 1723
f 1723 1824 1724
f 1904 1905 1906
f 1906 1905 1907
f 1906 1907 1908
f 1908 1907 1909
f 1908 1909 1910
f 1910 1909 1911
f 1910 1911 1912
f 1912 1911 1896
f 1912 1896 1913
f 1913 1896 1709
f 1913 1709 1704
f 1914 1904 1915
f 1915 1904 1906
f 1915 1906 1916
f 1916 1906 1908
f 1916 1908 1917
f 1917 1908 1910
f 1917 1910 1918
f 1918 1910 1912
f 1918 1912 1919
f 1919 1912 1913
f 1919 1913 1920
f 1920 1913 1704
f 1920 1704 1703
f 1728 1895 1703
f 1703 1895 1894
f 1703 1894 1920
f 1920 1894 1892
f 1920 1892 1919
f 1919 1892 1891
f 1919 1891 1918
f 1918 1891 1882
f 1918 1882 1917
f 1917 1882 1884
f 1917 1884 1916
f 1916 1884 1886
f 1916 1886 1915
f 1915 1886 1887
f 1915 1887 1914
f 1914 1887 1870
f 1921 1922 1923
f 1923 1922 1924
f 1923 1924 1925
f 1925 1924 1926
f 1925 1926 1927
f 1927 1926 1928
f 1927 1928 1929
f 1929 1928 1930
f 1929 1930 1931
f 1931 1930 1932
f 1931 1932 1933
f 1933 1932 1934
f 1935 1921 1936
f 1936 1921 1923
f 1936 1923 1937
f 1937 1923 1925
f 1937 1925 1938
f 1938 1925 1927
f 1938 1927 1939
f 1939 1927 1929
f 1939 1929 1940
f 1940 1929 1931
f 1940 1931 1941
f 1941 1931 1933
f 1942 1935 1943
f 1943 1935 1936
f 1943 1936 1944
f 1944 1936 1937
f 1944 1937 1945
f 1945 1937 1938
f 1945 1938 1946
f 1946 1938 1939
f 1946 1939 1947
f 1947 1939 1940
f 1947 1940 1948
f 1948 1940 1941
f 1948 1941 1949
f 1949 1941 1933
f 1949 1933 1950
f 1950 1933 1934
f 1951 1942 1952
f 1952 1942 1943
f 1952 1943 1953
f 1953 1943 1944
f 1953 1944 1954
f 1954 1944 1945
f 1954 1945 1955
f 1955 1945 1946
f 1955 1946 1956
f 1956 1946 1947
f 1956 1947 1957
f 1957 1947 1948
f 1957 1948 1958
f 1958 1948 1949
f 1958 1949 1959
f 1959 1949 1950
f 1959 1950 1960
f 1961 1951 1962
f 1962 1951 1952
f 1962 1952 1963
f 1963 1952 1953
f 1963 1953 1964
f 1964 1953 1954
f 1964 1954 1965
f 1965 1954 1955
f 1965 1955 1966
f 1966 1955 1956
f 1966 1956 1967
f 1967 1956 1957
f 1967 1957 1968
f 1968 1957 1958
f 1968 1958 1969
f 1969 1958 1959
f 1969 1959 1970
f 1970 1959 1960
f 1970 1960 1971
f 1972 1961 1973
f 1973 1961 1962
f 1973 1962 1974
f 1974 1962 1963
f 1974 1963 1975
f 1975 1963 1964
f 1975 1964 1976
f 1976 1964 1965
f 1976 1965 1977
f 1977 1965 1966
f 1977 1966 1978
f 1978 1966 1967
f 1978 1967 1979
f 1979 1967 1968
f 1979 1968 1980
f 1980 1968 1969
f 1980 1969 1981
f 1981 1969 1970
f 1981 1970 1898
f 1898 1970 1971
f 1898 1971 1899
f 1868 1972 1866
f 1866 1972 1973
f 1866 1973 1864
f 1864 1973 1974
f 1864 1974 1876
f 1876 1974 1975
f 1876 1975 1874
f 1874 1975 1976
f 1874 1976 1872
f 1872 1976 1977
f 1872 1977 1870
f 1870 1977 1978
f 1870 1978 1914
f 1914 1978 1979
f 1914 1979 1904
f 1904 1979 1980
f 1904 1980 1905
f 1905 1980 1981
f 1905 1981 1907
f 1907 1981 1898
f 1907 1898 1909
f 1909 1898 1900
f 1909 1900 1911
f 1911 1900 1902
f 1911 1902 1896
f 1896 1902 1825
f 1896 1825 1706
f 1706 1825 1705
f 1826 1717 1982
f 1982 1717 1716
f 1982 1716 1983
f 1983 1716 1715
f 1983 1715 1984
f 1984 1715 1828
f 1984 1828 1985
f 1986 1820 1987
f 1987 1820 1822
f 1987 1822 1988
f 1988 1822 1989
f 1988 1989 1990
f 1990 1989 1991
f 1990 1991 1992
f 1992 1991 1993
f 1992 1993 1994
f 1994 1993 1995
f 1994 1995 1996
f 1996 1995 1997
f 1996 1997 1998
f 1998 1997 1999
f 1998 1999 2000
f 2000 1999 2001
f 2000 2001 2002
f 2002 2001 2003
f 2002 2003 2004
f 2004 2003 2005
f 2004 2005 2006
f 2006 2005 2007
f 2006 2007 2008
f 2008 2007 2009
f 2008 2009 2010
f 2010 2009 2011
f 2010 2011 1897
f 1897 2011 1823
f 1897 1823 1733
f 1733 1823 1734
f 1988 1985 1987
f 1987 1985 1828
f 1987 1828 1986
f 1986 1828 1744
f 1986 1744 1820
f 1820 1744 1743
f 1820 1743 1821
f 1821 1743 1860
f 1821 1860 1822
f 1822 1860 1858
f 1822 1858 1989
f 1989 1858 1856
f 1989 1856 1991
f 1991 1856 1854
f 1991 1854 1993
f 1993 1854 1852
f 1993 1852 1995
f 1995 1852 1849
f 1995 1849 1997
f 1997 1849 1847
f 1997 1847 1999
f 1999 1847 1845
f 1999 1845 2001
f 2001 1845 1843
f 2001 1843 2003
f 2003 1843 1841
f 2003 1841 2005
f 2005 1841 1839
f 2005 1839 2007
f 2007 1839 1837
f 2007 1837 2009
f 2009 1837 1835
f 2009 1835 2011
f 2011 1835 1833
f 2011 1833 1823
f 1823 1833 1832
f 1823 1832 1696
f 1696 1832 1694
f 1726 1725 1897
f 1897 1725 1824
f 1897 1824 2010
f 2010 1824 1903
f 2010 1903 2008
f 2008 1903 1901
f 2008 1901 2006
f 2006 1901 1899
f 2006 1899 2004
f 2004 1899 1971
f 2004 1971 2002
f 2002 1971 1960
f 2002 1960 2000
f 2000 1960 1950
f 2000 1950 1998
f 1998 1950 1934
f 1998 1934 1996
f 1996 1934 1932
f 1996 1932 1994
f 1994 1932 1930
f 1994 1930 1992
f 1992 1930 1928
f 1992 1928 1990
f 1990 1928 1926
f 1990 1926 1988
f 1988 1926 1924
f 1988 1924 1985
f 1985 1924 1922
f 1985 1922 1984
f 1984 1922 1921
f 1984 1921 1983
f 1983 1921 1935
f 1983 1935 1982
f 1982 1935 1942
f 1982 1942 1826
f 1826 1942 1951
f 1826 1951 1827
f 1827 1951 1961
f 1827 1961 1861
f 1861 1961 1972
f 1861 1972 1862
f 1862 1972 1868
f 1862 1868 1863
f 1863 1868 1869
f 1863 1869 1699
f 1175 1701 1180
f 1180 1701 1831
f 1180 1831 1181
f 1181 1831 1834
f 1181 1834 1182
f 1182 1834 1836
f 1182 1836 1183
f 1183 1836 1838
f 1183 1838 1184
f 1184 1838 1840
f 1184 1840 1185
f 1185 1840 1842
f 1185 1842 1186
f 1186 1842 1844
f 1186 1844 1187
f 1187 1844 1846
f 1187 1846 1176
f 1176 1846 1848
f 1176 1848 1177
f 1177 1848 1850
f 1177 1850 1188
f 1188 1850 1851
f 1188 1851 1189
f 1189 1851 1853
f 1189 1853 1190
f 1190 1853 1855
f 1190 1855 1191
f 1191 1855 1857
f 1191 1857 1179
f 1179 1857 1859
f 1179 1859 1178
f 1178 1859 1749
f 1746 1738 2012
f 1732 1748 2013
f 1752 2014 1802
f 1802 2014 2015
f 1802 2015 1810
f 1810 2015 2016
f 1810 2016 1803
f 1803 2016 2017
f 1803 2017 1804
f 1804 2017 2018
f 1804 2018 1811
f 1811 2018 2019
f 1811 2019 1812
f 1812 2019 2020
f 1812 2020 1806
f 1806 2020 2021
f 1806 2021 1807
f 1807 2021 2022
f 1807 2022 1808
f 1808 2022 2023
f 1808 2023 1809
f 1809 2023 2024
f 1809 2024 1813
f 1813 2024 2025
f 1813 2025 1814
f 1814 2025 2026
f 1814 2026 1815
f 1815 2026 2027
f 1815 2027 1816
f 1816 2027 2028
f 1816 2028 1817
f 1817 2028 2029
f 1817 2029 1819
f 1819 2029 2030
f 1819 2030 1818
f 1818 2030 2013
f 1818 2013 1805
f 1805 2013 1748
f 1805 1748 1753
f 1752 1751 2014
f 2014 1751 2031
f 2014 2031 2015
f 2015 2031 2032
f 2015 2032 2016
f 2016 2032 2033
f 2016 2033 2017
f 2017 2033 2034
f 2017 2034 2018
f 2018 2034 2035
f 2018 2035 2019
f 2019 2035 2036
f 2019 2036 2020
f 2020 2036 2037
f 2020 2037 2021
f 2021 2037 2038
f 2021 2038 2022
f 2022 2038 2039
f 2022 2039 2023
f 2023 2039 2040
f 2023 2040 2024
f 2024 2040 2041
f 2024 2041 2025
f 2025 2041 2042
f 2025 2042 2026
f 2026 2042 2043
f 2026 2043 2027
f 2027 2043 2044
f 2027 2044 2028
f 2028 2044 2045
f 2028 2045 2029
f 2029 2045 2046
f 2029 2046 2030
f 2030 2046 2047
f 2030 2047 2013
f 2013 2047 2048
f 2013 2048 1732
f 1732 2048 1730
f 1751 1746 2031
f 2031 1746 2012
f 2031 2012 2032
f 2032 2012 2049
f 2032 2049 2033
f 2033 2049 2050
f 2033 2050 2034
f 2034 2050 2051
f 2034 2051 2035
f 2035 2051 2052
f 2035 2052 2036
f 2036 2052 2053
f 2036 2053 2037
f 2037 2053 2054
f 2037 2054 2038
f 2038 2054 2055
f 2038 2055 2039
f 2039 2055 2056
f 2039 2056 2040
f 2040 2056 2057
f 2040 2057 2041
f 2041 2057 2058
f 2041 2058 2042
f 2042 2058 2059
f 2042 2059 2043
f 2043 2059 2060
f 2043 2060 2044
f 2044 2060 2061
f 2044 2061 2045
f 2045 2061 2062
f 2045 2062 2046
f 2046 2062 2063
f 2046 2063 2047
f 2047 2063 2064
f 2047 2064 2048
f 2048 2064 2065
f 2048 2065 1730
f 1730 2065 1728
f 1728 2065 1895
f 1895 2065 2064
f 1895 2064 1893
f 1893 2064 2063
f 1893 2063 1888
f 1888 2063 2062
f 1888 2062 1889
f 1889 2062 2061
f 1889 2061 1890
f 1890 2061 2060
f 1890 2060 1883
f 1883 2060 2059
f 1883 2059 1885
f 1885 2059 2058
f 1885 2058 1879
f 1879 2058 2057
f 1879 2057 1880
f 1880 2057 2056
f 1880 2056 1881
f 1881 2056 2055
f 1881 2055 1871
f 1871 2055 2054
f 1871 2054 1873
f 1873 2054 2053
f 1873 2053 1875
f 1875 2053 2052
f 1875 2052 1877
f 1877 2052 2051
f 1877 2051 1878
f 1878 2051 2050
f 1878 2050 1865
f 1865 2050 2049
f 1865 2049 1867
f 1867 2049 2012
f 1867 2012 1869
f 1869 2012 1738
f 1869 1738 1699
f 2066 2067 2068
f 2068 2067 2069
f 2069 2070 2068
f 2068 2070 2071
f 2068 2071 2072
f 2071 2073 2072
f 2072 2073 2074
f 2072 2074 2075
f 2075 2074 2076
f 2075 2076 2077
f 2076 2078 2077
f 2077 2078 2079
f 2077 2079 2080
f 2079 2081 2080
f 2080 2081 2082
f 2080 2082 2083
f 2083 2082 2084
f 2084 2085 2083
f 2083 2085 2086
f 2083 2086 2087
f 2086 2088 2087
f 2087 2088 2089
f 2087 2089 2090
f 2089 2091 2090
f 2090 2091 2092
f 2090 2092 2093
f 2093 2092 2094
f 2093 2094 2095
f 2095 2094 2096
f 2096 2097 2095
f 2095 2097 2098
f 2095 2098 2099
f 2099 2098 2100
f 2099 2100 2066
f 2066 2100 2101
f 2066 2101 2067
f 2102 2103 2104
f 2105 2106 2107
f 2107 2106 2108
f 2107 2108 2109
f 2110 2111 2112
f 2112 2111 2113
f 2112 2113 2114
f 2114 2113 2115
f 2114 2115 2107
f 2107 2115 2116
f 2107 2116 2105
f 2117 2118 2119
f 2119 2118 2120
f 2119 2120 2112
f 2112 2120 2121
f 2112 2121 2110
f 2109 2102 2107
f 2107 2102 2104
f 2107 2104 2122
f 2122 2104 2123
f 2122 2123 2124
f 2125 2126 2127
f 2128 2129 2130
f 2128 2130 2127
f 2127 2130 2131
f 2127 2131 2125
f 2129 2128 2132
f 2132 2128 2133
f 2132 2133 2134
f 2135 2136 2137
f 2137 2138 2135
f 2135 2138 2139
f 2135 2139 2140
f 2140 2139 2141
f 2140 2141 2142
f 2142 2141 2143
f 2142 2143 2134
f 2134 2143 2144
f 2134 2144 2132
f 2145 2146 2147
f 2147 2146 2148
f 2147 2148 2149
f 2136 2135 2149
f 2149 2135 2150
f 2149 2150 2147
f 2151 2152 2153
f 2154 2155 2147
f 2147 2155 2156
f 2147 2156 2145
f 2153 2157 2151
f 2151 2157 2155
f 2151 2155 2158
f 2158 2155 2154
f 2159 2160 2161
f 2161 2160 2162
f 2163 2164 2165
f 2165 2164 2160
f 2165 2160 2166
f 2166 2160 2159
f 2163 2167 2164
f 2164 2167 2168
f 2164 2168 2169
f 2152 2151 2169
f 2169 2151 2170
f 2169 2170 2164
f 2123 2171 2124
f 2124 2171 2172
f 2124 2172 2173
f 2174 2175 2176
f 2176 2175 2124
f 2176 2124 2177
f 2177 2124 2173
f 2178 2160 2179
f 2179 2160 2164
f 2179 2164 2180
f 2180 2164 2181
f 2181 2164 2182
f 2182 2164 2183
f 2182 2183 2184
f 2185 2186 2187
f 2187 2186 2188
f 2189 2190 2191
f 2191 2190 2192
f 2191 2192 2188
f 2188 2192 2193
f 2188 2193 2187
f 2194 2195 2196
f 2197 2198 2199
f 2199 2198 2200
f 2199 2200 2201
f 2202 2203 2204
f 2204 2203 2205
f 2204 2205 2189
f 2189 2205 2206
f 2189 2206 2190
f 2196 2195 2204
f 2204 2195 2207
f 2204 2207 2202
f 2208 2209 2210
f 2210 2209 2211
f 2210 2211 2212
f 2212 2211 2201
f 2212 2201 2213
f 2213 2201 2200
f 2197 2199 2214
f 2214 2199 2215
f 2214 2215 2216
f 2208 2217 2209
f 2209 2217 2218
f 2209 2218 2219
f 2219 2218 2220
f 2219 2220 2196
f 2196 2220 2221
f 2196 2221 2194
f 2220 2218 2222
f 2223 2224 2225
f 2226 2227 2228
f 2194 2221 2229
f 2230 2231 2232
f 2233 2234 2235
f 2217 2208 2236
f 2237 2238 2239
f 2227 2226 2240
f 2224 2223 2241
f 2242 2243 2244
f 2245 2246 2247
f 2248 2249 2250
f 2251 2252 2253
f 2254 2255 2256
f 2257 2258 2256
f 2256 2258 2259
f 2256 2259 2254
f 2260 2261 2262
f 2262 2261 2263
f 2264 2265 2261
f 2261 2265 2266
f 2261 2266 2263
f 2267 2268 2269
f 2269 2268 2270
f 2269 2270 2253
f 2253 2270 2271
f 2253 2271 2251
f 2272 2273 2274
f 2274 2273 2275
f 2275 2276 2277
f 2277 2278 2275
f 2275 2278 2279
f 2275 2279 2274
f 2274 2279 2280
f 2274 2280 2281
f 2282 2283 2276
f 2284 2285 2286
f 2286 2285 2287
f 2286 2287 2282
f 2282 2287 2288
f 2282 2288 2283
f 2289 2290 2291
f 2291 2290 2292
f 2291 2292 2293
f 2294 2295 2296
f 2296 2295 2297
f 2249 2298 2299
f 2248 2300 2301
f 2301 2300 2302
f 2302 2300 2303
f 2303 2300 2304
f 2303 2304 2305
f 2306 2304 2307
f 2307 2304 2308
f 2306 2309 2304
f 2304 2309 2310
f 2304 2310 2305
f 2311 2312 2313
f 2312 2311 2314
f 2314 2311 2315
f 2314 2315 2316
f 2317 2318 2315
f 2315 2318 2319
f 2315 2319 2316
f 2320 2321 2322
f 2323 2324 2325
f 2325 2324 2326
f 2325 2326 2327
f 2327 2326 2328
f 2327 2328 2247
f 2247 2328 2329
f 2247 2329 2245
f 2330 2331 2332
f 2332 2331 2333
f 2242 2244 2334
f 2334 2244 2335
f 2334 2335 2336
f 2336 2335 2337
f 2336 2337 2338
f 2338 2337 2339
f 2339 2337 2214
f 2339 2214 2216
f 2340 2341 2342
f 2342 2341 2343
f 2342 2343 2187
f 2187 2343 2185
f 2340 2344 2341
f 2341 2344 2345
f 2341 2345 2346
f 2346 2345 2347
f 2346 2347 2348
f 2347 2349 2348
f 2348 2349 2350
f 2348 2350 2351
f 2351 2350 2352
f 2351 2352 2353
f 2353 2352 2354
f 2353 2354 2355
f 2356 2357 2358
f 2358 2357 2359
f 2358 2359 2360
f 2359 2361 2360
f 2360 2361 2264
f 2360 2264 2362
f 2362 2264 2261
f 2362 2261 2256
f 2256 2261 2260
f 2256 2260 2257
f 2363 2364 2365
f 2364 2366 2365
f 2365 2366 2367
f 2365 2367 2368
f 2368 2369 2213
f 2213 2369 2212
f 2369 2370 2212
f 2212 2370 2371
f 2212 2371 2372
f 2372 2373 2212
f 2212 2373 2374
f 2212 2374 2210
f 2210 2374 2375
f 2210 2375 2376
f 2376 2377 2210
f 2210 2377 2378
f 2210 2378 2379
f 2379 2380 2210
f 2210 2380 2381
f 2210 2381 2382
f 2381 2383 2382
f 2382 2383 2384
f 2382 2384 2385
f 2385 2386 2382
f 2382 2386 2387
f 2382 2387 2388
f 2389 2390 2391
f 2390 2392 2391
f 2391 2392 2393
f 2391 2393 2394
f 2395 2396 2397
f 2397 2396 2398
f 2397 2398 2399
f 2231 2400 2401
f 2401 2402 2231
f 2231 2402 2403
f 2231 2403 2404
f 2404 2405 2205
f 2405 2406 2205
f 2205 2406 2407
f 2205 2407 2408
f 2409 2410 2190
f 2190 2410 2411
f 2190 2411 2192
f 2408 2412 2205
f 2205 2412 2413
f 2205 2413 2206
f 2206 2413 2414
f 2206 2414 2190
f 2190 2414 2415
f 2190 2415 2409
f 2416 2417 2230
f 2230 2417 2418
f 2230 2418 2231
f 2231 2418 2419
f 2231 2419 2400
f 2420 2421 2422
f 2422 2421 2423
f 2423 2424 2422
f 2422 2424 2425
f 2422 2425 2426
f 2365 2427 2428
f 2428 2427 2429
f 2428 2429 2430
f 2368 2213 2365
f 2365 2213 2200
f 2365 2200 2427
f 2427 2200 2198
f 2427 2198 2197
f 2243 2430 2244
f 2244 2430 2429
f 2244 2429 2335
f 2335 2429 2427
f 2335 2427 2337
f 2337 2427 2197
f 2337 2197 2214
f 2382 2239 2431
f 2431 2239 2238
f 2431 2238 2432
f 2433 2434 2435
f 2433 2435 2436
f 2436 2435 2222
f 2436 2222 2236
f 2236 2222 2218
f 2236 2218 2217
f 2433 2437 2434
f 2434 2437 2438
f 2434 2438 2439
f 2439 2438 2440
f 2439 2440 2441
f 2441 2440 2442
f 2441 2442 2443
f 2443 2442 2444
f 2443 2444 2445
f 2445 2444 2446
f 2445 2446 2447
f 2448 2449 2450
f 2450 2449 2451
f 2450 2451 2452
f 2453 2448 2454
f 2454 2448 2450
f 2454 2450 2455
f 2455 2450 2452
f 2446 2456 2447
f 2447 2456 2457
f 2447 2457 2458
f 2459 2460 2461
f 2461 2460 2458
f 2461 2458 2462
f 2462 2458 2457
f 2463 2234 2464
f 2464 2234 2233
f 2464 2233 2465
f 2425 2416 2426
f 2426 2416 2230
f 2426 2230 2466
f 2451 2466 2452
f 2452 2466 2230
f 2452 2230 2455
f 2455 2230 2232
f 2455 2232 2454
f 2454 2232 2467
f 2453 2454 2468
f 2468 2454 2467
f 2468 2467 2229
f 2229 2467 2195
f 2229 2195 2194
f 2404 2205 2231
f 2231 2205 2203
f 2231 2203 2232
f 2232 2203 2202
f 2232 2202 2467
f 2467 2202 2207
f 2467 2207 2195
f 2399 2420 2397
f 2397 2420 2422
f 2397 2422 2469
f 2469 2422 2426
f 2469 2426 2470
f 2470 2426 2466
f 2470 2466 2471
f 2471 2466 2451
f 2471 2451 2472
f 2472 2451 2449
f 2473 2397 2474
f 2474 2397 2469
f 2474 2469 2235
f 2235 2469 2470
f 2235 2470 2233
f 2233 2470 2471
f 2233 2471 2465
f 2465 2471 2472
f 2411 2395 2192
f 2192 2395 2397
f 2192 2397 2193
f 2193 2397 2473
f 2193 2473 2187
f 2298 2297 2299
f 2299 2297 2295
f 2299 2295 2291
f 2291 2295 2294
f 2291 2294 2289
f 2267 2269 2281
f 2281 2269 2475
f 2281 2475 2274
f 2274 2475 2476
f 2274 2476 2272
f 2477 2476 2478
f 2478 2476 2475
f 2478 2475 2479
f 2479 2475 2269
f 2479 2269 2480
f 2480 2269 2253
f 2480 2253 2481
f 2481 2253 2252
f 2481 2252 2482
f 2482 2252 2251
f 2356 2477 2357
f 2357 2477 2478
f 2357 2478 2359
f 2359 2478 2479
f 2359 2479 2361
f 2361 2479 2480
f 2361 2480 2264
f 2264 2480 2481
f 2264 2481 2265
f 2265 2481 2482
f 2358 2240 2356
f 2356 2240 2226
f 2356 2226 2477
f 2477 2226 2228
f 2477 2228 2476
f 2476 2228 2483
f 2476 2483 2272
f 2272 2483 2484
f 2272 2484 2273
f 2273 2484 2485
f 2273 2485 2275
f 2275 2485 2486
f 2275 2486 2276
f 2276 2486 2487
f 2276 2487 2282
f 2488 2489 2490
f 2490 2489 2491
f 2490 2491 2492
f 2492 2491 2493
f 2492 2493 2494
f 2494 2493 2495
f 2494 2495 2496
f 2496 2495 2497
f 2496 2497 2498
f 2498 2497 2499
f 2498 2499 2500
f 2500 2499 2501
f 2500 2501 2502
f 2502 2501 2503
f 2502 2503 2504
f 2504 2503 2505
f 2240 2241 2227
f 2227 2241 2223
f 2227 2223 2228
f 2228 2223 2225
f 2228 2225 2483
f 2483 2225 2506
f 2483 2506 2484
f 2484 2506 2507
f 2484 2507 2485
f 2485 2507 2508
f 2485 2508 2486
f 2486 2508 2509
f 2486 2509 2487
f 2487 2509 2510
f 2487 2510 2282
f 2282 2510 2511
f 2282 2511 2286
f 2286 2511 2512
f 2286 2512 2284
f 2284 2512 2293
f 2284 2293 2513
f 2513 2293 2292
f 2488 2514 2515
f 2187 2473 2342
f 2342 2473 2474
f 2342 2474 2340
f 2340 2474 2235
f 2340 2235 2344
f 2344 2235 2234
f 2344 2234 2345
f 2345 2234 2463
f 2345 2463 2347
f 2347 2463 2516
f 2347 2516 2349
f 2349 2516 2517
f 2349 2517 2350
f 2350 2517 2515
f 2350 2515 2352
f 2352 2515 2514
f 2352 2514 2354
f 2354 2514 2518
f 2354 2518 2355
f 2489 2459 2491
f 2491 2459 2461
f 2491 2461 2493
f 2493 2461 2462
f 2493 2462 2495
f 2495 2462 2457
f 2495 2457 2497
f 2497 2457 2456
f 2497 2456 2499
f 2499 2456 2446
f 2499 2446 2501
f 2501 2446 2444
f 2501 2444 2503
f 2503 2444 2442
f 2503 2442 2505
f 2505 2442 2440
f 2321 2320 2323
f 2323 2320 2519
f 2323 2519 2324
f 2324 2519 2520
f 2324 2520 2326
f 2326 2520 2521
f 2326 2521 2328
f 2322 2318 2320
f 2320 2318 2317
f 2320 2317 2519
f 2519 2317 2522
f 2519 2522 2520
f 2520 2522 2523
f 2520 2523 2521
f 2388 2389 2382
f 2382 2389 2391
f 2382 2391 2239
f 2239 2391 2524
f 2239 2524 2237
f 2237 2524 2525
f 2237 2525 2526
f 2526 2525 2527
f 2526 2527 2528
f 2528 2527 2332
f 2528 2332 2529
f 2529 2332 2333
f 2529 2333 2530
f 2394 2363 2391
f 2391 2363 2365
f 2391 2365 2524
f 2524 2365 2428
f 2524 2428 2525
f 2525 2428 2430
f 2525 2430 2527
f 2527 2430 2243
f 2527 2243 2332
f 2332 2243 2242
f 2332 2242 2330
f 2313 2307 2311
f 2311 2307 2308
f 2311 2308 2315
f 2315 2308 2531
f 2315 2531 2317
f 2317 2531 2532
f 2317 2532 2522
f 2522 2532 2533
f 2522 2533 2523
f 2248 2250 2300
f 2300 2250 2534
f 2300 2534 2304
f 2304 2534 2535
f 2304 2535 2308
f 2308 2535 2536
f 2308 2536 2531
f 2531 2536 2537
f 2531 2537 2532
f 2249 2299 2250
f 2250 2299 2538
f 2250 2538 2534
f 2534 2538 2539
f 2534 2539 2535
f 2535 2539 2540
f 2535 2540 2536
f 2536 2540 2432
f 2536 2432 2537
f 2537 2432 2238
f 2537 2238 2532
f 2532 2238 2237
f 2532 2237 2533
f 2533 2237 2526
f 2533 2526 2523
f 2523 2526 2528
f 2523 2528 2521
f 2521 2528 2529
f 2521 2529 2328
f 2328 2529 2530
f 2328 2530 2329
f 2488 2515 2489
f 2489 2515 2517
f 2489 2517 2459
f 2459 2517 2516
f 2459 2516 2460
f 2460 2516 2463
f 2460 2463 2458
f 2458 2463 2464
f 2458 2464 2447
f 2447 2464 2465
f 2447 2465 2445
f 2445 2465 2472
f 2445 2472 2443
f 2443 2472 2449
f 2443 2449 2441
f 2441 2449 2448
f 2441 2448 2439
f 2439 2448 2453
f 2439 2453 2434
f 2434 2453 2468
f 2434 2468 2435
f 2435 2468 2229
f 2435 2229 2222
f 2222 2229 2221
f 2222 2221 2220
f 2241 2355 2224
f 2224 2355 2518
f 2224 2518 2225
f 2225 2518 2514
f 2225 2514 2506
f 2506 2514 2488
f 2506 2488 2507
f 2507 2488 2490
f 2507 2490 2508
f 2508 2490 2492
f 2508 2492 2509
f 2509 2492 2494
f 2509 2494 2510
f 2510 2494 2496
f 2510 2496 2511
f 2511 2496 2498
f 2511 2498 2512
f 2512 2498 2500
f 2512 2500 2293
f 2293 2500 2502
f 2293 2502 2291
f 2291 2502 2504
f 2291 2504 2299
f 2299 2504 2505
f 2299 2505 2538
f 2538 2505 2440
f 2538 2440 2539
f 2539 2440 2438
f 2539 2438 2540
f 2540 2438 2437
f 2540 2437 2432
f 2432 2437 2433
f 2432 2433 2431
f 2431 2433 2436
f 2431 2436 2382
f 2382 2436 2236
f 2382 2236 2210
f 2210 2236 2208
f 2541 2542 2543
f 2544 2126 2545
f 2545 2126 2546
f 2545 2547 2544
f 2544 2547 2548
f 2544 2548 2549
f 2549 2548 2550
f 2549 2550 2551
f 2550 2552 2551
f 2551 2552 2553
f 2551 2553 2554
f 2554 2553 2555
f 2554 2555 2556
f 2555 2557 2556
f 2556 2557 2558
f 2556 2558 2559
f 2558 2560 2559
f 2559 2560 2561
f 2559 2561 2562
f 2562 2561 2563
f 2562 2563 2564
f 2565 2566 2567
f 2246 2568 2247
f 2247 2568 2569
f 2247 2569 2327
f 2327 2569 2570
f 2327 2570 2325
f 2325 2570 2571
f 2325 2571 2323
f 2323 2571 2572
f 2323 2572 2321
f 2321 2572 2573
f 2321 2573 2322
f 2322 2573 2574
f 2322 2574 2318
f 2563 2575 2564
f 2564 2575 2576
f 2564 2576 2117
f 2117 2576 2577
f 2117 2577 2118
f 2118 2577 2578
f 2118 2578 2120
f 2120 2578 2579
f 2120 2579 2121
f 2121 2579 2580
f 2121 2580 2110
f 2110 2580 2581
f 2110 2581 2111
f 2111 2581 2582
f 2111 2582 2113
f 2113 2582 2583
f 2113 2583 2115
f 2115 2583 2584
f 2115 2584 2116
f 2116 2584 2585
f 2116 2585 2105
f 2105 2585 2586
f 2105 2586 2106
f 2106 2586 2587
f 2106 2587 2108
f 2108 2587 2588
f 2108 2588 2109
f 2109 2588 2567
f 2109 2567 2102
f 2102 2567 2566
f 2102 2566 2103
f 2318 2574 2319
f 2319 2574 2589
f 2319 2589 2316
f 2316 2589 2590
f 2316 2590 2314
f 2314 2590 2591
f 2314 2591 2312
f 2312 2591 2592
f 2312 2592 2313
f 2313 2592 2593
f 2313 2593 2307
f 2307 2593 2594
f 2307 2594 2306
f 2306 2594 2595
f 2306 2595 2309
f 2126 2125 2546
f 2546 2125 2131
f 2546 2131 2596
f 2596 2131 2130
f 2596 2130 2597
f 2597 2130 2129
f 2597 2129 2598
f 2598 2129 2132
f 2598 2132 2599
f 2599 2132 2144
f 2599 2144 2600
f 2600 2144 2143
f 2600 2143 2601
f 2143 2141 2601
f 2601 2141 2139
f 2601 2139 2602
f 2602 2139 2138
f 2602 2138 2603
f 2603 2138 2137
f 2603 2137 2604
f 2604 2137 2136
f 2604 2136 2605
f 2309 2595 2310
f 2310 2595 2606
f 2310 2606 2305
f 2305 2606 2607
f 2305 2607 2303
f 2303 2607 2608
f 2303 2608 2302
f 2302 2608 2609
f 2302 2609 2301
f 2301 2609 2610
f 2301 2610 2248
f 2248 2610 2611
f 2248 2611 2249
f 2249 2611 2612
f 2249 2612 2298
f 2298 2612 2613
f 2298 2613 2297
f 2297 2613 2614
f 2297 2614 2296
f 2296 2614 2615
f 2296 2615 2294
f 2294 2615 2616
f 2294 2616 2289
f 2289 2616 2617
f 2289 2617 2290
f 2290 2617 2618
f 2290 2618 2292
f 2292 2618 2619
f 2292 2619 2513
f 2513 2619 2620
f 2513 2620 2284
f 2284 2620 2621
f 2284 2621 2285
f 2285 2621 2622
f 2285 2622 2287
f 2287 2622 2623
f 2287 2623 2288
f 2288 2623 2624
f 2288 2624 2283
f 2283 2624 2625
f 2283 2625 2276
f 2276 2625 2626
f 2276 2626 2277
f 2277 2626 2627
f 2277 2627 2278
f 2278 2627 2628
f 2278 2628 2279
f 2279 2628 2629
f 2279 2629 2280
f 2280 2629 2281
f 2281 2629 2630
f 2281 2630 2267
f 2136 2149 2605
f 2605 2149 2148
f 2605 2148 2631
f 2631 2148 2146
f 2631 2146 2632
f 2632 2146 2145
f 2632 2145 2633
f 2633 2145 2156
f 2633 2156 2634
f 2156 2155 2634
f 2634 2155 2157
f 2634 2157 2635
f 2635 2157 2153
f 2635 2153 2636
f 2636 2153 2152
f 2636 2152 2637
f 2152 2169 2637
f 2637 2169 2168
f 2637 2168 2638
f 2638 2168 2167
f 2638 2167 2639
f 2639 2167 2163
f 2639 2163 2640
f 2640 2163 2165
f 2640 2165 2641
f 2641 2165 2166
f 2641 2166 2642
f 2642 2166 2159
f 2642 2159 2643
f 2643 2159 2161
f 2643 2161 2644
f 2644 2161 2162
f 2162 2645 2644
f 2644 2645 2646
f 2644 2646 2643
f 2643 2646 2647
f 2643 2647 2642
f 2642 2647 2648
f 2642 2648 2641
f 2641 2648 2649
f 2641 2649 2640
f 2640 2649 2650
f 2640 2650 2639
f 2639 2650 2651
f 2639 2651 2638
f 2638 2651 2652
f 2638 2652 2637
f 2637 2652 2653
f 2637 2653 2636
f 2636 2653 2654
f 2636 2654 2635
f 2635 2654 2655
f 2635 2655 2634
f 2634 2655 2656
f 2634 2656 2633
f 2633 2656 2657
f 2633 2657 2632
f 2632 2657 2658
f 2632 2658 2631
f 2631 2658 2659
f 2631 2659 2605
f 2605 2659 2660
f 2605 2660 2604
f 2604 2660 2661
f 2604 2661 2603
f 2603 2661 2662
f 2603 2662 2602
f 2602 2662 2663
f 2602 2663 2601
f 2601 2663 2664
f 2601 2664 2600
f 2600 2664 2665
f 2600 2665 2599
f 2599 2665 2666
f 2599 2666 2598
f 2598 2666 2667
f 2598 2667 2597
f 2597 2667 2668
f 2597 2668 2596
f 2596 2668 2669
f 2596 2669 2546
f 2546 2669 2670
f 2546 2670 2545
f 2545 2670 2671
f 2545 2671 2547
f 2547 2671 2672
f 2547 2672 2548
f 2548 2672 2673
f 2548 2673 2550
f 2550 2673 2674
f 2550 2674 2552
f 2552 2674 2675
f 2552 2675 2553
f 2553 2675 2676
f 2553 2676 2555
f 2555 2676 2677
f 2555 2677 2557
f 2557 2677 2678
f 2557 2678 2558
f 2558 2678 2679
f 2558 2679 2560
f 2560 2679 2680
f 2560 2680 2561
f 2561 2680 2681
f 2561 2681 2563
f 2563 2681 2682
f 2563 2682 2575
f 2575 2682 2683
f 2575 2683 2576
f 2576 2683 2684
f 2576 2684 2577
f 2577 2684 2685
f 2577 2685 2578
f 2578 2685 2686
f 2578 2686 2579
f 2579 2686 2687
f 2579 2687 2580
f 2580 2687 2688
f 2580 2688 2581
f 2581 2688 2689
f 2581 2689 2582
f 2582 2689 2690
f 2582 2690 2583
f 2583 2690 2691
f 2583 2691 2584
f 2584 2691 2692
f 2584 2692 2585
f 2585 2692 2693
f 2585 2693 2586
f 2586 2693 2694
f 2586 2694 2587
f 2587 2694 2695
f 2587 2695 2588
f 2588 2695 2696
f 2588 2696 2567
f 2567 2696 2697
f 2567 2697 2565
f 2565 2697 2698
f 2645 2541 2646
f 2646 2541 2543
f 2646 2543 2647
f 2647 2543 2699
f 2647 2699 2648
f 2648 2699 2700
f 2648 2700 2649
f 2649 2700 2701
f 2649 2701 2650
f 2650 2701 2702
f 2650 2702 2651
f 2651 2702 2703
f 2651 2703 2652
f 2652 2703 2704
f 2652 2704 2653
f 2653 2704 2705
f 2653 2705 2654
f 2654 2705 2706
f 2654 2706 2655
f 2655 2706 2707
f 2655 2707 2656
f 2656 2707 2708
f 2656 2708 2657
f 2657 2708 2709
f 2657 2709 2658
f 2658 2709 2710
f 2658 2710 2659
f 2659 2710 2630
f 2659 2630 2660
f 2660 2630 2629
f 2660 2629 2661
f 2661 2629 2628
f 2661 2628 2662
f 2662 2628 2627
f 2662 2627 2663
f 2663 2627 2626
f 2663 2626 2664
f 2664 2626 2625
f 2664 2625 2665
f 2665 2625 2624
f 2665 2624 2666
f 2666 2624 2623
f 2666 2623 2667
f 2667 2623 2622
f 2667 2622 2668
f 2668 2622 2621
f 2668 2621 2669
f 2669 2621 2620
f 2669 2620 2670
f 2670 2620 2619
f 2670 2619 2671
f 2671 2619 2618
f 2671 2618 2672
f 2672 2618 2617
f 2672 2617 2673
f 2673 2617 2616
f 2673 2616 2674
f 2674 2616 2615
f 2674 2615 2675
f 2675 2615 2614
f 2675 2614 2676
f 2676 2614 2613
f 2676 2613 2677
f 2677 2613 2612
f 2677 2612 2678
f 2678 2612 2611
f 2678 2611 2679
f 2679 2611 2610
f 2679 2610 2680
f 2680 2610 2609
f 2680 2609 2681
f 2681 2609 2608
f 2681 2608 2682
f 2682 2608 2607
f 2682 2607 2683
f 2683 2607 2606
f 2683 2606 2684
f 2684 2606 2595
f 2684 2595 2685
f 2685 2595 2594
f 2685 2594 2686
f 2686 2594 2593
f 2686 2593 2687
f 2687 2593 2592
f 2687 2592 2688
f 2688 2592 2591
f 2688 2591 2689
f 2689 2591 2590
f 2689 2590 2690
f 2690 2590 2589
f 2690 2589 2691
f 2691 2589 2574
f 2691 2574 2692
f 2692 2574 2573
f 2692 2573 2693
f 2693 2573 2572
f 2693 2572 2694
f 2694 2572 2571
f 2694 2571 2695
f 2695 2571 2570
f 2695 2570 2696
f 2696 2570 2569
f 2696 2569 2697
f 2697 2569 2568
f 2697 2568 2698
f 2698 2568 2246
f 2267 2630 2268
f 2268 2630 2710
f 2268 2710 2270
f 2270 2710 2709
f 2270 2709 2271
f 2271 2709 2708
f 2271 2708 2251
f 2251 2708 2707
f 2251 2707 2482
f 2482 2707 2706
f 2482 2706 2265
f 2265 2706 2705
f 2265 2705 2266
f 2266 2705 2704
f 2266 2704 2263
f 2263 2704 2703
f 2263 2703 2262
f 2262 2703 2702
f 2262 2702 2260
f 2260 2702 2701
f 2260 2701 2257
f 2257 2701 2700
f 2257 2700 2258
f 2258 2700 2699
f 2258 2699 2259
f 2259 2699 2543
f 2259 2543 2254
f 2254 2543 2542
f 2254 2542 2255
f 2172 2171 2179
f 2179 2171 2178
f 2711 2712 2713
f 2714 2715 2211
f 2211 2715 2716
f 2211 2716 2201
f 2201 2716 2717
f 2717 2718 2201
f 2201 2718 2719
f 2201 2719 2720
f 2711 2713 2721
f 2712 2722 2713
f 2713 2722 2723
f 2713 2723 2724
f 2724 2723 2725
f 2724 2725 2726
f 2726 2727 2724
f 2724 2727 2728
f 2724 2728 2729
f 2729 2728 2730
f 2731 2732 2209
f 2209 2732 2733
f 2209 2733 2211
f 2211 2733 2734
f 2211 2734 2714
f 2735 2736 2737
f 2737 2736 2738
f 2737 2738 2739
f 2739 2738 2740
f 2740 2741 2739
f 2739 2741 2742
f 2739 2742 2743
f 2744 2191 2745
f 2745 2191 2746
f 2744 2747 2191
f 2191 2747 2748
f 2191 2748 2189
f 2189 2748 2749
f 2189 2749 2750
f 2750 2751 2189
f 2189 2751 2752
f 2189 2752 2204
f 2204 2752 2753
f 2754 2755 2756
f 2756 2755 2757
f 2756 2757 2737
f 2737 2757 2758
f 2737 2758 2735
f 2759 2215 2760
f 2760 2215 2199
f 2760 2199 2713
f 2713 2199 2201
f 2713 2201 2721
f 2721 2201 2720
f 2730 2731 2729
f 2729 2731 2209
f 2729 2209 2761
f 2761 2209 2219
f 2761 2219 2762
f 2762 2219 2196
f 2762 2196 2756
f 2756 2196 2204
f 2756 2204 2754
f 2754 2204 2753
f 2743 2746 2739
f 2739 2746 2191
f 2739 2191 2763
f 2763 2191 2188
f 2763 2188 2764
f 2764 2188 2186
f 2763 2764 2765
f 2762 2766 2761
f 2761 2766 2767
f 2761 2767 2729
f 2729 2767 2768
f 2729 2768 2724
f 2769 2759 2770
f 2770 2759 2760
f 2765 2771 2763
f 2763 2771 2772
f 2763 2772 2739
f 2739 2772 2773
f 2739 2773 2737
f 2773 2774 2737
f 2737 2774 2775
f 2737 2775 2756
f 2756 2775 2776
f 2756 2776 2762
f 2762 2776 2777
f 2762 2777 2766
f 2768 2778 2724
f 2724 2778 2779
f 2724 2779 2713
f 2713 2779 2780
f 2713 2780 2760
f 2760 2780 2781
f 2760 2781 2770
f 2175 2174 2782
f 2782 2174 2783
f 2782 2783 2784
f 2784 2783 2785
f 2785 2783 2786
f 2785 2786 2787
f 2788 2789 2790
f 2788 2790 2786
f 2786 2790 2791
f 2786 2791 2787
f 2789 2788 2792
f 2792 2788 2793
f 2792 2793 2794
f 2795 2796 2797
f 2795 2797 2798
f 2797 2799 2798
f 2798 2799 2800
f 2798 2800 2793
f 2793 2800 2801
f 2793 2801 2794
f 2796 2795 2802
f 2802 2795 2803
f 2802 2803 2804
f 2805 2806 2807
f 2805 2807 2803
f 2803 2807 2808
f 2803 2808 2804
f 2806 2805 2809
f 2809 2805 2810
f 2809 2810 2811
f 2812 2813 2814
f 2812 2814 2815
f 2814 2816 2815
f 2815 2816 2817
f 2815 2817 2810
f 2810 2817 2818
f 2810 2818 2811
f 2813 2812 2819
f 2819 2812 2820
f 2819 2820 2821
f 2184 2183 2820
f 2820 2183 2822
f 2820 2822 2821
f 2823 2824 2825
f 2825 2824 2826
f 2825 2826 2827
f 2828 2829 2830
f 2830 2829 2831
f 2830 2831 2823
f 2823 2831 2832
f 2823 2832 2824
f 2833 2834 2835
f 2835 2834 2836
f 2835 2836 2837
f 2838 2839 2840
f 2840 2839 2841
f 2840 2841 2828
f 2828 2841 2842
f 2828 2842 2829
f 2843 2844 2845
f 2846 2847 2848
f 2848 2847 2849
f 2848 2849 2850
f 2851 2846 2852
f 2853 2854 2855
f 2855 2854 2856
f 2855 2856 2833
f 2833 2856 2857
f 2833 2857 2834
f 2858 2859 2853
f 2853 2859 2860
f 2853 2860 2854
f 2861 2845 2862
f 2862 2845 2863
f 2862 2863 2864
f 2863 2865 2864
f 2864 2865 2866
f 2864 2866 2867
f 2867 2866 2837
f 2867 2837 2868
f 2868 2837 2836
f 2869 2870 2846
f 2846 2870 2871
f 2846 2871 2852
f 2826 2872 2827
f 2827 2872 2873
f 2827 2873 2874
f 2874 2873 2851
f 2874 2851 2875
f 2875 2851 2852
f 2849 2876 2850
f 2850 2876 2877
f 2850 2877 2878
f 2878 2877 2879
f 2878 2879 2880
f 2880 2879 2881
f 2880 2881 2882
f 2882 2881 2883
f 2882 2883 2884
f 2884 2883 2885
f 2884 2885 2886
f 2886 2885 2887
f 2886 2887 2888
f 2888 2887 2889
f 2888 2889 2890
f 2890 2889 2891
f 2890 2891 2858
f 2858 2891 2892
f 2858 2892 2859
f 2893 2894 2895
f 2895 2894 2896
f 2895 2896 2838
f 2838 2896 2897
f 2838 2897 2839
f 2846 2848 2869
f 2869 2848 2898
f 2869 2898 2899
f 2900 2901 2893
f 2893 2901 2902
f 2893 2902 2894
f 2900 2903 2901
f 2901 2903 2904
f 2901 2904 2905
f 2861 2906 2845
f 2845 2906 2901
f 2845 2901 2843
f 2843 2901 2905
f 2899 2907 2869
f 2869 2907 2908
f 2869 2908 2909
f 2909 2908 2910
f 2909 2910 2911
f 2911 2910 2845
f 2911 2845 2912
f 2912 2845 2844
f 2913 2803 2795
f 2913 2795 2914
f 2803 2913 2805
f 2805 2913 2915
f 2805 2915 2810
f 2810 2915 2916
f 2810 2916 2815
f 2917 2176 2918
f 2918 2176 2182
f 2918 2182 2919
f 2917 2920 2176
f 2176 2920 2921
f 2176 2921 2174
f 2174 2921 2922
f 2174 2922 2783
f 2783 2922 2923
f 2795 2798 2914
f 2914 2798 2793
f 2914 2793 2924
f 2924 2793 2788
f 2924 2788 2923
f 2923 2788 2786
f 2923 2786 2783
f 2815 2916 2812
f 2812 2916 2925
f 2812 2925 2820
f 2820 2925 2184
f 2184 2925 2926
f 2184 2926 2182
f 2182 2926 2927
f 2182 2927 2919
f 2928 2929 2930
f 2931 2164 2170
f 2932 2931 2933
f 2933 2931 2170
f 2933 2170 2934
f 2934 2170 2151
f 2151 2158 2934
f 2934 2158 2154
f 2934 2154 2935
f 2935 2154 2147
f 2935 2147 2936
f 2936 2147 2150
f 2936 2150 2937
f 2937 2150 2135
f 2135 2140 2937
f 2937 2140 2142
f 2937 2142 2938
f 2938 2142 2134
f 2938 2134 2939
f 2939 2134 2133
f 2939 2133 2940
f 2940 2133 2128
f 2940 2128 2127
f 2941 2942 2943
f 2943 2942 2932
f 2127 2126 2940
f 2940 2126 2944
f 2940 2944 2945
f 2932 2933 2943
f 2943 2933 2934
f 2943 2934 2946
f 2946 2934 2935
f 2946 2935 2947
f 2947 2935 2936
f 2947 2936 2948
f 2948 2936 2937
f 2948 2937 2949
f 2949 2937 2938
f 2949 2938 2950
f 2950 2938 2939
f 2950 2939 2951
f 2951 2939 2940
f 2951 2940 2928
f 2928 2940 2945
f 2928 2945 2929
f 2952 2953 2941
f 2941 2943 2952
f 2952 2943 2946
f 2952 2946 2954
f 2954 2946 2947
f 2954 2947 2955
f 2955 2947 2948
f 2955 2948 2956
f 2956 2948 2949
f 2956 2949 2957
f 2957 2949 2950
f 2957 2950 2958
f 2958 2950 2951
f 2958 2951 2959
f 2959 2951 2928
f 2959 2928 2960
f 2960 2928 2930
f 2960 2930 2887
f 2887 2885 2960
f 2960 2885 2883
f 2960 2883 2959
f 2959 2883 2881
f 2959 2881 2958
f 2958 2881 2879
f 2958 2879 2957
f 2957 2879 2877
f 2957 2877 2956
f 2956 2877 2876
f 2956 2876 2955
f 2955 2876 2849
f 2955 2849 2954
f 2954 2849 2847
f 2954 2847 2952
f 2952 2847 2846
f 2952 2846 2953
f 2183 2164 2961
f 2961 2164 2931
f 2961 2931 2962
f 2962 2931 2932
f 2962 2932 2963
f 2963 2932 2942
f 2963 2942 2964
f 2964 2942 2941
f 2964 2941 2965
f 2965 2941 2953
f 2965 2953 2851
f 2851 2953 2846
f 2944 2126 2544
f 2930 2929 2966
f 2966 2929 2945
f 2966 2945 2944
f 2887 2930 2967
f 2944 2544 2966
f 2966 2544 2549
f 2966 2549 2968
f 2968 2549 2551
f 2968 2551 2969
f 2969 2551 2554
f 2969 2554 2970
f 2970 2554 2556
f 2970 2556 2971
f 2971 2556 2559
f 2971 2559 2972
f 2972 2559 2562
f 2972 2562 2973
f 2973 2562 2564
f 2973 2564 2974
f 2564 2117 2975
f 2564 2975 2974
f 2974 2975 2976
f 2974 2976 2977
f 2930 2966 2967
f 2967 2966 2968
f 2967 2968 2978
f 2978 2968 2969
f 2978 2969 2979
f 2979 2969 2970
f 2979 2970 2980
f 2980 2970 2971
f 2980 2971 2981
f 2981 2971 2972
f 2981 2972 2982
f 2982 2972 2973
f 2982 2973 2983
f 2983 2973 2974
f 2983 2974 2984
f 2984 2974 2977
f 2984 2977 2985
f 2887 2967 2889
f 2889 2967 2978
f 2889 2978 2891
f 2891 2978 2979
f 2891 2979 2892
f 2892 2979 2980
f 2892 2980 2859
f 2859 2980 2981
f 2859 2981 2860
f 2860 2981 2982
f 2860 2982 2854
f 2854 2982 2983
f 2854 2983 2856
f 2856 2983 2984
f 2856 2984 2857
f 2857 2984 2985
f 2857 2985 2834
f 2986 2987 2988
f 2989 2822 2183
f 2987 2175 2782
f 2987 2782 2988
f 2988 2782 2784
f 2988 2784 2990
f 2784 2785 2990
f 2990 2785 2787
f 2990 2787 2991
f 2787 2791 2991
f 2991 2791 2790
f 2991 2790 2992
f 2992 2790 2789
f 2992 2789 2993
f 2993 2789 2792
f 2993 2792 2994
f 2994 2792 2794
f 2794 2801 2994
f 2994 2801 2800
f 2994 2800 2995
f 2800 2799 2995
f 2995 2799 2797
f 2995 2797 2996
f 2996 2797 2796
f 2996 2796 2997
f 2997 2796 2802
f 2997 2802 2998
f 2998 2802 2804
f 2804 2808 2998
f 2998 2808 2807
f 2998 2807 2999
f 2999 2807 2806
f 2999 2806 3000
f 2806 2809 3000
f 3000 2809 2811
f 3000 2811 3001
f 2811 2818 3001
f 3001 2818 2817
f 3001 2817 3002
f 2817 2816 3002
f 3002 2816 2814
f 3002 2814 3003
f 3003 2814 2813
f 3003 2813 3004
f 3004 2813 2819
f 3004 2819 2989
f 2989 2819 2821
f 2989 2821 2822
f 3005 3006 3007
f 3007 3006 2986
f 2986 2988 3007
f 3007 2988 2990
f 3007 2990 3008
f 3008 2990 2991
f 3008 2991 3009
f 3009 2991 2992
f 3009 2992 3010
f 3010 2992 2993
f 3010 2993 3011
f 3011 2993 2994
f 3011 2994 3012
f 3012 2994 2995
f 3012 2995 3013
f 3013 2995 2996
f 3013 2996 3014
f 3014 2996 2997
f 3014 2997 3015
f 3015 2997 2998
f 3015 2998 3016
f 3016 2998 2999
f 3016 2999 3017
f 3017 2999 3000
f 3017 3000 3018
f 3018 3000 3001
f 3018 3001 3019
f 3019 3001 3002
f 3019 3002 3020
f 3020 3002 3003
f 3020 3003 3021
f 3021 3003 3004
f 3021 3004 3022
f 3022 3004 2989
f 3022 2989 3023
f 2862 3024 3025
f 3025 3024 3005
f 2183 2961 2989
f 2989 2961 2962
f 2989 2962 3023
f 3023 2962 2963
f 3023 2963 2964
f 3005 3007 3025
f 3025 3007 3008
f 3025 3008 3026
f 3026 3008 3009
f 3026 3009 3027
f 3027 3009 3010
f 3027 3010 3028
f 3028 3010 3011
f 3028 3011 3029
f 3029 3011 3012
f 3029 3012 3030
f 3030 3012 3013
f 3030 3013 3031
f 3031 3013 3014
f 3031 3014 3032
f 3032 3014 3015
f 3032 3015 3033
f 3033 3015 3016
f 3033 3016 3034
f 3034 3016 3017
f 3034 3017 3035
f 3035 3017 3018
f 3035 3018 3036
f 3036 3018 3019
f 3036 3019 3037
f 3037 3019 3020
f 3037 3020 3038
f 3038 3020 3021
f 3038 3021 3039
f 3039 3021 3022
f 3039 3022 3040
f 3040 3022 3023
f 3040 3023 3041
f 3041 3023 2964
f 3041 2964 2965
f 2862 3025 2861
f 2861 3025 3026
f 2861 3026 2906
f 2906 3026 3027
f 2906 3027 2901
f 2901 3027 3028
f 2901 3028 2902
f 2902 3028 3029
f 2902 3029 2894
f 2894 3029 3030
f 2894 3030 2896
f 2896 3030 3031
f 2896 3031 2897
f 2897 3031 3032
f 2897 3032 2839
f 2839 3032 3033
f 2839 3033 2841
f 2841 3033 3034
f 2841 3034 2842
f 2842 3034 3035
f 2842 3035 2829
f 2829 3035 3036
f 2829 3036 2831
f 2831 3036 3037
f 2831 3037 2832
f 2832 3037 3038
f 2832 3038 2824
f 2824 3038 3039
f 2824 3039 2826
f 2826 3039 3040
f 2826 3040 2872
f 2872 3040 3041
f 2872 3041 2873
f 2873 3041 2965
f 2873 2965 2851
f 2976 2975 3042
f 3043 2122 2124
f 2975 2117 2119
f 2975 2119 3042
f 3042 2119 2112
f 3042 2112 3044
f 3044 2112 2114
f 3044 2114 3043
f 3043 2114 2107
f 3043 2107 2122
f 3045 2977 2976
f 2976 3042 3045
f 3045 3042 3044
f 3045 3044 3046
f 3046 3044 3043
f 3046 3043 3047
f 3048 2985 2977
f 2124 3049 3043
f 3043 3049 3050
f 3043 3050 3047
f 3047 3050 3051
f 3047 3051 3052
f 2977 3045 3048
f 3048 3045 3046
f 3048 3046 3053
f 3053 3046 3047
f 3053 3047 3054
f 3054 3047 3052
f 3054 3052 3055
f 2836 2834 2985
f 2985 3048 2836
f 2836 3048 3053
f 2836 3053 2868
f 2868 3053 3054
f 2868 3054 2867
f 2867 3054 3055
f 2867 3055 2864
f 2124 2175 3049
f 3049 2175 2987
f 3049 2987 3050
f 3050 2987 2986
f 3050 2986 3051
f 3051 2986 3006
f 3051 3006 3052
f 3052 3006 3005
f 3052 3005 3055
f 3055 3005 3024
f 3055 3024 2864
f 2864 3024 2862
f 2186 2185 2343
f 2759 2242 2334
f 2186 2343 2764
f 2334 2336 2759
f 2759 2336 2338
f 2759 2338 2215
f 2215 2338 2339
f 2215 2339 2216
f 3056 3057 3058
f 3059 3060 3061
f 2362 3062 3063
f 3064 3065 3066
f 2104 3067 2123
f 2123 3067 3068
f 2123 3068 2171
f 3069 3070 3071
f 3071 3072 3069
f 3069 3072 3073
f 3069 3073 3060
f 3060 3073 3074
f 3060 3074 3061
f 2353 3075 3058
f 3059 3061 3076
f 3076 3061 3077
f 3076 3077 3078
f 3078 3077 3079
f 3078 3079 3080
f 3066 3081 3064
f 3064 3081 3082
f 3064 3082 3083
f 3064 3084 3085
f 3065 2530 2333
f 2104 2103 3067
f 3067 2103 2566
f 3067 2566 3086
f 3086 2566 2565
f 2565 2698 3086
f 3086 2698 2246
f 3086 2246 3064
f 3064 2246 2245
f 3064 2245 3065
f 3065 2245 2329
f 3065 2329 2530
f 2542 3087 2255
f 2255 3087 3062
f 2255 3062 2256
f 2256 3062 2362
f 2542 2541 3087
f 3087 2541 2645
f 3087 2645 2162
f 2353 2355 3075
f 3075 2355 2241
f 3075 2241 3088
f 3088 2241 2240
f 3088 2240 3089
f 3089 2240 2358
f 3089 2358 3063
f 3063 2358 2360
f 3063 2360 2362
f 3058 3057 2353
f 2353 3057 3090
f 2353 3090 3091
f 3083 3092 3064
f 3064 3092 3093
f 3064 3093 3084
f 3085 3094 3064
f 3064 3094 3095
f 3064 3095 3079
f 3079 3095 3096
f 3079 3096 3080
f 3070 3097 3071
f 3071 3097 2171
f 3071 2171 3098
f 3098 2171 3068
f 3058 3099 3056
f 3056 3099 3100
f 3056 3100 3101
f 3101 3100 3102
f 3101 3102 3103
f 3103 3102 3104
f 3103 3104 3105
f 3105 3104 3106
f 3105 3106 2178
f 2178 3106 3087
f 2178 3087 2160
f 2160 3087 2162
f 2333 2331 3065
f 3065 2331 2330
f 3065 2330 2242
f 3091 3107 2353
f 2353 3107 3108
f 2353 3108 2351
f 2351 3108 3109
f 2351 3109 2348
f 2348 3109 3110
f 2348 3110 2346
f 2346 3110 3111
f 2346 3111 3112
f 3097 3113 2171
f 2171 3113 3114
f 2171 3114 2178
f 2178 3114 3115
f 2178 3115 3105
f 2343 2341 2764
f 2764 2341 2346
f 2764 2346 2765
f 2765 2346 3112
f 2242 2759 3065
f 3065 2759 2769
f 3065 2769 3116
f 3117 3118 2922
f 2922 3118 3119
f 2922 3119 2923
f 2923 3119 3120
f 2923 3120 2924
f 2924 3120 3121
f 2924 3121 2914
f 2914 3121 3122
f 2914 3122 2913
f 2913 3122 3123
f 2913 3123 2915
f 2915 3123 3124
f 2915 3124 2916
f 2916 3124 3125
f 2916 3125 2925
f 2925 3125 3126
f 2925 3126 2926
f 2926 3126 3127
f 2926 3127 2927
f 2927 3127 3128
f 2927 3128 2919
f 2919 3128 3129
f 2919 3129 2918
f 2918 3129 3130
f 2918 3130 2917
f 2917 3130 3131
f 2917 3131 2920
f 2920 3131 3132
f 2920 3132 2921
f 2921 3132 3117
f 2921 3117 2922
f 3133 3132 3134
f 3134 3132 3131
f 3134 3131 3135
f 3135 3131 3130
f 3135 3130 3136
f 3136 3130 3129
f 3136 3129 3137
f 3137 3129 3128
f 3137 3128 3138
f 3138 3128 3127
f 3138 3127 3139
f 3139 3127 3126
f 3139 3126 3140
f 3140 3126 3125
f 3140 3125 3141
f 3141 3125 3124
f 3141 3124 3142
f 3142 3124 3123
f 3142 3123 3143
f 3143 3123 3122
f 3143 3122 3144
f 3144 3122 3121
f 3144 3121 3145
f 3145 3121 3120
f 3145 3120 3146
f 3146 3120 3119
f 3146 3119 3147
f 3147 3119 3118
f 3147 3118 3148
f 3148 3118 3117
f 3148 3117 3133
f 3133 3117 3132
f 3149 3150 3148
f 3148 3150 3147
f 3150 3151 3147
f 3147 3151 3152
f 3147 3152 3146
f 3146 3152 3153
f 3146 3153 3145
f 3145 3153 3154
f 3145 3154 3144
f 3144 3154 3155
f 3144 3155 3143
f 3143 3155 3156
f 3143 3156 3142
f 3142 3156 3157
f 3142 3157 3141
f 3141 3157 3158
f 3141 3158 3140
f 3140 3158 3159
f 3140 3159 3139
f 3139 3159 3160
f 3139 3160 3138
f 3138 3160 3161
f 3138 3161 3137
f 3137 3161 3162
f 3137 3162 3136
f 3136 3162 3163
f 3136 3163 3135
f 3135 3163 3164
f 3135 3164 3134
f 3134 3164 3149
f 3134 3149 3133
f 3133 3149 3148
f 3159 3165 3160
f 3160 3165 3166
f 3160 3166 3161
f 3151 3167 3152
f 3152 3167 3168
f 3152 3168 3153
f 3169 3155 3168
f 3168 3155 3154
f 3168 3154 3153
f 3159 3158 3165
f 3165 3158 3157
f 3165 3157 3169
f 3169 3157 3156
f 3169 3156 3155
f 3161 3166 3162
f 3162 3166 3170
f 3162 3170 3163
f 3151 3150 3167
f 3167 3150 3149
f 3167 3149 3170
f 3170 3149 3164
f 3170 3164 3163
f 2182 2176 2181
f 2181 2176 2177
f 2181 2177 2180
f 2180 2177 2173
f 2180 2173 2179
f 2179 2173 2172
f 2394 2393 2722
f 2722 2393 2723
f 2723 2393 2392
f 2723 2392 2725
f 2392 2390 2725
f 2725 2390 2389
f 2725 2389 2726
f 2726 2389 2388
f 2726 2388 2727
f 2388 2387 2727
f 2727 2387 2386
f 2727 2386 2728
f 2386 2385 2728
f 2728 2385 2384
f 2728 2384 2730
f 2730 2384 2383
f 2730 2383 2731
f 2731 2383 2381
f 2731 2381 2732
f 2732 2381 2380
f 2732 2380 2733
f 2380 2379 2733
f 2733 2379 2378
f 2733 2378 2734
f 2734 2378 2377
f 2734 2377 2714
f 2714 2377 2376
f 2714 2376 2715
f 2715 2376 2375
f 2715 2375 2716
f 2716 2375 2374
f 2716 2374 2717
f 2717 2374 2373
f 2717 2373 2718
f 2373 2372 2718
f 2718 2372 2371
f 2718 2371 2719
f 2371 2370 2719
f 2719 2370 2369
f 2719 2369 2720
f 2720 2369 2368
f 2720 2368 2721
f 2721 2368 2367
f 2721 2367 2711
f 2711 2367 2366
f 2711 2366 2712
f 2712 2366 2364
f 2712 2364 2722
f 2722 2364 2363
f 2722 2363 2394
f 2747 2744 2411
f 2411 2410 2747
f 2747 2410 2409
f 2747 2409 2748
f 2748 2409 2415
f 2748 2415 2749
f 2415 2414 2749
f 2749 2414 2413
f 2749 2413 2750
f 2750 2413 2412
f 2750 2412 2751
f 2412 2408 2751
f 2751 2408 2407
f 2751 2407 2752
f 2407 2406 2752
f 2752 2406 2405
f 2752 2405 2753
f 2753 2405 2404
f 2753 2404 2754
f 2754 2404 2403
f 2754 2403 2755
f 2755 2403 2402
f 2755 2402 2757
f 2757 2402 2401
f 2757 2401 2758
f 2401 2400 2758
f 2758 2400 2419
f 2758 2419 2735
f 2735 2419 2418
f 2735 2418 2736
f 2736 2418 2417
f 2736 2417 2738
f 2738 2417 2416
f 2738 2416 2740
f 2740 2416 2425
f 2740 2425 2741
f 2425 2424 2741
f 2741 2424 2423
f 2741 2423 2742
f 2423 2421 2742
f 2742 2421 2420
f 2742 2420 2743
f 2743 2420 2399
f 2743 2399 2746
f 2746 2399 2398
f 2746 2398 2745
f 2745 2398 2396
f 2745 2396 2744
f 2744 2396 2395
f 2744 2395 2411
f 3171 3114 3113
f 3172 3173 3174
f 3174 3173 3175
f 3176 3177 3113
f 3113 3177 3178
f 3176 3113 3173
f 3173 3113 3179
f 3173 3179 3180
f 3174 3181 3172
f 3172 3181 3182
f 3172 3182 3183
f 3180 3184 3173
f 3173 3184 3185
f 3173 3185 3175
f 3178 3186 3113
f 3113 3186 3187
f 3113 3187 3171
f 3188 3189 3190
f 3190 3189 3191
f 3190 3191 3183
f 3183 3191 3192
f 3183 3192 3172
f 3193 3194 3195
f 3196 3197 3198
f 3199 3200 3201
f 3202 3203 3204
f 3205 3206 3207
f 3093 3092 3208
f 3065 3116 3209
f 3111 3210 3211
f 3110 3212 3213
f 3109 3214 3215
f 3216 3108 3107
f 3217 3218 3219
f 3219 3218 3220
f 3219 3220 3221
f 3221 3220 3222
f 3221 3222 3223
f 3223 3222 3224
f 3223 3224 3225
f 3225 3224 3226
f 3225 3226 3227
f 3227 3226 3228
f 3227 3228 3229
f 3229 3228 3230
f 3229 3230 3231
f 3231 3230 3232
f 3231 3232 3233
f 3233 3232 3234
f 3233 3234 3235
f 3235 3234 3236
f 3235 3236 3237
f 3237 3236 3238
f 3237 3238 3239
f 3239 3238 3240
f 3239 3240 3241
f 3241 3240 3112
f 3066 3065 3242
f 3242 3065 3209
f 3242 3209 3243
f 3243 3209 3244
f 3243 3244 3217
f 3217 3244 3245
f 3217 3245 3218
f 3083 3082 3246
f 3246 3082 3081
f 3084 3247 3085
f 3085 3247 3248
f 3085 3248 3094
f 3249 3096 3248
f 3248 3096 3095
f 3248 3095 3094
f 3076 3078 3249
f 3249 3078 3080
f 3249 3080 3096
f 3249 3250 3076
f 3076 3250 3251
f 3076 3251 3059
f 3059 3251 3252
f 3059 3252 3060
f 3253 3254 3255
f 3255 3254 3256
f 3257 3255 3258
f 3258 3255 3256
f 3258 3256 3207
f 3207 3256 3259
f 3207 3259 3205
f 3253 3255 3260
f 3260 3255 3261
f 3260 3261 3262
f 3263 3264 3262
f 3262 3264 3265
f 3262 3265 3260
f 3202 3266 3267
f 3267 3266 3268
f 3267 3268 3263
f 3203 3269 3204
f 3204 3269 3270
f 3204 3270 3271
f 3271 3270 3272
f 3271 3272 3273
f 3274 3275 3276
f 3277 3278 3279
f 3279 3278 3280
f 3280 3278 3281
f 3281 3278 3282
f 3281 3282 3283
f 3284 3197 3285
f 3285 3197 3196
f 3285 3196 3286
f 3284 3287 3197
f 3197 3287 3288
f 3197 3288 3289
f 3289 3288 3290
f 3289 3290 3291
f 3292 3293 3196
f 3196 3293 3294
f 3196 3294 3286
f 3295 3296 3297
f 3056 3101 3298
f 3298 3101 3299
f 3298 3299 3300
f 3301 3302 3303
f 3303 3302 3216
f 3303 3216 3304
f 3304 3216 3107
f 3304 3107 3091
f 3305 3301 3306
f 3306 3301 3303
f 3306 3303 3307
f 3307 3303 3304
f 3307 3304 3308
f 3308 3304 3091
f 3295 3297 3309
f 3309 3297 3292
f 3309 3292 3300
f 3300 3292 3196
f 3300 3196 3298
f 3298 3196 3198
f 3298 3198 3056
f 3283 3282 3291
f 3291 3282 3310
f 3291 3310 3289
f 3289 3310 3311
f 3289 3311 3197
f 3197 3311 3312
f 3197 3312 3198
f 3198 3312 3057
f 3198 3057 3056
f 3313 3305 3314
f 3314 3305 3306
f 3314 3306 3315
f 3315 3306 3307
f 3315 3307 3316
f 3316 3307 3308
f 3316 3308 3317
f 3317 3308 3091
f 3317 3091 3090
f 3318 3313 3319
f 3319 3313 3314
f 3319 3314 3320
f 3320 3314 3315
f 3320 3315 3321
f 3321 3315 3316
f 3321 3316 3322
f 3322 3316 3317
f 3322 3317 3323
f 3323 3317 3090
f 3200 3199 3324
f 3324 3199 3325
f 3324 3325 3326
f 3326 3325 3327
f 3326 3327 3328
f 3328 3327 3274
f 3328 3274 3272
f 3272 3274 3276
f 3272 3276 3273
f 3329 3330 3331
f 3331 3330 3332
f 3333 3318 3277
f 3277 3318 3319
f 3277 3319 3278
f 3278 3319 3320
f 3278 3320 3282
f 3282 3320 3321
f 3282 3321 3310
f 3310 3321 3322
f 3310 3322 3311
f 3311 3322 3323
f 3311 3323 3312
f 3312 3323 3090
f 3312 3090 3057
f 3334 3335 3336
f 3336 3335 3337
f 3336 3337 3332
f 3332 3337 3338
f 3332 3338 3331
f 3339 3334 3340
f 3340 3334 3336
f 3340 3336 3341
f 3341 3336 3332
f 3341 3332 3342
f 3342 3332 3330
f 3342 3330 3343
f 3343 3330 3329
f 3343 3329 3344
f 3269 3339 3270
f 3270 3339 3340
f 3270 3340 3272
f 3272 3340 3341
f 3272 3341 3328
f 3328 3341 3342
f 3328 3342 3326
f 3326 3342 3343
f 3326 3343 3324
f 3324 3343 3344
f 3324 3344 3200
f 3345 3193 3346
f 3346 3193 3195
f 3346 3195 3347
f 3347 3195 3348
f 3202 3267 3203
f 3203 3267 3349
f 3203 3349 3269
f 3269 3349 3350
f 3269 3350 3339
f 3339 3350 3351
f 3339 3351 3334
f 3334 3351 3352
f 3334 3352 3335
f 3348 3353 3347
f 3347 3353 3354
f 3347 3354 3355
f 3345 3346 3356
f 3356 3346 3347
f 3356 3347 3357
f 3357 3347 3355
f 3357 3355 3358
f 3261 3358 3262
f 3262 3358 3355
f 3262 3355 3263
f 3263 3355 3354
f 3263 3354 3267
f 3267 3354 3353
f 3267 3353 3349
f 3349 3353 3348
f 3349 3348 3350
f 3350 3348 3195
f 3350 3195 3351
f 3351 3195 3194
f 3351 3194 3352
f 3069 3060 3257
f 3257 3060 3252
f 3257 3252 3255
f 3255 3252 3251
f 3255 3251 3261
f 3261 3251 3250
f 3261 3250 3358
f 3358 3250 3249
f 3358 3249 3357
f 3357 3249 3248
f 3357 3248 3356
f 3356 3248 3247
f 3356 3247 3345
f 3211 3210 3359
f 3359 3210 3360
f 3359 3360 3361
f 3213 3212 3362
f 3362 3212 3363
f 3362 3363 3364
f 3215 3214 3365
f 3365 3214 3366
f 3365 3366 3201
f 3109 3108 3214
f 3214 3108 3216
f 3214 3216 3366
f 3366 3216 3302
f 3366 3302 3201
f 3201 3302 3301
f 3201 3301 3199
f 3199 3301 3305
f 3199 3305 3325
f 3325 3305 3313
f 3325 3313 3327
f 3327 3313 3318
f 3327 3318 3274
f 3274 3318 3333
f 3274 3333 3275
f 3092 3083 3208
f 3208 3083 3246
f 3208 3246 3367
f 3367 3246 3368
f 3367 3368 3369
f 3369 3368 3370
f 3369 3370 3371
f 3371 3370 3372
f 3371 3372 3373
f 3373 3372 3374
f 3373 3374 3375
f 3375 3374 3376
f 3375 3376 3377
f 3377 3376 3378
f 3377 3378 3379
f 3379 3378 3380
f 3379 3380 3381
f 3381 3380 3382
f 3381 3382 3383
f 3383 3382 3384
f 3383 3384 3385
f 3385 3384 3386
f 3385 3386 3387
f 3387 3386 3388
f 3387 3388 3364
f 3364 3388 3361
f 3364 3361 3362
f 3362 3361 3360
f 3362 3360 3213
f 3213 3360 3210
f 3213 3210 3110
f 3110 3210 3111
f 3081 3066 3246
f 3246 3066 3242
f 3246 3242 3368
f 3368 3242 3243
f 3368 3243 3370
f 3370 3243 3217
f 3370 3217 3372
f 3372 3217 3219
f 3372 3219 3374
f 3374 3219 3221
f 3374 3221 3376
f 3376 3221 3223
f 3376 3223 3378
f 3378 3223 3225
f 3378 3225 3380
f 3380 3225 3227
f 3380 3227 3382
f 3382 3227 3229
f 3382 3229 3384
f 3384 3229 3231
f 3384 3231 3386
f 3386 3231 3233
f 3386 3233 3388
f 3388 3233 3235
f 3388 3235 3361
f 3361 3235 3237
f 3361 3237 3359
f 3359 3237 3239
f 3359 3239 3211
f 3211 3239 3241
f 3211 3241 3111
f 3111 3241 3112
f 3084 3093 3247
f 3247 3093 3208
f 3247 3208 3345
f 3345 3208 3367
f 3345 3367 3193
f 3193 3367 3369
f 3193 3369 3194
f 3194 3369 3371
f 3194 3371 3352
f 3352 3371 3373
f 3352 3373 3335
f 3335 3373 3375
f 3335 3375 3337
f 3337 3375 3377
f 3337 3377 3338
f 3338 3377 3379
f 3338 3379 3331
f 3331 3379 3381
f 3331 3381 3329
f 3329 3381 3383
f 3329 3383 3344
f 3344 3383 3385
f 3344 3385 3200
f 3200 3385 3387
f 3200 3387 3201
f 3201 3387 3364
f 3201 3364 3365
f 3365 3364 3363
f 3365 3363 3215
f 3215 3363 3212
f 3215 3212 3109
f 3109 3212 3110
f 2765 3112 2771
f 2771 3112 3240
f 2771 3240 2772
f 2772 3240 3238
f 2772 3238 2773
f 2773 3238 3236
f 2773 3236 2774
f 2774 3236 3234
f 2774 3234 2775
f 2775 3234 3232
f 2775 3232 2776
f 2776 3232 3230
f 2776 3230 2777
f 2777 3230 3228
f 2777 3228 2766
f 2766 3228 3226
f 2766 3226 2767
f 2767 3226 3224
f 2767 3224 2768
f 2768 3224 3222
f 2768 3222 2778
f 2778 3222 3220
f 2778 3220 2779
f 2779 3220 3218
f 2779 3218 2780
f 2780 3218 3245
f 2780 3245 2781
f 2781 3245 3244
f 2781 3244 2770
f 2770 3244 3209
f 2770 3209 2769
f 2769 3209 3116
f 3073 3389 3074
f 3074 3389 3390
f 3074 3390 3061
f 3061 3390 3391
f 3061 3391 3077
f 3077 3391 3392
f 3077 3392 3079
f 3079 3392 3393
f 3079 3393 3064
f 3064 3393 3394
f 3064 3394 3086
f 3086 3394 3395
f 3086 3395 3067
f 3067 3395 3396
f 3067 3396 3068
f 3068 3396 3397
f 3068 3397 3098
f 3098 3397 3398
f 3098 3398 3071
f 3071 3398 3399
f 3071 3399 3072
f 3072 3399 3400
f 3072 3400 3073
f 3073 3400 3389
f 3391 3390 3401
f 3401 3390 3389
f 3401 3389 3400
f 3394 3393 3401
f 3401 3393 3392
f 3401 3392 3391
f 3397 3396 3401
f 3401 3396 3395
f 3401 3395 3394
f 3400 3399 3401
f 3401 3399 3398
f 3401 3398 3397
f 3062 3402 3063
f 3063 3402 3403
f 3063 3403 3089
f 3089 3403 3404
f 3089 3404 3088
f 3088 3404 3405
f 3088 3405 3075
f 3075 3405 3406
f 3075 3406 3058
f 3058 3406 3407
f 3058 3407 3099
f 3099 3407 3408
f 3099 3408 3100
f 3100 3408 3409
f 3100 3409 3102
f 3102 3409 3410
f 3102 3410 3104
f 3104 3410 3411
f 3104 3411 3106
f 3106 3411 3412
f 3106 3412 3087
f 3087 3412 3413
f 3087 3413 3062
f 3062 3413 3402
f 3404 3403 3414
f 3414 3403 3402
f 3414 3402 3413
f 3407 3406 3414
f 3414 3406 3405
f 3414 3405 3404
f 3410 3409 3414
f 3414 3409 3408
f 3414 3408 3407
f 3413 3412 3414
f 3414 3412 3411
f 3414 3411 3410
f 3415 3416 3417
f 3417 3416 3418
f 3419 3420 3421
f 3421 3420 3422
f 3421 3422 3423
f 3423 3422 3424
f 3423 3424 3417
f 3417 3424 3425
f 3417 3425 3415
f 3426 3427 3428
f 3428 3427 3429
f 3428 3429 3430
f 3426 3431 3427
f 3427 3431 3432
f 3427 3432 3433
f 3433 3432 3434
f 3433 3434 3421
f 3421 3434 3435
f 3421 3435 3419
f 3429 3436 3430
f 3430 3436 3437
f 3430 3437 3438
f 3438 3437 3439
f 3438 3439 3440
f 3441 3442 3443
f 3441 3443 3444
f 3442 3445 3443
f 3443 3445 3446
f 3443 3446 3447
f 3447 3446 3448
f 3447 3448 3439
f 3439 3448 3449
f 3439 3449 3440
f 3450 3451 3443
f 3443 3451 3452
f 3443 3452 3444
f 3453 3454 3455
f 3455 3456 3453
f 3453 3456 3457
f 3453 3457 3450
f 3450 3457 3458
f 3450 3458 3451
f 3459 3460 3453
f 3453 3460 3461
f 3461 3462 3453
f 3453 3462 3463
f 3453 3463 3454
f 3464 3465 3466
f 3466 3465 3467
f 3466 3467 3459
f 3459 3467 3468
f 3459 3468 3460
f 3469 3470 3471
f 3471 3470 3472
f 3471 3472 3473
f 3473 3472 3474
f 3473 3474 3466
f 3466 3474 3475
f 3466 3475 3464
f 3476 3477 3478
f 3478 3477 3479
f 3479 3477 3480
f 3479 3480 3481
f 3481 3480 3482
f 3481 3482 3483
f 3483 3482 3484
f 3483 3484 3471
f 3471 3484 3485
f 3471 3485 3469
f 3486 3487 3488
f 3487 3489 3488
f 3488 3489 3490
f 3488 3490 3491
f 3491 3490 3492
f 3491 3492 3478
f 3478 3492 3493
f 3478 3493 3476
f 3494 3495 3488
f 3488 3495 3496
f 3488 3496 3486
f 3418 3497 3417
f 3417 3497 3498
f 3417 3498 3499
f 3499 3500 3417
f 3417 3500 3501
f 3417 3501 3494
f 3494 3501 3502
f 3494 3502 3495
f 3097 3070 3503
f 3504 3505 3506
f 3507 3508 3509
f 3509 3508 3510
f 3509 3510 3511
f 3113 3512 3179
f 3179 3512 3513
f 3179 3513 3180
f 3180 3513 3514
f 3180 3514 3184
f 3184 3514 3506
f 3184 3506 3185
f 3185 3506 3505
f 3185 3505 3175
f 3113 3097 3512
f 3512 3097 3503
f 3512 3503 3513
f 3513 3503 3515
f 3513 3515 3514
f 3514 3515 3516
f 3514 3516 3506
f 3506 3516 3510
f 3506 3510 3504
f 3504 3510 3508
f 3511 3510 3206
f 3206 3510 3516
f 3206 3516 3207
f 3207 3516 3515
f 3207 3515 3258
f 3258 3515 3503
f 3258 3503 3257
f 3257 3503 3070
f 3257 3070 3069
f 3517 3518 3519
f 3508 3507 3520
f 3521 3522 3523
f 3523 3522 3524
f 3525 3526 3521
f 3521 3526 3527
f 3521 3527 3522
f 3528 3529 3530
f 3530 3529 3531
f 3530 3531 3532
f 3532 3531 3533
f 3532 3533 3534
f 3534 3533 3525
f 3534 3525 3535
f 3535 3525 3521
f 3528 3536 3529
f 3529 3536 3537
f 3529 3537 3538
f 3538 3537 3539
f 3538 3539 3540
f 3540 3539 3541
f 3541 3539 3542
f 3541 3542 3520
f 3508 3520 3504
f 3504 3520 3542
f 3504 3542 3505
f 3524 3517 3523
f 3523 3517 3519
f 3523 3519 3521
f 3521 3519 3543
f 3521 3543 3535
f 3535 3543 3544
f 3535 3544 3534
f 3534 3544 3545
f 3534 3545 3532
f 3532 3545 3546
f 3532 3546 3530
f 3530 3546 3547
f 3530 3547 3528
f 3528 3547 3548
f 3528 3548 3536
f 3536 3548 3549
f 3536 3549 3537
f 3537 3549 3550
f 3537 3550 3539
f 3539 3550 3551
f 3539 3551 3542
f 3542 3551 3552
f 3542 3552 3505
f 3505 3552 3175
f 3175 3552 3174
f 3174 3552 3551
f 3174 3551 3181
f 3181 3551 3550
f 3181 3550 3182
f 3182 3550 3549
f 3182 3549 3183
f 3183 3549 3548
f 3183 3548 3190
f 3190 3548 3547
f 3190 3547 3188
f 3188 3547 3546
f 3188 3546 3189
f 3189 3546 3545
f 3189 3545 3191
f 3191 3545 3544
f 3191 3544 3192
f 3192 3544 3543
f 3192 3543 3172
f 3172 3543 3519
f 3172 3519 3173
f 3173 3519 3518
f 3173 3518 3176
f 3553 3554 3555
f 3555 3554 3556
f 3555 3556 3557
f 3517 3524 3553
f 3105 3115 3558
f 3518 3517 3559
f 3559 3517 3553
f 3559 3553 3560
f 3560 3553 3555
f 3560 3555 3561
f 3561 3555 3562
f 3561 3562 3563
f 3563 3562 3564
f 3563 3564 3565
f 3565 3564 3566
f 3565 3566 3103
f 3103 3566 3101
f 3101 3566 3299
f 3299 3566 3564
f 3299 3564 3300
f 3300 3564 3562
f 3300 3562 3309
f 3309 3562 3555
f 3309 3555 3295
f 3295 3555 3557
f 3295 3557 3296
f 3176 3567 3177
f 3177 3567 3568
f 3177 3568 3178
f 3178 3568 3569
f 3178 3569 3186
f 3186 3569 3570
f 3186 3570 3187
f 3187 3570 3558
f 3187 3558 3171
f 3171 3558 3115
f 3171 3115 3114
f 3176 3518 3567
f 3567 3518 3559
f 3567 3559 3568
f 3568 3559 3560
f 3568 3560 3569
f 3569 3560 3561
f 3569 3561 3570
f 3570 3561 3563
f 3570 3563 3558
f 3558 3563 3565
f 3558 3565 3105
f 3105 3565 3103
f 3571 3572 3573
f 3572 3574 3575
f 3576 3577 3578
f 3577 3579 3580
f 3581 3206 3205
f 3582 3581 3583
f 3584 3582 3585
f 3586 3418 3587
f 3587 3418 3416
f 3587 3416 3588
f 3588 3416 3415
f 3588 3415 3584
f 3589 3502 3590
f 3590 3502 3501
f 3590 3501 3591
f 3591 3501 3500
f 3591 3500 3592
f 3592 3500 3499
f 3592 3499 3593
f 3593 3499 3498
f 3593 3498 3586
f 3586 3498 3497
f 3586 3497 3418
f 3594 3489 3595
f 3595 3489 3487
f 3595 3487 3596
f 3596 3487 3486
f 3596 3486 3597
f 3597 3486 3496
f 3597 3496 3589
f 3589 3496 3495
f 3589 3495 3502
f 3598 3477 3599
f 3599 3477 3476
f 3599 3476 3600
f 3600 3476 3493
f 3600 3493 3601
f 3601 3493 3492
f 3601 3492 3594
f 3594 3492 3490
f 3594 3490 3489
f 3602 3469 3603
f 3603 3469 3485
f 3603 3485 3604
f 3604 3485 3484
f 3604 3484 3605
f 3605 3484 3482
f 3605 3482 3598
f 3598 3482 3480
f 3598 3480 3477
f 3581 3205 3583
f 3583 3205 3259
f 3583 3259 3606
f 3606 3259 3256
f 3606 3256 3607
f 3607 3256 3254
f 3607 3254 3608
f 3608 3254 3253
f 3608 3253 3609
f 3609 3253 3260
f 3609 3260 3610
f 3610 3260 3265
f 3610 3265 3611
f 3611 3265 3264
f 3611 3264 3612
f 3612 3264 3263
f 3612 3263 3613
f 3613 3263 3268
f 3613 3268 3614
f 3614 3268 3266
f 3614 3266 3615
f 3615 3266 3202
f 3615 3202 3616
f 3616 3202 3204
f 3616 3204 3617
f 3617 3204 3271
f 3617 3271 3618
f 3618 3271 3273
f 3618 3273 3619
f 3619 3273 3276
f 3619 3276 3620
f 3620 3276 3275
f 3620 3275 3621
f 3621 3275 3333
f 3621 3333 3622
f 3622 3333 3277
f 3622 3277 3623
f 3623 3277 3279
f 3623 3279 3624
f 3624 3279 3280
f 3624 3280 3625
f 3625 3280 3281
f 3625 3281 3626
f 3626 3281 3283
f 3626 3283 3627
f 3627 3283 3291
f 3627 3291 3628
f 3582 3583 3585
f 3585 3583 3606
f 3585 3606 3629
f 3629 3606 3607
f 3629 3607 3630
f 3630 3607 3608
f 3630 3608 3631
f 3631 3608 3609
f 3631 3609 3632
f 3632 3609 3610
f 3632 3610 3633
f 3633 3610 3611
f 3633 3611 3634
f 3634 3611 3612
f 3634 3612 3635
f 3635 3612 3613
f 3635 3613 3636
f 3636 3613 3614
f 3636 3614 3637
f 3637 3614 3615
f 3637 3615 3638
f 3638 3615 3616
f 3638 3616 3639
f 3639 3616 3617
f 3639 3617 3640
f 3640 3617 3618
f 3640 3618 3641
f 3641 3618 3619
f 3641 3619 3642
f 3642 3619 3620
f 3642 3620 3643
f 3643 3620 3621
f 3643 3621 3644
f 3644 3621 3622
f 3644 3622 3645
f 3645 3622 3623
f 3645 3623 3646
f 3646 3623 3624
f 3646 3624 3647
f 3647 3624 3625
f 3647 3625 3648
f 3648 3625 3626
f 3648 3626 3649
f 3649 3626 3627
f 3649 3627 3650
f 3650 3627 3628
f 3650 3628 3651
f 3584 3585 3588
f 3588 3585 3629
f 3588 3629 3587
f 3587 3629 3630
f 3587 3630 3586
f 3586 3630 3631
f 3586 3631 3593
f 3593 3631 3632
f 3593 3632 3592
f 3592 3632 3633
f 3592 3633 3591
f 3591 3633 3634
f 3591 3634 3590
f 3590 3634 3635
f 3590 3635 3589
f 3589 3635 3636
f 3589 3636 3597
f 3597 3636 3637
f 3597 3637 3596
f 3596 3637 3638
f 3596 3638 3595
f 3595 3638 3639
f 3595 3639 3594
f 3594 3639 3640
f 3594 3640 3601
f 3601 3640 3641
f 3601 3641 3600
f 3600 3641 3642
f 3600 3642 3599
f 3599 3642 3643
f 3599 3643 3598
f 3598 3643 3644
f 3598 3644 3605
f 3605 3644 3645
f 3605 3645 3604
f 3604 3645 3646
f 3604 3646 3603
f 3603 3646 3647
f 3603 3647 3602
f 3602 3647 3648
f 3602 3648 3652
f 3652 3648 3649
f 3652 3649 3653
f 3653 3649 3650
f 3653 3650 3654
f 3654 3650 3651
f 3654 3651 3655
f 3655 3464 3654
f 3654 3464 3475
f 3654 3475 3653
f 3653 3475 3474
f 3653 3474 3652
f 3652 3474 3472
f 3652 3472 3602
f 3602 3472 3470
f 3602 3470 3469
f 3468 3467 3655
f 3655 3467 3465
f 3655 3465 3464
f 3579 3290 3288
f 3579 3288 3580
f 3580 3288 3287
f 3580 3287 3656
f 3656 3287 3284
f 3656 3284 3657
f 3657 3284 3285
f 3657 3285 3658
f 3577 3580 3578
f 3578 3580 3656
f 3578 3656 3659
f 3659 3656 3657
f 3659 3657 3660
f 3660 3657 3658
f 3660 3658 3661
f 3576 3578 3662
f 3662 3578 3659
f 3662 3659 3663
f 3663 3659 3660
f 3663 3660 3664
f 3664 3660 3661
f 3664 3661 3665
f 3291 3290 3628
f 3628 3290 3579
f 3628 3579 3651
f 3651 3579 3577
f 3651 3577 3655
f 3655 3577 3576
f 3655 3576 3468
f 3468 3576 3662
f 3468 3662 3460
f 3460 3662 3663
f 3460 3663 3461
f 3461 3663 3664
f 3461 3664 3462
f 3462 3664 3665
f 3455 3454 3665
f 3665 3454 3463
f 3665 3463 3462
f 3574 3286 3294
f 3574 3294 3575
f 3575 3294 3293
f 3575 3293 3666
f 3666 3293 3292
f 3666 3292 3667
f 3667 3292 3297
f 3667 3297 3668
f 3572 3575 3573
f 3573 3575 3666
f 3573 3666 3669
f 3669 3666 3667
f 3669 3667 3670
f 3670 3667 3668
f 3670 3668 3671
f 3571 3573 3672
f 3672 3573 3669
f 3672 3669 3673
f 3673 3669 3670
f 3673 3670 3674
f 3674 3670 3671
f 3674 3671 3675
f 3285 3286 3658
f 3658 3286 3574
f 3658 3574 3661
f 3661 3574 3572
f 3661 3572 3665
f 3665 3572 3571
f 3665 3571 3455
f 3455 3571 3672
f 3455 3672 3456
f 3456 3672 3673
f 3456 3673 3457
f 3457 3673 3674
f 3457 3674 3458
f 3458 3674 3675
f 3458 3675 3451
f 3451 3675 3452
f 3444 3452 3676
f 3676 3452 3675
f 3676 3675 3677
f 3677 3675 3671
f 3677 3671 3678
f 3678 3671 3668
f 3678 3668 3296
f 3296 3668 3297
f 3679 3507 3509
f 3679 3509 3680
f 3680 3509 3511
f 3680 3511 3681
f 3511 3206 3581
f 3511 3581 3681
f 3681 3581 3582
f 3681 3582 3584
f 3420 3679 3422
f 3422 3679 3680
f 3422 3680 3424
f 3424 3680 3681
f 3424 3681 3425
f 3425 3681 3584
f 3425 3584 3415
f 3676 3677 3682
f 3682 3677 3678
f 3441 3444 3676
f 3524 3683 3553
f 3553 3683 3684
f 3553 3684 3554
f 3554 3684 3685
f 3554 3685 3556
f 3556 3685 3682
f 3556 3682 3557
f 3557 3682 3678
f 3557 3678 3296
f 3676 3682 3441
f 3441 3682 3685
f 3441 3685 3442
f 3442 3685 3684
f 3442 3684 3445
f 3445 3684 3683
f 3445 3683 3446
f 3520 3507 3679
f 3448 3446 3683
f 3448 3683 3449
f 3686 3522 3527
f 3686 3527 3687
f 3524 3522 3683
f 3683 3522 3686
f 3683 3686 3449
f 3449 3686 3687
f 3449 3687 3440
f 3440 3687 3688
f 3440 3688 3438
f 3438 3688 3430
f 3430 3688 3689
f 3430 3689 3428
f 3428 3689 3690
f 3428 3690 3426
f 3426 3690 3691
f 3426 3691 3431
f 3431 3691 3432
f 3432 3691 3692
f 3432 3692 3434
f 3434 3692 3693
f 3434 3693 3435
f 3435 3693 3694
f 3435 3694 3419
f 3520 3679 3541
f 3420 3419 3679
f 3679 3419 3694
f 3679 3694 3541
f 3541 3694 3693
f 3541 3693 3540
f 3540 3693 3692
f 3540 3692 3538
f 3538 3692 3691
f 3538 3691 3529
f 3529 3691 3690
f 3529 3690 3531
f 3531 3690 3689
f 3531 3689 3533
f 3533 3689 3688
f 3533 3688 3525
f 3525 3688 3687
f 3525 3687 3526
f 3526 3687 3527
f 2833 3695 2855
f 2855 3695 3696
f 2855 3696 2853
f 2853 3696 3697
f 2853 3697 2858
f 2858 3697 3698
f 2858 3698 2890
f 2890 3698 3699
f 2890 3699 2888
f 2888 3699 3700
f 2888 3700 2886
f 2886 3700 3701
f 2886 3701 2884
f 2884 3701 3702
f 2884 3702 2882
f 2882 3702 3703
f 2882 3703 2880
f 2880 3703 3704
f 2880 3704 2878
f 2878 3704 3705
f 2878 3705 2850
f 2850 3705 3706
f 2850 3706 2848
f 2848 3706 3707
f 2848 3707 2898
f 2898 3707 3708
f 2898 3708 2899
f 2899 3708 3709
f 2899 3709 2907
f 2907 3709 3710
f 2907 3710 2908
f 2908 3710 3711
f 2908 3711 2910
f 2910 3711 3712
f 2910 3712 2845
f 2845 3712 3713
f 2845 3713 2863
f 2863 3713 3714
f 2863 3714 2865
f 2865 3714 3715
f 2865 3715 2866
f 2866 3715 3716
f 2866 3716 2837
f 2837 3716 3717
f 2837 3717 2835
f 2835 3717 3718
f 2835 3718 2833
f 2833 3718 3695
f 3718 3719 3695
f 3695 3719 3720
f 3695 3720 3696
f 3696 3720 3721
f 3696 3721 3697
f 3697 3721 3722
f 3697 3722 3698
f 3698 3722 3723
f 3698 3723 3699
f 3699 3723 3724
f 3699 3724 3700
f 3700 3724 3725
f 3700 3725 3701
f 3701 3725 3726
f 3701 3726 3702
f 3702 3726 3727
f 3702 3727 3703
f 3703 3727 3728
f 3703 3728 3704
f 3704 3728 3729
f 3704 3729 3705
f 3705 3729 3730
f 3705 3730 3706
f 3706 3730 3731
f 3706 3731 3707
f 3707 3731 3732
f 3707 3732 3708
f 3708 3732 3733
f 3708 3733 3709
f 3709 3733 3734
f 3709 3734 3710
f 3710 3734 3735
f 3710 3735 3711
f 3711 3735 3736
f 3711 3736 3712
f 3712 3736 3737
f 3712 3737 3713
f 3713 3737 3738
f 3713 3738 3714
f 3714 3738 3739
f 3714 3739 3715
f 3715 3739 3740
f 3715 3740 3716
f 3716 3740 3741
f 3716 3741 3717
f 3717 3741 3742
f 3717 3742 3718
f 3718 3742 3719
f 3742 3491 3719
f 3719 3491 3478
f 3719 3478 3720
f 3720 3478 3479
f 3720 3479 3721
f 3721 3479 3481
f 3721 3481 3722
f 3722 3481 3483
f 3722 3483 3723
f 3723 3483 3471
f 3723 3471 3724
f 3724 3471 3473
f 3724 3473 3725
f 3725 3473 3466
f 3725 3466 3726
f 3726 3466 3459
f 3726 3459 3727
f 3727 3459 3453
f 3727 3453 3728
f 3728 3453 3450
f 3728 3450 3729
f 3729 3450 3443
f 3729 3443 3730
f 3730 3443 3447
f 3730 3447 3731
f 3731 3447 3439
f 3731 3439 3732
f 3732 3439 3437
f 3732 3437 3733
f 3733 3437 3436
f 3733 3436 3734
f 3734 3436 3429
f 3734 3429 3735
f 3735 3429 3427
f 3735 3427 3736
f 3736 3427 3433
f 3736 3433 3737
f 3737 3433 3421
f 3737 3421 3738
f 3738 3421 3423
f 3738 3423 3739
f 3739 3423 3417
f 3739 3417 3740
f 3740 3417 3494
f 3740 3494 3741
f 3741 3494 3488
f 3741 3488 3742
f 3742 3488 3491
f 3743 3744 2087
f 2087 2090 3743
f 3743 2090 2093
f 3743 2093 3745
f 2075 3746 3747
f 2093 2095 3745
f 3745 2095 2099
f 3745 2099 3748
f 2099 2066 3748
f 3748 2066 2068
f 3748 2068 3747
f 3747 2068 2072
f 3747 2072 2075
f 2075 2077 3746
f 3746 2077 2080
f 3746 2080 3744
f 3744 2080 2083
f 3744 2083 2087
f 3746 3744 3170
f 3170 3744 3167
f 3744 3743 3167
f 3167 3743 3168
f 3743 3745 3168
f 3168 3745 3169
f 3745 3748 3169
f 3169 3748 3165
f 3748 3747 3165
f 3165 3747 3166
f 3747 3746 3166
f 3166 3746 3170
f 2069 2874 2070
f 2070 2874 2875
f 2070 2875 2071
f 2071 2875 2852
f 2071 2852 2073
f 2073 2852 2871
f 2073 2871 2074
f 2074 2871 2870
f 2074 2870 2076
f 2076 2870 2869
f 2076 2869 2078
f 2078 2869 2909
f 2078 2909 2079
f 2079 2909 2911
f 2079 2911 2081
f 2081 2911 2912
f 2081 2912 2082
f 2082 2912 2844
f 2082 2844 2084
f 2084 2844 2843
f 2084 2843 2085
f 2085 2843 2905
f 2085 2905 2086
f 2086 2905 2904
f 2086 2904 2088
f 2088 2904 2903
f 2088 2903 2089
f 2089 2903 2900
f 2089 2900 2091
f 2091 2900 2893
f 2091 2893 2092
f 2092 2893 2895
f 2092 2895 2094
f 2094 2895 2838
f 2094 2838 2096
f 2096 2838 2840
f 2096 2840 2097
f 2097 2840 2828
f 2097 2828 2098
f 2098 2828 2830
f 2098 2830 2100
f 2100 2830 2823
f 2100 2823 2101
f 2101 2823 2825
f 2101 2825 2067
f 2067 2825 2827
f 2067 2827 2069
f 2069 2827 2874
f 3749 3750 3751
f 3751 3750 3752
f 3753 3749 3754
f 3754 3749 3751
f 3755 3753 3756
f 3756 3753 3754
f 3750 3755 3752
f 3752 3755 3756
f 3755 3757 3758
f 3759 3760 3761
f 3761 3760 3762
f 3761 3762 3758
f 3758 3762 3763
f 3764 3750 3765
f 3765 3750 3749
f 3764 3766 3750
f 3750 3766 3767
f 3750 3767 3755
f 3755 3767 3768
f 3755 3768 3757
f 3769 3770 3753
f 3753 3770 3771
f 3753 3771 3749
f 3771 3772 3749
f 3749 3772 3773
f 3749 3773 3760
f 3763 3774 3758
f 3758 3774 3775
f 3758 3775 3755
f 3755 3775 3776
f 3755 3776 3753
f 3753 3776 3777
f 3753 3777 3769
f 3759 3778 3760
f 3760 3778 3779
f 3760 3779 3749
f 3749 3779 3780
f 3749 3780 3765
f 3781 3782 3751
f 3751 3782 3754
f 3782 3783 3754
f 3754 3783 3784
f 3754 3784 3785
f 3786 3787 3785
f 3785 3787 3788
f 3785 3788 3754
f 3754 3788 3789
f 3754 3789 3756
f 3756 3789 3790
f 3756 3790 3791
f 3786 3785 3792
f 3792 3785 3793
f 3792 3793 3794
f 3794 3793 3795
f 3794 3795 3796
f 3791 3797 3756
f 3756 3797 3798
f 3756 3798 3752
f 3752 3798 3799
f 3796 3800 3794
f 3794 3800 3752
f 3794 3752 3801
f 3801 3752 3799
f 3800 3802 3752
f 3752 3802 3803
f 3752 3803 3751
f 3751 3803 3804
f 3751 3804 3781
f 3798 3767 3799
f 3799 3767 3766
f 3799 3766 3801
f 3801 3766 3764
f 3801 3764 3794
f 3794 3764 3765
f 3794 3765 3792
f 3792 3765 3780
f 3792 3780 3786
f 3786 3780 3779
f 3786 3779 3787
f 3787 3779 3778
f 3787 3778 3788
f 3788 3778 3759
f 3788 3759 3789
f 3789 3759 3761
f 3789 3761 3790
f 3790 3761 3758
f 3790 3758 3791
f 3791 3758 3757
f 3791 3757 3797
f 3797 3757 3768
f 3797 3768 3798
f 3798 3768 3767
f 3796 3774 3800
f 3800 3774 3763
f 3800 3763 3802
f 3802 3763 3762
f 3802 3762 3803
f 3803 3762 3760
f 3803 3760 3804
f 3804 3760 3773
f 3804 3773 3781
f 3781 3773 3772
f 3781 3772 3782
f 3782 3772 3771
f 3782 3771 3783
f 3783 3771 3770
f 3783 3770 3784
f 3784 3770 3769
f 3784 3769 3785
f 3785 3769 3777
f 3785 3777 3793
f 3793 3777 3776
f 3793 3776 3795
f 3795 3776 3775
f 3795 3775 3796
f 3796 3775 3774
f 3805 3806 3807
f 3808 3809 3810
f 3810 3809 3811
f 3812 3813 3814
f 3814 3815 3812
f 3812 3815 3816
f 3812 3816 3808
f 3808 3816 3817
f 3808 3817 3809
f 3818 3819 3820
f 3820 3819 3821
f 3820 3821 3812
f 3812 3821 3822
f 3812 3822 3813
f 3823 3824 3825
f 3823 3825 3826
f 3807 3806 3825
f 3825 3806 3827
f 3825 3827 3826
f 3828 3829 3830
f 3830 3829 3825
f 3830 3825 3831
f 3831 3825 3824
f 3805 3807 3832
f 3832 3807 3833
f 3832 3833 3834
f 3835 3836 3837
f 3837 3836 3838
f 3837 3838 3839
f 3811 3840 3810
f 3810 3840 3841
f 3810 3841 3837
f 3837 3841 3842
f 3837 3842 3835
f 3839 3843 3844
f 3844 3843 3845
f 3845 3846 3844
f 3844 3846 3847
f 3844 3847 3833
f 3833 3847 3848
f 3833 3848 3834
f 3849 3850 3851
f 3851 3850 3852
f 3851 3852 3853
f 3854 3855 3856
f 3855 3857 3856
f 3856 3857 3858
f 3856 3858 3859
f 3859 3860 3861
f 3861 3860 3862
f 3862 3863 3861
f 3861 3863 3864
f 3861 3864 3849
f 3849 3864 3865
f 3849 3865 3850
f 3866 3867 3868
f 3868 3867 3869
f 3868 3869 3870
f 3870 3869 3871
f 3866 3872 3867
f 3867 3872 3873
f 3867 3873 3856
f 3856 3873 3874
f 3856 3874 3854
f 3875 3876 3877
f 3853 3878 3851
f 3851 3878 3879
f 3851 3879 3877
f 3877 3879 3880
f 3877 3880 3875
f 3876 3881 3882
f 3881 3883 3882
f 3882 3883 3884
f 3882 3884 3869
f 3869 3884 3885
f 3869 3885 3871
f 3839 3844 3837
f 3837 3844 3886
f 3837 3886 3887
f 3887 3886 3888
f 3887 3888 3889
f 3889 3888 3890
f 3889 3890 3891
f 3859 3861 3856
f 3856 3861 3892
f 3856 3892 3893
f 3893 3892 3894
f 3893 3894 3895
f 3895 3894 3896
f 3895 3896 3897
f 3897 3896 3898
f 3897 3898 3899
f 3899 3898 3900
f 3899 3900 3901
f 3901 3900 3902
f 3901 3902 3903
f 3903 3902 3904
f 3903 3904 3905
f 3905 3904 3906
f 3905 3906 3907
f 3907 3906 3908
f 3907 3908 3909
f 3909 3908 3910
f 3909 3910 3911
f 3911 3910 3912
f 3911 3912 3913
f 3913 3912 3914
f 3913 3914 3915
f 3915 3914 3916
f 3915 3916 3917
f 3917 3916 3918
f 3917 3918 3919
f 3919 3918 3920
f 3919 3920 3921
f 3921 3920 3922
f 3921 3922 3923
f 3923 3922 3924
f 3923 3924 3925
f 3925 3924 3926
f 3925 3926 3927
f 3927 3926 3928
f 3927 3928 3929
f 3929 3928 3930
f 3929 3930 3931
f 3931 3930 3932
f 3931 3932 3933
f 3933 3932 3934
f 3933 3934 3935
f 3935 3934 3936
f 3935 3936 3937
f 3937 3936 3938
f 3937 3938 3939
f 3939 3938 3829
f 3939 3829 3820
f 3820 3829 3828
f 3820 3828 3818
f 3876 3882 3877
f 3877 3882 3940
f 3877 3940 3941
f 3941 3940 3942
f 3941 3942 3943
f 3943 3942 3944
f 3943 3944 3945
f 3908 3906 3945
f 3914 3912 3946
f 3946 3912 3945
f 3945 3912 3910
f 3945 3910 3908
f 3906 3904 3945
f 3945 3904 3902
f 3945 3902 3900
f 3914 3946 3916
f 3916 3946 3947
f 3916 3947 3918
f 3888 3928 3890
f 3890 3928 3926
f 3900 3898 3945
f 3945 3898 3896
f 3945 3896 3894
f 3926 3924 3890
f 3890 3924 3922
f 3890 3922 3947
f 3947 3922 3920
f 3947 3920 3918
f 3894 3892 3945
f 3945 3892 3861
f 3945 3861 3849
f 3886 3932 3888
f 3888 3932 3930
f 3888 3930 3928
f 3829 3938 3936
f 3849 3851 3945
f 3945 3851 3877
f 3945 3877 3943
f 3943 3877 3941
f 3886 3844 3932
f 3932 3844 3833
f 3932 3833 3807
f 3807 3825 3932
f 3932 3825 3829
f 3932 3829 3934
f 3934 3829 3936
f 3899 3901 3944
f 3913 3948 3911
f 3911 3948 3944
f 3911 3944 3909
f 3909 3944 3907
f 3949 3921 3891
f 3891 3921 3923
f 3891 3923 3925
f 3925 3927 3891
f 3891 3927 3929
f 3891 3929 3889
f 3889 3929 3931
f 3889 3931 3933
f 3913 3915 3948
f 3948 3915 3917
f 3948 3917 3949
f 3949 3917 3919
f 3949 3919 3921
f 3899 3944 3897
f 3897 3944 3942
f 3897 3942 3940
f 3940 3882 3897
f 3897 3882 3869
f 3897 3869 3867
f 3901 3903 3944
f 3944 3903 3905
f 3944 3905 3907
f 3867 3856 3897
f 3897 3856 3893
f 3897 3893 3895
f 3933 3935 3889
f 3889 3935 3937
f 3889 3937 3939
f 3810 3837 3808
f 3808 3837 3812
f 3939 3820 3889
f 3889 3820 3812
f 3889 3812 3887
f 3887 3812 3837
f 3950 3948 3951
f 3951 3948 3946
f 3951 3946 3952
f 3953 3944 3954
f 3954 3944 3948
f 3954 3948 3955
f 3955 3948 3950
f 3956 3957 3945
f 3945 3957 3958
f 3945 3958 3946
f 3946 3958 3959
f 3946 3959 3952
f 3953 3960 3944
f 3944 3960 3961
f 3944 3961 3945
f 3945 3961 3962
f 3945 3962 3956
f 3963 3964 3890
f 3965 3949 3966
f 3966 3949 3891
f 3966 3891 3967
f 3890 3964 3891
f 3891 3964 3968
f 3891 3968 3967
f 3969 3947 3970
f 3970 3947 3949
f 3970 3949 3971
f 3971 3949 3965
f 3969 3972 3947
f 3947 3972 3973
f 3947 3973 3890
f 3890 3973 3974
f 3890 3974 3963
f 3948 3949 3946
f 3946 3949 3947
f 3838 3836 3975
f 3976 3977 3840
f 3975 3836 3978
f 3836 3835 3978
f 3978 3835 3842
f 3978 3842 3977
f 3977 3842 3841
f 3977 3841 3840
f 3838 3975 3839
f 3839 3975 3979
f 3839 3979 3843
f 3843 3979 3980
f 3843 3980 3845
f 3845 3980 3846
f 3846 3980 3981
f 3846 3981 3847
f 3847 3981 3848
f 3848 3981 3982
f 3848 3982 3834
f 3834 3982 3832
f 3832 3982 3983
f 3832 3983 3805
f 3805 3983 3806
f 3806 3983 3984
f 3806 3984 3827
f 3827 3984 3826
f 3826 3984 3985
f 3826 3985 3823
f 3823 3985 3824
f 3824 3985 3986
f 3824 3986 3831
f 3831 3986 3830
f 3830 3986 3987
f 3830 3987 3828
f 3821 3819 3987
f 3987 3819 3818
f 3987 3818 3828
f 3821 3987 3822
f 3822 3987 3988
f 3822 3988 3813
f 3813 3988 3989
f 3813 3989 3814
f 3990 3816 3989
f 3989 3816 3815
f 3989 3815 3814
f 3840 3811 3976
f 3976 3811 3809
f 3976 3809 3990
f 3990 3809 3817
f 3990 3817 3816
f 3991 3985 3992
f 3992 3985 3984
f 3992 3984 3993
f 3993 3984 3983
f 3993 3983 3994
f 3995 3988 3996
f 3996 3988 3987
f 3996 3987 3991
f 3991 3987 3986
f 3991 3986 3985
f 3997 3977 3998
f 3998 3977 3976
f 3998 3976 3999
f 3999 3976 3990
f 3999 3990 3995
f 3995 3990 3989
f 3995 3989 3988
f 3983 3982 3994
f 3994 3982 3981
f 3994 3981 4000
f 4000 3981 3980
f 4000 3980 4001
f 4001 3980 3979
f 4001 3979 4002
f 4002 3979 3975
f 4002 3975 3997
f 3997 3975 3978
f 3997 3978 3977
f 3875 3880 3956
f 3878 3853 3957
f 3957 3853 3958
f 3956 3880 3957
f 3957 3880 3879
f 3957 3879 3878
f 3875 3956 3876
f 3876 3956 3962
f 3876 3962 3881
f 3881 3962 3961
f 3881 3961 3883
f 3883 3961 3884
f 3884 3961 3960
f 3884 3960 3885
f 3953 3870 3960
f 3960 3870 3871
f 3960 3871 3885
f 3954 3866 3953
f 3953 3866 3868
f 3953 3868 3870
f 3854 3874 3955
f 3955 3874 3873
f 3955 3873 3954
f 3954 3873 3872
f 3954 3872 3866
f 3854 3955 3855
f 3855 3955 3950
f 3855 3950 3857
f 3857 3950 3858
f 3858 3950 3951
f 3858 3951 3859
f 3859 3951 3860
f 3860 3951 3952
f 3860 3952 3862
f 3959 3864 3952
f 3952 3864 3863
f 3952 3863 3862
f 3853 3852 3958
f 3958 3852 3850
f 3958 3850 3959
f 3959 3850 3865
f 3959 3865 3864
f 3973 3993 3974
f 3974 3993 3994
f 3974 3994 3963
f 3963 3994 4000
f 3963 4000 3964
f 3964 4000 4001
f 3964 4001 3968
f 3968 4001 4002
f 3968 4002 3967
f 3967 4002 3997
f 3967 3997 3966
f 3966 3997 3998
f 3966 3998 3965
f 3965 3998 3999
f 3965 3999 3971
f 3971 3999 3995
f 3971 3995 3970
f 3970 3995 3996
f 3970 3996 3969
f 3969 3996 3991
f 3969 3991 3972
f 3972 3991 3992
f 3972 3992 3973
f 3973 3992 3993
f 4003 4004 4005
f 4006 4007 4003
f 4003 4007 4008
f 4009 4010 4011
f 4005 4012 4003
f 4003 4012 4013
f 4003 4013 4006
f 4014 4015 4016
f 4015 4017 4016
f 4016 4017 4018
f 4016 4018 4019
f 4010 4009 4020
f 4020 4009 4021
f 4020 4021 4016
f 4016 4021 4022
f 4016 4022 4014
f 4023 4024 4025
f 4025 4024 4026
f 4025 4026 4027
f 4027 4026 4028
f 4027 4028 4029
f 4008 4030 4003
f 4003 4030 4027
f 4003 4027 4031
f 4031 4027 4029
f 4032 4033 4034
f 4034 4033 4035
f 4034 4035 4036
f 4036 4035 4037
f 4036 4037 4011
f 4011 4037 4038
f 4011 4038 4009
f 4009 4038 4039
f 4009 4039 4005
f 4005 4039 4040
f 4005 4040 4012
f 4041 4042 4018
f 4018 4042 4043
f 4018 4043 4019
f 4044 4045 4046
f 4046 4045 4047
f 4046 4047 4048
f 4049 4050 4051
f 4051 4050 4052
f 4051 4052 4053
f 4053 4054 4055
f 4055 4054 4056
f 4056 4057 4055
f 4055 4057 4058
f 4055 4058 4047
f 4047 4058 4059
f 4047 4059 4048
f 4060 4061 4062
f 4062 4061 4063
f 4062 4063 4064
f 4060 4065 4061
f 4061 4065 4066
f 4061 4066 4051
f 4051 4066 4067
f 4051 4067 4049
f 4068 4069 4070
f 4044 4071 4045
f 4045 4071 4072
f 4045 4072 4070
f 4070 4072 4073
f 4070 4073 4068
f 4069 4074 4075
f 4074 4076 4075
f 4075 4076 4077
f 4075 4077 4063
f 4063 4077 4078
f 4063 4078 4064
f 4053 4055 4051
f 4051 4055 4079
f 4051 4079 4080
f 4080 4079 4081
f 4080 4081 4082
f 4082 4081 4083
f 4082 4083 4084
f 4084 4083 4085
f 4084 4085 4086
f 4086 4085 4087
f 4086 4087 4088
f 4088 4087 4089
f 4088 4089 4090
f 4090 4089 4091
f 4090 4091 4092
f 4092 4091 4093
f 4092 4093 4094
f 4094 4093 4095
f 4094 4095 4096
f 4096 4095 4097
f 4096 4097 4098
f 4098 4097 4099
f 4098 4099 4100
f 4100 4099 4101
f 4100 4101 4102
f 4102 4101 4103
f 4102 4103 4104
f 4104 4103 4105
f 4104 4105 4106
f 4106 4105 4107
f 4106 4107 4108
f 4108 4107 4109
f 4108 4109 4110
f 4110 4109 4111
f 4110 4111 4112
f 4112 4111 4113
f 4112 4113 4114
f 4114 4113 4115
f 4114 4115 4116
f 4069 4075 4070
f 4070 4075 4117
f 4070 4117 4118
f 4118 4117 4119
f 4118 4119 4120
f 4120 4119 4121
f 4120 4121 4122
f 4123 4124 4125
f 4125 4124 4126
f 4125 4126 4127
f 4128 4129 4041
f 4128 4041 4130
f 4131 4132 4133
f 4133 4132 4041
f 4133 4041 4134
f 4134 4041 4129
f 4131 4135 4132
f 4132 4135 4136
f 4132 4136 4137
f 4137 4138 4132
f 4132 4138 4139
f 4132 4139 4126
f 4126 4139 4140
f 4126 4140 4127
f 4141 4018 4142
f 4142 4018 4017
f 4141 4143 4018
f 4018 4143 4144
f 4018 4144 4041
f 4041 4144 4145
f 4041 4145 4130
f 4146 4147 4148
f 4123 4149 4124
f 4124 4149 4150
f 4124 4150 4148
f 4148 4150 4151
f 4148 4151 4146
f 4147 4152 4148
f 4148 4152 4153
f 4148 4153 4154
f 4154 4155 4015
f 4015 4155 4156
f 4156 4157 4015
f 4015 4157 4158
f 4015 4158 4017
f 4017 4158 4159
f 4017 4159 4142
f 4154 4015 4148
f 4148 4015 4014
f 4148 4014 4160
f 4160 4014 4022
f 4160 4022 4161
f 4161 4022 4021
f 4161 4021 4162
f 4163 4121 4119
f 4164 4165 4166
f 4165 4164 4167
f 4167 4164 4106
f 4167 4106 4108
f 4098 4100 4163
f 4163 4100 4102
f 4163 4102 4164
f 4164 4102 4104
f 4164 4104 4106
f 4108 4110 4167
f 4167 4110 4112
f 4167 4112 4114
f 4168 4132 4126
f 4169 4124 4148
f 4119 4117 4163
f 4163 4117 4075
f 4163 4075 4063
f 4114 4116 4170
f 4148 4160 4169
f 4169 4160 4161
f 4169 4161 4166
f 4166 4161 4162
f 4166 4162 4164
f 4063 4061 4163
f 4163 4061 4051
f 4163 4051 4080
f 4170 4171 4114
f 4114 4171 4172
f 4114 4172 4167
f 4168 4126 4173
f 4124 4169 4126
f 4126 4169 4174
f 4126 4174 4173
f 4080 4082 4163
f 4163 4082 4084
f 4163 4084 4086
f 4086 4088 4163
f 4163 4088 4090
f 4163 4090 4092
f 4092 4094 4163
f 4163 4094 4096
f 4163 4096 4098
f 4175 4122 4004
f 4004 4122 4121
f 4176 4005 4177
f 4177 4005 4004
f 4177 4004 4178
f 4179 4163 4180
f 4180 4163 4005
f 4180 4005 4181
f 4181 4005 4176
f 4179 4182 4163
f 4163 4182 4183
f 4163 4183 4121
f 4121 4183 4184
f 4121 4184 4185
f 4185 4186 4121
f 4121 4186 4187
f 4121 4187 4004
f 4004 4187 4188
f 4004 4188 4178
f 4189 4162 4190
f 4190 4162 4021
f 4190 4021 4191
f 4192 4164 4193
f 4193 4164 4162
f 4193 4162 4194
f 4194 4162 4189
f 4195 4009 4196
f 4196 4009 4164
f 4196 4164 4197
f 4197 4164 4192
f 4195 4198 4009
f 4009 4198 4199
f 4009 4199 4021
f 4021 4199 4200
f 4021 4200 4191
f 4163 4164 4005
f 4005 4164 4009
f 4140 4139 4201
f 4202 4150 4203
f 4203 4150 4149
f 4204 4205 4152
f 4152 4147 4204
f 4204 4147 4146
f 4204 4146 4202
f 4202 4146 4151
f 4202 4151 4150
f 4206 4155 4207
f 4207 4155 4154
f 4207 4154 4205
f 4205 4154 4153
f 4205 4153 4152
f 4208 4157 4206
f 4206 4157 4156
f 4206 4156 4155
f 4209 4159 4208
f 4208 4159 4158
f 4208 4158 4157
f 4130 4145 4210
f 4210 4145 4144
f 4210 4144 4211
f 4211 4144 4143
f 4211 4143 4212
f 4212 4143 4141
f 4212 4141 4209
f 4209 4141 4142
f 4209 4142 4159
f 4130 4210 4128
f 4128 4210 4213
f 4128 4213 4129
f 4129 4213 4134
f 4134 4213 4214
f 4134 4214 4133
f 4133 4214 4131
f 4131 4214 4215
f 4131 4215 4135
f 4135 4215 4136
f 4136 4215 4216
f 4136 4216 4137
f 4201 4139 4216
f 4216 4139 4138
f 4216 4138 4137
f 4149 4123 4203
f 4203 4123 4125
f 4203 4125 4201
f 4201 4125 4127
f 4201 4127 4140
f 4211 4217 4218
f 4211 4212 4217
f 4217 4212 4209
f 4217 4209 4219
f 4219 4209 4208
f 4219 4208 4220
f 4220 4208 4206
f 4220 4206 4221
f 4221 4206 4207
f 4221 4207 4222
f 4223 4215 4224
f 4224 4215 4214
f 4224 4214 4225
f 4225 4214 4213
f 4225 4213 4218
f 4218 4213 4210
f 4218 4210 4211
f 4207 4205 4222
f 4222 4205 4204
f 4222 4204 4226
f 4226 4204 4202
f 4226 4202 4227
f 4227 4202 4203
f 4227 4203 4228
f 4228 4203 4201
f 4228 4201 4223
f 4223 4201 4216
f 4223 4216 4215
f 4059 4058 4176
f 4068 4073 4188
f 4177 4178 4071
f 4188 4073 4178
f 4178 4073 4072
f 4178 4072 4071
f 4068 4188 4069
f 4069 4188 4187
f 4069 4187 4074
f 4074 4187 4186
f 4074 4186 4076
f 4076 4186 4077
f 4077 4186 4185
f 4077 4185 4078
f 4078 4185 4064
f 4064 4185 4184
f 4064 4184 4062
f 4062 4184 4060
f 4060 4184 4183
f 4060 4183 4065
f 4065 4183 4066
f 4066 4183 4182
f 4066 4182 4067
f 4067 4182 4049
f 4049 4182 4179
f 4049 4179 4050
f 4050 4179 4052
f 4052 4179 4180
f 4052 4180 4053
f 4053 4180 4054
f 4054 4180 4181
f 4054 4181 4056
f 4176 4058 4181
f 4181 4058 4057
f 4181 4057 4056
f 4071 4044 4177
f 4177 4044 4046
f 4177 4046 4176
f 4176 4046 4048
f 4176 4048 4059
f 4199 4217 4200
f 4200 4217 4219
f 4200 4219 4191
f 4191 4219 4220
f 4191 4220 4190
f 4190 4220 4221
f 4190 4221 4189
f 4189 4221 4222
f 4189 4222 4194
f 4194 4222 4226
f 4194 4226 4193
f 4193 4226 4227
f 4193 4227 4192
f 4192 4227 4228
f 4192 4228 4197
f 4197 4228 4223
f 4197 4223 4196
f 4196 4223 4224
f 4196 4224 4195
f 4195 4224 4225
f 4195 4225 4198
f 4198 4225 4218
f 4198 4218 4199
f 4199 4218 4217
f 4011 4010 4167
f 4167 4010 4165
f 4169 4166 4016
f 4016 4166 4020
f 4166 4165 4020
f 4020 4165 4010
f 4041 4132 4168
f 4041 4168 4042
f 4042 4168 4173
f 4042 4173 4043
f 4043 4173 4174
f 4043 4174 4019
f 4019 4174 4169
f 4019 4169 4016
f 4011 4167 4172
f 4011 4172 4036
f 4036 4172 4171
f 4036 4171 4034
f 4229 4230 4032
f 4034 4171 4032
f 4032 4171 4170
f 4032 4170 4229
f 4229 4170 4116
f 4229 4116 4115
f 4175 4004 4231
f 4231 4004 4003
f 4231 4003 4232
f 4232 4003 4031
f 4232 4031 4233
f 4233 4031 4029
f 4233 4029 4234
f 4234 4029 4028
f 4234 4028 4235
f 4235 4028 4026
f 4235 4026 4236
f 4236 4026 4024
f 4236 4024 4237
f 4237 4024 4023
f 4237 4023 4238
f 4238 4023 4025
f 4238 4025 4239
f 4239 4025 4027
f 4239 4027 4240
f 4240 4027 4030
f 4240 4030 4241
f 4241 4030 4008
f 4241 4008 4242
f 4242 4008 4007
f 4242 4007 4243
f 4243 4007 4006
f 4243 4006 4244
f 4244 4006 4013
f 4244 4013 4245
f 4245 4013 4012
f 4245 4012 4246
f 4246 4012 4040
f 4246 4040 4247
f 4247 4040 4039
f 4247 4039 4248
f 4248 4039 4038
f 4248 4038 4249
f 4249 4038 4037
f 4249 4037 4250
f 4250 4037 4035
f 4250 4035 4251
f 4251 4035 4033
f 4251 4033 4230
f 4230 4033 4032
f 4229 4115 4113
f 4122 4175 4120
f 4120 4175 4231
f 4120 4231 4118
f 4118 4231 4232
f 4118 4232 4070
f 4070 4232 4233
f 4070 4233 4045
f 4045 4233 4234
f 4241 4089 4240
f 4240 4089 4087
f 4240 4087 4239
f 4239 4087 4085
f 4239 4085 4238
f 4238 4085 4083
f 4238 4083 4237
f 4237 4083 4081
f 4237 4081 4236
f 4236 4081 4079
f 4236 4079 4235
f 4235 4079 4055
f 4235 4055 4234
f 4234 4055 4047
f 4234 4047 4045
f 4230 4229 4251
f 4251 4229 4113
f 4251 4113 4250
f 4250 4113 4111
f 4250 4111 4249
f 4249 4111 4109
f 4249 4109 4248
f 4109 4107 4248
f 4248 4107 4105
f 4248 4105 4247
f 4247 4105 4103
f 4247 4103 4246
f 4246 4103 4101
f 4246 4101 4245
f 4245 4101 4099
f 4245 4099 4244
f 4244 4099 4097
f 4244 4097 4243
f 4243 4097 4095
f 4243 4095 4242
f 4242 4095 4093
f 4242 4093 4241
f 4241 4093 4091
f 4241 4091 4089
f 4252 4253 4254
f 4254 4253 4255
f 4254 4255 4256
f 4256 4255 4257
f 4258 4259 4260
f 4260 4259 4261
f 4260 4261 4262
f 4262 4261 4263
f 4264 4265 4259
f 4259 4265 4266
f 4259 4266 4257
f 4266 4267 4257
f 4257 4267 4268
f 4257 4268 4256
f 4268 4269 4256
f 4256 4269 4270
f 4256 4270 4271
f 4271 4270 4272
f 4271 4272 4273
f 4273 4272 4274
f 4273 4274 4275
f 4275 4274 4276
f 4275 4276 4258
f 4258 4276 4277
f 4258 4277 4259
f 4259 4277 4278
f 4259 4278 4264
f 4253 4279 4255
f 4255 4279 4280
f 4280 4281 4255
f 4255 4281 4282
f 4255 4282 4261
f 4261 4282 4283
f 4261 4283 4284
f 4284 4285 4261
f 4261 4285 4286
f 4261 4286 4263
f 4286 4287 4263
f 4263 4287 4288
f 4263 4288 4289
f 4289 4288 4290
f 4289 4290 4291
f 4291 4290 4292
f 4291 4292 4293
f 4293 4292 4294
f 4293 4294 4295
f 4295 4294 4296
f 4295 4296 4253
f 4253 4296 4297
f 4253 4297 4279
f 4260 4298 4299
f 4260 4299 4300
f 4300 4299 4301
f 4300 4301 4302
f 4302 4301 4303
f 4302 4303 4304
f 4304 4303 4305
f 4304 4305 4254
f 4305 4306 4254
f 4254 4306 4307
f 4254 4307 4252
f 4252 4307 4308
f 4252 4308 4309
f 4309 4308 4310
f 4298 4260 4311
f 4311 4260 4262
f 4311 4262 4312
f 4312 4262 4313
f 4312 4313 4314
f 4314 4313 4315
f 4314 4315 4310
f 4310 4315 4316
f 4310 4316 4309
f 4254 4256 4304
f 4304 4256 4271
f 4304 4271 4302
f 4302 4271 4273
f 4302 4273 4300
f 4300 4273 4275
f 4300 4275 4260
f 4260 4275 4258
f 4253 4252 4295
f 4295 4252 4309
f 4295 4309 4293
f 4293 4309 4316
f 4293 4316 4291
f 4291 4316 4315
f 4291 4315 4289
f 4289 4315 4313
f 4289 4313 4263
f 4263 4313 4262
f 4307 4317 4308
f 4308 4317 4318
f 4308 4318 4310
f 4310 4318 4319
f 4310 4319 4314
f 4314 4319 4320
f 4314 4320 4312
f 4312 4320 4321
f 4312 4321 4311
f 4311 4321 4322
f 4311 4322 4298
f 4298 4322 4323
f 4298 4323 4299
f 4299 4323 4324
f 4299 4324 4301
f 4301 4324 4325
f 4301 4325 4303
f 4303 4325 4326
f 4303 4326 4305
f 4305 4326 4327
f 4305 4327 4306
f 4306 4327 4328
f 4306 4328 4307
f 4307 4328 4317
f 4323 4329 4324
f 4324 4329 4330
f 4324 4330 4325
f 4325 4330 4331
f 4325 4331 4326
f 4319 4332 4320
f 4320 4332 4333
f 4320 4333 4321
f 4321 4333 4334
f 4321 4334 4322
f 4322 4334 4335
f 4322 4335 4323
f 4323 4335 4336
f 4323 4336 4329
f 4331 4337 4326
f 4326 4337 4338
f 4326 4338 4327
f 4327 4338 4339
f 4327 4339 4328
f 4328 4339 4340
f 4328 4340 4317
f 4317 4340 4341
f 4317 4341 4318
f 4318 4341 4342
f 4318 4342 4319
f 4319 4342 4343
f 4319 4343 4332
f 4341 4279 4342
f 4342 4279 4297
f 4342 4297 4343
f 4343 4297 4296
f 4343 4296 4332
f 4332 4296 4294
f 4332 4294 4333
f 4333 4294 4292
f 4333 4292 4334
f 4334 4292 4290
f 4334 4290 4335
f 4335 4290 4288
f 4335 4288 4336
f 4336 4288 4287
f 4336 4287 4329
f 4329 4287 4286
f 4329 4286 4330
f 4330 4286 4285
f 4330 4285 4331
f 4331 4285 4284
f 4331 4284 4337
f 4337 4284 4283
f 4337 4283 4338
f 4338 4283 4282
f 4338 4282 4339
f 4339 4282 4281
f 4339 4281 4340
f 4340 4281 4280
f 4340 4280 4341
f 4341 4280 4279
f 4255 4261 4257
f 4257 4261 4259
f 4344 4345 4346
f 4347 4345 4344
f 4344 4348 4349
f 4350 4348 4344
f 4346 4350 4344
f 4344 4351 4352
f 4353 4351 4344
f 4349 4353 4344
f 4344 4354 4355
f 4356 4354 4344
f 4352 4356 4344
f 4355 4347 4344
f 4347 4278 4345
f 4345 4278 4277
f 4345 4277 4346
f 4346 4277 4276
f 4346 4276 4350
f 4350 4276 4274
f 4350 4274 4348
f 4348 4274 4272
f 4348 4272 4349
f 4349 4272 4270
f 4349 4270 4353
f 4353 4270 4269
f 4353 4269 4351
f 4351 4269 4268
f 4351 4268 4352
f 4352 4268 4267
f 4352 4267 4356
f 4356 4267 4266
f 4356 4266 4354
f 4354 4266 4265
f 4354 4265 4355
f 4355 4265 4264
f 4355 4264 4347
f 4347 4264 4278
f 4357 4358 4359
f 4360 4361 4362
f 4363 4364 4365
f 4365 4364 4366
f 4365 4366 4367
f 4362 4361 4368
f 4369 4370 4371
f 4363 4365 4372
f 4372 4365 4373
f 4372 4373 4374
f 4374 4373 4375
f 4374 4375 4376
f 4377 4378 4379
f 4380 4381 4382
f 4382 4381 4383
f 4382 4383 4384
f 4384 4383 4385
f 4384 4385 4386
f 4386 4385 4387
f 4386 4387 4388
f 4389 4390 4377
f 4371 4370 4391
f 4391 4370 4392
f 4391 4392 4393
f 4393 4392 4394
f 4394 4392 4395
f 4394 4395 4359
f 4376 4357 4374
f 4374 4357 4359
f 4374 4359 4382
f 4382 4359 4395
f 4382 4395 4380
f 4396 4397 4398
f 4399 4400 4401
f 4401 4400 4402
f 4361 4403 4368
f 4368 4403 4404
f 4368 4404 4405
f 4405 4404 4406
f 4405 4406 4407
f 4407 4406 4408
f 4407 4408 4409
f 4409 4408 4410
f 4396 4398 4411
f 4411 4398 4412
f 4411 4412 4400
f 4400 4412 4413
f 4400 4413 4402
f 4408 4414 4410
f 4410 4414 4369
f 4410 4369 4415
f 4415 4369 4371
f 4416 4417 4418
f 4419 4420 4421
f 4416 4418 4422
f 4366 4423 4367
f 4367 4423 4424
f 4367 4424 4425
f 4425 4424 4426
f 4425 4426 4427
f 4427 4426 4422
f 4427 4422 4428
f 4428 4422 4418
f 4429 4430 4431
f 4431 4430 4432
f 4431 4432 4433
f 4433 4432 4434
f 4433 4434 4435
f 4379 4378 4436
f 4397 4389 4398
f 4398 4389 4377
f 4398 4377 4431
f 4431 4377 4379
f 4431 4379 4429
f 4437 4438 4439
f 4439 4438 4440
f 4439 4440 4362
f 4362 4440 4441
f 4362 4441 4360
f 4378 4442 4436
f 4436 4442 4443
f 4436 4443 4444
f 4444 4443 4416
f 4444 4416 4388
f 4388 4416 4422
f 4388 4422 4386
f 4445 4446 4447
f 4434 4448 4435
f 4435 4448 4449
f 4435 4449 4450
f 4421 4451 4419
f 4419 4451 4452
f 4419 4452 4453
f 4453 4452 4454
f 4453 4454 4414
f 4414 4454 4455
f 4414 4455 4369
f 4445 4447 4450
f 4401 4456 4399
f 4399 4456 4457
f 4399 4457 4458
f 4458 4457 4459
f 4458 4459 4460
f 4460 4459 4450
f 4460 4450 4461
f 4461 4450 4447
f 4437 4462 4438
f 4438 4462 4463
f 4438 4463 4464
f 4464 4463 4465
f 4450 4449 4445
f 4445 4449 4466
f 4445 4466 4467
f 4467 4466 4468
f 4467 4468 4469
f 4469 4468 4470
f 4470 4468 4420
f 4470 4420 4464
f 4464 4420 4419
f 4464 4419 4438
f 4471 4447 4446
f 4471 4446 4472
f 4472 4446 4445
f 4472 4445 4473
f 4473 4445 4467
f 4473 4467 4474
f 4474 4467 4469
f 4474 4469 4475
f 4475 4469 4470
f 4475 4470 4476
f 4476 4470 4464
f 4476 4464 4477
f 4477 4464 4465
f 4477 4465 4478
f 4478 4465 4463
f 4478 4463 4479
f 4480 4418 4417
f 4480 4417 4481
f 4481 4417 4416
f 4481 4416 4482
f 4482 4416 4443
f 4482 4443 4483
f 4483 4443 4442
f 4483 4442 4484
f 4484 4442 4378
f 4484 4378 4485
f 4485 4378 4377
f 4485 4377 4486
f 4486 4377 4390
f 4486 4390 4487
f 4487 4390 4389
f 4487 4389 4488
f 4489 4410 4415
f 4489 4415 4490
f 4490 4415 4371
f 4490 4371 4491
f 4491 4371 4391
f 4491 4391 4492
f 4492 4391 4393
f 4492 4393 4493
f 4493 4393 4394
f 4493 4394 4494
f 4494 4394 4359
f 4494 4359 4495
f 4495 4359 4358
f 4495 4358 4496
f 4496 4358 4357
f 4496 4357 4497
f 4498 4499 4500
f 4500 4499 4501
f 4500 4501 4502
f 4503 4468 4466
f 4503 4466 4498
f 4504 4505 4421
f 4421 4505 4506
f 4421 4420 4504
f 4504 4420 4468
f 4504 4468 4507
f 4507 4468 4503
f 4508 4509 4510
f 4510 4509 4511
f 4510 4511 4512
f 4508 4513 4379
f 4379 4513 4429
f 4514 4515 4432
f 4432 4515 4516
f 4432 4430 4514
f 4514 4430 4429
f 4514 4429 4517
f 4517 4429 4513
f 4518 4519 4520
f 4519 4521 4454
f 4454 4521 4455
f 4522 4523 4524
f 4524 4523 4518
f 4524 4518 4525
f 4525 4518 4520
f 4526 4527 4392
f 4392 4527 4528
f 4392 4370 4526
f 4526 4370 4369
f 4526 4369 4529
f 4529 4369 4455
f 4529 4455 4530
f 4530 4455 4521
f 4531 4532 4533
f 4533 4532 4534
f 4533 4534 4535
f 4531 4536 4381
f 4381 4536 4383
f 4537 4538 4387
f 4387 4538 4539
f 4387 4385 4537
f 4537 4385 4383
f 4537 4383 4540
f 4540 4383 4536
f 4531 4381 4532
f 4532 4381 4380
f 4532 4380 4541
f 4541 4380 4395
f 4541 4395 4542
f 4542 4395 4392
f 4542 4392 4543
f 4543 4392 4528
f 4543 4528 4522
f 4522 4528 4544
f 4522 4544 4523
f 4508 4379 4509
f 4509 4379 4436
f 4509 4436 4545
f 4545 4436 4444
f 4545 4444 4546
f 4546 4444 4388
f 4546 4388 4547
f 4547 4388 4387
f 4547 4387 4548
f 4548 4387 4539
f 4548 4539 4535
f 4535 4539 4549
f 4535 4549 4533
f 4498 4466 4499
f 4499 4466 4449
f 4499 4449 4550
f 4550 4449 4448
f 4550 4448 4551
f 4551 4448 4434
f 4551 4434 4552
f 4552 4434 4432
f 4552 4432 4553
f 4553 4432 4516
f 4553 4516 4512
f 4512 4516 4554
f 4512 4554 4510
f 4519 4454 4520
f 4520 4454 4452
f 4520 4452 4555
f 4555 4452 4451
f 4555 4451 4556
f 4556 4451 4421
f 4556 4421 4557
f 4557 4421 4506
f 4557 4506 4502
f 4502 4506 4558
f 4502 4558 4500
f 4553 4512 4559
f 4559 4512 4511
f 4559 4511 4560
f 4560 4511 4509
f 4560 4509 4561
f 4561 4509 4545
f 4561 4545 4562
f 4562 4545 4546
f 4562 4546 4563
f 4563 4546 4547
f 4563 4547 4564
f 4564 4547 4548
f 4564 4548 4565
f 4565 4548 4535
f 4565 4535 4566
f 4566 4535 4534
f 4566 4534 4567
f 4567 4534 4532
f 4567 4532 4568
f 4568 4532 4541
f 4568 4541 4569
f 4569 4541 4542
f 4569 4542 4570
f 4570 4542 4543
f 4570 4543 4571
f 4571 4543 4522
f 4571 4522 4572
f 4572 4522 4524
f 4572 4524 4573
f 4573 4524 4525
f 4573 4525 4574
f 4574 4525 4520
f 4574 4520 4575
f 4575 4520 4555
f 4575 4555 4576
f 4576 4555 4556
f 4576 4556 4577
f 4577 4556 4557
f 4577 4557 4578
f 4578 4557 4502
f 4578 4502 4579
f 4579 4502 4501
f 4579 4501 4580
f 4580 4501 4499
f 4580 4499 4581
f 4581 4499 4550
f 4581 4550 4582
f 4582 4550 4551
f 4582 4551 4583
f 4583 4551 4552
f 4583 4552 4584
f 4584 4552 4553
f 4584 4553 4559
f 4585 4586 4587
f 4585 4587 4588
f 4589 4590 4591
f 4585 4592 4586
f 4586 4592 4593
f 4586 4593 4594
f 4589 4591 4595
f 4590 4596 4591
f 4591 4596 4597
f 4591 4597 4598
f 4598 4597 4599
f 4598 4599 4600
f 4600 4599 4601
f 4601 4599 4602
f 4601 4602 4603
f 4602 4604 4603
f 4603 4604 4605
f 4603 4605 4606
f 4607 4608 4609
f 4609 4608 4610
f 4607 4611 4608
f 4608 4611 4612
f 4608 4612 4613
f 4613 4612 4588
f 4613 4588 4614
f 4614 4588 4587
f 4615 4616 4617
f 4615 4617 4618
f 4615 4619 4616
f 4616 4619 4620
f 4616 4620 4621
f 4622 4623 4624
f 4624 4623 4625
f 4622 4626 4623
f 4623 4626 4627
f 4623 4627 4628
f 4628 4627 4629
f 4628 4629 4630
f 4630 4629 4631
f 4631 4629 4632
f 4631 4632 4633
f 4634 4635 4636
f 4632 4637 4633
f 4633 4637 4638
f 4633 4638 4639
f 4634 4636 4640
f 4635 4641 4636
f 4636 4641 4642
f 4636 4642 4643
f 4643 4642 4618
f 4643 4618 4644
f 4644 4618 4617
f 4645 4646 4647
f 4645 4647 4648
f 4645 4649 4646
f 4646 4649 4650
f 4646 4650 4651
f 4652 4653 4654
f 4654 4653 4655
f 4652 4656 4653
f 4653 4656 4657
f 4653 4657 4658
f 4658 4657 4659
f 4658 4659 4660
f 4661 4662 4663
f 4660 4659 4664
f 4664 4659 4665
f 4664 4665 4666
f 4665 4667 4666
f 4666 4667 4668
f 4666 4668 4669
f 4661 4663 4670
f 4662 4671 4663
f 4663 4671 4672
f 4663 4672 4673
f 4673 4672 4648
f 4673 4648 4674
f 4674 4648 4647
f 4675 4676 4677
f 4675 4677 4678
f 4675 4679 4676
f 4676 4679 4680
f 4676 4680 4681
f 4682 4683 4684
f 4684 4683 4685
f 4682 4686 4683
f 4683 4686 4687
f 4683 4687 4688
f 4688 4687 4689
f 4688 4689 4690
f 4691 4692 4693
f 4690 4689 4694
f 4694 4689 4695
f 4694 4695 4696
f 4695 4697 4696
f 4696 4697 4698
f 4696 4698 4699
f 4691 4693 4700
f 4692 4701 4693
f 4693 4701 4702
f 4693 4702 4703
f 4703 4702 4678
f 4703 4678 4704
f 4704 4678 4677
f 4669 4670 4666
f 4666 4670 4663
f 4666 4663 4705
f 4705 4663 4706
f 4705 4706 4707
f 4707 4706 4708
f 4707 4708 4709
f 4709 4708 4710
f 4709 4710 4711
f 4711 4710 4712
f 4711 4712 4713
f 4713 4712 4714
f 4713 4714 4715
f 4715 4714 4716
f 4715 4716 4717
f 4717 4716 4718
f 4717 4718 4623
f 4623 4718 4616
f 4623 4616 4625
f 4625 4616 4621
f 4639 4640 4633
f 4633 4640 4636
f 4633 4636 4719
f 4719 4636 4720
f 4719 4720 4721
f 4721 4720 4722
f 4721 4722 4723
f 4723 4722 4724
f 4723 4724 4725
f 4725 4724 4726
f 4725 4726 4727
f 4727 4726 4728
f 4727 4728 4729
f 4729 4728 4730
f 4729 4730 4731
f 4731 4730 4732
f 4731 4732 4608
f 4608 4732 4603
f 4608 4603 4610
f 4610 4603 4606
f 4594 4595 4586
f 4586 4595 4591
f 4586 4591 4733
f 4733 4591 4734
f 4733 4734 4735
f 4735 4734 4736
f 4735 4736 4737
f 4737 4736 4738
f 4737 4738 4739
f 4739 4738 4740
f 4739 4740 4741
f 4741 4740 4742
f 4741 4742 4743
f 4743 4742 4744
f 4743 4744 4745
f 4745 4744 4746
f 4745 4746 4683
f 4683 4746 4676
f 4683 4676 4685
f 4685 4676 4681
f 4699 4700 4696
f 4696 4700 4693
f 4696 4693 4747
f 4747 4693 4748
f 4747 4748 4749
f 4749 4748 4750
f 4749 4750 4751
f 4751 4750 4752
f 4751 4752 4753
f 4753 4752 4754
f 4753 4754 4755
f 4755 4754 4756
f 4755 4756 4757
f 4757 4756 4758
f 4757 4758 4759
f 4759 4758 4760
f 4759 4760 4653
f 4653 4760 4646
f 4653 4646 4655
f 4655 4646 4651
f 4480 4481 4482
f 4471 4472 4473
f 4761 4762 4763
f 4764 4257 4765
f 4765 4257 4766
f 4765 4766 4767
f 4767 4766 4768
f 4767 4768 4769
f 4770 4771 4772
f 4772 4771 4773
f 4772 4773 4774
f 4774 4773 4775
f 4774 4775 4776
f 4776 4775 4488
f 4488 4775 4777
f 4488 4777 4778
f 4779 4780 4781
f 4781 4780 4782
f 4781 4782 4770
f 4770 4782 4783
f 4770 4783 4771
f 4489 4490 4491
f 4784 4485 4785
f 4785 4485 4486
f 4785 4486 4778
f 4778 4486 4487
f 4778 4487 4488
f 4482 4483 4784
f 4784 4483 4484
f 4784 4484 4485
f 4786 4787 4788
f 4789 4790 4791
f 4791 4790 4792
f 4791 4792 4793
f 4794 4795 4796
f 4796 4795 4797
f 4796 4797 4798
f 4798 4797 4799
f 4798 4799 4777
f 4777 4799 4800
f 4777 4800 4778
f 4764 4801 4257
f 4257 4801 4802
f 4257 4802 4259
f 4769 4480 4767
f 4767 4480 4482
f 4767 4482 4788
f 4788 4482 4784
f 4788 4784 4786
f 4789 4791 4803
f 4803 4791 4804
f 4803 4804 4805
f 4805 4804 4806
f 4805 4806 4807
f 4792 4808 4793
f 4793 4808 4809
f 4793 4809 4810
f 4810 4809 4811
f 4810 4811 4812
f 4812 4811 4813
f 4812 4813 4814
f 4815 4816 4817
f 4817 4816 4818
f 4817 4818 4763
f 4763 4818 4819
f 4763 4819 4761
f 4787 4820 4788
f 4788 4820 4821
f 4788 4821 4822
f 4822 4821 4823
f 4822 4823 4824
f 4824 4823 4825
f 4824 4825 4826
f 4802 4827 4259
f 4259 4827 4828
f 4259 4828 4829
f 4829 4828 4830
f 4829 4830 4831
f 4831 4830 4832
f 4831 4832 4833
f 4814 4813 4479
f 4479 4813 4477
f 4479 4477 4478
f 4779 4781 4834
f 4834 4781 4835
f 4834 4835 4836
f 4836 4835 4837
f 4836 4837 4838
f 4495 4496 4497
f 4491 4492 4839
f 4839 4492 4493
f 4839 4493 4840
f 4840 4493 4494
f 4840 4494 4495
f 4807 4489 4805
f 4805 4489 4491
f 4805 4491 4841
f 4841 4491 4839
f 4841 4839 4817
f 4817 4839 4842
f 4817 4842 4815
f 4813 4763 4477
f 4477 4763 4762
f 4477 4762 4476
f 4476 4762 4843
f 4476 4843 4475
f 4475 4843 4844
f 4475 4844 4474
f 4474 4844 4473
f 4838 4471 4836
f 4836 4471 4473
f 4836 4473 4796
f 4796 4473 4844
f 4796 4844 4794
f 4826 4840 4824
f 4824 4840 4495
f 4824 4495 4832
f 4832 4495 4497
f 4832 4497 4833
f 4523 4544 4518
f 4518 4544 4528
f 4518 4528 4519
f 4521 4527 4530
f 4530 4527 4526
f 4530 4526 4529
f 4527 4521 4845
f 4845 4521 4846
f 4847 4848 4528
f 4528 4848 4849
f 4528 4849 4519
f 4519 4849 4850
f 4845 4851 4527
f 4527 4851 4852
f 4527 4852 4528
f 4528 4852 4853
f 4528 4853 4847
f 4850 4854 4519
f 4519 4854 4855
f 4519 4855 4521
f 4521 4855 4856
f 4521 4856 4846
f 4513 4515 4517
f 4517 4515 4514
f 4554 4516 4510
f 4510 4516 4508
f 4508 4516 4857
f 4857 4858 4508
f 4508 4858 4859
f 4508 4859 4513
f 4513 4859 4860
f 4513 4860 4861
f 4862 4516 4863
f 4863 4516 4515
f 4862 4864 4516
f 4516 4864 4865
f 4516 4865 4857
f 4861 4866 4513
f 4513 4866 4867
f 4513 4867 4515
f 4515 4867 4868
f 4515 4868 4863
f 4549 4539 4533
f 4533 4539 4531
f 4536 4538 4540
f 4540 4538 4537
f 4869 4870 4531
f 4538 4536 4871
f 4871 4536 4872
f 4871 4873 4538
f 4538 4873 4874
f 4538 4874 4539
f 4539 4874 4875
f 4539 4875 4876
f 4531 4870 4536
f 4536 4870 4877
f 4536 4877 4872
f 4876 4878 4539
f 4539 4878 4879
f 4539 4879 4531
f 4531 4879 4880
f 4531 4880 4869
f 4507 4503 4504
f 4504 4503 4505
f 4506 4498 4558
f 4558 4498 4500
f 4505 4881 4506
f 4506 4881 4882
f 4506 4882 4883
f 4883 4884 4506
f 4506 4884 4885
f 4506 4885 4498
f 4885 4886 4498
f 4498 4886 4887
f 4498 4887 4503
f 4503 4887 4888
f 4503 4888 4889
f 4889 4890 4503
f 4503 4890 4891
f 4503 4891 4505
f 4505 4891 4892
f 4505 4892 4881
f 4864 4862 4606
f 4612 4611 4868
f 4868 4611 4607
f 4868 4607 4863
f 4863 4607 4609
f 4863 4609 4862
f 4862 4609 4610
f 4862 4610 4606
f 4612 4868 4588
f 4588 4868 4867
f 4588 4867 4585
f 4585 4867 4866
f 4585 4866 4592
f 4592 4866 4861
f 4592 4861 4593
f 4593 4861 4594
f 4594 4861 4860
f 4594 4860 4595
f 4595 4860 4589
f 4589 4860 4859
f 4589 4859 4590
f 4590 4859 4858
f 4590 4858 4596
f 4606 4605 4864
f 4864 4605 4604
f 4864 4604 4865
f 4865 4604 4602
f 4865 4602 4857
f 4857 4602 4599
f 4857 4599 4858
f 4858 4599 4597
f 4858 4597 4596
f 4627 4626 4892
f 4892 4626 4622
f 4892 4622 4881
f 4881 4622 4624
f 4881 4624 4882
f 4627 4892 4629
f 4629 4892 4891
f 4629 4891 4632
f 4632 4891 4890
f 4632 4890 4637
f 4637 4890 4889
f 4637 4889 4638
f 4638 4889 4639
f 4639 4889 4888
f 4639 4888 4640
f 4640 4888 4634
f 4634 4888 4887
f 4634 4887 4635
f 4635 4887 4886
f 4635 4886 4641
f 4883 4619 4884
f 4884 4619 4615
f 4884 4615 4885
f 4885 4615 4618
f 4885 4618 4886
f 4886 4618 4642
f 4886 4642 4641
f 4624 4625 4882
f 4882 4625 4621
f 4882 4621 4883
f 4883 4621 4620
f 4883 4620 4619
f 4856 4855 4669
f 4672 4671 4850
f 4850 4671 4662
f 4850 4662 4854
f 4854 4662 4661
f 4854 4661 4855
f 4855 4661 4670
f 4855 4670 4669
f 4672 4850 4648
f 4648 4850 4849
f 4648 4849 4645
f 4645 4849 4848
f 4645 4848 4649
f 4649 4848 4847
f 4649 4847 4650
f 4650 4847 4651
f 4651 4847 4853
f 4651 4853 4655
f 4655 4853 4654
f 4654 4853 4852
f 4654 4852 4652
f 4652 4852 4851
f 4652 4851 4656
f 4669 4668 4856
f 4856 4668 4667
f 4856 4667 4846
f 4846 4667 4665
f 4846 4665 4845
f 4845 4665 4659
f 4845 4659 4851
f 4851 4659 4657
f 4851 4657 4656
f 4687 4686 4873
f 4873 4686 4682
f 4873 4682 4874
f 4874 4682 4684
f 4874 4684 4875
f 4687 4873 4689
f 4689 4873 4871
f 4689 4871 4695
f 4695 4871 4872
f 4695 4872 4697
f 4697 4872 4877
f 4697 4877 4698
f 4698 4877 4699
f 4699 4877 4870
f 4699 4870 4700
f 4700 4870 4691
f 4691 4870 4869
f 4691 4869 4692
f 4692 4869 4880
f 4692 4880 4701
f 4876 4679 4878
f 4878 4679 4675
f 4878 4675 4879
f 4879 4675 4678
f 4879 4678 4880
f 4880 4678 4702
f 4880 4702 4701
f 4684 4685 4875
f 4875 4685 4681
f 4875 4681 4876
f 4876 4681 4680
f 4876 4680 4679
f 4570 4571 4646
f 4646 4760 4570
f 4570 4760 4758
f 4570 4758 4569
f 4758 4756 4569
f 4569 4756 4754
f 4569 4754 4568
f 4754 4752 4568
f 4568 4752 4750
f 4568 4750 4567
f 4750 4748 4567
f 4567 4748 4693
f 4567 4693 4566
f 4566 4693 4703
f 4566 4703 4565
f 4703 4704 4565
f 4565 4704 4677
f 4565 4677 4564
f 4677 4676 4564
f 4564 4676 4746
f 4564 4746 4563
f 4746 4744 4563
f 4563 4744 4742
f 4563 4742 4562
f 4742 4740 4562
f 4562 4740 4738
f 4562 4738 4561
f 4738 4736 4561
f 4561 4736 4734
f 4561 4734 4560
f 4734 4591 4560
f 4560 4591 4598
f 4560 4598 4559
f 4559 4598 4600
f 4559 4600 4584
f 4600 4601 4584
f 4584 4601 4603
f 4584 4603 4583
f 4603 4732 4583
f 4583 4732 4730
f 4583 4730 4582
f 4730 4728 4582
f 4582 4728 4726
f 4582 4726 4581
f 4726 4724 4581
f 4581 4724 4722
f 4581 4722 4580
f 4722 4720 4580
f 4580 4720 4636
f 4580 4636 4579
f 4579 4636 4643
f 4579 4643 4578
f 4643 4644 4578
f 4578 4644 4617
f 4578 4617 4577
f 4617 4616 4577
f 4577 4616 4718
f 4577 4718 4576
f 4718 4716 4576
f 4576 4716 4714
f 4576 4714 4575
f 4714 4712 4575
f 4575 4712 4710
f 4575 4710 4574
f 4710 4708 4574
f 4574 4708 4706
f 4574 4706 4573
f 4706 4663 4573
f 4573 4663 4673
f 4573 4673 4572
f 4572 4673 4674
f 4572 4674 4571
f 4571 4674 4647
f 4571 4647 4646
f 4784 4785 4586
f 4586 4733 4784
f 4784 4733 4735
f 4784 4735 4786
f 4735 4737 4786
f 4786 4737 4739
f 4786 4739 4787
f 4739 4741 4787
f 4787 4741 4743
f 4787 4743 4820
f 4743 4745 4820
f 4820 4745 4683
f 4820 4683 4821
f 4683 4688 4821
f 4821 4688 4690
f 4821 4690 4823
f 4823 4690 4694
f 4823 4694 4825
f 4694 4696 4825
f 4825 4696 4747
f 4825 4747 4826
f 4747 4749 4826
f 4826 4749 4751
f 4826 4751 4840
f 4751 4753 4840
f 4840 4753 4755
f 4840 4755 4839
f 4755 4757 4839
f 4839 4757 4759
f 4839 4759 4842
f 4759 4653 4842
f 4842 4653 4658
f 4842 4658 4815
f 4815 4658 4660
f 4815 4660 4816
f 4660 4664 4816
f 4816 4664 4666
f 4816 4666 4818
f 4666 4705 4818
f 4818 4705 4707
f 4818 4707 4819
f 4707 4709 4819
f 4819 4709 4711
f 4819 4711 4761
f 4711 4713 4761
f 4761 4713 4715
f 4761 4715 4762
f 4715 4717 4762
f 4762 4717 4623
f 4762 4623 4843
f 4623 4628 4843
f 4843 4628 4630
f 4843 4630 4844
f 4844 4630 4631
f 4844 4631 4794
f 4631 4633 4794
f 4794 4633 4719
f 4794 4719 4795
f 4719 4721 4795
f 4795 4721 4723
f 4795 4723 4797
f 4723 4725 4797
f 4797 4725 4727
f 4797 4727 4799
f 4727 4729 4799
f 4799 4729 4731
f 4799 4731 4800
f 4731 4608 4800
f 4800 4608 4613
f 4800 4613 4778
f 4778 4613 4614
f 4778 4614 4785
f 4785 4614 4587
f 4785 4587 4586
f 4804 4791 4405
f 4405 4791 4368
f 4439 4362 4810
f 4810 4362 4793
f 4362 4368 4793
f 4793 4368 4791
f 4766 4257 4425
f 4425 4257 4367
f 4373 4365 4829
f 4829 4365 4259
f 4365 4367 4259
f 4259 4367 4257
f 4835 4781 4458
f 4458 4781 4399
f 4411 4400 4772
f 4772 4400 4770
f 4400 4399 4770
f 4770 4399 4781
f 4479 4463 4814
f 4814 4463 4462
f 4814 4462 4812
f 4812 4462 4437
f 4812 4437 4810
f 4810 4437 4439
f 4804 4405 4806
f 4806 4405 4407
f 4806 4407 4807
f 4807 4407 4409
f 4807 4409 4489
f 4489 4409 4410
f 4497 4357 4833
f 4833 4357 4376
f 4833 4376 4831
f 4831 4376 4375
f 4831 4375 4829
f 4829 4375 4373
f 4766 4425 4768
f 4768 4425 4427
f 4768 4427 4769
f 4769 4427 4428
f 4769 4428 4480
f 4480 4428 4418
f 4488 4389 4776
f 4776 4389 4397
f 4776 4397 4774
f 4774 4397 4396
f 4774 4396 4772
f 4772 4396 4411
f 4835 4458 4837
f 4837 4458 4460
f 4837 4460 4838
f 4838 4460 4461
f 4838 4461 4471
f 4471 4461 4447
f 4796 4435 4836
f 4836 4435 4450
f 4836 4450 4834
f 4834 4450 4459
f 4834 4459 4779
f 4779 4459 4457
f 4779 4457 4780
f 4780 4457 4456
f 4780 4456 4782
f 4782 4456 4401
f 4782 4401 4783
f 4783 4401 4402
f 4783 4402 4771
f 4771 4402 4413
f 4771 4413 4773
f 4773 4413 4412
f 4773 4412 4775
f 4775 4412 4398
f 4775 4398 4777
f 4777 4398 4431
f 4777 4431 4798
f 4798 4431 4433
f 4798 4433 4796
f 4796 4433 4435
f 4830 4372 4832
f 4832 4372 4374
f 4832 4374 4824
f 4824 4374 4382
f 4824 4382 4822
f 4822 4382 4384
f 4822 4384 4788
f 4788 4384 4386
f 4788 4386 4767
f 4767 4386 4422
f 4767 4422 4765
f 4765 4422 4426
f 4765 4426 4764
f 4764 4426 4424
f 4764 4424 4801
f 4801 4424 4423
f 4801 4423 4802
f 4802 4423 4366
f 4802 4366 4827
f 4827 4366 4364
f 4827 4364 4828
f 4828 4364 4363
f 4828 4363 4830
f 4830 4363 4372
f 4790 4403 4792
f 4792 4403 4361
f 4792 4361 4808
f 4808 4361 4360
f 4808 4360 4809
f 4809 4360 4441
f 4809 4441 4811
f 4811 4441 4440
f 4811 4440 4813
f 4813 4440 4438
f 4813 4438 4763
f 4763 4438 4419
f 4763 4419 4817
f 4817 4419 4453
f 4817 4453 4841
f 4841 4453 4414
f 4841 4414 4805
f 4805 4414 4408
f 4805 4408 4803
f 4803 4408 4406
f 4803 4406 4789
f 4789 4406 4404
f 4789 4404 4790
f 4790 4404 4403
f 4893 4894 4895
f 4895 4894 4896
f 4895 4896 4897
f 4897 4896 4791
f 4898 4793 4899
f 4899 4793 4900
f 4899 4900 4901
f 4901 4900 4902
f 4903 4904 4793
f 4793 4904 4905
f 4793 4905 4791
f 4905 4906 4791
f 4791 4906 4907
f 4791 4907 4897
f 4907 4908 4897
f 4897 4908 4909
f 4897 4909 4910
f 4910 4909 4911
f 4910 4911 4912
f 4912 4911 4913
f 4912 4913 4914
f 4914 4913 4915
f 4914 4915 4898
f 4898 4915 4916
f 4898 4916 4793
f 4793 4916 4917
f 4793 4917 4903
f 4894 4918 4896
f 4896 4918 4919
f 4919 4920 4896
f 4896 4920 4921
f 4896 4921 4900
f 4900 4921 4922
f 4900 4922 4923
f 4923 4924 4900
f 4900 4924 4925
f 4900 4925 4902
f 4925 4926 4902
f 4902 4926 4927
f 4902 4927 4928
f 4928 4927 4929
f 4928 4929 4930
f 4930 4929 4931
f 4930 4931 4932
f 4932 4931 4933
f 4932 4933 4934
f 4934 4933 4935
f 4934 4935 4894
f 4894 4935 4936
f 4894 4936 4918
f 4899 4937 4938
f 4899 4938 4939
f 4939 4938 4940
f 4939 4940 4941
f 4941 4940 4942
f 4941 4942 4943
f 4943 4942 4944
f 4943 4944 4895
f 4944 4945 4895
f 4895 4945 4946
f 4895 4946 4893
f 4893 4946 4947
f 4893 4947 4948
f 4948 4947 4949
f 4937 4899 4950
f 4950 4899 4901
f 4950 4901 4951
f 4951 4901 4952
f 4951 4952 4953
f 4953 4952 4954
f 4953 4954 4949
f 4949 4954 4955
f 4949 4955 4948
f 4895 4897 4943
f 4943 4897 4910
f 4943 4910 4941
f 4941 4910 4912
f 4941 4912 4939
f 4939 4912 4914
f 4939 4914 4899
f 4899 4914 4898
f 4894 4893 4934
f 4934 4893 4948
f 4934 4948 4932
f 4932 4948 4955
f 4932 4955 4930
f 4930 4955 4954
f 4930 4954 4928
f 4928 4954 4952
f 4928 4952 4902
f 4902 4952 4901
f 4946 4956 4947
f 4947 4956 4957
f 4947 4957 4949
f 4949 4957 4958
f 4949 4958 4953
f 4953 4958 4959
f 4953 4959 4951
f 4951 4959 4960
f 4951 4960 4950
f 4950 4960 4961
f 4950 4961 4937
f 4937 4961 4962
f 4937 4962 4938
f 4938 4962 4963
f 4938 4963 4940
f 4940 4963 4964
f 4940 4964 4942
f 4942 4964 4965
f 4942 4965 4944
f 4944 4965 4966
f 4944 4966 4945
f 4945 4966 4967
f 4945 4967 4946
f 4946 4967 4956
f 4962 4968 4963
f 4963 4968 4969
f 4963 4969 4964
f 4964 4969 4970
f 4964 4970 4965
f 4958 4971 4959
f 4959 4971 4972
f 4959 4972 4960
f 4960 4972 4973
f 4960 4973 4961
f 4961 4973 4974
f 4961 4974 4962
f 4962 4974 4975
f 4962 4975 4968
f 4970 4976 4965
f 4965 4976 4977
f 4965 4977 4966
f 4966 4977 4978
f 4966 4978 4967
f 4967 4978 4979
f 4967 4979 4956
f 4956 4979 4980
f 4956 4980 4957
f 4957 4980 4981
f 4957 4981 4958
f 4958 4981 4982
f 4958 4982 4971
f 4980 4918 4981
f 4981 4918 4936
f 4981 4936 4982
f 4982 4936 4935
f 4982 4935 4971
f 4971 4935 4933
f 4971 4933 4972
f 4972 4933 4931
f 4972 4931 4973
f 4973 4931 4929
f 4973 4929 4974
f 4974 4929 4927
f 4974 4927 4975
f 4975 4927 4926
f 4975 4926 4968
f 4968 4926 4925
f 4968 4925 4969
f 4969 4925 4924
f 4969 4924 4970
f 4970 4924 4923
f 4970 4923 4976
f 4976 4923 4922
f 4976 4922 4977
f 4977 4922 4921
f 4977 4921 4978
f 4978 4921 4920
f 4978 4920 4979
f 4979 4920 4919
f 4979 4919 4980
f 4980 4919 4918
f 4896 4900 4791
f 4791 4900 4793
f 4983 4984 4985
f 4986 4984 4983
f 4983 4987 4988
f 4989 4987 4983
f 4985 4989 4983
f 4983 4990 4991
f 4992 4990 4983
f 4988 4992 4983
f 4983 4993 4994
f 4995 4993 4983
f 4991 4995 4983
f 4994 4986 4983
f 4986 4917 4984
f 4984 4917 4916
f 4984 4916 4985
f 4985 4916 4915
f 4985 4915 4989
f 4989 4915 4913
f 4989 4913 4987
f 4987 4913 4911
f 4987 4911 4988
f 4988 4911 4909
f 4988 4909 4992
f 4992 4909 4908
f 4992 4908 4990
f 4990 4908 4907
f 4990 4907 4991
f 4991 4907 4906
f 4991 4906 4995
f 4995 4906 4905
f 4995 4905 4993
f 4993 4905 4904
f 4993 4904 4994
f 4994 4904 4903
f 4994 4903 4986
f 4986 4903 4917
f 4996 4997 4998
f 4998 4997 4999
f 4998 4999 5000
f 5000 4999 4781
f 5001 4770 5002
f 5002 4770 5003
f 5002 5003 5004
f 5004 5003 5005
f 5006 5007 4770
f 4770 5007 5008
f 4770 5008 4781
f 5008 5009 4781
f 4781 5009 5010
f 4781 5010 5000
f 5010 5011 5000
f 5000 5011 5012
f 5000 5012 5013
f 5013 5012 5014
f 5013 5014 5015
f 5015 5014 5016
f 5015 5016 5017
f 5017 5016 5018
f 5017 5018 5001
f 5001 5018 5019
f 5001 5019 4770
f 4770 5019 5020
f 4770 5020 5006
f 4997 5021 4999
f 4999 5021 5022
f 5022 5023 4999
f 4999 5023 5024
f 4999 5024 5003
f 5003 5024 5025
f 5003 5025 5026
f 5026 5027 5003
f 5003 5027 5028
f 5003 5028 5005
f 5028 5029 5005
f 5005 5029 5030
f 5005 5030 5031
f 5031 5030 5032
f 5031 5032 5033
f 5033 5032 5034
f 5033 5034 5035
f 5035 5034 5036
f 5035 5036 5037
f 5037 5036 5038
f 5037 5038 4997
f 4997 5038 5039
f 4997 5039 5021
f 5002 5040 5041
f 5002 5041 5042
f 5042 5041 5043
f 5042 5043 5044
f 5044 5043 5045
f 5044 5045 5046
f 5046 5045 5047
f 5046 5047 4998
f 5047 5048 4998
f 4998 5048 5049
f 4998 5049 4996
f 4996 5049 5050
f 4996 5050 5051
f 5051 5050 5052
f 5040 5002 5053
f 5053 5002 5004
f 5053 5004 5054
f 5054 5004 5055
f 5054 5055 5056
f 5056 5055 5057
f 5056 5057 5052
f 5052 5057 5058
f 5052 5058 5051
f 4998 5000 5046
f 5046 5000 5013
f 5046 5013 5044
f 5044 5013 5015
f 5044 5015 5042
f 5042 5015 5017
f 5042 5017 5002
f 5002 5017 5001
f 4997 4996 5037
f 5037 4996 5051
f 5037 5051 5035
f 5035 5051 5058
f 5035 5058 5033
f 5033 5058 5057
f 5033 5057 5031
f 5031 5057 5055
f 5031 5055 5005
f 5005 5055 5004
f 5049 5059 5050
f 5050 5059 5060
f 5050 5060 5052
f 5052 5060 5061
f 5052 5061 5056
f 5056 5061 5062
f 5056 5062 5054
f 5054 5062 5063
f 5054 5063 5053
f 5053 5063 5064
f 5053 5064 5040
f 5040 5064 5065
f 5040 5065 5041
f 5041 5065 5066
f 5041 5066 5043
f 5043 5066 5067
f 5043 5067 5045
f 5045 5067 5068
f 5045 5068 5047
f 5047 5068 5069
f 5047 5069 5048
f 5048 5069 5070
f 5048 5070 5049
f 5049 5070 5059
f 5065 5071 5066
f 5066 5071 5072
f 5066 5072 5067
f 5067 5072 5073
f 5067 5073 5068
f 5061 5074 5062
f 5062 5074 5075
f 5062 5075 5063
f 5063 5075 5076
f 5063 5076 5064
f 5064 5076 5077
f 5064 5077 5065
f 5065 5077 5078
f 5065 5078 5071
f 5073 5079 5068
f 5068 5079 5080
f 5068 5080 5069
f 5069 5080 5081
f 5069 5081 5070
f 5070 5081 5082
f 5070 5082 5059
f 5059 5082 5083
f 5059 5083 5060
f 5060 5083 5084
f 5060 5084 5061
f 5061 5084 5085
f 5061 5085 5074
f 5083 5021 5084
f 5084 5021 5039
f 5084 5039 5085
f 5085 5039 5038
f 5085 5038 5074
f 5074 5038 5036
f 5074 5036 5075
f 5075 5036 5034
f 5075 5034 5076
f 5076 5034 5032
f 5076 5032 5077
f 5077 5032 5030
f 5077 5030 5078
f 5078 5030 5029
f 5078 5029 5071
f 5071 5029 5028
f 5071 5028 5072
f 5072 5028 5027
f 5072 5027 5073
f 5073 5027 5026
f 5073 5026 5079
f 5079 5026 5025
f 5079 5025 5080
f 5080 5025 5024
f 5080 5024 5081
f 5081 5024 5023
f 5081 5023 5082
f 5082 5023 5022
f 5082 5022 5083
f 5083 5022 5021
f 4999 5003 4781
f 4781 5003 4770
f 5086 5087 5088
f 5089 5087 5086
f 5086 5090 5091
f 5092 5090 5086
f 5088 5092 5086
f 5086 5093 5094
f 5095 5093 5086
f 5091 5095 5086
f 5086 5096 5097
f 5098 5096 5086
f 5094 5098 5086
f 5097 5089 5086
f 5089 5020 5087
f 5087 5020 5019
f 5087 5019 5088
f 5088 5019 5018
f 5088 5018 5092
f 5092 5018 5016
f 5092 5016 5090
f 5090 5016 5014
f 5090 5014 5091
f 5091 5014 5012
f 5091 5012 5095
f 5095 5012 5011
f 5095 5011 5093
f 5093 5011 5010
f 5093 5010 5094
f 5094 5010 5009
f 5094 5009 5098
f 5098 5009 5008
f 5098 5008 5096
f 5096 5008 5007
f 5096 5007 5097
f 5097 5007 5006
f 5097 5006 5089
f 5089 5006 5020
f 5099 5100 5101
f 5102 5100 5099
f 5103 5102 5099
f 5099 5104 5105
f 5106 5104 5099
f 5101 5106 5099
f 5107 5108 5109
f 5110 5108 5107
f 5111 5110 5107
f 5107 5112 5113
f 5114 5112 5107
f 5109 5114 5107
f 5115 5116 5117
f 5118 5116 5115
f 5119 5118 5115
f 5115 5120 5121
f 5122 5120 5115
f 5117 5122 5115
f 5123 5124 5125
f 5126 5124 5123
f 5127 5126 5123
f 5123 5128 5129
f 5130 5128 5123
f 5125 5130 5123
f 5131 5132 5133
f 5134 5132 5131
f 5135 5134 5131
f 5131 5136 5137
f 5138 5136 5131
f 5133 5138 5131
f 5139 5140 5141
f 5142 5140 5139
f 5143 5142 5139
f 5139 5144 5145
f 5146 5144 5139
f 5141 5146 5139
f 5147 5148 5149
f 5147 5149 5150
f 5150 5149 5151
f 5150 5151 5152
f 5151 5153 5152
f 5152 5153 5154
f 5152 5154 5155
f 5155 5154 5156
f 5155 5156 5157
f 5157 5156 5158
f 5157 5158 5159
f 5159 5158 5160
f 5159 5160 5161
f 5162 5163 5164
f 5164 5163 5161
f 5164 5161 5165
f 5165 5161 5160
f 5162 5166 5163
f 5163 5166 5167
f 5163 5167 5168
f 5168 5167 5169
f 5168 5169 5170
f 5170 5169 5171
f 5170 5171 5172
f 5172 5171 5173
f 5172 5173 5174
f 5174 5173 5175
f 5174 5175 5176
f 5175 5177 5176
f 5176 5177 5178
f 5176 5178 5179
f 5179 5178 5180
f 5179 5180 5181
f 5181 5180 5182
f 5181 5182 5183
f 5183 5182 5184
f 5183 5184 5185
f 5185 5184 5186
f 5185 5186 5187
f 5187 5186 5188
f 5187 5188 5189
f 5190 5191 5192
f 5192 5191 5193
f 5192 5193 5194
f 5194 5193 5195
f 5194 5195 5196
f 5196 5195 5197
f 5196 5197 5198
f 5198 5197 5199
f 5198 5199 5200
f 5200 5199 5201
f 5200 5201 5202
f 5202 5201 5203
f 5202 5203 5204
f 5204 5203 5205
f 5204 5205 5206
f 5206 5205 5207
f 5208 5209 5210
f 5210 5209 5211
f 5210 5211 5212
f 5212 5211 5213
f 5212 5213 5214
f 5214 5213 5215
f 5214 5215 5216
f 5216 5215 5217
f 5216 5217 5218
f 5218 5217 5219
f 5218 5219 5220
f 5220 5219 5221
f 5220 5221 5222
f 5222 5221 5223
f 5222 5223 5224
f 5224 5223 5225
f 5226 5227 5228
f 5228 5227 5229
f 5228 5229 5230
f 5230 5229 5231
f 5230 5231 5232
f 5232 5231 5233
f 5232 5233 5234
f 5234 5233 5235
f 5234 5235 5236
f 5236 5235 5237
f 5236 5237 5238
f 5238 5237 5239
f 5238 5239 5240
f 5240 5239 5241
f 5240 5241 5242
f 5242 5241 5243
f 5103 5244 5102
f 5102 5244 5245
f 5102 5245 5100
f 5100 5245 5246
f 5100 5246 5101
f 5101 5246 5247
f 5101 5247 5106
f 5106 5247 5248
f 5106 5248 5104
f 5104 5248 5249
f 5104 5249 5105
f 5105 5249 5250
f 5111 5251 5110
f 5110 5251 5252
f 5110 5252 5108
f 5108 5252 5253
f 5108 5253 5109
f 5109 5253 5254
f 5109 5254 5114
f 5114 5254 5255
f 5114 5255 5112
f 5112 5255 5256
f 5112 5256 5113
f 5113 5256 5257
f 5119 5258 5118
f 5118 5258 5259
f 5118 5259 5116
f 5116 5259 5260
f 5116 5260 5117
f 5117 5260 5261
f 5117 5261 5122
f 5122 5261 5262
f 5122 5262 5120
f 5120 5262 5263
f 5120 5263 5121
f 5121 5263 5264
f 5127 5265 5126
f 5126 5265 5266
f 5126 5266 5124
f 5124 5266 5267
f 5124 5267 5125
f 5125 5267 5268
f 5125 5268 5130
f 5130 5268 5269
f 5130 5269 5128
f 5128 5269 5270
f 5128 5270 5129
f 5129 5270 5271
f 5135 5272 5134
f 5134 5272 5273
f 5134 5273 5132
f 5132 5273 5274
f 5132 5274 5133
f 5133 5274 5275
f 5133 5275 5138
f 5138 5275 5276
f 5138 5276 5136
f 5136 5276 5277
f 5136 5277 5137
f 5137 5277 5278
f 5143 5279 5142
f 5142 5279 5280
f 5142 5280 5140
f 5140 5280 5281
f 5140 5281 5141
f 5141 5281 5282
f 5141 5282 5146
f 5146 5282 5283
f 5146 5283 5144
f 5144 5283 5284
f 5144 5284 5145
f 5145 5284 5285
f 5286 5287 5288
f 5288 5287 5289
f 5288 5289 5290
f 5291 5292 5293
f 5289 5294 5295
f 5295 5294 5296
f 5295 5296 5297
f 5298 5299 5300
f 5300 5299 5301
f 5300 5301 5302
f 5303 5297 5304
f 5304 5297 5296
f 5304 5296 5305
f 5305 5296 5306
f 5305 5306 5307
f 5307 5306 5308
f 5307 5308 5309
f 5309 5308 5310
f 5309 5310 5311
f 5311 5310 5312
f 5311 5312 5313
f 5313 5312 5314
f 5313 5314 5315
f 5315 5314 5316
f 5315 5316 5317
f 5317 5316 5318
f 5317 5318 5319
f 5319 5318 5320
f 5319 5320 5321
f 5321 5320 5322
f 5321 5322 5323
f 5323 5322 5324
f 5323 5324 5293
f 5293 5324 5300
f 5293 5300 5291
f 5291 5300 5302
f 5325 5326 5327
f 5327 5326 5328
f 5327 5328 5329
f 5329 5328 5330
f 5329 5330 5331
f 5331 5330 5332
f 5331 5332 5333
f 5333 5332 5334
f 5333 5334 5303
f 5303 5334 5335
f 5297 5303 5336
f 5336 5303 5335
f 5336 5335 5290
f 5290 5335 5337
f 5291 5338 5292
f 5292 5338 5339
f 5292 5339 5340
f 5340 5339 5341
f 5340 5341 5342
f 5342 5341 5343
f 5342 5343 5344
f 5344 5343 5345
f 5344 5345 5346
f 5346 5345 5347
f 5346 5347 5348
f 5348 5347 5349
f 5350 5351 5352
f 5352 5351 5339
f 5352 5339 5353
f 5353 5339 5338
f 5354 5355 5356
f 5356 5355 5357
f 5356 5357 5358
f 5358 5357 5359
f 5358 5359 5360
f 5360 5359 5361
f 5360 5361 5362
f 5362 5361 5363
f 5362 5363 5364
f 5364 5363 5365
f 5364 5365 5366
f 5366 5365 5367
f 5366 5367 5368
f 5368 5367 5369
f 5368 5369 5370
f 5370 5369 5371
f 5370 5371 5372
f 5372 5371 5373
f 5372 5373 5374
f 5374 5373 5375
f 5374 5375 5376
f 5376 5375 5377
f 5378 5379 5380
f 5380 5379 5381
f 5380 5381 5382
f 5382 5381 5383
f 5382 5383 5384
f 5384 5383 5385
f 5384 5385 5386
f 5386 5385 5387
f 5386 5387 5388
f 5388 5387 5389
f 5388 5389 5390
f 5390 5389 5391
f 5390 5391 5392
f 5392 5391 5393
f 5392 5393 5394
f 5394 5393 5395
f 5394 5395 5396
f 5396 5395 5397
f 5396 5397 5398
f 5398 5397 5399
f 5400 5401 5402
f 5400 5402 5403
f 5403 5402 5404
f 5403 5404 5405
f 5405 5404 5406
f 5405 5406 5407
f 5407 5406 5408
f 5407 5408 5409
f 5409 5408 5410
f 5409 5410 5411
f 5411 5410 5412
f 5411 5412 5413
f 5413 5412 5414
f 5413 5414 5415
f 5415 5414 5416
f 5415 5416 5417
f 5417 5416 5418
f 5417 5418 5419
f 5419 5418 5420
f 5419 5420 5421
f 5421 5420 5422
f 5421 5422 5423
f 5423 5422 5424
f 5423 5424 5425
f 5425 5424 5426
f 5425 5426 5427
f 5427 5426 5428
f 5427 5428 5429
f 5429 5428 5430
f 5429 5430 5431
f 5431 5430 5432
f 5431 5432 5433
f 5433 5432 5434
f 5433 5434 5435
f 5435 5434 5436
f 5435 5436 5437
f 5437 5436 5438
f 5437 5438 5439
f 5440 5441 5442
f 5443 5441 5440
f 5444 5443 5440
f 5440 5445 5446
f 5447 5445 5440
f 5442 5447 5440
f 5448 5449 5450
f 5451 5449 5448
f 5452 5451 5448
f 5448 5453 5454
f 5455 5453 5448
f 5450 5455 5448
f 5456 5457 5458
f 5459 5457 5456
f 5460 5459 5456
f 5456 5461 5462
f 5463 5461 5456
f 5458 5463 5456
f 5464 5465 5466
f 5467 5465 5464
f 5468 5467 5464
f 5464 5469 5470
f 5471 5469 5464
f 5466 5471 5464
f 5472 5473 5474
f 5475 5473 5472
f 5476 5475 5472
f 5472 5477 5478
f 5479 5477 5472
f 5474 5479 5472
f 5480 5481 5482
f 5483 5481 5480
f 5484 5483 5480
f 5480 5485 5486
f 5487 5485 5480
f 5482 5487 5480
f 5488 5489 5490
f 5488 5490 5491
f 5491 5490 5492
f 5491 5492 5493
f 5493 5492 5494
f 5493 5494 5495
f 5495 5494 5496
f 5495 5496 5497
f 5497 5496 5498
f 5497 5498 5499
f 5499 5498 5500
f 5499 5500 5501
f 5500 5502 5501
f 5501 5502 5503
f 5501 5503 5504
f 5504 5503 5505
f 5504 5505 5506
f 5506 5505 5507
f 5506 5507 5508
f 5508 5507 5509
f 5508 5509 5510
f 5510 5509 5511
f 5510 5511 5512
f 5512 5511 5513
f 5512 5513 5514
f 5514 5513 5515
f 5514 5515 5516
f 5516 5515 5517
f 5516 5517 5518
f 5518 5517 5519
f 5518 5519 5520
f 5520 5519 5521
f 5520 5521 5522
f 5522 5521 5523
f 5522 5523 5524
f 5524 5523 5525
f 5524 5525 5526
f 5526 5525 5527
f 5526 5527 5528
f 5444 5529 5443
f 5443 5529 5530
f 5443 5530 5441
f 5441 5530 5531
f 5441 5531 5442
f 5442 5531 5532
f 5442 5532 5447
f 5447 5532 5533
f 5447 5533 5445
f 5445 5533 5534
f 5445 5534 5446
f 5446 5534 5535
f 5452 5536 5451
f 5451 5536 5537
f 5451 5537 5449
f 5449 5537 5538
f 5449 5538 5450
f 5450 5538 5539
f 5450 5539 5455
f 5455 5539 5540
f 5455 5540 5453
f 5453 5540 5541
f 5453 5541 5454
f 5454 5541 5542
f 5460 5543 5459
f 5459 5543 5544
f 5459 5544 5457
f 5457 5544 5545
f 5457 5545 5458
f 5458 5545 5546
f 5458 5546 5463
f 5463 5546 5547
f 5463 5547 5461
f 5461 5547 5548
f 5461 5548 5462
f 5462 5548 5549
f 5468 5550 5467
f 5467 5550 5551
f 5467 5551 5465
f 5465 5551 5552
f 5465 5552 5466
f 5466 5552 5553
f 5466 5553 5471
f 5471 5553 5554
f 5471 5554 5469
f 5469 5554 5555
f 5469 5555 5470
f 5470 5555 5556
f 5476 5557 5475
f 5475 5557 5558
f 5475 5558 5473
f 5473 5558 5559
f 5473 5559 5474
f 5474 5559 5560
f 5474 5560 5479
f 5479 5560 5561
f 5479 5561 5477
f 5477 5561 5562
f 5477 5562 5478
f 5478 5562 5563
f 5484 5564 5483
f 5483 5564 5565
f 5483 5565 5481
f 5481 5565 5566
f 5481 5566 5482
f 5482 5566 5567
f 5482 5567 5487
f 5487 5567 5568
f 5487 5568 5485
f 5485 5568 5569
f 5485 5569 5486
f 5486 5569 5570
f 5571 5572 5573
f 5573 5572 5574
f 5573 5574 5575
f 5575 5574 5576
f 5575 5576 5577
f 5577 5576 5578
f 5577 5578 5579
f 5579 5578 5580
f 5579 5580 5581
f 5581 5580 5582
f 5581 5582 5583
f 5583 5582 5584
f 5585 5586 5587
f 5587 5586 5588
f 5587 5588 5589
f 5589 5588 5590
f 5589 5590 5591
f 5591 5590 5592
f 5591 5592 5593
f 5593 5592 5594
f 5593 5594 5595
f 5595 5594 5596
f 5595 5596 5597
f 5597 5596 5598
f 5599 5600 5601
f 5601 5600 5602
f 5601 5602 5603
f 5603 5602 5604
f 5603 5604 5605
f 5605 5604 5606
f 5605 5606 5607
f 5607 5606 5608
f 5607 5608 5609
f 5609 5608 5610
f 5609 5610 5611
f 5611 5610 5612
f 5613 5614 5615
f 5615 5614 5616
f 5615 5616 5617
f 5617 5616 5618
f 5617 5618 5619
f 5619 5618 5620
f 5619 5620 5621
f 5621 5620 5622
f 5621 5622 5623
f 5623 5622 5624
f 5623 5624 5625
f 5625 5624 5626
f 5625 5626 5627
f 5627 5626 5628
f 5627 5628 5629
f 5629 5628 5630
f 5629 5630 5631
f 5631 5630 5632
f 5631 5632 5633
f 5633 5632 5634
f 5633 5634 5635
f 5635 5634 5636
f 5635 5636 5637
f 5637 5636 5638
f 5637 5638 5639
f 5639 5638 5640
f 5639 5640 5641
f 5641 5640 5642
f 5643 5398 5644
f 5643 5644 5645
f 5645 5644 5646
f 5645 5646 5647
f 5647 5646 5648
f 5647 5648 5649
f 5649 5648 5650
f 5649 5650 5651
f 5651 5650 5652
f 5651 5652 5653
f 5653 5652 5654
f 5653 5654 5655
f 5655 5654 5656
f 5655 5656 5657
f 5657 5656 5658
f 5657 5658 5659
f 5659 5658 5660
f 5659 5660 5661
f 5661 5660 5378
f 5661 5378 5662
f 5663 5664 5665
f 5665 5664 5666
f 5667 5668 5669
f 5669 5668 5670
f 5669 5670 5671
f 5672 5673 5674
f 5674 5673 5675
f 5672 5676 5673
f 5673 5676 5677
f 5673 5677 5663
f 5663 5677 5678
f 5663 5678 5664
f 5679 5680 5681
f 5681 5680 5682
f 5681 5682 5675
f 5675 5682 5683
f 5675 5683 5674
f 5684 5685 5686
f 5686 5685 5687
f 5679 5681 5688
f 5688 5681 5689
f 5688 5689 5690
f 5691 5692 5693
f 5693 5692 5694
f 5691 5695 5692
f 5692 5695 5696
f 5692 5696 5684
f 5684 5696 5697
f 5684 5697 5685
f 5667 5698 5668
f 5668 5698 5699
f 5668 5699 5694
f 5694 5699 5700
f 5694 5700 5693
f 5687 5690 5686
f 5686 5690 5689
f 5686 5689 5701
f 5701 5689 5702
f 5703 5704 5670
f 5670 5704 5665
f 5670 5665 5671
f 5671 5665 5666
f 5705 5706 5707
f 5707 5706 5708
f 5709 5710 5711
f 5711 5710 5712
f 5711 5712 5713
f 5713 5712 5714
f 5713 5714 5715
f 5715 5714 5705
f 5715 5705 5716
f 5716 5705 5707
f 5706 5717 5708
f 5708 5717 5718
f 5708 5718 5719
f 5719 5718 5720
f 5719 5720 5721
f 5721 5720 5722
f 5721 5722 5723
f 5723 5722 5724
f 5723 5724 5725
f 5725 5724 5726
f 5725 5726 5727
f 5726 5728 5727
f 5727 5728 5729
f 5727 5729 5730
f 5730 5729 5731
f 5730 5731 5732
f 5664 5733 5734
f 5664 5734 5666
f 5666 5734 5735
f 5666 5735 5671
f 5733 5664 5736
f 5736 5664 5678
f 5736 5678 5737
f 5737 5678 5677
f 5737 5677 5738
f 5738 5677 5676
f 5738 5676 5739
f 5739 5676 5672
f 5739 5672 5740
f 5740 5672 5674
f 5740 5674 5741
f 5741 5674 5742
f 5742 5674 5683
f 5742 5683 5743
f 5683 5682 5743
f 5743 5682 5680
f 5743 5680 5744
f 5744 5680 5679
f 5744 5679 5745
f 5679 5688 5745
f 5745 5688 5690
f 5745 5690 5746
f 5747 5748 5749
f 5749 5748 5750
f 5749 5750 5751
f 5751 5750 5752
f 5751 5752 5753
f 5753 5752 5754
f 5753 5754 5755
f 5755 5754 5756
f 5755 5756 5757
f 5757 5756 5758
f 5757 5758 5759
f 5759 5758 5760
f 5759 5760 5761
f 5761 5760 5762
f 5759 5761 5763
f 5763 5764 5759
f 5759 5764 5765
f 5759 5765 5757
f 5765 5766 5757
f 5757 5766 5767
f 5757 5767 5755
f 5755 5767 5768
f 5755 5768 5753
f 5768 5769 5753
f 5753 5769 5770
f 5753 5770 5751
f 5770 5771 5751
f 5751 5771 5772
f 5751 5772 5749
f 5773 5747 5774
f 5774 5747 5749
f 5774 5749 5775
f 5775 5749 5772
f 5773 5774 5776
f 5776 5774 5777
f 5774 5775 5777
f 5777 5775 5772
f 5777 5772 5778
f 5778 5772 5771
f 5778 5771 5779
f 5779 5771 5770
f 5770 5769 5779
f 5779 5769 5768
f 5779 5768 5780
f 5768 5767 5780
f 5780 5767 5766
f 5780 5766 5781
f 5763 5782 5764
f 5764 5782 5781
f 5764 5781 5765
f 5765 5781 5766
f 5783 5784 5785
f 5785 5784 5786
f 5785 5786 5787
f 5787 5786 5788
f 5787 5788 5789
f 5789 5788 5790
f 5789 5790 5791
f 5791 5790 5792
f 5791 5792 5793
f 5793 5792 5794
f 5793 5794 5795
f 5795 5794 5796
f 5795 5796 5797
f 5797 5796 5798
f 5795 5797 5799
f 5799 5800 5795
f 5795 5800 5801
f 5795 5801 5793
f 5801 5802 5793
f 5793 5802 5803
f 5793 5803 5791
f 5791 5803 5804
f 5791 5804 5789
f 5804 5805 5789
f 5789 5805 5806
f 5789 5806 5787
f 5806 5807 5787
f 5787 5807 5808
f 5787 5808 5785
f 5809 5783 5810
f 5810 5783 5785
f 5810 5785 5811
f 5811 5785 5808
f 5809 5810 5812
f 5812 5810 5813
f 5810 5811 5813
f 5813 5811 5808
f 5813 5808 5814
f 5814 5808 5807
f 5814 5807 5815
f 5815 5807 5806
f 5806 5805 5815
f 5815 5805 5804
f 5815 5804 5816
f 5804 5803 5816
f 5816 5803 5802
f 5816 5802 5817
f 5799 5818 5800
f 5800 5818 5817
f 5800 5817 5801
f 5801 5817 5802
f 5819 5627 5629
f 5819 5629 5820
f 5820 5629 5631
f 5820 5631 5821
f 5821 5631 5633
f 5821 5633 5822
f 5822 5633 5635
f 5822 5635 5823
f 5823 5635 5637
f 5823 5637 5824
f 5824 5637 5639
f 5824 5639 5825
f 5825 5639 5641
f 5825 5641 5826
f 5826 5641 5827
f 5826 5827 5828
f 5828 5827 5829
f 5828 5829 5830
f 5830 5829 5831
f 5830 5831 5832
f 5832 5831 5833
f 5832 5833 5834
f 5834 5833 5835
f 5834 5835 5836
f 5836 5835 5837
f 5836 5837 5838
f 5838 5837 5839
f 5838 5839 5840
f 5840 5839 5841
f 5840 5841 5842
f 5842 5841 5843
f 5842 5843 5844
f 5844 5843 5845
f 5844 5845 5846
f 5846 5845 5847
f 5846 5847 5848
f 5848 5847 5849
f 5848 5849 5850
f 5850 5849 5851
f 5850 5851 5852
f 5852 5851 5613
f 5852 5613 5853
f 5853 5613 5615
f 5853 5615 5854
f 5854 5615 5617
f 5854 5617 5855
f 5855 5617 5619
f 5855 5619 5856
f 5856 5619 5621
f 5856 5621 5857
f 5857 5621 5623
f 5857 5623 5858
f 5858 5623 5625
f 5858 5625 5859
f 5859 5625 5627
f 5859 5627 5819
f 5784 5860 5762
f 5762 5860 5861
f 5861 5860 5862
f 5861 5862 5832
f 5863 5844 5846
f 5756 5858 5758
f 5758 5858 5859
f 5859 5819 5758
f 5758 5819 5820
f 5758 5820 5760
f 5863 5846 5864
f 5864 5846 5848
f 5864 5848 5865
f 5865 5848 5850
f 5865 5850 5866
f 5866 5850 5852
f 5866 5852 5748
f 5748 5852 5853
f 5748 5853 5750
f 5750 5853 5854
f 5750 5854 5752
f 5752 5854 5855
f 5752 5855 5754
f 5754 5855 5856
f 5754 5856 5756
f 5756 5856 5857
f 5756 5857 5858
f 5844 5863 5842
f 5842 5863 5867
f 5842 5867 5840
f 5832 5834 5861
f 5861 5834 5836
f 5861 5836 5867
f 5867 5836 5838
f 5867 5838 5840
f 5790 5822 5792
f 5792 5822 5823
f 5792 5823 5794
f 5794 5823 5824
f 5794 5824 5796
f 5796 5824 5825
f 5796 5825 5798
f 5798 5825 5826
f 5798 5826 5868
f 5868 5826 5828
f 5868 5828 5869
f 5869 5828 5830
f 5869 5830 5870
f 5870 5830 5832
f 5870 5832 5871
f 5871 5832 5862
f 5784 5762 5786
f 5786 5762 5760
f 5786 5760 5788
f 5788 5760 5820
f 5788 5820 5790
f 5790 5820 5821
f 5790 5821 5822
f 5799 5872 5818
f 5818 5872 5873
f 5872 5874 5873
f 5873 5874 5875
f 5873 5875 5876
f 5876 5875 5877
f 5876 5877 5878
f 5878 5877 5879
f 5879 5880 5878
f 5878 5880 5881
f 5878 5881 5882
f 5881 5883 5882
f 5882 5883 5884
f 5882 5884 5885
f 5809 5812 5886
f 5886 5812 5885
f 5886 5885 5887
f 5887 5885 5884
f 5888 5783 5809
f 5809 5886 5888
f 5888 5886 5887
f 5888 5887 5889
f 5887 5884 5889
f 5889 5884 5883
f 5889 5883 5890
f 5890 5883 5881
f 5890 5881 5891
f 5881 5880 5891
f 5891 5880 5879
f 5891 5879 5892
f 5879 5877 5892
f 5892 5877 5875
f 5892 5875 5893
f 5799 5797 5872
f 5872 5797 5893
f 5872 5893 5874
f 5874 5893 5875
f 5797 5798 5893
f 5893 5798 5868
f 5893 5868 5892
f 5892 5868 5869
f 5892 5869 5891
f 5891 5869 5870
f 5891 5870 5890
f 5890 5870 5871
f 5890 5871 5889
f 5889 5871 5862
f 5889 5862 5888
f 5888 5862 5860
f 5888 5860 5783
f 5783 5860 5784
f 5763 5894 5782
f 5782 5894 5895
f 5894 5896 5895
f 5895 5896 5897
f 5895 5897 5898
f 5898 5897 5899
f 5898 5899 5900
f 5900 5899 5901
f 5901 5902 5900
f 5900 5902 5903
f 5900 5903 5904
f 5903 5905 5904
f 5904 5905 5906
f 5904 5906 5907
f 5773 5776 5908
f 5908 5776 5907
f 5908 5907 5909
f 5909 5907 5906
f 5910 5747 5773
f 5773 5908 5910
f 5910 5908 5909
f 5910 5909 5911
f 5909 5906 5911
f 5911 5906 5905
f 5911 5905 5912
f 5912 5905 5903
f 5912 5903 5913
f 5903 5902 5913
f 5913 5902 5901
f 5913 5901 5914
f 5901 5899 5914
f 5914 5899 5897
f 5914 5897 5915
f 5763 5761 5894
f 5894 5761 5915
f 5894 5915 5896
f 5896 5915 5897
f 5761 5762 5915
f 5915 5762 5861
f 5915 5861 5914
f 5914 5861 5867
f 5914 5867 5913
f 5913 5867 5863
f 5913 5863 5912
f 5912 5863 5864
f 5912 5864 5911
f 5911 5864 5865
f 5911 5865 5910
f 5910 5865 5866
f 5910 5866 5747
f 5747 5866 5748
f 5685 5916 5917
f 5685 5917 5687
f 5687 5917 5746
f 5687 5746 5690
f 5916 5685 5918
f 5918 5685 5697
f 5918 5697 5919
f 5919 5697 5696
f 5919 5696 5920
f 5920 5696 5695
f 5920 5695 5921
f 5921 5695 5691
f 5921 5691 5922
f 5922 5691 5693
f 5922 5693 5923
f 5923 5693 5924
f 5924 5693 5700
f 5924 5700 5925
f 5700 5699 5925
f 5925 5699 5698
f 5925 5698 5926
f 5926 5698 5667
f 5926 5667 5927
f 5667 5669 5927
f 5927 5669 5671
f 5927 5671 5735
f 5732 5731 5928
f 5929 5930 5931
f 5931 5930 5932
f 5931 5933 5929
f 5929 5933 5934
f 5929 5934 5935
f 5935 5934 5936
f 5935 5936 5928
f 5928 5936 5937
f 5928 5937 5732
f 5930 5938 5932
f 5932 5938 5939
f 5932 5939 5940
f 5940 5939 5941
f 5940 5941 5942
f 5942 5941 5943
f 5942 5943 5944
f 5944 5943 5945
f 5944 5945 5946
f 5946 5945 5947
f 5946 5947 5948
f 5947 5949 5948
f 5948 5949 5950
f 5948 5950 5951
f 5951 5950 5710
f 5951 5710 5709
f 5952 5948 5953
f 5953 5948 5951
f 5713 5954 5711
f 5711 5954 5955
f 5711 5955 5709
f 5940 5956 5932
f 5932 5956 5957
f 5940 5942 5956
f 5956 5942 5944
f 5956 5944 5952
f 5952 5944 5946
f 5952 5946 5948
f 5936 5934 5958
f 5958 5934 5933
f 5958 5933 5957
f 5957 5933 5931
f 5957 5931 5932
f 5959 5727 5960
f 5960 5727 5730
f 5936 5958 5937
f 5937 5958 5961
f 5937 5961 5732
f 5719 5962 5708
f 5708 5962 5963
f 5719 5721 5962
f 5962 5721 5723
f 5962 5723 5959
f 5959 5723 5725
f 5959 5725 5727
f 5713 5715 5954
f 5954 5715 5716
f 5954 5716 5963
f 5963 5716 5707
f 5963 5707 5708
f 5701 5702 5961
f 5961 5702 5960
f 5961 5960 5732
f 5732 5960 5730
f 5951 5709 5953
f 5953 5709 5955
f 5953 5955 5703
f 5703 5955 5704
f 5686 5701 5670
f 5958 5957 5961
f 5961 5957 5956
f 5670 5701 5703
f 5703 5701 5961
f 5703 5961 5953
f 5953 5961 5956
f 5953 5956 5952
f 5692 5684 5694
f 5694 5684 5686
f 5694 5686 5668
f 5668 5686 5670
f 5662 5378 5380
f 5662 5380 5964
f 5964 5380 5382
f 5964 5382 5965
f 5965 5382 5384
f 5965 5384 5966
f 5966 5384 5386
f 5966 5386 5967
f 5967 5386 5388
f 5967 5388 5968
f 5968 5388 5390
f 5968 5390 5969
f 5969 5390 5392
f 5969 5392 5970
f 5970 5392 5394
f 5970 5394 5971
f 5971 5394 5396
f 5971 5396 5972
f 5972 5396 5398
f 5972 5398 5643
f 5962 5653 5963
f 5963 5653 5655
f 5963 5655 5954
f 5673 5968 5675
f 5675 5968 5969
f 5675 5969 5681
f 5665 5965 5663
f 5663 5965 5966
f 5663 5966 5673
f 5673 5966 5967
f 5673 5967 5968
f 5960 5647 5959
f 5959 5647 5649
f 5959 5649 5962
f 5962 5649 5651
f 5962 5651 5653
f 5655 5657 5954
f 5954 5657 5659
f 5954 5659 5955
f 5955 5659 5661
f 5955 5661 5704
f 5704 5661 5662
f 5704 5662 5665
f 5665 5662 5964
f 5665 5964 5965
f 5969 5970 5681
f 5681 5970 5971
f 5681 5971 5689
f 5689 5971 5972
f 5689 5972 5702
f 5702 5972 5643
f 5702 5643 5960
f 5960 5643 5645
f 5960 5645 5647
f 5641 5642 5827
f 5827 5642 5973
f 5827 5973 5829
f 5829 5973 5974
f 5829 5974 5831
f 5831 5974 5975
f 5831 5975 5833
f 5833 5975 5976
f 5833 5976 5835
f 5835 5976 5977
f 5835 5977 5837
f 5837 5977 5978
f 5837 5978 5839
f 5839 5978 5979
f 5839 5979 5841
f 5841 5979 5980
f 5841 5980 5843
f 5843 5980 5981
f 5843 5981 5845
f 5845 5981 5982
f 5845 5982 5847
f 5847 5982 5983
f 5847 5983 5849
f 5849 5983 5984
f 5849 5984 5851
f 5851 5984 5985
f 5851 5985 5613
f 5613 5985 5614
f 5986 5987 5988
f 5989 5990 5991
f 5992 5993 5994
f 5513 5995 5996
f 5997 5998 5999
f 5542 5541 6000
f 5642 6001 5973
f 5616 6002 6003
f 5622 5620 6003
f 6003 5620 5618
f 6003 5618 5616
f 5632 5630 6004
f 6004 5630 5628
f 6004 5628 6005
f 6005 5628 5626
f 6005 5626 6003
f 6003 5626 5624
f 6003 5624 5622
f 6006 5642 5640
f 5634 6007 5636
f 5636 6007 6006
f 5636 6006 5638
f 5638 6006 5640
f 5975 6008 5976
f 5976 6008 5999
f 5976 5999 5977
f 5977 5999 6009
f 5977 6009 6010
f 6011 5979 6010
f 6010 5979 5978
f 6010 5978 5977
f 5984 5983 6012
f 5983 5982 6012
f 6012 5982 5981
f 6012 5981 6011
f 6011 5981 5980
f 6011 5980 5979
f 5614 5985 6013
f 6013 5985 5984
f 6013 5984 6014
f 6014 5984 6012
f 6015 5530 5529
f 6016 6017 5509
f 5509 6017 6018
f 5509 6018 5511
f 5511 6018 6019
f 5511 6019 5513
f 5513 6019 6020
f 5513 6020 5995
f 5995 6020 5535
f 5535 5534 5995
f 5995 5534 5533
f 5995 5533 6021
f 6021 5533 5532
f 6021 5532 6015
f 6015 5532 5531
f 6015 5531 5530
f 5542 6000 6022
f 5500 6023 5536
f 5536 6023 5537
f 6024 6025 5505
f 5536 6026 5500
f 5500 6026 6027
f 5500 6027 5502
f 5502 6027 6024
f 5502 6024 5503
f 5503 6024 5505
f 5537 6023 5538
f 5538 6023 6012
f 5538 6012 5539
f 5539 6012 6011
f 5539 6011 5540
f 6028 6029 6030
f 6030 6029 6031
f 6030 6031 6032
f 6032 6031 6033
f 5548 6034 5549
f 5549 6034 6032
f 5549 6032 6035
f 6035 6032 6033
f 6036 6037 5544
f 5544 6037 6038
f 5544 6038 5545
f 5545 6038 6039
f 5545 6039 5546
f 5546 6039 5547
f 6040 6003 5550
f 5550 6003 6041
f 5550 6041 5551
f 6042 6005 6043
f 6040 6044 6003
f 6003 6044 6045
f 6003 6045 6005
f 6005 6045 6046
f 6005 6046 6043
f 6043 5556 6042
f 6042 5556 5555
f 6042 5555 5988
f 5988 5555 5554
f 5988 5554 5553
f 5551 6041 5552
f 5552 6041 6047
f 5552 6047 5553
f 6048 5574 6049
f 6049 5574 5572
f 6049 5572 6050
f 6050 5572 6051
f 6052 6053 6054
f 6053 6055 6054
f 6054 6055 6056
f 6054 6056 6057
f 6057 6056 5584
f 6057 5584 6058
f 6058 5584 5582
f 5582 5580 6058
f 6058 5580 5578
f 6058 5578 6048
f 6048 5578 5576
f 6048 5576 5574
f 6059 5596 6060
f 6060 5596 5594
f 6060 5594 6061
f 6061 5594 5592
f 6061 5592 5987
f 5987 5592 5590
f 5987 5590 5988
f 5988 5590 5588
f 5988 5588 6042
f 6004 6062 6063
f 6063 6062 6064
f 6063 6064 6059
f 6059 6064 5598
f 6059 5598 5596
f 5588 5586 6042
f 6042 5586 6065
f 6042 6065 6005
f 6005 6065 6066
f 6005 6066 6004
f 6004 6066 6067
f 6004 6067 6062
f 5606 5604 6008
f 5604 5602 6008
f 6008 5602 5600
f 6008 5600 5999
f 5999 5600 6068
f 5999 6068 5997
f 5998 6069 5519
f 5519 6069 6070
f 5519 6070 5521
f 5521 6070 5612
f 5521 5612 5523
f 5606 6071 5608
f 5608 6071 5523
f 5608 5523 5610
f 5610 5523 5612
f 5489 6048 5490
f 5490 6048 6049
f 5490 6049 5492
f 5492 6049 6050
f 5492 6050 5494
f 5494 6050 6072
f 5494 6072 5496
f 6025 6022 5505
f 5505 6022 6000
f 5505 6000 5507
f 5507 6000 6015
f 5507 6015 5509
f 5509 6015 5529
f 5509 5529 6016
f 5519 5517 5996
f 5996 5517 5515
f 5996 5515 5513
f 5567 5566 6073
f 5565 5564 6074
f 5527 5569 5568
f 5564 6075 6074
f 6074 6075 6076
f 6074 6076 6077
f 5569 5527 5570
f 5570 5527 5525
f 5570 5525 6078
f 6078 5525 5523
f 6078 5523 6079
f 6080 6081 6073
f 5568 5567 5527
f 5527 5567 6073
f 5527 6073 6082
f 6082 6073 6081
f 6073 6083 6080
f 6080 6083 6084
f 6080 6084 6085
f 5993 5992 6084
f 6084 5992 6086
f 6084 6086 6085
f 5553 6047 5988
f 5988 6047 6087
f 5988 6087 5986
f 5548 5547 6034
f 6034 5547 6039
f 6034 6039 6088
f 6089 6090 6091
f 6091 6090 6088
f 6091 6088 6092
f 6092 6088 6039
f 6092 6039 6093
f 6093 6039 6038
f 6051 6052 6050
f 6050 6052 6054
f 6050 6054 6072
f 6072 6054 6094
f 6072 6094 5496
f 5496 6094 5498
f 5544 5543 6036
f 6036 5543 6028
f 6036 6028 5489
f 5489 6028 6030
f 5489 6030 6048
f 6048 6030 6032
f 6048 6032 6058
f 6032 5614 6058
f 6058 5614 6013
f 6058 6013 6057
f 6057 6013 6014
f 6057 6014 6054
f 6054 6014 6012
f 6054 6012 6094
f 6094 6012 6023
f 6094 6023 5498
f 5498 6023 5500
f 6089 6087 6090
f 6090 6087 6047
f 6090 6047 6088
f 6088 6047 6041
f 6088 6041 6034
f 6034 6041 6003
f 6034 6003 6032
f 6032 6003 6002
f 6032 6002 5614
f 5614 6002 5616
f 6060 6095 6059
f 6059 6095 6096
f 6059 6096 6063
f 6063 6096 6097
f 6063 6097 6004
f 6004 6097 6007
f 6004 6007 5632
f 5632 6007 5634
f 5519 5996 5998
f 5998 5996 5995
f 5998 5995 5999
f 5999 5995 6021
f 5999 6021 6009
f 6009 6021 6015
f 6009 6015 6010
f 6010 6015 6000
f 6010 6000 6011
f 6011 6000 5541
f 6011 5541 5540
f 5560 5559 6097
f 6097 5559 5558
f 6097 5558 6007
f 6007 5558 5557
f 6007 5557 6098
f 6099 6100 6006
f 6006 6100 5563
f 6006 5563 6101
f 6101 5563 5562
f 6101 5562 5561
f 6098 6102 6007
f 6007 6102 6103
f 6007 6103 6006
f 6006 6103 6104
f 6006 6104 6099
f 6095 5989 6096
f 6096 5989 5991
f 6096 5991 6097
f 6097 5991 6101
f 6097 6101 5560
f 5560 6101 5561
f 5606 6008 6071
f 6071 6008 6074
f 6071 6074 5523
f 5523 6074 6077
f 5523 6077 6079
f 5975 5974 6008
f 6008 5974 6105
f 6008 6105 6074
f 6074 6105 6073
f 6074 6073 5565
f 5565 6073 5566
f 5990 5994 5991
f 5991 5994 5993
f 5991 5993 6101
f 6101 5993 6084
f 6101 6084 6006
f 6006 6084 6083
f 6006 6083 5642
f 5642 6083 6073
f 5642 6073 6001
f 6001 6073 6105
f 6001 6105 5973
f 5973 6105 5974
f 5611 5612 6106
f 6106 5612 6070
f 6106 6070 6107
f 6107 6070 6069
f 6107 6069 6108
f 6108 6069 5998
f 6108 5998 6109
f 6109 5998 5997
f 6109 5997 6110
f 6110 5997 6068
f 6110 6068 5599
f 5599 6068 5600
f 5597 5598 6111
f 6111 5598 6064
f 6111 6064 6112
f 6112 6064 6062
f 6112 6062 6113
f 6113 6062 6067
f 6113 6067 6114
f 6114 6067 6066
f 6114 6066 6115
f 6115 6066 6065
f 6115 6065 5585
f 5585 6065 5586
f 5583 5584 6116
f 6116 5584 6056
f 6116 6056 6117
f 6117 6056 6055
f 6117 6055 6118
f 6118 6055 6053
f 6118 6053 6119
f 6119 6053 6052
f 6119 6052 6120
f 6120 6052 6051
f 6120 6051 5571
f 5571 6051 5572
f 5486 5570 6121
f 6121 5570 6078
f 6121 6078 6122
f 6122 6078 6079
f 6122 6079 6123
f 6123 6079 6077
f 6123 6077 6124
f 6124 6077 6076
f 6124 6076 6125
f 6125 6076 6075
f 6125 6075 5484
f 5484 6075 5564
f 5478 5563 6126
f 6126 5563 6100
f 6126 6100 6127
f 6127 6100 6099
f 6127 6099 6128
f 6128 6099 6104
f 6128 6104 6129
f 6129 6104 6103
f 6129 6103 6130
f 6130 6103 6102
f 6130 6102 6131
f 6131 6102 6098
f 6131 6098 5476
f 5476 6098 5557
f 5470 5556 6132
f 6132 5556 6043
f 6132 6043 6133
f 6133 6043 6046
f 6133 6046 6134
f 6134 6046 6045
f 6134 6045 6135
f 6135 6045 6044
f 6135 6044 6136
f 6136 6044 6040
f 6136 6040 5468
f 5468 6040 5550
f 5462 5549 6137
f 6137 5549 6035
f 6137 6035 6138
f 6138 6035 6033
f 6138 6033 6139
f 6139 6033 6031
f 6139 6031 6140
f 6140 6031 6029
f 6140 6029 6141
f 6141 6029 6028
f 6141 6028 5460
f 5460 6028 5543
f 5454 5542 6142
f 6142 5542 6022
f 6142 6022 6143
f 6143 6022 6025
f 6143 6025 6144
f 6144 6025 6024
f 6144 6024 6145
f 6145 6024 6027
f 6145 6027 6146
f 6146 6027 6026
f 6146 6026 5452
f 5452 6026 5536
f 5446 5535 6147
f 6147 5535 6020
f 6147 6020 6148
f 6148 6020 6019
f 6148 6019 6149
f 6149 6019 6018
f 6149 6018 6150
f 6150 6018 6017
f 6150 6017 6151
f 6151 6017 6016
f 6151 6016 5444
f 5444 6016 5529
f 5528 5527 6082
f 5528 6082 6152
f 6152 6082 6081
f 6152 6081 6153
f 6153 6081 6080
f 6153 6080 6154
f 6154 6080 6085
f 6154 6085 6155
f 6155 6085 6086
f 6155 6086 6156
f 5990 6157 5994
f 5994 6157 6156
f 5994 6156 5992
f 5992 6156 6086
f 5990 5989 6157
f 6157 5989 6095
f 6157 6095 6158
f 6158 6095 6060
f 6158 6060 6159
f 6159 6060 6061
f 6159 6061 6160
f 6160 6061 5987
f 6160 5987 6161
f 6161 5987 5986
f 6161 5986 6162
f 6162 5986 6087
f 6162 6087 6163
f 6163 6087 6089
f 6163 6089 6164
f 6164 6089 6091
f 6164 6091 6165
f 6091 6092 6165
f 6165 6092 6093
f 6165 6093 6166
f 6166 6093 6038
f 6166 6038 6167
f 6167 6038 6037
f 6167 6037 6168
f 6168 6037 6036
f 6168 6036 6169
f 6169 6036 5489
f 6169 5489 5488
f 6110 5599 5611
f 5611 5599 5601
f 5611 5601 5603
f 6108 6109 6107
f 6107 6109 6110
f 6107 6110 6106
f 6106 6110 5611
f 5603 5605 5611
f 5611 5605 5607
f 5611 5607 5609
f 6114 6115 5585
f 5585 5587 5597
f 5597 5587 5589
f 5589 5591 5597
f 5597 5591 5593
f 5597 5593 5595
f 6113 6114 6112
f 6112 6114 5585
f 6112 5585 6111
f 6111 5585 5597
f 6120 5571 5583
f 5583 5571 5573
f 5579 5581 5577
f 5577 5581 5583
f 5577 5583 5575
f 5575 5583 5573
f 6118 6119 6117
f 6117 6119 6120
f 6117 6120 6116
f 6116 6120 5583
f 5480 6122 6123
f 6121 6122 5480
f 5486 6121 5480
f 5480 6125 5484
f 6124 6125 5480
f 6123 6124 5480
f 5472 5478 6126
f 5472 6128 6129
f 6127 6128 5472
f 6126 6127 5472
f 5472 6131 5476
f 6130 6131 5472
f 6129 6130 5472
f 5464 6133 6134
f 6132 6133 5464
f 5470 6132 5464
f 5464 6136 5468
f 6135 6136 5464
f 6134 6135 5464
f 5456 6138 6139
f 6137 6138 5456
f 5462 6137 5456
f 5456 6141 5460
f 6140 6141 5456
f 6139 6140 5456
f 5448 6143 6144
f 6142 6143 5448
f 5454 6142 5448
f 5448 6146 5452
f 6145 6146 5448
f 6144 6145 5448
f 5440 6148 6149
f 6147 6148 5440
f 5446 6147 5440
f 5440 6151 5444
f 6150 6151 5440
f 6149 6150 5440
f 6170 6163 6171
f 6171 6163 6164
f 6171 6164 6172
f 6172 6164 6165
f 6172 6165 6173
f 6173 6165 6166
f 6173 6166 6174
f 6174 6166 6167
f 6174 6167 6175
f 6175 6167 6168
f 6175 6168 6176
f 6176 6168 6169
f 6176 6169 5439
f 5439 6169 5488
f 5439 5488 5437
f 5437 5488 5491
f 5437 5491 5435
f 5435 5491 5493
f 5435 5493 5433
f 5433 5493 5495
f 5433 5495 5431
f 5431 5495 5497
f 5431 5497 5429
f 5429 5497 5499
f 5429 5499 5427
f 5427 5499 5501
f 5427 5501 5425
f 5425 5501 5504
f 5425 5504 5423
f 5423 5504 5506
f 5423 5506 5421
f 5421 5506 5508
f 5421 5508 5419
f 5419 5508 5510
f 5419 5510 5417
f 5417 5510 5512
f 5417 5512 5415
f 5415 5512 5514
f 5415 5514 5413
f 5413 5514 5516
f 5413 5516 5411
f 5411 5516 5518
f 5411 5518 5409
f 5409 5518 5520
f 5409 5520 5407
f 5407 5520 5522
f 5407 5522 5405
f 5405 5522 5524
f 5405 5524 5403
f 5403 5524 5526
f 5403 5526 5400
f 5400 5526 5528
f 5400 5528 6177
f 6177 5528 6152
f 6177 6152 6178
f 6178 6152 6153
f 6178 6153 6179
f 6179 6153 6154
f 6179 6154 6180
f 6180 6154 6155
f 6180 6155 6181
f 6181 6155 6156
f 6181 6156 6182
f 6182 6156 6157
f 6182 6157 6183
f 6183 6157 6158
f 6183 6158 6184
f 6184 6158 6159
f 6184 6159 6185
f 6185 6159 6160
f 6185 6160 6186
f 6186 6160 6161
f 6186 6161 6187
f 6187 6161 6162
f 6187 6162 6170
f 6170 6162 6163
f 5439 5438 6188
f 5439 6188 6176
f 6176 6188 6189
f 6176 6189 6175
f 6175 6189 6190
f 6175 6190 6174
f 6174 6190 6191
f 6174 6191 6173
f 6173 6191 6192
f 6173 6192 6172
f 6172 6192 6193
f 6172 6193 6171
f 6171 6193 6194
f 6171 6194 6170
f 6170 6194 6195
f 6170 6195 6187
f 6187 6195 6196
f 6187 6196 6186
f 6186 6196 6197
f 6186 6197 6185
f 6185 6197 6198
f 6185 6198 6184
f 6184 6198 6199
f 6184 6199 6183
f 6183 6199 6200
f 6183 6200 6182
f 6182 6200 6201
f 6182 6201 6181
f 6181 6201 6202
f 6181 6202 6180
f 6180 6202 6203
f 6180 6203 6179
f 6179 6203 6204
f 6179 6204 6178
f 6178 6204 6205
f 6178 6205 6177
f 6177 6205 5401
f 6177 5401 5400
f 5398 5399 5644
f 5644 5399 6206
f 5644 6206 5646
f 5646 6206 6207
f 5646 6207 5648
f 5648 6207 6208
f 5648 6208 5650
f 5650 6208 6209
f 5650 6209 5652
f 5652 6209 6210
f 5652 6210 5654
f 5654 6210 6211
f 5654 6211 5656
f 5656 6211 6212
f 5656 6212 5658
f 5658 6212 6213
f 5658 6213 5660
f 5660 6213 6214
f 5660 6214 5378
f 5378 6214 5379
f 5389 5366 5391
f 5391 5366 5368
f 5391 5368 5393
f 5393 5368 5370
f 5393 5370 5395
f 5395 5370 5372
f 5395 5372 5397
f 5397 5372 5374
f 5397 5374 5399
f 5399 5374 5376
f 5399 5376 6206
f 6206 5376 6215
f 6206 6215 6207
f 6207 6215 6216
f 6207 6216 6208
f 6208 6216 6217
f 6208 6217 6209
f 6209 6217 6218
f 6209 6218 6210
f 6218 6219 6210
f 6210 6219 6220
f 6210 6220 6211
f 6211 6220 6221
f 6211 6221 6212
f 6212 6221 6222
f 6212 6222 6213
f 6213 6222 6223
f 6213 6223 6214
f 6214 6223 6224
f 6214 6224 5379
f 5379 6224 5354
f 5379 5354 5381
f 5381 5354 5356
f 5381 5356 5383
f 5383 5356 5358
f 5383 5358 5385
f 5385 5358 5360
f 5385 5360 5387
f 5387 5360 5362
f 5387 5362 5389
f 5389 5362 5364
f 5389 5364 5366
f 5376 5377 6215
f 6215 5377 6225
f 6215 6225 6216
f 6216 6225 6226
f 6216 6226 6217
f 6217 6226 6227
f 6217 6227 6218
f 6218 6227 6228
f 6218 6228 6219
f 6219 6228 6229
f 6219 6229 6220
f 6220 6229 6230
f 6220 6230 6221
f 6221 6230 6231
f 6221 6231 6222
f 6222 6231 6232
f 6222 6232 6223
f 6223 6232 6233
f 6223 6233 6224
f 6224 6233 6234
f 6224 6234 5354
f 5354 6234 5355
f 6235 5900 6236
f 6236 5900 5904
f 6236 5904 6237
f 6237 5904 5907
f 6237 5907 5351
f 5351 5907 5776
f 5351 5776 5339
f 5339 5776 5777
f 5339 5777 5341
f 5341 5777 5778
f 5341 5778 5343
f 5343 5778 5779
f 5343 5779 5345
f 5345 5779 5780
f 5345 5780 5347
f 5347 5780 5781
f 5347 5781 5349
f 5349 5781 5782
f 5349 5782 6238
f 6238 5782 5895
f 6238 5895 6239
f 6239 5895 5898
f 6239 5898 6235
f 6235 5898 5900
f 6240 6241 6242
f 5348 5349 6243
f 6243 5349 6238
f 6243 6238 6244
f 6244 6238 6239
f 6244 6239 6245
f 6245 6239 6235
f 6245 6235 6246
f 6246 6235 6236
f 6246 6236 6242
f 6242 6236 6237
f 6242 6237 6240
f 6240 6237 6247
f 6247 6237 6248
f 6248 6237 5351
f 6248 5351 5350
f 6249 5876 6250
f 6250 5876 5878
f 6250 5878 6251
f 6251 5878 5882
f 6251 5882 6252
f 6252 5882 5885
f 6252 5885 5326
f 5326 5885 5812
f 5326 5812 5328
f 5328 5812 5813
f 5328 5813 5330
f 5330 5813 5814
f 5330 5814 5332
f 5332 5814 5815
f 5332 5815 5334
f 5334 5815 5816
f 5334 5816 5335
f 5335 5816 5817
f 5335 5817 5337
f 5337 5817 5818
f 5337 5818 6253
f 6253 5818 5873
f 6253 5873 6249
f 6249 5873 5876
f 6254 5286 5288
f 5326 5325 6252
f 6252 5325 6255
f 6252 6255 6251
f 6251 6255 6256
f 6251 6256 6250
f 6250 6256 6257
f 6250 6257 6249
f 6249 6257 6258
f 6249 6258 6253
f 5290 5337 5288
f 5288 5337 6253
f 5288 6253 6254
f 6254 6253 6258
f 6242 6259 6246
f 6246 6259 6260
f 6246 6260 6245
f 5303 5304 5333
f 5333 5304 5305
f 5333 5305 5331
f 5317 5319 5344
f 5344 5319 5321
f 5344 5321 5342
f 5342 5321 5323
f 5342 5323 5340
f 5340 5323 5293
f 5340 5293 5292
f 5331 5305 5329
f 5329 5305 5307
f 5329 5307 5309
f 6261 6227 6226
f 6245 6260 6244
f 6244 6260 6262
f 6244 6262 6263
f 6264 6265 6256
f 6256 6265 6266
f 6256 6266 6257
f 6257 6266 6267
f 6257 6267 6258
f 6258 6267 6268
f 6258 6268 6254
f 6263 6261 6244
f 6244 6261 6226
f 6244 6226 6243
f 6243 6226 6225
f 6243 6225 5348
f 5348 6225 5377
f 5348 5377 5346
f 5346 5377 5375
f 5346 5375 5344
f 5344 5375 5373
f 5344 5373 5317
f 6264 6231 6269
f 6269 6231 6230
f 6269 6230 6270
f 6270 6230 6229
f 6270 6229 6261
f 6261 6229 6228
f 6261 6228 6227
f 5373 5371 5317
f 5317 5371 5369
f 5317 5369 5315
f 5315 5369 5367
f 5315 5367 5313
f 5313 5367 5365
f 5313 5365 5311
f 5365 5363 5311
f 5311 5363 5361
f 5311 5361 5359
f 5309 5311 5329
f 5329 5311 5359
f 5329 5359 5327
f 5327 5359 5357
f 5327 5357 5325
f 5325 5357 5355
f 5325 5355 6255
f 6255 5355 6234
f 6255 6234 6256
f 6256 6234 6233
f 6256 6233 6264
f 6264 6233 6232
f 6264 6232 6231
f 5286 6254 6268
f 5299 5298 6271
f 6271 5298 6272
f 6271 6272 6241
f 5294 5289 6273
f 6273 5289 5287
f 6242 6241 6259
f 6259 6241 6272
f 6259 6272 6260
f 6260 6272 6274
f 6260 6274 6262
f 6262 6274 6275
f 6262 6275 6263
f 6263 6275 6276
f 6263 6276 6261
f 6261 6276 6277
f 6261 6277 6270
f 6270 6277 6278
f 6270 6278 6269
f 6269 6278 6279
f 6269 6279 6264
f 6264 6279 6280
f 6264 6280 6265
f 6265 6280 6281
f 6265 6281 6266
f 6266 6281 6282
f 6266 6282 6267
f 6267 6282 6283
f 6267 6283 6268
f 6268 6283 6273
f 6268 6273 5286
f 5286 6273 5287
f 5297 5336 5295
f 5295 5336 5290
f 5295 5290 5289
f 6241 6240 6271
f 6240 6247 6271
f 6271 6247 6248
f 6271 6248 5299
f 5299 6248 5350
f 5299 5350 5301
f 5350 5352 5301
f 5301 5352 5353
f 5301 5353 5302
f 5302 5353 5338
f 5302 5338 5291
f 6284 6285 6286
f 6287 6288 6289
f 5184 6290 5186
f 5164 6291 6292
f 5158 5156 6293
f 6293 5156 6294
f 6295 6296 6297
f 6297 6296 6298
f 6299 6300 6301
f 5263 5262 6302
f 6303 6304 5182
f 5193 5191 6305
f 6282 6306 6283
f 5308 5306 6307
f 6307 5306 6308
f 6309 5312 6307
f 6307 5312 5310
f 6307 5310 5308
f 5320 5318 6285
f 6285 5318 5316
f 6285 5316 6309
f 6309 5316 5314
f 6309 5314 5312
f 6310 5298 6311
f 6311 5298 5300
f 6311 5300 6284
f 6284 5300 5324
f 6284 5324 6285
f 6285 5324 5322
f 6285 5322 5320
f 6277 6276 6312
f 6312 6276 6275
f 6312 6275 6313
f 6313 6275 6274
f 6313 6274 6310
f 6310 6274 6272
f 6310 6272 5298
f 6277 6312 6278
f 6278 6312 6314
f 6278 6314 6279
f 6287 6281 6314
f 6314 6281 6280
f 6314 6280 6279
f 6315 6316 6317
f 5195 6318 5197
f 5197 6318 6319
f 5197 6319 5199
f 5199 6319 6320
f 5199 6320 5201
f 5201 6320 6315
f 5201 6315 5203
f 5203 6315 6317
f 5203 6317 5205
f 5191 6321 6309
f 6309 6321 6322
f 5205 6317 5207
f 5207 6317 6286
f 5207 6286 6323
f 6323 6286 6285
f 6323 6285 6324
f 6322 6325 6309
f 6309 6325 6326
f 6309 6326 6285
f 6285 6326 6327
f 6285 6327 6324
f 5215 5213 6328
f 5213 5211 6328
f 6328 5211 5209
f 6328 5209 6329
f 5182 6304 5184
f 6304 5225 5184
f 5184 5225 5223
f 5184 5223 6290
f 5217 6330 5219
f 5219 6330 6290
f 5219 6290 5221
f 5221 6290 5223
f 6331 6332 6333
f 6333 6332 6334
f 5209 6335 6329
f 6329 6335 6336
f 6329 6336 6337
f 6337 6336 6331
f 5151 5231 5229
f 5156 5154 6338
f 6338 6339 5156
f 5156 6339 6340
f 5156 6340 6294
f 5151 5229 5153
f 5153 5229 5227
f 5153 5227 5154
f 5154 5227 6341
f 5154 6341 6338
f 5231 5151 5233
f 5233 5151 5149
f 5233 5149 5235
f 6342 5239 6343
f 6343 5239 5237
f 6344 6345 6302
f 6345 6346 6302
f 6302 6346 5243
f 6302 5243 6342
f 6342 5243 5241
f 6342 5241 5239
f 5244 6347 6307
f 5191 6309 6305
f 6305 6309 6348
f 6305 6348 5250
f 6347 6349 6307
f 6307 6349 6350
f 6307 6350 6309
f 6309 6350 6351
f 6309 6351 6348
f 5250 5249 6305
f 6305 5249 6318
f 6305 6318 5193
f 5193 6318 5195
f 5249 5248 6318
f 6318 5248 5247
f 6318 5247 6352
f 6352 5247 5246
f 6352 5246 5245
f 5262 5261 6302
f 6302 5261 6294
f 6302 6294 6344
f 6344 6294 6340
f 5264 5263 6288
f 5160 6353 5165
f 5165 6353 6354
f 5165 6354 5164
f 5164 6354 6355
f 5164 6355 6291
f 5261 5260 6294
f 6294 5260 5259
f 6294 5259 6293
f 6293 5259 5258
f 6293 5258 5158
f 5158 5258 6356
f 5158 6356 5160
f 5160 6356 6357
f 5160 6357 6353
f 6358 6330 5272
f 5272 6330 6359
f 5272 6359 5273
f 5273 6359 6360
f 5273 6360 5274
f 5274 6360 5275
f 5278 5188 6361
f 6361 5188 5186
f 6361 5186 6362
f 6362 5186 6290
f 6362 6290 6363
f 6363 6290 6330
f 6363 6330 6364
f 6364 6330 6358
f 5278 5277 5188
f 5188 5277 5276
f 5188 5276 6365
f 6365 5276 6366
f 6365 6366 6367
f 6367 6366 6368
f 5276 5275 6366
f 6366 5275 6360
f 6366 6360 6368
f 6368 6360 6301
f 6368 6301 6369
f 6369 6301 6370
f 6297 5252 5251
f 6298 6370 5256
f 6300 6371 6301
f 6301 6371 6372
f 6301 6372 6370
f 6370 6372 5257
f 6370 5257 5256
f 6373 6374 6284
f 6284 6374 6299
f 5256 5255 6298
f 6298 5255 5254
f 6298 5254 6297
f 6297 5254 5253
f 6297 5253 5252
f 6375 6376 6352
f 6352 6376 6377
f 6352 6377 6318
f 6318 6377 6378
f 6318 6378 6319
f 6379 6380 6381
f 6381 6380 6375
f 6381 6375 6382
f 6382 6375 6352
f 6382 6352 6383
f 6383 6352 5245
f 5148 6384 5149
f 5149 6384 6385
f 5149 6385 6386
f 5237 5235 6387
f 6387 5235 5149
f 6387 5149 6388
f 6388 5149 6386
f 6388 6386 6389
f 6389 6390 6388
f 6388 6390 5271
f 6388 5271 6391
f 5271 5270 6391
f 6391 5270 5269
f 6391 5269 6392
f 6392 5269 5268
f 6392 5268 6393
f 6393 5268 5267
f 6393 5267 6394
f 6394 5267 5266
f 6394 5266 5148
f 5148 5266 5265
f 5148 5265 6384
f 5169 5167 6395
f 6395 5167 5166
f 6395 5166 6292
f 6292 5166 5162
f 6292 5162 5164
f 6395 5280 5279
f 5285 5284 6396
f 6395 5279 5169
f 5169 5279 6397
f 5169 6397 5171
f 5171 6397 6398
f 5171 6398 5173
f 5173 6398 6399
f 5173 6399 5175
f 5175 6399 6400
f 5175 6400 6401
f 5284 5283 6396
f 6396 5283 5282
f 6396 5282 6395
f 6395 5282 5281
f 6395 5281 5280
f 6331 6333 6337
f 6337 6333 5177
f 6337 5177 5175
f 6303 5182 6334
f 6334 5182 5180
f 6334 5180 6333
f 6333 5180 5178
f 6333 5178 5177
f 5237 6387 6343
f 6343 6387 6388
f 6343 6388 6402
f 6402 6388 6391
f 6402 6391 6403
f 5263 6302 6288
f 6288 6302 6342
f 6288 6342 6289
f 6289 6342 6343
f 6289 6343 6404
f 6404 6343 6402
f 6404 6402 6405
f 6405 6402 6403
f 6405 6403 6308
f 5306 5296 6308
f 6308 5296 5294
f 6308 5294 6405
f 6405 5294 6273
f 6405 6273 6404
f 6404 6273 6283
f 6404 6283 6289
f 6289 6283 6306
f 6289 6306 6287
f 6287 6306 6282
f 6287 6282 6281
f 6392 6406 6391
f 6391 6406 6379
f 6391 6379 6403
f 6403 6379 6381
f 6403 6381 6308
f 6308 6381 6382
f 6308 6382 6307
f 6307 6382 6383
f 6307 6383 5244
f 5244 6383 5245
f 6355 5264 6291
f 6291 5264 6288
f 6291 6288 6292
f 6292 6288 6287
f 6292 6287 6395
f 6395 6287 6314
f 6395 6314 6396
f 6396 6314 6312
f 6310 6328 6313
f 6313 6328 6329
f 6313 6329 6312
f 6312 6329 6337
f 6312 6337 6396
f 6396 6337 5175
f 6396 5175 5285
f 5285 5175 6401
f 6316 6407 6317
f 6317 6407 6295
f 6317 6295 6286
f 6286 6295 6297
f 6286 6297 6284
f 6284 6297 5251
f 6284 5251 6373
f 6299 6301 6284
f 6284 6301 6360
f 6284 6360 6311
f 6311 6360 6359
f 6311 6359 6310
f 6310 6359 6330
f 6310 6330 6328
f 6328 6330 5217
f 6328 5217 5215
f 5145 5285 6408
f 6408 5285 6401
f 6408 6401 6409
f 6409 6401 6400
f 6409 6400 6410
f 6410 6400 6399
f 6410 6399 6411
f 6411 6399 6398
f 6411 6398 6412
f 6412 6398 6397
f 6412 6397 5143
f 5143 6397 5279
f 5137 5278 6413
f 6413 5278 6361
f 6413 6361 6414
f 6414 6361 6362
f 6414 6362 6415
f 6415 6362 6363
f 6415 6363 6416
f 6416 6363 6364
f 6416 6364 6417
f 6417 6364 6358
f 6417 6358 5135
f 5135 6358 5272
f 5129 5271 6418
f 6418 5271 6390
f 6418 6390 6419
f 6419 6390 6389
f 6419 6389 6420
f 6420 6389 6386
f 6420 6386 6421
f 6421 6386 6385
f 6421 6385 6422
f 6422 6385 6384
f 6422 6384 5127
f 5127 6384 5265
f 5121 5264 6423
f 6423 5264 6355
f 6423 6355 6424
f 6424 6355 6354
f 6424 6354 6425
f 6425 6354 6353
f 6425 6353 6426
f 6426 6353 6357
f 6426 6357 6427
f 6427 6357 6356
f 6427 6356 5119
f 5119 6356 5258
f 5113 5257 6428
f 6428 5257 6372
f 6428 6372 6429
f 6429 6372 6371
f 6429 6371 6430
f 6430 6371 6300
f 6430 6300 6431
f 6431 6300 6299
f 6431 6299 6432
f 6432 6299 6374
f 6432 6374 6433
f 6433 6374 6373
f 6433 6373 5111
f 5111 6373 5251
f 5105 5250 6434
f 6434 5250 6348
f 6434 6348 6435
f 6435 6348 6351
f 6435 6351 6436
f 6436 6351 6350
f 6436 6350 6437
f 6437 6350 6349
f 6437 6349 6438
f 6438 6349 6347
f 6438 6347 5103
f 5103 6347 5244
f 5242 5243 6439
f 6439 5243 6346
f 6439 6346 6440
f 6440 6346 6345
f 6440 6345 6441
f 6441 6345 6344
f 6441 6344 6442
f 6442 6344 6340
f 6442 6340 6443
f 6443 6340 6339
f 6443 6339 6444
f 6444 6339 6338
f 6444 6338 6445
f 6445 6338 6341
f 6445 6341 5226
f 5226 6341 5227
f 5224 5225 6446
f 6446 5225 6304
f 6446 6304 6447
f 6447 6304 6303
f 6447 6303 6448
f 6448 6303 6334
f 6448 6334 6449
f 6449 6334 6332
f 6449 6332 6450
f 6450 6332 6331
f 6450 6331 6451
f 6451 6331 6336
f 6451 6336 6452
f 6452 6336 6335
f 6452 6335 5208
f 5208 6335 5209
f 5206 5207 6453
f 6453 5207 6323
f 6453 6323 6454
f 6454 6323 6324
f 6454 6324 6455
f 6455 6324 6327
f 6455 6327 6456
f 6456 6327 6326
f 6456 6326 6457
f 6457 6326 6325
f 6457 6325 6458
f 6458 6325 6322
f 6458 6322 6459
f 6459 6322 6321
f 6459 6321 5190
f 5190 6321 5191
f 5189 5188 6365
f 5189 6365 6460
f 6460 6365 6367
f 6460 6367 6461
f 6461 6367 6368
f 6461 6368 6462
f 6462 6368 6369
f 6462 6369 6463
f 6463 6369 6370
f 6463 6370 6464
f 6464 6370 6298
f 6464 6298 6465
f 6465 6298 6296
f 6465 6296 6466
f 6466 6296 6295
f 6466 6295 6407
f 6407 6316 6466
f 6466 6316 6315
f 6466 6315 6467
f 6467 6315 6320
f 6467 6320 6468
f 6468 6320 6319
f 6468 6319 6469
f 6469 6319 6378
f 6469 6378 6470
f 6470 6378 6377
f 6470 6377 6471
f 6471 6377 6376
f 6471 6376 6375
f 6375 6380 6471
f 6471 6380 6379
f 6471 6379 6472
f 6472 6379 6406
f 6472 6406 6473
f 6473 6406 6392
f 6473 6392 6474
f 6474 6392 6393
f 6474 6393 6475
f 6475 6393 6394
f 6475 6394 6476
f 6476 6394 5148
f 6476 5148 5147
f 5139 6409 6410
f 6408 6409 5139
f 5145 6408 5139
f 5139 6412 5143
f 6411 6412 5139
f 6410 6411 5139
f 5131 6414 6415
f 6413 6414 5131
f 5137 6413 5131
f 5131 6417 5135
f 6416 6417 5131
f 6415 6416 5131
f 5123 6419 6420
f 6418 6419 5123
f 5129 6418 5123
f 5123 6422 5127
f 6421 6422 5123
f 6420 6421 5123
f 5115 6424 6425
f 6423 6424 5115
f 5121 6423 5115
f 5115 6427 5119
f 6426 6427 5115
f 6425 6426 5115
f 5107 5113 6428
f 5107 6430 6431
f 6429 6430 5107
f 6428 6429 5107
f 5107 6433 5111
f 6432 6433 5107
f 6431 6432 5107
f 5099 6435 6436
f 6434 6435 5099
f 5105 6434 5099
f 5099 6438 5103
f 6437 6438 5099
f 6436 6437 5099
f 6445 5226 5242
f 5242 5226 5228
f 5228 5230 5242
f 5242 5230 5232
f 5242 5232 5234
f 6439 6440 5242
f 5242 6440 6441
f 5242 6441 6442
f 6442 6443 5242
f 5242 6443 6444
f 5242 6444 6445
f 5234 5236 5242
f 5242 5236 5238
f 5242 5238 5240
f 5222 5224 6446
f 5212 5222 5210
f 5210 5222 6446
f 5210 6446 5208
f 5208 6446 6451
f 5208 6451 6452
f 5218 5220 5216
f 5216 5220 5222
f 5216 5222 5214
f 5214 5222 5212
f 6449 6450 6448
f 6448 6450 6451
f 6448 6451 6447
f 6447 6451 6446
f 5200 5202 5204
f 6453 6454 6455
f 5190 5192 5204
f 6455 6456 6457
f 5190 5204 6459
f 6459 5204 5206
f 6459 5206 6453
f 6453 6455 6459
f 6459 6455 6457
f 6459 6457 6458
f 5198 5200 5196
f 5196 5200 5204
f 5196 5204 5194
f 5194 5204 5192
f 6468 6196 6467
f 6467 6196 6195
f 6467 6195 6466
f 6466 6195 6194
f 6466 6194 6465
f 6465 6194 6193
f 6465 6193 6464
f 6464 6193 6192
f 6464 6192 6463
f 6463 6192 6191
f 6463 6191 6462
f 6462 6191 6190
f 6462 6190 6461
f 6461 6190 6189
f 6461 6189 6460
f 6460 6189 6188
f 6460 6188 5189
f 5189 6188 5438
f 5189 5438 5187
f 5187 5438 5436
f 5187 5436 5185
f 5185 5436 5434
f 5185 5434 5183
f 5183 5434 5432
f 5183 5432 5181
f 5181 5432 5430
f 5181 5430 5179
f 5179 5430 5428
f 5179 5428 5176
f 5176 5428 5426
f 5176 5426 5174
f 5174 5426 5424
f 5174 5424 5172
f 5172 5424 5422
f 5172 5422 5170
f 5422 5420 5170
f 5170 5420 5418
f 5170 5418 5168
f 5168 5418 5416
f 5168 5416 5163
f 5163 5416 5414
f 5163 5414 5161
f 5161 5414 5412
f 5161 5412 5159
f 5159 5412 5410
f 5159 5410 5157
f 5157 5410 5408
f 5157 5408 5155
f 5155 5408 5406
f 5155 5406 5152
f 5152 5406 5404
f 5152 5404 5150
f 5150 5404 5402
f 5150 5402 5147
f 5147 5402 5401
f 5147 5401 6476
f 6476 5401 6205
f 6476 6205 6475
f 6475 6205 6204
f 6475 6204 6474
f 6474 6204 6203
f 6474 6203 6473
f 6473 6203 6202
f 6473 6202 6472
f 6472 6202 6201
f 6472 6201 6471
f 6471 6201 6200
f 6471 6200 6470
f 6470 6200 6199
f 6470 6199 6469
f 6469 6199 6198
f 6469 6198 6468
f 6468 6198 6197
f 6468 6197 6196
f 5917 5741 5742
f 5742 5743 5917
f 5917 5743 5744
f 5917 5744 5746
f 5746 5744 5745
f 5741 5917 5740
f 5740 5917 5916
f 5740 5916 5918
f 5921 5922 5920
f 5920 5922 5740
f 5920 5740 5919
f 5919 5740 5918
f 5734 5923 5924
f 5927 5735 5926
f 5926 5735 5734
f 5926 5734 5925
f 5925 5734 5924
f 5923 5734 5922
f 5922 5734 5733
f 5922 5733 5736
f 5739 5740 5738
f 5738 5740 5922
f 5738 5922 5737
f 5737 5922 5736
f 5729 5938 5930
f 5930 5929 5729
f 5729 5929 5935
f 5729 5935 5731
f 5731 5935 5928
f 5938 5729 5939
f 5939 5729 5728
f 5939 5728 5726
f 5720 5718 5722
f 5722 5718 5939
f 5722 5939 5724
f 5724 5939 5726
f 5950 5717 5706
f 5712 5710 5714
f 5714 5710 5950
f 5714 5950 5705
f 5705 5950 5706
f 5717 5950 5718
f 5718 5950 5949
f 5718 5949 5947
f 5941 5939 5943
f 5943 5939 5718
f 5943 5718 5945
f 5945 5718 5947
f 6477 6478 6479
f 6479 6478 6480
f 6479 6480 6481
f 6481 6480 6482
f 6481 6482 6483
f 6483 6482 6484
f 6483 6484 6485
f 6485 6484 6486
f 6485 6486 6487
f 6487 6486 6488
f 6487 6488 6489
f 6489 6488 6490
f 6489 6490 6491
f 6491 6490 6492
f 6491 6492 6493
f 6493 6492 6494
f 6493 6494 6495
f 6495 6494 6496
f 6495 6496 6497
f 6497 6496 6498
f 6499 6492 6500
f 6500 6492 6490
f 6500 6490 6501
f 6501 6490 6488
f 6501 6488 6502
f 6502 6488 6486
f 6502 6486 6503
f 6503 6486 6484
f 6503 6484 6504
f 6504 6484 6482
f 6504 6482 6505
f 6505 6482 6480
f 6505 6480 6506
f 6506 6480 6478
f 6506 6478 6507
f 6507 6478 6508
f 6507 6508 6509
f 6509 6508 6510
f 6509 6510 6511
f 6511 6510 6512
f 6511 6512 6513
f 6513 6512 6514
f 6513 6514 6515
f 6515 6514 6516
f 6515 6516 6517
f 6517 6516 6518
f 6517 6518 6519
f 6519 6518 6520
f 6519 6520 6521
f 6521 6520 6522
f 6521 6522 6523
f 6523 6522 6524
f 6523 6524 6525
f 6525 6524 6498
f 6525 6498 6526
f 6526 6498 6496
f 6526 6496 6527
f 6527 6496 6494
f 6527 6494 6499
f 6499 6494 6492
f 6477 6506 6507
f 6477 6507 6528
f 6528 6507 6509
f 6528 6509 6529
f 6529 6509 6511
f 6529 6511 6530
f 6530 6511 6513
f 6530 6513 6531
f 6531 6513 6515
f 6531 6515 6532
f 6532 6515 6517
f 6532 6517 6533
f 6533 6517 6519
f 6533 6519 6534
f 6534 6519 6521
f 6534 6521 6535
f 6535 6521 6523
f 6535 6523 6536
f 6536 6523 6525
f 6536 6525 6497
f 6497 6525 6526
f 6497 6526 6495
f 6495 6526 6527
f 6495 6527 6493
f 6493 6527 6499
f 6493 6499 6491
f 6491 6499 6500
f 6491 6500 6489
f 6489 6500 6501
f 6489 6501 6487
f 6487 6501 6502
f 6487 6502 6485
f 6485 6502 6503
f 6485 6503 6483
f 6483 6503 6504
f 6483 6504 6481
f 6481 6504 6505
f 6481 6505 6479
f 6479 6505 6506
f 6479 6506 6477
f 6497 6498 6536
f 6536 6498 6524
f 6536 6524 6535
f 6535 6524 6522
f 6535 6522 6534
f 6534 6522 6520
f 6534 6520 6533
f 6533 6520 6518
f 6533 6518 6532
f 6532 6518 6516
f 6532 6516 6531
f 6531 6516 6514
f 6531 6514 6530
f 6530 6514 6512
f 6530 6512 6529
f 6529 6512 6510
f 6529 6510 6528
f 6528 6510 6508
f 6528 6508 6477
f 6477 6508 6478
f 6537 6538 6539
f 6539 6538 6540
f 6539 6540 6541
f 6541 6540 6542
f 6541 6542 6543
f 6543 6542 6544
f 6543 6544 6545
f 6545 6544 6546
f 6545 6546 6547
f 6547 6546 6548
f 6547 6548 6549
f 6549 6548 6550
f 6549 6550 6551
f 6551 6550 6552
f 6551 6552 6553
f 6553 6552 6554
f 6553 6554 6555
f 6555 6554 6556
f 6555 6556 6557
f 6557 6556 6558
f 6557 6558 6559
f 6559 6558 6560
f 6559 6560 6561
f 6561 6560 6562
f 6561 6562 6563
f 6563 6562 6564
f 6563 6564 6565
f 6565 6564 6566
f 6565 6566 6567
f 6567 6566 6568
f 6567 6568 6569
f 6569 6568 6570
f 6569 6570 6571
f 6571 6570 6572
f 6571 6572 6573
f 6573 6572 6574
f 6573 6574 6575
f 6575 6574 6576
f 6575 6576 6577
f 6577 6576 6578
f 6577 6578 6579
f 6579 6578 6580
f 6579 6580 6581
f 6581 6580 6582
f 6581 6582 6583
f 6583 6582 6584
f 6583 6584 6585
f 6585 6584 6586
f 6585 6586 6587
f 6587 6586 6588
f 6587 6588 6589
f 6589 6588 6590
f 6589 6590 6591
f 6591 6590 6592
f 6591 6592 6537
f 6537 6592 6538
f 6560 6593 6562
f 6562 6593 6594
f 6562 6594 6564
f 6564 6594 6595
f 6564 6595 6566
f 6566 6595 6596
f 6566 6596 6568
f 6568 6596 6597
f 6568 6597 6570
f 6570 6597 6598
f 6570 6598 6572
f 6572 6598 6599
f 6572 6599 6574
f 6574 6599 6600
f 6574 6600 6576
f 6576 6600 6601
f 6576 6601 6578
f 6578 6601 6602
f 6578 6602 6580
f 6580 6602 6603
f 6580 6603 6582
f 6582 6603 6604
f 6582 6604 6584
f 6584 6604 6605
f 6584 6605 6586
f 6586 6605 6606
f 6586 6606 6588
f 6588 6606 6607
f 6545 6608 6609
f 6545 6609 6543
f 6543 6609 6610
f 6543 6610 6541
f 6541 6610 6611
f 6541 6611 6539
f 6539 6611 6612
f 6539 6612 6537
f 6537 6612 6613
f 6537 6613 6591
f 6591 6613 6614
f 6591 6614 6589
f 6589 6614 6607
f 6589 6607 6587
f 6587 6607 6606
f 6587 6606 6585
f 6585 6606 6605
f 6585 6605 6583
f 6583 6605 6604
f 6583 6604 6581
f 6581 6604 6603
f 6581 6603 6579
f 6579 6603 6602
f 6579 6602 6577
f 6577 6602 6601
f 6577 6601 6575
f 6575 6601 6600
f 6575 6600 6573
f 6588 6607 6590
f 6590 6607 6614
f 6590 6614 6592
f 6592 6614 6613
f 6592 6613 6538
f 6538 6613 6612
f 6538 6612 6540
f 6540 6612 6611
f 6540 6611 6542
f 6542 6611 6610
f 6542 6610 6544
f 6544 6610 6609
f 6544 6609 6546
f 6546 6609 6608
f 6546 6608 6548
f 6548 6608 6615
f 6548 6615 6550
f 6550 6615 6616
f 6550 6616 6552
f 6552 6616 6617
f 6552 6617 6554
f 6554 6617 6618
f 6554 6618 6556
f 6556 6618 6619
f 6556 6619 6558
f 6558 6619 6620
f 6558 6620 6560
f 6560 6620 6593
f 6573 6600 6599
f 6573 6599 6571
f 6571 6599 6598
f 6571 6598 6569
f 6569 6598 6597
f 6569 6597 6567
f 6567 6597 6596
f 6567 6596 6565
f 6565 6596 6595
f 6565 6595 6563
f 6563 6595 6594
f 6563 6594 6561
f 6561 6594 6593
f 6561 6593 6559
f 6559 6593 6620
f 6559 6620 6557
f 6557 6620 6619
f 6557 6619 6555
f 6555 6619 6618
f 6555 6618 6553
f 6553 6618 6617
f 6553 6617 6551
f 6551 6617 6616
f 6551 6616 6549
f 6549 6616 6615
f 6549 6615 6547
f 6547 6615 6608
f 6547 6608 6545
f 6621 6622 6623
f 6624 6625 6626
f 6626 6625 6627
f 6626 6627 6628
f 6628 6627 6629
f 6624 6630 6625
f 6625 6630 6631
f 6625 6631 6632
f 6632 6631 6633
f 6632 6633 6634
f 6634 6633 6635
f 6634 6635 6636
f 6637 6638 6639
f 6640 6641 6642
f 6642 6641 6643
f 6642 6643 6644
f 6644 6643 6645
f 6644 6645 6646
f 6646 6645 6647
f 6646 6647 6648
f 6648 6647 6649
f 6648 6649 6650
f 6650 6649 6631
f 6650 6631 6651
f 6651 6631 6630
f 6652 6653 6629
f 6629 6653 6654
f 6629 6654 6628
f 6655 6656 6657
f 6657 6656 6658
f 6657 6658 6659
f 6659 6658 6660
f 6659 6660 6661
f 6621 6662 6622
f 6622 6662 6663
f 6622 6663 6638
f 6638 6663 6664
f 6638 6664 6639
f 6665 6666 6667
f 6667 6666 6668
f 6667 6668 6669
f 6669 6668 6670
f 6669 6670 6671
f 6671 6670 6672
f 6671 6672 6673
f 6673 6672 6674
f 6673 6674 6675
f 6675 6674 6676
f 6675 6676 6677
f 6677 6621 6675
f 6675 6621 6623
f 6675 6623 6678
f 6678 6623 6679
f 6678 6679 6660
f 6660 6679 6680
f 6660 6680 6661
f 6681 6682 6683
f 6683 6682 6684
f 6685 6686 6687
f 6687 6686 6688
f 6687 6688 6689
f 6682 6690 6684
f 6684 6690 6691
f 6684 6691 6692
f 6692 6691 6693
f 6692 6693 6629
f 6629 6693 6694
f 6629 6694 6652
f 6695 6655 6696
f 6696 6655 6697
f 6696 6697 6698
f 6698 6697 6699
f 6698 6699 6700
f 6700 6699 6637
f 6700 6637 6701
f 6701 6637 6639
f 6702 6703 6704
f 6704 6703 6705
f 6704 6705 6685
f 6685 6705 6706
f 6685 6706 6686
f 6707 6708 6709
f 6695 6710 6655
f 6655 6710 6711
f 6655 6711 6656
f 6656 6711 6712
f 6689 6713 6687
f 6687 6713 6714
f 6687 6714 6715
f 6716 6717 6718
f 6712 6707 6656
f 6656 6707 6709
f 6656 6709 6702
f 6702 6709 6719
f 6702 6719 6703
f 6717 6716 6720
f 6720 6716 6721
f 6720 6721 6722
f 6722 6721 6723
f 6722 6723 6724
f 6724 6723 6725
f 6724 6725 6726
f 6726 6725 6727
f 6726 6727 6728
f 6728 6727 6729
f 6728 6729 6730
f 6730 6729 6731
f 6730 6731 6732
f 6732 6731 6733
f 6732 6733 6715
f 6715 6733 6734
f 6715 6734 6687
f 6718 6682 6716
f 6716 6682 6681
f 6716 6681 6735
f 6735 6681 6736
f 6735 6736 6635
f 6635 6736 6737
f 6635 6737 6636
f 6738 6625 6739
f 6739 6625 6632
f 6739 6632 6740
f 6740 6632 6634
f 6740 6634 6741
f 6741 6634 6636
f 6741 6636 6742
f 6742 6636 6737
f 6742 6737 6743
f 6743 6737 6736
f 6743 6736 6744
f 6744 6736 6681
f 6745 6623 6746
f 6746 6623 6622
f 6746 6622 6747
f 6747 6622 6638
f 6747 6638 6748
f 6748 6638 6637
f 6748 6637 6749
f 6749 6637 6699
f 6749 6699 6750
f 6750 6699 6697
f 6750 6697 6751
f 6751 6697 6655
f 6752 6753 6754
f 6755 6756 6757
f 6755 6757 6758
f 6758 6757 6759
f 6758 6759 6760
f 6666 6761 6762
f 6762 6761 6763
f 6760 6752 6758
f 6758 6752 6754
f 6758 6754 6764
f 6764 6754 6763
f 6764 6763 6765
f 6765 6763 6761
f 6766 6621 6767
f 6767 6621 6677
f 6767 6677 6768
f 6768 6677 6676
f 6768 6676 6769
f 6769 6676 6674
f 6769 6674 6770
f 6770 6674 6672
f 6770 6672 6771
f 6771 6672 6670
f 6771 6670 6762
f 6762 6670 6668
f 6762 6668 6666
f 6772 6664 6773
f 6773 6664 6663
f 6773 6663 6774
f 6774 6663 6662
f 6774 6662 6766
f 6766 6662 6621
f 6701 6775 6700
f 6700 6775 6776
f 6777 6778 6639
f 6639 6778 6779
f 6639 6779 6701
f 6701 6779 6780
f 6701 6780 6775
f 6777 6639 6781
f 6781 6639 6664
f 6781 6664 6772
f 6696 6698 6782
f 6782 6698 6783
f 6776 6784 6700
f 6700 6784 6785
f 6700 6785 6698
f 6786 6783 6787
f 6787 6783 6698
f 6787 6698 6788
f 6788 6698 6785
f 6696 6782 6695
f 6695 6782 6789
f 6695 6789 6710
f 6710 6789 6790
f 6710 6790 6711
f 6711 6790 6791
f 6792 6708 6793
f 6793 6708 6707
f 6793 6707 6794
f 6794 6707 6712
f 6794 6712 6791
f 6791 6712 6711
f 6795 6709 6792
f 6792 6709 6708
f 6792 6796 6795
f 6795 6796 6797
f 6795 6797 6798
f 6798 6797 6799
f 6799 6800 6798
f 6798 6800 6801
f 6798 6801 6802
f 6803 6705 6804
f 6804 6705 6703
f 6804 6703 6805
f 6805 6703 6719
f 6805 6719 6795
f 6795 6719 6709
f 6806 6706 6803
f 6803 6706 6705
f 6807 6689 6808
f 6808 6689 6688
f 6808 6688 6809
f 6809 6688 6686
f 6809 6686 6806
f 6806 6686 6706
f 6810 6807 6811
f 6811 6807 6812
f 6811 6812 6813
f 6713 6689 6814
f 6814 6689 6807
f 6814 6807 6815
f 6815 6807 6810
f 6816 6817 6818
f 6819 6820 6732
f 6820 6821 6732
f 6732 6821 6822
f 6732 6822 6730
f 6730 6822 6823
f 6730 6823 6824
f 6825 6728 6826
f 6826 6728 6730
f 6826 6730 6827
f 6827 6730 6824
f 6828 6682 6829
f 6829 6682 6718
f 6829 6718 6830
f 6830 6718 6717
f 6830 6717 6831
f 6831 6717 6720
f 6831 6720 6832
f 6832 6720 6722
f 6832 6722 6833
f 6833 6722 6724
f 6833 6724 6834
f 6834 6724 6726
f 6834 6726 6818
f 6818 6726 6728
f 6818 6728 6816
f 6816 6728 6825
f 6713 6814 6714
f 6714 6814 6835
f 6714 6835 6715
f 6715 6835 6836
f 6715 6836 6732
f 6732 6836 6837
f 6732 6837 6819
f 6838 6693 6839
f 6839 6693 6691
f 6839 6691 6840
f 6840 6691 6690
f 6840 6690 6828
f 6828 6690 6682
f 6652 6841 6653
f 6653 6841 6842
f 6843 6844 6694
f 6694 6844 6845
f 6694 6845 6652
f 6652 6845 6846
f 6652 6846 6841
f 6843 6694 6847
f 6847 6694 6693
f 6847 6693 6838
f 6628 6654 6848
f 6848 6654 6849
f 6842 6850 6653
f 6653 6850 6851
f 6653 6851 6654
f 6852 6849 6853
f 6853 6849 6654
f 6853 6654 6854
f 6854 6654 6851
f 6628 6848 6626
f 6626 6848 6855
f 6626 6855 6624
f 6624 6855 6856
f 6624 6856 6630
f 6630 6856 6857
f 6858 6859 6860
f 6641 6640 6861
f 6861 6640 6862
f 6861 6862 6860
f 6860 6862 6863
f 6860 6863 6858
f 6666 6665 6761
f 6761 6665 6864
f 6761 6864 6865
f 6865 6864 6866
f 6865 6866 6867
f 6867 6866 6868
f 6863 6862 6869
f 6869 6862 6870
f 6869 6870 6871
f 6868 6872 6867
f 6867 6872 6873
f 6867 6873 6865
f 6874 6859 6869
f 6869 6859 6858
f 6869 6858 6863
f 6875 6876 6877
f 6877 6876 6878
f 6877 6878 6872
f 6872 6878 6879
f 6872 6879 6873
f 6869 6871 6874
f 6874 6871 6880
f 6874 6880 6875
f 6875 6880 6881
f 6875 6881 6876
f 6879 6765 6873
f 6873 6765 6761
f 6873 6761 6865
f 6882 6738 6739
f 6882 6739 6883
f 6883 6739 6740
f 6883 6740 6884
f 6884 6740 6885
f 6885 6740 6741
f 6885 6741 6886
f 6886 6741 6887
f 6887 6741 6742
f 6887 6742 6888
f 6888 6742 6743
f 6888 6743 6889
f 6889 6743 6744
f 6889 6744 6890
f 6891 6745 6746
f 6891 6746 6892
f 6892 6746 6747
f 6892 6747 6893
f 6893 6747 6894
f 6894 6747 6748
f 6894 6748 6895
f 6895 6748 6896
f 6896 6748 6749
f 6896 6749 6897
f 6897 6749 6750
f 6897 6750 6898
f 6898 6750 6751
f 6898 6751 6899
f 6900 6901 6902
f 6786 6903 6783
f 6783 6903 6792
f 6783 6792 6782
f 6782 6792 6793
f 6904 6905 6906
f 6900 6902 6907
f 6908 6909 6910
f 6814 6815 6835
f 6835 6815 6909
f 6835 6909 6836
f 6911 6912 6913
f 6913 6912 6914
f 6904 6906 6915
f 6916 6917 6918
f 6849 6852 6919
f 6836 6909 6837
f 6837 6909 6908
f 6837 6908 6819
f 6920 6921 6922
f 6922 6921 6919
f 6920 6923 6921
f 6921 6923 6924
f 6921 6924 6925
f 6925 6924 6926
f 6925 6926 6927
f 6928 6847 6929
f 6929 6847 6838
f 6790 6789 6791
f 6791 6789 6782
f 6791 6782 6794
f 6794 6782 6793
f 6930 6931 6932
f 6927 6933 6925
f 6925 6933 6934
f 6925 6934 6928
f 6928 6934 6843
f 6928 6843 6847
f 6828 6829 6929
f 6907 6902 6935
f 6935 6902 6936
f 6935 6936 6937
f 6930 6932 6938
f 6931 6939 6932
f 6932 6939 6940
f 6932 6940 6913
f 6913 6940 6941
f 6913 6941 6911
f 6912 6777 6914
f 6914 6777 6781
f 6914 6781 6942
f 6942 6781 6772
f 6915 6906 6943
f 6943 6906 6944
f 6943 6944 6945
f 6945 6944 6754
f 6945 6754 6753
f 6817 6937 6818
f 6818 6937 6936
f 6818 6936 6834
f 6834 6936 6946
f 6834 6946 6833
f 6833 6946 6947
f 6833 6947 6832
f 6832 6947 6948
f 6832 6948 6831
f 6831 6948 6929
f 6831 6929 6830
f 6830 6929 6829
f 6901 6949 6902
f 6902 6949 6950
f 6902 6950 6910
f 6910 6950 6951
f 6910 6951 6908
f 6766 6767 6942
f 6905 6952 6906
f 6906 6952 6953
f 6906 6953 6918
f 6918 6953 6954
f 6918 6954 6916
f 6955 6956 6957
f 6958 6959 6916
f 6916 6959 6960
f 6916 6960 6917
f 6917 6960 6961
f 6917 6961 6962
f 6962 6961 6963
f 6962 6963 6964
f 6964 6963 6965
f 6964 6965 6957
f 6957 6965 6966
f 6957 6966 6955
f 6767 6768 6942
f 6942 6768 6769
f 6942 6769 6967
f 6967 6769 6770
f 6967 6770 6968
f 6968 6770 6771
f 6968 6771 6969
f 6969 6771 6762
f 6969 6762 6944
f 6944 6762 6763
f 6944 6763 6754
f 6955 6970 6956
f 6956 6970 6857
f 6956 6857 6856
f 6838 6839 6929
f 6929 6839 6840
f 6929 6840 6828
f 6938 6932 6903
f 6903 6932 6971
f 6903 6971 6792
f 6792 6971 6972
f 6792 6972 6796
f 6919 6921 6849
f 6849 6921 6956
f 6849 6956 6848
f 6848 6956 6856
f 6848 6856 6855
f 6772 6773 6942
f 6942 6773 6774
f 6942 6774 6766
f 6958 6916 6973
f 6974 6756 6975
f 6975 6756 6976
f 6975 6976 6977
f 6977 6976 6978
f 6977 6978 6979
f 6980 6958 6981
f 6978 6982 6979
f 6979 6982 6980
f 6979 6980 6983
f 6983 6980 6981
f 6958 6973 6981
f 6981 6973 6984
f 6981 6984 6985
f 6985 6984 6986
f 6986 6984 6987
f 6986 6987 6988
f 6988 6987 6989
f 6988 6989 6990
f 6990 6989 6991
f 6990 6991 6992
f 6764 6765 6993
f 6764 6993 6758
f 6870 6994 6995
f 6995 6994 6996
f 6995 6996 6993
f 6993 6996 6755
f 6993 6755 6758
f 6777 6912 6997
f 6998 6999 7000
f 7000 6999 7001
f 7000 7001 7002
f 7001 7003 7002
f 7002 7003 7004
f 7002 7004 6891
f 6895 6775 6894
f 6894 6775 6780
f 6894 6780 6893
f 6893 6780 6892
f 6778 6777 7005
f 7005 7006 6778
f 6778 7006 7007
f 6778 7007 6779
f 6779 7007 7002
f 6779 7002 6780
f 6780 7002 6891
f 6780 6891 6892
f 6777 6997 7005
f 7005 6997 7008
f 7005 7008 7009
f 7009 7008 7010
f 7010 7008 7011
f 7010 7011 7012
f 7012 7011 7013
f 7012 7013 7014
f 7014 7013 7015
f 7014 7015 7016
f 7017 7018 7019
f 7020 7021 7022
f 7023 7024 7025
f 7026 7027 7028
f 7029 7030 7031
f 7032 7033 7034
f 7034 7033 7035
f 7034 7035 7036
f 7036 7035 7037
f 7032 7038 7033
f 7033 7038 7039
f 7033 7039 7040
f 7039 7041 7040
f 7040 7041 7042
f 7040 7042 7043
f 7043 7042 7044
f 7043 7044 7045
f 7045 7044 7046
f 7045 7046 7047
f 7047 7046 7048
f 7047 7048 7035
f 7035 7048 7049
f 7035 7049 7037
f 7050 7051 7047
f 7047 7051 7052
f 7047 7052 7045
f 7050 7047 7053
f 7053 7047 7035
f 7053 7035 7054
f 7055 7056 7057
f 7057 7056 7058
f 7057 7058 7059
f 7059 7058 7060
f 7059 7060 7061
f 7061 7060 7062
f 7061 7062 7054
f 7063 7064 7065
f 7065 7064 7055
f 7065 7055 7066
f 7066 7055 7057
f 7067 7068 7069
f 7068 7070 7071
f 7069 7068 7072
f 7072 7068 7071
f 7072 7071 7073
f 7074 7075 7076
f 7067 7069 7077
f 7077 7069 7078
f 7077 7078 7079
f 7079 7078 7080
f 7079 7080 7081
f 7081 7080 7082
f 7081 7082 7083
f 7083 7084 7081
f 7081 7084 7085
f 7081 7085 7086
f 7086 7085 7087
f 7088 7089 7081
f 7081 7089 7090
f 7091 7092 7093
f 7093 7092 7094
f 7093 7094 7095
f 7094 7096 7097
f 7098 7099 7100
f 7097 7101 7094
f 7094 7101 7102
f 7094 7102 7095
f 7095 7102 7103
f 7095 7103 7104
f 7104 7103 7105
f 7104 7105 7106
f 7106 7105 7107
f 7106 7107 7108
f 7099 7109 7100
f 7100 7109 7110
f 7100 7110 7096
f 7096 7110 7111
f 7096 7111 7097
f 7108 7098 7106
f 7106 7098 7100
f 7106 7100 7112
f 7112 7100 7113
f 7112 7113 7114
f 7114 7113 7115
f 7116 7117 7113
f 7113 7117 7118
f 7113 7118 7115
f 7119 7120 7116
f 7121 7122 7123
f 7123 7122 7124
f 7123 7124 7119
f 7119 7124 7125
f 7119 7125 7120
f 7126 7127 7128
f 7128 7127 7129
f 7128 7129 7130
f 7130 7129 7131
f 7130 7131 7132
f 7133 7134 7126
f 7126 7134 7135
f 7126 7135 7136
f 7137 7138 7139
f 7135 7140 7136
f 7136 7140 7141
f 7136 7141 7137
f 7137 7141 7142
f 7137 7142 7138
f 6800 7143 6801
f 6801 7143 7144
f 7145 7146 7133
f 7133 7146 7147
f 7133 7147 7134
f 6797 7148 6799
f 6799 7148 7137
f 6799 7137 6800
f 6800 7137 7139
f 6800 7139 7143
f 7149 7150 7151
f 7151 7150 7152
f 7151 7152 7153
f 7144 7145 6801
f 6801 7145 7133
f 6801 7133 6802
f 6802 7133 7154
f 7152 7155 7153
f 7153 7155 7156
f 7153 7156 7133
f 7133 7156 7157
f 7133 7157 7154
f 7158 7030 7159
f 7031 7030 7160
f 7161 7035 7162
f 7162 7035 7033
f 7162 7033 7163
f 7163 7033 7164
f 7161 7165 7035
f 7035 7165 7166
f 7035 7166 7031
f 7031 7166 7167
f 7031 7167 7029
f 7040 6810 7033
f 7033 6810 6811
f 7033 6811 7164
f 7159 7168 7158
f 7158 7168 7169
f 7158 7169 7170
f 7170 7169 7164
f 7170 7164 6813
f 6813 7164 6811
f 7089 7171 7090
f 7090 7171 7172
f 7090 7172 7173
f 7173 7172 7174
f 7173 7174 7175
f 7175 7174 7176
f 7175 7176 7177
f 7178 7179 7180
f 7180 7179 7181
f 7180 7181 7086
f 7086 7181 7182
f 7086 7182 7081
f 7081 7182 7183
f 7081 7183 7088
f 7184 7090 7185
f 7185 7090 7173
f 7185 7173 7186
f 7186 7173 7187
f 7186 7188 7185
f 7185 7188 7189
f 7185 7189 7190
f 7190 7189 7191
f 7190 7191 7192
f 7192 7191 7193
f 7192 7193 7194
f 7195 7196 7197
f 7197 7196 7198
f 7197 7198 7175
f 7175 7198 7199
f 7175 7199 7173
f 7173 7199 7200
f 7173 7200 7187
f 7201 7202 7017
f 7203 7204 7205
f 7205 7204 7197
f 7205 7197 7206
f 7206 7197 7207
f 7025 7024 7208
f 7017 7202 7209
f 7209 7202 7210
f 7209 7210 7211
f 7211 7210 7212
f 7211 7212 7213
f 7214 7215 7216
f 7216 7215 7217
f 7214 7216 7218
f 7218 7216 7219
f 7218 7219 7220
f 7220 7219 7221
f 7220 7221 7222
f 7222 7221 7223
f 7223 7221 7153
f 7223 7153 7224
f 7224 7153 7133
f 7224 7133 7225
f 7225 7133 7226
f 7225 7226 7227
f 7227 7226 7228
f 7228 7226 7121
f 7228 7121 7229
f 7230 7231 7232
f 7232 7231 7031
f 7232 7031 7233
f 7233 7031 7160
f 7233 7160 7234
f 7234 7160 7022
f 7021 7235 7022
f 7022 7235 7236
f 7022 7236 7234
f 7153 7020 7151
f 7151 7020 7022
f 7151 7022 7149
f 7149 7022 7160
f 7149 7160 7237
f 7237 7160 7030
f 7237 7030 7238
f 7238 7030 7158
f 7216 7239 7219
f 7219 7239 7240
f 7219 7240 7221
f 7221 7240 7241
f 7221 7241 7153
f 7153 7241 7242
f 7153 7242 7020
f 7243 7244 7245
f 7245 7244 7246
f 7245 7246 7216
f 7216 7246 7247
f 7216 7247 7239
f 7248 7249 7250
f 7212 7023 7213
f 7213 7023 7025
f 7213 7025 7251
f 7251 7025 7252
f 7177 7178 7175
f 7175 7178 7180
f 7175 7180 7197
f 7197 7180 7028
f 7197 7028 7207
f 7207 7028 7027
f 7087 7074 7086
f 7086 7074 7076
f 7086 7076 7180
f 7180 7076 7253
f 7180 7253 7028
f 7028 7253 7208
f 7028 7208 7026
f 7026 7208 7024
f 7194 7195 7192
f 7192 7195 7197
f 7192 7197 7019
f 7019 7197 7204
f 7019 7204 7017
f 7017 7204 7203
f 7017 7203 7201
f 7075 7073 7076
f 7076 7073 7071
f 7076 7071 7253
f 7253 7071 7254
f 7253 7254 7208
f 7208 7254 7255
f 7208 7255 7025
f 7025 7255 7250
f 7025 7250 7252
f 7252 7250 7249
f 7070 7063 7071
f 7071 7063 7065
f 7071 7065 7254
f 7254 7065 7066
f 7254 7066 7255
f 7255 7066 7057
f 7255 7057 7250
f 7250 7057 7059
f 7091 7184 7092
f 7092 7184 7185
f 7092 7185 7094
f 7094 7185 7190
f 7094 7190 7096
f 7096 7190 7192
f 7096 7192 7100
f 7100 7192 7019
f 7100 7019 7113
f 7113 7019 7018
f 7054 7035 7061
f 7061 7035 7031
f 7061 7031 7059
f 7059 7031 7231
f 7059 7231 7250
f 7250 7231 7230
f 7250 7230 7248
f 7217 7256 7216
f 7216 7256 7257
f 7216 7257 7245
f 7245 7257 7258
f 7245 7258 7243
f 7017 7259 7018
f 7018 7259 7244
f 7018 7244 7113
f 7113 7244 7243
f 7113 7243 7116
f 7116 7243 7258
f 7116 7258 7119
f 7119 7258 7257
f 7119 7257 7123
f 7123 7257 7256
f 7123 7256 7121
f 7121 7256 7217
f 7121 7217 7229
f 7126 7128 7133
f 7133 7128 7130
f 7133 7130 7226
f 7226 7130 7132
f 7226 7132 7121
f 7121 7132 7260
f 7121 7260 7122
f 6798 6802 7261
f 7261 6802 7154
f 7261 7154 7262
f 7262 7154 7157
f 6795 7263 6805
f 6805 7263 7264
f 6798 7265 6795
f 6795 7265 7266
f 6795 7266 7263
f 7267 7268 7269
f 7270 7271 6808
f 7272 7273 7274
f 7274 7273 7275
f 7274 7275 7276
f 7276 7275 7277
f 7276 7277 7264
f 7264 7277 7278
f 7264 7278 6805
f 6808 6809 7270
f 7270 6809 6806
f 7270 6806 7279
f 7279 6806 6803
f 7279 6803 7278
f 7278 6803 6804
f 7278 6804 6805
f 7272 7274 7280
f 7280 7274 7268
f 7280 7268 7281
f 7261 7282 6798
f 6798 7282 7283
f 6798 7283 7265
f 6812 7284 7285
f 7285 7284 7286
f 7285 7286 7287
f 7287 7286 7288
f 7287 7288 7289
f 7290 7291 7292
f 7292 7291 7293
f 7292 7293 7294
f 7295 7296 7297
f 7267 7298 7268
f 7268 7298 7299
f 7268 7299 7281
f 7296 7291 7297
f 7297 7291 7290
f 7297 7290 7300
f 7300 7290 7301
f 7300 7301 7271
f 7271 7301 7302
f 7271 7302 6808
f 6808 7302 7303
f 6808 7303 6807
f 6807 7303 7304
f 6807 7304 6812
f 6812 7304 7305
f 6812 7305 7284
f 7306 7307 7267
f 7267 7307 7308
f 7267 7308 7309
f 7310 7311 7312
f 7261 7262 7282
f 7282 7262 7306
f 7282 7306 7313
f 7313 7306 7267
f 7313 7267 7314
f 7314 7267 7269
f 7312 7309 7310
f 7310 7309 7308
f 7310 7308 7315
f 7315 7308 7287
f 7315 7287 7293
f 7293 7287 7289
f 7293 7289 7294
f 7316 7317 7318
f 7318 7317 7319
f 7318 7319 7320
f 7320 7319 7321
f 7320 7321 7322
f 7322 7321 7323
f 7322 7323 7324
f 7324 7323 7325
f 7324 7325 7326
f 7326 7325 7327
f 7326 7327 7328
f 7328 7327 7329
f 7328 7329 7330
f 7330 7329 7331
f 7330 7331 7332
f 7295 7297 7333
f 7333 7297 7334
f 7333 7334 7335
f 7335 7334 7336
f 7335 7336 7337
f 7337 7336 7338
f 7337 7338 7339
f 7339 7338 7340
f 7339 7340 7341
f 7341 7340 7342
f 7341 7342 7343
f 7343 7342 7344
f 7343 7344 7345
f 7345 7344 7346
f 7345 7346 7316
f 7316 7346 7347
f 7316 7347 7317
f 7273 7348 7275
f 7275 7348 7349
f 7275 7349 7350
f 7350 7349 7351
f 7350 7351 7352
f 7352 7351 7353
f 7352 7353 7354
f 7354 7353 7355
f 7354 7355 7356
f 7356 7355 7357
f 7356 7357 7358
f 7358 7357 7359
f 7358 7359 7360
f 7360 7359 7361
f 7360 7361 7362
f 7362 7361 7363
f 7362 7363 7364
f 7364 7363 7365
f 7364 7365 7366
f 7366 7365 7332
f 7366 7332 7367
f 7367 7332 7331
f 6815 6810 7040
f 6815 7040 6909
f 7040 7043 6909
f 6909 7043 7045
f 6909 7045 6910
f 6910 7045 7052
f 6910 7052 6902
f 6902 7052 7051
f 7308 7238 7287
f 7287 7238 7158
f 7287 7158 7285
f 7285 7158 7170
f 7285 7170 6812
f 6812 7170 6813
f 7368 7369 7370
f 7370 7369 7371
f 7370 7371 7372
f 7372 7371 7373
f 7374 7375 7373
f 7373 7375 7376
f 7373 7376 7372
f 7373 7377 7374
f 7374 7377 7378
f 7374 7378 7379
f 6825 7380 6816
f 6816 7380 7379
f 6816 7379 6817
f 6817 7379 7378
f 6817 7378 6937
f 6826 7381 6825
f 6825 7381 7382
f 6825 7382 7380
f 6826 6827 7381
f 7381 6827 6824
f 7381 6824 7383
f 7384 7385 7386
f 7386 7385 7387
f 7386 7387 7388
f 7388 7387 7389
f 7390 7391 7389
f 7389 7391 7392
f 7389 7392 7388
f 7393 6919 6852
f 7389 7394 7390
f 7390 7394 7393
f 7390 7393 7395
f 7395 7393 6852
f 7395 6852 7396
f 7396 6852 6853
f 6854 7397 6853
f 6853 7397 7398
f 6853 7398 7396
f 6882 6883 7397
f 6841 7399 6842
f 6842 7399 7400
f 6842 7400 6850
f 6850 7400 7401
f 6850 7401 7402
f 6854 6851 7397
f 7397 6851 6850
f 7397 6850 6882
f 6882 6850 7402
f 6886 7403 6885
f 6885 7403 7397
f 6885 7397 6884
f 6884 7397 6883
f 6995 7404 6870
f 6870 7404 7405
f 6870 7405 6871
f 6871 7405 7406
f 6871 7406 6880
f 6880 6878 6881
f 6881 6878 6876
f 6878 7407 6879
f 7407 7408 6879
f 6879 7408 7409
f 6879 7409 6765
f 6765 7409 6993
f 7410 7393 7394
f 7410 7387 7385
f 7389 7387 7410
f 7394 7389 7410
f 7410 6920 6922
f 6923 6920 7410
f 6924 6923 7410
f 6919 7393 6922
f 6922 7393 7410
f 7411 7378 7377
f 7411 7371 7369
f 7373 7371 7411
f 7377 7373 7411
f 7411 6907 6935
f 6900 6907 7411
f 6901 6900 7411
f 6937 7378 6935
f 6935 7378 7411
f 7412 7013 7011
f 7412 7008 6997
f 7013 7412 7015
f 6941 6940 7412
f 7412 6940 6939
f 6912 6911 6997
f 6997 6911 7412
f 6941 7412 6911
f 7011 7008 7412
f 7413 6989 6987
f 7413 6984 6973
f 6989 7413 6991
f 6953 6952 7413
f 7413 6952 6905
f 6916 6954 6973
f 6973 6954 7413
f 6953 7413 6954
f 6987 6984 7413
f 6990 7414 6988
f 6988 7414 7415
f 6988 7415 6986
f 6986 7415 7416
f 6986 7416 6985
f 7417 7418 7419
f 7419 7418 7420
f 7419 7420 7421
f 7421 7420 7422
f 7421 7422 7423
f 7423 7422 7424
f 7423 7424 7425
f 7425 7424 7426
f 7425 7426 7427
f 7427 7426 7428
f 7427 7428 6992
f 6992 7428 7429
f 6992 7429 6990
f 6990 7429 7430
f 6990 7430 7414
f 7431 7432 7433
f 7433 7432 7434
f 7433 7434 7435
f 7435 7434 7436
f 7435 7436 7417
f 7417 7436 7437
f 7417 7437 7418
f 7416 7438 6985
f 6985 7438 7439
f 6985 7439 6981
f 6981 7439 7440
f 6981 7440 6983
f 6983 7440 7441
f 6983 7441 6979
f 6979 7441 7442
f 6979 7442 6977
f 6977 7442 7443
f 6977 7443 6975
f 6975 7443 7444
f 6975 7444 6974
f 6974 7444 7445
f 6974 7445 7431
f 7431 7445 7446
f 7431 7446 7432
f 6995 6993 7404
f 7404 6993 7409
f 7014 7447 7012
f 7012 7447 7448
f 7012 7448 7010
f 7010 7448 7449
f 7010 7449 7009
f 7450 7451 7452
f 7452 7451 7453
f 7452 7453 7454
f 7454 7453 7455
f 7454 7455 7456
f 7456 7455 7457
f 7456 7457 7458
f 7458 7457 7459
f 7458 7459 7460
f 7460 7459 7461
f 7460 7461 7016
f 7016 7461 7462
f 7016 7462 7014
f 7014 7462 7463
f 7014 7463 7447
f 7464 7465 7466
f 7466 7465 7467
f 7466 7467 7468
f 7468 7467 7469
f 7468 7469 7450
f 7450 7469 7470
f 7450 7470 7451
f 7449 7471 7009
f 7009 7471 7472
f 7009 7472 7005
f 7005 7472 7473
f 7005 7473 7006
f 7006 7473 7474
f 7006 7474 7007
f 7007 7474 7475
f 7007 7475 7002
f 7002 7475 7476
f 7002 7476 7000
f 7000 7476 7477
f 7000 7477 6998
f 6998 7477 7478
f 6998 7478 7464
f 7464 7478 7479
f 7464 7479 7465
f 7480 7085 7481
f 7481 7085 7084
f 7481 7084 7482
f 7482 7084 7083
f 7482 7083 7483
f 7483 7083 7082
f 7483 7082 7484
f 7484 7082 7080
f 7484 7080 7485
f 7485 7080 7078
f 7485 7078 7486
f 7486 7078 7069
f 7487 7174 7488
f 7488 7174 7172
f 7488 7172 7489
f 7489 7172 7171
f 7489 7171 7490
f 7490 7171 7089
f 7490 7089 7491
f 7491 7089 7088
f 7491 7088 7492
f 7492 7088 7183
f 7492 7183 7493
f 7493 7183 7182
f 7494 7191 7495
f 7495 7191 7189
f 7495 7189 7496
f 7496 7189 7188
f 7496 7188 7497
f 7497 7188 7186
f 7497 7186 7498
f 7498 7186 7187
f 7498 7187 7499
f 7499 7187 7200
f 7499 7200 7500
f 7500 7200 7199
f 7501 7107 7502
f 7502 7107 7105
f 7502 7105 7503
f 7503 7105 7103
f 7503 7103 7504
f 7504 7103 7102
f 7504 7102 7505
f 7505 7102 7101
f 7505 7101 7506
f 7506 7101 7097
f 7506 7097 7507
f 7507 7097 7111
f 7307 7155 7152
f 7152 7150 7307
f 7307 7150 7149
f 7307 7149 7308
f 7308 7149 7237
f 7308 7237 7238
f 7044 7301 7046
f 7046 7301 7290
f 7046 7290 7048
f 7048 7290 7292
f 7048 7292 7049
f 7049 7292 7294
f 7049 7294 7037
f 7037 7294 7289
f 7037 7289 7036
f 7036 7289 7288
f 7036 7288 7034
f 7034 7288 7286
f 7139 7266 7143
f 7143 7266 7265
f 7143 7265 7144
f 7144 7265 7283
f 7144 7283 7145
f 7145 7283 7282
f 7145 7282 7146
f 7146 7282 7313
f 7146 7313 7147
f 7147 7313 7314
f 7147 7314 7134
f 7134 7314 7269
f 7508 7162 7163
f 7508 7163 7509
f 7509 7163 7164
f 7509 7164 7510
f 7510 7164 7169
f 7510 7169 7511
f 7511 7169 7168
f 7511 7168 7512
f 7512 7168 7159
f 7512 7159 7513
f 7513 7159 7030
f 7513 7030 7514
f 7515 7024 7023
f 7515 7023 7516
f 7516 7023 7212
f 7516 7212 7517
f 7517 7212 7210
f 7517 7210 7518
f 7518 7210 7202
f 7518 7202 7519
f 7519 7202 7201
f 7519 7201 7520
f 7520 7201 7203
f 7520 7203 7521
f 7522 7223 7224
f 7522 7224 7523
f 7523 7224 7225
f 7523 7225 7524
f 7524 7225 7227
f 7524 7227 7525
f 7525 7227 7228
f 7525 7228 7526
f 7526 7228 7229
f 7526 7229 7527
f 7527 7229 7217
f 7527 7217 7528
f 7529 7244 7530
f 7530 7244 7259
f 7530 7259 7531
f 7531 7259 7017
f 7531 7017 7532
f 7017 7209 7532
f 7532 7209 7211
f 7532 7211 7533
f 7533 7211 7213
f 7533 7213 7534
f 7534 7213 7251
f 7534 7251 7535
f 7535 7251 7252
f 7535 7252 7536
f 7536 7252 7249
f 7536 7249 7537
f 7537 7249 7248
f 7537 7248 7538
f 7538 7248 7230
f 7538 7230 7539
f 7539 7230 7232
f 7539 7232 7540
f 7540 7232 7233
f 7541 7317 7542
f 7542 7317 7347
f 7542 7347 7543
f 7543 7347 7346
f 7543 7346 7544
f 7544 7346 7344
f 7544 7344 7545
f 7545 7344 7342
f 7545 7342 7546
f 7546 7342 7340
f 7546 7340 7547
f 7547 7340 7338
f 7547 7338 7548
f 7548 7338 7336
f 7548 7336 7549
f 7549 7336 7334
f 7549 7334 7550
f 7550 7334 7297
f 7550 7297 7551
f 7551 7297 7300
f 7551 7300 7552
f 7552 7300 7271
f 7552 7271 7553
f 7553 7271 7270
f 7553 7270 7554
f 7554 7270 7279
f 7554 7279 7555
f 7555 7279 7278
f 7555 7278 7556
f 7556 7278 7277
f 7556 7277 7557
f 7557 7277 7275
f 7557 7275 7558
f 7558 7275 7350
f 7349 7559 7560
f 7349 7560 7351
f 7351 7560 7561
f 7351 7561 7353
f 7353 7561 7562
f 7353 7562 7355
f 7355 7562 7563
f 7355 7563 7357
f 7357 7563 7564
f 7357 7564 7359
f 7359 7564 7565
f 7359 7565 7361
f 7361 7565 7566
f 7361 7566 7363
f 7363 7566 7567
f 7363 7567 7365
f 7365 7567 7568
f 7365 7568 7332
f 7569 7310 7315
f 7569 7315 7570
f 7570 7315 7293
f 7570 7293 7571
f 7571 7293 7291
f 7571 7291 7572
f 7572 7291 7296
f 7572 7296 7573
f 7310 7569 7311
f 7311 7569 7574
f 7311 7574 7312
f 7312 7574 7575
f 7312 7575 7309
f 7309 7575 7576
f 7267 7309 7577
f 7577 7309 7576
f 7578 7280 7579
f 7579 7280 7281
f 7579 7281 7580
f 7580 7281 7299
f 7559 7349 7348
f 7559 7348 7581
f 7581 7348 7273
f 7581 7273 7582
f 7582 7273 7272
f 7582 7272 7583
f 7583 7272 7280
f 7583 7280 7578
f 7584 7368 7370
f 7584 7370 7585
f 7585 7370 7372
f 7585 7372 7586
f 7586 7372 7376
f 7586 7376 7587
f 7587 7376 7375
f 7587 7375 7588
f 7588 7375 7374
f 7588 7374 7589
f 7589 7374 7379
f 7589 7379 7590
f 7590 7379 7591
f 7591 7379 7380
f 7591 7380 7592
f 7592 7380 7382
f 7592 7382 7593
f 7593 7382 7381
f 7593 7381 7594
f 7594 7381 7595
f 7595 7381 7383
f 7595 7383 7596
f 7597 7598 7599
f 7599 7598 7600
f 7600 7598 7601
f 7600 7601 7602
f 7602 7601 7603
f 7602 7603 7604
f 7604 7603 7605
f 7605 7603 7384
f 7605 7384 7606
f 7606 7384 7386
f 7606 7386 7607
f 7607 7386 7388
f 7607 7388 7608
f 7608 7388 7392
f 7608 7392 7609
f 7609 7392 7391
f 7609 7391 7610
f 7610 7391 7390
f 7610 7390 7611
f 7611 7390 7395
f 7611 7395 7612
f 7612 7395 7613
f 7613 7395 7396
f 7613 7396 7614
f 7614 7396 7398
f 7614 7398 7615
f 7615 7398 7397
f 7615 7397 7616
f 7616 7397 7617
f 7617 7397 7403
f 7617 7403 7618
f 7618 7403 7619
f 7618 7619 7620
f 7599 7621 7597
f 7597 7621 7622
f 7597 7622 7623
f 7623 7622 7624
f 7623 7624 7625
f 7625 7624 7626
f 7625 7626 7627
f 7627 7626 7628
f 7627 7628 7629
f 7629 7628 7620
f 7629 7620 7630
f 7630 7620 7619
f 7631 7632 7633
f 7634 7635 7408
f 7408 7635 7636
f 7408 7636 7409
f 7409 7636 7637
f 7409 7637 7638
f 7639 7634 7640
f 7640 7634 7408
f 7640 7408 7641
f 7641 7408 7405
f 7641 7405 7642
f 7642 7405 7643
f 7638 7644 7409
f 7409 7644 7645
f 7409 7645 7646
f 7647 7648 7404
f 7404 7648 7649
f 7404 7649 7405
f 7405 7649 7650
f 7405 7650 7643
f 7646 7651 7409
f 7409 7651 7652
f 7409 7652 7653
f 7654 7655 7404
f 7404 7655 7656
f 7657 7658 7659
f 7659 7658 7660
f 7659 7660 7661
f 7661 7660 7662
f 7663 7409 7664
f 7664 7409 7665
f 7666 7667 7668
f 7668 7667 7669
f 7656 7670 7404
f 7404 7670 7671
f 7404 7671 7647
f 7662 7672 7661
f 7661 7672 7673
f 7661 7673 7674
f 7675 7676 7677
f 7677 7676 7678
f 7679 7680 7681
f 7681 7680 7682
f 7653 7683 7409
f 7409 7683 7684
f 7409 7684 7665
f 7404 7685 7686
f 7675 7679 7676
f 7676 7679 7681
f 7676 7681 7659
f 7659 7681 7687
f 7659 7687 7657
f 7657 7687 7688
f 7689 7690 7691
f 7691 7690 7692
f 7693 7694 7695
f 7696 7697 7698
f 7663 7668 7409
f 7409 7668 7669
f 7409 7669 7404
f 7404 7669 7699
f 7404 7699 7700
f 7654 7404 7701
f 7701 7404 7686
f 7701 7686 7702
f 7703 7704 7705
f 7706 7707 7708
f 7709 7710 7711
f 7711 7710 7712
f 7682 7680 7713
f 7713 7680 7714
f 7713 7714 7665
f 7665 7714 7715
f 7665 7715 7664
f 7716 7717 7718
f 7692 7690 7708
f 7708 7690 7719
f 7708 7719 7706
f 7712 7710 7698
f 7698 7710 7720
f 7698 7720 7696
f 7718 7721 7716
f 7716 7721 7703
f 7716 7703 7689
f 7689 7703 7705
f 7689 7705 7690
f 7722 7723 7697
f 7724 7725 7726
f 7724 7727 7725
f 7725 7727 7728
f 7725 7728 7729
f 7730 7731 7732
f 7732 7731 7733
f 7732 7733 7734
f 7734 7733 7735
f 7734 7735 7687
f 7687 7735 7736
f 7687 7736 7688
f 7717 7716 7737
f 7737 7716 7698
f 7737 7698 7738
f 7700 7739 7404
f 7404 7739 7740
f 7404 7740 7685
f 7685 7740 7741
f 7685 7741 7742
f 7742 7741 7725
f 7742 7725 7743
f 7743 7725 7729
f 7744 7631 7745
f 7745 7631 7633
f 7745 7633 7746
f 7746 7633 7747
f 7746 7747 7748
f 7697 7723 7698
f 7698 7723 7749
f 7698 7749 7738
f 7750 7693 7751
f 7751 7693 7695
f 7751 7695 7752
f 7752 7695 7753
f 7722 7697 7754
f 7754 7697 7755
f 7754 7755 7756
f 7707 7752 7708
f 7708 7752 7753
f 7708 7753 7757
f 7757 7753 7724
f 7757 7724 7758
f 7758 7724 7726
f 7748 7759 7746
f 7746 7759 7760
f 7746 7760 7761
f 7762 7710 7763
f 7763 7710 7709
f 7763 7709 7764
f 7764 7709 7765
f 7764 7765 7758
f 7758 7765 7766
f 7758 7766 7757
f 7666 7767 7667
f 7667 7767 7678
f 7667 7678 7763
f 7763 7678 7676
f 7763 7676 7762
f 7761 7768 7746
f 7746 7768 7769
f 7746 7769 7728
f 7728 7769 7770
f 7728 7770 7729
f 7406 7405 6880
f 6880 7405 7408
f 6880 7408 6878
f 6878 7408 7407
f 7771 7772 7773
f 7773 7772 7774
f 7775 7776 7772
f 7772 7776 7777
f 7772 7777 7774
f 7778 7779 7780
f 7780 7779 7781
f 7780 7781 7775
f 7775 7781 7782
f 7775 7782 7776
f 7778 7780 7783
f 7783 7780 7784
f 7783 7784 7785
f 7785 7784 7786
f 7785 7786 7787
f 7788 7789 7790
f 7790 7791 7788
f 7788 7791 7792
f 7788 7792 7786
f 7786 7792 7793
f 7786 7793 7787
f 7794 7795 7796
f 7796 7795 7797
f 7798 7799 7795
f 7795 7799 7800
f 7795 7800 7797
f 7801 7802 7803
f 7803 7802 7804
f 7803 7804 7798
f 7798 7804 7805
f 7798 7805 7799
f 7801 7803 7806
f 7806 7803 7807
f 7806 7807 7808
f 7808 7807 7809
f 7808 7809 7810
f 7811 7812 7813
f 7813 7814 7811
f 7811 7814 7815
f 7811 7815 7809
f 7809 7815 7816
f 7809 7816 7810
f 7817 7818 7819
f 7819 7818 7820
f 7821 7822 7818
f 7818 7822 7823
f 7818 7823 7820
f 7824 7825 7826
f 7826 7825 7827
f 7826 7827 7821
f 7821 7827 7828
f 7821 7828 7822
f 7824 7826 7829
f 7829 7826 7830
f 7829 7830 7831
f 7831 7830 7832
f 7831 7832 7833
f 7834 7835 7836
f 7836 7837 7834
f 7834 7837 7838
f 7834 7838 7832
f 7832 7838 7839
f 7832 7839 7833
f 7840 7841 7842
f 7842 7841 7843
f 7844 7845 7841
f 7841 7845 7846
f 7841 7846 7843
f 7847 7848 7849
f 7849 7848 7850
f 7849 7850 7844
f 7844 7850 7851
f 7844 7851 7845
f 7847 7849 7852
f 7852 7849 7853
f 7852 7853 7854
f 7854 7853 7855
f 7854 7855 7856
f 7857 7858 7859
f 7859 7860 7857
f 7857 7860 7861
f 7857 7861 7855
f 7855 7861 7862
f 7855 7862 7856
f 7863 7864 7865
f 7865 7864 7866
f 7865 7866 7867
f 7867 7866 7868
f 7867 7868 7869
f 7869 7868 7870
f 7869 7870 7871
f 7871 7870 7872
f 7871 7872 7873
f 7873 7872 7874
f 7873 7874 7875
f 7875 7874 7876
f 7875 7876 7877
f 7877 7876 7878
f 7877 7878 7879
f 7879 7878 7880
f 7879 7880 7881
f 7881 7880 7882
f 7881 7882 7883
f 7883 7882 7884
f 7883 7884 7885
f 7885 7884 7886
f 7885 7886 7887
f 7887 7886 7888
f 7887 7888 7889
f 7889 7888 7890
f 7889 7890 7891
f 7891 7890 7892
f 7891 7892 7893
f 7893 7892 7894
f 7893 7894 7895
f 7895 7894 7896
f 7895 7896 7897
f 7897 7896 7898
f 7897 7898 7899
f 7863 7900 7864
f 7864 7900 7901
f 7864 7901 7902
f 7902 7901 7903
f 7902 7903 7904
f 7904 7903 7905
f 7904 7905 7906
f 7906 7905 7907
f 7906 7907 7908
f 7908 7907 7909
f 7908 7909 7910
f 7910 7909 7911
f 7910 7911 7912
f 7912 7911 7913
f 7912 7913 7914
f 7914 7913 7915
f 7914 7915 7916
f 7916 7915 7917
f 7916 7917 7918
f 7918 7917 7919
f 7918 7919 7920
f 7920 7919 7921
f 7920 7921 7922
f 7922 7921 7923
f 7922 7923 7924
f 7924 7923 7925
f 7924 7925 7926
f 7926 7925 7927
f 7926 7927 7928
f 7928 7927 7929
f 7928 7929 7930
f 7930 7929 7931
f 7930 7931 7932
f 7932 7931 7933
f 7932 7933 7898
f 7898 7933 7934
f 7898 7934 7899
f 7416 7415 7935
f 7935 7415 7414
f 7935 7414 7936
f 7936 7414 7430
f 7936 7430 7937
f 7937 7430 7429
f 7937 7429 7428
f 7416 7935 7438
f 7438 7935 7938
f 7438 7938 7439
f 7439 7938 7939
f 7439 7939 7440
f 7440 7939 7441
f 7441 7939 7940
f 7441 7940 7442
f 7442 7940 7941
f 7442 7941 7443
f 7443 7941 7942
f 7443 7942 7444
f 7469 7467 7943
f 7943 7467 7465
f 7943 7465 7944
f 7944 7465 7479
f 7944 7479 7945
f 7945 7479 7478
f 7945 7478 7477
f 7469 7943 7470
f 7470 7943 7946
f 7470 7946 7451
f 7451 7946 7947
f 7451 7947 7453
f 7453 7947 7455
f 7455 7947 7948
f 7455 7948 7457
f 7457 7948 7949
f 7457 7949 7459
f 7459 7949 7950
f 7459 7950 7461
f 7951 7952 7953
f 7954 7955 7956
f 7956 7955 7957
f 7956 7957 7958
f 7959 7960 7961
f 7958 7957 7962
f 7962 7957 7963
f 7962 7963 7964
f 7964 7963 7965
f 7964 7965 7966
f 7966 7965 7967
f 7966 7967 7573
f 7968 7969 7970
f 7970 7969 7971
f 7970 7971 7954
f 7954 7971 7972
f 7954 7972 7973
f 7578 7579 7561
f 7571 7572 7570
f 7570 7572 7573
f 7570 7573 7569
f 7577 7576 7974
f 7973 7975 7954
f 7954 7975 7976
f 7954 7976 7955
f 7955 7976 7977
f 7955 7977 7978
f 7978 7977 7979
f 7951 7953 7980
f 7980 7953 7981
f 7980 7981 7982
f 7974 7983 7577
f 7577 7983 7984
f 7577 7984 7985
f 7985 7984 7986
f 7985 7986 7987
f 7569 7573 7574
f 7574 7573 7967
f 7574 7967 7575
f 7575 7967 7982
f 7575 7982 7576
f 7576 7982 7981
f 7576 7981 7974
f 7987 7959 7985
f 7985 7959 7961
f 7985 7961 7580
f 7580 7961 7988
f 7580 7988 7579
f 7559 7581 7582
f 7561 7560 7578
f 7578 7560 7559
f 7578 7559 7583
f 7583 7559 7582
f 7989 7990 7991
f 7992 7993 7970
f 7993 7994 7970
f 7970 7994 7995
f 7970 7995 7968
f 7968 7995 7996
f 7968 7996 7997
f 7998 7999 8000
f 8000 7999 8001
f 8000 8001 8002
f 8002 8001 8003
f 8002 8003 8004
f 8005 8006 8003
f 8003 8006 8007
f 8003 8007 8004
f 8008 8009 7567
f 8010 8011 8012
f 8012 8011 8013
f 8012 8013 7568
f 7989 7991 8014
f 7579 7988 7561
f 7561 7988 8015
f 7561 8015 7562
f 7562 8015 8016
f 7562 8016 7563
f 7563 8016 8017
f 7563 8017 7564
f 7564 8017 8018
f 7564 8018 7565
f 7565 8018 8019
f 7565 8019 7566
f 7566 8019 8014
f 7566 8014 7567
f 7567 8014 7991
f 7567 7991 8008
f 8009 8020 7567
f 7567 8020 8021
f 7567 8021 8022
f 7568 7567 8012
f 8012 7567 8022
f 8012 8022 8004
f 8004 8022 8023
f 8004 8023 8002
f 8012 8024 8010
f 8010 8024 7501
f 8010 7501 8025
f 7504 8026 7503
f 7503 8026 8025
f 7503 8025 7502
f 7502 8025 7501
f 8027 8028 7498
f 7498 8028 8029
f 7498 8029 7487
f 7491 8030 7490
f 7490 8030 8031
f 7490 8031 7489
f 7489 8031 7488
f 7495 8026 7494
f 7494 8026 7504
f 7494 7504 7505
f 7487 7488 7498
f 7498 7488 8031
f 7498 8031 7497
f 7497 8031 8026
f 7497 8026 7496
f 7496 8026 7495
f 7491 7492 8030
f 8030 7492 7493
f 8030 7493 7970
f 7970 7493 8032
f 7970 8032 8033
f 7498 7499 8027
f 8027 7499 7500
f 8027 7500 8033
f 8033 7500 8034
f 8033 8034 7970
f 7970 8034 8035
f 7970 8035 8036
f 8005 7992 8006
f 8006 7992 7970
f 8006 7970 7507
f 7507 7970 8036
f 7507 8036 7506
f 7506 8036 8037
f 7506 8037 7505
f 7505 8037 8038
f 7505 8038 7494
f 7970 8039 8040
f 8040 8041 7970
f 7970 8041 7480
f 7970 7480 8030
f 8030 7480 7481
f 8039 7970 8042
f 8042 7970 7954
f 8042 7954 8043
f 8043 7954 8044
f 8043 8044 7486
f 8044 8045 7486
f 7486 8045 8046
f 7486 8046 7485
f 7485 8046 8047
f 7485 8047 7484
f 7484 8047 8048
f 7484 8048 7483
f 7483 8048 8030
f 7483 8030 7482
f 7482 8030 7481
f 8049 8050 8051
f 8051 8050 8052
f 8051 8052 8053
f 8053 8052 7508
f 8053 7508 8054
f 8054 7508 7509
f 8054 7509 8055
f 8055 7509 7510
f 8055 7510 8056
f 8056 7510 7511
f 8056 7511 8057
f 8057 7511 7512
f 8057 7512 8058
f 8058 7512 7513
f 8058 7513 8059
f 8059 7513 7514
f 8059 7514 8060
f 8060 7514 8061
f 8060 8061 8062
f 8062 8061 8063
f 8062 8063 8064
f 8064 8063 8065
f 8064 8065 8049
f 8049 8065 8050
f 8066 7519 8067
f 8067 7519 7520
f 8067 7520 8068
f 8068 7520 7521
f 8068 7521 8069
f 8069 7521 8070
f 8069 8070 8071
f 8071 8070 8072
f 8071 8072 8073
f 8073 8072 8074
f 8073 8074 8075
f 8075 8074 8076
f 8075 8076 8077
f 8077 8076 8078
f 8077 8078 8079
f 8079 8078 7515
f 8079 7515 8080
f 8080 7515 7516
f 8080 7516 8081
f 8081 7516 7517
f 8081 7517 8082
f 8082 7517 7518
f 8082 7518 8066
f 8066 7518 7519
f 8083 8084 8085
f 8085 8084 7522
f 8085 7522 8086
f 8086 7522 7523
f 8086 7523 8087
f 8087 7523 7524
f 8087 7524 8088
f 8088 7524 7525
f 8088 7525 8089
f 8089 7525 7526
f 8089 7526 8090
f 8090 7526 7527
f 8090 7527 8091
f 8091 7527 7528
f 8091 7528 8092
f 8092 7528 8093
f 8092 8093 8094
f 8094 8093 8095
f 8094 8095 8096
f 8096 8095 8097
f 8096 8097 8098
f 8098 8097 8099
f 8098 8099 8083
f 8083 8099 8084
f 8100 7530 8101
f 8101 7530 7531
f 8101 7531 8102
f 8102 7531 7532
f 8102 7532 8103
f 8103 7532 7533
f 8103 7533 8104
f 8104 7533 7534
f 8104 7534 8105
f 8105 7534 7535
f 8105 7535 8106
f 8106 7535 7536
f 8106 7536 8107
f 8107 7536 7537
f 8107 7537 8108
f 8108 7537 7538
f 8108 7538 8109
f 8109 7538 7539
f 8109 7539 8110
f 8110 7539 7540
f 8110 7540 8111
f 8111 7540 8112
f 8111 8112 8113
f 8113 8112 8114
f 8113 8114 8115
f 8115 8114 8116
f 8115 8116 8117
f 8117 8116 8118
f 8117 8118 8119
f 8119 8118 8120
f 8119 8120 8121
f 8121 8120 8122
f 8121 8122 8123
f 8123 8122 8124
f 8123 8124 8125
f 8125 8124 8126
f 8125 8126 8127
f 8127 8126 8128
f 8127 8128 8129
f 8129 8128 8130
f 8129 8130 8131
f 8131 8130 7529
f 8131 7529 8100
f 8100 7529 7530
f 8132 7547 8133
f 8133 7547 7548
f 8133 7548 8134
f 8134 7548 7549
f 8134 7549 8135
f 8135 7549 7550
f 8135 7550 8136
f 8136 7550 7551
f 8136 7551 8137
f 8137 7551 7552
f 8137 7552 8138
f 8138 7552 7553
f 8138 7553 8139
f 8139 7553 7554
f 8139 7554 8140
f 8140 7554 7555
f 8140 7555 8141
f 8141 7555 7556
f 8141 7556 8142
f 8142 7556 7557
f 8142 7557 8143
f 8143 7557 7558
f 8143 7558 8144
f 8144 7558 8145
f 8144 8145 8146
f 8146 8145 8147
f 8146 8147 8148
f 8148 8147 8149
f 8148 8149 8150
f 8150 8149 8151
f 8150 8151 8152
f 8152 8151 8153
f 8152 8153 8154
f 8154 8153 8155
f 8154 8155 8156
f 8156 8155 8157
f 8156 8157 8158
f 8158 8157 8159
f 8158 8159 8160
f 8160 8159 8161
f 8160 8161 8162
f 8162 8161 8163
f 8162 8163 8164
f 8164 8163 8165
f 8164 8165 8166
f 8166 8165 8167
f 8166 8167 8168
f 8168 8167 8169
f 8168 8169 8170
f 8170 8169 8171
f 8170 8171 8172
f 8172 8171 8173
f 8172 8173 8174
f 8174 8173 8175
f 8174 8175 8176
f 8176 8175 7541
f 8176 7541 8177
f 8177 7541 7542
f 8177 7542 8178
f 8178 7542 7543
f 8178 7543 8179
f 8179 7543 7544
f 8179 7544 8180
f 8180 7544 7545
f 8180 7545 8181
f 8181 7545 7546
f 8181 7546 8132
f 8132 7546 7547
f 7591 7592 8182
f 8182 7592 7593
f 8182 7593 8183
f 8183 7593 7594
f 8183 7594 8184
f 8184 7594 7595
f 8184 7595 7596
f 7591 8182 7590
f 7590 8182 8185
f 7590 8185 7589
f 7589 8185 8186
f 7589 8186 7588
f 7588 8186 7587
f 7587 8186 8187
f 7587 8187 7586
f 7586 8187 8188
f 7586 8188 7585
f 7585 8188 8189
f 7585 8189 7584
f 7599 7600 8190
f 8190 7600 7602
f 8190 7602 8191
f 8191 7602 7604
f 8191 7604 8192
f 8192 7604 7605
f 8192 7605 7606
f 7599 8190 7621
f 7621 8190 8193
f 7621 8193 7622
f 7622 8193 8194
f 7622 8194 7624
f 7624 8194 7626
f 7626 8194 8195
f 7626 8195 7628
f 7628 8195 8196
f 7628 8196 7620
f 7620 8196 8197
f 7620 8197 7618
f 8198 7632 8199
f 8199 7632 7631
f 8199 7631 8200
f 7632 8198 8201
f 7632 8201 7633
f 7633 8201 8202
f 7633 8202 7747
f 7747 8202 8203
f 7747 8203 7748
f 7748 8203 8204
f 7748 8204 7759
f 7759 8204 8205
f 7759 8205 7760
f 7760 8205 8206
f 7760 8206 7761
f 7761 8206 8207
f 7761 8207 7768
f 7768 8207 8208
f 7768 8208 7769
f 8209 7685 8210
f 8210 7685 7742
f 8210 7742 8211
f 8211 7742 7743
f 8211 7743 8212
f 8212 7743 7729
f 8212 7729 8213
f 8213 7729 7770
f 8213 7770 8208
f 8208 7770 7769
f 8214 7701 7702
f 8214 7702 8215
f 8215 7702 7686
f 8215 7686 8216
f 8216 7686 7685
f 8216 7685 8209
f 7701 8214 8217
f 7701 8217 7654
f 7654 8217 8218
f 7654 8218 7655
f 7655 8218 8219
f 7655 8219 7656
f 7656 8219 8220
f 7656 8220 7670
f 7670 8220 8221
f 7670 8221 7671
f 7671 8221 7647
f 7647 8221 8222
f 7647 8222 7648
f 7648 8222 8223
f 7648 8223 7649
f 7649 8223 8224
f 7650 7649 8225
f 8225 7649 8224
f 8226 7641 7642
f 8226 7642 8227
f 8227 7642 7643
f 8227 7643 8228
f 8228 7643 7650
f 8228 7650 8225
f 8229 7640 8230
f 8230 7640 7641
f 8230 7641 8226
f 8231 7635 7634
f 8231 7634 8232
f 8232 7634 7639
f 8232 7639 8233
f 8233 7639 7640
f 8233 7640 8229
f 8231 8234 7635
f 7635 8234 7636
f 7636 8234 7637
f 7637 8234 8235
f 7637 8235 7638
f 7638 8235 8236
f 7638 8236 7644
f 7644 8236 8237
f 7644 8237 8238
f 7644 8238 7645
f 7645 8238 8239
f 7645 8239 7646
f 7646 8239 8240
f 7646 8240 7651
f 8240 8241 7651
f 7651 8241 8242
f 7651 8242 7652
f 7652 8242 8243
f 7652 8243 7653
f 7653 8243 8244
f 7653 8244 7683
f 7683 8244 8245
f 7683 8245 7684
f 7684 8245 8246
f 7684 8246 7665
f 8247 7734 8248
f 8248 7734 7687
f 8248 7687 8249
f 8249 7687 7681
f 8249 7681 8250
f 8250 7681 7682
f 8250 7682 8251
f 8251 7682 7713
f 8251 7713 8246
f 8246 7713 7665
f 8252 7730 7732
f 8252 7732 8253
f 8253 7732 7734
f 8253 7734 8247
f 7731 7730 8254
f 8254 7730 8252
f 8254 8255 7731
f 7731 8255 7733
f 8256 7662 8257
f 8257 7662 7660
f 8257 7660 8258
f 8258 7660 7658
f 8258 7658 8259
f 8259 7658 7657
f 8259 7657 8260
f 8260 7657 7688
f 8260 7688 8261
f 8261 7688 7736
f 8261 7736 8262
f 8262 7736 7735
f 8262 7735 8255
f 8255 7735 7733
f 7672 7662 8263
f 8263 7662 8256
f 8264 7674 7673
f 8264 7673 8265
f 8265 7673 7672
f 8265 7672 8263
f 8264 8266 7674
f 7674 8266 7661
f 8267 7696 8268
f 8268 7696 7720
f 8268 7720 8269
f 8269 7720 7710
f 8269 7710 8270
f 8270 7710 7762
f 8270 7762 8271
f 8271 7762 7676
f 8271 7676 8272
f 8272 7676 7659
f 8272 7659 8266
f 8266 7659 7661
f 7697 7696 8273
f 8273 7696 8267
f 8274 7756 7755
f 8274 7755 8275
f 8275 7755 7697
f 8275 7697 8273
f 8274 8276 7756
f 7756 8276 7754
f 8277 7718 8278
f 8278 7718 7717
f 8278 7717 8279
f 8279 7717 7737
f 8279 7737 8280
f 8280 7737 7738
f 8280 7738 8281
f 8281 7738 7749
f 8281 7749 8282
f 8282 7749 7723
f 8282 7723 8283
f 8283 7723 7722
f 8283 7722 8276
f 8276 7722 7754
f 7721 7718 8284
f 8284 7718 8277
f 8285 7704 7703
f 8285 7703 8286
f 8286 7703 7721
f 8286 7721 8284
f 8285 8287 7704
f 7704 8287 7705
f 8288 7751 8289
f 8289 7751 7752
f 8289 7752 8290
f 8290 7752 7707
f 8290 7707 8291
f 8291 7707 7706
f 8291 7706 8292
f 8292 7706 7719
f 8292 7719 8293
f 8293 7719 7690
f 8293 7690 8287
f 8287 7690 7705
f 7750 7751 8294
f 8294 7751 8288
f 7694 7693 8295
f 8295 7693 8296
f 8295 8297 7694
f 7694 8297 7695
f 8298 7745 8299
f 8299 7745 7746
f 8299 7746 8300
f 8300 7746 7728
f 8300 7728 8301
f 8301 7728 7727
f 8301 7727 8302
f 8302 7727 7724
f 8302 7724 8303
f 8303 7724 7753
f 8303 7753 8297
f 8297 7753 7695
f 7744 7745 8304
f 8304 7745 8298
f 7631 7744 8200
f 8200 7744 8304
f 8305 7691 8306
f 8306 7691 7692
f 8306 7692 8307
f 8307 7692 7708
f 8307 7708 8308
f 8308 7708 7757
f 8308 7757 8309
f 8309 7757 7766
f 8309 7766 8310
f 8310 7766 7765
f 8310 7765 8311
f 8311 7765 7709
f 8312 7758 8313
f 8313 7758 7726
f 8313 7726 8314
f 8314 7726 7725
f 8314 7725 8315
f 8315 7725 7741
f 8315 7741 8316
f 8316 7741 7740
f 8316 7740 8317
f 8317 7740 7739
f 8317 7739 8318
f 8318 7739 7700
f 8319 7679 8320
f 8320 7679 7675
f 8320 7675 8321
f 8321 7675 7677
f 8321 7677 8322
f 8322 7677 7678
f 8322 7678 8323
f 8323 7678 7767
f 8323 7767 8324
f 8324 7767 7666
f 8324 7666 8325
f 8325 7666 7668
f 7945 7789 7944
f 7944 7789 7788
f 7944 7788 7943
f 7943 7788 7786
f 7943 7786 7946
f 7946 7786 7784
f 7946 7784 7947
f 7947 7784 7780
f 7947 7780 7948
f 7948 7780 7775
f 7948 7775 7949
f 7949 7775 7772
f 7949 7772 7950
f 7950 7772 7771
f 8184 7812 8183
f 8183 7812 7811
f 8183 7811 8182
f 8182 7811 7809
f 8182 7809 8185
f 8185 7809 7807
f 8185 7807 8186
f 8186 7807 7803
f 8186 7803 8187
f 8187 7803 7798
f 8187 7798 8188
f 8188 7798 7795
f 8188 7795 8189
f 8189 7795 7794
f 8192 7835 8191
f 8191 7835 7834
f 8191 7834 8190
f 8190 7834 7832
f 8190 7832 8193
f 8193 7832 7830
f 8193 7830 8194
f 8194 7830 7826
f 8194 7826 8195
f 8195 7826 7821
f 8195 7821 8196
f 8196 7821 7818
f 8196 7818 8197
f 8197 7818 7817
f 7937 7858 7936
f 7936 7858 7857
f 7936 7857 7935
f 7935 7857 7855
f 7935 7855 7938
f 7938 7855 7853
f 7938 7853 7939
f 7939 7853 7849
f 7939 7849 7940
f 7940 7849 7844
f 7940 7844 7941
f 7941 7844 7841
f 7941 7841 7942
f 7942 7841 7840
f 8326 7898 7896
f 8326 7896 8327
f 8327 7896 7894
f 8327 7894 8328
f 8328 7894 7892
f 8328 7892 8329
f 8329 7892 7890
f 8329 7890 8330
f 8330 7890 7888
f 8330 7888 8331
f 8331 7888 7886
f 8331 7886 8332
f 8332 7886 7884
f 8332 7884 8333
f 8333 7884 7882
f 8333 7882 8334
f 8334 7882 7880
f 8334 7880 8335
f 8335 7880 7878
f 8335 7878 8336
f 8336 7878 7876
f 8336 7876 8337
f 8337 7876 7874
f 8337 7874 8338
f 8338 7874 7872
f 8338 7872 8339
f 8339 7872 7870
f 8339 7870 8340
f 8340 7870 7868
f 8340 7868 8341
f 8341 7868 7866
f 8341 7866 8342
f 8342 7866 7864
f 8342 7864 8343
f 7953 7952 8344
f 8345 8346 8347
f 8347 8346 8348
f 8347 8348 8344
f 7990 8349 8350
f 8350 8349 8351
f 8350 8351 8352
f 8352 8351 8353
f 8352 8353 8354
f 7990 8350 7991
f 7991 8350 8355
f 7991 8355 8008
f 8008 8355 8356
f 8008 8356 8009
f 8009 8356 8357
f 8009 8357 8020
f 8020 8357 8358
f 8020 8358 8021
f 8344 8348 7953
f 7953 8348 8359
f 7953 8359 7981
f 7981 8359 8360
f 7981 8360 7974
f 7974 8360 8361
f 7974 8361 7983
f 7983 8361 8362
f 7983 8362 7984
f 7984 8362 8363
f 7984 8363 7986
f 7986 8363 8364
f 7986 8364 7987
f 7987 8364 8352
f 7987 8352 7959
f 7959 8352 8354
f 7959 8354 7960
f 7979 8365 8366
f 8053 7965 8051
f 8051 7965 7963
f 8051 7963 8049
f 8049 7963 7957
f 8049 7957 8064
f 8064 7957 7955
f 8064 7955 8062
f 8062 7955 7978
f 8062 7978 8060
f 8367 8059 8366
f 8366 8059 8060
f 8366 8060 7979
f 7979 8060 7978
f 7960 8354 8368
f 8019 8091 8014
f 8014 8091 8092
f 8014 8092 7989
f 7989 8092 8094
f 7989 8094 7990
f 7990 8094 8096
f 8083 8085 7961
f 8349 7990 8369
f 8369 7990 8096
f 8369 8096 8370
f 8370 8096 8098
f 8370 8098 8368
f 8368 8098 8083
f 8368 8083 7960
f 7960 8083 7961
f 8003 8068 8005
f 8005 8068 8069
f 8005 8069 7992
f 7992 8069 8071
f 7992 8071 7993
f 7993 8071 8073
f 7993 8073 7994
f 7994 8073 8075
f 7994 8075 7995
f 7995 8075 8077
f 7995 8077 7996
f 7996 8077 8079
f 8110 8371 8109
f 8109 8371 8372
f 8109 8372 8108
f 8108 8372 8373
f 8108 8373 8107
f 8107 8373 8374
f 8107 8374 8106
f 8106 8374 8375
f 8106 8375 8105
f 8105 8375 8376
f 8105 8376 8104
f 8104 8376 8377
f 8104 8377 8103
f 8103 8377 8378
f 8103 8378 8102
f 8102 8378 8379
f 8102 8379 8101
f 8101 8379 8380
f 8101 8380 8100
f 8100 8380 8381
f 8100 8381 8131
f 8131 8381 8382
f 8383 8176 8384
f 8384 8176 8177
f 8384 8177 8385
f 8385 8177 8178
f 8385 8178 8386
f 8386 8178 8179
f 8386 8179 8387
f 8387 8179 8180
f 8387 8180 8388
f 8388 8180 8181
f 8388 8181 8389
f 8389 8181 8132
f 8389 8132 8390
f 8390 8132 8133
f 8390 8133 8391
f 8391 8133 8134
f 8391 8134 8392
f 8392 8134 8135
f 8392 8135 8393
f 8393 8135 8136
f 8393 8136 8394
f 8394 8136 8137
f 8394 8137 8395
f 8395 8137 8138
f 8395 8138 8396
f 8396 8138 8139
f 8396 8139 8397
f 8397 8139 8140
f 8397 8140 8398
f 8398 8140 8141
f 8398 8141 8399
f 8399 8141 8142
f 8399 8142 8400
f 8400 8142 8143
f 8214 8315 8217
f 8217 8315 8316
f 8217 8316 8218
f 8218 8316 8317
f 8218 8317 8219
f 8219 8317 8318
f 8401 8402 8403
f 8403 8402 8404
f 8199 8405 8406
f 8201 8312 8313
f 8312 8201 8406
f 8406 8201 8198
f 8406 8198 8199
f 8204 8203 8208
f 8214 8215 8315
f 8315 8215 8216
f 8315 8216 8314
f 8203 8202 8208
f 8208 8202 8201
f 8208 8201 8213
f 8213 8201 8313
f 8213 8313 8212
f 8216 8209 8314
f 8314 8209 8210
f 8314 8210 8313
f 8313 8210 8211
f 8313 8211 8212
f 8207 8206 8208
f 8208 8206 8205
f 8208 8205 8204
f 8407 8222 8221
f 8408 8227 8228
f 8221 8220 8407
f 8407 8220 8219
f 8407 8219 8402
f 8402 8219 8318
f 8402 8318 8404
f 8228 8225 8408
f 8408 8225 8224
f 8408 8224 8407
f 8407 8224 8223
f 8407 8223 8222
f 8227 8408 8226
f 8226 8408 8409
f 8226 8409 8230
f 8230 8409 8410
f 8230 8410 8229
f 8411 8402 8412
f 8412 8402 8240
f 8412 8240 8239
f 8239 8238 8412
f 8412 8238 8237
f 8412 8237 8236
f 8236 8235 8412
f 8412 8235 8234
f 8412 8234 8413
f 8413 8234 8231
f 8413 8231 8232
f 8232 8233 8413
f 8413 8233 8229
f 8413 8229 8414
f 8414 8229 8410
f 8414 8410 8411
f 8411 8410 8415
f 8411 8415 8402
f 8402 8415 8416
f 8402 8416 8407
f 8265 8263 8256
f 8323 8324 8402
f 8200 8304 8298
f 8241 8240 8417
f 8264 8265 8266
f 8266 8265 8256
f 8266 8256 8272
f 8272 8256 8257
f 8308 8402 8199
f 8199 8402 8401
f 8199 8401 8405
f 8308 8309 8402
f 8402 8309 8310
f 8402 8310 8311
f 8300 8301 8418
f 8418 8301 8302
f 8418 8302 8303
f 8269 8270 8418
f 8418 8270 8419
f 8402 8324 8240
f 8240 8324 8325
f 8240 8325 8417
f 8257 8258 8272
f 8272 8258 8259
f 8272 8259 8248
f 8420 8421 8418
f 8418 8421 8422
f 8418 8422 8300
f 8300 8422 8423
f 8300 8423 8299
f 8299 8423 8305
f 8299 8305 8306
f 8298 8299 8200
f 8200 8299 8306
f 8200 8306 8199
f 8199 8306 8307
f 8199 8307 8308
f 8293 8269 8292
f 8292 8269 8418
f 8292 8418 8291
f 8291 8418 8303
f 8291 8303 8290
f 8259 8260 8248
f 8248 8260 8261
f 8248 8261 8262
f 8279 8280 8293
f 8248 8249 8272
f 8272 8249 8419
f 8272 8419 8271
f 8271 8419 8270
f 8418 8424 8420
f 8420 8424 8319
f 8420 8319 8425
f 8425 8319 8320
f 8425 8320 8311
f 8311 8320 8321
f 8311 8321 8402
f 8402 8321 8322
f 8402 8322 8323
f 8297 8288 8303
f 8303 8288 8289
f 8303 8289 8290
f 8287 8285 8286
f 8297 8295 8288
f 8288 8295 8296
f 8288 8296 8294
f 8286 8284 8287
f 8287 8284 8277
f 8287 8277 8293
f 8293 8277 8278
f 8293 8278 8279
f 8249 8250 8419
f 8419 8250 8251
f 8419 8251 8426
f 8426 8251 8246
f 8426 8246 8245
f 8254 8252 8255
f 8255 8252 8253
f 8255 8253 8262
f 8262 8253 8247
f 8262 8247 8248
f 8280 8281 8293
f 8293 8281 8268
f 8293 8268 8269
f 8241 8417 8242
f 8242 8417 8426
f 8242 8426 8243
f 8243 8426 8245
f 8243 8245 8244
f 8273 8267 8275
f 8275 8267 8274
f 8281 8282 8268
f 8268 8282 8283
f 8268 8283 8267
f 8267 8283 8276
f 8267 8276 8274
f 8339 8427 8338
f 8338 8427 8428
f 8338 8428 8337
f 8337 8428 8429
f 8337 8429 8336
f 8336 8429 8430
f 8336 8430 8335
f 8335 8430 8431
f 8335 8431 8334
f 8334 8431 8432
f 8334 8432 8333
f 8333 8432 8433
f 8333 8433 8332
f 8332 8433 8434
f 8332 8434 8331
f 8331 8434 8435
f 8331 8435 8330
f 8330 8435 8436
f 8330 8436 8329
f 8329 8436 8437
f 8329 8437 8328
f 8328 8437 8438
f 8328 8438 8327
f 8327 8438 8439
f 8327 8439 8326
f 8326 8439 8440
f 8326 8440 8441
f 8441 8440 8442
f 8441 8442 8443
f 8443 8442 8444
f 8443 8444 8445
f 8445 8444 8446
f 8445 8446 8447
f 8446 8448 8447
f 8447 8448 8449
f 8447 8449 8450
f 8450 8449 8451
f 8450 8451 8452
f 8452 8451 8453
f 8452 8453 8454
f 8454 8453 8455
f 8454 8455 8456
f 8456 8455 8457
f 8456 8457 8458
f 8458 8457 8459
f 8458 8459 8460
f 8460 8459 8461
f 8460 8461 8462
f 8462 8461 8463
f 8462 8463 8464
f 8464 8463 8465
f 8464 8465 8466
f 8466 8465 8467
f 8466 8467 8468
f 8468 8467 8469
f 8468 8469 8470
f 8470 8469 8471
f 8470 8471 8472
f 8472 8471 8473
f 8472 8473 8343
f 8343 8473 8474
f 8343 8474 8342
f 8342 8474 8475
f 8342 8475 8341
f 8341 8475 8476
f 8341 8476 8340
f 8340 8476 8477
f 8340 8477 8339
f 8339 8477 8478
f 8339 8478 8427
f 8344 8479 8347
f 8347 8479 8367
f 8347 8367 8345
f 8480 8481 8482
f 8483 8484 8485
f 8485 8484 8482
f 8485 8482 8486
f 8486 8482 8481
f 8349 8369 8351
f 8354 8353 8368
f 8368 8353 8351
f 8368 8351 8370
f 8370 8351 8369
f 8487 8357 8488
f 8488 8357 8356
f 8488 8356 8489
f 8356 8490 8491
f 8492 8489 8493
f 8493 8489 8356
f 8493 8356 8494
f 8494 8356 8491
f 8348 8495 8496
f 8490 8356 8497
f 8497 8356 8355
f 8497 8355 8498
f 8498 8355 8350
f 8498 8350 8499
f 8499 8350 8352
f 8499 8352 8500
f 8500 8352 8364
f 8500 8364 8501
f 8501 8364 8363
f 8501 8363 8502
f 8502 8363 8362
f 8502 8362 8503
f 8503 8362 8361
f 8503 8361 8504
f 8504 8361 8360
f 8504 8360 8496
f 8496 8360 8359
f 8496 8359 8348
f 8348 8346 8495
f 8495 8346 8505
f 8495 8505 8506
f 8506 8505 8507
f 8506 8507 8508
f 8508 8507 8509
f 8508 8509 8510
f 8510 8509 8511
f 8510 8511 8512
f 8512 8511 8513
f 8512 8513 8514
f 8514 8513 8515
f 8514 8515 8516
f 8516 8515 8517
f 8516 8517 8518
f 8518 8517 8519
f 8518 8519 8520
f 8520 8519 8521
f 8520 8521 8522
f 8522 8521 8523
f 8522 8523 8524
f 8524 8523 8525
f 8524 8525 8526
f 8526 8525 8527
f 8526 8527 8487
f 8487 8527 8358
f 8487 8358 8357
f 8528 8529 8530
f 8530 8529 8531
f 8530 8531 8532
f 8532 8531 8533
f 8532 8533 8534
f 8534 8533 8535
f 8534 8535 8536
f 8536 8535 8537
f 8536 8537 8538
f 8538 8537 8539
f 8538 8539 8540
f 8540 8539 8541
f 8540 8541 8542
f 8542 8541 8543
f 8542 8543 8544
f 8544 8543 8545
f 8544 8545 8546
f 8546 8545 8547
f 8546 8547 8371
f 8371 8547 8548
f 8371 8548 8372
f 8372 8548 8549
f 8372 8549 8373
f 8373 8549 8550
f 8373 8550 8374
f 8374 8550 8551
f 8374 8551 8375
f 8375 8551 8552
f 8375 8552 8376
f 8376 8552 8553
f 8376 8553 8377
f 8377 8553 8554
f 8377 8554 8378
f 8378 8554 8555
f 8378 8555 8379
f 8379 8555 8556
f 8379 8556 8380
f 8380 8556 8557
f 8380 8557 8381
f 8381 8557 8558
f 8381 8558 8382
f 8382 8558 8559
f 8382 8559 8528
f 8528 8559 8529
f 8560 8383 8561
f 8561 8383 8384
f 8561 8384 8562
f 8562 8384 8385
f 8562 8385 8563
f 8563 8385 8386
f 8563 8386 8564
f 8564 8386 8387
f 8564 8387 8565
f 8565 8387 8388
f 8565 8388 8566
f 8566 8388 8389
f 8566 8389 8567
f 8567 8389 8390
f 8567 8390 8568
f 8568 8390 8391
f 8568 8391 8569
f 8569 8391 8392
f 8569 8392 8570
f 8570 8392 8393
f 8570 8393 8571
f 8571 8393 8394
f 8571 8394 8572
f 8572 8394 8395
f 8572 8395 8573
f 8573 8395 8396
f 8573 8396 8574
f 8574 8396 8397
f 8574 8397 8575
f 8575 8397 8398
f 8575 8398 8576
f 8576 8398 8399
f 8576 8399 8577
f 8577 8399 8400
f 8578 8579 8413
f 8413 8579 8412
f 8579 8580 8412
f 8412 8580 8411
f 8580 8581 8411
f 8411 8581 8414
f 8581 8578 8414
f 8414 8578 8413
f 8582 8583 8410
f 8410 8583 8415
f 8415 8583 8416
f 8416 8583 8584
f 8416 8584 8407
f 8584 8585 8407
f 8407 8585 8408
f 8582 8410 8585
f 8585 8410 8409
f 8585 8409 8408
f 8474 8586 8587
f 8474 8587 8475
f 8475 8587 8588
f 8475 8588 8476
f 8476 8588 8589
f 8476 8589 8477
f 8477 8589 8590
f 8477 8590 8478
f 8478 8590 8591
f 8478 8591 8427
f 8427 8591 8592
f 8427 8592 8428
f 8428 8592 8593
f 8428 8593 8429
f 8429 8593 8594
f 8429 8594 8430
f 8430 8594 8595
f 8430 8595 8431
f 8431 8595 8596
f 8431 8596 8432
f 8432 8596 8597
f 8432 8597 8433
f 8433 8597 8598
f 8433 8598 8434
f 8434 8598 8599
f 8434 8599 8435
f 8435 8599 8600
f 8435 8600 8436
f 8436 8600 8601
f 8436 8601 8437
f 8437 8601 8602
f 8437 8602 8438
f 8438 8602 8603
f 8438 8603 8439
f 8439 8603 8604
f 8439 8604 8440
f 8605 8606 8607
f 8607 8606 8608
f 8607 8608 8609
f 8609 8608 8610
f 8490 8608 8491
f 8491 8608 8606
f 8491 8606 8494
f 8494 8606 8611
f 8608 8490 8497
f 8608 8497 8612
f 8612 8497 8498
f 8612 8498 8613
f 8613 8498 8499
f 8613 8499 8614
f 8614 8499 8500
f 8614 8500 8615
f 8615 8500 8501
f 8615 8501 8616
f 8616 8501 8502
f 8616 8502 8617
f 8617 8502 8503
f 8617 8503 8618
f 8618 8503 8504
f 8618 8504 8619
f 8619 8504 8496
f 8619 8496 8620
f 8620 8496 8495
f 8620 8495 8621
f 8548 8622 8549
f 8549 8622 8623
f 8549 8623 8550
f 8550 8623 8624
f 8550 8624 8551
f 8551 8624 8625
f 8551 8625 8552
f 8552 8625 8626
f 8552 8626 8553
f 8553 8626 8627
f 8553 8627 8554
f 8554 8627 8628
f 8554 8628 8555
f 8555 8628 8629
f 8555 8629 8556
f 8556 8629 8630
f 8556 8630 8557
f 8557 8630 8631
f 8557 8631 8558
f 8558 8631 8632
f 8558 8632 8559
f 8559 8632 8633
f 8634 8561 8635
f 8635 8561 8562
f 8635 8562 8636
f 8637 8638 8634
f 8634 8638 8560
f 8634 8560 8561
f 8639 8640 8641
f 8641 8640 8642
f 8641 8642 8637
f 8637 8642 8643
f 8637 8643 8638
f 8644 8573 8645
f 8645 8573 8574
f 8645 8574 8646
f 8647 8568 8648
f 8648 8568 8569
f 8648 8569 8649
f 8650 8566 8647
f 8647 8566 8567
f 8647 8567 8568
f 8651 8652 8639
f 8639 8652 8653
f 8639 8653 8640
f 8654 8655 8651
f 8651 8655 8656
f 8651 8656 8652
f 8562 8563 8636
f 8636 8563 8564
f 8636 8564 8650
f 8650 8564 8565
f 8650 8565 8566
f 8657 8658 8659
f 8659 8658 8660
f 8659 8660 8654
f 8654 8660 8661
f 8654 8661 8655
f 8662 8663 8664
f 8664 8663 8665
f 8664 8665 8666
f 8574 8575 8646
f 8646 8575 8576
f 8646 8576 8662
f 8662 8576 8577
f 8662 8577 8663
f 8569 8570 8649
f 8649 8570 8571
f 8649 8571 8644
f 8644 8571 8572
f 8644 8572 8573
f 8665 8667 8666
f 8666 8667 8668
f 8666 8668 8657
f 8657 8668 8669
f 8657 8669 8658
f 8581 8580 8578
f 8578 8580 8579
f 8585 8584 8582
f 8582 8584 8583
f 8670 8671 8672
f 8672 8671 8673
f 8672 8673 8674
f 8674 8673 8675
f 8674 8675 8676
f 8676 8675 8677
f 8676 8677 8678
f 8678 8677 8679
f 8678 8679 8680
f 8680 8679 8681
f 8680 8681 8682
f 8682 8681 8683
f 8682 8683 8684
f 8684 8683 8685
f 8684 8685 8686
f 8686 8685 8687
f 8686 8687 8688
f 8688 8687 8689
f 8688 8689 8690
f 8690 8689 8691
f 8690 8691 8692
f 8692 8691 8693
f 8692 8693 8694
f 8694 8693 8695
f 8694 8695 8696
f 8696 8695 8604
f 8696 8604 8697
f 8697 8604 8603
f 8697 8603 8698
f 8698 8603 8602
f 8698 8602 8699
f 8699 8602 8601
f 8699 8601 8700
f 8601 8600 8700
f 8700 8600 8599
f 8700 8599 8701
f 8701 8599 8598
f 8701 8598 8702
f 8702 8598 8597
f 8702 8597 8703
f 8703 8597 8596
f 8703 8596 8704
f 8704 8596 8595
f 8704 8595 8705
f 8705 8595 8594
f 8705 8594 8706
f 8706 8594 8593
f 8706 8593 8707
f 8707 8593 8592
f 8707 8592 8708
f 8708 8592 8591
f 8708 8591 8709
f 8709 8591 8590
f 8709 8590 8710
f 8710 8590 8589
f 8710 8589 8711
f 8711 8589 8588
f 8711 8588 8712
f 8712 8588 8587
f 8712 8587 8713
f 8713 8587 8586
f 8713 8586 8714
f 8714 8586 8715
f 8714 8715 8716
f 8716 8715 8717
f 8716 8717 8718
f 8718 8717 8719
f 8718 8719 8670
f 8670 8719 8720
f 8670 8720 8671
f 8721 8722 8612
f 8612 8722 8610
f 8612 8610 8608
f 8723 8724 8725
f 8726 8727 8728
f 8728 8727 8729
f 8728 8729 8725
f 8725 8729 8723
f 8723 8729 8730
f 8723 8730 8731
f 8731 8730 8732
f 8731 8732 8733
f 8733 8732 8734
f 8733 8734 8735
f 8735 8734 8736
f 8735 8736 8737
f 8737 8736 8738
f 8737 8738 8739
f 8739 8738 8740
f 8739 8740 8741
f 8741 8740 8742
f 8741 8742 8743
f 8743 8742 8744
f 8743 8744 8745
f 8745 8744 8746
f 8745 8746 8747
f 8747 8746 8748
f 8747 8748 8749
f 8749 8748 8750
f 8749 8750 8751
f 8751 8750 8752
f 8751 8752 8621
f 8621 8752 8753
f 8621 8753 8620
f 8620 8753 8754
f 8620 8754 8619
f 8619 8754 8755
f 8619 8755 8618
f 8618 8755 8756
f 8618 8756 8617
f 8617 8756 8757
f 8617 8757 8616
f 8616 8757 8758
f 8616 8758 8615
f 8615 8758 8759
f 8615 8759 8614
f 8614 8759 8760
f 8614 8760 8613
f 8613 8760 8761
f 8613 8761 8612
f 8612 8761 8762
f 8612 8762 8721
f 8721 8762 8763
f 8721 8763 8764
f 8765 8609 8610
f 8610 8722 8765
f 8765 8722 8721
f 8765 8721 8766
f 8766 8721 8764
f 8766 8764 8767
f 8605 8607 8768
f 8768 8607 8609
f 8767 8769 8766
f 8766 8769 8768
f 8766 8768 8765
f 8765 8768 8609
f 8769 8770 8768
f 8768 8770 8771
f 8768 8771 8772
f 8772 8771 8773
f 8772 8773 8774
f 8774 8773 8775
f 8774 8775 8776
f 8776 8775 8777
f 8776 8777 8778
f 8778 8777 8779
f 8778 8779 8780
f 8780 8779 8781
f 8780 8781 8782
f 8782 8781 8783
f 8782 8783 8784
f 8784 8783 8785
f 8784 8785 8786
f 8786 8785 8787
f 8786 8787 8788
f 8788 8787 8789
f 8788 8789 8790
f 8791 8792 8793
f 8793 8792 8794
f 8606 8605 8768
f 8791 8795 8792
f 8792 8795 8611
f 8792 8611 8796
f 8796 8611 8606
f 8796 8606 8797
f 8797 8606 8768
f 8798 8799 8800
f 8800 8799 8801
f 8800 8801 8802
f 8802 8801 8803
f 8802 8803 8804
f 8804 8803 8805
f 8804 8805 8806
f 8806 8805 8807
f 8806 8807 8794
f 8794 8807 8808
f 8794 8808 8793
f 8793 8808 8809
f 8793 8809 8810
f 8768 8772 8797
f 8797 8772 8774
f 8797 8774 8811
f 8811 8774 8776
f 8811 8776 8812
f 8812 8776 8778
f 8812 8778 8813
f 8813 8778 8780
f 8813 8780 8814
f 8814 8780 8782
f 8814 8782 8815
f 8815 8782 8784
f 8815 8784 8816
f 8816 8784 8786
f 8816 8786 8817
f 8817 8786 8788
f 8817 8788 8818
f 8818 8788 8790
f 8818 8790 8819
f 8819 8790 8820
f 8819 8820 8821
f 8821 8820 8822
f 8821 8822 8823
f 8823 8822 8824
f 8823 8824 8825
f 8825 8824 8826
f 8825 8826 8827
f 8827 8826 8828
f 8827 8828 8798
f 8798 8828 8829
f 8798 8829 8799
f 8725 8830 8728
f 8728 8830 8831
f 8832 8833 8729
f 8831 8834 8728
f 8728 8834 8835
f 8728 8835 8726
f 8726 8835 8832
f 8726 8832 8727
f 8727 8832 8729
f 8622 8818 8623
f 8623 8818 8819
f 8623 8819 8624
f 8624 8819 8821
f 8624 8821 8625
f 8625 8821 8823
f 8625 8823 8626
f 8626 8823 8825
f 8626 8825 8627
f 8627 8825 8827
f 8627 8827 8628
f 8628 8827 8798
f 8628 8798 8629
f 8629 8798 8800
f 8629 8800 8630
f 8630 8800 8802
f 8630 8802 8631
f 8631 8802 8804
f 8631 8804 8632
f 8632 8804 8806
f 8632 8806 8633
f 8633 8806 8794
f 8836 8634 8837
f 8837 8634 8635
f 8837 8635 8838
f 8838 8635 8636
f 8838 8636 8839
f 8839 8636 8650
f 8839 8650 8840
f 8840 8650 8647
f 8840 8647 8841
f 8841 8647 8648
f 8841 8648 8842
f 8842 8648 8649
f 8842 8649 8843
f 8843 8649 8644
f 8843 8644 8844
f 8844 8644 8645
f 8844 8645 8845
f 8845 8645 8646
f 8845 8646 8846
f 8846 8646 8662
f 8847 8696 8697
f 8847 8697 8848
f 8848 8697 8698
f 8848 8698 8849
f 8849 8698 8699
f 8849 8699 8850
f 8850 8699 8700
f 8850 8700 8851
f 8851 8700 8701
f 8851 8701 8852
f 8852 8701 8702
f 8852 8702 8853
f 8853 8702 8703
f 8853 8703 8854
f 8854 8703 8704
f 8854 8704 8855
f 8855 8704 8705
f 8855 8705 8856
f 8856 8705 8706
f 8856 8706 8857
f 8857 8706 8707
f 8857 8707 8858
f 8858 8707 8708
f 8858 8708 8859
f 8859 8708 8709
f 8859 8709 8860
f 8860 8709 8710
f 8860 8710 8861
f 8861 8710 8711
f 8861 8711 8862
f 8862 8711 8712
f 8862 8712 8863
f 8863 8712 8713
f 8863 8713 8864
f 8833 8865 8729
f 8729 8865 8730
f 8866 8867 8868
f 8869 8870 8871
f 8872 8873 8874
f 8875 8876 8877
f 8878 8879 8880
f 8881 8882 8883
f 8883 8882 8884
f 8883 8884 8885
f 8886 8887 8888
f 8888 8887 8889
f 8888 8889 8890
f 8874 8891 8872
f 8872 8891 8892
f 8872 8892 8868
f 8868 8892 8893
f 8868 8893 8866
f 8866 8893 8875
f 8866 8875 8894
f 8894 8875 8877
f 8895 8896 8879
f 8879 8896 8897
f 8879 8897 8880
f 8898 8899 8900
f 8890 8901 8888
f 8888 8901 8902
f 8888 8902 8903
f 8904 8905 8906
f 8906 8905 8907
f 8906 8907 8908
f 8908 8907 8909
f 8908 8909 8910
f 8911 8912 8913
f 8914 8915 8916
f 8916 8915 8917
f 8916 8917 8918
f 8918 8917 8878
f 8918 8878 8919
f 8919 8878 8880
f 8919 8880 8920
f 8920 8880 8921
f 8922 8923 8924
f 8925 8926 8927
f 8927 8926 8928
f 8927 8928 8929
f 8929 8928 8930
f 8929 8930 8901
f 8901 8930 8931
f 8901 8931 8902
f 8913 8932 8911
f 8911 8932 8933
f 8911 8933 8934
f 8934 8933 8935
f 8934 8935 8909
f 8936 8937 8871
f 8871 8937 8938
f 8871 8938 8869
f 8909 8935 8910
f 8910 8935 8846
f 8910 8846 8939
f 8940 8941 8942
f 8942 8941 8886
f 8942 8886 8943
f 8943 8886 8888
f 8944 8945 8946
f 8946 8945 8947
f 8946 8947 8948
f 8948 8947 8922
f 8948 8922 8886
f 8886 8922 8924
f 8886 8924 8887
f 8923 8949 8924
f 8924 8949 8950
f 8924 8950 8951
f 8952 8898 8953
f 8953 8898 8900
f 8953 8900 8954
f 8954 8900 8883
f 8954 8883 8870
f 8870 8883 8885
f 8870 8885 8871
f 8939 8955 8910
f 8910 8955 8956
f 8910 8956 8957
f 8957 8956 8958
f 8957 8958 8959
f 8959 8958 8942
f 8942 8958 8960
f 8942 8960 8940
f 8941 8961 8886
f 8886 8961 8962
f 8886 8962 8963
f 8963 8962 8836
f 8963 8836 8964
f 8964 8836 8837
f 8964 8837 8883
f 8883 8837 8838
f 8883 8838 8881
f 8881 8838 8839
f 8839 8840 8881
f 8881 8840 8841
f 8881 8841 8842
f 8842 8843 8881
f 8881 8843 8868
f 8881 8868 8880
f 8880 8868 8867
f 8880 8867 8921
f 8935 8965 8846
f 8846 8965 8966
f 8846 8966 8845
f 8845 8966 8868
f 8845 8868 8844
f 8844 8868 8843
f 8860 8967 8859
f 8859 8967 8968
f 8859 8968 8858
f 8858 8968 8969
f 8858 8969 8857
f 8857 8969 8970
f 8857 8970 8856
f 8856 8970 8971
f 8856 8971 8855
f 8855 8971 8972
f 8855 8972 8854
f 8854 8972 8973
f 8854 8973 8853
f 8853 8973 8974
f 8853 8974 8852
f 8852 8974 8975
f 8852 8975 8851
f 8851 8975 8976
f 8851 8976 8850
f 8850 8976 8977
f 8850 8977 8849
f 8849 8977 8978
f 8849 8978 8848
f 8848 8978 8979
f 8848 8979 8847
f 8847 8979 8980
f 8847 8980 8981
f 8981 8980 8982
f 8981 8982 8983
f 8983 8982 8984
f 8983 8984 8985
f 8985 8984 8986
f 8985 8986 8987
f 8986 8988 8987
f 8987 8988 8989
f 8987 8989 8990
f 8990 8989 8991
f 8990 8991 8992
f 8992 8991 8993
f 8992 8993 8994
f 8994 8993 8995
f 8994 8995 8996
f 8996 8995 8997
f 8996 8997 8998
f 8998 8997 8999
f 8998 8999 9000
f 9000 8999 9001
f 9000 9001 9002
f 9002 9001 9003
f 9002 9003 9004
f 9004 9003 9005
f 9004 9005 9006
f 9006 9005 9007
f 9006 9007 9008
f 9008 9007 9009
f 9008 9009 9010
f 9010 9009 9011
f 9010 9011 9012
f 9012 9011 9013
f 9012 9013 8864
f 8864 9013 9014
f 8864 9014 8863
f 8863 9014 9015
f 8863 9015 8862
f 8862 9015 9016
f 8862 9016 8861
f 8861 9016 9017
f 8861 9017 8860
f 8860 9017 9018
f 8860 9018 8967
f 9019 8953 8954
f 9020 9021 9022
f 9022 9021 9023
f 9022 9023 9024
f 9024 9023 9025
f 9024 9025 8892
f 8892 9025 8893
f 8875 8893 9026
f 9026 8893 9025
f 9026 9025 9027
f 9027 9025 9028
f 9027 9028 9029
f 9029 9028 9030
f 9029 9030 9031
f 9031 9030 9032
f 9031 9032 9033
f 9033 9032 9034
f 9033 9034 9035
f 9035 9034 9036
f 9035 9036 9037
f 9037 9036 9038
f 9037 9038 8917
f 8917 9038 8878
f 8879 8878 9039
f 9039 8878 9038
f 9039 9038 9040
f 9040 9038 9041
f 9040 9041 9042
f 9042 9041 9043
f 9042 9043 9044
f 9044 9043 9045
f 9044 9045 9046
f 9046 9045 9047
f 9046 9047 9048
f 9048 9047 9049
f 9048 9049 8869
f 9050 9051 9052
f 9052 9051 9053
f 9052 9053 9054
f 9054 9053 9055
f 9054 9055 9056
f 9055 9019 9056
f 9056 9019 8954
f 9056 8954 9049
f 9049 8954 8870
f 9049 8870 8869
f 8923 9057 8949
f 8949 9057 9058
f 8949 9058 8950
f 8950 9058 9059
f 8950 9059 8951
f 8951 9059 9060
f 8951 9060 8924
f 8924 9060 9061
f 9062 8887 9063
f 9063 8887 8924
f 9063 8924 9061
f 8887 9062 8889
f 8889 9062 9064
f 8889 9064 8890
f 8890 9064 9065
f 8890 9065 8901
f 8901 9065 9066
f 8901 9066 8929
f 8929 9066 9067
f 8929 9067 9068
f 8929 9068 8927
f 8927 9068 9069
f 8927 9069 8925
f 8925 9069 9070
f 8925 9070 8926
f 8926 9070 9071
f 8926 9071 8928
f 8928 9071 9072
f 8931 9073 8902
f 8902 9073 9074
f 8902 9074 8903
f 8903 9074 9075
f 8903 9075 8888
f 8888 9075 9076
f 9077 8942 9078
f 9078 8942 8943
f 9078 8943 9079
f 8942 9077 8959
f 8959 9077 9080
f 8959 9080 8957
f 8957 9080 9081
f 8957 9081 8910
f 8910 9081 9082
f 8910 9082 8908
f 8908 9082 9083
f 8908 9083 9084
f 8908 9084 8906
f 8906 9084 9085
f 8906 9085 8904
f 8904 9085 9086
f 8904 9086 8905
f 8905 9086 9087
f 8905 9087 8907
f 8907 9087 9088
f 8911 9089 8912
f 8912 9089 9090
f 9091 8935 9092
f 9092 8935 8933
f 9092 8933 9093
f 8935 9091 8965
f 8965 9091 9094
f 8965 9094 8966
f 8966 9094 9095
f 8868 9096 8872
f 8872 9096 9097
f 8872 9097 9098
f 8872 9098 8873
f 8873 9098 9099
f 8873 9099 8874
f 8874 9099 9100
f 8874 9100 8891
f 8891 9100 9101
f 8875 9026 8876
f 8876 9026 9102
f 8876 9102 8877
f 8877 9102 9103
f 8877 9103 8894
f 8894 9103 9104
f 8894 9104 8866
f 8866 9104 9105
f 9106 8867 9107
f 9107 8867 8866
f 9107 8866 9105
f 8867 9106 8921
f 8921 9106 9108
f 8921 9108 8920
f 8920 9108 9109
f 8920 9109 8919
f 8919 9109 9110
f 8919 9110 8918
f 8918 9110 9111
f 8918 9111 9112
f 8918 9112 8916
f 8916 9112 9113
f 8879 9039 8895
f 8895 9039 9114
f 8895 9114 8896
f 8896 9114 9115
f 8896 9115 8897
f 8897 9115 9116
f 8897 9116 8880
f 8880 9116 9117
f 9118 8881 9119
f 9119 8881 8880
f 9119 8880 9117
f 8881 9118 8882
f 8882 9118 9120
f 8882 9120 8884
f 8884 9120 9121
f 8884 9121 8885
f 8885 9121 9122
f 8885 9122 8871
f 8871 9122 9123
f 8871 9123 9124
f 8871 9124 8936
f 8936 9124 9125
f 8936 9125 8937
f 8937 9125 9126
f 8937 9126 8938
f 8938 9126 9127
f 8938 9127 8869
f 8869 9127 9048
f 8953 9019 8952
f 8952 9019 9128
f 8952 9128 8898
f 8898 9128 9129
f 8898 9129 8899
f 8899 9129 9130
f 8899 9130 8900
f 8900 9130 9131
f 9132 8883 9133
f 9133 8883 8900
f 9133 8900 9131
f 8883 9132 8964
f 8964 9132 9134
f 8964 9134 8963
f 8963 9134 9135
f 8963 9135 8886
f 8886 9135 9136
f 8886 9136 8948
f 8948 9136 9137
f 8948 9137 9138
f 8948 9138 8946
f 8946 9138 9139
f 8946 9139 8944
f 8944 9139 9140
f 8944 9140 8945
f 8945 9140 9141
f 8945 9141 8947
f 8947 9141 9142
f 9014 9143 9144
f 9014 9144 9015
f 9015 9144 9145
f 9015 9145 9016
f 9016 9145 9146
f 9016 9146 9017
f 9017 9146 9147
f 9017 9147 9018
f 9018 9147 9148
f 9018 9148 8967
f 8967 9148 9149
f 8967 9149 8968
f 8968 9149 9150
f 8968 9150 8969
f 8969 9150 9151
f 8969 9151 8970
f 8970 9151 9152
f 8970 9152 8971
f 8971 9152 9153
f 8971 9153 8972
f 8972 9153 9154
f 8972 9154 8973
f 8973 9154 9155
f 8973 9155 8974
f 8974 9155 9156
f 8974 9156 8975
f 8975 9156 9157
f 8975 9157 8976
f 8976 9157 9158
f 8976 9158 8977
f 8977 9158 9159
f 8977 9159 8978
f 8978 9159 9160
f 8978 9160 8979
f 8979 9160 9161
f 8979 9161 8980
f 9162 9163 9164
f 9165 9166 9021
f 9021 9166 9167
f 9021 9167 9168
f 9169 9170 9171
f 9171 9170 9172
f 9171 9172 9173
f 9173 9172 9174
f 9175 9176 9177
f 9177 9176 9178
f 9177 9178 9162
f 9179 9180 9050
f 9050 9180 9181
f 9050 9181 9182
f 9021 9183 9165
f 9165 9183 9184
f 9165 9184 9185
f 9185 9184 9186
f 9185 9186 9187
f 9187 9186 9188
f 9187 9188 9189
f 9189 9188 9170
f 9189 9170 9190
f 9190 9170 9169
f 9190 9169 9191
f 9162 9164 9177
f 9177 9164 9192
f 9177 9192 9193
f 9193 9192 9194
f 9193 9194 9195
f 9195 9194 9196
f 9195 9196 9197
f 9197 9196 9198
f 9197 9198 9199
f 9199 9198 9200
f 9199 9200 9172
f 9172 9200 9201
f 9172 9201 9174
f 9181 9202 9182
f 9182 9202 9203
f 9182 9203 9204
f 9204 9203 9205
f 9204 9205 9206
f 9206 9205 9207
f 9206 9207 9208
f 9208 9207 9209
f 9208 9209 9175
f 9175 9209 9210
f 9175 9210 9176
f 9211 9212 9213
f 9068 9067 9214
f 9058 9057 9215
f 9216 9217 9218
f 9218 9217 9219
f 9218 9219 9067
f 9067 9219 9220
f 9067 9220 9214
f 9072 9071 9221
f 9221 9071 9222
f 9223 9222 9224
f 9224 9222 9225
f 9224 9225 9226
f 9215 9211 9058
f 9058 9211 9213
f 9058 9213 9059
f 9059 9213 9060
f 9063 9227 9228
f 9228 9227 9229
f 9228 9229 9230
f 9225 9231 9226
f 9226 9231 9232
f 9226 9232 9230
f 9230 9232 9216
f 9230 9216 9228
f 9228 9216 9218
f 9068 9214 9069
f 9069 9214 9233
f 9069 9233 9070
f 9070 9233 9234
f 9070 9234 9071
f 9071 9234 9235
f 9071 9235 9222
f 9222 9235 9236
f 9222 9236 9225
f 9224 9237 9223
f 9223 9237 9238
f 9223 9238 9211
f 9211 9238 9239
f 9211 9239 9212
f 9060 9213 9061
f 9061 9213 9240
f 9061 9240 9063
f 9063 9240 9241
f 9063 9241 9227
f 9242 9243 9133
f 9138 9137 9244
f 9245 9246 9247
f 9248 9055 9053
f 9128 9019 9055
f 9142 9141 9249
f 9249 9141 9140
f 9247 9250 9245
f 9245 9250 9251
f 9245 9251 9137
f 9137 9251 9252
f 9137 9252 9244
f 9133 9243 9246
f 9129 9128 9253
f 9253 9128 9055
f 9253 9055 9254
f 9254 9055 9248
f 9242 9133 9255
f 9255 9133 9131
f 9255 9131 9253
f 9253 9131 9130
f 9253 9130 9129
f 9138 9244 9139
f 9139 9244 9256
f 9139 9256 9140
f 9140 9256 9257
f 9140 9257 9249
f 9249 9257 9258
f 9249 9258 9051
f 9051 9258 9259
f 9051 9259 9053
f 9260 9261 9053
f 9053 9261 9262
f 9053 9262 9248
f 9243 9263 9246
f 9246 9263 9264
f 9246 9264 9247
f 9247 9264 9265
f 9247 9265 9266
f 9266 9265 9260
f 9266 9260 9267
f 9267 9260 9053
f 9267 9053 9268
f 9268 9053 9259
f 9115 9114 9269
f 9119 9117 9270
f 9271 9269 9040
f 9040 9269 9114
f 9040 9114 9039
f 9270 9117 9269
f 9269 9117 9116
f 9269 9116 9115
f 9046 9272 9044
f 9044 9272 9273
f 9271 9040 9274
f 9274 9040 9042
f 9274 9042 9275
f 9275 9042 9276
f 9276 9042 9044
f 9276 9044 9277
f 9277 9044 9273
f 9277 9273 9278
f 9270 9279 9119
f 9119 9279 9280
f 9119 9280 9281
f 9281 9280 9282
f 9281 9282 9283
f 9273 9284 9278
f 9278 9284 9285
f 9278 9285 9283
f 9283 9285 9286
f 9283 9286 9281
f 9281 9286 9287
f 9286 9288 9287
f 9287 9288 9289
f 9287 9289 9123
f 9289 9290 9123
f 9123 9290 9291
f 9123 9291 9124
f 9124 9291 9125
f 9048 9127 9046
f 9046 9127 9126
f 9046 9126 9125
f 9291 9292 9125
f 9125 9292 9293
f 9125 9293 9046
f 9046 9293 9294
f 9046 9294 9272
f 9103 9102 9295
f 9296 9295 9029
f 9029 9295 9102
f 9029 9102 9027
f 9027 9102 9026
f 9107 9105 9297
f 9298 9299 9031
f 9297 9105 9295
f 9295 9105 9104
f 9295 9104 9103
f 9031 9033 9300
f 9299 9301 9031
f 9031 9301 9302
f 9031 9302 9029
f 9029 9302 9303
f 9029 9303 9296
f 9297 9304 9107
f 9107 9304 9305
f 9107 9305 9306
f 9306 9305 9307
f 9306 9307 9308
f 9037 9309 9035
f 9035 9309 9033
f 9300 9033 9310
f 9310 9033 9309
f 9310 9309 9311
f 9311 9309 9312
f 9311 9312 9313
f 9313 9312 9113
f 9313 9113 9314
f 9314 9113 9112
f 9314 9112 9111
f 9300 9315 9031
f 9031 9315 9316
f 9031 9316 9298
f 9298 9316 9317
f 9298 9317 9308
f 9308 9317 9318
f 9308 9318 9306
f 9306 9318 9319
f 9318 9320 9319
f 9319 9320 9321
f 9319 9321 9111
f 9111 9321 9322
f 9111 9322 9314
f 9323 9324 9325
f 9325 9324 9326
f 9325 9326 9327
f 9090 9089 9327
f 9328 9090 9329
f 9329 9090 9327
f 9329 9327 9330
f 9330 9327 9326
f 9098 9097 9331
f 9328 9329 9332
f 9332 9329 9333
f 9332 9333 9093
f 9093 9333 9334
f 9093 9334 9092
f 9092 9334 9335
f 9092 9335 9336
f 9323 9325 9337
f 9337 9325 9020
f 9337 9020 9338
f 9098 9331 9099
f 9024 9101 9022
f 9022 9101 9100
f 9022 9100 9099
f 9331 9339 9099
f 9099 9339 9340
f 9099 9340 9022
f 9022 9340 9341
f 9022 9341 9020
f 9020 9341 9342
f 9020 9342 9338
f 9335 9343 9336
f 9336 9343 9344
f 9336 9344 9345
f 9338 9346 9337
f 9337 9346 9347
f 9337 9347 9345
f 9345 9347 9348
f 9345 9348 9336
f 9336 9348 9349
f 9336 9349 9350
f 9350 9349 9351
f 9350 9351 9097
f 9097 9351 9352
f 9097 9352 9331
f 9074 9073 9353
f 9354 9355 9356
f 9353 9357 9358
f 9354 9356 9357
f 9357 9356 9359
f 9357 9359 9358
f 9075 9074 9360
f 9360 9074 9353
f 9360 9353 9361
f 9361 9353 9358
f 9075 9360 9076
f 9076 9360 9362
f 9076 9362 9079
f 9079 9362 9363
f 9079 9363 9078
f 9078 9363 9364
f 9078 9364 9365
f 9365 9364 9366
f 9365 9366 9367
f 9368 9354 9369
f 9370 9371 9372
f 9372 9371 9373
f 9372 9373 9083
f 9373 9374 9083
f 9083 9374 9375
f 9083 9375 9084
f 9084 9375 9085
f 9368 9376 9354
f 9354 9376 9377
f 9354 9377 9355
f 9355 9377 9378
f 9355 9378 9379
f 9379 9378 9370
f 9379 9370 9367
f 9367 9370 9372
f 9367 9372 9365
f 9088 9087 9369
f 9369 9087 9086
f 9369 9086 9085
f 9375 9380 9085
f 9085 9380 9381
f 9085 9381 9369
f 9369 9381 9382
f 9369 9382 9368
f 9062 9063 9064
f 9064 9063 9228
f 9064 9228 9065
f 9065 9228 9218
f 9065 9218 9066
f 9066 9218 9067
f 9077 9078 9080
f 9080 9078 9365
f 9080 9365 9081
f 9081 9365 9372
f 9081 9372 9082
f 9082 9372 9083
f 9091 9092 9094
f 9094 9092 9336
f 9094 9336 9095
f 9095 9336 9350
f 9106 9107 9108
f 9108 9107 9306
f 9108 9306 9109
f 9109 9306 9319
f 9109 9319 9110
f 9110 9319 9111
f 9118 9119 9120
f 9120 9119 9281
f 9120 9281 9121
f 9121 9281 9287
f 9121 9287 9122
f 9122 9287 9123
f 9132 9133 9134
f 9134 9133 9246
f 9134 9246 9135
f 9135 9246 9245
f 9135 9245 9136
f 9136 9245 9137
f 9383 9384 9385
f 9385 9384 9386
f 9385 9386 9387
f 9387 9386 9388
f 9387 9388 9389
f 9389 9388 9390
f 9389 9390 9391
f 9391 9390 9392
f 9391 9392 9393
f 9393 9392 9394
f 9393 9394 9395
f 9395 9394 9396
f 9395 9396 9397
f 9397 9396 9398
f 9397 9398 9399
f 9399 9398 9400
f 9399 9400 9401
f 9401 9400 9402
f 9401 9402 9403
f 9403 9402 9404
f 9403 9404 9405
f 9405 9404 9406
f 9405 9406 9407
f 9407 9406 9408
f 9407 9408 9409
f 9409 9408 9161
f 9409 9161 9410
f 9410 9161 9160
f 9410 9160 9411
f 9411 9160 9159
f 9411 9159 9412
f 9412 9159 9158
f 9412 9158 9413
f 9158 9157 9413
f 9413 9157 9156
f 9413 9156 9414
f 9414 9156 9155
f 9414 9155 9415
f 9415 9155 9154
f 9415 9154 9416
f 9416 9154 9153
f 9416 9153 9417
f 9417 9153 9152
f 9417 9152 9418
f 9418 9152 9151
f 9418 9151 9419
f 9419 9151 9150
f 9419 9150 9420
f 9420 9150 9149
f 9420 9149 9421
f 9421 9149 9148
f 9421 9148 9422
f 9422 9148 9147
f 9422 9147 9423
f 9423 9147 9146
f 9423 9146 9424
f 9424 9146 9145
f 9424 9145 9425
f 9425 9145 9144
f 9425 9144 9426
f 9426 9144 9143
f 9426 9143 9427
f 9427 9143 9428
f 9427 9428 9429
f 9429 9428 9430
f 9429 9430 9431
f 9431 9430 9432
f 9431 9432 9383
f 9383 9432 9433
f 9383 9433 9384
f 9434 9435 9436
f 9436 9435 9437
f 9438 9439 9434
f 9434 9439 9440
f 9434 9440 9435
f 9441 9442 9438
f 9438 9442 9443
f 9438 9443 9439
f 9444 9445 9446
f 9446 9445 9447
f 9446 9447 9448
f 9448 9447 9449
f 9448 9449 9450
f 9450 9449 9451
f 9450 9451 9452
f 9452 9451 9436
f 9452 9436 9453
f 9453 9436 9437
f 9209 9207 9454
f 9455 9201 9200
f 9454 9456 9209
f 9209 9456 9457
f 9209 9457 9210
f 9164 9163 9458
f 9459 9460 9461
f 9462 9463 9464
f 9464 9465 9462
f 9462 9465 9466
f 9462 9466 9467
f 9468 9469 9470
f 9187 9189 9471
f 9472 9473 9474
f 9474 9473 9475
f 9474 9475 9476
f 9476 9475 9477
f 9476 9477 9478
f 9478 9477 9479
f 9439 9443 9480
f 9480 9443 9442
f 9480 9442 9469
f 9469 9442 9481
f 9469 9481 9482
f 9482 9481 9483
f 9482 9483 9484
f 9485 9486 9487
f 9487 9486 9488
f 9489 9490 9491
f 9492 9446 9493
f 9493 9446 9448
f 9493 9448 9494
f 9494 9448 9450
f 9494 9450 9452
f 9166 9165 9495
f 9495 9165 9496
f 9492 9491 9446
f 9446 9491 9490
f 9446 9490 9444
f 9444 9490 9497
f 9444 9497 9498
f 9498 9497 9499
f 9498 9499 9500
f 9500 9499 9484
f 9500 9484 9501
f 9501 9484 9483
f 9502 9503 9504
f 9496 9165 9471
f 9471 9165 9185
f 9471 9185 9187
f 9479 9505 9478
f 9478 9505 9194
f 9478 9194 9506
f 9506 9194 9507
f 9455 9200 9508
f 9508 9200 9198
f 9508 9198 9505
f 9505 9198 9196
f 9505 9196 9194
f 9181 9509 9202
f 9202 9509 9510
f 9202 9510 9203
f 9203 9510 9511
f 9203 9511 9205
f 9205 9511 9207
f 9512 9513 9511
f 9482 9514 9469
f 9469 9514 9515
f 9469 9515 9470
f 9470 9515 9516
f 9470 9516 9517
f 9488 9486 9470
f 9470 9486 9518
f 9470 9518 9468
f 9519 9520 9521
f 9521 9520 9522
f 9521 9522 9523
f 9523 9522 9504
f 9523 9504 9524
f 9524 9504 9463
f 9504 9503 9463
f 9463 9503 9525
f 9463 9525 9526
f 9191 9527 9190
f 9190 9527 9528
f 9190 9528 9189
f 9189 9528 9529
f 9189 9529 9472
f 9472 9529 9530
f 9472 9530 9473
f 9472 9531 9189
f 9189 9531 9532
f 9189 9532 9471
f 9471 9532 9533
f 9471 9533 9534
f 9511 9513 9207
f 9207 9513 9535
f 9207 9535 9536
f 9459 9461 9537
f 9537 9461 9538
f 9537 9538 9491
f 9491 9538 9539
f 9491 9539 9489
f 9489 9539 9540
f 9489 9540 9541
f 9541 9540 9542
f 9541 9542 9543
f 9543 9542 9544
f 9543 9544 9526
f 9526 9544 9545
f 9526 9545 9463
f 9463 9545 9546
f 9463 9546 9464
f 9504 9547 9502
f 9502 9547 9548
f 9502 9548 9549
f 9549 9548 9550
f 9549 9550 9533
f 9533 9550 9551
f 9533 9551 9534
f 9164 9458 9192
f 9192 9458 9552
f 9192 9552 9194
f 9194 9552 9553
f 9194 9553 9507
f 9507 9553 9554
f 9507 9554 9555
f 9555 9554 9556
f 9555 9556 9557
f 9557 9556 9558
f 9557 9558 9536
f 9536 9558 9559
f 9536 9559 9207
f 9207 9559 9560
f 9207 9560 9454
f 9511 9561 9512
f 9512 9561 9562
f 9512 9562 9563
f 9563 9562 9564
f 9563 9564 9516
f 9516 9564 9565
f 9516 9565 9517
f 9564 9566 9565
f 9565 9566 9567
f 9565 9567 9517
f 9517 9567 9568
f 9517 9568 9470
f 9470 9568 9569
f 9470 9569 9488
f 9488 9569 9570
f 9488 9570 9487
f 9487 9570 9571
f 9487 9571 9485
f 9485 9571 9572
f 9485 9572 9573
f 9573 9572 9574
f 9573 9574 9179
f 9554 9575 9556
f 9556 9575 9576
f 9556 9576 9558
f 9558 9576 9577
f 9558 9577 9559
f 9559 9577 9578
f 9559 9578 9560
f 9560 9578 9579
f 9560 9579 9454
f 9454 9579 9580
f 9454 9580 9456
f 9456 9580 9581
f 9528 9582 9529
f 9529 9582 9583
f 9529 9583 9530
f 9530 9583 9584
f 9530 9584 9473
f 9473 9584 9585
f 9473 9585 9475
f 9475 9585 9586
f 9475 9586 9477
f 9477 9586 9587
f 9477 9587 9479
f 9479 9587 9588
f 9168 9589 9590
f 9590 9589 9591
f 9590 9591 9519
f 9519 9591 9592
f 9593 9550 9594
f 9594 9550 9548
f 9594 9548 9595
f 9595 9548 9547
f 9595 9547 9596
f 9596 9547 9504
f 9596 9504 9597
f 9597 9504 9522
f 9597 9522 9592
f 9592 9522 9520
f 9592 9520 9519
f 9465 9598 9466
f 9466 9598 9599
f 9466 9599 9467
f 9467 9599 9600
f 9601 9602 9600
f 9600 9602 9603
f 9600 9603 9467
f 9604 9460 9601
f 9601 9460 9605
f 9601 9605 9602
f 9606 9540 9607
f 9607 9540 9539
f 9607 9539 9608
f 9608 9539 9538
f 9608 9538 9604
f 9604 9538 9461
f 9604 9461 9460
f 9609 9214 9610
f 9610 9214 9220
f 9610 9220 9611
f 9611 9220 9219
f 9611 9219 9612
f 9612 9219 9217
f 9612 9217 9613
f 9613 9217 9216
f 9613 9216 9614
f 9614 9216 9232
f 9614 9232 9615
f 9615 9232 9231
f 9616 9230 9617
f 9617 9230 9229
f 9617 9229 9618
f 9618 9229 9227
f 9618 9227 9619
f 9619 9227 9241
f 9619 9241 9620
f 9620 9241 9240
f 9620 9240 9621
f 9621 9240 9213
f 9621 9213 9622
f 9622 9213 9212
f 9623 9243 9624
f 9624 9243 9242
f 9624 9242 9625
f 9625 9242 9255
f 9625 9255 9626
f 9626 9255 9253
f 9626 9253 9627
f 9627 9253 9254
f 9627 9254 9628
f 9628 9254 9248
f 9628 9248 9629
f 9629 9248 9262
f 9630 9251 9631
f 9631 9251 9250
f 9631 9250 9632
f 9632 9250 9247
f 9632 9247 9633
f 9633 9247 9266
f 9633 9266 9634
f 9634 9266 9267
f 9634 9267 9635
f 9635 9267 9268
f 9635 9268 9636
f 9636 9268 9259
f 9637 9286 9638
f 9638 9286 9285
f 9638 9285 9639
f 9639 9285 9284
f 9639 9284 9640
f 9640 9284 9273
f 9640 9273 9641
f 9641 9273 9272
f 9641 9272 9642
f 9642 9272 9294
f 9642 9294 9643
f 9643 9294 9293
f 9644 9270 9645
f 9645 9270 9269
f 9645 9269 9646
f 9646 9269 9271
f 9646 9271 9647
f 9647 9271 9274
f 9647 9274 9648
f 9648 9274 9275
f 9648 9275 9649
f 9649 9275 9276
f 9649 9276 9650
f 9650 9276 9277
f 9651 9316 9652
f 9652 9316 9315
f 9652 9315 9653
f 9653 9315 9300
f 9653 9300 9654
f 9654 9300 9310
f 9654 9310 9655
f 9655 9310 9311
f 9655 9311 9656
f 9656 9311 9313
f 9656 9313 9657
f 9657 9313 9314
f 9658 9296 9659
f 9659 9296 9303
f 9659 9303 9660
f 9660 9303 9302
f 9660 9302 9661
f 9661 9302 9301
f 9661 9301 9662
f 9662 9301 9299
f 9662 9299 9663
f 9663 9299 9298
f 9663 9298 9664
f 9664 9298 9308
f 9665 9342 9666
f 9666 9342 9341
f 9666 9341 9667
f 9667 9341 9340
f 9667 9340 9668
f 9668 9340 9339
f 9668 9339 9669
f 9669 9339 9331
f 9669 9331 9670
f 9670 9331 9352
f 9670 9352 9671
f 9671 9352 9351
f 9672 9324 9673
f 9673 9324 9323
f 9673 9323 9674
f 9674 9323 9337
f 9674 9337 9675
f 9675 9337 9345
f 9675 9345 9676
f 9676 9345 9344
f 9676 9344 9677
f 9677 9344 9343
f 9677 9343 9678
f 9678 9343 9335
f 9679 9381 9680
f 9680 9381 9380
f 9680 9380 9681
f 9681 9380 9375
f 9681 9375 9682
f 9682 9375 9374
f 9682 9374 9683
f 9683 9374 9373
f 9683 9373 9684
f 9684 9373 9371
f 9684 9371 9685
f 9685 9371 9370
f 9686 9355 9687
f 9687 9355 9379
f 9687 9379 9688
f 9688 9379 9367
f 9688 9367 9689
f 9689 9367 9366
f 9689 9366 9690
f 9690 9366 9364
f 9690 9364 9691
f 9691 9364 9363
f 9691 9363 9692
f 9692 9363 9362
f 9693 9409 9410
f 9693 9410 9694
f 9694 9410 9411
f 9694 9411 9695
f 9695 9411 9412
f 9695 9412 9696
f 9696 9412 9413
f 9696 9413 9697
f 9697 9413 9414
f 9697 9414 9698
f 9698 9414 9415
f 9698 9415 9699
f 9699 9415 9416
f 9699 9416 9700
f 9700 9416 9417
f 9700 9417 9701
f 9701 9417 9418
f 9701 9418 9702
f 9702 9418 9419
f 9702 9419 9703
f 9703 9419 9420
f 9703 9420 9704
f 9704 9420 9421
f 9704 9421 9705
f 9705 9421 9422
f 9705 9422 9706
f 9706 9422 9423
f 9706 9423 9707
f 9707 9423 9424
f 9707 9424 9708
f 9708 9424 9425
f 9708 9425 9709
f 9709 9425 9426
f 9709 9426 9710
f 9451 9711 9436
f 9436 9711 9712
f 9436 9712 9434
f 9434 9712 9713
f 9434 9713 9438
f 9447 9714 9449
f 9449 9714 9715
f 9449 9715 9451
f 9451 9715 9716
f 9451 9716 9711
f 9438 9713 9441
f 9441 9713 9717
f 9441 9717 9718
f 9718 9717 9719
f 9718 9719 9720
f 9720 9719 9721
f 9720 9721 9722
f 9722 9721 9723
f 9722 9723 9724
f 9724 9723 9725
f 9724 9725 9726
f 9726 9725 9727
f 9726 9727 9445
f 9445 9727 9728
f 9445 9728 9447
f 9447 9728 9729
f 9447 9729 9714
f 9730 9563 9731
f 9731 9563 9516
f 9731 9516 9732
f 9732 9516 9515
f 9732 9515 9733
f 9733 9515 9514
f 9733 9514 9734
f 9734 9514 9482
f 9734 9482 9735
f 9735 9482 9484
f 9735 9484 9736
f 9736 9484 9499
f 9736 9499 9737
f 9737 9499 9497
f 9737 9497 9738
f 9738 9497 9490
f 9738 9490 9739
f 9739 9490 9489
f 9739 9489 9740
f 9740 9489 9541
f 9740 9541 9741
f 9741 9541 9543
f 9741 9543 9742
f 9742 9543 9526
f 9742 9526 9743
f 9743 9526 9525
f 9743 9525 9744
f 9744 9525 9503
f 9744 9503 9745
f 9745 9503 9502
f 9745 9502 9746
f 9746 9502 9549
f 9747 9748 9749
f 9749 9574 9747
f 9747 9574 9572
f 9747 9572 9750
f 9750 9572 9571
f 9750 9571 9751
f 9751 9571 9570
f 9751 9570 9752
f 9752 9570 9569
f 9752 9569 9753
f 9753 9569 9568
f 9753 9568 9754
f 9754 9568 9567
f 9754 9567 9755
f 9755 9567 9566
f 9755 9566 9756
f 9756 9566 9757
f 9756 9757 9758
f 9758 9757 9759
f 9758 9759 9760
f 9760 9759 9761
f 9760 9761 9762
f 9762 9761 9763
f 9762 9763 9748
f 9748 9763 9764
f 9748 9764 9749
f 9765 9581 9766
f 9765 9766 9767
f 9767 9766 9768
f 9767 9768 9769
f 9769 9768 9770
f 9769 9770 9771
f 9771 9770 9772
f 9771 9772 9773
f 9773 9772 9774
f 9773 9774 9775
f 9775 9774 9776
f 9775 9776 9575
f 9575 9776 9777
f 9575 9777 9576
f 9576 9777 9778
f 9576 9778 9577
f 9577 9778 9779
f 9577 9779 9578
f 9578 9779 9780
f 9578 9780 9579
f 9579 9780 9781
f 9579 9781 9580
f 9580 9781 9782
f 9580 9782 9581
f 9581 9782 9783
f 9581 9783 9766
f 9582 9784 9785
f 9785 9784 9786
f 9785 9786 9787
f 9787 9786 9788
f 9787 9788 9789
f 9789 9788 9790
f 9789 9790 9791
f 9791 9790 9792
f 9791 9792 9793
f 9793 9792 9794
f 9793 9794 9795
f 9795 9794 9588
f 9795 9588 9796
f 9796 9588 9587
f 9796 9587 9797
f 9797 9587 9586
f 9797 9586 9798
f 9798 9586 9585
f 9798 9585 9799
f 9799 9585 9584
f 9799 9584 9800
f 9800 9584 9583
f 9800 9583 9801
f 9801 9583 9582
f 9801 9582 9785
f 9802 9803 9591
f 9591 9589 9802
f 9802 9589 9804
f 9802 9804 9805
f 9805 9804 9806
f 9805 9806 9807
f 9807 9806 9808
f 9807 9808 9809
f 9809 9808 9810
f 9809 9810 9811
f 9811 9810 9812
f 9811 9812 9813
f 9813 9812 9814
f 9813 9814 9815
f 9815 9814 9593
f 9815 9593 9816
f 9816 9593 9594
f 9816 9594 9817
f 9817 9594 9595
f 9817 9595 9818
f 9818 9595 9596
f 9818 9596 9819
f 9819 9596 9597
f 9819 9597 9803
f 9803 9597 9592
f 9803 9592 9591
f 9820 9611 9612
f 9610 9611 9820
f 9609 9610 9820
f 9820 9614 9615
f 9613 9614 9820
f 9612 9613 9820
f 9821 9616 9622
f 9622 9616 9617
f 9620 9621 9619
f 9619 9621 9622
f 9619 9622 9618
f 9618 9622 9617
f 9822 9823 9824
f 9824 9823 9616
f 9824 9616 9825
f 9825 9616 9821
f 9626 9627 9628
f 9628 9629 9826
f 9827 9828 9829
f 9829 9828 9628
f 9829 9628 9830
f 9830 9628 9826
f 9625 9626 9624
f 9624 9626 9628
f 9624 9628 9623
f 9623 9628 9828
f 9831 9632 9633
f 9631 9632 9831
f 9630 9631 9831
f 9831 9635 9636
f 9634 9635 9831
f 9633 9634 9831
f 9832 9639 9640
f 9638 9639 9832
f 9637 9638 9832
f 9832 9642 9643
f 9641 9642 9832
f 9640 9641 9832
f 9650 9833 9834
f 9650 9644 9645
f 9648 9649 9647
f 9647 9649 9650
f 9647 9650 9646
f 9646 9650 9645
f 9835 9644 9836
f 9836 9644 9650
f 9836 9650 9837
f 9837 9650 9834
f 9838 9653 9654
f 9652 9653 9838
f 9651 9652 9838
f 9838 9656 9657
f 9655 9656 9838
f 9654 9655 9838
f 9839 9658 9664
f 9664 9658 9659
f 9840 9841 9842
f 9842 9841 9658
f 9842 9658 9843
f 9843 9658 9839
f 9662 9663 9661
f 9661 9663 9664
f 9661 9664 9660
f 9660 9664 9659
f 9844 9667 9668
f 9666 9667 9844
f 9665 9666 9844
f 9844 9670 9671
f 9669 9670 9844
f 9668 9669 9844
f 9673 9678 9672
f 9672 9678 9845
f 9676 9677 9675
f 9675 9677 9678
f 9675 9678 9674
f 9674 9678 9673
f 9846 9847 9848
f 9848 9847 9672
f 9848 9672 9849
f 9849 9672 9845
f 9850 9681 9682
f 9680 9681 9850
f 9679 9680 9850
f 9850 9684 9685
f 9683 9684 9850
f 9682 9683 9850
f 9851 9852 9686
f 9691 9692 9690
f 9690 9692 9686
f 9686 9687 9690
f 9690 9687 9688
f 9690 9688 9689
f 9853 9851 9854
f 9854 9851 9686
f 9854 9686 9855
f 9855 9686 9692
f 9706 9856 9705
f 9705 9856 9857
f 9705 9857 9704
f 9704 9857 9858
f 9704 9858 9703
f 9703 9858 9859
f 9703 9859 9702
f 9702 9859 9860
f 9702 9860 9701
f 9701 9860 9861
f 9701 9861 9700
f 9700 9861 9862
f 9700 9862 9699
f 9699 9862 9863
f 9699 9863 9698
f 9698 9863 9864
f 9698 9864 9697
f 9697 9864 9865
f 9697 9865 9696
f 9696 9865 9866
f 9696 9866 9695
f 9695 9866 9867
f 9695 9867 9694
f 9694 9867 9868
f 9694 9868 9693
f 9693 9868 9869
f 9693 9869 9870
f 9870 9869 9871
f 9870 9871 9872
f 9872 9871 9873
f 9872 9873 9874
f 9874 9873 9875
f 9874 9875 9876
f 9875 9877 9876
f 9876 9877 9878
f 9876 9878 9879
f 9879 9878 9880
f 9879 9880 9881
f 9881 9880 9882
f 9881 9882 9883
f 9883 9882 9884
f 9883 9884 9885
f 9885 9884 9886
f 9885 9886 9887
f 9887 9886 9888
f 9887 9888 9889
f 9889 9888 9890
f 9889 9890 9891
f 9891 9890 9892
f 9891 9892 9893
f 9893 9892 9894
f 9893 9894 9895
f 9895 9894 9896
f 9895 9896 9897
f 9897 9896 9898
f 9897 9898 9899
f 9899 9898 9900
f 9899 9900 9901
f 9901 9900 9902
f 9901 9902 9710
f 9710 9902 9903
f 9710 9903 9709
f 9709 9903 9904
f 9709 9904 9708
f 9708 9904 9905
f 9708 9905 9707
f 9707 9905 9906
f 9707 9906 9706
f 9706 9906 9907
f 9706 9907 9856
f 9908 9909 9910
f 9908 9910 9911
f 9911 9910 9912
f 9911 9912 9913
f 9913 9912 9914
f 9913 9914 9915
f 9916 9917 9918
f 9916 9918 9711
f 9918 9919 9920
f 9711 9918 9712
f 9712 9918 9920
f 9712 9920 9713
f 9921 9922 9923
f 9923 9922 9924
f 9923 9924 9925
f 9926 9927 9921
f 9921 9927 9928
f 9921 9928 9922
f 9926 9929 9717
f 9919 9927 9920
f 9920 9927 9926
f 9920 9926 9713
f 9713 9926 9717
f 9930 9719 9929
f 9929 9719 9717
f 9930 9931 9719
f 9719 9931 9721
f 9931 9932 9721
f 9721 9932 9933
f 9721 9933 9723
f 9933 9934 9723
f 9723 9934 9935
f 9723 9935 9725
f 9935 9936 9725
f 9725 9936 9937
f 9725 9937 9727
f 9938 9728 9939
f 9939 9728 9727
f 9939 9727 9940
f 9940 9727 9937
f 9941 9715 9942
f 9942 9715 9714
f 9943 9944 9945
f 9945 9944 9946
f 9945 9946 9947
f 9947 9946 9948
f 9947 9948 9949
f 9949 9948 9950
f 9949 9950 9951
f 9951 9950 9952
f 9951 9952 9953
f 9953 9952 9954
f 9953 9954 9955
f 9955 9954 9956
f 9955 9956 9957
f 9957 9956 9958
f 9957 9958 9959
f 9959 9958 9960
f 9959 9960 9961
f 9961 9960 9730
f 9961 9730 9962
f 9962 9730 9731
f 9962 9731 9963
f 9963 9731 9732
f 9963 9732 9964
f 9964 9732 9733
f 9964 9733 9965
f 9965 9733 9734
f 9965 9734 9966
f 9966 9734 9735
f 9966 9735 9967
f 9735 9736 9967
f 9967 9736 9737
f 9967 9737 9968
f 9968 9737 9738
f 9968 9738 9969
f 9969 9738 9739
f 9969 9739 9970
f 9970 9739 9740
f 9970 9740 9971
f 9971 9740 9741
f 9971 9741 9972
f 9972 9741 9742
f 9972 9742 9973
f 9973 9742 9743
f 9973 9743 9974
f 9974 9743 9744
f 9974 9744 9975
f 9975 9744 9745
f 9975 9745 9976
f 9976 9745 9746
f 9976 9746 9977
f 9977 9746 9978
f 9977 9978 9979
f 9979 9978 9980
f 9979 9980 9981
f 9981 9980 9982
f 9981 9982 9983
f 9983 9982 9984
f 9983 9984 9985
f 9985 9984 9986
f 9985 9986 9943
f 9943 9986 9987
f 9943 9987 9944
f 9988 9989 9990
f 9990 9989 9991
f 9747 9750 9992
f 9992 9750 9993
f 9992 9993 9994
f 9995 9996 9997
f 9997 9996 9998
f 9997 9998 9999
f 10000 10001 10002
f 10000 10002 9748
f 9762 9748 10003
f 10003 9748 10002
f 10003 10002 9995
f 9995 10002 10004
f 9995 10004 9996
f 10005 9760 10003
f 10003 9760 9762
f 9760 10005 10006
f 9760 10006 9758
f 10006 10007 9758
f 9758 10007 10008
f 9758 10008 9756
f 10009 9755 10010
f 10010 9755 9756
f 10010 9756 10011
f 10011 9756 10008
f 10012 9751 10013
f 10013 9751 9752
f 10014 10015 10016
f 9783 10017 9766
f 9766 10017 10016
f 9766 10016 10018
f 10018 10016 10015
f 10018 10015 10019
f 10016 10020 10014
f 10014 10020 10021
f 10014 10021 10022
f 10022 10021 10023
f 10022 10023 10024
f 10018 10019 10025
f 10018 10025 9766
f 10025 10026 10027
f 9766 10025 9768
f 9768 10025 10027
f 9768 10027 9770
f 10027 10026 10028
f 10029 10030 10028
f 10028 10030 10031
f 10027 10028 9770
f 9770 10028 10031
f 9770 10031 9772
f 9772 10031 10032
f 9772 10032 9774
f 10033 9776 10032
f 10032 9776 9774
f 10034 9777 10035
f 10035 9777 9776
f 10035 9776 10033
f 10017 9783 10036
f 10036 9783 9782
f 10037 10038 10039
f 9791 10040 9789
f 9789 10040 10039
f 9789 10039 10041
f 10041 10039 10038
f 10041 10038 10042
f 10039 10043 10037
f 10037 10043 10044
f 10037 10044 10045
f 10045 10044 10046
f 10045 10046 10047
f 10041 10042 10048
f 10041 10048 9789
f 10048 10049 10050
f 9789 10048 9787
f 9787 10048 10050
f 9787 10050 9785
f 10051 10052 10053
f 10053 10052 10054
f 10053 10054 10055
f 10056 10057 10051
f 10051 10057 10058
f 10051 10058 10052
f 10056 10059 9801
f 10049 10057 10050
f 10050 10057 10056
f 10050 10056 9785
f 9785 10056 9801
f 10060 9800 10059
f 10059 9800 9801
f 10060 10061 9800
f 9800 10061 9799
f 10061 10062 9799
f 9799 10062 10063
f 9799 10063 9798
f 10063 10064 9798
f 9798 10064 10065
f 9798 10065 9797
f 10065 10066 9797
f 9797 10066 10067
f 9797 10067 9796
f 10067 10068 9796
f 9796 10068 10069
f 9796 10069 9795
f 10070 9793 10071
f 10071 9793 9795
f 10071 9795 10072
f 10072 9795 10069
f 10040 9791 10070
f 10070 9791 9793
f 10073 10074 10075
f 9807 10076 9805
f 9805 10076 10075
f 9805 10075 10077
f 10077 10075 10074
f 10077 10074 10078
f 10075 10079 10073
f 10073 10079 10080
f 10073 10080 10081
f 10081 10080 10082
f 10081 10082 10083
f 10077 10078 10084
f 10077 10084 9805
f 10084 10085 10086
f 9805 10084 9802
f 9802 10084 10086
f 9802 10086 9803
f 10087 10088 10089
f 10089 10088 10090
f 10089 10090 10091
f 10092 10093 10087
f 10087 10093 10094
f 10087 10094 10088
f 10092 10095 9819
f 10085 10093 10086
f 10086 10093 10092
f 10086 10092 9803
f 9803 10092 9819
f 10096 9818 10095
f 10095 9818 9819
f 10096 10097 9818
f 9818 10097 9817
f 10097 10098 9817
f 9817 10098 10099
f 9817 10099 9816
f 10099 10100 9816
f 9816 10100 10101
f 9816 10101 9815
f 10101 10102 9815
f 9815 10102 10103
f 9815 10103 9813
f 10103 10104 9813
f 9813 10104 10105
f 9813 10105 9811
f 10106 9809 10107
f 10107 9809 9811
f 10107 9811 10108
f 10108 9811 10105
f 10076 9807 10106
f 10106 9807 9809
f 10109 10110 10111
f 10109 10111 10112
f 10111 10113 10112
f 10112 10113 10114
f 10112 10114 10115
f 10114 10116 10115
f 10115 10116 10117
f 10115 10117 10118
f 10117 10119 10118
f 10118 10119 10120
f 10118 10120 10121
f 10120 10122 10121
f 10121 10122 10123
f 10121 10123 10124
f 10125 10126 10127
f 10127 10126 10124
f 10127 10124 10128
f 10128 10124 10123
f 10129 10130 10125
f 10125 10130 10126
f 10131 10132 10133
f 10131 10133 10134
f 10134 10133 10135
f 10134 10135 10136
f 10136 10135 10137
f 10136 10137 10138
f 10138 10137 10130
f 10138 10130 10129
f 10139 10140 10141
f 10141 10140 10142
f 9604 10143 9608
f 9608 10143 10144
f 9608 10144 9607
f 9607 10144 10109
f 9607 10109 9606
f 9606 10109 10112
f 9606 10112 10145
f 10145 10112 10115
f 10145 10115 10146
f 10146 10115 10118
f 10146 10118 10147
f 10147 10118 10121
f 10147 10121 10148
f 10148 10121 10124
f 10148 10124 10149
f 10149 10124 10126
f 10149 10126 9598
f 9598 10126 10130
f 10142 10133 10150
f 10150 10133 10132
f 10130 10137 9598
f 9598 10137 10135
f 9598 10135 9599
f 9599 10135 10133
f 9599 10133 9600
f 9600 10133 10142
f 9600 10142 9601
f 9601 10142 10140
f 9601 10140 9604
f 9604 10140 10151
f 9604 10151 10143
f 10152 10144 10143
f 10152 10143 10153
f 10153 10143 10151
f 10153 10151 10154
f 10154 10151 10140
f 10154 10140 10155
f 10155 10140 10139
f 10155 10139 10156
f 10110 10109 10152
f 10152 10109 10144
f 9903 10157 10158
f 9903 10158 9904
f 9904 10158 10159
f 9904 10159 9905
f 9905 10159 10160
f 9905 10160 9906
f 9906 10160 10161
f 9906 10161 9907
f 9907 10161 10162
f 9907 10162 9856
f 9856 10162 10163
f 9856 10163 9857
f 9857 10163 10164
f 9857 10164 9858
f 9858 10164 10165
f 9858 10165 9859
f 9859 10165 10166
f 9859 10166 9860
f 9860 10166 10167
f 9860 10167 9861
f 9861 10167 10168
f 9861 10168 9862
f 9862 10168 10169
f 9862 10169 9863
f 9863 10169 10170
f 9863 10170 9864
f 9864 10170 10171
f 9864 10171 9865
f 9865 10171 10172
f 9865 10172 9866
f 9866 10172 10173
f 9866 10173 9867
f 9867 10173 10174
f 9867 10174 9868
f 9868 10174 10175
f 9868 10175 9869
f 10176 9908 9911
f 10176 9911 10177
f 10177 9911 9913
f 10177 9913 10178
f 10178 9913 9915
f 10178 9915 10179
f 9928 10180 9922
f 9922 10180 10181
f 9922 10181 9924
f 9914 9912 10180
f 10180 9912 9910
f 10180 9910 10182
f 10182 9910 9909
f 10183 9914 10184
f 10184 9914 10180
f 10184 10180 9927
f 9927 10180 9928
f 9917 10183 9918
f 9918 10183 10184
f 9918 10184 9919
f 9919 10184 9927
f 10185 9929 9926
f 10185 9926 10186
f 10186 9926 9921
f 10186 9921 10187
f 10187 9921 9923
f 10187 9923 10188
f 10188 9923 9925
f 10188 9925 10189
f 9929 10185 9930
f 9930 10185 10190
f 9930 10190 9931
f 9931 10190 10191
f 9931 10191 9932
f 9932 10191 10192
f 9932 10192 9933
f 9933 10192 10193
f 9933 10193 9934
f 9934 10193 10194
f 9934 10194 9935
f 9935 10194 10195
f 9935 10195 9936
f 9936 10195 10196
f 9936 10196 9937
f 9937 10196 10197
f 9937 10197 9940
f 9940 10197 10198
f 9940 10198 9939
f 9939 10198 10199
f 9939 10199 9938
f 9938 10199 10200
f 9942 10201 9941
f 9941 10201 10202
f 10203 9961 10204
f 10204 9961 9962
f 10204 9962 10205
f 10205 9962 9963
f 10205 9963 10206
f 10206 9963 9964
f 10206 9964 10207
f 10207 9964 9965
f 10207 9965 10208
f 10208 9965 9966
f 10208 9966 10209
f 10209 9966 9967
f 10209 9967 10210
f 10210 9967 9968
f 10210 9968 10211
f 10211 9968 9969
f 10211 9969 10212
f 10212 9969 9970
f 10212 9970 10213
f 10213 9970 9971
f 10213 9971 10214
f 10214 9971 9972
f 10214 9972 10215
f 10215 9972 9973
f 10215 9973 10216
f 10216 9973 9974
f 10216 9974 10217
f 10217 9974 9975
f 10217 9975 10218
f 10218 9975 9976
f 9990 9991 10219
f 10219 9991 10220
f 10221 10222 9998
f 10221 9998 10223
f 10223 9998 9996
f 10223 9996 10004
f 9988 10224 9989
f 9989 10224 10223
f 9989 10223 10225
f 10225 10223 10226
f 10227 10226 10228
f 10228 10226 10223
f 10228 10223 10002
f 10002 10223 10004
f 9994 10227 9992
f 9992 10227 10228
f 9992 10228 10001
f 10001 10228 10002
f 10229 10003 9995
f 10229 9995 10230
f 10230 9995 9997
f 10230 9997 10231
f 10231 9997 9999
f 10231 9999 10232
f 10003 10229 10005
f 10005 10229 10233
f 10005 10233 10006
f 10006 10233 10234
f 10006 10234 10007
f 10007 10234 10235
f 10007 10235 10008
f 10008 10235 10236
f 10008 10236 10011
f 10011 10236 10237
f 10011 10237 10010
f 10010 10237 10238
f 10010 10238 10009
f 10009 10238 10239
f 10013 10240 10012
f 10012 10240 10241
f 10242 10023 10021
f 10242 10021 10243
f 10243 10021 10020
f 10243 10020 10244
f 10244 10020 10016
f 10244 10016 10245
f 10245 10016 10017
f 10245 10017 10246
f 10247 10248 10249
f 10249 10248 10250
f 10249 10250 10251
f 10247 10029 10248
f 10248 10029 10028
f 10248 10028 10252
f 10024 10253 10022
f 10022 10253 10248
f 10022 10248 10014
f 10014 10248 10252
f 10014 10252 10015
f 10019 10015 10025
f 10025 10015 10252
f 10025 10252 10026
f 10026 10252 10028
f 10254 10032 10031
f 10254 10031 10255
f 10255 10031 10030
f 10255 10030 10256
f 10032 10254 10033
f 10033 10254 10257
f 10033 10257 10035
f 10035 10257 10258
f 10035 10258 10034
f 10034 10258 10259
f 10036 10260 10017
f 10017 10260 10246
f 10261 10046 10044
f 10261 10044 10262
f 10262 10044 10043
f 10262 10043 10263
f 10263 10043 10039
f 10263 10039 10264
f 10264 10039 10040
f 10264 10040 10265
f 10054 10052 10266
f 10266 10052 10267
f 10052 10058 10267
f 10267 10058 10057
f 10267 10057 10268
f 10047 10269 10045
f 10045 10269 10267
f 10045 10267 10037
f 10037 10267 10268
f 10037 10268 10038
f 10042 10038 10048
f 10048 10038 10268
f 10048 10268 10049
f 10049 10268 10057
f 10270 10059 10271
f 10271 10059 10056
f 10271 10056 10272
f 10272 10056 10051
f 10272 10051 10273
f 10273 10051 10053
f 10273 10053 10274
f 10274 10053 10055
f 10274 10055 10275
f 10059 10270 10060
f 10060 10270 10276
f 10060 10276 10061
f 10061 10276 10277
f 10061 10277 10062
f 10062 10277 10278
f 10062 10278 10063
f 10063 10278 10279
f 10063 10279 10064
f 10064 10279 10280
f 10064 10280 10065
f 10065 10280 10281
f 10065 10281 10066
f 10066 10281 10282
f 10066 10282 10067
f 10067 10282 10283
f 10067 10283 10068
f 10068 10283 10284
f 10068 10284 10069
f 10069 10284 10285
f 10069 10285 10072
f 10072 10285 10286
f 10072 10286 10071
f 10071 10286 10287
f 10071 10287 10070
f 10070 10287 10288
f 10070 10288 10040
f 10040 10288 10265
f 10289 10082 10080
f 10289 10080 10290
f 10290 10080 10079
f 10290 10079 10291
f 10291 10079 10075
f 10291 10075 10292
f 10292 10075 10076
f 10292 10076 10293
f 10090 10088 10294
f 10294 10088 10295
f 10088 10094 10295
f 10295 10094 10093
f 10295 10093 10296
f 10083 10297 10081
f 10081 10297 10295
f 10081 10295 10073
f 10073 10295 10296
f 10073 10296 10074
f 10078 10074 10084
f 10084 10074 10296
f 10298 10095 10092
f 10298 10092 10299
f 10299 10092 10087
f 10299 10087 10300
f 10300 10087 10089
f 10300 10089 10301
f 10301 10089 10091
f 10301 10091 10302
f 10095 10298 10096
f 10096 10298 10303
f 10096 10303 10097
f 10097 10303 10304
f 10097 10304 10098
f 10098 10304 10305
f 10098 10305 10099
f 10099 10305 10306
f 10099 10306 10100
f 10100 10306 10307
f 10100 10307 10101
f 10101 10307 10308
f 10101 10308 10102
f 10102 10308 10309
f 10102 10309 10103
f 10103 10309 10310
f 10103 10310 10104
f 10104 10310 10311
f 10104 10311 10105
f 10105 10311 10312
f 10105 10312 10108
f 10108 10312 10313
f 10108 10313 10107
f 10107 10313 10314
f 10107 10314 10106
f 10106 10314 10315
f 10106 10315 10076
f 10076 10315 10293
f 10110 10316 10111
f 10111 10316 10317
f 10111 10317 10113
f 10113 10317 10318
f 10113 10318 10114
f 10114 10318 10319
f 10114 10319 10116
f 10116 10319 10320
f 10116 10320 10117
f 10117 10320 10321
f 10117 10321 10119
f 10119 10321 10322
f 10119 10322 10120
f 10120 10322 10323
f 10120 10323 10122
f 10122 10323 10324
f 10122 10324 10123
f 10123 10324 10325
f 10123 10325 10128
f 10128 10325 10326
f 10128 10326 10127
f 10127 10326 10327
f 10127 10327 10125
f 10125 10327 10328
f 10125 10328 10129
f 10129 10328 10329
f 10330 10131 10134
f 10330 10134 10331
f 10331 10134 10136
f 10331 10136 10332
f 10332 10136 10138
f 10332 10138 10333
f 10333 10138 10129
f 10333 10129 10329
f 10221 10223 10334
f 10334 10223 10335
f 10221 10334 10222
f 10222 10334 10336
f 10222 10336 10337
f 10253 10024 10338
f 10338 10339 10253
f 10253 10339 10340
f 10253 10340 10248
f 10248 10340 10341
f 10248 10341 10250
f 10250 10341 10251
f 10251 10341 10342
f 10251 10342 10343
f 10269 10047 10344
f 10344 10345 10269
f 10269 10345 10346
f 10269 10346 10267
f 10267 10346 10347
f 10267 10347 10266
f 10266 10347 10054
f 10054 10347 10348
f 10054 10348 10055
f 10297 10083 10349
f 10349 10350 10297
f 10297 10350 10351
f 10297 10351 10295
f 10055 10348 10352
f 10352 10348 10353
f 10352 10353 10354
f 10354 10353 10349
f 10354 10349 10355
f 10355 10349 10083
f 10355 10083 10082
f 10343 10342 10356
f 10356 10342 10357
f 10356 10357 10358
f 10358 10357 10344
f 10358 10344 10359
f 10359 10344 10047
f 10359 10047 10046
f 10337 10336 10360
f 10360 10336 10361
f 10360 10361 10362
f 10362 10361 10338
f 10362 10338 10363
f 10363 10338 10024
f 10363 10024 10023
f 10364 10152 10153
f 10364 10153 10365
f 10365 10153 10154
f 10365 10154 10366
f 10366 10154 10155
f 10366 10155 10367
f 10367 10155 10156
f 10367 10156 10368
f 10152 10364 10110
f 10110 10364 10316
f 10369 10370 10371
f 10371 10370 10372
f 10371 10372 10373
f 10373 10372 10374
f 10373 10374 10375
f 10375 10374 10376
f 10375 10376 10377
f 10377 10376 10378
f 10377 10378 10379
f 10379 10378 10380
f 10379 10380 10381
f 10381 10380 10382
f 10381 10382 10383
f 10383 10382 10384
f 10383 10384 10385
f 10385 10384 10386
f 10385 10386 10387
f 10387 10386 10388
f 10387 10388 10389
f 10389 10388 10390
f 10389 10390 10391
f 10391 10390 10392
f 10391 10392 10393
f 10393 10392 10394
f 10393 10394 10395
f 10395 10394 10175
f 10395 10175 10396
f 10396 10175 10174
f 10396 10174 10397
f 10397 10174 10173
f 10397 10173 10398
f 10398 10173 10172
f 10398 10172 10399
f 10172 10171 10399
f 10399 10171 10170
f 10399 10170 10400
f 10400 10170 10169
f 10400 10169 10401
f 10401 10169 10168
f 10401 10168 10402
f 10402 10168 10167
f 10402 10167 10403
f 10403 10167 10166
f 10403 10166 10404
f 10404 10166 10165
f 10404 10165 10405
f 10405 10165 10164
f 10405 10164 10406
f 10406 10164 10163
f 10406 10163 10407
f 10407 10163 10162
f 10407 10162 10408
f 10408 10162 10161
f 10408 10161 10409
f 10409 10161 10160
f 10409 10160 10410
f 10410 10160 10159
f 10410 10159 10411
f 10411 10159 10158
f 10411 10158 10412
f 10412 10158 10157
f 10412 10157 10413
f 10413 10157 10414
f 10413 10414 10415
f 10415 10414 10416
f 10415 10416 10417
f 10417 10416 10418
f 10417 10418 10369
f 10369 10418 10419
f 10369 10419 10370
f 10420 10368 10156
f 10420 10156 10421
f 10156 10422 10421
f 10421 10422 10423
f 10421 10423 10424
f 10424 10423 10425
f 10424 10425 10426
f 10426 10425 10427
f 10427 10425 9908
f 10427 9908 10176
f 10428 10429 10430
f 10431 10432 10433
f 10241 10240 10219
f 10434 10435 10436
f 10437 10438 10439
f 10440 10441 10254
f 10320 10319 10442
f 10368 10420 10364
f 10200 10199 10443
f 10191 10190 10444
f 10444 10190 10185
f 10444 10185 10445
f 10432 10446 10447
f 10447 10446 10448
f 10448 10446 10449
f 10448 10449 10450
f 10451 10433 10452
f 10452 10433 10432
f 10452 10432 10453
f 10453 10432 10447
f 10197 10196 10450
f 10451 10454 10433
f 10433 10454 10455
f 10433 10455 10444
f 10444 10455 10456
f 10456 10457 10444
f 10444 10457 10458
f 10444 10458 10191
f 10191 10458 10459
f 10191 10459 10192
f 10192 10459 10460
f 10192 10460 10193
f 10193 10460 10448
f 10193 10448 10194
f 10194 10448 10450
f 10194 10450 10195
f 10195 10450 10196
f 10443 10199 10461
f 10461 10199 10198
f 10461 10198 10197
f 10200 10443 10462
f 10462 10443 10427
f 10462 10427 10201
f 10201 10427 10202
f 10202 10427 10176
f 10202 10176 10463
f 10177 10178 10176
f 10176 10178 10179
f 10176 10179 10463
f 10421 10464 10420
f 10420 10464 10465
f 10420 10465 10442
f 10442 10465 10466
f 10442 10466 10467
f 10468 10469 10443
f 10443 10469 10470
f 10443 10470 10427
f 10427 10470 10471
f 10427 10471 10426
f 10471 10472 10426
f 10426 10472 10473
f 10426 10473 10424
f 10424 10473 10474
f 10424 10474 10421
f 10421 10474 10475
f 10421 10475 10464
f 10319 10318 10442
f 10442 10318 10317
f 10442 10317 10420
f 10420 10317 10316
f 10420 10316 10364
f 10365 10366 10364
f 10364 10366 10367
f 10364 10367 10368
f 10476 10321 10320
f 10326 10325 10477
f 10325 10324 10477
f 10477 10324 10323
f 10477 10323 10478
f 10479 10327 10480
f 10480 10327 10326
f 10330 10329 10479
f 10479 10329 10328
f 10479 10328 10327
f 10332 10333 10331
f 10331 10333 10329
f 10331 10329 10330
f 10481 10480 10482
f 10482 10480 10483
f 10481 10484 10480
f 10480 10484 10485
f 10480 10485 10479
f 10479 10485 10486
f 10479 10486 10330
f 10481 10487 10484
f 10484 10487 10488
f 10484 10488 10489
f 10489 10488 10490
f 10489 10490 10491
f 10491 10490 10492
f 10491 10492 10493
f 10303 10298 10494
f 10495 10496 10497
f 10497 10496 10498
f 10493 10494 10491
f 10491 10494 10298
f 10491 10298 10302
f 10302 10298 10299
f 10302 10299 10301
f 10301 10299 10300
f 10497 10309 10495
f 10495 10309 10308
f 10495 10308 10307
f 10307 10306 10495
f 10495 10306 10305
f 10495 10305 10494
f 10494 10305 10304
f 10494 10304 10303
f 10499 10500 10314
f 10314 10313 10499
f 10499 10313 10312
f 10499 10312 10311
f 10501 10289 10293
f 10311 10310 10499
f 10499 10310 10309
f 10499 10309 10502
f 10502 10309 10497
f 10290 10291 10289
f 10289 10291 10292
f 10289 10292 10293
f 10503 10504 10505
f 10505 10504 10506
f 10505 10506 10507
f 10507 10506 10501
f 10507 10501 10508
f 10508 10501 10293
f 10508 10293 10500
f 10500 10293 10315
f 10500 10315 10314
f 10509 10510 10430
f 10430 10510 10511
f 10511 10512 10430
f 10430 10512 10513
f 10430 10513 10497
f 10497 10513 10514
f 10497 10514 10502
f 10429 10515 10430
f 10430 10515 10516
f 10430 10516 10517
f 10503 10509 10504
f 10504 10509 10430
f 10504 10430 10518
f 10518 10430 10517
f 10519 10520 10521
f 10521 10520 10522
f 10521 10522 10429
f 10429 10522 10523
f 10429 10523 10515
f 10517 10524 10518
f 10518 10524 10525
f 10518 10525 10275
f 10275 10525 10526
f 10275 10526 10527
f 10282 10281 10528
f 10528 10281 10280
f 10285 10284 10528
f 10528 10284 10283
f 10528 10283 10282
f 10519 10528 10520
f 10520 10528 10280
f 10520 10280 10529
f 10529 10280 10279
f 10279 10278 10529
f 10529 10278 10277
f 10529 10277 10530
f 10530 10277 10276
f 10530 10276 10531
f 10531 10276 10270
f 10531 10270 10271
f 10273 10274 10272
f 10272 10274 10275
f 10272 10275 10271
f 10271 10275 10527
f 10271 10527 10531
f 10532 10287 10533
f 10533 10287 10286
f 10533 10286 10285
f 10261 10262 10263
f 10263 10264 10261
f 10261 10264 10265
f 10261 10265 10532
f 10532 10265 10288
f 10532 10288 10287
f 10533 10534 10532
f 10532 10534 10535
f 10532 10535 10536
f 10537 10439 10538
f 10538 10439 10441
f 10538 10441 10539
f 10539 10441 10540
f 10537 10541 10439
f 10439 10541 10542
f 10439 10542 10533
f 10533 10542 10543
f 10533 10543 10534
f 10535 10544 10536
f 10536 10544 10545
f 10536 10545 10546
f 10546 10545 10547
f 10546 10547 10540
f 10540 10547 10548
f 10540 10548 10539
f 10438 10259 10439
f 10439 10259 10258
f 10439 10258 10441
f 10441 10258 10257
f 10441 10257 10254
f 10549 10550 10256
f 10256 10550 10440
f 10256 10440 10255
f 10255 10440 10254
f 10551 10552 10553
f 10554 10551 10435
f 10554 10435 10260
f 10555 10556 10557
f 10557 10556 10558
f 10557 10558 10559
f 10559 10558 10553
f 10559 10553 10560
f 10560 10553 10552
f 10260 10435 10246
f 10246 10435 10434
f 10246 10434 10245
f 10434 10242 10245
f 10245 10242 10243
f 10245 10243 10244
f 10561 10562 10563
f 10564 10565 10233
f 10238 10237 10566
f 10562 10561 10566
f 10566 10561 10239
f 10566 10239 10238
f 10237 10236 10566
f 10566 10236 10235
f 10566 10235 10565
f 10565 10235 10234
f 10565 10234 10233
f 10567 10436 10568
f 10569 10570 10435
f 10435 10570 10571
f 10435 10571 10436
f 10436 10571 10572
f 10436 10572 10568
f 10573 10574 10575
f 10575 10574 10567
f 10575 10567 10576
f 10576 10567 10568
f 10229 10230 10231
f 10573 10564 10574
f 10574 10564 10233
f 10574 10233 10577
f 10577 10233 10229
f 10577 10229 10232
f 10232 10229 10231
f 10578 10579 10433
f 10433 10579 10580
f 10433 10580 10561
f 10581 10582 10583
f 10583 10582 10584
f 10583 10584 10585
f 10585 10584 10586
f 10585 10586 10587
f 10587 10586 10588
f 10587 10588 10589
f 10581 10240 10590
f 10581 10590 10591
f 10590 10592 10591
f 10591 10592 10593
f 10591 10593 10594
f 10580 10595 10561
f 10561 10595 10596
f 10561 10596 10239
f 10239 10596 10591
f 10239 10591 10597
f 10597 10591 10594
f 10581 10583 10240
f 10240 10583 10598
f 10240 10598 10219
f 10599 10600 10601
f 10601 10600 10241
f 10601 10241 10220
f 10220 10241 10219
f 10445 10602 10444
f 10444 10602 10587
f 10444 10587 10433
f 10433 10587 10589
f 10433 10589 10578
f 10187 10188 10186
f 10186 10188 10189
f 10186 10189 10185
f 10185 10189 10445
f 10326 10477 10480
f 10480 10477 10603
f 10480 10603 10604
f 10480 10605 10606
f 10604 10607 10480
f 10480 10607 10608
f 10480 10608 10605
f 10498 10483 10497
f 10497 10483 10480
f 10497 10480 10609
f 10609 10480 10606
f 10610 10611 10476
f 10320 10442 10476
f 10476 10442 10612
f 10476 10612 10610
f 10323 10322 10478
f 10478 10322 10321
f 10478 10321 10613
f 10613 10321 10476
f 10613 10476 10614
f 10614 10476 10611
f 10197 10450 10461
f 10461 10450 10615
f 10461 10615 10616
f 10467 10468 10442
f 10442 10468 10443
f 10442 10443 10612
f 10612 10443 10461
f 10612 10461 10617
f 10617 10461 10616
f 10618 10619 10561
f 10561 10619 10620
f 10561 10620 10433
f 10433 10620 10621
f 10433 10621 10622
f 10622 10623 10433
f 10433 10623 10624
f 10433 10624 10431
f 10625 10626 10435
f 10563 10569 10561
f 10561 10569 10435
f 10561 10435 10618
f 10618 10435 10627
f 10551 10553 10435
f 10435 10553 10628
f 10435 10628 10625
f 10626 10629 10435
f 10435 10629 10630
f 10435 10630 10627
f 10285 10528 10533
f 10533 10528 10631
f 10533 10631 10632
f 10555 10437 10556
f 10556 10437 10439
f 10556 10439 10633
f 10633 10439 10634
f 10632 10635 10533
f 10533 10635 10636
f 10533 10636 10439
f 10439 10636 10637
f 10439 10637 10634
f 10638 10639 10430
f 10430 10639 10640
f 10430 10640 10428
f 10609 10641 10497
f 10497 10641 10642
f 10497 10642 10430
f 10430 10642 10643
f 10430 10643 10638
f 10644 10602 10445
f 10644 10445 9925
f 9925 10445 10189
f 10602 10644 10587
f 10587 10644 10645
f 10587 10645 10585
f 10585 10645 10583
f 10583 10645 10646
f 10583 10646 10598
f 10598 10646 9990
f 10598 9990 10219
f 10647 10203 10648
f 10648 10203 10204
f 10648 10204 10649
f 10649 10204 10205
f 10649 10205 10650
f 10650 10205 10206
f 10650 10206 10651
f 10651 10206 10207
f 10651 10207 10652
f 10652 10207 10208
f 10652 10208 10653
f 10653 10208 10209
f 10653 10209 10654
f 10654 10209 10210
f 10654 10210 10655
f 10655 10210 10211
f 10655 10211 10656
f 10656 10211 10212
f 10656 10212 10657
f 10657 10212 10213
f 10657 10213 10658
f 10658 10213 10214
f 10658 10214 10659
f 10659 10214 10215
f 10659 10215 10660
f 10660 10215 10216
f 10660 10216 10661
f 10661 10216 10217
f 10661 10217 10662
f 10662 10217 10218
f 10577 10337 10360
f 10577 10360 10574
f 10574 10360 10362
f 10574 10362 10567
f 10567 10362 10363
f 10567 10363 10436
f 10436 10363 10434
f 10434 10363 10023
f 10434 10023 10242
f 10441 10440 10343
f 10441 10343 10540
f 10343 10356 10540
f 10540 10356 10358
f 10540 10358 10546
f 10546 10358 10359
f 10546 10359 10536
f 10536 10359 10532
f 10532 10359 10046
f 10532 10046 10261
f 10055 10352 10275
f 10275 10352 10518
f 10518 10352 10504
f 10504 10352 10354
f 10504 10354 10506
f 10506 10354 10355
f 10506 10355 10501
f 10501 10355 10082
f 10501 10082 10289
f 10302 10091 10663
f 10302 10663 10491
f 10491 10663 10664
f 10491 10664 10489
f 10489 10664 10665
f 10489 10665 10484
f 10131 10330 10486
f 10131 10486 10665
f 10665 10486 10485
f 10665 10485 10484
f 10666 10347 10667
f 10667 10347 10346
f 10667 10346 10668
f 10668 10346 10345
f 10668 10345 10669
f 10669 10345 10344
f 10669 10344 10670
f 10670 10344 10357
f 10670 10357 10671
f 10671 10357 10342
f 10671 10342 10672
f 10672 10342 10341
f 10672 10341 10673
f 10673 10341 10340
f 10673 10340 10674
f 10674 10340 10339
f 10674 10339 10675
f 10675 10339 10338
f 10675 10338 10676
f 10676 10338 10361
f 10676 10361 10677
f 10677 10361 10336
f 10677 10336 10678
f 10678 10336 10334
f 10678 10334 10679
f 10679 10334 10335
f 10679 10335 10680
f 10680 10335 10681
f 10680 10681 10682
f 10682 10681 10683
f 10682 10683 10684
f 10684 10683 10685
f 10684 10685 10686
f 10685 10687 10686
f 10686 10687 10688
f 10686 10688 10689
f 10689 10688 10690
f 10689 10690 10691
f 10691 10690 10692
f 10691 10692 10693
f 10693 10692 10694
f 10693 10694 10695
f 10695 10694 10696
f 10695 10696 10697
f 10697 10696 10698
f 10697 10698 10699
f 10699 10698 10700
f 10699 10700 10701
f 10701 10700 10702
f 10701 10702 10703
f 10703 10702 10704
f 10703 10704 10705
f 10705 10704 10706
f 10705 10706 10707
f 10707 10706 10708
f 10707 10708 10709
f 10709 10708 10710
f 10709 10710 10711
f 10711 10710 10712
f 10711 10712 10713
f 10713 10712 10351
f 10713 10351 10714
f 10714 10351 10350
f 10714 10350 10715
f 10715 10350 10349
f 10715 10349 10716
f 10716 10349 10353
f 10716 10353 10666
f 10666 10353 10348
f 10666 10348 10347
f 10717 10395 10396
f 10717 10396 10718
f 10718 10396 10397
f 10718 10397 10719
f 10719 10397 10398
f 10719 10398 10720
f 10720 10398 10399
f 10720 10399 10721
f 10721 10399 10400
f 10721 10400 10722
f 10722 10400 10401
f 10722 10401 10723
f 10723 10401 10402
f 10723 10402 10724
f 10724 10402 10403
f 10724 10403 10725
f 10725 10403 10404
f 10725 10404 10726
f 10726 10404 10405
f 10726 10405 10727
f 10727 10405 10406
f 10727 10406 10728
f 10728 10406 10407
f 10728 10407 10729
f 10729 10407 10408
f 10729 10408 10730
f 10730 10408 10409
f 10730 10409 10731
f 10731 10409 10410
f 10731 10410 10732
f 10732 10410 10411
f 10732 10411 10733
f 10733 10411 10412
f 10733 10412 10734
f 10735 10524 10736
f 10736 10524 10517
f 10736 10517 10737
f 10737 10517 10516
f 10737 10516 10738
f 10738 10516 10515
f 10738 10515 10739
f 10739 10515 10523
f 10739 10523 10740
f 10740 10523 10522
f 10740 10522 10741
f 10741 10522 10520
f 10742 10448 10743
f 10743 10448 10460
f 10743 10460 10744
f 10744 10460 10459
f 10744 10459 10745
f 10745 10459 10458
f 10745 10458 10746
f 10746 10458 10457
f 10746 10457 10747
f 10747 10457 10456
f 10747 10456 10748
f 10748 10456 10455
f 10749 10580 10750
f 10750 10580 10579
f 10750 10579 10751
f 10751 10579 10578
f 10751 10578 10752
f 10752 10578 10589
f 10752 10589 10753
f 10753 10589 10588
f 10753 10588 10754
f 10754 10588 10586
f 10754 10586 10755
f 10755 10586 10584
f 10756 10465 10757
f 10757 10465 10464
f 10757 10464 10758
f 10758 10464 10475
f 10758 10475 10759
f 10759 10475 10474
f 10759 10474 10760
f 10760 10474 10473
f 10760 10473 10761
f 10761 10473 10472
f 10761 10472 10762
f 10762 10472 10471
f 10763 10492 10764
f 10764 10492 10490
f 10764 10490 10765
f 10765 10490 10488
f 10765 10488 10766
f 10766 10488 10487
f 10766 10487 10767
f 10767 10487 10481
f 10767 10481 10768
f 10768 10481 10482
f 10768 10482 10769
f 10769 10482 10483
f 10770 10507 10771
f 10771 10507 10508
f 10771 10508 10772
f 10772 10508 10500
f 10772 10500 10773
f 10773 10500 10499
f 10773 10499 10774
f 10774 10499 10502
f 10774 10502 10775
f 10775 10502 10514
f 10775 10514 10776
f 10776 10514 10513
f 10777 10535 10778
f 10778 10535 10534
f 10778 10534 10779
f 10779 10534 10543
f 10779 10543 10780
f 10780 10543 10542
f 10780 10542 10781
f 10781 10542 10541
f 10781 10541 10782
f 10782 10541 10537
f 10782 10537 10783
f 10783 10537 10538
f 10784 10569 10785
f 10785 10569 10563
f 10785 10563 10786
f 10786 10563 10562
f 10786 10562 10787
f 10787 10562 10566
f 10787 10566 10788
f 10788 10566 10565
f 10788 10565 10789
f 10789 10565 10564
f 10789 10564 10790
f 10790 10564 10573
f 10791 10641 10792
f 10792 10641 10609
f 10792 10609 10793
f 10793 10609 10606
f 10793 10606 10794
f 10794 10606 10605
f 10794 10605 10795
f 10795 10605 10608
f 10795 10608 10796
f 10796 10608 10607
f 10796 10607 10797
f 10797 10607 10604
f 10797 10604 10798
f 10798 10604 10603
f 10798 10603 10799
f 10799 10603 10477
f 10799 10477 10800
f 10800 10477 10478
f 10800 10478 10801
f 10801 10478 10613
f 10801 10613 10802
f 10802 10613 10614
f 10802 10614 10803
f 10803 10614 10611
f 10803 10611 10804
f 10804 10611 10610
f 10804 10610 10805
f 10805 10610 10612
f 10805 10612 10806
f 10806 10612 10617
f 10806 10617 10807
f 10807 10617 10616
f 10807 10616 10808
f 10808 10616 10615
f 10808 10615 10809
f 10809 10615 10450
f 10809 10450 10810
f 10810 10450 10449
f 10810 10449 10811
f 10811 10449 10446
f 10811 10446 10812
f 10812 10446 10432
f 10812 10432 10813
f 10813 10432 10431
f 10813 10431 10814
f 10814 10431 10624
f 10814 10624 10815
f 10815 10624 10623
f 10815 10623 10816
f 10816 10623 10622
f 10816 10622 10817
f 10817 10622 10621
f 10817 10621 10818
f 10818 10621 10620
f 10818 10620 10819
f 10819 10620 10619
f 10820 10821 10822
f 10823 10824 10825
f 10822 10826 10820
f 10820 10826 10827
f 10820 10827 10828
f 10829 10830 10831
f 10660 10661 10832
f 10658 10659 10833
f 10827 10834 10828
f 10828 10834 10835
f 10828 10835 10824
f 10824 10835 10836
f 10824 10836 10825
f 10825 10837 10823
f 10823 10837 10838
f 10823 10838 10830
f 10830 10838 10839
f 10830 10839 10831
f 10832 10840 10660
f 10660 10840 10841
f 10660 10841 10659
f 10659 10841 10842
f 10659 10842 10833
f 10648 10649 10843
f 10843 10844 10648
f 10648 10844 10845
f 10648 10845 10647
f 10647 10845 10846
f 10647 10846 10847
f 10848 10849 10850
f 10831 10851 10829
f 10829 10851 10852
f 10829 10852 10662
f 10662 10852 10853
f 10662 10853 10661
f 10661 10853 10854
f 10661 10854 10832
f 10833 10855 10658
f 10658 10855 10856
f 10658 10856 10657
f 10846 10857 10847
f 10847 10857 10858
f 10847 10858 10859
f 10860 10861 10862
f 10862 10863 10860
f 10860 10863 10864
f 10860 10864 10849
f 10849 10864 10865
f 10849 10865 10850
f 10850 10866 10848
f 10848 10866 10867
f 10848 10867 10868
f 10868 10867 10869
f 10868 10869 10821
f 10821 10869 10870
f 10821 10870 10822
f 10856 10871 10657
f 10657 10871 10872
f 10657 10872 10656
f 10872 10873 10656
f 10656 10873 10874
f 10656 10874 10655
f 10655 10874 10875
f 10655 10875 10654
f 10652 10653 10876
f 10858 10877 10859
f 10859 10877 10878
f 10859 10878 10861
f 10861 10878 10879
f 10861 10879 10862
f 10650 10651 10880
f 10875 10881 10654
f 10654 10881 10882
f 10654 10882 10653
f 10653 10882 10883
f 10653 10883 10876
f 10880 10884 10650
f 10650 10884 10885
f 10650 10885 10649
f 10649 10885 10886
f 10649 10886 10843
f 10876 10887 10652
f 10652 10887 10888
f 10652 10888 10651
f 10651 10888 10889
f 10651 10889 10880
f 10679 10890 10891
f 10679 10891 10678
f 10678 10891 10892
f 10678 10892 10677
f 10677 10892 10893
f 10677 10893 10676
f 10676 10893 10894
f 10676 10894 10675
f 10675 10894 10895
f 10675 10895 10674
f 10674 10895 10896
f 10674 10896 10673
f 10673 10896 10897
f 10673 10897 10672
f 10672 10897 10898
f 10672 10898 10671
f 10671 10898 10899
f 10671 10899 10670
f 10670 10899 10900
f 10670 10900 10669
f 10669 10900 10901
f 10669 10901 10668
f 10668 10901 10902
f 10668 10902 10667
f 10667 10902 10903
f 10667 10903 10666
f 10666 10903 10904
f 10666 10904 10716
f 10716 10904 10905
f 10716 10905 10715
f 10715 10905 10906
f 10715 10906 10714
f 10714 10906 10907
f 10714 10907 10713
f 10730 10908 10729
f 10729 10908 10909
f 10729 10909 10728
f 10728 10909 10910
f 10728 10910 10727
f 10727 10910 10911
f 10727 10911 10726
f 10726 10911 10912
f 10726 10912 10725
f 10725 10912 10913
f 10725 10913 10724
f 10724 10913 10914
f 10724 10914 10723
f 10723 10914 10915
f 10723 10915 10722
f 10722 10915 10916
f 10722 10916 10721
f 10721 10916 10917
f 10721 10917 10720
f 10720 10917 10918
f 10720 10918 10719
f 10719 10918 10919
f 10719 10919 10718
f 10718 10919 10920
f 10718 10920 10717
f 10717 10920 10921
f 10717 10921 10922
f 10922 10921 10923
f 10922 10923 10924
f 10924 10923 10925
f 10924 10925 10926
f 10926 10925 10927
f 10926 10927 10928
f 10927 10929 10928
f 10928 10929 10930
f 10928 10930 10931
f 10931 10930 10932
f 10931 10932 10933
f 10933 10932 10934
f 10933 10934 10935
f 10935 10934 10936
f 10935 10936 10937
f 10937 10936 10938
f 10937 10938 10939
f 10939 10938 10940
f 10939 10940 10941
f 10941 10940 10942
f 10941 10942 10943
f 10943 10942 10944
f 10943 10944 10945
f 10945 10944 10946
f 10945 10946 10947
f 10947 10946 10948
f 10947 10948 10949
f 10949 10948 10950
f 10949 10950 10951
f 10951 10950 10952
f 10951 10952 10953
f 10953 10952 10954
f 10953 10954 10734
f 10734 10954 10955
f 10734 10955 10733
f 10733 10955 10956
f 10733 10956 10732
f 10732 10956 10957
f 10732 10957 10731
f 10731 10957 10958
f 10731 10958 10730
f 10730 10958 10959
f 10730 10959 10908
f 10738 10960 10961
f 10962 10960 10963
f 10963 10960 10738
f 10963 10738 10964
f 10736 10737 10735
f 10735 10737 10738
f 10735 10738 10965
f 10965 10738 10961
f 10739 10740 10738
f 10738 10740 10741
f 10738 10741 10964
f 10746 10747 10748
f 10748 10966 10742
f 10742 10966 10967
f 10745 10746 10744
f 10744 10746 10748
f 10744 10748 10743
f 10743 10748 10742
f 10967 10968 10742
f 10742 10968 10969
f 10742 10969 10970
f 10971 10751 10752
f 10750 10751 10971
f 10749 10750 10971
f 10971 10754 10755
f 10753 10754 10971
f 10752 10753 10971
f 10972 10758 10759
f 10757 10758 10972
f 10756 10757 10972
f 10972 10761 10762
f 10760 10761 10972
f 10759 10760 10972
f 10973 10765 10766
f 10764 10765 10973
f 10763 10764 10973
f 10973 10768 10769
f 10767 10768 10973
f 10766 10767 10973
f 10974 10772 10773
f 10771 10772 10974
f 10770 10771 10974
f 10974 10775 10776
f 10774 10775 10974
f 10773 10774 10974
f 10975 10779 10780
f 10778 10779 10975
f 10777 10778 10975
f 10975 10782 10783
f 10781 10782 10975
f 10780 10781 10975
f 10976 10786 10787
f 10785 10786 10976
f 10784 10785 10976
f 10976 10789 10790
f 10788 10789 10976
f 10787 10788 10976
f 10977 10791 10978
f 10978 10791 10792
f 10978 10792 10979
f 10979 10792 10793
f 10979 10793 10980
f 10980 10793 10794
f 10980 10794 10981
f 10981 10794 10795
f 10981 10795 10982
f 10982 10795 10796
f 10982 10796 10983
f 10983 10796 10797
f 10983 10797 10984
f 10984 10797 10798
f 10984 10798 10985
f 10985 10798 10799
f 10985 10799 10986
f 10986 10799 10800
f 10986 10800 10987
f 10987 10800 10801
f 10987 10801 10988
f 10988 10801 10802
f 10988 10802 10989
f 10989 10802 10803
f 10989 10803 10990
f 10990 10803 10804
f 10990 10804 10991
f 10991 10804 10805
f 10991 10805 10992
f 10992 10805 10806
f 10992 10806 10993
f 10993 10806 10807
f 10993 10807 10994
f 10994 10807 10808
f 10994 10808 10995
f 10995 10808 10809
f 10995 10809 10996
f 10996 10809 10810
f 10996 10810 10997
f 10997 10810 10811
f 10997 10811 10998
f 10998 10811 10812
f 10998 10812 10999
f 10999 10812 10813
f 10999 10813 11000
f 11000 10813 10814
f 11000 10814 11001
f 11001 10814 10815
f 11001 10815 11002
f 11002 10815 10816
f 11002 10816 11003
f 11003 10816 10817
f 11003 10817 11004
f 11004 10817 10818
f 11004 10818 11005
f 11005 10818 10819
f 11005 10846 11004
f 11004 10846 10845
f 11004 10845 11003
f 11003 10845 10844
f 11003 10844 11002
f 11002 10844 10843
f 11002 10843 11001
f 11001 10843 10886
f 11001 10886 11000
f 11000 10886 10885
f 11000 10885 10999
f 10999 10885 10884
f 10999 10884 10998
f 10998 10884 10880
f 10998 10880 10997
f 10997 10880 10889
f 10997 10889 10996
f 10996 10889 10888
f 10996 10888 10995
f 10995 10888 10887
f 10995 10887 10994
f 10994 10887 10876
f 10994 10876 10993
f 10993 10876 10883
f 10993 10883 10992
f 10992 10883 10882
f 10992 10882 10991
f 10991 10882 10881
f 10991 10881 10990
f 10990 10881 10875
f 10990 10875 10989
f 10989 10875 10874
f 10989 10874 10988
f 10988 10874 10873
f 10988 10873 10987
f 10987 10873 10872
f 10987 10872 10986
f 10986 10872 10871
f 10986 10871 10985
f 10985 10871 10856
f 10985 10856 10984
f 10984 10856 10855
f 10984 10855 10983
f 10983 10855 10833
f 10983 10833 10982
f 10982 10833 10842
f 10982 10842 10981
f 10981 10842 10841
f 10981 10841 10980
f 10980 10841 10840
f 10980 10840 10979
f 10979 10840 10832
f 10979 10832 10978
f 10978 10832 10854
f 10978 10854 10977
f 10977 10854 10853
f 11006 11007 11008
f 11008 11007 11009
f 11008 11009 11010
f 11010 11009 11011
f 11010 11011 11012
f 11012 11011 11013
f 11012 11013 11014
f 11014 11013 11015
f 11014 11015 11016
f 11016 11015 11017
f 11016 11017 11018
f 11018 11017 11019
f 11018 11019 11020
f 11020 11019 11021
f 11020 11021 11022
f 11022 11021 11023
f 11022 11023 11024
f 11024 11023 11025
f 11024 11025 11026
f 11026 11025 11027
f 11026 11027 11028
f 11028 11027 11029
f 11028 11029 11030
f 11030 11029 11031
f 11030 11031 10890
f 10890 11031 11032
f 10890 11032 10891
f 10891 11032 11033
f 10891 11033 10892
f 10892 11033 11034
f 10892 11034 10893
f 10893 11034 11035
f 10893 11035 10894
f 11035 11036 10894
f 10894 11036 11037
f 10894 11037 10895
f 10895 11037 11038
f 10895 11038 10896
f 10896 11038 11039
f 10896 11039 10897
f 10897 11039 11040
f 10897 11040 10898
f 10898 11040 11041
f 10898 11041 10899
f 10899 11041 11042
f 10899 11042 10900
f 10900 11042 11043
f 10900 11043 10901
f 10901 11043 11044
f 10901 11044 10902
f 10902 11044 11045
f 10902 11045 10903
f 10903 11045 11046
f 10903 11046 10904
f 10904 11046 11047
f 10904 11047 10905
f 10905 11047 11048
f 10905 11048 10906
f 10906 11048 11049
f 10906 11049 10907
f 10907 11049 11050
f 10907 11050 11051
f 11051 11050 11052
f 11051 11052 11053
f 11053 11052 11054
f 11053 11054 11055
f 11055 11054 11056
f 11055 11056 11006
f 11006 11056 11057
f 11006 11057 11007
f 10955 11058 11059
f 10955 11059 10956
f 10956 11059 11060
f 10956 11060 10957
f 10957 11060 11061
f 10957 11061 10958
f 10958 11061 11062
f 10958 11062 10959
f 10959 11062 11063
f 10959 11063 10908
f 10908 11063 11064
f 10908 11064 10909
f 10909 11064 11065
f 10909 11065 10910
f 10910 11065 11066
f 10910 11066 10911
f 10911 11066 11067
f 10911 11067 10912
f 10912 11067 11068
f 10912 11068 10913
f 10913 11068 11069
f 10913 11069 10914
f 10914 11069 11070
f 10914 11070 10915
f 10915 11070 11071
f 10915 11071 10916
f 10916 11071 11072
f 10916 11072 10917
f 10917 11072 11073
f 10917 11073 10918
f 10918 11073 11074
f 10918 11074 10919
f 10919 11074 11075
f 10919 11075 10920
f 10920 11075 11076
f 10920 11076 10921
f 11077 11050 11049
f 11077 11049 11078
f 11078 11049 11048
f 11078 11048 11079
f 11079 11048 11047
f 11079 11047 11080
f 11080 11047 11046
f 11080 11046 11081
f 11081 11046 11045
f 11081 11045 11082
f 11082 11045 11044
f 11082 11044 11083
f 11083 11044 11043
f 11083 11043 11084
f 11084 11043 11042
f 11084 11042 11085
f 11085 11042 11041
f 11085 11041 11086
f 11086 11041 11040
f 11086 11040 11087
f 11087 11040 11039
f 11087 11039 11088
f 11088 11039 11038
f 11088 11038 11089
f 11089 11038 11037
f 11089 11037 11090
f 11090 11037 11036
f 11090 11036 11091
f 11091 11036 11035
f 11091 11035 11092
f 11092 11035 11034
f 11092 11034 11093
f 11093 11034 11033
f 11093 11033 11094
f 11094 11033 11032
f 11094 11032 11095
f 11096 11097 11098
f 11098 11097 11099
f 11098 11099 11100
f 11100 11099 11101
f 11100 11101 11102
f 11102 11101 11103
f 11102 11103 11104
f 11104 11103 11105
f 11104 11105 11106
f 11106 11105 11107
f 11106 11107 11108
f 11108 11107 11109
f 11108 11109 11110
f 11110 11109 11111
f 11110 11111 11112
f 11112 11111 11113
f 11112 11113 11114
f 11114 11113 11115
f 11114 11115 11116
f 11116 11115 11117
f 11116 11117 11118
f 11118 11117 11119
f 11118 11119 11120
f 11120 11119 11121
f 11120 11121 11122
f 11122 11121 11076
f 11122 11076 11123
f 11123 11076 11075
f 11123 11075 11124
f 11124 11075 11074
f 11124 11074 11125
f 11125 11074 11073
f 11125 11073 11126
f 11073 11072 11126
f 11126 11072 11071
f 11126 11071 11127
f 11127 11071 11070
f 11127 11070 11128
f 11128 11070 11069
f 11128 11069 11129
f 11129 11069 11068
f 11129 11068 11130
f 11130 11068 11067
f 11130 11067 11131
f 11131 11067 11066
f 11131 11066 11132
f 11132 11066 11065
f 11132 11065 11133
f 11133 11065 11064
f 11133 11064 11134
f 11134 11064 11063
f 11134 11063 11135
f 11135 11063 11062
f 11135 11062 11136
f 11136 11062 11061
f 11136 11061 11137
f 11137 11061 11060
f 11137 11060 11138
f 11138 11060 11059
f 11138 11059 11139
f 11139 11059 11058
f 11139 11058 11140
f 11140 11058 11141
f 11140 11141 11142
f 11142 11141 11143
f 11142 11143 11144
f 11144 11143 11145
f 11144 11145 11096
f 11096 11145 11146
f 11096 11146 11097
f 11147 11082 11148
f 11148 11082 11083
f 11148 11083 11149
f 11149 11083 11084
f 11149 11084 11150
f 11150 11084 11085
f 11150 11085 11151
f 11151 11085 11086
f 11151 11086 11152
f 11152 11086 11087
f 11152 11087 11153
f 11153 11087 11088
f 11153 11088 11154
f 11154 11088 11089
f 11154 11089 11155
f 11155 11089 11090
f 11155 11090 11156
f 11156 11090 11091
f 11156 11091 11157
f 11157 11091 11092
f 11157 11092 11158
f 11158 11092 11093
f 11158 11093 11159
f 11159 11093 11094
f 11159 11094 11160
f 11160 11094 11095
f 11160 11095 11161
f 11161 11095 11162
f 11161 11162 11163
f 11163 11162 11164
f 11163 11164 11165
f 11165 11164 11166
f 11165 11166 11167
f 11166 11168 11167
f 11167 11168 11169
f 11167 11169 11170
f 11170 11169 11171
f 11170 11171 11172
f 11172 11171 11173
f 11172 11173 11174
f 11174 11173 11175
f 11174 11175 11176
f 11176 11175 11177
f 11176 11177 11178
f 11178 11177 11179
f 11178 11179 11180
f 11180 11179 11181
f 11180 11181 11182
f 11182 11181 11183
f 11182 11183 11184
f 11184 11183 11185
f 11184 11185 11186
f 11186 11185 11187
f 11186 11187 11188
f 11188 11187 11189
f 11188 11189 11190
f 11190 11189 11191
f 11190 11191 11192
f 11192 11191 11193
f 11192 11193 11194
f 11194 11193 11077
f 11194 11077 11195
f 11195 11077 11078
f 11195 11078 11196
f 11196 11078 11079
f 11196 11079 11197
f 11197 11079 11080
f 11197 11080 11147
f 11147 11080 11081
f 11147 11081 11082
f 11198 11122 11123
f 11198 11123 11199
f 11199 11123 11124
f 11199 11124 11200
f 11200 11124 11125
f 11200 11125 11201
f 11201 11125 11126
f 11201 11126 11202
f 11202 11126 11127
f 11202 11127 11203
f 11203 11127 11128
f 11203 11128 11204
f 11204 11128 11129
f 11204 11129 11205
f 11205 11129 11130
f 11205 11130 11206
f 11206 11130 11131
f 11206 11131 11207
f 11207 11131 11132
f 11207 11132 11208
f 11208 11132 11133
f 11208 11133 11209
f 11209 11133 11134
f 11209 11134 11210
f 11210 11134 11135
f 11210 11135 11211
f 11211 11135 11136
f 11211 11136 11212
f 11212 11136 11137
f 11212 11137 11213
f 11213 11137 11138
f 11213 11138 11214
f 11214 11138 11139
f 11214 11139 11215
f 11160 11216 11217
f 11160 11217 11159
f 11159 11217 11218
f 11159 11218 11158
f 11158 11218 11219
f 11158 11219 11157
f 11157 11219 11220
f 11157 11220 11156
f 11156 11220 11221
f 11156 11221 11155
f 11155 11221 11222
f 11155 11222 11154
f 11154 11222 11223
f 11154 11223 11153
f 11153 11223 11224
f 11153 11224 11152
f 11152 11224 11225
f 11152 11225 11151
f 11151 11225 11226
f 11151 11226 11150
f 11150 11226 11227
f 11150 11227 11149
f 11149 11227 11228
f 11149 11228 11148
f 11148 11228 11229
f 11148 11229 11147
f 11147 11229 11230
f 11147 11230 11197
f 11197 11230 11231
f 11197 11231 11196
f 11196 11231 11232
f 11196 11232 11195
f 11195 11232 11233
f 11195 11233 11194
f 11211 11234 11210
f 11210 11234 11235
f 11210 11235 11209
f 11209 11235 11236
f 11209 11236 11208
f 11208 11236 11237
f 11208 11237 11207
f 11207 11237 11238
f 11207 11238 11206
f 11206 11238 11239
f 11206 11239 11205
f 11205 11239 11240
f 11205 11240 11204
f 11204 11240 11241
f 11204 11241 11203
f 11203 11241 11242
f 11203 11242 11202
f 11202 11242 11243
f 11202 11243 11201
f 11201 11243 11244
f 11201 11244 11200
f 11200 11244 11245
f 11200 11245 11199
f 11199 11245 11246
f 11199 11246 11198
f 11198 11246 11247
f 11198 11247 11248
f 11248 11247 11249
f 11248 11249 11250
f 11250 11249 11251
f 11250 11251 11252
f 11252 11251 11253
f 11252 11253 11254
f 11253 11255 11254
f 11254 11255 11256
f 11254 11256 11257
f 11257 11256 11258
f 11257 11258 11259
f 11259 11258 11260
f 11259 11260 11261
f 11261 11260 11262
f 11261 11262 11263
f 11263 11262 11264
f 11263 11264 11265
f 11265 11264 11266
f 11265 11266 11267
f 11267 11266 11268
f 11267 11268 11269
f 11269 11268 11270
f 11269 11270 11271
f 11271 11270 11272
f 11271 11272 11273
f 11273 11272 11274
f 11273 11274 11275
f 11275 11274 11276
f 11275 11276 11277
f 11277 11276 11278
f 11277 11278 11279
f 11279 11278 11280
f 11279 11280 11215
f 11215 11280 11281
f 11215 11281 11214
f 11214 11281 11282
f 11214 11282 11213
f 11213 11282 11283
f 11213 11283 11212
f 11212 11283 11284
f 11212 11284 11211
f 11211 11284 11285
f 11211 11285 11234
f 11220 11286 11221
f 11221 11286 11287
f 11221 11287 11222
f 11222 11287 11288
f 11222 11288 11223
f 11223 11288 11289
f 11223 11289 11224
f 11224 11289 11290
f 11224 11290 11225
f 11225 11290 11291
f 11225 11291 11226
f 11226 11291 11292
f 11226 11292 11227
f 11227 11292 11293
f 11227 11293 11228
f 11228 11293 11294
f 11228 11294 11229
f 11229 11294 11295
f 11229 11295 11230
f 11230 11295 11296
f 11230 11296 11231
f 11231 11296 11297
f 11231 11297 11232
f 11232 11297 11298
f 11232 11298 11233
f 11233 11298 11299
f 11233 11299 11300
f 11300 11299 11301
f 11300 11301 11302
f 11302 11301 11303
f 11302 11303 11304
f 11304 11303 11305
f 11304 11305 11306
f 11305 11307 11306
f 11306 11307 11308
f 11306 11308 11309
f 11309 11308 11310
f 11309 11310 11311
f 11311 11310 11312
f 11311 11312 11313
f 11313 11312 11314
f 11313 11314 11315
f 11315 11314 11316
f 11315 11316 11317
f 11317 11316 11318
f 11317 11318 11319
f 11319 11318 11320
f 11319 11320 11321
f 11321 11320 11322
f 11321 11322 11323
f 11323 11322 11324
f 11323 11324 11325
f 11325 11324 11326
f 11325 11326 11327
f 11327 11326 11328
f 11327 11328 11329
f 11329 11328 11330
f 11329 11330 11331
f 11331 11330 11332
f 11331 11332 11216
f 11216 11332 11333
f 11216 11333 11217
f 11217 11333 11334
f 11217 11334 11218
f 11218 11334 11335
f 11218 11335 11219
f 11219 11335 11336
f 11219 11336 11220
f 11220 11336 11337
f 11220 11337 11286
f 11281 11338 11339
f 11281 11339 11282
f 11282 11339 11340
f 11282 11340 11283
f 11283 11340 11341
f 11283 11341 11284
f 11284 11341 11342
f 11284 11342 11285
f 11285 11342 11343
f 11285 11343 11234
f 11234 11343 11344
f 11234 11344 11235
f 11235 11344 11345
f 11235 11345 11236
f 11236 11345 11346
f 11236 11346 11237
f 11237 11346 11347
f 11237 11347 11238
f 11238 11347 11348
f 11238 11348 11239
f 11239 11348 11349
f 11239 11349 11240
f 11240 11349 11350
f 11240 11350 11241
f 11241 11350 11351
f 11241 11351 11242
f 11242 11351 11352
f 11242 11352 11243
f 11243 11352 11353
f 11243 11353 11244
f 11244 11353 11354
f 11244 11354 11245
f 11245 11354 11355
f 11245 11355 11246
f 11246 11355 11356
f 11246 11356 11247
f 11357 11299 11298
f 11357 11298 11358
f 11358 11298 11297
f 11358 11297 11359
f 11359 11297 11296
f 11359 11296 11360
f 11360 11296 11295
f 11360 11295 11361
f 11361 11295 11294
f 11361 11294 11362
f 11362 11294 11293
f 11362 11293 11363
f 11363 11293 11292
f 11363 11292 11364
f 11364 11292 11291
f 11364 11291 11365
f 11365 11291 11290
f 11365 11290 11366
f 11366 11290 11289
f 11366 11289 11367
f 11367 11289 11288
f 11367 11288 11368
f 11368 11288 11287
f 11368 11287 11369
f 11369 11287 11286
f 11369 11286 11370
f 11370 11286 11337
f 11370 11337 11371
f 11371 11337 11336
f 11371 11336 11372
f 11372 11336 11335
f 11372 11335 11373
f 11373 11335 11334
f 11373 11334 11374
f 11374 11334 11333
f 11374 11333 11375
f 11376 11377 11378
f 11378 11377 11379
f 11378 11379 11380
f 11380 11379 11381
f 11380 11381 11382
f 11382 11381 11383
f 11382 11383 11384
f 11384 11383 11385
f 11384 11385 11386
f 11386 11385 11387
f 11386 11387 11388
f 11388 11387 11389
f 11388 11389 11390
f 11390 11389 11391
f 11390 11391 11392
f 11392 11391 11393
f 11392 11393 11394
f 11394 11393 11395
f 11394 11395 11396
f 11396 11395 11397
f 11396 11397 11398
f 11398 11397 11399
f 11398 11399 11400
f 11400 11399 11401
f 11400 11401 11402
f 11402 11401 11356
f 11402 11356 11403
f 11403 11356 11355
f 11403 11355 11404
f 11404 11355 11354
f 11404 11354 11405
f 11405 11354 11353
f 11405 11353 11406
f 11353 11352 11406
f 11406 11352 11351
f 11406 11351 11407
f 11407 11351 11350
f 11407 11350 11408
f 11408 11350 11349
f 11408 11349 11409
f 11409 11349 11348
f 11409 11348 11410
f 11410 11348 11347
f 11410 11347 11411
f 11411 11347 11346
f 11411 11346 11412
f 11412 11346 11345
f 11412 11345 11413
f 11413 11345 11344
f 11413 11344 11414
f 11414 11344 11343
f 11414 11343 11415
f 11415 11343 11342
f 11415 11342 11416
f 11416 11342 11341
f 11416 11341 11417
f 11417 11341 11340
f 11417 11340 11418
f 11418 11340 11339
f 11418 11339 11419
f 11419 11339 11338
f 11419 11338 11420
f 11420 11338 11421
f 11420 11421 11422
f 11422 11421 11423
f 11422 11423 11424
f 11424 11423 11425
f 11424 11425 11376
f 11376 11425 11426
f 11376 11426 11377
f 11427 11362 11428
f 11428 11362 11363
f 11428 11363 11429
f 11429 11363 11364
f 11429 11364 11430
f 11430 11364 11365
f 11430 11365 11431
f 11431 11365 11366
f 11431 11366 11432
f 11432 11366 11367
f 11432 11367 11433
f 11433 11367 11368
f 11433 11368 11434
f 11434 11368 11369
f 11434 11369 11435
f 11435 11369 11370
f 11435 11370 11436
f 11436 11370 11371
f 11436 11371 11437
f 11437 11371 11372
f 11437 11372 11438
f 11438 11372 11373
f 11438 11373 11439
f 11439 11373 11374
f 11439 11374 11440
f 11440 11374 11375
f 11440 11375 11441
f 11441 11375 11442
f 11441 11442 11443
f 11443 11442 11444
f 11443 11444 11445
f 11445 11444 11446
f 11445 11446 11447
f 11446 11448 11447
f 11447 11448 11449
f 11447 11449 11450
f 11450 11449 11451
f 11450 11451 11452
f 11452 11451 11453
f 11452 11453 11454
f 11454 11453 11455
f 11454 11455 11456
f 11456 11455 11457
f 11456 11457 11458
f 11458 11457 11459
f 11458 11459 11460
f 11460 11459 11461
f 11460 11461 11462
f 11462 11461 11463
f 11462 11463 11464
f 11464 11463 11465
f 11464 11465 11466
f 11466 11465 11467
f 11466 11467 11468
f 11468 11467 11469
f 11468 11469 11470
f 11470 11469 11471
f 11470 11471 11472
f 11472 11471 11473
f 11472 11473 11474
f 11474 11473 11357
f 11474 11357 11475
f 11475 11357 11358
f 11475 11358 11476
f 11476 11358 11359
f 11476 11359 11477
f 11477 11359 11360
f 11477 11360 11427
f 11427 11360 11361
f 11427 11361 11362
f 11478 11402 11403
f 11478 11403 11479
f 11479 11403 11404
f 11479 11404 11480
f 11480 11404 11405
f 11480 11405 11481
f 11481 11405 11406
f 11481 11406 11482
f 11482 11406 11407
f 11482 11407 11483
f 11483 11407 11408
f 11483 11408 11484
f 11484 11408 11409
f 11484 11409 11485
f 11485 11409 11410
f 11485 11410 11486
f 11486 11410 11411
f 11486 11411 11487
f 11487 11411 11412
f 11487 11412 11488
f 11488 11412 11413
f 11488 11413 11489
f 11489 11413 11414
f 11489 11414 11490
f 11490 11414 11415
f 11490 11415 11491
f 11491 11415 11416
f 11491 11416 11492
f 11492 11416 11417
f 11492 11417 11493
f 11493 11417 11418
f 11493 11418 11494
f 11494 11418 11419
f 11494 11419 11495
f 11440 11496 11497
f 11440 11497 11439
f 11439 11497 11498
f 11439 11498 11438
f 11438 11498 11499
f 11438 11499 11437
f 11437 11499 11500
f 11437 11500 11436
f 11436 11500 11501
f 11436 11501 11435
f 11435 11501 11502
f 11435 11502 11434
f 11434 11502 11503
f 11434 11503 11433
f 11433 11503 11504
f 11433 11504 11432
f 11432 11504 11505
f 11432 11505 11431
f 11431 11505 11506
f 11431 11506 11430
f 11430 11506 11507
f 11430 11507 11429
f 11429 11507 11508
f 11429 11508 11428
f 11428 11508 11509
f 11428 11509 11427
f 11427 11509 11510
f 11427 11510 11477
f 11477 11510 11511
f 11477 11511 11476
f 11476 11511 11512
f 11476 11512 11475
f 11475 11512 11513
f 11475 11513 11474
f 11491 11514 11490
f 11490 11514 11515
f 11490 11515 11489
f 11489 11515 11516
f 11489 11516 11488
f 11488 11516 11517
f 11488 11517 11487
f 11487 11517 11518
f 11487 11518 11486
f 11486 11518 11519
f 11486 11519 11485
f 11485 11519 11520
f 11485 11520 11484
f 11484 11520 11521
f 11484 11521 11483
f 11483 11521 11522
f 11483 11522 11482
f 11482 11522 11523
f 11482 11523 11481
f 11481 11523 11524
f 11481 11524 11480
f 11480 11524 11525
f 11480 11525 11479
f 11479 11525 11526
f 11479 11526 11478
f 11478 11526 11527
f 11478 11527 11528
f 11528 11527 11529
f 11528 11529 11530
f 11530 11529 11531
f 11530 11531 11532
f 11532 11531 11533
f 11532 11533 11534
f 11533 11535 11534
f 11534 11535 11536
f 11534 11536 11537
f 11537 11536 11538
f 11537 11538 11539
f 11539 11538 11540
f 11539 11540 11541
f 11541 11540 11542
f 11541 11542 11543
f 11543 11542 11544
f 11543 11544 11545
f 11545 11544 11546
f 11545 11546 11547
f 11547 11546 11548
f 11547 11548 11549
f 11549 11548 11550
f 11549 11550 11551
f 11551 11550 11552
f 11551 11552 11553
f 11553 11552 11554
f 11553 11554 11555
f 11555 11554 11556
f 11555 11556 11557
f 11557 11556 11558
f 11557 11558 11559
f 11559 11558 11560
f 11559 11560 11495
f 11495 11560 11561
f 11495 11561 11494
f 11494 11561 11562
f 11494 11562 11493
f 11493 11562 11563
f 11493 11563 11492
f 11492 11563 11564
f 11492 11564 11491
f 11491 11564 11565
f 11491 11565 11514
f 11500 11566 11501
f 11501 11566 11567
f 11501 11567 11502
f 11502 11567 11568
f 11502 11568 11503
f 11503 11568 11569
f 11503 11569 11504
f 11504 11569 11570
f 11504 11570 11505
f 11505 11570 11571
f 11505 11571 11506
f 11506 11571 11572
f 11506 11572 11507
f 11507 11572 11573
f 11507 11573 11508
f 11508 11573 11574
f 11508 11574 11509
f 11509 11574 11575
f 11509 11575 11510
f 11510 11575 11576
f 11510 11576 11511
f 11511 11576 11577
f 11511 11577 11512
f 11512 11577 11578
f 11512 11578 11513
f 11513 11578 11579
f 11513 11579 11580
f 11580 11579 11581
f 11580 11581 11582
f 11582 11581 11583
f 11582 11583 11584
f 11584 11583 11585
f 11584 11585 11586
f 11585 11587 11586
f 11586 11587 11588
f 11586 11588 11589
f 11589 11588 11590
f 11589 11590 11591
f 11591 11590 11592
f 11591 11592 11593
f 11593 11592 11594
f 11593 11594 11595
f 11595 11594 11596
f 11595 11596 11597
f 11597 11596 11598
f 11597 11598 11599
f 11599 11598 11600
f 11599 11600 11601
f 11601 11600 11602
f 11601 11602 11603
f 11603 11602 11604
f 11603 11604 11605
f 11605 11604 11606
f 11605 11606 11607
f 11607 11606 11608
f 11607 11608 11609
f 11609 11608 11610
f 11609 11610 11611
f 11611 11610 11612
f 11611 11612 11496
f 11496 11612 11613
f 11496 11613 11497
f 11497 11613 11614
f 11497 11614 11498
f 11498 11614 11615
f 11498 11615 11499
f 11499 11615 11616
f 11499 11616 11500
f 11500 11616 11617
f 11500 11617 11566
f 11561 11618 11619
f 11561 11619 11562
f 11562 11619 11620
f 11562 11620 11563
f 11563 11620 11621
f 11563 11621 11564
f 11564 11621 11622
f 11564 11622 11565
f 11565 11622 11623
f 11565 11623 11514
f 11514 11623 11624
f 11514 11624 11515
f 11515 11624 11625
f 11515 11625 11516
f 11516 11625 11626
f 11516 11626 11517
f 11517 11626 11627
f 11517 11627 11518
f 11518 11627 11628
f 11518 11628 11519
f 11519 11628 11629
f 11519 11629 11520
f 11520 11629 11630
f 11520 11630 11521
f 11521 11630 11631
f 11521 11631 11522
f 11522 11631 11632
f 11522 11632 11523
f 11523 11632 11633
f 11523 11633 11524
f 11524 11633 11634
f 11524 11634 11525
f 11525 11634 11635
f 11525 11635 11526
f 11526 11635 11636
f 11526 11636 11527
f 11637 11579 11578
f 11637 11578 11638
f 11638 11578 11577
f 11638 11577 11639
f 11639 11577 11576
f 11639 11576 11640
f 11640 11576 11575
f 11640 11575 11641
f 11641 11575 11574
f 11641 11574 11642
f 11642 11574 11573
f 11642 11573 11643
f 11643 11573 11572
f 11643 11572 11644
f 11644 11572 11571
f 11644 11571 11645
f 11645 11571 11570
f 11645 11570 11646
f 11646 11570 11569
f 11646 11569 11647
f 11647 11569 11568
f 11647 11568 11648
f 11648 11568 11567
f 11648 11567 11649
f 11649 11567 11566
f 11649 11566 11650
f 11650 11566 11617
f 11650 11617 11651
f 11651 11617 11616
f 11651 11616 11652
f 11652 11616 11615
f 11652 11615 11653
f 11653 11615 11614
f 11653 11614 11654
f 11654 11614 11613
f 11654 11613 11655
f 11656 11657 11658
f 11658 11657 11659
f 11658 11659 11660
f 11660 11659 11661
f 11660 11661 11662
f 11662 11661 11663
f 11662 11663 11664
f 11664 11663 11665
f 11664 11665 11666
f 11666 11665 11667
f 11666 11667 11668
f 11668 11667 11669
f 11668 11669 11670
f 11670 11669 11671
f 11670 11671 11672
f 11672 11671 11673
f 11672 11673 11674
f 11674 11673 11675
f 11674 11675 11676
f 11676 11675 11677
f 11676 11677 11678
f 11678 11677 11679
f 11678 11679 11680
f 11680 11679 11681
f 11680 11681 11682
f 11682 11681 11636
f 11682 11636 11683
f 11683 11636 11635
f 11683 11635 11684
f 11684 11635 11634
f 11684 11634 11685
f 11685 11634 11633
f 11685 11633 11686
f 11633 11632 11686
f 11686 11632 11631
f 11686 11631 11687
f 11687 11631 11630
f 11687 11630 11688
f 11688 11630 11629
f 11688 11629 11689
f 11689 11629 11628
f 11689 11628 11690
f 11690 11628 11627
f 11690 11627 11691
f 11691 11627 11626
f 11691 11626 11692
f 11692 11626 11625
f 11692 11625 11693
f 11693 11625 11624
f 11693 11624 11694
f 11694 11624 11623
f 11694 11623 11695
f 11695 11623 11622
f 11695 11622 11696
f 11696 11622 11621
f 11696 11621 11697
f 11697 11621 11620
f 11697 11620 11698
f 11698 11620 11619
f 11698 11619 11699
f 11699 11619 11618
f 11699 11618 11700
f 11700 11618 11701
f 11700 11701 11702
f 11702 11701 11703
f 11702 11703 11704
f 11704 11703 11705
f 11704 11705 11656
f 11656 11705 11706
f 11656 11706 11657
f 11707 11642 11708
f 11708 11642 11643
f 11708 11643 11709
f 11709 11643 11644
f 11709 11644 11710
f 11710 11644 11645
f 11710 11645 11711
f 11711 11645 11646
f 11711 11646 11712
f 11712 11646 11647
f 11712 11647 11713
f 11713 11647 11648
f 11713 11648 11714
f 11714 11648 11649
f 11714 11649 11715
f 11715 11649 11650
f 11715 11650 11716
f 11716 11650 11651
f 11716 11651 11717
f 11717 11651 11652
f 11717 11652 11718
f 11718 11652 11653
f 11718 11653 11719
f 11719 11653 11654
f 11719 11654 11720
f 11720 11654 11655
f 11720 11655 11721
f 11721 11655 11722
f 11721 11722 11723
f 11723 11722 11724
f 11723 11724 11725
f 11725 11724 11726
f 11725 11726 11727
f 11726 11728 11727
f 11727 11728 11729
f 11727 11729 11730
f 11730 11729 11731
f 11730 11731 11732
f 11732 11731 11733
f 11732 11733 11734
f 11734 11733 11735
f 11734 11735 11736
f 11736 11735 11737
f 11736 11737 11738
f 11738 11737 11739
f 11738 11739 11740
f 11740 11739 11741
f 11740 11741 11742
f 11742 11741 11743
f 11742 11743 11744
f 11744 11743 11745
f 11744 11745 11746
f 11746 11745 11747
f 11746 11747 11748
f 11748 11747 11749
f 11748 11749 11750
f 11750 11749 11751
f 11750 11751 11752
f 11752 11751 11753
f 11752 11753 11754
f 11754 11753 11637
f 11754 11637 11755
f 11755 11637 11638
f 11755 11638 11756
f 11756 11638 11639
f 11756 11639 11757
f 11757 11639 11640
f 11757 11640 11707
f 11707 11640 11641
f 11707 11641 11642
f 11758 11682 11683
f 11758 11683 11759
f 11759 11683 11684
f 11759 11684 11760
f 11760 11684 11685
f 11760 11685 11761
f 11761 11685 11686
f 11761 11686 11762
f 11762 11686 11687
f 11762 11687 11763
f 11763 11687 11688
f 11763 11688 11764
f 11764 11688 11689
f 11764 11689 11765
f 11765 11689 11690
f 11765 11690 11766
f 11766 11690 11691
f 11766 11691 11767
f 11767 11691 11692
f 11767 11692 11768
f 11768 11692 11693
f 11768 11693 11769
f 11769 11693 11694
f 11769 11694 11770
f 11770 11694 11695
f 11770 11695 11771
f 11771 11695 11696
f 11771 11696 11772
f 11772 11696 11697
f 11772 11697 11773
f 11773 11697 11698
f 11773 11698 11774
f 11774 11698 11699
f 11774 11699 11775
f 11720 11776 11777
f 11720 11777 11719
f 11719 11777 11778
f 11719 11778 11718
f 11718 11778 11779
f 11718 11779 11717
f 11717 11779 11780
f 11717 11780 11716
f 11716 11780 11781
f 11716 11781 11715
f 11715 11781 11782
f 11715 11782 11714
f 11714 11782 11783
f 11714 11783 11713
f 11713 11783 11784
f 11713 11784 11712
f 11712 11784 11785
f 11712 11785 11711
f 11711 11785 11786
f 11711 11786 11710
f 11710 11786 11787
f 11710 11787 11709
f 11709 11787 11788
f 11709 11788 11708
f 11708 11788 11789
f 11708 11789 11707
f 11707 11789 11790
f 11707 11790 11757
f 11757 11790 11791
f 11757 11791 11756
f 11756 11791 11792
f 11756 11792 11755
f 11755 11792 11793
f 11755 11793 11754
f 11771 11794 11770
f 11770 11794 11795
f 11770 11795 11769
f 11769 11795 11796
f 11769 11796 11768
f 11768 11796 11797
f 11768 11797 11767
f 11767 11797 11798
f 11767 11798 11766
f 11766 11798 11799
f 11766 11799 11765
f 11765 11799 11800
f 11765 11800 11764
f 11764 11800 11801
f 11764 11801 11763
f 11763 11801 11802
f 11763 11802 11762
f 11762 11802 11803
f 11762 11803 11761
f 11761 11803 11804
f 11761 11804 11760
f 11760 11804 11805
f 11760 11805 11759
f 11759 11805 11806
f 11759 11806 11758
f 11758 11806 11807
f 11758 11807 11808
f 11808 11807 11809
f 11808 11809 11810
f 11810 11809 11811
f 11810 11811 11812
f 11812 11811 11813
f 11812 11813 11814
f 11813 11815 11814
f 11814 11815 11816
f 11814 11816 11817
f 11817 11816 11818
f 11817 11818 11819
f 11819 11818 11820
f 11819 11820 11821
f 11821 11820 11822
f 11821 11822 11823
f 11823 11822 11824
f 11823 11824 11825
f 11825 11824 11826
f 11825 11826 11827
f 11827 11826 11828
f 11827 11828 11829
f 11829 11828 11830
f 11829 11830 11831
f 11831 11830 11832
f 11831 11832 11833
f 11833 11832 11834
f 11833 11834 11835
f 11835 11834 11836
f 11835 11836 11837
f 11837 11836 11838
f 11837 11838 11839
f 11839 11838 11840
f 11839 11840 11775
f 11775 11840 11841
f 11775 11841 11774
f 11774 11841 11842
f 11774 11842 11773
f 11773 11842 11843
f 11773 11843 11772
f 11772 11843 11844
f 11772 11844 11771
f 11771 11844 11845
f 11771 11845 11794
f 11780 11846 11781
f 11781 11846 11847
f 11781 11847 11782
f 11782 11847 11848
f 11782 11848 11783
f 11783 11848 11849
f 11783 11849 11784
f 11784 11849 11850
f 11784 11850 11785
f 11785 11850 11851
f 11785 11851 11786
f 11786 11851 11852
f 11786 11852 11787
f 11787 11852 11853
f 11787 11853 11788
f 11788 11853 11854
f 11788 11854 11789
f 11789 11854 11855
f 11789 11855 11790
f 11790 11855 11856
f 11790 11856 11791
f 11791 11856 11857
f 11791 11857 11792
f 11792 11857 11858
f 11792 11858 11793
f 11793 11858 11859
f 11793 11859 11860
f 11860 11859 11861
f 11860 11861 11862
f 11862 11861 11863
f 11862 11863 11864
f 11864 11863 11865
f 11864 11865 11866
f 11865 11867 11866
f 11866 11867 11868
f 11866 11868 11869
f 11869 11868 11870
f 11869 11870 11871
f 11871 11870 11872
f 11871 11872 11873
f 11873 11872 11874
f 11873 11874 11875
f 11875 11874 11876
f 11875 11876 11877
f 11877 11876 11878
f 11877 11878 11879
f 11879 11878 11880
f 11879 11880 11881
f 11881 11880 11882
f 11881 11882 11883
f 11883 11882 11884
f 11883 11884 11885
f 11885 11884 11886
f 11885 11886 11887
f 11887 11886 11888
f 11887 11888 11889
f 11889 11888 11890
f 11889 11890 11891
f 11891 11890 11892
f 11891 11892 11776
f 11776 11892 11893
f 11776 11893 11777
f 11777 11893 11894
f 11777 11894 11778
f 11778 11894 11895
f 11778 11895 11779
f 11779 11895 11896
f 11779 11896 11780
f 11780 11896 11897
f 11780 11897 11846
f 11841 11898 11899
f 11841 11899 11842
f 11842 11899 11900
f 11842 11900 11843
f 11843 11900 11901
f 11843 11901 11844
f 11844 11901 11902
f 11844 11902 11845
f 11845 11902 11903
f 11845 11903 11794
f 11794 11903 11904
f 11794 11904 11795
f 11795 11904 11905
f 11795 11905 11796
f 11796 11905 11906
f 11796 11906 11797
f 11797 11906 11907
f 11797 11907 11798
f 11798 11907 11908
f 11798 11908 11799
f 11799 11908 11909
f 11799 11909 11800
f 11800 11909 11910
f 11800 11910 11801
f 11801 11910 11911
f 11801 11911 11802
f 11802 11911 11912
f 11802 11912 11803
f 11803 11912 11913
f 11803 11913 11804
f 11804 11913 11914
f 11804 11914 11805
f 11805 11914 11915
f 11805 11915 11806
f 11806 11915 11916
f 11806 11916 11807
f 11917 11859 11858
f 11917 11858 11918
f 11918 11858 11857
f 11918 11857 11919
f 11919 11857 11856
f 11919 11856 11920
f 11920 11856 11855
f 11920 11855 11921
f 11921 11855 11854
f 11921 11854 11922
f 11922 11854 11853
f 11922 11853 11923
f 11923 11853 11852
f 11923 11852 11924
f 11924 11852 11851
f 11924 11851 11925
f 11925 11851 11850
f 11925 11850 11926
f 11926 11850 11849
f 11926 11849 11927
f 11927 11849 11848
f 11927 11848 11928
f 11928 11848 11847
f 11928 11847 11929
f 11929 11847 11846
f 11929 11846 11930
f 11930 11846 11897
f 11930 11897 11931
f 11931 11897 11896
f 11931 11896 11932
f 11932 11896 11895
f 11932 11895 11933
f 11933 11895 11894
f 11933 11894 11934
f 11934 11894 11893
f 11934 11893 11935
f 11936 11911 11937
f 11937 11911 11910
f 11937 11910 11938
f 11938 11910 11909
f 11938 11909 11939
f 11939 11909 11908
f 11939 11908 11940
f 11940 11908 11907
f 11940 11907 11941
f 11941 11907 11906
f 11941 11906 11942
f 11942 11906 11905
f 11942 11905 11943
f 11943 11905 11904
f 11943 11904 11944
f 11944 11904 11903
f 11944 11903 11945
f 11945 11903 11902
f 11945 11902 11946
f 11946 11902 11901
f 11946 11901 11947
f 11947 11901 11900
f 11947 11900 11948
f 11948 11900 11899
f 11948 11899 11949
f 11949 11899 11898
f 11949 11898 11950
f 11950 11898 11951
f 11950 11951 11952
f 11952 11951 11953
f 11952 11953 11954
f 11954 11953 11955
f 11954 11955 11956
f 11955 11957 11956
f 11956 11957 11958
f 11956 11958 11959
f 11959 11958 11960
f 11959 11960 11961
f 11961 11960 11962
f 11961 11962 11963
f 11963 11962 11964
f 11963 11964 11965
f 11965 11964 11966
f 11965 11966 11967
f 11967 11966 11968
f 11967 11968 11969
f 11969 11968 11970
f 11969 11970 11971
f 11971 11970 11972
f 11971 11972 11973
f 11973 11972 11974
f 11973 11974 11975
f 11975 11974 11976
f 11975 11976 11977
f 11977 11976 11978
f 11977 11978 11979
f 11979 11978 11980
f 11979 11980 11981
f 11981 11980 11982
f 11981 11982 11983
f 11983 11982 11916
f 11983 11916 11984
f 11984 11916 11915
f 11984 11915 11985
f 11985 11915 11914
f 11985 11914 11986
f 11986 11914 11913
f 11986 11913 11936
f 11936 11913 11912
f 11936 11912 11911
f 11987 11922 11988
f 11988 11922 11923
f 11988 11923 11989
f 11989 11923 11924
f 11989 11924 11990
f 11990 11924 11925
f 11990 11925 11991
f 11991 11925 11926
f 11991 11926 11992
f 11992 11926 11927
f 11992 11927 11993
f 11993 11927 11928
f 11993 11928 11994
f 11994 11928 11929
f 11994 11929 11995
f 11995 11929 11930
f 11995 11930 11996
f 11996 11930 11931
f 11996 11931 11997
f 11997 11931 11932
f 11997 11932 11998
f 11998 11932 11933
f 11998 11933 11999
f 11999 11933 11934
f 11999 11934 12000
f 12000 11934 11935
f 12000 11935 12001
f 12001 11935 12002
f 12001 12002 12003
f 12003 12002 12004
f 12003 12004 12005
f 12005 12004 12006
f 12005 12006 12007
f 12006 12008 12007
f 12007 12008 12009
f 12007 12009 12010
f 12010 12009 12011
f 12010 12011 12012
f 12012 12011 12013
f 12012 12013 12014
f 12014 12013 12015
f 12014 12015 12016
f 12016 12015 12017
f 12016 12017 12018
f 12018 12017 12019
f 12018 12019 12020
f 12020 12019 12021
f 12020 12021 12022
f 12022 12021 12023
f 12022 12023 12024
f 12024 12023 12025
f 12024 12025 12026
f 12026 12025 12027
f 12026 12027 12028
f 12028 12027 12029
f 12028 12029 12030
f 12030 12029 12031
f 12030 12031 12032
f 12032 12031 12033
f 12032 12033 12034
f 12034 12033 11917
f 12034 11917 12035
f 12035 11917 11918
f 12035 11918 12036
f 12036 11918 11919
f 12036 11919 12037
f 12037 11919 11920
f 12037 11920 11987
f 11987 11920 11921
f 11987 11921 11922
f 12000 11983 11984
f 12000 11984 11999
f 11999 11984 11985
f 11999 11985 11998
f 11998 11985 11986
f 11998 11986 11997
f 11997 11986 11936
f 11997 11936 11996
f 11996 11936 11937
f 11996 11937 11995
f 11995 11937 11938
f 11995 11938 11994
f 11994 11938 11939
f 11994 11939 11993
f 11993 11939 11940
f 11993 11940 11992
f 11992 11940 11941
f 11992 11941 11991
f 11991 11941 11942
f 11991 11942 11990
f 11990 11942 11943
f 11990 11943 11989
f 11989 11943 11944
f 11989 11944 11988
f 11988 11944 11945
f 11988 11945 11987
f 11987 11945 11946
f 11987 11946 12037
f 12037 11946 11947
f 12037 11947 12036
f 12036 11947 11948
f 12036 11948 12035
f 12035 11948 11949
f 12035 11949 12034
f 6660 12038 6678
f 6678 12038 12039
f 6678 12039 6675
f 6675 12039 12040
f 6675 12040 6673
f 6673 12040 12041
f 6673 12041 6671
f 6671 12041 12042
f 6671 12042 6669
f 6669 12042 12043
f 6669 12043 6667
f 6667 12043 12044
f 6667 12044 6665
f 6665 12044 12045
f 6665 12045 6864
f 6864 12045 12046
f 12047 12048 12049
f 12049 12048 6861
f 12049 6861 6860
f 12048 12047 12050
f 12050 12047 12051
f 12050 12051 12052
f 12052 12051 12053
f 12039 12038 12054
f 12038 12055 12054
f 12054 12055 12056
f 12054 12056 12057
f 12058 12045 12059
f 12059 12045 12044
f 12059 12044 12060
f 12060 12044 12043
f 12060 12043 12061
f 12061 12043 12042
f 12061 12042 12062
f 12062 12042 12041
f 12062 12041 12063
f 12063 12041 12040
f 12063 12040 12064
f 12064 12040 12039
f 12064 12039 12065
f 12065 12039 12054
f 12066 12067 12068
f 12068 12067 12069
f 12068 12069 12070
f 12069 12071 12070
f 12070 12071 12072
f 12070 12072 12073
f 12073 12072 12074
f 12073 12074 12075
f 12075 12074 12076
f 12075 12076 12077
f 12077 12076 12078
f 12077 12078 12056
f 12056 12078 12079
f 12056 12079 12057
f 12080 12081 12082
f 12066 12068 12083
f 12083 12068 12084
f 12083 12084 12085
f 12086 12087 12088
f 12082 12087 12080
f 12080 12087 12086
f 12080 12086 12089
f 12089 12086 12090
f 12091 12092 12038
f 12038 12092 12093
f 12038 12093 12055
f 12086 12094 12090
f 12090 12094 12095
f 12090 12095 12096
f 12096 12095 12097
f 12096 12097 12098
f 12098 12097 12099
f 12098 12099 12100
f 12100 12099 12101
f 12100 12101 12102
f 12102 12101 12103
f 12102 12103 12104
f 12104 12103 12105
f 12104 12105 12106
f 12106 12105 12107
f 12106 12107 12108
f 12108 12107 12109
f 12108 12109 12110
f 12050 12052 12111
f 12111 12052 12112
f 12111 12112 12113
f 12113 12112 12114
f 12113 12114 12115
f 12114 12116 12115
f 12115 12116 12117
f 12115 12117 12118
f 12118 12117 12119
f 12118 12119 12120
f 12120 12119 12121
f 12120 12121 12088
f 12088 12121 12122
f 12088 12122 12086
f 12085 12123 12083
f 12083 12123 12092
f 12083 12092 12124
f 12124 12092 12091
f 12109 12125 12110
f 12110 12125 12126
f 12110 12126 12081
f 12081 12126 12127
f 12081 12127 12082
f 12082 12127 12128
f 12082 12128 12129
f 12129 12128 12130
f 12129 12130 12131
f 12131 12130 12132
f 12131 12132 12133
f 12133 12132 12134
f 12133 12134 12135
f 12135 12134 12136
f 12135 12136 12137
f 12137 12136 12138
f 12137 12138 12139
f 12139 12138 12140
f 12139 12140 12141
f 12141 12140 12142
f 12141 12142 12143
f 12143 12142 12144
f 12143 12144 12145
f 12145 12144 12146
f 12145 12146 12147
f 12147 12146 12148
f 12147 12148 12149
f 12149 12148 12150
f 12149 12150 12151
f 12151 12150 12152
f 12151 12152 12153
f 12153 12152 12154
f 12153 12154 12155
f 12155 12154 12156
f 12155 12156 12091
f 12091 12156 12157
f 12091 12157 12124
f 12158 12046 12045
f 12058 12159 12045
f 12045 12159 12160
f 12045 12160 12158
f 6866 6864 12161
f 12161 6864 12046
f 12161 12046 12158
f 7836 7899 7837
f 7837 7899 7934
f 7820 7823 12162
f 12162 7823 7822
f 7822 7828 12162
f 12162 7828 7827
f 12162 7827 7825
f 7825 7824 7933
f 7933 7824 7829
f 7933 7829 7831
f 7831 7833 7933
f 7933 7833 7839
f 7933 7839 7934
f 7934 7839 7838
f 7934 7838 7837
f 12162 12163 7820
f 7820 12163 12164
f 7820 12164 7819
f 7790 12165 7791
f 7791 12165 12166
f 7774 7777 7903
f 7777 7776 7903
f 7903 7776 7782
f 7903 7782 7781
f 7781 7779 7903
f 7903 7779 7778
f 7903 7778 7783
f 12167 7783 7785
f 7785 7787 12167
f 12167 7787 7793
f 12167 7793 12166
f 12166 7793 7792
f 12166 7792 7791
f 7903 7901 7774
f 7774 7901 7900
f 7774 7900 7773
f 7783 12167 7903
f 7903 12167 12168
f 7903 12168 7905
f 7905 12168 12169
f 7905 12169 7907
f 7907 12169 12170
f 7907 12170 7909
f 7909 12170 12171
f 7909 12171 7911
f 7911 12171 12172
f 7911 12172 7913
f 7913 12172 12173
f 7913 12173 7915
f 7915 12173 12174
f 7915 12174 7917
f 12175 7917 12176
f 12176 7917 12177
f 12175 12178 7917
f 7917 12178 12179
f 7917 12179 7919
f 7919 12179 7796
f 7919 7796 7797
f 7797 7800 7919
f 7919 7800 7799
f 7919 7799 7805
f 7805 7804 7919
f 7919 7804 7802
f 7919 7802 7801
f 7806 7808 12180
f 12180 7808 7810
f 12180 7810 7816
f 7816 7815 12180
f 12180 7815 7814
f 12180 7814 12174
f 7814 7813 12174
f 12174 7813 12181
f 12174 12181 12182
f 12182 12183 12174
f 12174 12183 12184
f 12174 12184 12185
f 12185 12186 12174
f 12174 12186 12187
f 12174 12187 7917
f 7917 12187 12188
f 7917 12188 12177
f 7825 7933 12162
f 12162 7933 7931
f 12162 7931 12189
f 12189 7931 7929
f 12189 7929 12190
f 12190 7929 7927
f 12190 7927 12191
f 12191 7927 7925
f 12191 7925 12192
f 12192 7925 7923
f 12192 7923 12193
f 12193 7923 7921
f 12193 7921 12194
f 12194 7921 7919
f 12194 7919 12180
f 12180 7919 7801
f 12180 7801 7806
f 12159 12195 12160
f 12160 12195 12196
f 12160 12196 12197
f 12197 12196 12198
f 12197 12198 12199
f 12199 12198 12200
f 12199 12200 12201
f 12202 12203 12204
f 12204 12203 12205
f 12204 12205 12206
f 12206 12205 12207
f 12206 12207 12200
f 12200 12207 12201
f 12203 12202 12208
f 12203 12208 12209
f 12209 12208 12210
f 12209 12210 12211
f 12211 12210 12053
f 12211 12053 12051
f 12212 12164 12163
f 12212 12163 12213
f 12213 12163 12162
f 12213 12162 12214
f 12214 12162 12189
f 12214 12189 12215
f 12215 12189 12190
f 12215 12190 12216
f 12216 12190 12191
f 12216 12191 12217
f 12217 12191 12192
f 12217 12192 12218
f 12218 12192 12193
f 12218 12193 12219
f 12219 12193 12194
f 12219 12194 12220
f 12220 12194 12180
f 12220 12180 12221
f 12221 12180 12174
f 12221 12174 12222
f 12222 12174 12173
f 12222 12173 12223
f 12223 12173 12172
f 12223 12172 12224
f 12224 12172 12171
f 12224 12171 12225
f 12225 12171 12170
f 12225 12170 12226
f 12226 12170 12169
f 12226 12169 12227
f 12227 12169 12168
f 12227 12168 12228
f 12228 12168 12167
f 12228 12167 12229
f 12229 12167 12166
f 12229 12166 12230
f 12230 12166 12165
f 12230 12165 12231
f 12159 12058 12059
f 12210 12232 12053
f 12053 12232 12233
f 12053 12233 12052
f 12195 12234 12196
f 12196 12234 12235
f 12196 12235 12198
f 12210 12208 12232
f 12232 12208 12202
f 12232 12202 12236
f 12236 12202 12204
f 12236 12204 12237
f 12237 12204 12206
f 12237 12206 12235
f 12235 12206 12200
f 12235 12200 12198
f 12238 12122 12239
f 12239 12122 12121
f 12239 12121 12240
f 12240 12121 12119
f 12240 12119 12241
f 12241 12119 12117
f 12241 12117 12242
f 12242 12117 12116
f 12242 12116 12243
f 12243 12116 12114
f 12243 12114 12233
f 12233 12114 12112
f 12233 12112 12052
f 12195 12159 12234
f 12234 12159 12059
f 12234 12059 12244
f 12244 12059 12060
f 12244 12060 12245
f 12245 12060 12061
f 12245 12061 12246
f 12246 12061 12062
f 12246 12062 12247
f 12247 12062 12063
f 12247 12063 12248
f 12248 12063 12064
f 12248 12064 12249
f 12249 12064 12065
f 12122 12238 12086
f 12086 12238 12250
f 12086 12250 12094
f 12094 12250 12251
f 12094 12251 12095
f 12095 12251 12252
f 12095 12252 12097
f 12097 12252 12253
f 12097 12253 12254
f 12097 12254 12099
f 12099 12254 12255
f 12099 12255 12101
f 12101 12255 12256
f 12101 12256 12103
f 12257 12128 12258
f 12258 12128 12127
f 12259 12157 12260
f 12260 12157 12156
f 12260 12156 12261
f 12261 12156 12154
f 12261 12154 12262
f 12262 12154 12152
f 12262 12152 12263
f 12263 12152 12150
f 12263 12150 12264
f 12264 12150 12148
f 12264 12148 12265
f 12265 12148 12146
f 12265 12146 12266
f 12266 12146 12144
f 12266 12144 12267
f 12267 12144 12142
f 12267 12142 12268
f 12268 12142 12140
f 12268 12140 12269
f 12269 12140 12138
f 12269 12138 12270
f 12270 12138 12136
f 12270 12136 12271
f 12271 12136 12134
f 12271 12134 12272
f 12272 12134 12132
f 12272 12132 12273
f 12273 12132 12130
f 12273 12130 12257
f 12257 12130 12128
f 12157 12259 12124
f 12124 12259 12274
f 12067 12275 12276
f 12067 12276 12069
f 12069 12276 12277
f 12069 12277 12071
f 12071 12277 12278
f 12071 12278 12072
f 12072 12278 12279
f 12072 12279 12074
f 12074 12279 12280
f 12074 12280 12076
f 12076 12280 12281
f 12076 12281 12078
f 12249 12065 12282
f 12282 12065 12054
f 12282 12054 12283
f 12283 12054 12057
f 12283 12057 12284
f 12284 12057 12079
f 12284 12079 12281
f 12281 12079 12078
f 12085 12285 12123
f 12123 12285 12286
f 12123 12286 12092
f 12092 12286 12287
f 12092 12287 12093
f 12093 12287 12288
f 12093 12288 12055
f 12055 12288 12289
f 12055 12289 12056
f 12056 12289 12290
f 12056 12290 12077
f 12077 12290 12291
f 12108 12292 12106
f 12106 12292 12293
f 12106 12293 12104
f 12104 12293 12294
f 12104 12294 12102
f 12102 12294 12295
f 12102 12295 12100
f 12100 12295 12296
f 12100 12296 12098
f 12098 12296 12297
f 12098 12297 12096
f 12096 12297 12298
f 12299 12300 12214
f 12301 12302 12303
f 12304 12305 12306
f 12304 12306 12307
f 12308 12309 12310
f 12310 12309 12301
f 12229 12308 12228
f 12228 12308 12311
f 12228 12311 12227
f 12227 12311 12312
f 12227 12312 12226
f 12226 12312 12313
f 12226 12313 12225
f 12229 12314 12315
f 12225 12313 12224
f 12224 12313 12316
f 12224 12316 12223
f 12317 12318 12319
f 12319 12318 12320
f 12321 12322 12323
f 12299 12214 12305
f 12305 12214 12215
f 12305 12215 12306
f 12301 12324 12302
f 12302 12324 12325
f 12302 12325 12326
f 12326 12325 12327
f 12326 12327 12328
f 12328 12327 12329
f 12328 12329 12330
f 12330 12329 12212
f 12330 12212 12300
f 12300 12212 12213
f 12300 12213 12214
f 12331 12332 12333
f 12333 12332 12334
f 12333 12334 12319
f 12319 12334 12335
f 12319 12335 12317
f 12320 12336 12319
f 12319 12336 12337
f 12319 12337 12301
f 12301 12337 12338
f 12301 12338 12324
f 12339 12340 12341
f 12229 12315 12308
f 12308 12315 12342
f 12308 12342 12309
f 12321 12323 12303
f 12303 12323 12343
f 12303 12343 12301
f 12301 12343 12344
f 12301 12344 12310
f 12307 12306 12322
f 12322 12306 12345
f 12322 12345 12323
f 12219 12220 12346
f 12346 12220 12221
f 12346 12221 12316
f 12316 12221 12222
f 12316 12222 12223
f 12215 12216 12306
f 12306 12216 12217
f 12306 12217 12346
f 12346 12217 12218
f 12346 12218 12219
f 12340 12339 12347
f 12347 12339 12348
f 12347 12348 12333
f 12333 12348 12349
f 12333 12349 12331
f 12314 12229 12350
f 12350 12229 12230
f 12350 12230 12351
f 12351 12230 12231
f 12351 12231 12341
f 12341 12231 12352
f 12341 12352 12339
f 12280 12353 12354
f 12257 12258 12355
f 12262 12356 12357
f 12358 12242 12243
f 12273 12257 12359
f 12262 12263 12356
f 12356 12263 12264
f 12356 12264 12360
f 12281 12247 12248
f 12273 12359 12272
f 12361 12274 12362
f 12362 12274 12259
f 12362 12259 12363
f 12363 12259 12260
f 12363 12260 12357
f 12357 12260 12261
f 12357 12261 12262
f 12277 12362 12278
f 12278 12362 12353
f 12278 12353 12279
f 12279 12353 12280
f 12281 12280 12247
f 12247 12280 12354
f 12247 12354 12246
f 12246 12354 12364
f 12246 12364 12245
f 12237 12235 12365
f 12365 12235 12234
f 12365 12234 12364
f 12364 12234 12244
f 12364 12244 12245
f 12243 12233 12358
f 12358 12233 12232
f 12358 12232 12365
f 12365 12232 12236
f 12365 12236 12237
f 12264 12265 12360
f 12360 12265 12266
f 12360 12266 12366
f 12366 12266 12267
f 12366 12267 12268
f 12367 12361 12275
f 12275 12361 12362
f 12275 12362 12276
f 12276 12362 12277
f 12257 12355 12359
f 12359 12355 12368
f 12359 12368 12369
f 12369 12370 12359
f 12359 12370 12371
f 12359 12371 12358
f 12371 12256 12358
f 12358 12256 12255
f 12358 12255 12242
f 12268 12269 12366
f 12366 12269 12270
f 12366 12270 12359
f 12359 12270 12271
f 12359 12271 12272
f 12283 12284 12282
f 12282 12284 12281
f 12282 12281 12249
f 12249 12281 12248
f 12238 12239 12253
f 12253 12239 12240
f 12255 12254 12242
f 12242 12254 12253
f 12242 12253 12241
f 12241 12253 12240
f 12252 12251 12253
f 12253 12251 12250
f 12253 12250 12238
f 12285 12372 12286
f 12286 12372 12373
f 12286 12373 12287
f 12287 12373 12374
f 12287 12374 12288
f 12288 12374 12375
f 12288 12375 12289
f 12289 12375 12376
f 12289 12376 12290
f 12290 12376 12377
f 12290 12377 12291
f 12291 12377 12378
f 12292 12379 12293
f 12293 12379 12380
f 12293 12380 12294
f 12294 12380 12381
f 12294 12381 12295
f 12295 12381 12382
f 12295 12382 12296
f 12296 12382 12383
f 12296 12383 12297
f 12297 12383 12384
f 12297 12384 12298
f 12298 12384 12385
f 12362 12308 12353
f 12353 12308 12310
f 12353 12310 12354
f 12354 12310 12344
f 12354 12344 12364
f 12364 12344 12343
f 12364 12343 12365
f 12365 12343 12323
f 12365 12323 12358
f 12358 12323 12345
f 12358 12345 12359
f 12359 12345 12306
f 12372 12315 12373
f 12373 12315 12314
f 12373 12314 12374
f 12374 12314 12350
f 12374 12350 12375
f 12375 12350 12351
f 12375 12351 12376
f 12376 12351 12341
f 12376 12341 12377
f 12377 12341 12340
f 12377 12340 12378
f 12378 12340 12347
f 12379 12305 12380
f 12380 12305 12304
f 12380 12304 12381
f 12381 12304 12307
f 12381 12307 12382
f 12382 12307 12322
f 12382 12322 12383
f 12383 12322 12321
f 12383 12321 12384
f 12384 12321 12303
f 12384 12303 12385
f 12385 12303 12302
f 12385 12302 12386
f 12386 12302 12326
f 12386 12326 12387
f 12387 12326 12328
f 12387 12328 12388
f 12388 12328 12330
f 12388 12330 12389
f 12389 12330 12300
f 12389 12300 12390
f 12390 12300 12299
f 12390 12299 12379
f 12379 12299 12305
f 12378 12347 12391
f 12391 12347 12333
f 12391 12333 12392
f 12392 12333 12319
f 12392 12319 12393
f 12393 12319 12301
f 12393 12301 12394
f 12394 12301 12309
f 12394 12309 12395
f 12395 12309 12342
f 12395 12342 12372
f 12372 12342 12315
f 12359 12306 12366
f 12366 12306 12346
f 12366 12346 12360
f 12360 12346 12316
f 12360 12316 12356
f 12356 12316 12313
f 12356 12313 12357
f 12357 12313 12312
f 12357 12312 12363
f 12363 12312 12311
f 12363 12311 12362
f 12362 12311 12308
f 12298 12385 12396
f 12396 12385 12386
f 12396 12386 12397
f 12397 12386 12387
f 12397 12387 12398
f 12398 12387 12388
f 12398 12388 12399
f 12399 12388 12389
f 12399 12389 12400
f 12400 12389 12390
f 12400 12390 12292
f 12292 12390 12379
f 12291 12378 12401
f 12401 12378 12391
f 12401 12391 12402
f 12402 12391 12392
f 12402 12392 12403
f 12403 12392 12393
f 12403 12393 12404
f 12404 12393 12394
f 12404 12394 12405
f 12405 12394 12395
f 12405 12395 12285
f 12285 12395 12372
f 12096 12298 12090
f 12090 12298 12396
f 12090 12396 12089
f 12089 12396 12397
f 12089 12397 12080
f 12080 12397 12398
f 12080 12398 12081
f 12081 12398 12399
f 12081 12399 12110
f 12110 12399 12400
f 12110 12400 12108
f 12108 12400 12292
f 12077 12291 12075
f 12075 12291 12401
f 12075 12401 12073
f 12073 12401 12402
f 12073 12402 12070
f 12070 12402 12403
f 12070 12403 12068
f 12068 12403 12404
f 12068 12404 12084
f 12084 12404 12405
f 12084 12405 12085
f 12085 12405 12285
f 12124 12274 12083
f 12083 12274 12361
f 12083 12361 12066
f 12066 12361 12367
f 12066 12367 12067
f 12067 12367 12275
f 12258 12127 12355
f 12355 12127 12126
f 12355 12126 12368
f 12368 12126 12125
f 12368 12125 12369
f 12369 12125 12109
f 12103 12256 12371
f 12103 12371 12105
f 12105 12371 12370
f 12105 12370 12107
f 12107 12370 12369
f 12107 12369 12109
f 12231 12165 12406
f 12231 12406 12352
f 12352 12406 12407
f 12352 12407 12339
f 12339 12407 12408
f 12339 12408 12348
f 12348 12408 12409
f 12348 12409 12349
f 12349 12409 12410
f 12349 12410 12331
f 12331 12410 12411
f 12331 12411 12332
f 12332 12411 12412
f 12332 12412 12334
f 12334 12412 12413
f 12334 12413 12335
f 12335 12413 12414
f 12335 12414 12317
f 12317 12414 12415
f 12317 12415 12318
f 12318 12415 12416
f 12318 12416 12320
f 12320 12416 12417
f 12320 12417 12336
f 12336 12417 12418
f 12336 12418 12337
f 12337 12418 12419
f 12337 12419 12338
f 12338 12419 12420
f 12338 12420 12324
f 12324 12420 12421
f 12324 12421 12325
f 12325 12421 12422
f 12325 12422 12327
f 12327 12422 12423
f 12327 12423 12329
f 12329 12423 12164
f 12329 12164 12212
f 12205 12415 12414
f 7773 7900 12424
f 12424 7900 7863
f 12425 12426 12407
f 12407 12426 12427
f 12427 12428 12407
f 12407 12428 12429
f 12407 12429 12430
f 12430 12431 7865
f 7865 12431 12432
f 7865 12432 12433
f 12433 12434 7865
f 7865 12434 12435
f 7865 12435 7863
f 7863 12435 12436
f 7863 12436 12424
f 12407 12406 12425
f 12425 12406 12165
f 12425 12165 7790
f 7819 12164 12437
f 12437 12164 12423
f 12438 12439 7895
f 12439 12440 7895
f 7895 12440 12441
f 7895 12441 12442
f 12442 12443 7895
f 7895 12443 12444
f 7895 12444 12445
f 12446 12447 12422
f 12422 12447 12448
f 12422 12448 12423
f 12423 12448 12449
f 12423 12449 12437
f 7895 7897 12438
f 12438 7897 7899
f 12438 7899 7836
f 12413 12160 12197
f 6872 6868 7875
f 12158 12160 12161
f 12161 12160 12413
f 12161 12413 6866
f 6866 12413 12412
f 7875 7877 6872
f 6872 7877 7879
f 6872 7879 6877
f 7847 7852 7881
f 7852 7854 7881
f 7881 7854 7856
f 7881 7856 7862
f 7862 7861 7881
f 7881 7861 7860
f 7881 7860 7879
f 7860 7859 7879
f 7879 7859 12450
f 7879 12450 12451
f 12451 12452 7879
f 7879 12452 12453
f 7879 12453 12454
f 12454 12455 7879
f 7879 12455 12456
f 7879 12456 6877
f 6877 12456 12457
f 6877 12457 12458
f 12458 12459 6877
f 6877 12459 12460
f 6877 12460 12461
f 12461 12462 6877
f 6877 12462 7842
f 6877 7842 6875
f 6875 7842 7843
f 7843 7846 6875
f 6875 7846 7845
f 6875 7845 7851
f 7851 7850 6875
f 6875 7850 7848
f 6875 7848 7847
f 7847 7881 6875
f 6875 7881 7883
f 6875 7883 6874
f 12416 12049 12417
f 12417 12049 6860
f 6874 7883 6859
f 6859 7883 7885
f 6859 7885 6860
f 12415 12205 12416
f 12416 12205 12203
f 12416 12203 12209
f 12047 12049 12051
f 12051 12049 12416
f 12051 12416 12211
f 12211 12416 12209
f 12197 12199 12413
f 12413 12199 12201
f 12413 12201 12414
f 12414 12201 12207
f 12414 12207 12205
f 6860 7885 12417
f 12417 7885 7887
f 12417 7887 12418
f 12418 7887 7889
f 12418 7889 12419
f 12419 7889 7891
f 12419 7891 12420
f 12420 7891 7893
f 12420 7893 12421
f 12421 7893 7895
f 12421 7895 12422
f 12422 7895 12445
f 12422 12445 12446
f 12430 7865 12407
f 12407 7865 7867
f 12407 7867 12408
f 12408 7867 7869
f 12408 7869 12409
f 12409 7869 7871
f 12409 7871 12410
f 12410 7871 7873
f 12410 7873 12411
f 12411 7873 7875
f 12411 7875 12412
f 12412 7875 6868
f 12412 6868 6866
f 12087 6635 12088
f 12088 6635 6633
f 12088 6633 12120
f 12120 6633 6631
f 12120 6631 12118
f 12118 6631 6649
f 12118 6649 12115
f 12115 6649 6647
f 12115 6647 12113
f 12113 6647 6645
f 12113 6645 12111
f 12111 6645 6643
f 12111 6643 12050
f 12050 6643 6641
f 12050 6641 12048
f 12048 6641 6861
f 12038 6660 12091
f 12091 6660 6658
f 12091 6658 12155
f 12155 6658 6656
f 12155 6656 12153
f 12153 6656 6702
f 12153 6702 12151
f 12151 6702 6704
f 12151 6704 12149
f 12149 6704 6685
f 12149 6685 12147
f 12147 6685 6687
f 12147 6687 12145
f 12145 6687 6734
f 12145 6734 12143
f 12143 6734 6733
f 12143 6733 12141
f 12141 6733 6731
f 12141 6731 12139
f 12139 6731 6729
f 12139 6729 12137
f 12137 6729 6727
f 12137 6727 12135
f 12135 6727 6725
f 12135 6725 12133
f 12133 6725 6723
f 12133 6723 12131
f 12131 6723 6721
f 12131 6721 12129
f 12129 6721 6716
f 12129 6716 12082
f 12082 6716 6735
f 12082 6735 12087
f 12087 6735 6635
f 12034 11949 11950
f 12034 11950 12032
f 12032 11950 11952
f 12032 11952 12030
f 12030 11952 11954
f 12030 11954 12028
f 12028 11954 11956
f 12028 11956 12026
f 12026 11956 11959
f 12026 11959 12024
f 12024 11959 11961
f 12024 11961 12022
f 12022 11961 11963
f 12022 11963 12020
f 12020 11963 11965
f 12020 11965 12018
f 12018 11965 11967
f 12018 11967 12016
f 12016 11967 11969
f 12016 11969 12014
f 12014 11969 11971
f 12014 11971 12012
f 12012 11971 11973
f 12012 11973 12010
f 12010 11973 11975
f 12010 11975 12007
f 12007 11975 11977
f 12007 11977 12005
f 12005 11977 11979
f 12005 11979 12003
f 12003 11979 11981
f 12003 11981 12001
f 12001 11981 11983
f 12001 11983 12000
f 11935 11893 11892
f 11935 11892 12002
f 12002 11892 11890
f 12002 11890 12004
f 12004 11890 11888
f 12004 11888 12006
f 12006 11888 11886
f 12006 11886 12008
f 12008 11886 11884
f 12008 11884 12009
f 12009 11884 11882
f 12009 11882 12011
f 12011 11882 11880
f 12011 11880 12013
f 12013 11880 11878
f 12013 11878 12015
f 12015 11878 11876
f 12015 11876 12017
f 12017 11876 11874
f 12017 11874 12019
f 12019 11874 11872
f 12019 11872 12021
f 12021 11872 11870
f 12021 11870 12023
f 12023 11870 11868
f 12023 11868 12025
f 12025 11868 11867
f 12025 11867 12027
f 12027 11867 11865
f 12027 11865 12029
f 12029 11865 11863
f 12029 11863 12031
f 12031 11863 11861
f 12031 11861 12033
f 12033 11861 11859
f 12033 11859 11917
f 11807 11916 11982
f 11807 11982 11809
f 11809 11982 11980
f 11809 11980 11811
f 11811 11980 11978
f 11811 11978 11813
f 11813 11978 11976
f 11813 11976 11815
f 11815 11976 11974
f 11815 11974 11816
f 11816 11974 11972
f 11816 11972 11818
f 11818 11972 11970
f 11818 11970 11820
f 11820 11970 11968
f 11820 11968 11822
f 11822 11968 11966
f 11822 11966 11824
f 11824 11966 11964
f 11824 11964 11826
f 11826 11964 11962
f 11826 11962 11828
f 11828 11962 11960
f 11828 11960 11830
f 11830 11960 11958
f 11830 11958 11832
f 11832 11958 11957
f 11832 11957 11834
f 11834 11957 11955
f 11834 11955 11836
f 11836 11955 11953
f 11836 11953 11838
f 11838 11953 11951
f 11838 11951 11840
f 11840 11951 11898
f 11840 11898 11841
f 11754 11793 11860
f 11754 11860 11752
f 11752 11860 11862
f 11752 11862 11750
f 11750 11862 11864
f 11750 11864 11748
f 11748 11864 11866
f 11748 11866 11746
f 11746 11866 11869
f 11746 11869 11744
f 11744 11869 11871
f 11744 11871 11742
f 11742 11871 11873
f 11742 11873 11740
f 11740 11873 11875
f 11740 11875 11738
f 11738 11875 11877
f 11738 11877 11736
f 11736 11877 11879
f 11736 11879 11734
f 11734 11879 11881
f 11734 11881 11732
f 11732 11881 11883
f 11732 11883 11730
f 11730 11883 11885
f 11730 11885 11727
f 11727 11885 11887
f 11727 11887 11725
f 11725 11887 11889
f 11725 11889 11723
f 11723 11889 11891
f 11723 11891 11721
f 11721 11891 11776
f 11721 11776 11720
f 11775 11699 11700
f 11775 11700 11839
f 11839 11700 11702
f 11839 11702 11837
f 11837 11702 11704
f 11837 11704 11835
f 11835 11704 11656
f 11835 11656 11833
f 11833 11656 11658
f 11833 11658 11831
f 11831 11658 11660
f 11831 11660 11829
f 11829 11660 11662
f 11829 11662 11827
f 11827 11662 11664
f 11827 11664 11825
f 11825 11664 11666
f 11825 11666 11823
f 11823 11666 11668
f 11823 11668 11821
f 11821 11668 11670
f 11821 11670 11819
f 11819 11670 11672
f 11819 11672 11817
f 11817 11672 11674
f 11817 11674 11814
f 11814 11674 11676
f 11814 11676 11812
f 11812 11676 11678
f 11812 11678 11810
f 11810 11678 11680
f 11810 11680 11808
f 11808 11680 11682
f 11808 11682 11758
f 11655 11613 11612
f 11655 11612 11722
f 11722 11612 11610
f 11722 11610 11724
f 11724 11610 11608
f 11724 11608 11726
f 11726 11608 11606
f 11726 11606 11728
f 11728 11606 11604
f 11728 11604 11729
f 11729 11604 11602
f 11729 11602 11731
f 11731 11602 11600
f 11731 11600 11733
f 11733 11600 11598
f 11733 11598 11735
f 11735 11598 11596
f 11735 11596 11737
f 11737 11596 11594
f 11737 11594 11739
f 11739 11594 11592
f 11739 11592 11741
f 11741 11592 11590
f 11741 11590 11743
f 11743 11590 11588
f 11743 11588 11745
f 11745 11588 11587
f 11745 11587 11747
f 11747 11587 11585
f 11747 11585 11749
f 11749 11585 11583
f 11749 11583 11751
f 11751 11583 11581
f 11751 11581 11753
f 11753 11581 11579
f 11753 11579 11637
f 11527 11636 11681
f 11527 11681 11529
f 11529 11681 11679
f 11529 11679 11531
f 11531 11679 11677
f 11531 11677 11533
f 11533 11677 11675
f 11533 11675 11535
f 11535 11675 11673
f 11535 11673 11536
f 11536 11673 11671
f 11536 11671 11538
f 11538 11671 11669
f 11538 11669 11540
f 11540 11669 11667
f 11540 11667 11542
f 11542 11667 11665
f 11542 11665 11544
f 11544 11665 11663
f 11544 11663 11546
f 11546 11663 11661
f 11546 11661 11548
f 11548 11661 11659
f 11548 11659 11550
f 11550 11659 11657
f 11550 11657 11552
f 11552 11657 11706
f 11552 11706 11554
f 11554 11706 11705
f 11554 11705 11556
f 11556 11705 11703
f 11556 11703 11558
f 11558 11703 11701
f 11558 11701 11560
f 11560 11701 11618
f 11560 11618 11561
f 11474 11513 11580
f 11474 11580 11472
f 11472 11580 11582
f 11472 11582 11470
f 11470 11582 11584
f 11470 11584 11468
f 11468 11584 11586
f 11468 11586 11466
f 11466 11586 11589
f 11466 11589 11464
f 11464 11589 11591
f 11464 11591 11462
f 11462 11591 11593
f 11462 11593 11460
f 11460 11593 11595
f 11460 11595 11458
f 11458 11595 11597
f 11458 11597 11456
f 11456 11597 11599
f 11456 11599 11454
f 11454 11599 11601
f 11454 11601 11452
f 11452 11601 11603
f 11452 11603 11450
f 11450 11603 11605
f 11450 11605 11447
f 11447 11605 11607
f 11447 11607 11445
f 11445 11607 11609
f 11445 11609 11443
f 11443 11609 11611
f 11443 11611 11441
f 11441 11611 11496
f 11441 11496 11440
f 11495 11419 11420
f 11495 11420 11559
f 11559 11420 11422
f 11559 11422 11557
f 11557 11422 11424
f 11557 11424 11555
f 11555 11424 11376
f 11555 11376 11553
f 11553 11376 11378
f 11553 11378 11551
f 11551 11378 11380
f 11551 11380 11549
f 11549 11380 11382
f 11549 11382 11547
f 11547 11382 11384
f 11547 11384 11545
f 11545 11384 11386
f 11545 11386 11543
f 11543 11386 11388
f 11543 11388 11541
f 11541 11388 11390
f 11541 11390 11539
f 11539 11390 11392
f 11539 11392 11537
f 11537 11392 11394
f 11537 11394 11534
f 11534 11394 11396
f 11534 11396 11532
f 11532 11396 11398
f 11532 11398 11530
f 11530 11398 11400
f 11530 11400 11528
f 11528 11400 11402
f 11528 11402 11478
f 11375 11333 11332
f 11375 11332 11442
f 11442 11332 11330
f 11442 11330 11444
f 11444 11330 11328
f 11444 11328 11446
f 11446 11328 11326
f 11446 11326 11448
f 11448 11326 11324
f 11448 11324 11449
f 11449 11324 11322
f 11449 11322 11451
f 11451 11322 11320
f 11451 11320 11453
f 11453 11320 11318
f 11453 11318 11455
f 11455 11318 11316
f 11455 11316 11457
f 11457 11316 11314
f 11457 11314 11459
f 11459 11314 11312
f 11459 11312 11461
f 11461 11312 11310
f 11461 11310 11463
f 11463 11310 11308
f 11463 11308 11465
f 11465 11308 11307
f 11465 11307 11467
f 11467 11307 11305
f 11467 11305 11469
f 11469 11305 11303
f 11469 11303 11471
f 11471 11303 11301
f 11471 11301 11473
f 11473 11301 11299
f 11473 11299 11357
f 11247 11356 11401
f 11247 11401 11249
f 11249 11401 11399
f 11249 11399 11251
f 11251 11399 11397
f 11251 11397 11253
f 11253 11397 11395
f 11253 11395 11255
f 11255 11395 11393
f 11255 11393 11256
f 11256 11393 11391
f 11256 11391 11258
f 11258 11391 11389
f 11258 11389 11260
f 11260 11389 11387
f 11260 11387 11262
f 11262 11387 11385
f 11262 11385 11264
f 11264 11385 11383
f 11264 11383 11266
f 11266 11383 11381
f 11266 11381 11268
f 11268 11381 11379
f 11268 11379 11270
f 11270 11379 11377
f 11270 11377 11272
f 11272 11377 11426
f 11272 11426 11274
f 11274 11426 11425
f 11274 11425 11276
f 11276 11425 11423
f 11276 11423 11278
f 11278 11423 11421
f 11278 11421 11280
f 11280 11421 11338
f 11280 11338 11281
f 11194 11233 11300
f 11194 11300 11192
f 11192 11300 11302
f 11192 11302 11190
f 11190 11302 11304
f 11190 11304 11188
f 11188 11304 11306
f 11188 11306 11186
f 11186 11306 11309
f 11186 11309 11184
f 11184 11309 11311
f 11184 11311 11182
f 11182 11311 11313
f 11182 11313 11180
f 11180 11313 11315
f 11180 11315 11178
f 11178 11315 11317
f 11178 11317 11176
f 11176 11317 11319
f 11176 11319 11174
f 11174 11319 11321
f 11174 11321 11172
f 11172 11321 11323
f 11172 11323 11170
f 11170 11323 11325
f 11170 11325 11167
f 11167 11325 11327
f 11167 11327 11165
f 11165 11327 11329
f 11165 11329 11163
f 11163 11329 11331
f 11163 11331 11161
f 11161 11331 11216
f 11161 11216 11160
f 11215 11139 11140
f 11215 11140 11279
f 11279 11140 11142
f 11279 11142 11277
f 11277 11142 11144
f 11277 11144 11275
f 11275 11144 11096
f 11275 11096 11273
f 11273 11096 11098
f 11273 11098 11271
f 11271 11098 11100
f 11271 11100 11269
f 11269 11100 11102
f 11269 11102 11267
f 11267 11102 11104
f 11267 11104 11265
f 11265 11104 11106
f 11265 11106 11263
f 11263 11106 11108
f 11263 11108 11261
f 11261 11108 11110
f 11261 11110 11259
f 11259 11110 11112
f 11259 11112 11257
f 11257 11112 11114
f 11257 11114 11254
f 11254 11114 11116
f 11254 11116 11252
f 11252 11116 11118
f 11252 11118 11250
f 11250 11118 11120
f 11250 11120 11248
f 11248 11120 11122
f 11248 11122 11198
f 11095 11032 11031
f 11095 11031 11162
f 11162 11031 11029
f 11162 11029 11164
f 11164 11029 11027
f 11164 11027 11166
f 11166 11027 11025
f 11166 11025 11168
f 11168 11025 11023
f 11168 11023 11169
f 11169 11023 11021
f 11169 11021 11171
f 11171 11021 11019
f 11171 11019 11173
f 11173 11019 11017
f 11173 11017 11175
f 11175 11017 11015
f 11175 11015 11177
f 11177 11015 11013
f 11177 11013 11179
f 11179 11013 11011
f 11179 11011 11181
f 11181 11011 11009
f 11181 11009 11183
f 11183 11009 11007
f 11183 11007 11185
f 11185 11007 11057
f 11185 11057 11187
f 11187 11057 11056
f 11187 11056 11189
f 11189 11056 11054
f 11189 11054 11191
f 11191 11054 11052
f 11191 11052 11193
f 11193 11052 11050
f 11193 11050 11077
f 10921 11076 11121
f 10921 11121 10923
f 10923 11121 11119
f 10923 11119 10925
f 10925 11119 11117
f 10925 11117 10927
f 10927 11117 11115
f 10927 11115 10929
f 10929 11115 11113
f 10929 11113 10930
f 10930 11113 11111
f 10930 11111 10932
f 10932 11111 11109
f 10932 11109 10934
f 10934 11109 11107
f 10934 11107 10936
f 10936 11107 11105
f 10936 11105 10938
f 10938 11105 11103
f 10938 11103 10940
f 10940 11103 11101
f 10940 11101 10942
f 10942 11101 11099
f 10942 11099 10944
f 10944 11099 11097
f 10944 11097 10946
f 10946 11097 11146
f 10946 11146 10948
f 10948 11146 11145
f 10948 11145 10950
f 10950 11145 11143
f 10950 11143 10952
f 10952 11143 11141
f 10952 11141 10954
f 10954 11141 11058
f 10954 11058 10955
f 10977 10853 12463
f 12463 10853 10852
f 12463 10852 12464
f 12464 10852 10851
f 12464 10851 12465
f 12465 10851 10831
f 12465 10831 12466
f 12466 10831 10839
f 12466 10839 12467
f 12467 10839 10838
f 12467 10838 12468
f 12468 10838 10837
f 12468 10837 12469
f 12469 10837 10825
f 12469 10825 12470
f 12470 10825 10836
f 12470 10836 12471
f 12471 10836 10835
f 12471 10835 12472
f 12472 10835 10834
f 12472 10834 12473
f 12473 10834 10827
f 12473 10827 12474
f 12474 10827 10826
f 12474 10826 12475
f 12475 10826 10822
f 12475 10822 12476
f 12476 10822 10870
f 12476 10870 12477
f 12477 10870 10869
f 12477 10869 12478
f 12478 10869 10867
f 12478 10867 12479
f 12479 10867 10866
f 12479 10866 12480
f 12480 10866 10850
f 12480 10850 12481
f 12481 10850 10865
f 12481 10865 12482
f 12482 10865 10864
f 12482 10864 12483
f 12483 10864 10863
f 12483 10863 12484
f 12484 10863 10862
f 12484 10862 12485
f 12485 10862 10879
f 12485 10879 12486
f 12486 10879 10878
f 12486 10878 12487
f 12487 10878 10877
f 12487 10877 12488
f 12488 10877 10858
f 12488 10858 12489
f 12489 10858 10857
f 12489 10857 11005
f 11005 10857 10846
f 10791 10977 12490
f 12490 10977 12463
f 12490 12463 12491
f 12491 12463 12464
f 12491 12464 12492
f 12492 12464 12465
f 12492 12465 12493
f 12493 12465 12466
f 12493 12466 12494
f 12494 12466 12467
f 12494 12467 12495
f 12495 12467 12468
f 12495 12468 12496
f 12496 12468 12469
f 12496 12469 12497
f 12497 12469 12470
f 12497 12470 12498
f 12498 12470 12471
f 12498 12471 12499
f 12499 12471 12472
f 12499 12472 12500
f 12500 12472 12473
f 12500 12473 12501
f 12501 12473 12474
f 12501 12474 12502
f 12502 12474 12475
f 12502 12475 12503
f 12503 12475 12476
f 12503 12476 12504
f 12504 12476 12477
f 12504 12477 12505
f 12505 12477 12478
f 12505 12478 12506
f 12506 12478 12479
f 12506 12479 12507
f 12507 12479 12480
f 12507 12480 12508
f 12508 12480 12481
f 12508 12481 12509
f 12509 12481 12482
f 12509 12482 12510
f 12510 12482 12483
f 12510 12483 12511
f 12511 12483 12484
f 12511 12484 12512
f 12512 12484 12485
f 12512 12485 12513
f 12513 12485 12486
f 12513 12486 12514
f 12514 12486 12487
f 12514 12487 12515
f 12515 12487 12488
f 12515 12488 12516
f 12516 12488 12489
f 12516 12489 10819
f 10819 12489 11005
f 10976 10790 12517
f 10976 12518 12519
f 12520 12518 10976
f 12517 12520 10976
f 10976 12521 10784
f 12522 12521 10976
f 12519 12522 10976
f 10975 12523 12524
f 12525 12523 10975
f 10783 12525 10975
f 10975 12526 10777
f 12527 12526 10975
f 12524 12527 10975
f 10974 10776 12528
f 10974 12529 12530
f 12531 12529 10974
f 12528 12531 10974
f 10974 12532 10770
f 12533 12532 10974
f 12530 12533 10974
f 10973 12534 12535
f 12536 12534 10973
f 10769 12536 10973
f 10973 12537 10763
f 12538 12537 10973
f 12535 12538 10973
f 10972 12539 12540
f 12541 12539 10972
f 10762 12541 10972
f 10972 12542 10756
f 12543 12542 10972
f 12540 12543 10972
f 10971 12544 12545
f 12546 12544 10971
f 10755 12546 10971
f 10971 12547 10749
f 12548 12547 10971
f 12545 12548 10971
f 10713 10907 11051
f 10713 11051 10711
f 10711 11051 11053
f 10711 11053 10709
f 10709 11053 11055
f 10709 11055 10707
f 10707 11055 11006
f 10707 11006 10705
f 10705 11006 11008
f 10705 11008 10703
f 10703 11008 11010
f 10703 11010 10701
f 10701 11010 11012
f 10701 11012 10699
f 10699 11012 11014
f 10699 11014 10697
f 10697 11014 11016
f 10697 11016 10695
f 10695 11016 11018
f 10695 11018 10693
f 10693 11018 11020
f 10693 11020 10691
f 10691 11020 11022
f 10691 11022 10689
f 10689 11022 11024
f 10689 11024 10686
f 10686 11024 11026
f 10686 11026 10684
f 10684 11026 11028
f 10684 11028 10682
f 10682 11028 11030
f 10682 11030 10680
f 10680 11030 10890
f 10680 10890 10679
f 10819 10619 12516
f 12516 10619 10618
f 12516 10618 12515
f 12515 10618 10627
f 12515 10627 12514
f 12514 10627 10630
f 12514 10630 12513
f 12513 10630 10629
f 12513 10629 12512
f 12512 10629 10626
f 12512 10626 12511
f 12511 10626 10625
f 12511 10625 12510
f 12510 10625 10628
f 12510 10628 12509
f 12509 10628 10553
f 12509 10553 12508
f 12508 10553 10558
f 12508 10558 12507
f 12507 10558 10556
f 12507 10556 12506
f 12506 10556 10633
f 12506 10633 12505
f 12505 10633 10634
f 12505 10634 12504
f 12504 10634 10637
f 12504 10637 12503
f 12503 10637 10636
f 12503 10636 12502
f 12502 10636 10635
f 12502 10635 12501
f 12501 10635 10632
f 12501 10632 12500
f 12500 10632 10631
f 12500 10631 12499
f 12499 10631 10528
f 12499 10528 12498
f 12498 10528 10519
f 12498 10519 12497
f 12497 10519 10521
f 12497 10521 12496
f 12496 10521 10429
f 12496 10429 12495
f 12495 10429 10428
f 12495 10428 12494
f 12494 10428 10640
f 12494 10640 12493
f 12493 10640 10639
f 12493 10639 12492
f 12492 10639 10638
f 12492 10638 12491
f 12491 10638 10643
f 12491 10643 12490
f 12490 10643 10642
f 12490 10642 10791
f 10791 10642 10641
f 10790 10573 12517
f 12517 10573 10575
f 12517 10575 12520
f 12520 10575 10576
f 12520 10576 12518
f 12518 10576 10568
f 12518 10568 12519
f 12519 10568 10572
f 12519 10572 12522
f 12522 10572 10571
f 12522 10571 12521
f 12521 10571 10570
f 12521 10570 10784
f 10784 10570 10569
f 10783 10538 12525
f 12525 10538 10539
f 12525 10539 12523
f 12523 10539 10548
f 12523 10548 12524
f 12524 10548 10547
f 12524 10547 12527
f 12527 10547 10545
f 12527 10545 12526
f 12526 10545 10544
f 12526 10544 10777
f 10777 10544 10535
f 10776 10513 12528
f 12528 10513 10512
f 12528 10512 12531
f 12531 10512 10511
f 12531 10511 12529
f 12529 10511 10510
f 12529 10510 12530
f 12530 10510 10509
f 12530 10509 12533
f 12533 10509 10503
f 12533 10503 12532
f 12532 10503 10505
f 12532 10505 10770
f 10770 10505 10507
f 10769 10483 12536
f 12536 10483 10498
f 12536 10498 12534
f 12534 10498 10496
f 12534 10496 12535
f 12535 10496 10495
f 12535 10495 12538
f 12538 10495 10494
f 12538 10494 12537
f 12537 10494 10493
f 12537 10493 10763
f 10763 10493 10492
f 10762 10471 12541
f 12541 10471 10470
f 12541 10470 12539
f 12539 10470 10469
f 12539 10469 12540
f 12540 10469 10468
f 12540 10468 12543
f 12543 10468 10467
f 12543 10467 12542
f 12542 10467 10466
f 12542 10466 10756
f 10756 10466 10465
f 10755 10584 12546
f 12546 10584 10582
f 12546 10582 12544
f 12544 10582 10581
f 12544 10581 12545
f 12545 10581 10591
f 12545 10591 12548
f 12548 10591 10596
f 12548 10596 12547
f 12547 10596 10595
f 12547 10595 10749
f 10749 10595 10580
f 10748 10455 10966
f 10966 10455 10454
f 10966 10454 10967
f 10967 10454 10451
f 10967 10451 10968
f 10968 10451 10452
f 10968 10452 10969
f 10969 10452 10453
f 10969 10453 10970
f 10970 10453 10447
f 10970 10447 10742
f 10742 10447 10448
f 10741 10520 10964
f 10964 10520 10529
f 10964 10529 10963
f 10963 10529 10530
f 10963 10530 10962
f 10962 10530 10531
f 10962 10531 10960
f 10960 10531 10527
f 10960 10527 10961
f 10961 10527 10526
f 10961 10526 10965
f 10965 10526 10525
f 10965 10525 10735
f 10735 10525 10524
f 10734 10412 10413
f 10734 10413 10953
f 10953 10413 10415
f 10953 10415 10951
f 10951 10415 10417
f 10951 10417 10949
f 10949 10417 10369
f 10949 10369 10947
f 10947 10369 10371
f 10947 10371 10945
f 10945 10371 10373
f 10945 10373 10943
f 10943 10373 10375
f 10943 10375 10941
f 10941 10375 10377
f 10941 10377 10939
f 10939 10377 10379
f 10939 10379 10937
f 10937 10379 10381
f 10937 10381 10935
f 10935 10381 10383
f 10935 10383 10933
f 10933 10383 10385
f 10933 10385 10931
f 10931 10385 10387
f 10931 10387 10928
f 10928 10387 10389
f 10928 10389 10926
f 10926 10389 10391
f 10926 10391 10924
f 10924 10391 10393
f 10924 10393 10922
f 10922 10393 10395
f 10922 10395 10717
f 10662 10218 10829
f 10829 10218 12549
f 10829 12549 10830
f 10830 12549 12550
f 10830 12550 10823
f 10823 12550 12551
f 10823 12551 10824
f 10824 12551 12552
f 10824 12552 10828
f 10828 12552 12553
f 10828 12553 10820
f 10820 12553 12554
f 10820 12554 10821
f 10821 12554 12555
f 10821 12555 10868
f 10868 12555 12556
f 10868 12556 10848
f 10848 12556 12557
f 10848 12557 10849
f 10849 12557 12558
f 10849 12558 10860
f 10860 12558 12559
f 10860 12559 10861
f 10861 12559 12560
f 10861 12560 10859
f 10859 12560 12561
f 10859 12561 10847
f 10847 12561 12562
f 10847 12562 10647
f 10647 12562 10203
f 10294 10295 10712
f 10712 10295 10351
f 10294 10712 10090
f 10090 10712 10710
f 10090 10710 10091
f 10150 10132 10706
f 10706 10704 10150
f 10150 10704 10702
f 10150 10702 10142
f 10142 10702 10700
f 10142 10700 10141
f 10141 10700 10139
f 10139 10700 10698
f 10139 10698 10156
f 10182 9909 10694
f 10694 10692 10182
f 10182 10692 10690
f 10182 10690 10180
f 10180 10690 10688
f 10180 10688 10181
f 10181 10688 9924
f 9924 10688 10687
f 9924 10687 9925
f 10224 9988 10683
f 10683 10681 10224
f 10224 10681 10335
f 10224 10335 10223
f 9925 10687 10644
f 10644 10687 10685
f 10644 10685 10645
f 10645 10685 10683
f 10645 10683 10646
f 10646 10683 9988
f 10646 9988 9990
f 10156 10698 10422
f 10422 10698 10696
f 10422 10696 10423
f 10423 10696 10694
f 10423 10694 10425
f 10425 10694 9909
f 10425 9909 9908
f 10091 10710 10663
f 10663 10710 10708
f 10663 10708 10664
f 10664 10708 10706
f 10664 10706 10665
f 10665 10706 10132
f 10665 10132 10131
f 10084 10296 10085
f 10085 10296 10093
f 10034 10259 12563
f 12563 10259 10438
f 12563 10438 12564
f 12564 10438 10437
f 12564 10437 12565
f 12565 10437 10555
f 12565 10555 12566
f 12566 10555 10557
f 12566 10557 12567
f 12567 10557 10559
f 12567 10559 12568
f 12568 10559 10560
f 12568 10560 12569
f 12569 10560 10552
f 12569 10552 12570
f 12570 10552 10551
f 12570 10551 12571
f 12571 10551 10554
f 12571 10554 10036
f 10036 10554 10260
f 10256 10030 12572
f 10256 12572 10549
f 10549 12572 12573
f 10549 12573 10550
f 10550 12573 10343
f 10550 10343 10440
f 10009 10239 12574
f 12574 10239 10597
f 12574 10597 12575
f 12575 10597 10594
f 12575 10594 12576
f 12576 10594 10593
f 12576 10593 12577
f 12577 10593 10592
f 12577 10592 12578
f 12578 10592 10590
f 12578 10590 10013
f 10013 10590 10240
f 9999 10337 10232
f 10232 10337 10577
f 10220 9991 12579
f 10220 12579 10601
f 10601 12579 12580
f 10601 12580 10599
f 10599 12580 12581
f 10599 12581 10600
f 10600 12581 10012
f 10600 10012 10241
f 10218 9976 12549
f 12549 9976 9977
f 12549 9977 12550
f 12550 9977 9979
f 12550 9979 12551
f 12551 9979 9981
f 12551 9981 12552
f 12552 9981 9983
f 12552 9983 12553
f 12553 9983 9985
f 12553 9985 12554
f 12554 9985 9943
f 12554 9943 12555
f 12555 9943 9945
f 12555 9945 12556
f 12556 9945 9947
f 12556 9947 12557
f 12557 9947 9949
f 12557 9949 12558
f 12558 9949 9951
f 12558 9951 12559
f 12559 9951 9953
f 12559 9953 12560
f 12560 9953 9955
f 12560 9955 12561
f 12561 9955 9957
f 12561 9957 12562
f 12562 9957 9959
f 12562 9959 10203
f 10203 9959 9961
f 9938 10200 12582
f 12582 10200 10462
f 12582 10462 9942
f 9942 10462 10201
f 10179 9915 12583
f 10179 12583 10463
f 10463 12583 9941
f 10463 9941 10202
f 9869 10175 10394
f 9869 10394 9871
f 9871 10394 10392
f 9871 10392 9873
f 9873 10392 10390
f 9873 10390 9875
f 9875 10390 10388
f 9875 10388 9877
f 9877 10388 10386
f 9877 10386 9878
f 9878 10386 10384
f 9878 10384 9880
f 9880 10384 10382
f 9880 10382 9882
f 9882 10382 10380
f 9882 10380 9884
f 9884 10380 10378
f 9884 10378 9886
f 9886 10378 10376
f 9886 10376 9888
f 9888 10376 10374
f 9888 10374 9890
f 9890 10374 10372
f 9890 10372 9892
f 9892 10372 10370
f 9892 10370 9894
f 9894 10370 10419
f 9894 10419 9896
f 9896 10419 10418
f 9896 10418 9898
f 9898 10418 10416
f 9898 10416 9900
f 9900 10416 10414
f 9900 10414 9902
f 9902 10414 10157
f 9902 10157 9903
f 9777 10034 12563
f 9777 12563 9778
f 12563 12564 9778
f 9778 12564 12565
f 9778 12565 9779
f 12565 12566 9779
f 9779 12566 12567
f 9779 12567 9780
f 12567 12568 9780
f 9780 12568 12569
f 9780 12569 9781
f 10036 9782 12571
f 12571 9782 9781
f 12571 9781 12570
f 12570 9781 12569
f 10030 10029 10247
f 10030 10247 12572
f 12572 10247 10249
f 12572 10249 12573
f 12573 10249 10251
f 12573 10251 10343
f 9755 10009 12574
f 9755 12574 9754
f 12574 12575 9754
f 9754 12575 12576
f 9754 12576 9753
f 10013 9752 12578
f 12578 9752 9753
f 12578 9753 12577
f 12577 9753 12576
f 9998 10222 9999
f 9999 10222 10337
f 9748 9747 10000
f 10000 9747 9992
f 10000 9992 10001
f 10226 10227 12581
f 9751 10012 9750
f 9750 10012 12581
f 9750 12581 9993
f 9993 12581 10227
f 9993 10227 9994
f 12581 12580 10226
f 10226 12580 12579
f 10226 12579 10225
f 10225 12579 9991
f 10225 9991 9989
f 9728 9938 9729
f 9729 9938 12582
f 9729 12582 9714
f 9714 12582 9942
f 9711 9716 12583
f 12583 9716 9715
f 12583 9715 9941
f 9915 9914 12583
f 12583 9914 10183
f 9711 12583 9916
f 9916 12583 10183
f 9916 10183 9917
f 9850 12584 12585
f 12586 12584 9850
f 9685 12586 9850
f 9850 12587 9679
f 12588 12587 9850
f 12585 12588 9850
f 9844 12589 12590
f 12591 12589 9844
f 9671 12591 9844
f 9844 12592 9665
f 12593 12592 9844
f 12590 12593 9844
f 9838 12594 12595
f 12596 12594 9838
f 9657 12596 9838
f 9838 12597 9651
f 12598 12597 9838
f 12595 12598 9838
f 9832 12599 12600
f 12601 12599 9832
f 9643 12601 9832
f 9832 12602 9637
f 12603 12602 9832
f 12600 12603 9832
f 9831 12604 12605
f 12606 12604 9831
f 9636 12606 9831
f 9831 12607 9630
f 12608 12607 9831
f 12605 12608 9831
f 9820 12609 12610
f 12611 12609 9820
f 9615 12611 9820
f 9820 12612 9609
f 12613 12612 9820
f 12610 12613 9820
f 9746 9549 9978
f 9978 9549 9533
f 9978 9533 9980
f 9980 9533 9532
f 9980 9532 9982
f 9982 9532 9531
f 9982 9531 9984
f 9984 9531 9472
f 9984 9472 9986
f 9986 9472 9474
f 9986 9474 9987
f 9987 9474 9476
f 9987 9476 9944
f 9944 9476 9478
f 9944 9478 9946
f 9946 9478 9506
f 9946 9506 9948
f 9948 9506 9507
f 9948 9507 9950
f 9950 9507 9555
f 9950 9555 9952
f 9952 9555 9557
f 9952 9557 9954
f 9954 9557 9536
f 9954 9536 9956
f 9956 9536 9535
f 9956 9535 9958
f 9958 9535 9513
f 9958 9513 9960
f 9960 9513 9512
f 9960 9512 9730
f 9730 9512 9563
f 9710 9426 9427
f 9710 9427 9901
f 9901 9427 9429
f 9901 9429 9899
f 9899 9429 9431
f 9899 9431 9897
f 9897 9431 9383
f 9897 9383 9895
f 9895 9383 9385
f 9895 9385 9893
f 9893 9385 9387
f 9893 9387 9891
f 9891 9387 9389
f 9891 9389 9889
f 9889 9389 9391
f 9889 9391 9887
f 9887 9391 9393
f 9887 9393 9885
f 9885 9393 9395
f 9885 9395 9883
f 9883 9395 9397
f 9883 9397 9881
f 9881 9397 9399
f 9881 9399 9879
f 9879 9399 9401
f 9879 9401 9876
f 9876 9401 9403
f 9876 9403 9874
f 9874 9403 9405
f 9874 9405 9872
f 9872 9405 9407
f 9872 9407 9870
f 9870 9407 9409
f 9870 9409 9693
f 9692 9362 9855
f 9855 9362 9360
f 9855 9360 9854
f 9854 9360 9361
f 9854 9361 9853
f 9853 9361 9358
f 9853 9358 9851
f 9851 9358 9359
f 9851 9359 9852
f 9852 9359 9356
f 9852 9356 9686
f 9686 9356 9355
f 9685 9370 12586
f 12586 9370 9378
f 12586 9378 12584
f 12584 9378 9377
f 12584 9377 12585
f 12585 9377 9376
f 12585 9376 12588
f 12588 9376 9368
f 12588 9368 12587
f 12587 9368 9382
f 12587 9382 9679
f 9679 9382 9381
f 9678 9335 9845
f 9845 9335 9334
f 9845 9334 9849
f 9849 9334 9333
f 9849 9333 9848
f 9848 9333 9329
f 9848 9329 9846
f 9846 9329 9330
f 9846 9330 9847
f 9847 9330 9326
f 9847 9326 9672
f 9672 9326 9324
f 9671 9351 12591
f 12591 9351 9349
f 12591 9349 12589
f 12589 9349 9348
f 12589 9348 12590
f 12590 9348 9347
f 12590 9347 12593
f 12593 9347 9346
f 12593 9346 12592
f 12592 9346 9338
f 12592 9338 9665
f 9665 9338 9342
f 9664 9308 9839
f 9839 9308 9307
f 9839 9307 9843
f 9843 9307 9305
f 9843 9305 9842
f 9842 9305 9304
f 9842 9304 9840
f 9840 9304 9297
f 9840 9297 9841
f 9841 9297 9295
f 9841 9295 9658
f 9658 9295 9296
f 9657 9314 12596
f 12596 9314 9322
f 12596 9322 12594
f 12594 9322 9321
f 12594 9321 12595
f 12595 9321 9320
f 12595 9320 12598
f 12598 9320 9318
f 12598 9318 12597
f 12597 9318 9317
f 12597 9317 9651
f 9651 9317 9316
f 9650 9277 9833
f 9833 9277 9278
f 9833 9278 9834
f 9834 9278 9283
f 9834 9283 9837
f 9837 9283 9282
f 9837 9282 9836
f 9836 9282 9280
f 9836 9280 9835
f 9835 9280 9279
f 9835 9279 9644
f 9644 9279 9270
f 9643 9293 12601
f 12601 9293 9292
f 12601 9292 12599
f 12599 9292 9291
f 12599 9291 12600
f 12600 9291 9290
f 12600 9290 12603
f 12603 9290 9289
f 12603 9289 12602
f 12602 9289 9288
f 12602 9288 9637
f 9637 9288 9286
f 9636 9259 12606
f 12606 9259 9258
f 12606 9258 12604
f 12604 9258 9257
f 12604 9257 12605
f 12605 9257 9256
f 12605 9256 12608
f 12608 9256 9244
f 12608 9244 12607
f 12607 9244 9252
f 12607 9252 9630
f 9630 9252 9251
f 9629 9262 9826
f 9826 9262 9261
f 9826 9261 9830
f 9830 9261 9260
f 9830 9260 9829
f 9829 9260 9265
f 9829 9265 9827
f 9827 9265 9264
f 9827 9264 9828
f 9828 9264 9263
f 9828 9263 9623
f 9623 9263 9243
f 9622 9212 9821
f 9821 9212 9239
f 9821 9239 9825
f 9825 9239 9238
f 9825 9238 9824
f 9824 9238 9237
f 9824 9237 9822
f 9822 9237 9224
f 9822 9224 9823
f 9823 9224 9226
f 9823 9226 9616
f 9616 9226 9230
f 9615 9231 12611
f 12611 9231 9225
f 12611 9225 12609
f 12609 9225 9236
f 12609 9236 12610
f 12610 9236 9235
f 12610 9235 12613
f 12613 9235 9234
f 12613 9234 12612
f 12612 9234 9233
f 12612 9233 9609
f 9609 9233 9214
f 9540 9606 9542
f 9542 9606 10145
f 9542 10145 9544
f 9544 10145 10146
f 9544 10146 9545
f 9545 10146 10147
f 9545 10147 9546
f 9546 10147 10148
f 9546 10148 9464
f 9464 10148 10149
f 9464 10149 9465
f 9465 10149 9598
f 9550 9593 9551
f 9551 9593 9814
f 9551 9814 9534
f 9534 9814 9812
f 9534 9812 9471
f 9471 9812 9810
f 9471 9810 9496
f 9496 9810 9808
f 9496 9808 9495
f 9495 9808 9806
f 9495 9806 9166
f 9166 9806 9804
f 9166 9804 9167
f 9167 9804 9589
f 9167 9589 9168
f 9786 9171 9788
f 9788 9171 9173
f 9784 9191 9786
f 9786 9191 9169
f 9786 9169 9171
f 9582 9528 9784
f 9784 9528 9527
f 9784 9527 9191
f 9479 9588 9505
f 9505 9588 9794
f 9505 9794 9508
f 9508 9794 9792
f 9508 9792 9455
f 9455 9792 9790
f 9455 9790 9201
f 9201 9790 9788
f 9201 9788 9174
f 9174 9788 9173
f 9767 9769 9178
f 9771 9163 9769
f 9769 9163 9162
f 9769 9162 9178
f 9456 9581 9457
f 9457 9581 9765
f 9457 9765 9210
f 9210 9765 9767
f 9210 9767 9176
f 9176 9767 9178
f 9575 9554 9775
f 9775 9554 9553
f 9775 9553 9773
f 9773 9553 9552
f 9773 9552 9771
f 9771 9552 9458
f 9771 9458 9163
f 9179 9574 9180
f 9180 9574 9749
f 9180 9749 9181
f 9181 9749 9764
f 9566 9564 9757
f 9757 9564 9562
f 9757 9562 9759
f 9759 9562 9561
f 9759 9561 9761
f 9761 9561 9511
f 9761 9511 9763
f 9763 9511 9510
f 9763 9510 9764
f 9764 9510 9509
f 9764 9509 9181
f 9442 9441 9481
f 9481 9441 9718
f 9481 9718 9483
f 9483 9718 9720
f 9483 9720 9501
f 9501 9720 9722
f 9501 9722 9500
f 9500 9722 9724
f 9500 9724 9498
f 9498 9724 9726
f 9498 9726 9444
f 9444 9726 9445
f 9095 9350 9096
f 9096 9350 9097
f 9605 9460 9459
f 9440 9047 9435
f 9435 9047 9045
f 9435 9045 9437
f 9437 9045 9453
f 9032 9603 9034
f 9034 9603 9602
f 9034 9602 9605
f 9168 9590 9021
f 9021 9590 9519
f 9021 9519 9023
f 9486 9485 9050
f 9050 9485 9573
f 9050 9573 9179
f 9050 9052 9486
f 9486 9052 9054
f 9486 9054 9518
f 9518 9054 9056
f 9518 9056 9468
f 9468 9056 9049
f 9468 9049 9469
f 9469 9049 9047
f 9469 9047 9480
f 9480 9047 9440
f 9480 9440 9439
f 9605 9459 9034
f 9034 9459 9537
f 9034 9537 9036
f 9036 9537 9491
f 9036 9491 9038
f 9038 9491 9492
f 9038 9492 9041
f 9041 9492 9493
f 9041 9493 9043
f 9043 9493 9494
f 9043 9494 9045
f 9045 9494 9452
f 9045 9452 9453
f 9519 9521 9023
f 9023 9521 9523
f 9023 9523 9025
f 9025 9523 9524
f 9025 9524 9028
f 9028 9524 9463
f 9028 9463 9030
f 9030 9463 9462
f 9030 9462 9032
f 9032 9462 9467
f 9032 9467 9603
f 8980 9161 9408
f 8980 9408 8982
f 8982 9408 9406
f 8982 9406 8984
f 8984 9406 9404
f 8984 9404 8986
f 8986 9404 9402
f 8986 9402 8988
f 8988 9402 9400
f 8988 9400 8989
f 8989 9400 9398
f 8989 9398 8991
f 8991 9398 9396
f 8991 9396 8993
f 8993 9396 9394
f 8993 9394 8995
f 8995 9394 9392
f 8995 9392 8997
f 8997 9392 9390
f 8997 9390 8999
f 8999 9390 9388
f 8999 9388 9001
f 9001 9388 9386
f 9001 9386 9003
f 9003 9386 9384
f 9003 9384 9005
f 9005 9384 9433
f 9005 9433 9007
f 9007 9433 9432
f 9007 9432 9009
f 9009 9432 9430
f 9009 9430 9011
f 9011 9430 9428
f 9011 9428 9013
f 9013 9428 9143
f 9013 9143 9014
f 8916 9113 8914
f 8914 9113 9312
f 8914 9312 8915
f 8915 9312 9309
f 8915 9309 8917
f 8917 9309 9037
f 8891 9101 8892
f 8892 9101 9024
f 8966 9095 8868
f 8868 9095 9096
f 8912 9090 8913
f 8913 9090 9328
f 8913 9328 8932
f 8932 9328 9332
f 8932 9332 8933
f 8933 9332 9093
f 8888 9076 8943
f 8943 9076 9079
f 9089 8911 8934
f 8923 8922 9057
f 9057 8922 9204
f 9057 9204 9215
f 9215 9204 9206
f 9215 9206 9211
f 9211 9206 9208
f 9211 9208 9223
f 9223 9208 9175
f 9223 9175 9222
f 9222 9175 9177
f 9222 9177 9221
f 9221 9177 9193
f 9221 9193 9072
f 9072 9193 9195
f 9072 9195 8928
f 8928 9195 8930
f 8931 8930 9073
f 9073 8930 9195
f 9073 9195 9353
f 9353 9195 9197
f 9353 9197 9357
f 9357 9197 9199
f 9357 9199 9354
f 9354 9199 9172
f 9354 9172 9369
f 9369 9172 9170
f 9369 9170 9088
f 9088 9170 9188
f 9088 9188 8907
f 9021 9020 9183
f 9183 9020 9325
f 9183 9325 9184
f 9184 9325 9327
f 9184 9327 9186
f 9051 9050 9249
f 9249 9050 9182
f 9249 9182 9142
f 9142 9182 9204
f 9142 9204 8947
f 8947 9204 8922
f 9327 9089 9186
f 9186 9089 8934
f 9186 8934 9188
f 9188 8934 8909
f 9188 8909 8907
f 8753 8789 8787
f 8753 8787 8754
f 8754 8787 8785
f 8754 8785 8755
f 8755 8785 8783
f 8755 8783 8756
f 8756 8783 8781
f 8756 8781 8757
f 8757 8781 8779
f 8757 8779 8758
f 8758 8779 8777
f 8758 8777 8759
f 8759 8777 8775
f 8759 8775 8760
f 8760 8775 8773
f 8760 8773 8761
f 8761 8773 8771
f 8761 8771 8762
f 8762 8771 8770
f 8762 8770 8763
f 8730 8865 12614
f 8730 12614 8732
f 8732 12614 12615
f 8732 12615 8734
f 8734 12615 12616
f 8734 12616 8736
f 8736 12616 12617
f 8736 12617 8738
f 8738 12617 12618
f 8738 12618 8740
f 8740 12618 12619
f 8740 12619 8742
f 8742 12619 12620
f 8742 12620 8744
f 8744 12620 12621
f 8744 12621 8746
f 8746 12621 12622
f 8746 12622 8748
f 8748 12622 12623
f 8748 12623 8750
f 8750 12623 12624
f 8750 12624 8752
f 8752 12624 8789
f 8752 8789 8753
f 8864 8713 8714
f 8864 8714 9012
f 9012 8714 8716
f 9012 8716 9010
f 9010 8716 8718
f 9010 8718 9008
f 9008 8718 8670
f 9008 8670 9006
f 9006 8670 8672
f 9006 8672 9004
f 9004 8672 8674
f 9004 8674 9002
f 9002 8674 8676
f 9002 8676 9000
f 9000 8676 8678
f 9000 8678 8998
f 8998 8678 8680
f 8998 8680 8996
f 8996 8680 8682
f 8996 8682 8994
f 8994 8682 8684
f 8994 8684 8992
f 8992 8684 8686
f 8992 8686 8990
f 8990 8686 8688
f 8990 8688 8987
f 8987 8688 8690
f 8987 8690 8985
f 8985 8690 8692
f 8985 8692 8983
f 8983 8692 8694
f 8983 8694 8981
f 8981 8694 8696
f 8981 8696 8847
f 8846 8662 8939
f 8939 8662 8664
f 8939 8664 8955
f 8955 8664 8666
f 8955 8666 8956
f 8956 8666 8657
f 8956 8657 8958
f 8958 8657 8659
f 8958 8659 8960
f 8960 8659 8654
f 8960 8654 8940
f 8940 8654 8651
f 8940 8651 8941
f 8941 8651 8639
f 8941 8639 8961
f 8961 8639 8641
f 8961 8641 8962
f 8962 8641 8637
f 8962 8637 8836
f 8836 8637 8634
f 8633 8794 12625
f 12625 8794 8792
f 12625 8792 12626
f 12626 8792 8796
f 12626 8796 12627
f 12627 8796 8797
f 12627 8797 12628
f 12628 8797 8811
f 12628 8811 12629
f 12629 8811 8812
f 12629 8812 12630
f 12630 8812 8813
f 12630 8813 12631
f 12631 8813 8814
f 12631 8814 12632
f 12632 8814 8815
f 12632 8815 12633
f 12633 8815 8816
f 12633 8816 12634
f 12634 8816 8817
f 12634 8817 8622
f 8622 8817 8818
f 8831 8830 8809
f 8809 8830 12635
f 8809 12635 8810
f 8832 8835 8809
f 8809 8835 8834
f 8809 8834 8831
f 8832 8809 8833
f 8833 8809 8808
f 8833 8808 8865
f 8790 8789 12624
f 8790 12624 8820
f 8820 12624 12623
f 8820 12623 8822
f 8822 12623 12622
f 8822 12622 8824
f 8824 12622 12621
f 8824 12621 8826
f 8826 12621 12620
f 8826 12620 8828
f 8828 12620 12619
f 8828 12619 8829
f 8829 12619 12618
f 8829 12618 8799
f 8799 12618 12617
f 8799 12617 8801
f 8801 12617 12616
f 8801 12616 8803
f 8803 12616 12615
f 8803 12615 8805
f 8805 12615 12614
f 8805 12614 8807
f 8807 12614 8865
f 8807 8865 8808
f 8763 8770 8764
f 8764 8770 8769
f 8764 8769 8767
f 8559 8633 8529
f 8529 8633 12625
f 8529 12625 8531
f 8531 12625 12626
f 8531 12626 8533
f 8533 12626 12627
f 8533 12627 8535
f 8535 12627 12628
f 8535 12628 8537
f 8537 12628 12629
f 8537 12629 8539
f 8539 12629 12630
f 8539 12630 8541
f 8541 12630 12631
f 8541 12631 8543
f 8543 12631 12632
f 8543 12632 8545
f 8545 12632 12633
f 8545 12633 8547
f 8547 12633 12634
f 8547 12634 8548
f 8548 12634 8622
f 8487 8488 8723
f 8723 8488 8724
f 8621 8495 8506
f 8621 8506 8751
f 8751 8506 8508
f 8751 8508 8749
f 8749 8508 8510
f 8749 8510 8747
f 8747 8510 8512
f 8747 8512 8745
f 8745 8512 8514
f 8745 8514 8743
f 8743 8514 8516
f 8743 8516 8741
f 8741 8516 8518
f 8741 8518 8739
f 8739 8518 8520
f 8739 8520 8737
f 8737 8520 8522
f 8737 8522 8735
f 8735 8522 8524
f 8735 8524 8733
f 8733 8524 8526
f 8733 8526 8731
f 8731 8526 8487
f 8731 8487 8723
f 8724 8488 8489
f 8830 8725 12635
f 12635 8725 8724
f 8494 8611 8493
f 8493 8611 8795
f 8493 8795 8492
f 8492 8795 8791
f 8492 8791 8489
f 8489 8791 8793
f 8489 8793 8724
f 8724 8793 8810
f 8724 8810 12635
f 8440 8604 8695
f 8440 8695 8442
f 8442 8695 8693
f 8442 8693 8444
f 8444 8693 8691
f 8444 8691 8446
f 8446 8691 8689
f 8446 8689 8448
f 8448 8689 8687
f 8448 8687 8449
f 8449 8687 8685
f 8449 8685 8451
f 8451 8685 8683
f 8451 8683 8453
f 8453 8683 8681
f 8453 8681 8455
f 8455 8681 8679
f 8455 8679 8457
f 8457 8679 8677
f 8457 8677 8459
f 8459 8677 8675
f 8459 8675 8461
f 8461 8675 8673
f 8461 8673 8463
f 8463 8673 8671
f 8463 8671 8465
f 8465 8671 8720
f 8465 8720 8467
f 8467 8720 8719
f 8467 8719 8469
f 8469 8719 8717
f 8469 8717 8471
f 8471 8717 8715
f 8471 8715 8473
f 8473 8715 8586
f 8473 8586 8474
f 8577 8400 8663
f 8663 8400 12636
f 8663 12636 8665
f 8665 12636 12637
f 8665 12637 8667
f 8667 12637 12638
f 8667 12638 8668
f 8668 12638 12639
f 8668 12639 8669
f 8669 12639 12640
f 8669 12640 8658
f 8658 12640 12641
f 8658 12641 8660
f 8660 12641 12642
f 8660 12642 8661
f 8661 12642 12643
f 8661 12643 8655
f 8655 12643 12644
f 8655 12644 8656
f 8656 12644 12645
f 8656 12645 8652
f 8652 12645 12646
f 8652 12646 8653
f 8653 12646 12647
f 8653 12647 8640
f 8640 12647 12648
f 8640 12648 8642
f 8642 12648 12649
f 8642 12649 8643
f 8643 12649 12650
f 8643 12650 8638
f 8638 12650 12651
f 8638 12651 8560
f 8560 12651 8383
f 8365 12652 8366
f 8366 12652 8345
f 8366 8345 8367
f 8400 8143 12636
f 12636 8143 8144
f 12636 8144 12637
f 12637 8144 8146
f 12637 8146 12638
f 12638 8146 8148
f 12638 8148 12639
f 12639 8148 8150
f 12639 8150 12640
f 12640 8150 8152
f 12640 8152 12641
f 12641 8152 8154
f 12641 8154 12642
f 12642 8154 8156
f 12642 8156 12643
f 12643 8156 8158
f 12643 8158 12644
f 12644 8158 8160
f 12644 8160 12645
f 12645 8160 8162
f 12645 8162 12646
f 12646 8162 8164
f 12646 8164 12647
f 12647 8164 8166
f 12647 8166 12648
f 12648 8166 8168
f 12648 8168 12649
f 12649 8168 8170
f 12649 8170 12650
f 12650 8170 8172
f 12650 8172 12651
f 12651 8172 8174
f 12651 8174 8383
f 8383 8174 8176
f 8131 8382 8129
f 8129 8382 8528
f 8129 8528 8127
f 8127 8528 8530
f 8127 8530 8125
f 8125 8530 8532
f 8125 8532 8123
f 8123 8532 8534
f 8123 8534 8121
f 8121 8534 8536
f 8121 8536 8119
f 8119 8536 8538
f 8119 8538 8117
f 8117 8538 8540
f 8117 8540 8115
f 8115 8540 8542
f 8115 8542 8113
f 8113 8542 8544
f 8113 8544 8111
f 8111 8544 8546
f 8111 8546 8110
f 8110 8546 8371
f 7998 8483 8485
f 7996 8079 7997
f 7997 8079 8080
f 8068 8003 8067
f 8067 8003 8001
f 8067 8001 8066
f 8066 8001 7999
f 8066 7999 8082
f 8480 7997 8481
f 8481 7997 8080
f 8481 8080 8486
f 8486 8080 8081
f 8486 8081 8485
f 8485 8081 8082
f 8485 8082 7998
f 7998 8082 7999
f 7961 8085 7988
f 7988 8085 8086
f 7988 8086 8015
f 8015 8086 8087
f 8015 8087 8016
f 8016 8087 8088
f 8016 8088 8017
f 8017 8088 8089
f 8017 8089 8018
f 8018 8089 8090
f 8018 8090 8019
f 8019 8090 8091
f 7965 8053 7967
f 7967 8053 8054
f 7967 8054 7982
f 7982 8054 8055
f 7982 8055 7980
f 7980 8055 8056
f 7980 8056 7951
f 7951 8056 8057
f 7951 8057 7952
f 7952 8057 8058
f 8344 7952 8479
f 8479 7952 8058
f 8479 8058 8367
f 8367 8058 8059
f 8021 8358 8527
f 7968 7997 8480
f 8519 8480 8482
f 8519 8482 8521
f 8521 8482 8484
f 8521 8484 8483
f 8346 8345 8505
f 8505 8345 12652
f 8505 12652 8365
f 8480 8519 7968
f 7968 8519 8517
f 7968 8517 7969
f 7969 8517 8515
f 7969 8515 7971
f 7971 8515 8513
f 7971 8513 7972
f 7972 8513 8511
f 7972 8511 7973
f 7973 8511 8509
f 7973 8509 7975
f 7975 8509 8507
f 7975 8507 7976
f 7976 8507 8505
f 7976 8505 7977
f 7977 8505 8365
f 7977 8365 7979
f 8021 8527 8022
f 8022 8527 8525
f 8022 8525 8023
f 8023 8525 8523
f 8023 8523 8002
f 8002 8523 8521
f 8002 8521 8000
f 8000 8521 8483
f 8000 8483 7998
f 8343 7864 7902
f 8343 7902 8472
f 8472 7902 7904
f 8472 7904 8470
f 8470 7904 7906
f 8470 7906 8468
f 8468 7906 7908
f 8468 7908 8466
f 8466 7908 7910
f 8466 7910 8464
f 8464 7910 7912
f 8464 7912 8462
f 8462 7912 7914
f 8462 7914 8460
f 8460 7914 7916
f 8460 7916 8458
f 8458 7916 7918
f 8458 7918 8456
f 8456 7918 7920
f 8456 7920 8454
f 8454 7920 7922
f 8454 7922 8452
f 8452 7922 7924
f 8452 7924 8450
f 8450 7924 7926
f 8450 7926 8447
f 8447 7926 7928
f 8447 7928 8445
f 8445 7928 7930
f 8445 7930 8443
f 8443 7930 7932
f 8443 7932 8441
f 8441 7932 7898
f 8441 7898 8326
f 7942 7840 12653
f 12653 7840 12654
f 12653 12654 12655
f 12655 12654 12656
f 12655 12656 12657
f 12657 12656 12658
f 12657 12658 12659
f 12659 12658 12660
f 12659 12660 12661
f 12661 12660 12662
f 12661 12662 12663
f 12663 12662 12664
f 12663 12664 7937
f 7937 12664 7858
f 8197 7817 12665
f 12665 7817 12666
f 12665 12666 12667
f 12667 12666 12668
f 12667 12668 12669
f 12669 12668 12670
f 12669 12670 12671
f 12671 12670 12672
f 12671 12672 12673
f 12673 12672 12674
f 12673 12674 12675
f 12675 12674 12676
f 12675 12676 8192
f 8192 12676 7835
f 8189 7794 12677
f 12677 7794 12678
f 12677 12678 12679
f 12679 12678 12680
f 12679 12680 12681
f 12681 12680 12682
f 12681 12682 12683
f 12683 12682 12684
f 12683 12684 12685
f 12685 12684 12686
f 12685 12686 12687
f 12687 12686 12688
f 12687 12688 8184
f 8184 12688 7812
f 7950 7771 12689
f 12689 7771 12690
f 12689 12690 12691
f 12691 12690 12692
f 12691 12692 12693
f 12693 12692 12694
f 12693 12694 12695
f 12695 12694 12696
f 12695 12696 12697
f 12697 12696 12698
f 12697 12698 12699
f 12699 12698 12700
f 12699 12700 7945
f 7945 12700 7789
f 8325 7668 8417
f 8417 7668 7663
f 8417 7663 8426
f 8426 7663 7664
f 8426 7664 8419
f 8419 7664 7715
f 8419 7715 8418
f 8418 7715 7714
f 8418 7714 8424
f 8424 7714 7680
f 8424 7680 8319
f 8319 7680 7679
f 8318 7700 8404
f 8404 7700 7699
f 8404 7699 8403
f 8403 7699 7669
f 8403 7669 8401
f 8401 7669 7667
f 8401 7667 8405
f 8405 7667 7763
f 8405 7763 8406
f 8406 7763 7764
f 8406 7764 8312
f 8312 7764 7758
f 8311 7709 8425
f 8425 7709 7711
f 8425 7711 8420
f 8420 7711 7712
f 8420 7712 8421
f 8421 7712 7698
f 8421 7698 8422
f 8422 7698 7716
f 8422 7716 8423
f 8423 7716 7689
f 8423 7689 8305
f 8305 7689 7691
f 7693 7750 8296
f 8296 7750 8294
f 7617 7618 8197
f 12675 8192 7606
f 7617 8197 7616
f 7616 8197 12665
f 7616 12665 7615
f 7615 12665 12667
f 7615 12667 7614
f 12671 7611 12669
f 12669 7611 7612
f 12669 7612 12667
f 12667 7612 7613
f 12667 7613 7614
f 7606 7607 12675
f 12675 7607 7608
f 12675 7608 12673
f 12673 7608 7609
f 12673 7609 12671
f 12671 7609 7610
f 12671 7610 7611
f 12701 7584 8189
f 12687 8184 7596
f 12701 8189 12702
f 12702 8189 12677
f 12702 12677 12703
f 12703 12677 12679
f 12703 12679 12704
f 12683 12705 12681
f 12681 12705 12706
f 12681 12706 12679
f 12679 12706 12707
f 12679 12707 12704
f 7596 12708 12687
f 12687 12708 12709
f 12687 12709 12685
f 12685 12709 12710
f 12685 12710 12683
f 12683 12710 12711
f 12683 12711 12705
f 7462 7461 7950
f 12699 7945 7477
f 7462 7950 7463
f 7463 7950 12689
f 7463 12689 7447
f 7447 12689 12691
f 7447 12691 7448
f 12695 7472 12693
f 12693 7472 7471
f 12693 7471 12691
f 12691 7471 7449
f 12691 7449 7448
f 7477 7476 12699
f 12699 7476 7475
f 12699 7475 12697
f 12697 7475 7474
f 12697 7474 12695
f 12695 7474 7473
f 12695 7473 7472
f 7445 7444 7942
f 12663 7937 7428
f 7445 7942 7446
f 7446 7942 12653
f 7446 12653 7432
f 7432 12653 12655
f 7432 12655 7434
f 12659 7418 12657
f 12657 7418 7437
f 12657 7437 12655
f 12655 7437 7436
f 12655 7436 7434
f 7428 7426 12663
f 12663 7426 7424
f 12663 7424 12661
f 12661 7424 7422
f 12661 7422 12659
f 12659 7422 7420
f 12659 7420 7418
f 12664 12662 12452
f 7859 7858 12450
f 12450 7858 12664
f 12450 12664 12451
f 12451 12664 12452
f 12456 12455 12660
f 12660 12455 12454
f 12660 12454 12662
f 12662 12454 12453
f 12662 12453 12452
f 12456 12660 12457
f 12457 12660 12658
f 12457 12658 12458
f 12458 12658 12656
f 12458 12656 12459
f 12654 7840 7842
f 7842 12462 12654
f 12654 12462 12461
f 12654 12461 12656
f 12656 12461 12460
f 12656 12460 12459
f 12676 12674 12440
f 7836 7835 12438
f 12438 7835 12676
f 12438 12676 12439
f 12439 12676 12440
f 12444 12443 12672
f 12672 12443 12442
f 12672 12442 12674
f 12674 12442 12441
f 12674 12441 12440
f 12444 12672 12445
f 12445 12672 12670
f 12445 12670 12446
f 12446 12670 12668
f 12446 12668 12447
f 12666 7817 7819
f 7819 12437 12666
f 12666 12437 12449
f 12666 12449 12668
f 12668 12449 12448
f 12668 12448 12447
f 12688 12686 12183
f 7813 7812 12181
f 12181 7812 12688
f 12181 12688 12182
f 12182 12688 12183
f 12187 12186 12684
f 12684 12186 12185
f 12684 12185 12686
f 12686 12185 12184
f 12686 12184 12183
f 12187 12684 12188
f 12188 12684 12682
f 12188 12682 12177
f 12177 12682 12680
f 12177 12680 12176
f 12678 7794 7796
f 7796 12179 12678
f 12678 12179 12178
f 12678 12178 12680
f 12680 12178 12175
f 12680 12175 12176
f 12700 12698 12427
f 7790 7789 12425
f 12425 7789 12700
f 12425 12700 12426
f 12426 12700 12427
f 12431 12430 12696
f 12696 12430 12429
f 12696 12429 12698
f 12698 12429 12428
f 12698 12428 12427
f 12431 12696 12432
f 12432 12696 12694
f 12432 12694 12433
f 12433 12694 12692
f 12433 12692 12434
f 12690 7771 7773
f 7773 12424 12690
f 12690 12424 12436
f 12690 12436 12692
f 12692 12436 12435
f 12692 12435 12434
f 7596 7383 12712
f 7596 12712 12708
f 12708 12712 12713
f 12708 12713 12709
f 12709 12713 12714
f 12709 12714 12710
f 12710 12714 12715
f 12710 12715 12711
f 12711 12715 12716
f 12711 12716 12705
f 12705 12716 12717
f 12705 12717 12706
f 12706 12717 12707
f 12707 12717 12718
f 12707 12718 12704
f 12704 12718 12719
f 12704 12719 12703
f 12703 12719 12720
f 12703 12720 12702
f 12702 12720 12701
f 12701 12720 7368
f 12701 7368 7584
f 7580 7299 7985
f 7985 7299 7298
f 7985 7298 7577
f 7577 7298 7267
f 7333 7964 7966
f 7333 7966 7295
f 7295 7966 7573
f 7295 7573 7296
f 7332 7568 8013
f 7332 8013 7330
f 7330 8013 8011
f 7330 8011 7328
f 7328 8011 8010
f 7328 8010 7326
f 7326 8010 8025
f 7326 8025 7324
f 7324 8025 8026
f 7324 8026 7322
f 7322 8026 8031
f 7322 8031 7320
f 7320 8031 8030
f 7320 8030 7318
f 8044 7343 8045
f 8045 7343 7345
f 8045 7345 8046
f 8046 7345 7316
f 8046 7316 8047
f 8047 7316 7318
f 8047 7318 8048
f 8048 7318 8030
f 7954 7339 8044
f 8044 7339 7341
f 8044 7341 7343
f 7954 7956 7339
f 7339 7956 7958
f 7339 7958 7337
f 7337 7958 7962
f 7337 7962 7335
f 7335 7962 7964
f 7335 7964 7333
f 7558 7350 8145
f 8145 7350 7352
f 8145 7352 8147
f 8147 7352 7354
f 8147 7354 8149
f 8149 7354 7356
f 8149 7356 8151
f 8151 7356 7358
f 8151 7358 8153
f 8153 7358 7360
f 8153 7360 8155
f 8155 7360 7362
f 8155 7362 8157
f 8157 7362 7364
f 8157 7364 8159
f 8159 7364 7366
f 8159 7366 8161
f 8161 7366 7367
f 8161 7367 8163
f 8163 7367 7331
f 8163 7331 8165
f 8165 7331 7329
f 8165 7329 8167
f 8167 7329 7327
f 8167 7327 8169
f 8169 7327 7325
f 8169 7325 8171
f 8171 7325 7323
f 8171 7323 8173
f 8173 7323 7321
f 8173 7321 8175
f 8175 7321 7319
f 8175 7319 7541
f 7541 7319 7317
f 7540 7233 8112
f 8112 7233 7234
f 8112 7234 8114
f 8114 7234 7236
f 8114 7236 8116
f 8116 7236 7235
f 8116 7235 8118
f 8118 7235 7021
f 8118 7021 8120
f 8120 7021 7020
f 8120 7020 8122
f 8122 7020 7242
f 8122 7242 8124
f 7242 7241 8124
f 8124 7241 7240
f 8124 7240 8126
f 8126 7240 7239
f 8126 7239 8128
f 8128 7239 7247
f 8128 7247 8130
f 8130 7247 7246
f 8130 7246 7529
f 7529 7246 7244
f 7528 7217 7215
f 7528 7215 8093
f 8093 7215 7214
f 8093 7214 8095
f 8095 7214 7218
f 8095 7218 8097
f 8097 7218 7220
f 8097 7220 8099
f 8099 7220 7222
f 8099 7222 8084
f 8084 7222 7223
f 8084 7223 7522
f 7521 7203 7205
f 7521 7205 8070
f 8070 7205 7206
f 8070 7206 8072
f 8072 7206 7207
f 8072 7207 8074
f 8074 7207 7027
f 8074 7027 8076
f 8076 7027 7026
f 8076 7026 8078
f 8078 7026 7024
f 8078 7024 7515
f 7514 7030 7029
f 7514 7029 8061
f 8061 7029 7167
f 8061 7167 8063
f 8063 7167 7166
f 8063 7166 8065
f 8065 7166 7165
f 8065 7165 8050
f 8050 7165 7161
f 8050 7161 8052
f 8052 7161 7162
f 8052 7162 7508
f 7134 7269 7135
f 7135 7269 7268
f 7135 7268 7140
f 7140 7268 7274
f 7140 7274 7141
f 7141 7274 7276
f 7141 7276 7142
f 7142 7276 7264
f 7142 7264 7138
f 7138 7264 7263
f 7138 7263 7139
f 7139 7263 7266
f 7034 7286 7032
f 7032 7286 7284
f 7032 7284 7038
f 7038 7284 7305
f 7038 7305 7039
f 7039 7305 7304
f 7039 7304 7041
f 7041 7304 7303
f 7041 7303 7042
f 7042 7303 7302
f 7042 7302 7044
f 7044 7302 7301
f 7507 7111 8006
f 8006 7111 7110
f 8006 7110 8007
f 8007 7110 7109
f 8007 7109 8004
f 8004 7109 7099
f 8004 7099 8012
f 8012 7099 7098
f 8012 7098 8024
f 8024 7098 7108
f 8024 7108 7501
f 7501 7108 7107
f 7500 7199 8034
f 8034 7199 7198
f 8034 7198 8035
f 8035 7198 7196
f 8035 7196 8036
f 8036 7196 7195
f 8036 7195 8037
f 8037 7195 7194
f 8037 7194 8038
f 8038 7194 7193
f 8038 7193 7494
f 7494 7193 7191
f 7493 7182 8032
f 8032 7182 7181
f 8032 7181 8033
f 8033 7181 7179
f 8033 7179 8027
f 8027 7179 7178
f 8027 7178 8028
f 8028 7178 7177
f 8028 7177 8029
f 8029 7177 7176
f 8029 7176 7487
f 7487 7176 7174
f 7486 7069 8043
f 8043 7069 7072
f 8043 7072 8042
f 8042 7072 7073
f 8042 7073 8039
f 8039 7073 7075
f 8039 7075 8040
f 8040 7075 7074
f 8040 7074 8041
f 8041 7074 7087
f 8041 7087 7480
f 7480 7087 7085
f 7413 12721 12722
f 7413 12723 6991
f 12724 12723 7413
f 12722 12724 7413
f 7413 6915 6943
f 6904 6915 7413
f 6905 6904 7413
f 6945 12721 6943
f 6943 12721 7413
f 7412 12725 12726
f 7412 12727 7015
f 12728 12727 7412
f 12726 12728 7412
f 7412 6930 6938
f 6931 6930 7412
f 6939 6931 7412
f 6903 12725 6938
f 6938 12725 7412
f 7411 12729 12730
f 7411 12731 12732
f 12729 7411 7369
f 6950 6949 7411
f 7411 6949 6901
f 6908 6951 12732
f 12732 6951 7411
f 6950 7411 6951
f 12730 12731 7411
f 7410 12733 12734
f 7410 12735 12736
f 12733 7410 7385
f 6927 6926 7410
f 7410 6926 6924
f 6934 6933 12736
f 12736 6933 7410
f 6927 7410 6933
f 12734 12735 7410
f 6843 6934 12736
f 6844 6843 7623
f 6890 12737 6846
f 7403 6886 7619
f 7619 6886 6887
f 7619 6887 7630
f 7630 6887 6888
f 7630 6888 6889
f 7623 7625 6844
f 6844 7625 7627
f 6844 7627 6845
f 6845 7627 7629
f 6845 7629 6846
f 6846 7629 7630
f 6846 7630 6890
f 6890 7630 6889
f 7399 6841 12738
f 12738 6841 6846
f 12738 6846 12739
f 12739 6846 12737
f 6843 12736 7623
f 7623 12736 12735
f 7623 12735 7597
f 7597 12735 7598
f 7598 12735 12734
f 7598 12734 7601
f 7601 12734 12733
f 7601 12733 7603
f 7603 12733 7385
f 7603 7385 7384
f 6819 6908 12732
f 6819 12716 6820
f 6820 12716 12715
f 6820 12715 12714
f 7383 6824 12712
f 12712 6824 6823
f 12712 6823 12713
f 12713 6823 6822
f 12713 6822 12714
f 12714 6822 6821
f 12714 6821 6820
f 6819 12732 12716
f 12716 12732 12731
f 12716 12731 12717
f 12717 12731 12718
f 12718 12731 12730
f 12718 12730 12719
f 12719 12730 12729
f 12719 12729 12720
f 12720 12729 7369
f 12720 7369 7368
f 6902 7051 6936
f 6936 7051 7050
f 6936 7050 6946
f 6946 7050 7053
f 6946 7053 6947
f 6947 7053 7054
f 7054 7062 6947
f 6947 7062 7060
f 6947 7060 6948
f 6948 7060 7058
f 6948 7058 7056
f 7056 7055 6948
f 6948 7055 7064
f 6948 7064 6929
f 6929 7064 7063
f 7063 7070 6929
f 6929 7070 7068
f 6929 7068 6928
f 6928 7068 7067
f 6928 7067 6925
f 6925 7067 7077
f 6925 7077 6921
f 6921 7077 7079
f 6921 7079 6956
f 6956 7079 7081
f 6956 7081 6957
f 6957 7081 7090
f 6957 7090 7184
f 7184 7091 6957
f 6957 7091 7093
f 6957 7093 6964
f 7093 7095 6964
f 6964 7095 7104
f 6964 7104 6962
f 6962 7104 7106
f 6962 7106 6917
f 6917 7106 7112
f 6917 7112 6918
f 6918 7112 7114
f 6918 7114 6906
f 6906 7114 7115
f 6906 7115 6944
f 6944 7115 7118
f 6944 7118 6969
f 6969 7118 7117
f 6969 7117 6968
f 6968 7117 7116
f 6968 7116 6967
f 6967 7116 7120
f 6967 7120 6942
f 6942 7120 7125
f 7125 7124 6942
f 6942 7124 7122
f 6942 7122 6914
f 6914 7122 7260
f 7260 7132 6914
f 6914 7132 7131
f 6914 7131 6913
f 6913 7131 7129
f 6913 7129 6932
f 6932 7129 7127
f 6932 7127 6971
f 6971 7127 7126
f 6971 7126 6972
f 7126 7136 6972
f 6972 7136 7137
f 6972 7137 6796
f 6796 7137 7148
f 6796 7148 6797
f 7262 7157 7306
f 7306 7157 7156
f 7306 7156 7307
f 7307 7156 7155
f 12725 6903 6786
f 7016 7015 7460
f 7460 7015 12727
f 7460 12727 7458
f 7458 12727 12728
f 7452 7454 12728
f 12728 7454 7456
f 12728 7456 7458
f 6787 7468 6786
f 6786 7468 7450
f 6786 7450 12725
f 12725 7450 7452
f 12725 7452 12726
f 12726 7452 12728
f 6788 7464 6787
f 6787 7464 7466
f 6787 7466 7468
f 6899 12740 7464
f 6775 6895 6776
f 6776 6895 6896
f 6776 6896 6784
f 6784 6896 6897
f 6784 6897 6898
f 6788 6785 7464
f 7464 6785 6784
f 7464 6784 6899
f 6899 6784 6898
f 6999 6998 12741
f 12741 6998 7464
f 12741 7464 12742
f 12742 7464 12740
f 12721 6945 6753
f 6760 7435 6752
f 6752 7435 7417
f 6992 6991 7427
f 7427 6991 12723
f 7427 12723 7425
f 7425 12723 12724
f 7419 7421 12724
f 12724 7421 7423
f 12724 7423 7425
f 12724 12722 7419
f 7419 12722 12721
f 7419 12721 7417
f 7417 12721 6753
f 7417 6753 6752
f 6759 7431 6760
f 6760 7431 7433
f 6760 7433 7435
f 6759 6757 7431
f 7431 6757 6756
f 7431 6756 6974
f 12743 12744 7001
f 7001 12744 7003
f 7003 12744 12745
f 7003 12745 7004
f 7004 12745 6745
f 7004 6745 6891
f 12746 12740 12747
f 12747 12740 6899
f 12747 6899 6751
f 7001 6999 12743
f 12743 6999 12741
f 12743 12741 12746
f 12746 12741 12742
f 12746 12742 12740
f 12748 12749 7400
f 7400 12749 7401
f 7401 12749 12750
f 7401 12750 7402
f 7402 12750 6738
f 7402 6738 6882
f 12751 12737 12752
f 12752 12737 6890
f 12752 6890 6744
f 7400 7399 12748
f 12748 7399 12738
f 12748 12738 12751
f 12751 12738 12739
f 12751 12739 12737
f 6862 6640 6642
f 6996 6994 6960
f 6960 6994 6870
f 6960 6870 6961
f 6960 6959 6996
f 6996 6959 6958
f 6996 6958 6980
f 6980 6982 6996
f 6996 6982 6978
f 6996 6978 6755
f 6755 6978 6976
f 6755 6976 6756
f 6870 6862 6961
f 6961 6862 6642
f 6961 6642 6963
f 6963 6642 6644
f 6963 6644 6965
f 6965 6644 6646
f 6965 6646 6966
f 6966 6646 6648
f 6966 6648 6955
f 6955 6648 6650
f 6955 6650 6970
f 6970 6650 6651
f 6970 6651 6857
f 6857 6651 6630
f 6751 6655 12747
f 12747 6655 6657
f 12747 6657 12746
f 12746 6657 6659
f 12746 6659 12743
f 12743 6659 6661
f 12743 6661 12744
f 12744 6661 6680
f 12744 6680 12745
f 12745 6680 6679
f 12745 6679 6745
f 6745 6679 6623
f 6744 6681 12752
f 12752 6681 6683
f 12752 6683 12751
f 12751 6683 6684
f 12751 6684 12748
f 12748 6684 6692
f 12748 6692 12749
f 12749 6692 6629
f 12749 6629 12750
f 12750 6629 6627
f 12750 6627 6738
f 6738 6627 6625

